tracer_number,CO_max_error,CO_l2_error,C+_max_error,C+_l2_error,O+_max_error,O+_l2_error,O_max_error,O_l2_error,e-_max_error,e-_l2_error
0,0.5594979757466018,0.031869608281392,3.406368022033813e-05,1.934891939817134e-06,0.123596171545651,0.00927374467701,0.0001472123854452,6.59249475969966e-05,0.0004131191226112,0.0001751406739482
1,0.0021815094087591,0.0002780756201736,7.902387717236783,0.0055044923671224,7.843636497627997,0.0035968402137538,0.0055502727218618,0.0003761404290355,2.868433730872749,0.0053780611559579
2,0.016786304681642,0.0057504105550637,0.0025581458354253,0.001227259993536,0.292894415419315,0.0041654477272491,0.0003367328528835,0.00014369353481,0.002492608394141,0.0012127809733894
3,0.496247998667491,0.025554836682423,0.0419842601331592,0.0058352176669468,0.4045036230110693,0.0282563584507746,0.0001096545814981,3.732112988163882e-05,0.0404066901170162,0.0056712040824328
4,0.2640330855101935,0.00968406297085,0.1932621632847332,0.0090886284720501,0.3679925215979573,0.0409308428288548,0.0105996364339388,0.0028195712653143,0.1875654442383647,0.0090361235701497
5,0.1223580374472227,0.0098888774397161,0.0791065533875176,0.0097139278091113,0.7091455393021411,0.0370428444861535,0.0004163331954949,8.006176245386524e-05,0.0718448181855854,0.0095102000411795
6,0.1918741243171688,0.0362573495364642,0.0022649334233793,0.0003540241930437,0.4871014795101333,0.0140568560353487,3.4039927986455864e-05,7.09185096390937e-06,0.0021888399025439,0.0003506974533437
7,0.3961081249435106,0.0485482989610749,0.0004130131487516,3.890222969616387e-05,0.246273648428328,0.0093776205042839,5.517836532318948e-05,1.976110725307357e-05,0.0004586288833582,0.0001051579262718
8,0.0007353398337469,0.0003463755061726,0.0269381853583653,0.0036040145201954,0.0110586234371586,0.0029368655376144,0.0006039787523019,0.0004087485045192,0.0070801282508101,0.0017792349655529
9,0.3970781836885018,0.0523597839809009,0.0002128556578176,1.0320047781756344e-05,0.2612738170056136,0.005380321779552,3.855089101541956e-05,1.9929724412638005e-05,0.0003212867870272,9.556768117375178e-05
10,0.447419727609161,0.0075952227239633,0.1518041880618125,0.0082922067344307,0.266035944752184,0.0310982616880187,0.0033545612720715,0.0007879477394863,0.1224725000027818,0.0082605542482345
11,0.1674789805822534,0.0232724888144659,0.1204577282108497,0.0095428773972626,0.5638687403101023,0.0275268798375738,0.0004428302649539,0.0001395748133596,0.098160033689176,0.0092561519765959
12,0.0010742059530938,0.0002801208707687,1.3683734824311138,0.0053056332330549,1.363882477199519,0.0035505940931939,0.002964177153957,0.0003850965187948,0.6633318101159624,0.0046152197374537
13,0.0037287605612415,0.0034027909618335,0.1531767911029577,0.0130135859587424,0.1113175247086706,0.0213938023442428,0.0025323497667827,0.0018568768990929,0.0947326165321714,0.0110718426696777
14,0.2791197681404179,0.0385807184601757,0.0004065762303889,5.450167895125669e-05,0.3510315651272485,0.0129175853696075,6.887882116635369e-05,1.7430715191344743e-05,0.00038230402146,0.0001201569862004
15,0.4852636763758874,0.061153629871157,0.0064997241380618,0.0010450543534595,0.2929358202664713,0.0129714246635231,0.0001290220670321,2.9389622550584105e-05,0.0063405393543677,0.0010176551207407
16,0.3035770202801851,0.0054480460152289,0.0626595869760934,0.0105540172251827,0.6035410772647386,0.1510865364824783,0.0023411117522821,0.0004610626401883,0.0573038806658272,0.010509188485368
17,0.4512786300505157,0.0212316496796146,0.0002860459508172,6.355225780945307e-05,0.168289278051628,0.0212965579144082,7.120364975147853e-05,1.8225082003629045e-05,0.0003607845167333,0.0001205457426483
18,0.1629601048522224,0.0197901366907552,0.0045940339385713,0.0009411567040322,0.5269159696524334,0.0238013349648903,6.24184879849425e-05,1.6060643702301472e-05,0.0045333956410535,0.0009137639468202
19,0.103043899571701,0.0236357117714019,0.0013961999972798,0.0002645204147389,0.3430307865108024,0.0267414961528514,9.282856083405732e-05,1.8596688020048367e-05,0.0014195505359212,0.000274589819736
20,0.3388329853454684,0.0321282212558902,0.0475233692255979,0.0061786210750398,0.5601905892292397,0.0419089124077207,4.306450317842972e-05,2.2199685562919454e-05,0.0436942659341554,0.0060237774115055
21,0.0008438201962741,0.0005902261252599,0.0531728826343739,0.0119837285102882,0.0169166219882978,0.0039953293217748,0.0010032687987513,0.0006691241263797,0.015600496144311,0.0030151095811947
22,0.0007369554824927,0.0002776120048294,0.0802434574795619,0.0056557074757147,0.0774185585322281,0.0038843787440828,0.001194596203888,0.0003663010256589,0.0256720751349801,0.0023477528983375
23,0.1837794517364541,0.0253872581020412,0.0587365998460811,0.0080447658922385,0.6201407335712137,0.0349407904161089,0.0004038524272991,8.677482215574513e-05,0.0530863394328422,0.0077413424704883
24,0.3029227026310422,0.0482219839152829,0.0001490609257005,3.515172148815449e-05,0.3786579869563874,0.0111928999161442,0.0001186662138243,2.8965179899334627e-05,0.0003251785888459,0.0001092889185378
25,0.4170224853747368,0.0250259736467102,0.0102814371456229,0.0022455452687168,0.3143791064904077,0.0398377644824075,7.052765093990205e-05,1.67065467080843e-05,0.0101045460609782,0.0022006877339696
26,0.5058247151831918,0.0359714185131161,0.0001385463630691,2.368549730873049e-05,0.1517571732610159,0.0219002786923484,0.0002314106692136,4.452248536369428e-05,0.0004843455117654,0.0001386942583742
27,0.4861090568830744,0.0393312416706568,0.0169237781592309,0.0035278149838632,0.3112266876693885,0.0241375794095228,0.0001052811964709,2.0227743027319696e-05,0.0166209292235819,0.0034488242329001
28,0.0759789818083732,0.0070471512470753,0.0145636562443859,0.0038101886401252,0.4013079862503599,0.0133229327250105,0.0008711586307729,0.0001839902569428,0.0142679802164147,0.0037217474537455
29,0.0017115317255202,0.0002847968374977,6.266901648397292,0.0053398605336668,6.25570949613296,0.0033862535771988,0.0044745422201541,0.0003901823009129,2.4033525602035897,0.0042655054077632
30,0.3025869483279984,0.0794916828333196,0.0006596583368005,3.122372360338919e-05,0.5597912793614963,0.0040526660828951,4.852991859439792e-05,1.686616334346308e-05,0.0006615156504288,6.386062429228508e-05
31,0.1815753799552842,0.0071329020513362,0.1060447116181306,0.0103615959374732,0.3410110222004466,0.09988037721821,0.0022106714228984,0.0006207015134477,0.1015746773615684,0.0103243717653453
32,0.5256481945521847,0.0626158684090876,0.0018141203094497,0.0002375045700105,0.2420177474648334,0.0113616881520991,0.0001187520862295,3.338087979644212e-05,0.0016885695679559,0.0002594424929265
33,0.2238219662024806,0.0116482425671094,0.1244297069785036,0.0101645710449834,0.2551878861202603,0.0335106054108962,0.0079737675534256,0.0016862204077993,0.1197001061685393,0.0101140582509246
34,0.5000979621994717,0.0359581714673773,0.0062708281177235,0.0011056859497782,0.2168357124354287,0.0239648791352258,9.500186696725808e-05,2.425962883525678e-05,0.0061531616828322,0.0010891092825973
35,0.1666891171958604,0.0075474902670344,0.2102234740909143,0.0137119200923333,0.1998105209279571,0.1057992817383341,0.0123657354137987,0.0034995645662348,0.1814561794567219,0.0136623159084225
36,0.5066478158591353,0.0355178592886209,0.0072546217008043,0.0012612861654252,0.2803305247827128,0.0245738187966083,5.658833747948936e-05,1.0489985990145528e-05,0.0069754778879319,0.0012187561627695
37,0.5417153851196492,0.0366841335466915,0.0011088159888143,0.0001544800406804,0.1302169717013276,0.0147328221481631,0.0001934282006328,5.504800688769497e-05,0.0011889914852778,0.0002347857741523
38,0.0007368477056837,0.0002925271312058,0.144642084470081,0.005807338777301,0.1417131547981178,0.0043355901126047,0.0012366754035613,0.0003874660998994,0.0453561694321723,0.0026931943444011
39,0.1567864898033215,0.0064192101319927,0.0480889429125308,0.0062965888665453,0.605765707557198,0.0367751027055801,0.0001640197473759,4.035908031032115e-05,0.0438919031305383,0.0061760073862206
40,0.0199583722353297,0.0028494259798112,0.0142895067504082,0.0020064890861844,0.3244900235586837,0.0128539733593202,0.0001556988704904,6.619992714727083e-05,0.0139873060610285,0.0020251724777382
41,0.428739213405207,0.031230197905396,0.0007331241595959,0.0001113977770728,0.1938149381795341,0.0131555383239752,5.90265199345644e-05,1.6539420883572815e-05,0.0006390576227222,0.0001406226785043
42,0.4971117102258601,0.0325720217051741,8.534096189129594e-05,4.997572415533968e-06,0.1605222750170537,0.0086324565566867,0.0001057298743208,2.5564918591382404e-05,0.000236263183322,9.793964982198904e-05
43,0.1655827578475971,0.0215158734868881,0.0402997485668602,0.0056355799800569,0.5262146005718038,0.0126162362158598,0.000228798898619,7.759983668144605e-05,0.0380420183597612,0.0054582430807649
44,0.1935191323773702,0.0052714580920509,0.0245185926871102,0.0039443012673864,0.5203092590036225,0.0966429540863877,0.0002299093836667,4.450929678142291e-05,0.0236376456045683,0.0038712427187197
45,0.1664959795466179,0.0106896805145684,0.0335174662333502,0.0057349459291173,0.4636105751590362,0.0583228466458595,0.0006023733270116,0.0001241059946832,0.0320949255380972,0.005611141077434
46,0.5221136428156448,0.108999098453812,0.0001507855206368,1.6981189982875005e-05,0.140127820529793,0.0065106481235883,0.0001050210461669,3.3090670341553096e-05,0.0002710741855656,0.0001186094096589
47,0.1696616361689202,0.0531941272999008,0.0208996134788397,0.0025170810304596,0.4514730082127467,0.0143159467744216,4.107237956697793e-05,7.671806696135176e-06,0.0205326255086807,0.0024575602726472
48,0.250172270637601,0.0281298945295481,0.003871086537293,0.000939756054597,0.469647247156632,0.0209580467244455,4.160385251130324e-05,6.602629668390583e-06,0.0038065667460576,0.0009201277225858
49,0.0205579063946313,0.0023525949966746,0.0177094052248734,0.0025346157666226,0.3795926633699938,0.0170594988969315,0.0001435037080553,5.334935242567985e-05,0.0173226180339912,0.0025531945205658
50,0.0018799083917557,0.000284707858187,5.898230762802595,0.0054872132327782,5.872735561837045,0.0034741809724795,0.0048743032540945,0.0003870472446966,2.318958239397939,0.0045200127642218
51,0.1975581852245616,0.0182305760553941,0.1101660760748681,0.0062364187427147,0.5240600228917295,0.020571559562676,0.0003242729169787,0.0001169789697332,0.1019916209071952,0.00605866586741
52,0.0790400197344301,0.0063024584237674,0.0487220564567187,0.005381158936243,0.5755246281684235,0.0327362061960973,6.626766760513116e-05,2.318141073428865e-05,0.0450262731513607,0.005261354314862
53,0.4774546358356989,0.0611838045373186,0.0014460346698244,0.0001645193181556,0.1623269913736481,0.0130276967891349,8.727153312526122e-05,1.998422779468979e-05,0.0014280226869715,0.0001957285535549
54,0.1824426299616014,0.0099026669415066,0.4192603325705143,0.0087013912018146,0.1575732131322578,0.0303716178545461,0.0126174061433438,0.0031469498633879,0.1550447094941538,0.0086707767211679
55,0.2074163444783341,0.0058757723567502,0.0766239360383297,0.0091209914133792,0.6459302729509333,0.1534017709794425,0.0005800526294407,0.0001064475733755,0.0690671029033891,0.0089723125486479
56,0.1703364453800532,0.0315018895599368,0.0011920500903977,0.0002165830013747,0.5097246165037582,0.0241560614563732,3.678410238279846e-05,9.985919902451242e-06,0.0011757383571429,0.0002369297666769
57,0.4385992835728468,0.0388904939560166,0.000129783350886,9.919892601194233e-06,0.1885202004982079,0.0114613480327944,5.954249749137847e-05,1.83258188120414e-05,0.0002902000931143,9.464518261525014e-05
58,0.403254405757365,0.0229775002567469,0.0001947745232123,4.437839185723639e-05,0.2488194348335236,0.0173637756963741,4.596351368136222e-05,9.846879807908051e-06,0.0002708002510683,8.259411724160823e-05
59,0.2875858052778628,0.0151053914614898,0.0007804802230407,0.0001301382238169,0.4741638450190429,0.0156542103731005,2.779201316797837e-05,6.808124786618611e-06,0.0007393709161966,0.0001240436417028
60,0.2247446672076388,0.0049126126269945,0.106538772392286,0.0071691347100172,0.2747585806255564,0.0622626438192239,0.0020008410461575,0.0004891399381046,0.1022123913876428,0.0071387095905482
61,0.2386105892304849,0.011773215742179,0.1676258526869878,0.0098296727405064,0.2588216064780399,0.0315929913393169,0.0126831161674993,0.0031411395045253,0.1508228653890453,0.0097711320449807
62,0.0016348382620734,0.0002784286679535,3.705259024026007,0.0054496079217552,3.694290135103093,0.0034275740645712,0.004292298679662,0.0003801701173932,1.581791276649681,0.0043944611201892
63,0.3610891117901839,0.015765949522293,0.0085150969613952,0.0011452264302688,0.3032050529677035,0.024222530760253,6.091799946080215e-05,1.8224714186096496e-05,0.0084160195263747,0.0011425683630714
64,0.0017192097081802,0.0002732977454661,3.963333984584491,0.0054657691509522,3.9494534980798006,0.0034304899261602,0.0044864673939552,0.0003725681658775,1.665957957298117,0.0044570049653464
65,0.0037169473196533,0.0035181493176007,0.2315039271176546,0.0193088861248873,0.0959848302327586,0.0213521297087369,0.0027531760406529,0.0020610497356672,0.0652016742705725,0.0156433123290568
66,0.4428698603866509,0.0421755447407257,0.0001174704110523,6.5514754976145625e-06,0.1702865439400486,0.0044943131660471,6.7585945931948e-05,1.6308023089142256e-05,0.0002568745631779,8.049062957072414e-05
67,0.5602160562248238,0.0490759366649661,0.0031030362182359,0.0003440418557894,0.1933286914016233,0.0261808931411674,8.128919709137389e-05,1.6501111080640854e-05,0.0030505108170875,0.000353986301982
68,0.1646536356227662,0.009407840852481,0.0037189746905823,0.0009959173119054,0.4781514567517498,0.0255448075756637,0.0001670395437675,2.410073135476547e-05,0.0037130417177214,0.0009768234674704
69,0.1301564139310446,0.0208087611264464,0.0258639941025169,0.0051140884291004,0.4232386951843049,0.027408634150046,0.001017359304145,0.0002958832766244,0.0244491677444466,0.0049706765257505
70,0.0007689235226187,0.0001233329863778,0.0295129797766329,0.0037467097303599,0.0172221623914018,0.0022180562745086,0.0006543313421507,0.0001518124856066,0.0092885776302089,0.0015405565496394
71,0.27496145644613,0.02650766007815,0.0798414701219587,0.0088692839278862,0.6278918630435996,0.0348003966523409,0.001691653440934,0.0001669900807289,0.0736864208792597,0.0086011618262226
72,0.4003206816871578,0.0280475400214518,0.0007410931761358,0.0001292940260061,0.2260461069604485,0.016982054011175,5.69318064784954e-05,1.5165101905019463e-05,0.0007954028772675,0.0001610104385676
73,0.1176822369454604,0.0130450029303827,0.0581827308977094,0.0078954037886042,0.4720864462589511,0.0461143822954781,0.0004491517336401,9.39732685809476e-05,0.053771544825357,0.0076831899865062
74,0.1693394185627749,0.0090303698455881,0.2139836211600485,0.0074971828629526,0.3389960449293518,0.0332459577652692,0.0269147614458473,0.0027485504349915,0.1876251580320247,0.0074571192725991
75,0.4971333744049814,0.0789138559029006,0.0002117240368345,2.3207440922737703e-05,0.1511537498674988,0.0083147690245809,0.0001080902503331,2.653903006914955e-05,0.000332936427825,0.0001137501036948
76,0.1106487269834713,0.0235250949341699,0.0096731001580506,0.0019001420921938,0.5091940319026292,0.0281310477512099,0.0001051751609083,1.6623745340346943e-05,0.009523144563186,0.0018597854924931
77,0.486946473998086,0.0296153319006668,0.0031668654354953,0.0005998496425155,0.1877983767177333,0.0288843260635035,0.0001053082719661,2.3223325623268808e-05,0.0029457324891491,0.0005710592652664
78,0.0020213201991402,0.001352942085702,0.0246052882816842,0.0072800087944431,0.0257322319500742,0.0081862000460832,0.0017124964256058,0.0013200332405177,0.0130230365709258,0.0043668779156427
79,0.1637485511122709,0.0087202514241102,0.1717717816053231,0.0083865971502478,0.1613208583408177,0.0363636640446167,0.0054680863492059,0.0016583707529578,0.1229206627854514,0.0083601340104048
80,0.5462365511678624,0.0581530008387434,0.001455215530339,0.0001770289879921,0.1369341664505886,0.0158135285266422,0.000143463201694,4.324177193800497e-05,0.001489939566489,0.0002419583988886
81,0.5344041276214957,0.0600119587270031,0.0006022158183954,5.903373217624766e-05,0.1325966995342422,0.0126078690339563,0.000178447736635,4.853495683676504e-05,0.0006285892827112,0.0001633382742998
82,0.3590023171289581,0.0425382127511767,0.0361793158301063,0.005101250275806,0.4114178875553225,0.041022788066968,2.995467743489554e-05,9.490314495709362e-06,0.0351120006250981,0.0049912250255345
83,0.1863820203719096,0.0063351288814574,0.2364901277933334,0.055232161210479,0.1262241330306628,0.0579936212323819,0.0269524948315332,0.0047291682949486,0.1359757941745405,0.0547707751942111
84,0.5653751488791263,0.0467372824028431,0.0008382432915451,0.0001363871628053,0.1463317674993963,0.0199221683138234,0.0001606710486686,4.479508030364644e-05,0.0008656926584478,0.0002079174272864
85,0.2920421913450653,0.037791554098561,0.038454972404336,0.0055009514181514,0.5493854785070678,0.0301704197167653,4.902231066440499e-05,2.144515886308705e-05,0.0369480375632626,0.0053498912370015
86,0.1217561557928187,0.0080334306469831,0.1203118987723652,0.0093166891544076,0.2969472747956165,0.0583590974143625,0.0039228998618529,0.000840147422917,0.1166679580488935,0.0092724988084139
87,0.2554968483780986,0.0297456042832018,0.0047528742312678,0.0007391083173839,0.5246853480487912,0.0228287218495292,6.126883555947051e-05,1.0690252754671896e-05,0.0046422356834816,0.0007013889502996
88,0.0944262114782854,0.0119759480464534,0.0476484817309927,0.0049825272589004,0.3982767506495086,0.0172171859411405,0.0008331928366547,0.0001579428830313,0.0459447689701325,0.0048885461954975
89,0.2860583025320075,0.0072837442071772,0.1319014919454203,0.040222436615352,0.149470367596833,0.0638661272006113,0.0249991858406315,0.0040706541917474,0.1092376531096506,0.0400722490526255
90,0.3846598766174862,0.048789736446666,0.0002046951707616,1.6215469949814577e-05,0.2583532761348253,0.0121256943444946,7.132093359289547e-05,1.7240463345598178e-05,0.0002749214730784,7.40656106091176e-05
91,0.0007550823726942,0.0002355939382968,0.0281556220540904,0.0044429932642168,0.010306549493329,0.0017568486964359,0.0008768513274724,0.000299165648912,0.0074435685515734,0.000865436329248
92,0.2403401863260029,0.0440073368562673,0.0442294013656354,0.0032117059831472,0.6475148921476528,0.0153183263927629,1.1457198614467248e-05,2.866810111459816e-06,0.0434355303700047,0.0031518171149386
93,0.0007234697153047,0.0002893002002243,0.5009016647002457,0.0054009738602298,0.4977144162826211,0.0036984421773246,0.0021033111376237,0.0003942657359069,0.260261431866931,0.0041777482293318
94,0.1846071653139114,0.0087547129492787,0.0278039962572868,0.0048843912886324,0.4928425631550026,0.0826978444825869,0.0003210136484555,6.235678137518065e-05,0.0268163646841345,0.0047809046131697
95,0.0382746789458326,0.0072093085835634,0.0038869658708677,0.0013537421270767,0.4043401798566021,0.0084735735229057,0.001144783626284,0.0001443559289088,0.0039289560605109,0.00137320466007
96,0.2324230313388804,0.006511827194941,0.2062661169697469,0.0101234960167196,0.2194041492113719,0.1213642024306668,0.0090912100641578,0.0025754157904011,0.1630801270360163,0.0100841815787404
97,0.2243223715765663,0.0120016723412323,0.0300361927640549,0.0045513046357112,0.3476252841610092,0.1239619989068505,0.000536807994995,0.0001311564914381,0.0293888514621957,0.0044900386549024
98,0.4709746922571453,0.050614745173623,0.0076078674966221,0.0017477603560598,0.3501187062104915,0.0240354822908453,4.33869785400352e-05,9.6269661301856e-06,0.0075131013773039,0.0016969944463452
99,0.1811970249370675,0.0098566572656494,0.213019115751666,0.0135241218268482,0.2488757188710673,0.0878263114265965,0.020963590702649,0.0041517182033595,0.1343450298410318,0.0134539606724881
100,0.4795640396997234,0.088259423171261,0.0015528226874182,0.0001179780023955,0.1858679300914714,0.0114181743206738,7.943835250500624e-05,2.0326515006698483e-05,0.001573521361258,0.0001628859786335
101,0.1446939780010547,0.0069727275847836,0.3677801436761512,0.0578926996737298,0.1602532671637866,0.0770730037787865,0.0270370168416119,0.003988039442687,0.3152896710350748,0.0576917519037442
102,0.4006379761320308,0.0328060103791963,0.0027755860518088,0.0004340116564876,0.2400366890043307,0.0205410816504226,5.0316137557794254e-05,1.035744870049531e-05,0.0028303456614275,0.0004332073618281
103,0.2443220154641143,0.011899383036471,0.2428388053065771,0.0197573129735042,0.3539769435027718,0.0958417725730394,0.0262619102542992,0.0047743162620884,0.222226261873398,0.0196588892011694
104,0.4662403769272418,0.0457553989505318,0.0004333038906192,5.6075914838327e-05,0.1589357554351351,0.0123390510881424,9.18744442736418e-05,2.8902358457453704e-05,0.0005165115311301,0.0001163223352439
105,0.2806514271452326,0.0118522269291084,0.2031182273414956,0.0120194568732013,0.4487112622331363,0.027986036197268,0.0161316253080903,0.0037475427300044,0.1705096210670938,0.0119410156916721
106,0.3604227097260339,0.0071933129918658,0.2521772980004048,0.0105691334501363,0.3064315866349487,0.1613724897696677,0.0110710541314764,0.0030050601359996,0.2407229816415527,0.0105325314257143
107,0.0037990415726457,0.0033324580062483,0.2011406598825459,0.0216115758388651,0.079766586593033,0.0220970542450388,0.0030354189018499,0.0021029602592891,0.1667529232756034,0.0174840171819676
108,0.1399706573352307,0.0199752839835221,0.0050633125068242,0.0009733910307452,0.6039581851789403,0.0219374282184683,0.0001067483334994,2.257135245837873e-05,0.0050845726732389,0.0009555360261531
109,0.3598124497867362,0.0106425128861305,0.3529702141627465,0.023247683882846,0.1595055159397236,0.0712193287085263,0.022081410568981,0.0048093769090251,0.2123507359194958,0.023205518543374
110,0.1463220617750062,0.0070079124354664,0.1212138625708839,0.0132862728302785,0.13762241246293,0.06583324454425,0.0110116215409495,0.0037798358487439,0.1062931166899678,0.0132604557676736
111,0.0015169855795048,0.000267591166143,2.9315020688522946,0.0053710818484761,2.923843277496056,0.0033788565729938,0.0040091772237523,0.0003661284948318,1.288179399931531,0.0042508087072281
112,0.1877855462026081,0.008893780681904,0.2117827689976821,0.008593130491458,0.1937875804875885,0.0383383657595935,0.0114650409650806,0.0030273108902288,0.1823728653170176,0.0085725277228899
113,0.5000999397913469,0.0228273398275602,8.190031029531134e-05,5.4697065285289e-06,0.1565180992814799,0.0108651063635722,0.000103268701933,2.3979550946427608e-05,0.0003105862217365,9.844923336400604e-05
114,0.0008365879284533,0.0005932939617114,0.0274172612975896,0.0046560043543035,0.0216611152399235,0.005021256317594,0.0009487214418851,0.0006745797764747,0.0137769678205003,0.003025645081008
115,0.4156020122598582,0.0395936727224031,0.0013901486310372,0.0001803065775435,0.2262449820787253,0.0226659733128983,4.266897259977406e-05,1.0067612517853709e-05,0.0014032080979918,0.0002058733365339
116,0.1430600331048742,0.0369063790393786,0.0133658483937969,0.0024461785405565,0.5845623193842109,0.0150592574211866,1.4617626394762302e-05,4.212874381096005e-06,0.0131076709438561,0.0023823897499729
117,0.1327676224977574,0.0064498960340207,0.1592648340983446,0.0210147372364873,0.1065322891966331,0.0463069203583601,0.0136109225175128,0.0035108679603076,0.119997132380066,0.0209723226735993
118,0.1567583355911621,0.0172244344881108,0.0417693671460618,0.0056000015754564,0.5163473979920177,0.0259478384630534,0.0003208003405247,6.643424866042894e-05,0.0398984034361547,0.0054540415084587
119,0.0855668839193938,0.0158892800028052,0.0333357293164244,0.0062451555738572,0.5433362905857015,0.0565419878749958,8.600452853928594e-05,4.532640688560078e-05,0.0318431070795593,0.0060924824977776
120,0.230867933217705,0.0087436583456323,0.2478786731250066,0.010849355532818,0.1523808137684323,0.0560903077147537,0.0123163114875619,0.003281872539555,0.1833285217423165,0.0108034156947672
121,0.2360930583207453,0.0060099486691317,0.1425750827938861,0.0126404950202514,0.162668019774278,0.0450414678298586,0.0126012492241232,0.0026720709255529,0.1344950284239994,0.0125761058359906
122,0.5395234214906572,0.0338947133672054,4.6481668883499096e-05,2.7793800264292977e-06,0.1367334955506932,0.0087757507385698,0.0001156643262543,4.7291868360281045e-05,0.0003411256363495,0.000148687473052
123,0.5060975119064092,0.0572587549330415,0.0004474337438438,4.8904212960310896e-05,0.148422655757338,0.0144614045166466,0.000108958759247,3.1778785846294565e-05,0.0005104320641643,0.0001365248464915
124,0.0019547742180056,0.0014480346371595,0.0240807719782374,0.006944681622488,0.0253619226440244,0.0078058573809822,0.0017467349888545,0.0013059892528929,0.0106379552908154,0.0038576124567193
125,0.5328507758148411,0.0718111423255608,0.0021739202592808,0.0001847056229335,0.1862958798233732,0.0158228494882649,0.0001093717653548,3.885240993197883e-05,0.0021872317845439,0.0002340498095812
126,0.0669441195866791,0.0090476201514586,0.0736952422392124,0.0066622577938992,0.3694892519000624,0.024908817350725,0.0015251951187846,0.0001826685283217,0.0700242476760424,0.0065519732086812
127,0.0017887416638693,0.0002772328239014,3.789584199494723,0.0055092296263646,3.772536606893474,0.0035250236120988,0.0046329241108695,0.0003758876142512,1.6102386208583788,0.0045816437913835
128,0.3265185687376241,0.0092598092669489,0.1766497928428529,0.0163580476134736,0.1924052704091298,0.1071254353987627,0.012259299739135,0.0040970700050417,0.1692005540676167,0.0162959528178718
129,0.178647371807104,0.0108474703405054,0.2324255476160487,0.0099193113935019,0.3939764767031086,0.027127500730568,0.0158070385172574,0.0035416841574289,0.134774973712703,0.0098620593610337
130,0.0032113275452414,0.0029741082532224,0.0998546288490178,0.0133717443735524,0.0963063831935781,0.0240944511855217,0.0027128646554075,0.0019706613336603,0.0349921109976138,0.010406172035594
131,0.0007383029084279,0.0002846414672437,0.2956336950105809,0.0055684366088515,0.2930018059322414,0.0040180412104465,0.0015873295462819,0.0003822293534087,0.1340903492344638,0.0037830002707443
132,0.0475767309118407,0.0042299962332489,0.0062691900088137,0.0010849990628184,0.2674641496057453,0.0067997574100124,0.0010131801298529,0.0001065157256014,0.0061864910787376,0.001091852945074
133,0.2176116173106305,0.0105675831546751,0.1299694975156743,0.0215719931453535,0.222322984418245,0.1141287116448457,0.0253556233454387,0.0050137773455025,0.120268270663968,0.0215001601541569
134,0.1959685536285109,0.0082679866114304,0.1735096178511959,0.0125344272579426,0.1581611517987164,0.0739697585002514,0.0144026516448035,0.0031715328324521,0.1635126800861919,0.0124685128877755
135,0.2666958366446845,0.007801754116092,0.2490391157091332,0.0232213589341615,0.1259558511454054,0.0613287015058213,0.0123884974622986,0.0035967618729225,0.1287043396911643,0.0231828421848735
136,0.0148612002649558,0.0070380854463919,0.0253640369961983,0.0051200599446186,0.3629558237836318,0.0137219067774774,0.0005778485682344,0.0001197129265384,0.0244375346958589,0.0050329654655527
137,0.004343805935972,0.0029418342222256,0.3055776486990219,0.1058650639135364,0.1233099128358803,0.0334332318596666,0.0043851508519274,0.0020073099562479,0.2688497111081052,0.0835579893959811
138,0.1676039472666745,0.0342676975502304,0.0003842210706783,6.544413347327909e-05,0.5365805226146594,0.011708342256524,2.2974302800279656e-05,7.821211300531837e-06,0.0004540362033747,0.0001068524669796
139,0.3785395494856405,0.0622692041189248,0.0035465336517219,0.000431056812886,0.2641014133438065,0.0159982853163404,2.6316012516178656e-05,6.437926238037969e-06,0.0034739757686535,0.0004306245325513
140,0.0862828822596615,0.0058153471149293,0.1641192495393328,0.0689839495721873,0.1281727841229631,0.0573716366587827,0.0337509249232835,0.0034548694394847,0.1632013030515254,0.068386794395679
141,0.0815820255611574,0.0134897433205498,0.0201384217921379,0.0044696027968087,0.5233182644053561,0.0350596782092387,7.566092708608163e-05,2.4338788790315816e-05,0.0195826976801506,0.0043653072676434
142,0.4126969789880459,0.1127465421368382,0.000298718000327,3.450108831572863e-05,0.2220526577945743,0.0085612509638067,5.715511560076614e-05,2.0079723405616404e-05,0.0003626205716401,0.0001075596256701
143,0.2268942495781423,0.0125622426677185,0.2022248390645411,0.0114560775359896,0.3315982216548257,0.024725712827779,0.0277237468318375,0.0042819643526364,0.1590030139164392,0.0113883342300076
144,0.1788296372182652,0.008739872042558,0.2679324547874652,0.1465215623956322,0.2323003272000574,0.1090072407156384,0.0564792009241176,0.0049271379606331,0.2498133813846456,0.1454331905732283
145,0.4505320305503464,0.0341640807849417,0.0003093709333878,3.6407985510430856e-05,0.1674959956249434,0.0235579268080584,7.720284724295579e-05,1.8323915698004643e-05,0.0004230561413951,0.0001107992476128
146,0.4815181920367632,0.0463508693624814,9.637484039456075e-05,5.143157429967976e-06,0.1633877674796785,0.0035981860382275,9.3267568273863e-05,1.7040569647808663e-05,0.0002148060144622,7.419975834019545e-05
147,0.209407848946774,0.0088802085558257,0.1651459120491035,0.0085362305026705,0.2516174301785713,0.0279478093782661,0.0106751837354236,0.0030173623474102,0.1132672433989302,0.0084792099891573
148,0.1784945642240528,0.008241654745291,0.3789884780445347,0.0088506558963998,0.24185154072894,0.0566954076831979,0.0070911055988308,0.0027224082707355,0.3555825704493765,0.0088239742869737
149,0.0015966591702703,0.0011620105083664,0.0235844163619863,0.0063175757941053,0.0241110729934554,0.0067626970761996,0.0015084286513036,0.0011473914168073,0.0115973695393742,0.003623571368928
150,0.4571163440175183,0.0653365572084965,0.0019679690907218,0.0003063342055491,0.2549311037139002,0.0197664736296652,5.699415171371167e-05,1.202292992883232e-05,0.001982748067186,0.0003163102380368
151,0.5980794869212092,0.0097581900449478,0.2202608619159325,0.007914781080066,0.3071901593190846,0.0307734078656809,0.0142439525374639,0.0029578437399624,0.2164429998245602,0.0078879292709629
152,0.0007626976896679,0.0002181203178209,0.0291618999947327,0.0044848638160182,0.0156345740951742,0.0018980669129375,0.0008797722343822,0.0002761212357344,0.0077101070705209,0.0008863382733559
153,0.0459852959977304,0.0044104373127973,0.2112652931879964,0.0267394352271406,0.0877289806045064,0.0346126201305478,0.01371348856635,0.0025177233546172,0.174814288956975,0.0265991063992187
154,0.2033244692905423,0.0089699080332219,0.174517423713859,0.0080014223902811,0.3100087621796019,0.0271446592401741,0.0128787468576338,0.0031859323616274,0.1675750189882995,0.0079772741936669
155,0.0274041991040502,0.0040696840174802,0.2630418717034066,0.1739807872025136,0.0952257209636383,0.0403801488042167,0.0192821822942776,0.002499293345371,0.2592526114683231,0.1668436893534449
156,0.5241985160522832,0.026714826664089,0.0047724273531512,0.0010773458557665,0.2440422992478471,0.0209949891705598,0.0001717002783928,4.434820052164635e-05,0.0047491609809303,0.0010617901960043
157,0.0014737270998689,0.0002759911752568,3.462004180877912,0.0053549284676816,3.453062988379907,0.003401558595403,0.0039094289755232,0.0003814692377771,1.4795325125140069,0.0042924781676078
158,0.2412846508815191,0.0082348715527718,0.186757822475569,0.0156671201811011,0.1901595946459641,0.0945818603098791,0.019325601616542,0.003638720458226,0.1788447910605001,0.0156224991294488
159,0.0915785603869957,0.0106906076788725,0.0105982352737427,0.0021374412630931,0.4163673103531043,0.0413762437977403,0.0002063110016959,6.702484803592309e-05,0.0104708196555712,0.0021074721841417
160,0.0039745619165177,0.0035966024572582,0.0990343188865775,0.0192190344856625,0.0856385820121468,0.0246907955164943,0.0028923522555944,0.0021124979782506,0.0776675818314329,0.0165290812294919
161,0.1313251196464424,0.0070534202724062,0.1939012013388282,0.0151455087792233,0.1191513456826558,0.0430497676309775,0.0124643422183703,0.0037674435775179,0.1214097833350489,0.0151046920029602
162,0.4444800434781013,0.0327169748692266,0.0001273952097691,9.852005784729192e-06,0.1789101845376279,0.0115908236839471,6.473761404719834e-05,2.0295071878534396e-05,0.0002330422201441,7.690459558793697e-05
163,0.0236438222898807,0.0044320742594733,0.2672675962758367,0.0809746206801667,0.1253296894755216,0.0583369547933576,0.0146043733480738,0.0025724068952428,0.179552550889882,0.0801132818015083
164,0.0806292393333142,0.0065402912939968,0.1251433660808751,0.0100271279181254,0.1446023358220638,0.0489014733375003,0.0113025231382657,0.0029202970032044,0.122235768070711,0.0099788849686454
165,0.2251328902575318,0.0093416582053831,0.2151625357601863,0.0092301813868363,0.29047853325727,0.0298608937570747,0.0108993356812537,0.0030902092258574,0.1535771167736412,0.0091858586977948
166,0.513245928476517,0.0393121110242551,7.149615066745108e-05,3.892261810499682e-06,0.1494849228269181,0.0048081907351828,0.0001107711873817,2.295144131295487e-05,0.0002254590747709,9.008791744837268e-05
167,0.3678073962344323,0.0102444036888062,0.2562404240351804,0.0121329959055488,0.5088748037948702,0.0365670631648878,0.0115014184205274,0.0031165587587414,0.2071627356599436,0.0120602803910528
168,0.3652607562930912,0.0083465799306984,0.1115805745764669,0.0464101850866518,0.1718808491683907,0.0722742023191259,0.0250004926020129,0.0040782339109277,0.1022525023687824,0.046195913317221
169,0.1566782061041067,0.0084182775632502,0.1616440908692235,0.0137065649072207,0.1906361428244254,0.0711385979667105,0.014550621900071,0.0037944738914935,0.1556158961107952,0.0136760823506074
170,0.3604562969671804,0.00838539240776,0.292203685061543,0.0123183745143772,0.1820577380102216,0.0499553449185087,0.0159259355464119,0.0031786824398567,0.1659022452944399,0.0122503349963787
171,0.1931818860060455,0.0216776106004943,0.0015830627225402,0.0003330148979929,0.4635548919687371,0.0101304470909492,0.0002291270931855,3.1967525307133066e-05,0.0014925191131577,0.0003133969514696
172,0.2254197884677564,0.0099143428677933,0.146356527607953,0.0204324921730956,0.1548851928479502,0.0683784670789265,0.023563495271243,0.0043449641296174,0.141309542889034,0.0203661766167627
173,0.206473780577349,0.0284889689106517,0.0004340708158442,7.523939812188499e-05,0.5298866792736163,0.01387010725305,1.9306962513229324e-05,4.5861435085084085e-06,0.000484662166219,0.0001315724018053
174,0.130918429572156,0.0315631337591535,0.0025525959855382,0.0007328085235572,0.5011970442422139,0.0266298070811066,0.000229169983773,4.0029019265677824e-05,0.0024810510719781,0.0007063954861346
175,0.3717974734304526,0.007173750603832,0.1789564617572283,0.0203172484899775,0.1308308539089248,0.0618580435990177,0.0160901002506854,0.0038738637396309,0.1714270538691327,0.0202731558595387
176,0.0031603313414205,0.0029108762201019,0.1721402305255546,0.0390668825484779,0.0627765101155268,0.0304924524055595,0.0029754779209956,0.0018931551408218,0.118514760439731,0.0236233113697613
177,0.5314751831030622,0.0295063877043759,5.3799439359092976e-05,4.727621858131917e-06,0.1419034332011889,0.0137855999640173,0.0001486341546738,4.453538751660232e-05,0.0003877366931559,0.0001359945097958
178,0.2619433330476922,0.008239453884936,0.2698072558644987,0.0085018550334185,0.1561831351737322,0.035494273720909,0.0128702222594458,0.0030229181132195,0.1481931211191744,0.008465565057307
179,0.3929420716774456,0.0129322141377889,0.2095561708770446,0.045556855373328,0.1499515386887802,0.0892761307149881,0.0274241661272068,0.0069881915501967,0.2055040718471669,0.045487775838833
180,0.63660560458067,0.0082757806581855,0.1695481436588141,0.0231659086028806,0.2388903531215189,0.1344567376252299,0.0184396115991951,0.0041343216234048,0.1648308676778098,0.023129136001671
181,0.0025208153602684,0.001884337725893,0.0295303414572223,0.0084935913960635,0.0304049541919924,0.0095475051302266,0.002211662533395,0.0016158069585595,0.012180157225068,0.0044852668734195
182,0.3294068511684155,0.0401266484791729,0.0003775819212028,6.25724323092501e-05,0.5423201312403668,0.0096405246926152,4.0149639713690106e-05,1.1509974955524207e-05,0.000446588879792,0.0001035868091607
183,0.1683412347651388,0.0106728861555401,0.1642591912524564,0.0094929873008182,0.3255351912921538,0.0319109195092607,0.0139817070211098,0.0035465376283785,0.144192002537134,0.0094423497830611
184,0.3931686045799648,0.0345365081791859,0.0002252415563464,1.1379604598529504e-05,0.2590465487526553,0.0062269668304318,5.084689645235241e-05,1.3427604874331356e-05,0.0002948189864264,6.972181885247509e-05
185,0.4577015181647485,0.0077294137870175,0.1178707154248443,0.0121168090110942,0.2294346963038513,0.1305083385214517,0.0121090606555039,0.0031932036948895,0.1122990206278414,0.0120718480962414
186,0.166359935985201,0.0092661035045161,0.143464732593172,0.0131743528631117,0.1736743532200395,0.0946009406900143,0.0129392111168732,0.0036515415484316,0.1345514445006529,0.0131224364986571
187,0.542357845852119,0.031416949275498,0.0003038007068673,4.714593969088822e-05,0.1280865030076947,0.0128085306913313,0.0001414480496052,5.087102332305096e-05,0.0003693580022094,0.0001729016201483
188,0.0016689318439003,0.001117587275346,0.02529969418464,0.0051844257885886,0.0202438154649144,0.00585328064266,0.001493579006576,0.0011500975618843,0.0105299634727745,0.0031024618076108
189,0.0019629959797543,0.0002807400543719,6.111767528674443,0.0054883153823448,6.078942866183192,0.0035141589494833,0.0050629013039093,0.0003808357294549,2.3662435395342136,0.0046006546941034
190,0.0721065788993995,0.0083210624090565,0.0150980451915203,0.0026002911332753,0.3191532878186637,0.0123285942539987,0.0007007914682825,0.0002068341770956,0.0144909899903242,0.0025692085177483
191,0.1814719477507361,0.016765035818228,0.2637312902538114,0.0119368647427168,0.1946901586882268,0.0328903150558153,0.0260446933666487,0.0051133280122056,0.2608027456600566,0.0118821136812819
192,0.535728703857052,0.0845182109035242,0.000160641960783,1.786422694416919e-05,0.1390956192286619,0.0094399086547623,0.0001071856488385,4.020726448883372e-05,0.0002853215838278,0.0001407401439309
193,0.1504052000957605,0.0084977927898729,0.2078576807194991,0.0099275263166723,0.2014077639105091,0.067724607975471,0.0123031305942122,0.0033993823012029,0.1719159974675764,0.0098873030599892
194,0.3388697416473726,0.0090137501071234,0.2958191229578842,0.010492665554373,0.2481364728695033,0.0397070323729174,0.0130178137058489,0.003220037341157,0.1803853196418283,0.0104466250141518
195,0.0967805600164897,0.011561560466086,0.0021299378397953,0.0003753819227693,0.3985618740269377,0.0157466727392147,8.546941596247332e-05,1.9955043835231643e-05,0.0020253700591515,0.0003581945807577
196,0.1454983250492051,0.0231468222036762,0.0060887286800576,0.0007554276101315,0.5875300410486732,0.0180686675444213,1.2984116209128596e-05,3.45416749429447e-06,0.0060047592560237,0.0007418364814316
197,0.0012772314445552,0.000856871825654,0.0245514842380332,0.0042894913159576,0.0174896604070882,0.0044905605759639,0.0012317207799236,0.0009064026489159,0.0087571579234075,0.0023233483154696
198,0.2936303781672868,0.043460306780912,0.0124442491943095,0.0023001599979776,0.5819903860253481,0.0195351294864086,2.053952070465405e-05,4.589466329129307e-06,0.0120943976548927,0.0022332004710125
199,0.2444426156767196,0.0088943792414008,0.1996506346663057,0.0156930056778138,0.2617880782626464,0.1430403929025182,0.0187143732669145,0.0042147890643169,0.1828167643906517,0.0156639183777719
200,0.2547366236461754,0.0106073777171279,0.2341257345010983,0.0094513071088049,0.2576756134082715,0.0245787811949597,0.0152889318940072,0.0035663486580446,0.2106071667345118,0.0094094157411106
201,0.0294090838372681,0.0033671092393003,0.0029868294310888,0.0010930233036336,0.4270705196128123,0.0052607169558463,0.0003444536148538,7.854818132619844e-05,0.0029700804421587,0.0010964282335904
202,0.4949051537611956,0.0543513759828111,0.0004632318094456,5.296722551225032e-05,0.1661336078852019,0.009526900254509,7.787976586570323e-05,1.9270916835634356e-05,0.0004611967366363,0.0001169040503463
203,0.2807029433330647,0.0097437064044229,0.3146274723223451,0.0111154344972559,0.1926043382723889,0.0311238602480299,0.0130017280922866,0.0033970203446466,0.1587877680705565,0.0110695933975337
204,0.2134560153609377,0.0098839646898143,0.2801678842552582,0.0086456417734911,0.1867757629429814,0.0340671361766119,0.0139755379107456,0.0032843658802849,0.2375427207088981,0.008615852526377
205,0.0035094399166865,0.0031613393142106,0.1207887230085813,0.0154579198022002,0.0903887007080729,0.0249555725146807,0.0027397453556085,0.0019793671991994,0.0526294284154453,0.0128043552770982
206,0.283006453593731,0.0092195656996222,0.2700930152164931,0.008378169310589,0.2161776589278959,0.0299871859008681,0.0097427192709648,0.002988405653523,0.2491263970258871,0.0083459360711013
207,0.4329979346960199,0.0236234571102132,0.0001290605444963,7.915486649576344e-06,0.1860843023329487,0.0077912788850502,5.086849135331922e-05,1.1812085475027736e-05,0.0002929592250365,8.117349356435013e-05
208,0.0030723311967878,0.0027988794300993,0.0880492934297163,0.0197616768479725,0.049345620901235,0.0176714160913672,0.002867206928386,0.0020818839990197,0.0540259647610321,0.01115322921444
209,0.4733002903768084,0.0612590069831822,0.0002848172168906,3.10403972610783e-05,0.1614712088930364,0.0123977495829684,8.818462896059981e-05,2.2776038123136836e-05,0.0004239781788331,0.00010779834962
210,0.2032149510610899,0.0088590259283577,0.3781455892611964,0.0094061987132463,0.1774879954295178,0.0781753941031033,0.0125860265369013,0.0034478095838623,0.3501379016472108,0.0093879829781142
211,0.2566162644246534,0.0081123359241996,0.2013690916843492,0.0102247109296355,0.282595500698531,0.0399565226407577,0.0139467502023164,0.0031267964040541,0.1894375338307697,0.0101735385833116
212,0.4455379253523571,0.0797425679142788,0.0002672104458671,2.8756264741154485e-05,0.1673859956064457,0.0067216122906223,7.346536794782664e-05,1.9627025611921564e-05,0.0003459269211407,9.77889825080762e-05
213,0.1834650700735459,0.0111259169650325,0.0259937422080196,0.0016510650228002,0.3500553641887753,0.0142516959985445,0.0056673840240258,0.0003165355166886,0.0255247090345657,0.001653092945739
214,0.0011859042591966,0.0002962815213744,1.620463693231807,0.005303116676326,1.6159296061378068,0.0034977435912799,0.0032339454699615,0.0004066347023564,0.7636789413588837,0.0043996441851047
215,0.1437627549737472,0.0070091234960246,0.2267365338265544,0.0107964197782871,0.1705055739334676,0.0892595953171502,0.0098099990069408,0.0031548229486362,0.1164484778858793,0.0107660051106739
216,0.2446278433007837,0.008750746761179,0.2756998149264771,0.0112676560637356,0.1859211452236462,0.0510258487388208,0.0131304130046171,0.0033579399016036,0.2333787975683938,0.0112108388066615
217,0.4273936335232126,0.00780694517955,0.2474410283320798,0.0238727343889398,0.1632007996851779,0.0781916550107578,0.0247652980273204,0.0043575077974957,0.2359298850589296,0.0238572337526634
218,0.0024179144923017,0.0020269091152853,0.0402605498049665,0.0119590141108099,0.0353448823347955,0.0134158671608557,0.0021838196539565,0.001490150527233,0.0168052859351485,0.0062912641675636
219,0.4637729642155692,0.0424008501179722,0.000239588756227,3.500207596052407e-05,0.2296388533761503,0.0095235880519152,5.703873621286256e-05,1.9750637285276456e-05,0.0003042880863356,0.0001093697369887
220,0.552919518697532,0.0090349363022878,0.2343256903194897,0.0092640084113625,0.2619925910802754,0.0328921935308522,0.011470996941923,0.0029379595524268,0.1526690509479251,0.0092214422194417
221,0.5015865565934831,0.0268843690018358,8.182168848115761e-05,4.62952205752017e-06,0.1587521283328608,0.0085663747424274,0.0001089051495421,2.660225095672624e-05,0.0002346612620019,9.485515253068028e-05
222,0.0018810019339129,0.0014869457276845,0.0262215118989273,0.0072561156689021,0.0285357090510288,0.0069054588913364,0.0017369146657722,0.0013024174927071,0.0121590499960492,0.0038885587828966
223,0.4191243021131036,0.0755686228647442,0.0005569928668671,8.310496280897001e-05,0.213686333515679,0.0088880477370675,5.222974647137424e-05,1.4105461096342345e-05,0.0005729424927027,0.0001195704360046
224,0.4494378705073921,0.033445732295262,0.0003888893232088,4.631669984126228e-05,0.1684645931101153,0.0119028102963622,7.461385023298418e-05,1.8735389810096575e-05,0.0004137525979509,0.0001165147442922
225,0.4004547080812217,0.0066951390576637,0.1878655180949812,0.0135530481233258,0.1329906904203839,0.0576396498961798,0.0112945228154576,0.0034213060141161,0.1755511657940726,0.0135473525014214
226,0.0127535731042949,0.0031809418555197,0.2027742264791556,0.054734253275419,0.0721628062105001,0.031195176541241,0.0095325183287779,0.002076629859601,0.1647770832557488,0.0532207358485012
227,0.2744205892512455,0.0104726683254838,0.2237122844963735,0.0083767667634934,0.3012035959361027,0.0276988826694257,0.0120201660041511,0.0031193359356303,0.2149615500630093,0.0083472718870109
228,0.3773933860646225,0.006797447988821,0.1565206583209778,0.0214553800071433,0.1501379281282033,0.0594903492360285,0.0110881984982177,0.0042786693736845,0.1188419584974036,0.0213860314152753
229,0.2362790310372527,0.0079060374152098,0.1804563769516831,0.0166330193228108,0.1334582593157785,0.0598315121660531,0.0147383246282728,0.004020951026199,0.1646274207201679,0.0165950825141676
230,0.2201023289005898,0.0091446748022368,0.2226760753331942,0.0087699144078057,0.2083307229312582,0.0331603205036885,0.014181378051563,0.0034346745242074,0.1574223056042493,0.0087432568539106
231,0.3743391540069155,0.009189332890976,0.1231284778157528,0.0173925206932676,0.2409797167500215,0.1393246138993851,0.0139595713336932,0.0039917486232318,0.0902504749191922,0.017321873642881
232,0.5194136717346705,0.0552069416710548,0.0005910056797687,7.424735360769348e-05,0.1414723298326465,0.0086374020111465,0.000106363909814,3.595630038142208e-05,0.0005678684844275,0.0001489081019735
233,0.2117449198843783,0.0077992698480163,0.2270709493441685,0.011966644763534,0.1800357944516216,0.0945307894597715,0.0112535511129971,0.0031090006702111,0.1617516307543768,0.0119228609145472
234,0.1430648298596133,0.006798285146904,0.4219904605462243,0.0417244104347074,0.1910171747307747,0.0724364438892989,0.0263747526106517,0.0049974070728543,0.3116390204991361,0.0416096684719541
235,0.0198619659491105,0.003418154231913,0.0042185062409491,0.0011974761196704,0.345033319961034,0.0067338606008912,0.0004162854722354,7.561457263603707e-05,0.0043563972862111,0.0012130799384107
236,0.2794678115733075,0.0087493253102879,0.2446390358688349,0.0110911795707119,0.2247528735328526,0.039365665632153,0.015617801730016,0.003437423604314,0.1397101023948791,0.011044081493633
237,0.4340916538820259,0.0791309112780258,0.0001731905068111,2.603284929277881e-05,0.1829755972312087,0.0091271695086027,8.215005416326355e-05,2.753263373586403e-05,0.0002917866242934,0.0001192525760776
238,0.0023587661697033,0.0019232454030124,0.0560144939162631,0.0106141223048411,0.03603847846474,0.0125440400916013,0.0023044935501284,0.0016245454597138,0.0193867510224059,0.0058577253311954
239,0.2254205518029,0.008694528095101,0.2185844702477014,0.0144625857706744,0.1853878481284243,0.0951561343350761,0.0170784134623021,0.0037103083937993,0.1388452988516879,0.0144052509466974
240,0.2222489255582913,0.0234581073217457,0.0020320643770058,0.0005001404610743,0.4228583624396613,0.0121928168018934,0.0001024716067106,2.407363029261049e-05,0.0020129089265833,0.0004863737380753
241,0.0089346732564377,0.0020745525836431,0.3390130387587617,0.111382985306981,0.1984231620616216,0.0741593765833494,0.0125213501458016,0.0019336500581526,0.3121661668248905,0.1086745084112159
242,0.0832536385027548,0.0109493571583208,0.0025690697727676,0.0010050955143643,0.4346757193106343,0.0127258196213631,0.0006220545313023,0.0001652789100962,0.0026533922418301,0.001049605624319
243,0.5051073204984723,0.04167652582841,6.935059877803392e-05,4.041777344731636e-06,0.1476121566281133,0.0041712473075324,0.0001068975870405,2.190712745098728e-05,0.0002135835688965,8.80136367341081e-05
244,0.4085677567432481,0.0096643459758296,0.1870580303050158,0.0108490360426583,0.2221885113037413,0.043414616616919,0.0163038188684536,0.0039138995770444,0.1378458672943445,0.0108160619127152
245,0.2102105396713889,0.0090868530639114,0.2411967447299324,0.0092392632317298,0.237371585925102,0.0327785986003459,0.012111347770786,0.0030718780624393,0.1585227256770313,0.0091939020804163
246,0.3173229291125081,0.0104937783261079,0.2289116198665031,0.0119207045417143,0.2791797640936734,0.0468168436409595,0.0143412373322252,0.0037440066001957,0.1977133646763559,0.0118654098112237
247,0.5438403007082824,0.0329640875920117,4.994026584584999e-05,2.8652646409073548e-06,0.1394779718470712,0.0107807141155118,0.000116705558379,4.509794133262113e-05,0.0003753714817074,0.0001485741242165
248,0.4289033912450332,0.010301800799502,0.2263709026577377,0.0658761643214976,0.1735584868207528,0.081390318520574,0.0338100514991643,0.0061928521761995,0.2190920930702385,0.0656319912748328
249,0.1967743794281383,0.0067822846369302,0.3417038982190463,0.0118969252184225,0.1709466019262015,0.0806712048499467,0.0095202183995624,0.0033987140168973,0.3059124096800333,0.0118729280985371
250,0.3637345623043634,0.011042320085029,0.2045213125290683,0.0112147533843146,0.1973528351836531,0.0358375947724482,0.0154479350193572,0.0037069909809682,0.1976154286769514,0.0111707501057394
251,0.2280303486762234,0.0062158355655636,0.1860043797189166,0.0334728083225857,0.1368039147300457,0.0634864017966529,0.0142024248373147,0.0037396953468194,0.1726103721327441,0.0333773012780414
252,0.0014597025908235,0.0009749371164545,0.0248235802352885,0.0058049187887572,0.0196693283402718,0.0062502753531173,0.0013607452121096,0.0010324914956962,0.0100855031202483,0.0033092685024855
253,0.4180645335349872,0.0855829093048625,0.0001449283425501,1.2504088061060349e-05,0.2128829724273261,0.0081267961387336,8.144391799406554e-05,2.2213181123070103e-05,0.0003506094002032,9.869489552563252e-05
254,0.2484586381691203,0.0084438464848995,0.1941188773028996,0.0081604450112458,0.1641488346321733,0.0361129929716795,0.0106656662751251,0.0027808205794397,0.1651673243140654,0.0081265672507983
255,0.247474479019594,0.054553493748901,0.0021649087382135,0.0001988030531326,0.5381993250908327,0.0126684018098308,1.808005308811086e-05,4.37265128766873e-06,0.0021599319004959,0.0002118895454515
256,0.4165172073002791,0.0118643060537496,0.1897806417716454,0.0112368013963914,0.2488736894665289,0.0485769159230123,0.0219810613979747,0.0040585668304741,0.1790992540487419,0.0111863898609473
257,0.0032781184875273,0.0029287643338926,0.1029729388442319,0.0133841947019291,0.0689875160628616,0.0189621083058275,0.0025894299552984,0.0018874367274043,0.063993553237751,0.0094402390319316
258,0.1897473330963728,0.0065782521113337,0.2561862131530772,0.007012071391936,0.1814756360461619,0.0390797193062106,0.0095352329895485,0.0026284439598796,0.2438631195236683,0.006993472949658
259,0.1984629284186087,0.0092080889067557,0.2091373934326957,0.0095118510562361,0.2138343762188652,0.0349349176786066,0.0114191830788221,0.003231279530816,0.1733311502313881,0.0094743437102483
260,0.4934153198191227,0.1016050238130729,0.0002327982994809,2.6010153146316775e-05,0.1484699598496665,0.0075211222936423,9.856032216318393e-05,2.6159827100247024e-05,0.0003360858448347,0.0001078230698771
261,0.1663329285887714,0.0346916117426977,0.0002859190875889,7.453153751983304e-05,0.5043183517938254,0.0108951633734298,2.3665789208307404e-05,9.422143773125587e-06,0.0004822264865371,9.943349989421604e-05
262,0.0008700836700739,0.0002888848057633,0.8033053278054874,0.0053374717077812,0.7993974317216623,0.003580503382785,0.0024924215031728,0.0003940533055027,0.411354804143299,0.0044084479154068
263,0.5332910719783924,0.0460224482914922,0.0004355948923414,4.272652979207138e-05,0.1289735767411656,0.011241811190043,9.790048284918142e-05,4.205855350368559e-05,0.0005046592272441,0.0001632470341154
264,0.0104094927290852,0.0024805444369504,0.3171599187956325,0.2101230349986049,0.1256198470800244,0.0668222781703355,0.0118474679188202,0.0019388141923384,0.3071230121294694,0.1906945657199299
265,0.0027811796252794,0.0023151911890686,0.3427019366458432,0.1668973535218272,0.1531326186929042,0.0491955294381255,0.0036643246302872,0.0017207208362269,0.2556852790291238,0.0849070783387754
266,0.1511528019242676,0.0082542979878638,0.2139578943306284,0.0104291262934829,0.1973785120286282,0.1059821094001293,0.0113496016060551,0.0034881114110163,0.2012916746288595,0.010390759006794
267,0.1997125193119497,0.0105589399503184,0.2507318858252104,0.0086310808949092,0.2230449087940693,0.0332477142502181,0.0148363059423806,0.0035260789085426,0.2212732513883517,0.0086061338230178
268,0.0237878391960104,0.0038309460860292,0.4186903982402153,0.2840781288320209,0.1125893875602716,0.045206304176418,0.0185923773974268,0.002297300537913,0.4087472938478003,0.2579838497179755
269,0.0022244129516777,0.0006537530986147,0.1948055704303863,0.1141343729295842,0.0871937156377426,0.0229397346110223,0.0052095427265449,0.0007604517880215,0.0912110985136067,0.0269621543139768
270,0.4972418307837252,0.0419341036679706,8.483228776927113e-05,4.641709572073474e-06,0.1598273247135433,0.0044461297971559,0.0001020792646518,1.8788018365047e-05,0.0002253287740815,8.718970040184933e-05
271,0.1692746145282887,0.0104264060019283,0.1668131959419923,0.0079591821369481,0.159971349934224,0.0314458803208603,0.0127921870041026,0.0034093296311426,0.1330262557887452,0.0079302647653182
272,0.2002374306643873,0.0084309609475859,0.1729508348933139,0.0102730381459545,0.1225663306908861,0.0575386911476682,0.011374068304436,0.0034239655497075,0.1593968889210647,0.0102389977608657
273,0.0015716568801868,0.000279248012301,4.426336237245592,0.0053641767870184,4.417269830398859,0.0033885253661215,0.0041399867500152,0.0003835483823577,1.8063367683880684,0.0042885976511138
274,0.4485864858053888,0.0274675917442874,0.0001258800681419,9.052035710931256e-06,0.1774715969771101,0.0123182546910718,6.698238781789164e-05,1.986580358216833e-05,0.000245576883551,8.521942176341424e-05
275,0.2002474212031875,0.0104262808908445,0.1836709060530732,0.0103155831396895,0.2042063844172697,0.0284818233071928,0.0136369771403949,0.0034647408538848,0.177047288878599,0.0102656076363562
276,0.1475472828743074,0.0090793716554306,0.2637352273016428,0.0068364732668742,0.2206167793030597,0.0314575291144898,0.011642776916667,0.0029055080293538,0.2076530468874941,0.0068171955781852
277,0.5199155052528208,0.0201562555131048,0.0001052269840062,2.152042461013207e-05,0.146260470706747,0.0173742742414745,0.0001009956183309,2.2587258405450336e-05,0.0003087394612213,0.0001263249863853
278,0.2755787197671229,0.0091937222495636,0.1963817277826321,0.0109201835699826,0.2180760965468244,0.0542920678732414,0.013815595693791,0.0036248820322983,0.190422946597422,0.0108804515589862
279,0.2757572634716476,0.0073865761625374,0.2221526083822207,0.014325841152168,0.1705123612390791,0.0756712771323512,0.0115839950258263,0.0037427092670473,0.1544254745105497,0.0142998627044858
280,0.3410795098193854,0.0060806896971869,0.1905057130658377,0.0092699672103148,0.2077627118560812,0.0959185805123833,0.0095858030976334,0.0024924388116326,0.1774557902004027,0.0092307922866039
281,0.5189523632167726,0.0717469826864472,0.000352351576927,3.4431550322679235e-05,0.1446858568359557,0.0086707811249652,0.0001123162612214,3.298247155361617e-05,0.0003947849176093,0.0001293124177142
282,0.001863516732508,0.0002730341231164,5.596122009757716,0.0054722257598812,5.5715538358793655,0.0034631812757026,0.004828878572721,0.0003714221306236,2.218765756892132,0.0045450645516827
283,0.0029760555190796,0.0025448178214478,0.5098452753904995,0.1280180436654984,0.1707040125397061,0.0318274281001553,0.002676602322769,0.0019517445151453,0.3124843735149387,0.044937999915648
284,0.375006486932793,0.0096942104632509,0.1472743700071894,0.0147895869303197,0.1927397808465607,0.0734141889758162,0.0173863464575269,0.0038323193721413,0.1338383085259719,0.0147101757525376
285,0.3837539859438024,0.0242496454606473,0.0004384347433089,6.8519464848192e-05,0.263254825199622,0.015237222673391,3.4804921790027115e-05,7.687233452430997e-06,0.0005108875571136,0.0001192065034618
286,0.4223977690284785,0.0309210083366908,0.0001448537499327,1.1768664271557051e-05,0.2107458239567246,0.0096698579920953,4.943100458326399e-05,1.5863355394101592e-05,0.0002454518196683,7.987336008299944e-05
287,0.2410998518550724,0.0071874734122404,0.1888812391859955,0.0157416247331726,0.1324310835254515,0.0478794065028943,0.0142136538596947,0.0040995266108973,0.1725808842075142,0.0157003694736996
288,0.1708184521573357,0.0092773495043699,0.2180478078761263,0.0116946720921783,0.2042549629115505,0.0968191367836289,0.0150345018216996,0.0036311234301439,0.164328446166027,0.0116538162127636
289,0.2350009483721573,0.007287163254825,0.277579100500096,0.015350816168027,0.1496964731118851,0.0707253999952104,0.0115603630091352,0.0039173439955385,0.2121043034362004,0.0153204052945807
290,0.0013790129292779,0.0004623675032355,0.154181162674682,0.0625236884982578,0.0565956823379244,0.0121218023369065,0.003170297628951,0.000562517207059,0.0785797046757196,0.0166730568443915
291,0.0022326595784043,0.0016067482821336,0.0274171408230827,0.0077186052280805,0.0282436957438588,0.0087905344219812,0.0020119243010079,0.0014705494598013,0.0133722313355534,0.0043853988999961
292,0.2142600185035147,0.0109637476513787,0.1471714123608008,0.0084842003477318,0.3359731738753009,0.0267813943764886,0.0141892294262741,0.0032722518873547,0.1238844378770046,0.0084472609484757
293,0.4648250740717588,0.0976769306107783,0.0002012517507971,2.0018424707345268e-05,0.1617247526611348,0.0072573083408489,8.140465179741885e-05,2.141097769265248e-05,0.000357343176564,0.0001005670345331
294,0.4229794417628013,0.0431214319571332,0.0002259939531783,4.591808685456335e-05,0.4599674560462082,0.0085950083874454,6.706311660167308e-05,1.9345670503349845e-05,0.0002770920136489,8.957279769780426e-05
295,0.00656489733517,0.0022246140740824,0.4883903594185849,0.2991591810332062,0.2838315221104299,0.1001065399807626,0.0092181585024166,0.0018159105553734,0.4435916255335153,0.2044054300576776
296,0.2401880216901391,0.0637327510187122,0.0003526895355263,5.086022381608692e-05,0.5592556247112501,0.0084669026243642,3.379961300355325e-05,1.2608065388473604e-05,0.0003278044328483,8.299857467026935e-05
297,0.2960247252089381,0.0100083222162604,0.1597143644056519,0.0090669790367232,0.2600028120926073,0.0391375917179204,0.0123784245012964,0.003410950783923,0.1567498489557124,0.0090364615556102
298,0.4569732141199293,0.0377625200955311,0.0001098112647286,1.619336877449654e-05,0.1679966809403331,0.0156915380172095,7.590075923804508e-05,1.9590610501410497e-05,0.0002519471275645,9.563868472758723e-05
299,0.4694233203270307,0.0813213420170898,9.214236889480806e-05,7.482189289910311e-06,0.161469478528883,0.0061798056429676,8.337026779495134e-05,2.940618071010853e-05,0.0003215414037497,8.81571868900011e-05
300,0.2166814449940343,0.0101212125666879,0.2244235477481489,0.0092841744848125,0.2466528432741344,0.0365194099306647,0.0151676895866987,0.0034802379111377,0.1578508969109766,0.0092469982748458
301,0.121335442720608,0.0077751958980838,0.2250301720596388,0.0097824648012257,0.1955226017190883,0.09801419625707,0.011254522929146,0.0032289900183361,0.1458737444067319,0.009765260330822
302,0.1575940350409798,0.0110302816593495,0.1634916726619619,0.0252878735967559,0.2206591711901209,0.0500889384373008,0.0199180649398926,0.005156774730151,0.1334020492471878,0.0252331986586394
303,0.3986552299515561,0.0411025836435128,0.0001778249907315,1.6152371610962587e-05,0.2407343225553896,0.0073803291934434,4.288586425154995e-05,1.1247748326907216e-05,0.0003058772135017,7.748369785129111e-05
304,0.1854596816092698,0.0150833620144585,0.0008734814195467,0.0001962569899312,0.3280437456402266,0.0137934842667717,6.225256141885457e-05,1.9767536815912376e-05,0.0008100904049882,0.0002136124741219
305,0.0201255402320812,0.0019282166735312,0.001996164602067,0.0004550755168408,0.2476619840314111,0.0097175576894352,0.0004012754899216,4.296230605381215e-05,0.0019337002914982,0.0004339344391954
306,0.0007764855766758,0.0002209613540193,0.0273449244913129,0.0052026760128545,0.024671692075129,0.0024364469376787,0.0008994849568688,0.0002778384971478,0.0091279946308094,0.0013049459847765
307,0.2149086703089898,0.0071215696023366,0.1299670605082458,0.0186903125331479,0.1023953786670082,0.0479900398845061,0.011648868081574,0.0036148710720142,0.1228562436242727,0.0186500888390731
308,0.0055841201909241,0.002946679410223,0.1633432605058519,0.0614038254447164,0.0904119340093168,0.0413402117300741,0.0054915878198327,0.0020541778237669,0.1533759287931673,0.0569622969040589
309,0.4749090035765143,0.0268719183379093,0.0002170435448927,4.3522406656651794e-05,0.1653153548369419,0.0191653135557281,8.674111686806377e-05,2.2688100280435587e-05,0.0003383919316763,0.0001105071613445
310,0.4970168369154829,0.0376939054635381,0.0002294846111166,4.1568911477025006e-05,0.1493794766006331,0.0162632035684724,8.607023517839035e-05,1.861678525488344e-05,0.0003602546949865,0.000136701173992
311,0.1980582582358785,0.0084080215206028,0.3657719732627731,0.0087531400824496,0.1612547964404379,0.0729618535528814,0.0120178878343078,0.0031053689773561,0.3304061101666903,0.0087392114634946
312,0.0032019463132908,0.0029455746292004,0.101072216483141,0.015995084178868,0.071042467334396,0.017746208729531,0.0029689722204955,0.0020829404211148,0.0694916593718081,0.0118558482501959
313,0.1494687280392926,0.0185023926804643,0.0020752517926887,0.0004505597676016,0.2977640025812962,0.024180206141292,0.0004461854979956,7.963330609826608e-05,0.0019876317292366,0.0004553126400082
314,0.0148185761017136,0.003749220265329,0.4989960643399318,0.1040307697324627,0.3246584038258479,0.0902329391076363,0.0138314580367489,0.0030367611323836,0.4638181991521944,0.1025709396636648
315,0.3113617802733003,0.0133236949452222,0.2888932461272549,0.0200698939863172,0.2415339869964849,0.1128459772392468,0.024911718437152,0.0060611737359047,0.2823096120085953,0.0200059406197561
316,0.2620436421259844,0.037956916391244,0.0003692908498346,6.58210329081598e-05,0.2875814676982941,0.0115485783679738,6.103622491226396e-05,1.651952595189811e-05,0.0003526016883081,9.62453963487661e-05
317,0.2187863749654791,0.0080545817130412,0.1502178982977871,0.0102961818221747,0.2338865306146998,0.0670406052857857,0.0148231111328896,0.0030831839743258,0.1432098362784279,0.0102516088913311
318,0.1486792321857738,0.0346856239629355,0.000587969533306,0.0001261681059486,0.5078685713107749,0.0129085454999335,3.071754147578109e-05,4.780176031551823e-06,0.0004889411816972,0.000136617527645
319,0.0014905080956086,0.0002881891835645,3.891627158419933,0.0053314960766719,3.8806599288364216,0.0034206495201226,0.0039471047541458,0.0003964537811748,1.634312263544121,0.0043783667604193
320,0.126255543412196,0.0166930984454178,0.0011080543273993,0.00021629630465,0.5066684389803826,0.0139158631361837,3.451460334412285e-05,7.776888641695048e-06,0.0010261289773843,0.0002266156044904
321,0.1456997179199081,0.0156981071960374,0.0009352486183664,0.0003109412725518,0.442200236375913,0.0168755995455531,0.0001387842133627,4.867159551246827e-05,0.0008747115857563,0.000346849565347
322,0.1483570127818713,0.0065774758082492,0.1730906829703977,0.0786715500135759,0.132753881634029,0.0471471256141461,0.0402154746429038,0.0037424539009722,0.1699459315516088,0.0780197135172554
323,0.6838070676873581,0.0107229163828849,0.2521393808037575,0.0428049502499772,0.2089256178422625,0.113269732797887,0.0260791485192205,0.0063129553671385,0.2025805607548506,0.0427562453217956
324,0.5801575850959801,0.0084948892424211,0.1024019517021015,0.0262498141520829,0.1642809318820602,0.0746840149908755,0.0144121688824544,0.0041452825680778,0.0987390043834763,0.0262145242228631
325,0.5036868736359694,0.052603816535196,0.0001245949338798,1.3890022226451928e-05,0.1460891966574249,0.0078722436632976,0.0001082075012745,3.364253499829705e-05,0.000267684122148,0.0001172047451351
326,0.4341367075272465,0.0481754708905485,0.0001465321650022,7.487424889488795e-06,0.2039911906787686,0.005026166654494,5.29151197374026e-05,2.0947268207235448e-05,0.0002791976303242,8.1583216567407e-05
327,0.0255977072559808,0.0035612071159237,0.2623055199831781,0.1432327634139576,0.1270697581649568,0.0649075589616826,0.0206000868775408,0.0024719313871527,0.2336285581164878,0.1407119464247085
328,0.5412958368764194,0.1051922598079366,8.507844654589877e-05,9.869830477524696e-06,0.1327334848536073,0.0081446137716784,0.0001040166288435,4.5449702388245485e-05,0.0003980450007735,0.0001396568563676
329,0.0012049803772648,0.000740717676718,0.0397534389107877,0.0074611140600194,0.0177068765362012,0.0041777828822801,0.0012629019212901,0.0008108126617218,0.0123948633441028,0.0025274873831277
330,0.0007439941502008,0.0002701761636044,0.0717108130917605,0.0057706894184257,0.0690860761226293,0.0038621832453533,0.0011034268139297,0.0003519788457996,0.0206903492004988,0.0020696829786445
331,0.3245257202808211,0.0113999332199751,0.194129555539878,0.0119536580531628,0.2206053765469099,0.0387243520916183,0.017099730878447,0.0044169476081507,0.1880023000859702,0.0118972983723924
332,0.0719718591460143,0.0050780565078692,0.3845024256084285,0.0693914702759609,0.185298267458415,0.0666637623142675,0.0362522635365002,0.0036860899418233,0.3339515846520308,0.0688084634009451
333,0.2137029529701935,0.009066380957526,0.1483304989806813,0.0179720767389449,0.2782914685956487,0.1516052077918894,0.0214054081058747,0.0044416478381324,0.1453890705474198,0.0178886546030566
334,0.1932280294065365,0.0088297814575581,0.2067419047278697,0.0132555292543073,0.2150906386342115,0.0808324603860577,0.0190607398889021,0.0044729447930699,0.1981146546933288,0.0132255839055514
335,0.1151270942005384,0.0122466117949138,0.0026499314347782,0.0005582354850822,0.4336764162410637,0.0084371128292076,6.625615339292035e-05,1.9569962936993928e-05,0.0026842009787955,0.0005701217940556
336,0.2245886671323689,0.0226729509878547,0.0032578372963126,0.0005627298437333,0.5213904501384174,0.0107835769003305,0.0001666647355097,2.944462266548308e-05,0.0031650343996762,0.0005465794901023
337,0.0869158224563659,0.0060730646143277,0.1900521686282402,0.0864523814704097,0.1525981057015562,0.0689352285151252,0.0367516286417952,0.0039610417575647,0.1654994520119973,0.0856567318338598
338,0.2037595151747597,0.0095483045509174,0.1753245811184953,0.0104675906713774,0.2580823372272056,0.0480872865979669,0.0115794851599466,0.0033605940736898,0.1647228534316982,0.0104222729716038
339,0.4866902191657569,0.0078545248640753,0.1510449658369656,0.0228872008737059,0.1453300532883302,0.0712843562588915,0.0179396868383615,0.0040240982238501,0.0988231358870608,0.0228476102392003
340,0.2771248962342079,0.0086419979735517,0.1861555280931045,0.0085620686604397,0.2222346451383706,0.0336175034560765,0.0079995091964553,0.0028659625857491,0.1466809474226306,0.0085373839765851
341,0.2177111262380587,0.0061378117663406,0.2860457537959381,0.0479023898314886,0.1421997974079024,0.0651517011563937,0.024528935071862,0.004342162055133,0.1943502740549418,0.047654554526747
342,0.4726730627029408,0.0395357390672837,9.229725866086072e-05,1.2757007963269889e-05,0.162948903370896,0.012623193872652,8.53748895767283e-05,2.3213903688095464e-05,0.0002105522859527,9.202725917941626e-05
343,0.2287256712711119,0.0091209802536777,0.2175535720247229,0.0101562957556066,0.2570058409991205,0.0378933783271563,0.0119958039135647,0.0034645142091728,0.1493626965684473,0.0101117586620964
344,0.197919601204846,0.0079289153776024,0.2485961563661123,0.0075437461817702,0.2435999288077305,0.0312480169956109,0.0127942565725614,0.0026618188855844,0.1514585393504422,0.0075208835128357
345,0.2509164078322277,0.0100223996555961,0.235045269937912,0.0086533176735034,0.3016531546097826,0.0275295915790483,0.0118528791657481,0.0029879702321069,0.2216730478226558,0.0086139572664387
346,0.2601703515187388,0.0133408652783358,0.1636957996573041,0.0121633391489139,0.2272364679937779,0.0313622973237263,0.0205109141567776,0.0043041013368905,0.1539272372939516,0.0121138480203702
347,0.0790826860139434,0.0060439136488796,0.2361054263916759,0.0619192658580782,0.1434594865489748,0.0716585616507131,0.0259707018314762,0.004469334039231,0.2110738445372321,0.0615669782077861
348,0.1965929571747797,0.0092244642248719,0.2313544444772175,0.0107350104416115,0.1995546292199575,0.0463972726177831,0.0120378226057983,0.0031887188080575,0.1739013248454992,0.0106894959226785
349,0.1419947512015586,0.0069664501638629,0.1226577869662645,0.0349710657575312,0.1142045208369383,0.0571962216243319,0.0159771217738052,0.0042334066853496,0.0930154221236337,0.0348459555424986
350,0.1804041735650096,0.0139717618081592,0.0017801687398871,0.0003354932961418,0.381462207295823,0.0205171024199667,0.000100691071206,2.131048819246891e-05,0.0016830571072259,0.0003164472634717
351,0.1662280390194593,0.0084241920176768,0.2319424425726764,0.0117961548410296,0.2009969269857739,0.1068570787513426,0.014546635316061,0.0042510764562688,0.1228207746519628,0.0117726949297727
352,0.0028380327620883,0.0026021349073015,0.1172115128453832,0.0186700317037955,0.0539975994797211,0.0185205910693612,0.0028004266005025,0.0019377983223245,0.0629862169480568,0.0130802939086153
353,0.0031898821674974,0.0029488144444825,0.1706956743644563,0.033443522274057,0.0634428033735974,0.0228062825795176,0.0030325687118318,0.0019738621470289,0.1167823237754711,0.0208113461586195
354,0.3864293430458566,0.0592327735604974,0.0002383641783403,1.1334767692096743e-05,0.2694817316954624,0.0038459965340961,3.0140368425858665e-05,1.3021635600350058e-05,0.0003105063937989,7.71429161838993e-05
355,0.2921812511106013,0.0084526054765358,0.1979838670323387,0.0096187569518236,0.19678445881531,0.0449125623190675,0.012793642440021,0.0033197990050377,0.164750540798148,0.0095854156364315
356,0.4265398643339288,0.0565718141521147,0.0002549969267236,2.4981285006840543e-05,0.1885590494457751,0.0080181833877734,0.0001066202200637,2.744141356711895e-05,0.0003251666246485,0.0001102126112541
357,0.000743431340815,0.0002965786819376,0.2022558957270281,0.0057602935214022,0.1993690122404968,0.004384033191864,0.0013257232677074,0.0003952181717063,0.0701435514703028,0.0031045912472916
358,0.0145677879035777,0.0035119234290143,0.147624149529391,0.0370619417465819,0.1006370253092285,0.0490375023752254,0.0116504718925035,0.0023543760477018,0.143638536351399,0.0368212837448614
359,0.3482706498569581,0.0240698179477778,0.0019648395881796,0.000410513816987,0.342752184915008,0.0255588050519546,0.0001628392366494,2.9501457493229292e-05,0.0018935310856951,0.0004061095367956
360,0.2537421188178493,0.0108107529622056,0.2080363336204574,0.0094488940118885,0.4043575092641053,0.022794382225511,0.0133721443629444,0.0031762803582859,0.2013164770526748,0.0093842731899073
361,0.1217189313411327,0.0118812948058771,0.0248624396510847,0.0018226870350411,0.3170572647652578,0.0154590246131688,0.005306769662278,0.0003376295799918,0.0243170181340954,0.0018420154336636
362,0.0320541370252547,0.0031695653507841,0.2849975555031416,0.0550418874582237,0.1174361420413855,0.0461978042098484,0.0222160005647352,0.0024595502254484,0.1720419819991757,0.0542989591035326
363,0.1828216099938706,0.0096762368656922,0.2845397795854388,0.0083393192192589,0.2040220859354045,0.0354033839369165,0.0243039019565906,0.003475978402106,0.1761737617123903,0.0083037498418518
364,0.1349776843366715,0.0095243391632431,0.2535841115423675,0.0079671882290808,0.2337001384223398,0.028659445849586,0.0122579819606049,0.0028735400986569,0.179018163758583,0.0079343817210024
365,0.1822168503160664,0.0083534768745946,0.3071128952488022,0.0115730099184201,0.1779956329532103,0.0867761436854525,0.0132957980617302,0.0038432338786647,0.2662154048736666,0.0115440138467349
366,0.5161790397993589,0.0246728807039795,5.945231950852566e-05,4.331415653586515e-06,0.1420923037143896,0.0078717385735515,0.0001067540450222,2.58647982553578e-05,0.000226563313903,0.0001063120594009
367,0.0008851241887296,0.000290133046644,0.7859431361648818,0.0053460280402858,0.7819511422490599,0.0036100508642578,0.0025260928758096,0.0003974579473455,0.4075992886531632,0.0043736356063544
368,0.4535455716477449,0.0454464927080204,0.0001138888157386,6.244011909672442e-06,0.1693927821256108,0.0032398428378082,7.213150622562632e-05,1.37400576271637e-05,0.000232937123384,7.209591109492148e-05
369,0.2395740339832663,0.0046759352629292,0.2118500076202074,0.0256112708249536,0.1168197352970772,0.0482588745558073,0.0133711636357387,0.0032732861178952,0.1743667391635711,0.0255188552926367
370,0.0016192455437722,0.0002757875907304,4.133990249816775,0.0054012341823422,4.1244679049959245,0.0033844780299036,0.0042533115925688,0.0003779330903929,1.7239211281870024,0.0042920973633477
371,0.4445389662029362,0.0247853963691201,0.000132852593746,7.107260442124283e-06,0.1856893025658526,0.0068312070815728,6.480091645930388e-05,1.5142569414303262e-05,0.0002538734445892,7.534720587929692e-05
372,0.4670581073954312,0.1232044549173264,0.0001200186806451,1.2272052656222e-05,0.1613979099345033,0.0057707874934072,8.718792180201633e-05,2.1618566315058764e-05,0.0002958031292131,9.366970107120738e-05
373,0.1271487337799514,0.0129055674268152,0.002939797967246,0.0007211520929695,0.4445178153943506,0.0435877867825334,0.000285151630134,7.564774072433654e-05,0.0028358611214317,0.0007064214212136
374,0.0518537979521643,0.0040406047968201,0.1560643230675846,0.0618138176393171,0.1185676288795046,0.0456753892171548,0.026384014591764,0.0024472127486143,0.1549111033651266,0.0611217642171304
375,0.0022094469257965,0.0002862284514585,8.263047695405687,0.0054765992149019,8.197386562076586,0.0035934290492122,0.0056166696976218,0.0003856232260335,2.9540036697213865,0.0055876329398536
376,0.2382951623518155,0.0398804486979325,0.0003725455472357,8.237821060597496e-05,0.4859717838378078,0.0124659938661693,5.453593385080134e-05,1.198901009864331e-05,0.00036756799444,9.393734198437488e-05
377,0.2353277734816919,0.0080839854533525,0.2432967564197581,0.0105971987930557,0.2532031628590514,0.0705458205644853,0.0106018010023417,0.0033456585868183,0.2289173497865419,0.010565766602975
378,0.1827478403183001,0.0090416830036247,0.215682818001522,0.0080625137183892,0.2217922271891411,0.0350498376136618,0.0098137146903236,0.0029621545599782,0.1790675797535332,0.0080343800274462
379,0.1748113015183048,0.0123413605396837,0.0015012886398776,0.0004109951198019,0.2611167434440937,0.0077968097225966,7.390133172255819e-05,1.5369711238261918e-05,0.0014627407441193,0.0003979069669218
380,0.0033536212834258,0.0027586971177096,0.0555290915635767,0.0120185207634041,0.0389039835808584,0.013199424593426,0.0026938709237935,0.0020304328869325,0.0167017523988185,0.0067530094519394
381,0.2456711293933739,0.0066177962731022,0.1943112781062714,0.0166654691301263,0.1649444531449661,0.081584336692616,0.0118062027610948,0.0041810602871535,0.1563306827713004,0.0166336107519242
382,0.2530974843379807,0.0095510704717909,0.3005858394876357,0.0095657308433235,0.2330030313902418,0.0366505986195376,0.0113456378582044,0.0034835322607023,0.224791107580212,0.0095290161433353
383,0.0454718641066432,0.0024083874558393,0.0018987385328955,0.00097542292112,0.2465282400566558,0.0084581906307201,0.0004612681468695,6.074401477615529e-05,0.0019157798671487,0.0009976812568442
384,0.0905716289801278,0.0093982835854902,0.0045981684917915,0.0014244336183516,0.3508583415054223,0.0087413719714823,0.0008029793462447,0.0002227350416179,0.0045698358066378,0.001423233854882
385,0.4022917310335247,0.1026111762931621,0.0002140548568471,2.7005304971442254e-05,0.2305516887134299,0.0072360280149022,7.055263358884762e-05,2.103774832382276e-05,0.0003538372357289,0.0001006472487066
386,0.1610931934690002,0.0088228115530411,0.2057782042009446,0.0094525071954426,0.2093363505168789,0.0648903712439508,0.0122849440332291,0.0034155260808514,0.1259518199615527,0.0094258006392239
387,0.0007863063828236,0.000240105928682,0.0278245873598019,0.0047547986319508,0.0158618846842636,0.0020777277679707,0.0009113556769863,0.0003061253090546,0.0076152293941993,0.0010741479349451
388,0.1167436491358817,0.0097054619493325,0.279432348424759,0.0077995749083072,0.1462113650200106,0.0360558602601357,0.0115925798704588,0.0031063921237602,0.2738880289717133,0.0077817787222101
389,0.2084526906091676,0.0086306242335113,0.1750612455557749,0.036946875756406,0.128740347425431,0.0675930844061858,0.0172861244438903,0.0049911437652412,0.1543212705421594,0.0368635385229304
390,0.1524933300423423,0.0074943937846845,0.2030910828273781,0.1030598337897953,0.1600891776612481,0.0761641424263351,0.0438683746139494,0.0050460582704304,0.161371824978039,0.1020385140905377
391,0.2332544472339947,0.0080185330285503,0.2337852941893953,0.0118528545009967,0.2041460900349683,0.0910109456027788,0.0139658020188963,0.0037766788597929,0.1269617578416889,0.011814170529664
392,0.0011007390736937,0.0007528287062414,0.0244608019318784,0.0042612872346433,0.0172296485345508,0.0044659955404652,0.0011419150106809,0.000825000803832,0.0086966197928946,0.0024387140561715
393,0.1841880006409006,0.0110752759314844,0.2352798287809567,0.008258088353577,0.2205987123851565,0.0268523022042715,0.0138002541572439,0.0032751114921055,0.1891713554213891,0.0082258492891402
394,0.0008043224645707,0.0001417841642729,0.0264288442624721,0.0035836891010347,0.0063665261318174,0.0017804847177197,0.0007025601611982,0.0001773447875845,0.0071319550413426,0.0011463060090773
395,0.0314972643651303,0.0034400375456068,0.302708616305885,0.0523045102977009,0.123601914090155,0.0512442500944225,0.0224438385910946,0.0028345955076889,0.1922716635603284,0.0515496390548513
396,0.1726952097194909,0.0388046009727614,0.0002936152951512,5.227265588293117e-05,0.5336807904902099,0.007892252277141,3.321537775390358e-05,9.037533013971153e-06,0.0003685762401361,9.29416996250826e-05
397,0.0072100673363317,0.0018506041371307,0.2937332891412727,0.1503009592829179,0.1211206403454232,0.0510306934087859,0.0104371768722849,0.0017056083001394,0.2770879192179389,0.1295563592008599
398,0.2554600169470692,0.0102067371121099,0.2217229063616136,0.0088912561133276,0.2499736198734056,0.0414933143904484,0.0126578531801301,0.0031128298678799,0.2128740291474319,0.0088537802013646
399,0.0017113411643166,0.0012151426619526,0.2723851206474021,0.0678049927901327,0.0677664922162476,0.0169952171535252,0.0027542803182488,0.0012197693168369,0.07668520080774,0.0242952569727078
400,0.1623035360914776,0.0063217171812158,0.2964774862131321,0.0428843655396258,0.1524048722682833,0.0482713536260172,0.0191251909629946,0.0043970120883545,0.2538903764386981,0.0425645833917323
401,0.4941171014482021,0.0369935067914314,8.891800402485147e-05,4.739635526278387e-06,0.1623809097306509,0.0048507429011712,9.526535333634344e-05,2.073396311703002e-05,0.0001919553657475,8.221558094124002e-05
402,0.005194183614422,0.0029799808279963,0.162279170799573,0.0943686476415498,0.0955281247520159,0.0415624553418173,0.0045683522022865,0.0017866278956722,0.15242487161104,0.0781681982719886
403,0.2013795199434904,0.0084826099902986,0.0046734674588433,0.0012513336769734,0.4776914658815781,0.0224749368410587,0.000113288373914,4.846099878552383e-05,0.0045249788201246,0.0012664413397167
404,0.2316819478062519,0.0111408157104529,0.226528469282905,0.0108737916281669,0.2158935887975455,0.0466746553101355,0.0153598395111354,0.0037026093580952,0.1750942778588875,0.0108320629420358
405,0.0007576334859901,0.0002842686661765,0.6597929320566943,0.0053921541643609,0.6565202178402383,0.00368943157034,0.0022216614699182,0.0003876144127306,0.34821603443659,0.0044799545627829
406,0.1979631843626378,0.0091278382435633,0.2381612060399719,0.0085218553397505,0.2373994257322126,0.0423638389401007,0.0148695949805265,0.002922432761539,0.1326859703425961,0.008484610461155
407,0.2484586831483681,0.0117304052439602,0.2141600912712379,0.0116437531764398,0.3253765350393288,0.0407983232863343,0.0176990315182118,0.0039072984202707,0.1760598245737784,0.0115838719356182
408,0.410768971392536,0.0649000162994062,0.0001821232835502,1.001861160774406e-05,0.2411834890472592,0.0042835658029651,5.189792667235103e-05,1.4271840863919786e-05,0.0003082821659948,8.605824743965887e-05
409,0.2097576298464576,0.0094972318821161,0.214432621713664,0.0082480019000333,0.2327974661544569,0.0326449698314737,0.0137292205906592,0.0030453887643744,0.137471477650257,0.0082159130097947
410,0.3630486876871248,0.0081041675286362,0.1611491949922741,0.0178107958595511,0.1736544631506145,0.08662257407895,0.0177724925142175,0.0044134300153553,0.1388063577630045,0.0177839210318285
411,0.4949993867385465,0.0289883393539231,7.675063860042425e-05,4.960726013539905e-06,0.1568542147053598,0.0081976394267557,9.88367624030078e-05,2.949238122280261e-05,0.000234935630103,0.0001005587552856
412,0.1949229725962544,0.008217907521327,0.2503411671648203,0.0104890598284855,0.238618465599465,0.0875039931374483,0.0123927122228574,0.0035884247035298,0.1743631456040582,0.0104442459230084
413,0.3710232072264454,0.0071792845638776,0.1670397827811167,0.0181032447197103,0.14222085672283,0.0555991024957671,0.0116043569895596,0.0041644533289528,0.1074080776503936,0.0180610449594877
414,0.00076708177732,0.0002261769654868,0.0363598219242308,0.0055074867941504,0.0334625152345176,0.0027804172561163,0.0009367651399576,0.0002853296602045,0.012361869574307,0.0014746196324465
415,0.2362925969661116,0.0071126617065595,0.1408780669736774,0.0109767335139595,0.1699955723041437,0.0901100715671722,0.0113388288138559,0.0031334655400213,0.1117261013525782,0.0109341789910137
416,0.2240125559350387,0.0394703434129881,0.0004192282389621,7.432247807812563e-05,0.5534908219556357,0.0129813232172232,2.915660338854031e-05,8.10563196432422e-06,0.0004040883695386,0.0001019410331797
417,0.1773502705615138,0.0075075111744817,0.2599202167409111,0.0120354424885498,0.178850759426271,0.0869561262756022,0.0134175968584876,0.0034874714443199,0.1678489083185617,0.0119967307024388
418,0.0014846886383462,0.0002722539475852,3.559794056827625,0.0054034717183569,3.550459303741308,0.0033968672723938,0.003934248883674,0.0003764532840498,1.5135313459167583,0.0043192040784058
419,0.513276867640408,0.0319421875577991,7.152387849458521e-05,8.508779191023246e-06,0.1495533250407779,0.0149393246277799,0.0001107539133905,2.9556613683915933e-05,0.000343975292629,0.0001161648763416
420,0.1887121156709333,0.0080168873521318,0.166937671765521,0.0103127492020294,0.1792479378439396,0.0779762363769286,0.0105615069361092,0.0034305269216469,0.1182029873510201,0.0102771168100645
421,0.1876370994771142,0.008416339056469,0.1881413676894019,0.0098812734687107,0.2279999643586661,0.0549991120892273,0.0114201280547144,0.0034196736275689,0.1657902707299624,0.0098489709570613
422,0.1171123630266665,0.0093860744457787,0.0061505354625996,0.0011749429836906,0.4367937716029282,0.0065089349514166,0.0013442521651404,0.0001658212161563,0.0060384238481896,0.0011511341740459
423,0.0011730428772956,0.0007669590360375,0.0260802847394288,0.0052479505367018,0.016991707805375,0.0054284096024123,0.0011287000213316,0.0008340024621456,0.0093442247223594,0.0029120957412245
424,0.1822370377193705,0.0092722183395566,0.23776233702161,0.0100180434933706,0.1913329058371092,0.0557912316887367,0.0115437534423602,0.003191076484522,0.2309645941843452,0.0099817415792229
425,0.1839861591797347,0.0109171010417881,0.2092293799668877,0.0101834511646207,0.2979757912570942,0.0273917253562063,0.0132316589529029,0.0036511728430734,0.1463736597555014,0.010130291438824
426,0.3054751156879707,0.0082946725986614,0.1430536769997901,0.0252989069504538,0.1146446129855385,0.0577163114195073,0.0156005921005327,0.0047438788365893,0.1222575346581273,0.0252447613049404
427,0.4568871088643864,0.0938215004964205,0.0001537525907541,1.8405073368412712e-05,0.1632380891104406,0.0077356293011564,8.832715905061211e-05,2.4099674788270617e-05,0.0002813152311013,0.000112350403156
428,0.0007328489115378,0.000289927534019,0.1245732716181691,0.0058683031873512,0.1218981082511631,0.0044359216671574,0.0011689687105022,0.0003847347001111,0.0352002145063534,0.002473671580264
429,0.3965365166863877,0.0320379512662195,0.00021129666819,2.5449178653055718e-05,0.2572424755243278,0.0161650815635701,5.078375793510205e-05,9.685008879440988e-06,0.0002874432022478,7.803410219655988e-05
430,0.1747754003460343,0.0103071311691702,0.2187055580443489,0.0081537008432866,0.2216557972410325,0.0302397807778859,0.0127202187903562,0.003228845806837,0.210727775134898,0.0081287468256552
431,0.1067949644373466,0.0235982336389119,0.0072059407298154,0.001590434707454,0.2861978896752724,0.0683560597179839,0.001184731393602,0.0002763385890876,0.007157577511979,0.001591169019918
432,0.1807033904922608,0.0077083999235617,0.2183116078911432,0.0114546632322084,0.1632084894460611,0.0833483300777588,0.0096531892197901,0.0034896117868535,0.1729586421202995,0.0114205625676738
433,0.086450662800681,0.008390136816217,0.0019690850096696,0.0004772003579533,0.3856643413956079,0.0220268414933962,7.940387285226217e-05,2.083526256275824e-05,0.0018922105263154,0.0004565731472316
434,0.3238623617660748,0.006806962672408,0.2282172983089147,0.033447488080985,0.1393458847927607,0.067008438017606,0.0131276896866209,0.004177018242352,0.2047401282107627,0.0333492154320031
435,0.0028703289544573,0.002554209014226,0.1299422007010487,0.0183410771806044,0.0380938444198629,0.0146845300347164,0.00263245800324,0.0018553945095461,0.0473137514926672,0.0097684546137657
436,0.0025281406263961,0.0019225497077997,0.2294062979145827,0.0558909132808494,0.0593454801173265,0.0147430385087742,0.0022042044503876,0.0016261848378958,0.073316648998553,0.0111543475110497
437,0.433346265612364,0.090059714904687,0.0001253313482884,1.086549291593172e-05,0.1823272799974838,0.0060719163511877,8.599135332619017e-05,2.763027400289873e-05,0.0004073226686837,9.581653483929558e-05
438,0.2754730615026303,0.0105675930951605,0.2695559942553434,0.010243545124335,0.1956409822620255,0.0402136561238414,0.0155515106909676,0.0036726523603246,0.2264953331785424,0.010208092741763
439,0.1338616711436023,0.006696430561312,0.1563425564306307,0.0138558970527333,0.1356286213882867,0.0648735618364087,0.0118167773813897,0.0035050503525006,0.1398267509159907,0.0138026247282412
440,0.2781468491414516,0.0094172927098842,0.3412954798416154,0.0086595689629991,0.1958837837956543,0.0335336236698486,0.0123873724699437,0.0032579367863855,0.3127695840789861,0.0086320811008214
441,0.001662827516385,0.0002724293293579,3.0533956961843023,0.0054896495364076,3.0408427654002765,0.0034983960172214,0.0043347030019877,0.0003701169624705,1.340423545624398,0.0045504803220705
442,0.0772742458959015,0.0050674987493475,0.235361592576755,0.1027421997063426,0.1477068488142232,0.0635062278111608,0.043326744966663,0.0035418066924476,0.2331471670418803,0.1012817470231727
443,0.1598778945604228,0.0057323312239492,0.1717470604571558,0.0284201667406784,0.1092064041715108,0.0465377357645802,0.0176588359093234,0.0032585797787458,0.1682145728901229,0.0283090416737321
444,0.1437848917689221,0.0180108807415572,0.0021288957261447,0.0005190597047063,0.2016049520012633,0.0371654265514485,0.0004864510756374,0.0001177308173229,0.0021251568257631,0.0005235884292498
445,0.3048741863919831,0.0086513986734882,0.1397095031746736,0.0298400799257221,0.1223342860191192,0.0624191641493601,0.0229225455888356,0.0046729323013339,0.1351786862891478,0.0297766696177495
446,0.3263848911193897,0.0084057210843149,0.201987561748026,0.0078975363329753,0.3258569859731963,0.0365732570207536,0.0085423238498408,0.0028644052500641,0.1823277964940751,0.0078612740573312
447,0.5035126598745528,0.063695936329741,0.0001378362707891,1.908360081390085e-05,0.1450693846800783,0.009232857940417,0.0001096341532953,3.109959422003872e-05,0.0002421954586701,0.0001211810594451
448,0.2975779738941778,0.0092429042904631,0.296892467979343,0.0107734915170334,0.257897117445915,0.0373552188566071,0.01542897530077,0.0033469729975551,0.1815510351319184,0.0107171106867888
449,0.1548679360652757,0.0081114132739806,0.2420441902320464,0.0127745441149133,0.228996082990193,0.0719190602589148,0.0123338645538014,0.0039795442940557,0.1285066288005036,0.01274369679212
450,0.0020266471332917,0.0002775737376063,5.636618849798111,0.0055120701035036,5.601709550746518,0.0035759410869425,0.0051854411333138,0.0003758505457127,2.209290537303401,0.0049909338249588
451,0.1383198232233023,0.0076786118526259,0.1936781748314469,0.0088248751336071,0.2436676045734477,0.0878340887829808,0.0129641309684768,0.0033911002273198,0.1550342486122011,0.0087974640033012
452,0.2261375950013801,0.0096672014549951,0.3204749350815426,0.0123043902865843,0.1870244437982089,0.1013757650404968,0.0140220468712732,0.0039915318034106,0.304714063119424,0.0122773618533056
453,0.2177425921407771,0.0093815641459183,0.2310791973820885,0.0074143447154791,0.1950853511799237,0.0273375004424231,0.0151316479486044,0.0027693936015985,0.2199192948686293,0.0073913388950361
454,0.2573479791554043,0.0083850807562301,0.28809549929046,0.0113588207038087,0.1756879237993366,0.0837321116111959,0.0093668374081521,0.0036401619619139,0.1976983033691488,0.0113106046416468
455,0.0025315708166047,0.0018905020604333,0.3447619114197696,0.1266922425056341,0.1334375744698033,0.0365946839706247,0.0031891604244778,0.0016600002525287,0.1778611328474632,0.043572914449865
456,0.1910936481210039,0.0530324975109625,0.0002443532265019,4.309992414299411e-05,0.5223945585093066,0.0059401368314747,2.700153741317965e-05,8.736625940838255e-06,0.0004340245333433,0.0001040583438586
457,0.0853881424385628,0.0047531870509558,0.1836927383363478,0.0464843025008635,0.1056466548349354,0.0403554514652651,0.0279923167529924,0.0030958690497329,0.1623288141182796,0.0461471449625386
458,0.3312009104943839,0.0092254720810705,0.245427897773555,0.0096100872683351,0.2037975197761535,0.0297891994233057,0.0125299635658002,0.0036280366195781,0.144191473758759,0.0095762515928447
459,0.3221457785243592,0.0276478218018325,0.0027330198018556,0.0004240559710615,0.4700645548318741,0.0067020346694643,8.103929678117603e-05,1.8985073015536392e-05,0.002633794886239,0.000400296777006
460,0.0146025127163197,0.0030891128352374,0.2967754699785908,0.1282811743692974,0.154080090796681,0.0682055132123609,0.0132124795519777,0.0021956849749699,0.2646346512187399,0.1253502663245273
461,0.3156225246869202,0.0100745845914347,0.2495434858915823,0.0092518450330467,0.2391795826656522,0.0292794171233303,0.0121993840520288,0.0035347528450401,0.1692707958912439,0.0092169334217427
462,0.4977935469418553,0.043226658935747,0.0003463488444112,3.677108802521319e-05,0.1479596165761807,0.0137686969163461,0.0001062863787454,3.0722377834911173e-05,0.0004478677084617,0.0001383100148558
463,0.0023556330295727,0.0019550247914929,0.0372781463560516,0.0115389761039098,0.035909491800062,0.0119717133421987,0.0022078420562219,0.001591375621473,0.0201266317134681,0.0059657967118803
464,0.2308188666928124,0.0067332713089899,0.233404875382316,0.010613950216911,0.1863844764814433,0.0863637750848917,0.0107966732802911,0.0030701625509165,0.1290660398428519,0.0105704530271468
465,0.4027851703925159,0.0067028358659243,0.243716956002486,0.0154369946785696,0.1519060631609134,0.0685294295563697,0.0140055907830205,0.0041045368477678,0.2026806585139962,0.0154135984358406
466,0.5017105398801507,0.0248809797060594,7.809889846484285e-05,4.7206979507357895e-06,0.1590056538251504,0.0076777900267874,9.479749520239708e-05,2.1758938057162045e-05,0.0002996876017257,0.0001061871187783
467,0.2318812685340936,0.0064548990037675,0.19958920491739,0.0222504998687125,0.1280979082026674,0.0450120553268459,0.0122053633635784,0.0043044086154175,0.1229069535935885,0.0221795842032015
468,0.1967990394802824,0.0099225813415933,0.2374338132767622,0.0083550666370267,0.1782300968414873,0.0271519732322314,0.0112657874828472,0.0033069657251101,0.2017807682166606,0.0083346319538237
469,0.1193873395442564,0.00698310826802,0.2096775868598144,0.0927289689713907,0.1651949491496257,0.0846677730467136,0.0405977071329032,0.0050528361156022,0.1870450942388812,0.092112883763692
470,0.0226947234260999,0.0039179311950641,0.2326032254448441,0.0719852004184455,0.0958932909736899,0.0435093544083768,0.0175051557489395,0.002600795129694,0.2283250096533441,0.0709014696981009
471,0.0804672357305765,0.0076376598144442,0.0022823470613944,0.000315248259344,0.4284091588509927,0.022567799633553,3.9848761772437375e-05,1.4332730837891784e-05,0.0022466602089981,0.0003159447787475
472,0.0060502415955447,0.0025863283729219,0.2560350899423713,0.0850864633055805,0.1114449321649844,0.0376988520548424,0.0063921797203362,0.0018725541478863,0.2385698551155716,0.0752321365254029
473,0.2990631394340726,0.0071543273309317,0.0998508590700347,0.0212929121730893,0.1206296285297748,0.05606544002551,0.0210372126836378,0.0040353792209655,0.0952379350842331,0.0212262866978502
474,0.4185506241884618,0.0072445315398741,0.2134823686677492,0.0418807018385517,0.1568060290461102,0.0742208391228671,0.0201527866237601,0.0050115078600364,0.1657117502058756,0.04173634824059
475,0.3309575737800563,0.0197800974388812,0.0036707137842741,0.0007348218705953,0.3163480439693594,0.0469054874585066,0.0007405911005071,0.0001463839914675,0.0036165467954928,0.0007328271893825
476,0.0022944273772291,0.001834269794062,0.0624923110569706,0.0095158783554479,0.0289162982408216,0.0091736373327857,0.0021530539078739,0.001542114707295,0.0188068178323974,0.0049399782743562
477,0.5636206523779806,0.0199284557395767,3.3500446725674825e-05,2.4166975900588167e-06,0.123233376969674,0.0090249641503771,7.872861603005585e-05,3.299607122866389e-05,0.000367934848538,0.0001580417639206
478,0.2114306195763011,0.0070238265717585,0.1948127437313698,0.015146885701139,0.1228357234806269,0.0566185731181526,0.0103151671200082,0.0035066076367377,0.1608685332556914,0.0150988981052911
479,0.4994568387200442,0.0390222872274611,8.475409244904885e-05,4.588888080172764e-06,0.1623282542684705,0.0057684221982684,0.0001028697815019,2.2588304514394763e-05,0.0002056004075966,9.395100786024748e-05
480,0.0018949381736758,0.0011410077898444,0.2608893104090453,0.1048031833653906,0.0901259494234907,0.0200819744883933,0.0026518476510788,0.0011813376905647,0.1001477992715555,0.0193879849670675
481,0.0367962812484702,0.0028539992302538,0.3123948306154606,0.1357492252355969,0.0969616514676659,0.0376043555175243,0.0356182378564801,0.0025285695160182,0.3031263319990193,0.1283934513347131
482,0.4195561807691182,0.0498457446023759,0.0002645170878418,2.901521168075862e-05,0.1944376131051956,0.0082036359074664,6.77606440205356e-05,2.291282335668664e-05,0.0003919527581733,0.0001076407963279
483,0.1442551127025887,0.0083902005863823,0.161975945451665,0.0103676771582867,0.2293598487099622,0.0599114638066813,0.0114571981673137,0.0036920630287188,0.1568302858179871,0.0103402859687304
484,0.3092095940138893,0.0113647683084381,0.2198512488140974,0.0143576376447573,0.1804149078590075,0.103693105427148,0.0170836492536738,0.0044050482831354,0.1844970790650257,0.0143040593510935
485,0.2336820849064767,0.0099893950551991,0.2902414225663405,0.0113046780301251,0.2300630739340349,0.0440047140758174,0.014375100535684,0.0039258943198455,0.2374967931259461,0.0112636441071979
486,0.093142698396095,0.0062779888303926,0.3114499612200474,0.0630676828669984,0.1651889119466598,0.0689339120408224,0.0337484875697657,0.0044083792066296,0.2875243724831502,0.0626182927057877
487,0.0017563093416878,0.0002787567734834,3.848421996670279,0.0054470632910279,3.832392339498953,0.0034537660107354,0.0045706560132049,0.000378173430487,1.6208526105345262,0.0044984562103991
488,0.5425282230712452,0.0177951393789005,0.0001477937777325,1.9824565483000376e-05,0.1375140179519331,0.0164682037244705,0.0001081452609328,3.046715721076098e-05,0.0003761268326805,0.0001428248123518
489,0.5078524366449304,0.0565451880943829,6.374639139311851e-05,6.481193243323011e-06,0.1438444393102294,0.0081389823435296,0.0001053792731641,3.025887092753322e-05,0.0003447124106161,0.000106690426371
490,0.1603466771404329,0.0088487345102584,0.1981538482662435,0.0078841929330496,0.1433901529828455,0.0307053274324794,0.0110242767581379,0.0031463380078258,0.1847932693561396,0.0078713624987583
491,0.2601376819602097,0.0081997980532182,0.1701140144355906,0.0176483614521959,0.1447266160744168,0.0599631188539435,0.0157935450646077,0.0044919940882506,0.1658156252502965,0.01761274204769
492,0.1655802879545521,0.0072712659000907,0.2600797321941096,0.0108109856954492,0.1656920508379938,0.0838387890512645,0.0129979954337693,0.0034655572761713,0.242461348685511,0.0107895672086157
493,0.1845629403751135,0.0092249485382269,0.2188425724329451,0.0136483375468014,0.2435289598506819,0.0928476099920572,0.0242598925685229,0.0041248735082737,0.2017128955284607,0.0135852846052636
494,0.0013396466367195,0.0008397384775796,0.212566462767962,0.0755622802492477,0.0600385478095677,0.0092835174412799,0.0015203018990785,0.0009147699228873,0.0649533633656522,0.0092531589018254
495,0.1651277761397808,0.0075879493633665,0.1610705515095424,0.0128097698137013,0.1959695291188248,0.0836158955223405,0.009924370160855,0.0034704553998553,0.1562834836699191,0.0127737183284078
496,0.2197719370807311,0.0096036802671771,0.1831054376192927,0.0165416365987034,0.2242376008162132,0.1210857527284591,0.0210146921527647,0.0050321035325055,0.1392821258703765,0.0164990878904923
497,0.5066693032320096,0.0417631092774257,7.705235393801807e-05,4.232778100032814e-06,0.1547016924750283,0.0046925206937547,0.0001085531915328,2.2145106280705325e-05,0.0002292594606794,9.076104501618934e-05
498,0.4419017379274155,0.0373147257890104,0.0001185464109713,7.357158378678859e-06,0.169010725307194,0.0067716478474709,7.191145981364648e-05,2.5361050373560964e-05,0.0002665335549439,8.145122354207565e-05
499,0.2482745992323978,0.0077876182242966,0.1337053592161376,0.0121435249862812,0.2333817277704439,0.1270799908012342,0.0131232965034719,0.0038668615086736,0.1214563208155871,0.0121124224331212
500,0.5492873269701541,0.0226605706282623,4.324978078182378e-05,3.785047004864872e-06,0.1270295734229614,0.0132099285107509,9.665817551707664e-05,3.77995869762028e-05,0.0004109098948423,0.0001573234750878
501,0.3964656322582332,0.0071307917642525,0.256179976237405,0.0154523190590943,0.1308351853840674,0.0549155564764171,0.0149030456922999,0.0038326155753986,0.1750053514303841,0.0154169733817926
502,0.0015449150292271,0.000976556194206,0.0258213477063704,0.0052632293673308,0.0187932046669566,0.0053458380067845,0.0013443887436431,0.0010231411352145,0.0091058721558054,0.0027370000741566
503,0.2772124471776054,0.0057980033262696,0.246254757518211,0.0190837914141711,0.1260201469449484,0.0433030524835375,0.0143984668083889,0.0037362715601782,0.1610693170576013,0.0190358838211542
504,0.001628467960362,0.0002779968906645,4.7135064514534974,0.0053739334125877,4.703703045983732,0.0033816019471811,0.0042824838944041,0.0003817553576222,1.9098646535520547,0.0042675730463694
505,0.0116811877727254,0.0025777178418808,0.2789137312841543,0.0835554415121895,0.1217277597951743,0.0410687150613195,0.011179991456541,0.0019786931358572,0.2484245026658916,0.081731475205964
506,0.4851224967204115,0.0126978985978389,0.006032973193509,0.0015068318759238,0.3746143007220767,0.025535623471951,0.0005849646173177,0.0001598834163032,0.0059528016614184,0.0015001961933129
507,0.2477468040491152,0.0064497465275485,0.1970783282826249,0.0379432051335571,0.145321724012077,0.0680015050488972,0.0186803559166655,0.0043652093969969,0.1847724745406483,0.0378191281721373
508,0.0015488473942144,0.0002714152321929,3.97298058808441,0.0053755787441126,3.9636964074503114,0.0033923312626588,0.0040821909671466,0.0003743499599327,1.6541533705664249,0.0043176639040316
509,0.1792898385811338,0.0092960460118681,0.1733098840378996,0.0110963146032744,0.2041248904196544,0.0500086911251276,0.0153211558480358,0.0039714942088026,0.1242542752041831,0.0110561305497814
510,0.1247261778094581,0.0060016496909792,0.1801561975770569,0.048184675661293,0.1268269825011543,0.0532386623220934,0.0299187754443213,0.0038284623523785,0.1548011107036824,0.0479433555028722
511,0.1396664365679201,0.0089627265485558,0.3401357569324624,0.0095728043448035,0.2390555208629152,0.0791681404967184,0.0113581608134472,0.0032514981584332,0.2956046506643872,0.0095517372319262
512,0.0007702300322458,0.0001829651252919,0.0291768811534821,0.0045238324961401,0.0172285521372612,0.0018491539256485,0.0008109792533277,0.0002263967287279,0.0077013926322785,0.0010417579842944
513,0.0027546734716189,0.002486970528904,0.0976541936573793,0.0106314825225743,0.0411230091081965,0.0138290142415581,0.0024769395006047,0.0017793004196723,0.0315467650191852,0.0067323363465693
514,0.1682819596705738,0.0098245308763073,0.2070065470784503,0.0084085133104482,0.1680491067244711,0.0310848317844072,0.0124013364261501,0.0033242525070788,0.1663877859741082,0.0083768597828338
515,0.4847770487128642,0.044367142951312,9.485164907804923e-05,5.0455381160458965e-06,0.1646794922649833,0.0043510102065313,9.338274397310996e-05,1.726073833301996e-05,0.0002305092360243,8.648630598707147e-05
516,0.0026057343310439,0.0020003364216104,0.5755554981566551,0.2873454457278748,0.2741874416884393,0.0643087253714367,0.003787130457714,0.0016534554983473,0.3972851397507516,0.0924350842168106
517,0.2125782157757285,0.0102889258378605,0.1827138836707413,0.0145966440065755,0.2475925822308835,0.095629474298903,0.0165699440407564,0.0045769549289131,0.1716951770652391,0.0145490297777715
518,0.3517643736556725,0.068653755321473,0.0003376041813724,1.527232894362951e-05,0.3164334956460787,0.004255550942119,3.658415797715356e-05,1.823813231141562e-05,0.0003384742316371,7.414551802748796e-05
519,0.5049676646764266,0.0304149110681076,7.78888950748886e-05,5.306036616784801e-06,0.1541762808733751,0.0126030029261391,0.0001535738063004,3.792451817618704e-05,0.0003477891395626,0.0001125231330315
520,0.2316939743105461,0.0095613510633659,0.2371598902777014,0.0084664273462032,0.2574330745721009,0.0254149674978001,0.0123793249263215,0.0030707214912005,0.1307341453879394,0.0084284239901905
521,0.0007953539295867,0.0002773646749936,0.6625777325452342,0.0053407352050457,0.6590632427513301,0.0036134548051345,0.0023127206462289,0.0003788148469775,0.3446816247522871,0.004342825938659
522,0.0020409064051994,0.0013585799020179,0.1188798546174011,0.0233701611582411,0.0292979445580695,0.0090470606467692,0.0017052304216092,0.0012991155419843,0.0294629552620364,0.0057604494777004
523,0.001722374091306,0.0002732254269022,3.843247554050925,0.0054349340719447,3.830156467206233,0.003434421040134,0.0044957819025619,0.0003723101995333,1.6301446221908764,0.0044194646763908
524,0.2198415584372419,0.0091492656875992,0.1841036627474477,0.0096591371414206,0.1898775791234827,0.0487120722289061,0.0117340171916983,0.003475066233435,0.1494817407565366,0.0096302129891902
525,0.0112682419109061,0.0021434117378577,0.0025239265872881,0.001029935467546,0.451250744420995,0.0037473881740336,0.0001317290146016,4.509133185949063e-05,0.0024553417242626,0.0010221781578403
526,0.0013114647244184,0.0002907231605183,2.409538423287464,0.005334699668749,2.4047258129528584,0.0034708226985591,0.003524716745906,0.0003999069412304,1.1114450543396732,0.0044751315877423
527,0.3777268930680201,0.0070204702355145,0.1728919847608286,0.0305457000227226,0.1315553807288381,0.0517928947587795,0.0153625349824595,0.0037483832632825,0.1607160218607926,0.0304480438731405
528,0.170870745994685,0.0074574926635414,0.2411870148859717,0.0150864842801317,0.1725369174977446,0.0806498136530385,0.01711635823812,0.0047693590245693,0.2151470395843201,0.0150670295972914
529,0.1696557478695823,0.0075904824496254,0.1858611323456826,0.0106171008204342,0.1393122777251285,0.0684617378768218,0.0109953837160574,0.0034296504167852,0.1209458137889276,0.0105882528339448
530,0.2652372599108168,0.0100973578905275,0.203891958950987,0.0092435370227386,0.2353775767818595,0.0276819458412523,0.0121427788638628,0.0032119816909868,0.1662016661697736,0.0092046225649664
531,0.5634256210540214,0.0071202115235608,0.1691541447735257,0.0195577002528122,0.1472271657886936,0.0695516424114456,0.0127592137175383,0.0042330234230502,0.162241685731336,0.0195320929279527
532,0.0007278633446491,0.0002892940017653,0.5245544103099257,0.0053606568987773,0.5209780533394373,0.0036268976901616,0.0021487358328086,0.0003941519540611,0.2740360984882989,0.0041400313288818
533,0.1046885556087902,0.007635828475501,0.1465199271430168,0.0104118134067343,0.1900742039184063,0.1004874480005065,0.0135409919910053,0.0032031853398496,0.127676350662958,0.01036739080438
534,0.1268037235468945,0.008028759715826,0.2947227831896905,0.0894063557216975,0.1617793760504229,0.0815025955797637,0.0460111399732685,0.0051617424178134,0.248615518386465,0.0887500126051745
535,0.435520786911113,0.0335843506517188,0.0001251820375024,1.91859631187016e-05,0.1851660525500407,0.0149439038062898,6.050288646305067e-05,1.377418400177901e-05,0.000273119326631,9.034482027162016e-05
536,0.1595126392469537,0.0068332110600859,0.2195384093502688,0.0203899726186099,0.0964752669314368,0.0453201385061529,0.0127968126536812,0.0045192703422834,0.1214224892044886,0.0203396089920812
537,0.3339132718671754,0.0092692855207677,0.1054266235770643,0.0173545634946327,0.2497286712020249,0.1293474584455149,0.0152683341494177,0.0043034231388413,0.0915757345823925,0.0172662833672026
538,0.3677206727807031,0.0703324396104203,0.000244714185418,1.6948835612883156e-05,0.2776894802720355,0.008388254972655,6.397501291339612e-05,1.7467258072415936e-05,0.000269482763288,8.201722106882374e-05
539,0.0142472491629392,0.0025999411599935,0.2396246892619758,0.1357130065784797,0.0772541186637855,0.0376564252146847,0.0140867249661058,0.0019088139314277,0.2335625550086132,0.128851174964838
540,0.3914832235700813,0.0337520198806434,0.0002749965613554,3.0954009941932784e-05,0.2485937832092909,0.0084873057125011,4.356660625513142e-05,1.556076102279492e-05,0.0003081367896221,9.127501288980742e-05
541,0.1402459831684148,0.0054712588562483,0.1500393629648486,0.0283354263692177,0.1087268364927468,0.0531226997702508,0.0127669712407069,0.0041207605031147,0.1300680148972623,0.0282074071580342
542,0.4859415058627924,0.0334528115947899,9.314551914705644e-05,5.097853682830665e-06,0.1616552853956422,0.0051326872234535,8.932384075746157e-05,2.0828043521427786e-05,0.0001950935439307,8.262524767440226e-05
543,0.1359667002129224,0.006713310560741,0.1817809508171313,0.0133879038869615,0.1241009895111175,0.0604902341346021,0.0105391356237528,0.0034459369321391,0.154447534380561,0.0133457578684768
544,0.1920927859892664,0.0137800599972777,0.0011544583179792,0.0003060644604869,0.2684696722683352,0.0417196001790359,0.0002724862819127,5.872314134966684e-05,0.001094716282112,0.0003242255699047
545,0.1305093445938472,0.0088528618491333,0.2472526207457664,0.0100580028452237,0.2247270424638675,0.0566677929656591,0.0159466297591729,0.0035179312658332,0.1846353850607198,0.0100115634859935
546,0.5246581124588793,0.0242630773634923,5.661551698994852e-05,4.386691767300536e-06,0.1440511345972009,0.0128470219074526,0.0001497756997111,4.397184381902649e-05,0.0004039190210358,0.0001403002208412
547,0.1786963304545945,0.0095333443991771,0.1956970497787903,0.0082469470367983,0.2156033223097245,0.026918444207316,0.0110896025195196,0.0029623345243773,0.1755487241270062,0.0082141830247966
548,0.4435511385176022,0.0470585907519079,0.0001334957942452,6.798994654650586e-06,0.1871622316294766,0.0035671483545947,6.362208845275555e-05,1.3006346796715975e-05,0.0002674371111067,8.054733057772135e-05
549,0.0013387479479286,0.0002817445193182,2.471747506350137,0.0053216540133696,2.4666915570895043,0.0034172339431535,0.0035948562800803,0.0003874779232793,1.1096566057312405,0.0043747750735739
550,0.0059401980067388,0.0024018164907047,0.3123201121586072,0.1292206086018588,0.1549107778196261,0.0646252651792144,0.007165740397043,0.001887747808553,0.2570285769906505,0.1195712874179785
551,0.4494543318708807,0.0076625971362567,0.2698277580944953,0.0182811892238752,0.1500886988667091,0.0680990537851318,0.0152777107112703,0.0044203596151605,0.1954769368051467,0.0182410357616992
552,0.1350320988630053,0.0080683003161306,0.1635930949306598,0.0130351218653049,0.1834068306804679,0.0664413994496908,0.0115548706775449,0.0036755137436117,0.1202759519258405,0.0130016575877331
553,0.2522203669337658,0.0088612864086392,0.2610355240895906,0.0119290072178419,0.1745252346090751,0.1007783353143547,0.0128098803112451,0.003660176868416,0.2469731401336435,0.011890955713477
554,0.0129496979241646,0.0027618031628694,0.1592676425463302,0.0339694865083596,0.0934530373305826,0.0418924685827307,0.0097254295094874,0.0020496968367646,0.1380132042676269,0.0336840425995321
555,0.1028647134286895,0.0050573706209057,0.2260173332558671,0.0384506378346635,0.1044523192812509,0.0471749082123163,0.0205519131251889,0.0036532301571409,0.1354306787997725,0.0381680794608753
556,0.0007249287532581,0.0004190701841762,0.025186926615663,0.004932274753202,0.0154220700199835,0.0045313139314495,0.0007179801682715,0.0004906977792455,0.0088772046125161,0.0026726260121897
557,0.4311448179542966,0.0920737660704472,0.0001292442483359,1.149817106341022e-05,0.1873076695067727,0.0059831748617769,6.0686253469093806e-05,1.760066962001998e-05,0.0003573607733296,7.96539176871404e-05
558,0.1626805382050737,0.028491194873574,0.0002275925903297,5.892736762494583e-05,0.478162604286268,0.0137545166423277,3.7471227363792135e-05,9.818128135143615e-06,0.000438464728481,0.000112878935455
559,0.3778198779823302,0.0362437893145483,0.0002201393899914,1.276225960316587e-05,0.2664372597244928,0.0074247155272367,5.478895994626958e-05,1.594491538273227e-05,0.000274247597214,6.904775404503196e-05
560,0.0315333682526703,0.0036689350951883,0.3844678898857567,0.0574996396368277,0.1928781378623779,0.0642271492941439,0.0203408854478759,0.0029144963347191,0.3047498215814576,0.0570080028771487
561,0.1617018576508384,0.0082967440092497,0.2100057995389959,0.0104280353818171,0.1918677273896475,0.0895444123737725,0.0130740698438701,0.003663954686989,0.2034865846848224,0.0104122333095126
562,0.0009646814244162,0.0006315588440463,0.0246643556655586,0.0040923737224074,0.0146216890104616,0.0041791406328838,0.0009820221480939,0.0007078241418473,0.0073511801046026,0.0022280852936294
563,0.0015393211851723,0.0002708656071836,3.7976643280239584,0.0053089851290953,3.788760541159014,0.0033831131737355,0.0040651275913502,0.0003735365101697,1.595479040825063,0.0042719928142472
564,0.3535293369417707,0.0061811116320033,0.2420294212345257,0.0198905936405565,0.1146497310575562,0.0547302083455922,0.0132814210501566,0.0037882942713308,0.1472362543807525,0.0198534923673692
565,0.4370180424685627,0.0352326960833276,0.0001341447145212,7.31185828970953e-06,0.1942746189388409,0.0047632504889607,5.70353233069266e-05,1.4365841975974672e-05,0.0002514574987706,6.914736285006038e-05
566,0.1960711974506918,0.0077517154324202,0.1586381719689037,0.0120932147893844,0.2441610085062307,0.1369201506660736,0.012585546016368,0.0034381911521494,0.1002135970008105,0.0120418535074688
567,0.1259788770701526,0.0231752408408006,0.000376357212868,0.0001032174126841,0.490104048826649,0.0129306088489603,2.8957493832508835e-05,8.612795705473743e-06,0.0004092394587844,0.0001196810290042
568,0.3930748596658117,0.0082645231736341,0.1623049950080037,0.0191426193135235,0.152753831315839,0.0648409150806368,0.0201322888589827,0.0048575403110365,0.1400531095219169,0.0190865150605839
569,0.5156811066752355,0.0277037135591127,6.486561680736692e-05,3.894977737548135e-06,0.1458199144404515,0.0088312734440121,0.0001141430868563,2.9645699421475304e-05,0.0003614064045409,0.0001215586535491
570,0.0077082082619703,0.0026442098764949,0.2517727637929768,0.1422972952545459,0.0931490338041514,0.0563864464143488,0.0083790411517764,0.0020532099342011,0.2351240327797364,0.1313826070641839
571,0.0010066337087298,0.0002886878174668,1.0365405222966828,0.0053507798998542,1.0318839374109057,0.0035107650751453,0.0028208821590153,0.0003967605833325,0.5085501854700364,0.0042969352061568
572,0.4259279986288404,0.0391748681658664,0.0001574384121832,8.063559756282738e-06,0.2161385695644175,0.0046063496824723,4.991452255318806e-05,1.4549552205958566e-05,0.0002697688194558,7.315007413146568e-05
573,0.2537511124039399,0.009559430741099,0.1866997791699141,0.0102821851101278,0.1988038297850034,0.0581357348288643,0.0185911381986357,0.0037454211107956,0.1268480083895063,0.0102454073010148
574,0.0029962007353642,0.0025673237766449,0.0896224481391606,0.0115687390960579,0.0339299970691283,0.0130462535429171,0.0025752178680192,0.0018394502163166,0.026286185466547,0.0068327352920454
575,0.2671252049284134,0.0078659407371104,0.242748920393642,0.0197900458892476,0.1558610463224607,0.0697215326584961,0.0136090792104491,0.0040426403285919,0.219607638561532,0.0197414058975249
576,0.035020330918632,0.0074060422095344,0.0022559080205503,0.000679418877994,0.2909940697098195,0.0044588697380319,0.0004090902469495,7.483956952688864e-05,0.0021975003131615,0.000658771485502
577,0.1621920623755992,0.0073397969336191,0.2376202134031212,0.0115523674890767,0.2600651069213738,0.1097945083305737,0.0112464506768153,0.003378874924537,0.1596967712912517,0.0115221328100438
578,0.4707920424809324,0.1063862534927656,9.019222718092264e-05,9.944465997924574e-06,0.162102666502313,0.0066701528409869,0.0001042248694779,2.210545527120778e-05,0.0003725808543602,0.0001012092693224
579,0.0007424738238723,0.0002937673607671,0.19466275813833,0.0055113077008231,0.1919092028309826,0.0039955823273791,0.0014413944904479,0.0003921779272176,0.0820728649830599,0.0032402614438107
580,0.5368416637775338,0.0241687089303189,6.001412872863897e-05,3.4587575691646102e-06,0.1443530735131421,0.0073107626632666,9.882205045463218e-05,2.293506817597166e-05,0.0002475483132929,0.0001081589584599
581,0.1855052605861149,0.00717908502524,0.1644364759497835,0.0085311249243772,0.1602411415490544,0.0817244331437939,0.011160825428532,0.0029498281988695,0.1358212787352261,0.0085069530324384
582,0.5270258545484672,0.0377412485701275,6.222214947917939e-05,3.4324767139077325e-06,0.144907231845458,0.0061463381959281,0.0001143962136346,3.293585284056365e-05,0.0002106794170184,0.0001080505231939
583,0.0019262451869796,0.0013809387715247,0.115967542330443,0.0258276588737523,0.0289374464310432,0.0080482190229854,0.0017200452430196,0.0012933915392915,0.0287736699069442,0.005291658639659
584,0.0036994033736484,0.0015490368558538,0.2440899400009705,0.086413224708072,0.1058508941392135,0.0383752749264358,0.005518447068054,0.0014087425380187,0.1646069716523308,0.0729838722950633
585,0.0020951364826495,0.0002787208848159,6.670897111700319,0.0055318782465243,6.626885730096149,0.0036545772924531,0.0053188299201374,0.0003761168010108,2.4952580819625503,0.0059851292349405
586,0.0297028220537863,0.0032501911683641,0.2203561757650045,0.027772269929008,0.1079621830581322,0.0518218150560963,0.0147212865555847,0.0028465818880887,0.1505916743156808,0.0276782434020531
587,0.1989059937808234,0.0081052483399858,0.2054811255567261,0.0158146254536702,0.1722593745787238,0.088057704796563,0.0119837841612934,0.0039935605382313,0.155864562492909,0.0157618358152624
588,0.2806154270823934,0.0100881967480174,0.3299266314596207,0.1274034783318675,0.2277714997655862,0.1183782061971409,0.0662333931940483,0.007906392519271,0.3207416348736971,0.1266252076443755
589,0.1936734378154335,0.0100597737445733,0.195715431310833,0.0137924330144984,0.2618728817874194,0.0807128394178845,0.0224935057248616,0.0044468003840821,0.1325216713347815,0.013740626377498
590,0.000799674239193,0.0001301623253928,0.0285622461046024,0.0038113046332403,0.0069894696092128,0.0015264922435611,0.0007386070915782,0.0001615551741262,0.0075496822571985,0.0009293410847263
591,0.2080453493771945,0.0086465032842081,0.2280110871411753,0.0126524928768962,0.2170061771413138,0.0648854292487823,0.0149805998697902,0.004141784138784,0.2176011085846296,0.0126051612709261
592,0.1006025020854978,0.0052312722930332,0.2751443614209713,0.0542087654479788,0.132218950865984,0.0608597247312186,0.031195393903481,0.0037414460383579,0.1434404711717988,0.0538072886924356
593,0.2455650024234078,0.0354136747107609,0.00012254592166,1.2883205451463776e-05,0.4670778974566517,0.0048449896741214,4.623777297599203e-05,1.1082710497388149e-05,0.0002493820364528,8.44904653268115e-05
594,0.2578325416784272,0.0102691664508943,0.2143470296022201,0.0235070158868983,0.1758693548303213,0.0883578002791795,0.0254211620264494,0.0051718770065796,0.2035060154890388,0.0234178758626324
595,0.1851329319533435,0.0076846596531203,0.1695397041326226,0.0168318114441313,0.1457333741368281,0.0684303025440636,0.0147735088064856,0.0038843260468604,0.1270305194842583,0.0167869894364903
596,0.4759519141165625,0.0825581463357087,0.0001080116691372,1.4530261126431494e-05,0.1618717841041717,0.0059043350953596,8.969060169109285e-05,2.304490944125224e-05,0.0002587458812056,9.484638716994768e-05
597,0.0007463221925403,0.0002828024884515,0.1448163275295887,0.0057193613821477,0.1418642383749553,0.0042518558074182,0.0012515836904852,0.0003770798888776,0.0459248744408767,0.0027167885766576
598,0.0604231569979061,0.0049085520189239,0.3384699876431213,0.0276423306925758,0.146823948131296,0.0437092615076329,0.0153526185979178,0.0033280677780902,0.3216233406168326,0.0275918809833754
599,0.2160020281174789,0.0064755748437328,0.2012642701087086,0.014879633581079,0.1539933389563081,0.0739558343242347,0.0132436540895727,0.0035864125031172,0.1436431388737917,0.0148377027762914
600,0.130687676094602,0.0080283523635421,0.2499194142865212,0.0105656256773226,0.2083630954521009,0.0665576952069167,0.0133227875096552,0.0036024739750767,0.1139128234764763,0.0105479304317038
601,0.0015790602650779,0.0011418640123549,0.0235296380850551,0.0061164310959195,0.0218323701626384,0.0067459407931413,0.0015347236041289,0.0011466832856625,0.0108664793698714,0.0034350120987701
602,0.0432947336396335,0.0088487384080404,0.0056932499797426,0.0010953860204497,0.4261933790659511,0.003856849533385,0.0012214914340705,0.0001677528476069,0.005439989283744,0.0010695783128117
603,0.0508195966560866,0.003949454449718,0.2506170190279849,0.0812080914606062,0.1312307331347607,0.0557127585748404,0.0319323417328366,0.0031822934055717,0.1667617608825715,0.0797491934862335
604,0.0014836467489268,0.0002769193274017,3.615832265756232,0.0053536855522024,3.6062640228831815,0.0033988195528731,0.0039324252961087,0.0003817788355851,1.5384350352945535,0.0043105518591558
605,0.1416529630980397,0.0077250054711187,0.1561206078677807,0.0148347260045934,0.1644753491260723,0.0772959702460052,0.014184344402918,0.0043187132862862,0.1461723995507661,0.0148052884887812
606,0.4530135791677863,0.0497363850114127,0.0001212720212714,6.33136037479592e-06,0.1688436499467731,0.0031818710914885,6.983479583587357e-05,1.341538461200652e-05,0.0002375330994339,7.235031408851999e-05
607,0.4998615791500035,0.0409695335414289,8.238138714766164e-05,4.5071324821229455e-06,0.1580077197198698,0.0049072040277793,0.0001043014966431,1.98015405380737e-05,0.0002345040691175,9.127441666903288e-05
608,0.1493465493434063,0.0090303067656103,0.2039489523123621,0.0090111158398404,0.270233621634633,0.0553264421676729,0.011895648942597,0.003388074118063,0.1910452270759066,0.008987880822274
609,0.1633107930195912,0.027645829907992,0.0014696108224184,0.000305132536217,0.4641268855415878,0.0064895017862556,5.55406424872516e-05,1.7238741156879233e-05,0.0013660296251538,0.0002845715848011
610,0.1978592094548227,0.0101294957688369,0.1647743843027897,0.0109160976928184,0.2382325013666831,0.0421837486922338,0.0149921954820005,0.0036571892155452,0.1534902710662613,0.0108709288932493
611,0.0042465282860749,0.0008810702135201,0.210813056858266,0.1125261473498138,0.0768358547383041,0.0265847158383445,0.0076441864601575,0.0009970801016982,0.1816245282386055,0.0769553360243064
612,0.1666675644234491,0.0082998733305928,0.2309668271471402,0.0118815943784116,0.1816842659160662,0.0723895800303713,0.0131901010602467,0.0035023563641796,0.1545128738062439,0.0118382938913651
613,0.1677330769665934,0.0093191171499977,0.1880543269860325,0.0100465939875956,0.1817163618391697,0.0761723474439927,0.0124403658132316,0.0036139040497119,0.1829549104637562,0.0100159207602988
614,0.2253427584928278,0.0084835435145748,0.2864930650024329,0.0115098417160201,0.1756153401778034,0.0867872538056919,0.0105634174471944,0.003750665735208,0.2551462867892876,0.0114747164419117
615,0.5536057974438979,0.1082631912115138,4.947174853998061e-05,6.480186213919431e-06,0.1271377069868546,0.0080883604084872,0.000127342337038,5.618330407292197e-05,0.0003346686955716,0.000155277758657
616,0.0013829014584256,0.0002816284174989,2.661208871467468,0.005329653792805,2.6539992346774937,0.0034177128090251,0.0036957549920627,0.0003880063687216,1.1811697850547735,0.0043352682718029
617,0.2883763572615377,0.0223281211324941,0.0044075653629031,0.0008175940328182,0.360971848919611,0.0280729020597045,0.000763769380222,0.0001412031328222,0.0042886947909081,0.0008161150917741
618,0.1684287350171464,0.006388715312363,0.2023737930824455,0.0156255271092533,0.1271413993208403,0.0344598628263693,0.0112285430478694,0.0039141386801777,0.1379662749672348,0.0155890135942703
619,0.133173802840076,0.0075207664213059,0.2070973349249217,0.014143992916722,0.1652344587916838,0.0792606101803304,0.0132872490104485,0.0039387823999104,0.176273771163578,0.0141184773704424
620,0.1998303935424754,0.0091655214642593,0.2184855908522107,0.0124583320309997,0.2090425217969833,0.073495766939635,0.013935330042606,0.0039403995871296,0.1923417004517296,0.0124276646441289
621,0.1522875774952178,0.0069201755727926,0.1923379253770153,0.0142553796378643,0.1761625747352452,0.0715989346704997,0.0114242824244163,0.0038770173340168,0.1761410924812855,0.0142308389004598
622,0.3008626663958794,0.0084250219655824,0.2031180539198926,0.0124043686746654,0.1849475060026738,0.0978698510869894,0.0202149289065486,0.0036756884689231,0.1918165929706385,0.0123456203581046
623,0.1619628159022675,0.0098060896360841,0.1998800448296838,0.0091576985056144,0.2022153317503571,0.035494730444529,0.0151015669715085,0.0036542766279799,0.1834415949245805,0.0091326753676092
624,0.2310217692802312,0.0071337292898249,0.1757766121426566,0.0149186769845032,0.1698173487985188,0.0894842910000411,0.014699106776902,0.0040041204266254,0.1561614168317838,0.0148848647514549
625,0.2089493776949209,0.0087211342817323,0.1780629126862138,0.0096523031190513,0.1459279468677311,0.0621926671921079,0.0106250126916357,0.0035540364274019,0.1591673896557074,0.0096300052845464
626,0.0019697609340271,0.0014541493315908,0.0258753542233876,0.0059771680649522,0.0273864063749389,0.0064142092818926,0.0017433932599819,0.0013342539766829,0.0105122534253177,0.003502721631267
627,0.4899462163084802,0.1034449858337153,8.479035595725425e-05,9.494034016406133e-06,0.1603758994686147,0.0071758950876371,0.0001015335861701,2.3468635108803262e-05,0.0002818281728873,0.0001042704986584
628,0.2617695767343492,0.0088400391664024,0.181728027840169,0.0090953520481115,0.2458899411537562,0.0423922019615867,0.0138808783249723,0.0032852653802859,0.1134884421506337,0.0090656320128012
629,0.0011185844072474,0.0002783232640983,1.4401160620786702,0.0053388438618331,1.4352668621710414,0.0034755032234895,0.0030798570677526,0.000384018272478,0.6818763079397534,0.004448925941274
630,0.1894928247075,0.0090702161213429,0.2016615575740486,0.0125142411785051,0.1406298261063556,0.0690636109941877,0.01289789687392,0.0037003693434403,0.1701530162646509,0.0124569994014825
631,0.4840873482452296,0.0355249113420807,8.402474520758894e-05,4.9011061234220924e-06,0.1590421342323761,0.0053875530093174,9.648369761258534e-05,1.9984725848686803e-05,0.0002154757010419,8.751518033682989e-05
632,0.1013109685458276,0.0080582583017746,0.1938665781317887,0.0091533047734661,0.1821775262212372,0.0835554887867354,0.0122840873464283,0.0032522485936854,0.1724994744678559,0.0091361406823022
633,0.3858146736433749,0.0500797808855168,0.0002395738384501,1.1475673335507964e-05,0.2667765635243125,0.0036527609694033,3.201350716637517e-05,1.1185471054116295e-05,0.0002976773164963,6.840510139989065e-05
634,0.1262716614280861,0.0231809674562107,0.0013024397216081,0.0004090226801722,0.4007390602982163,0.0071906360790387,0.000141895871884,3.019830401631776e-05,0.0012224805747916,0.0003908015277959
635,0.3856813917497246,0.0661490421690958,0.0002429780039036,1.1595690153526876e-05,0.2703499401849139,0.0036826036635905,3.630058914753116e-05,1.5593311593831945e-05,0.0002932186327496,6.839950472448963e-05
636,0.3086507409136798,0.0097716873962824,0.2981820567008738,0.0091663273408015,0.219214700233992,0.0309568223599504,0.0148324714813313,0.0032538030003699,0.2140327061666629,0.0091299963495499
637,0.4177652639375316,0.0067067906622109,0.1509374368044722,0.0168725532159057,0.1323291894030167,0.0608471741649842,0.0117662479867483,0.0037661375011668,0.0804985530066822,0.0168399128272025
638,0.4394216059595031,0.0591021557131467,0.0001524044855679,7.572277999683277e-06,0.2094137828997346,0.0032997852898979,5.269558696182911e-05,1.4958089554435244e-05,0.0002554396158679,6.532076656492493e-05
639,0.1069617145601316,0.0073164630350938,0.3134392123303913,0.1298652696475466,0.1823874421202066,0.0834487795982674,0.0437125531225253,0.0050240151635447,0.3031962597951118,0.1286683996441456
640,0.4973260171920872,0.0922847145657342,0.0001055996061488,1.4768434865650156e-05,0.1521949753138776,0.0075282080601293,0.0001070869324718,2.8804221474133437e-05,0.000283507768941,0.0001128895114763
641,0.5468218724557403,0.034409249102079,4.771614907517182e-05,2.6530418600396145e-06,0.1373079410624648,0.0074014632768277,0.0001097324519526,4.270369020408227e-05,0.0002781949441551,0.0001302117455966
642,0.0014025385954531,0.0010554290694315,0.0251585789551814,0.0052699208139272,0.0251177181059135,0.0055588038847636,0.0014454812111243,0.001052978676503,0.0100534745161624,0.0030461727741288
643,0.2474737344332252,0.0094530227391905,0.1044752551519608,0.0104410797919833,0.2084724256514893,0.0805825112082683,0.0154510297723923,0.0034824476538898,0.1017138383651955,0.0104009041115468
644,0.137763498449709,0.0058810661058042,0.1419016361606327,0.0280199977996492,0.1077401147648644,0.0372723300083325,0.0123779048000536,0.0040267713447572,0.1346182511515649,0.0278289072500447
645,0.1695624436250689,0.0074092274582829,0.2059283743289212,0.0128004197489022,0.1940163430457059,0.0916493360762971,0.0079834642827355,0.0032880444630684,0.1810460555252582,0.012759495447013
646,0.1445534848543904,0.0072552799236362,0.2447534936416334,0.1321104225482088,0.1793689665022318,0.0740814358683721,0.0592269204709523,0.0052106949785643,0.24337830303577,0.1306762030176618
647,0.2430373898325718,0.0127307614584525,0.1461197901197538,0.0186030680287384,0.2188437152314417,0.111656943755179,0.027054514304324,0.0050259842071507,0.1388433436084943,0.0184905311746135
648,0.0016818225335655,0.0002737757196707,4.395332755039668,0.0053978806102496,4.38447254299272,0.0033890420867347,0.0044035861387128,0.0003743385273805,1.812895491378044,0.0043098194827392
649,0.1528547997926644,0.018387413847668,0.0028422353914713,0.0007383494288294,0.2671066686946429,0.0131388460953499,0.0001357377716322,3.834573890709483e-05,0.0027988788150065,0.0007257879675752
650,0.0007574685022063,0.0002626795868135,0.0282405344863621,0.0052985349816646,0.0251678759101787,0.0029098964370203,0.00097956838127,0.0003389017354341,0.0087840642284362,0.0015223654684767
651,0.0007455656732229,0.0002777374261895,0.1425790581703734,0.0057309969383387,0.1396428115296789,0.00417561068742,0.0012553634840017,0.0003700515419203,0.0449505315092323,0.002698807092715
652,0.4970916212660478,0.0467172961538896,8.678068153083232e-05,5.212797251758378e-06,0.1602627231639212,0.0070360147797796,0.0001109286900964,2.6722574410231744e-05,0.0003888199827501,0.0001058614849298
653,0.4360513108379296,0.0750951359196966,0.0001271970841277,1.4705328468249317e-05,0.1871422209829223,0.0068263897354514,6.044783821539085e-05,1.725200063355559e-05,0.0002833842776305,9.661066202011444e-05
654,0.2478746591051526,0.0082146048622212,0.207987413748611,0.0147787494536399,0.2258980129242112,0.1149897673862349,0.0154430099422085,0.0038305838171071,0.187961910852141,0.0147278203254441
655,0.1614122157795885,0.0083197327556525,0.2202550837304818,0.0086843997420397,0.1653818301463136,0.0652536868417474,0.0113302786694981,0.0030818190612026,0.1997695526880632,0.0086633845513711
656,0.2782832179990079,0.0067154438291648,0.1765400004880068,0.01572885341104,0.1393942306288379,0.0478458726837596,0.0118793039713344,0.0040813465664254,0.1574159126826845,0.0156960842206549
657,0.0077462269266092,0.0011300490057427,0.3190948450896293,0.18927033664537,0.1257749742958122,0.0481518068253543,0.0127980054855525,0.0012496437146193,0.2870336667266202,0.1460025730863246
658,0.3628513189799128,0.0654697451862098,0.00012852736079,1.188492735436309e-05,0.3013185364678554,0.0061331308929797,5.71510898425126e-05,2.427478062150816e-05,0.0002201894508123,8.883622588109985e-05
659,0.2970740196349937,0.0079778778382547,0.2253261317002167,0.0194641395286803,0.1044414048029883,0.0520734547633414,0.0165052458164457,0.0045580527542562,0.1891385228339077,0.0194128636207928
660,0.1889861051137055,0.0065527833266606,0.2214328511358471,0.0185960570642664,0.0976951456929389,0.0398845024413244,0.0128159073925373,0.0040680302960987,0.1276088444773028,0.0185423399205454
661,0.2691649579191396,0.0097290342768667,0.2627034177802528,0.010446014206673,0.1727861210288464,0.0686137086717788,0.0181755011808687,0.0042917991090571,0.1737600184834875,0.0104194662298267
662,0.3945417487375847,0.0413327462958857,0.0001200309472774,1.6669005666172514e-05,0.2458429006455375,0.0107958448129219,4.392414499407001e-05,1.584202626414884e-05,0.0002672914511583,8.784265427217213e-05
663,0.1739422868365793,0.0117995005852067,0.0020553238554502,0.0004850385310408,0.3055710507639774,0.047033211042031,0.0001241340869869,3.6050557354463785e-05,0.001987302852267,0.0004678523612959
664,0.0015938755516319,0.0010919749201702,0.0796862639496442,0.0153003839785689,0.0250264756916788,0.0086388697240448,0.0024621700047305,0.0010682005803934,0.0239160066417025,0.0049070184599927
665,0.2129027612292524,0.0113304203765985,0.1907288553997159,0.0103750055121987,0.1981865867500393,0.027346375227118,0.0129923735747347,0.003681201735426,0.1722418836173827,0.0103259989165306
666,0.3114807711770131,0.0821378506330127,0.0005558267040545,2.572139268032169e-05,0.4897319832480947,0.0049028850210705,5.250177549612359e-05,2.058218326615525e-05,0.0005574407914749,7.17775952569939e-05
667,0.2526305531640638,0.0078997636352127,0.3580856855824419,0.052992812744343,0.1564663483180172,0.0730436701996696,0.025789230751413,0.005169746716417,0.2742038766750106,0.0527606531283733
668,0.1181065935580893,0.0192773310860261,0.0014143041148214,0.0004164368722509,0.3353929845639538,0.0096676555885946,0.000153432481969,2.70241789241447e-05,0.0013476722772521,0.0004084587483202
669,0.0024133691426472,0.0017562385208307,0.0287238862483281,0.0084217373409643,0.0298325943402058,0.0093927045507444,0.0020051572928404,0.0015277515611537,0.0146998639822003,0.0047385024784171
670,0.002676988821017,0.0013643889486503,0.2674697037981862,0.0891660232519639,0.1111955477478565,0.0340271832996726,0.0045830095971226,0.0013804388217485,0.1195726300615808,0.0662652370566943
671,0.2358554117562942,0.0110987678355823,0.2250133330194112,0.0165120989277225,0.1853355594062446,0.1023857450242123,0.0252426562139335,0.0049574197549515,0.2027296536722442,0.016446294985713
672,0.1690137486068594,0.0133017503986031,0.0028924574854693,0.000683511795511,0.3035230090561918,0.05415695068606,0.0006174406258315,0.0001038238372656,0.002822655194643,0.0006774453072805
673,0.1237288316568713,0.0161283266089638,0.0012819008023938,0.0003417608278578,0.2743396682051699,0.0168911318522503,0.0002525033293575,4.3803113362950775e-05,0.0012380822866419,0.0003487259399858
674,0.0305008199531376,0.0035088903165982,0.3600423559942278,0.1269586845836339,0.1771846331726174,0.0665346620677139,0.0270034953138089,0.0029296010874187,0.2633854621128598,0.1246311509101658
675,0.4865782276437705,0.0263712755418741,9.300374600117176e-05,5.241975455779755e-06,0.1624860258128555,0.0077682166436324,9.409317377690062e-05,2.119090529325243e-05,0.0002220512597985,8.797129758585972e-05
676,0.3569733049242101,0.0074571152619938,0.1651883262042021,0.0396428332818513,0.140414607344797,0.0703040900577974,0.0237907833589605,0.0054201042788838,0.110570146291244,0.0394949434539719
677,0.0025850345386742,0.0019267429632405,0.1409068114311835,0.0530887946766964,0.064759238145382,0.0185403508110516,0.0021721880308513,0.0015750761111551,0.066666791960243,0.0144644142084292
678,0.2393046305217567,0.0071733496805411,0.1297795820534292,0.0141987105371783,0.1518329884114372,0.0786984124797738,0.0131381467131027,0.0034986342245028,0.0929420687907252,0.0141553579610547
679,0.1996159185788286,0.0327508261832335,0.000243503555488,5.137384996900391e-05,0.4131446327649092,0.0096396793714209,2.9777764008784565e-05,8.4276060221726e-06,0.0003677951020221,9.241609792557846e-05
680,0.0013668636627054,0.0002882381413368,2.735537181724615,0.0053217246765875,2.728350404751817,0.0034296960456145,0.0036605855449949,0.0003966542534002,1.211496649810646,0.0043580148614179
681,0.0146645700633602,0.0032188769788618,0.2340182089120527,0.0882641155502272,0.109344632666841,0.0520271666745056,0.0120036334467458,0.0022626385419516,0.2067566622131156,0.0864316093081268
682,0.1477953397924935,0.0066612465983065,0.1604242802675267,0.0130181693354238,0.1501979821408112,0.0738081143811176,0.0091750686702931,0.003567726368794,0.1386745053116763,0.0129910762139621
683,0.2525184612776347,0.0104127670222832,0.2275838495880093,0.0100170634878113,0.1998774296458413,0.0391724370374335,0.0135489193476928,0.0036380713987893,0.1828866596460195,0.00997993664826
684,0.1839093972829814,0.0077278991878871,0.1641068963328897,0.0127254027845481,0.1693840840124277,0.0846606091585413,0.0113803030863039,0.0036455559922526,0.1158224113436693,0.0126971234627349
685,0.0023622566431832,0.0019339659139776,0.1434561730185708,0.0586491462218407,0.0668056030990262,0.026149073207801,0.0029747416046675,0.0015699234225304,0.0997124326028326,0.03921736037729
686,0.5496474595443267,0.0076075560379933,0.3039145680390063,0.0219430094017951,0.1529014018999944,0.0731499395101613,0.0115603084078701,0.0042584865545387,0.251336459367333,0.0218949310541207
687,0.0444465083976884,0.0047093826241645,0.1941244270099771,0.0905406180819596,0.1190722564350833,0.0538126584979345,0.0271488695842874,0.0030905726159327,0.1857795637519491,0.0891836264559918
688,0.346849658075271,0.0067906908035948,0.1910009886698155,0.0180975598219186,0.1480486941872061,0.0582465813175132,0.0145001416874388,0.0043208788347065,0.1583545517087614,0.0180556444403904
689,0.4310157470235671,0.0745190446097769,0.0001434304081523,2.1987531124958343e-05,0.1856179575232212,0.0068001900061517,6.25613232877356e-05,1.6664543496613462e-05,0.0002455295223987,8.831473580166834e-05
690,0.1316605170780284,0.0076118843588557,0.2580641529758558,0.0101253065992254,0.2300943879226701,0.0868592026515396,0.010586265448101,0.0033928472524228,0.1779141194412362,0.0101023081153799
691,0.4785054475655745,0.0321617563092013,9.864173640824776e-05,5.520739071410221e-06,0.1653329518043876,0.0069312465451824,9.246178803738628e-05,1.976297265586712e-05,0.000231723816959,8.782184108462619e-05
692,0.0021877957443724,0.0014390682673183,0.2941378686568892,0.096880249453248,0.0917561983250908,0.0315408372225377,0.0039277510356954,0.0013586584532283,0.1419922960020862,0.0464496431300264
693,0.0019749683601097,0.000284044506813,6.142010961089906,0.0054760486206921,6.109717927189871,0.0035036299539407,0.0051044317393576,0.0003851279739391,2.38073081686551,0.0045207097582298
694,0.3139358203311913,0.0102638501781959,0.194758935700353,0.0220370445657118,0.1753867902005541,0.0938296836191483,0.0260005397287938,0.0047730253896891,0.122429111911748,0.0219513929823493
695,0.394769818817393,0.0075824686362104,0.1995935483751869,0.0190344913611761,0.16176123268822,0.0534835391354879,0.017478635552456,0.0045577257211809,0.1804534588547172,0.0189889523316305
696,0.4648485184585769,0.0394577787934818,0.0001098736876118,5.877588246483719e-06,0.1683190088185361,0.0052608728701977,8.039006222191071e-05,1.784591712656127e-05,0.000243380024672,9.118885146856447e-05
697,0.0008634879304909,0.0005566947878132,0.0262246386637959,0.0039151401170892,0.012455003054426,0.0038789028567441,0.0008683693776835,0.0006318389201511,0.0071788304327456,0.0021108555122173
698,0.429831886717782,0.0400102482428263,0.0001515311893068,7.876108321075626e-06,0.2102908447230659,0.0048573149681118,5.250386672489573e-05,1.765721827199421e-05,0.0002695847395364,8.032183079392945e-05
699,0.0147520280054715,0.0030727153309013,0.2972495544633409,0.0491164567513864,0.1187581838325377,0.0441871732119699,0.0116245055500372,0.0021925789778165,0.2617718386219306,0.048340870306474
700,0.3482856022249557,0.0094845687401291,0.1723325978077061,0.0116255344224017,0.1962742906271216,0.0729083806403974,0.0130709902043157,0.0037043461004537,0.1368397136687102,0.011589009911778
701,0.0007307141956787,0.0002908561611016,0.3477427981143584,0.0054381933039623,0.3448843712096187,0.0037786790853501,0.0018103965041636,0.0003933299056381,0.1744084785644941,0.0039168653068498
702,0.0826772928119747,0.0062930244488088,0.2368167647283579,0.050947555682723,0.1084659924082702,0.053750631900764,0.025560282999699,0.0043287251644379,0.2309924162376722,0.0505679925598463
703,0.0037290600872181,0.003050259033688,0.4230184810884703,0.0808665067208135,0.1028339395778423,0.0277192948675749,0.003389389328607,0.0018321087666379,0.326376215865857,0.0498276093824899
704,0.3285315696209507,0.0074140512202808,0.1442439253641786,0.019713098077433,0.1247285227215453,0.0616759688137732,0.0159761534488647,0.0045709199125534,0.1268429751227258,0.0196739790800135
705,0.1914374082705752,0.0113794213152204,0.179863311090144,0.0252143816215458,0.1320771050327613,0.0600817307175104,0.0354924355335505,0.0060496453692671,0.1781765524734992,0.025133580190954
706,0.2016349756054982,0.008546904820059,0.3348111908180162,0.0107133095858692,0.1634768217122535,0.0860982853988885,0.0112938818645992,0.0037069039518932,0.2546674238038723,0.0106821156663648
707,0.0014305904991631,0.0002763412738447,3.076115624121573,0.0053535540982072,3.0683811984139475,0.0034024195454063,0.0038057644114577,0.0003804694650917,1.3461774462425888,0.0042941730336433
708,0.2123358143443618,0.0087438377709566,0.2327011758977611,0.0095176900527582,0.2140109826393222,0.0628026616017637,0.0095198870948675,0.0030933983619737,0.1888129801140132,0.009488630535613
709,0.134933395958004,0.0080524781246246,0.195519111792113,0.0141834803588024,0.1622338727143523,0.0630492752149134,0.0149628132717936,0.0041801654096478,0.1308903764378569,0.0141611104593664
710,0.0302124607631275,0.0030604272772257,0.2289903312578035,0.0641363709421019,0.1202005416446197,0.0440994945060583,0.0238918948071952,0.002798710112073,0.18670902479143,0.0621624987138206
711,0.0368180734899544,0.0047677918456468,0.1771078651691239,0.0525903362631237,0.1010317459918738,0.0552729547109385,0.0205076113585538,0.0041661243698802,0.1205344357185201,0.0517770337177075
712,0.0102874358803186,0.0013338316247166,0.1985599568652024,0.1028934488619838,0.0816085716193732,0.0264173993295363,0.0145650373377571,0.0013925119946302,0.186899874304731,0.0929555187683902
713,0.2178561334441613,0.0094027542904365,0.2268518980460796,0.0078641124211031,0.1611305521134188,0.0296895903340204,0.0110320457092553,0.0030479687136776,0.2093407204473056,0.0078470877448338
714,0.1814000755850892,0.0090282386221728,0.1930852263975164,0.0131478541775859,0.2308458134864936,0.0697058222874159,0.0186283020853954,0.0040946445251317,0.1250617886393623,0.0131025769582155
715,0.0498627323041462,0.0035351309764486,0.2207115354995574,0.1042433434761333,0.1361558571043386,0.0501280911250889,0.0374649553240407,0.0031889722654104,0.1952768572625546,0.1010873022538274
716,0.4381589494978194,0.0085947962110014,0.2872175619179003,0.0234857580798188,0.1776447836029937,0.0723933730030278,0.020375280730652,0.0056360753122639,0.2665367314402403,0.0234438715640993
717,0.2668008099492601,0.013837023861606,0.0015529001625728,0.000519540794527,0.4295396332749059,0.0264189231108401,0.0001113480822817,3.559831549186803e-05,0.0014890515886295,0.0005165446910242
718,0.300548315543852,0.0100790268218552,0.1933452813213332,0.0096423491243023,0.1786964290433668,0.0339229484386741,0.0132634289344099,0.0034442399313669,0.1812145595593651,0.0096145903010899
719,0.0697928490377352,0.0043588249676875,0.1439201044529958,0.0653777360932138,0.1452818225697223,0.0629185199277553,0.0336042597574654,0.0039646257528913,0.12111209214268,0.0645701559749981
720,0.1791483465048647,0.0074704575055609,0.1532849264949013,0.0149668741337061,0.1883420196323641,0.0969303314175798,0.0116623006237159,0.0036690784530007,0.1233152836217626,0.0149362639453879
721,0.111604051610345,0.0255580284274966,0.0019582497241974,0.0003334155031724,0.366237477481445,0.0068557730311875,6.058020326005321e-05,1.1304077851966051e-05,0.0018716948080737,0.0003154581080849
722,0.0018861417713148,0.0002825319294146,6.528732916502562,0.0054425763676954,6.50525525224485,0.0034236283035153,0.0049010290029515,0.0003858314434919,2.505611839781722,0.0043900793809114
723,0.4300096194366943,0.0273796573346888,0.0001526543147231,7.954758114178414e-06,0.2080413010542614,0.0048921236017797,5.210637265158666e-05,1.2160916179338748e-05,0.0002662580275391,7.176734556598928e-05
724,0.1260553098462702,0.0056361136737805,0.1321735356193472,0.0567454563867752,0.1410433990229112,0.058656651376485,0.0334701889097702,0.0038632183265589,0.1282158653061604,0.0562953765589301
725,0.4863270990286777,0.0084254591515533,0.2600074391751248,0.0269397725951012,0.1357771253902599,0.0644179574007611,0.015970119367764,0.0050025924201756,0.2361438444811891,0.0268655136584695
726,0.0406267375236173,0.0039141374583821,0.1955253300181087,0.0409060923633165,0.1015443262108605,0.0501908082467759,0.0207319126849048,0.0034883754705613,0.1166217482076429,0.040384771281415
727,0.1694069833707071,0.0071115833055805,0.1401865341682782,0.0113281710991339,0.1313003535770051,0.0643495914942139,0.0095948814087173,0.0030661233239998,0.1341092226908599,0.0112910538549972
728,0.4857380284419039,0.1186856795843776,8.762386531320999e-05,8.475929280605406e-06,0.1614635942616055,0.0063560554913466,0.0001515549595518,2.642965459922282e-05,0.0005087118795016,9.973960842780506e-05
729,0.1887447588158796,0.0241394323241211,0.0019202260466848,0.0004091327365688,0.3829489131876679,0.0061337405150135,7.351369479293503e-05,1.586645889685506e-05,0.0018512155510987,0.0003912344727337
730,0.2131128220654121,0.0080727062173768,0.227487732042328,0.0131203467690063,0.3050942117387015,0.0971027869713725,0.0105854118249619,0.003148486783474,0.2026676488375081,0.0130610146187761
731,0.2602570600029318,0.0097306929100632,0.2562972471645426,0.0081020322710917,0.2003499097547497,0.0304666385532118,0.0130241619300303,0.003285253971979,0.2112331039572192,0.0080824343123967
732,0.4713622388722442,0.0427794416782974,9.473384111140168e-05,5.452336821893637e-06,0.1629899340389168,0.0045119243825491,8.635104693516506e-05,1.940056476705173e-05,0.000302323417277,9.171970330094992e-05
733,0.168072857606319,0.0071445984271187,0.2061416449478929,0.0101579810545004,0.1421130442126811,0.0768391965929338,0.0094284927453469,0.0031901660284654,0.1828732876555219,0.0101353029766548
734,0.000970721977027,0.0002922433506507,1.0227300976813338,0.0053801473912208,1.018530424359778,0.0035759612125205,0.0027247178053534,0.0003999915551844,0.5211167012483982,0.0044991548660061
735,0.160024552510705,0.007438670611942,0.173881383438257,0.0119814203440159,0.1976738104243995,0.0854561612183076,0.0106361375887185,0.0037108936672559,0.1673610719058449,0.0119525963010122
736,0.146014440891287,0.0101354461277608,0.1546833902320487,0.0089436495955937,0.1391994295178168,0.0408094432271362,0.0160411820051541,0.0033639539138017,0.129255080325167,0.0089189335893738
737,0.011014450213801,0.0019236009598081,0.3012852378319569,0.0380253123068371,0.0942226970493318,0.0356265657832939,0.0110033865410244,0.0015806767957437,0.1253817238606668,0.0373145939831375
738,0.3968125234971745,0.0631162639910876,0.0002103993244515,1.0317023721565974e-05,0.2557510562263608,0.0030963280559361,3.953435299276759e-05,1.2850723069857775e-05,0.0002915390498778,6.807531922030943e-05
739,0.4551977188695338,0.0499696961592648,0.0001212932091962,6.228852526962533e-06,0.1731995414355443,0.0036561293573591,6.981233925443555e-05,1.5708513372829137e-05,0.0002625084571294,7.760342013808434e-05
740,0.001455199009635,0.0002806395686693,2.9529401754304416,0.0053276240782045,2.9447357001908707,0.0033974965177519,0.0038664586971362,0.0003856607984664,1.299419062695634,0.0042615922283063
741,0.0747700879682585,0.0061165612932679,0.1280492097909978,0.0821944755876527,0.1417956073998598,0.0671471493978667,0.0291919393978493,0.0040113588372843,0.1268324327033441,0.0815102529117565
742,0.0679647786737054,0.0042042495850664,0.271805913803724,0.0294543149020926,0.1620091128938914,0.0545533472701881,0.0158019032808306,0.0032890052116265,0.2424179943060986,0.029339484682499
743,0.3210204579949792,0.0071253243607739,0.1629728437545193,0.0170596339289486,0.1467783033249252,0.0487505431944511,0.0130969501547824,0.004403525237139,0.1232025855068241,0.0170368547759288
744,0.1854687756371775,0.0075991324273547,0.2190524941863986,0.0139805869112079,0.1706776548076276,0.0821823741835592,0.0099583462206201,0.0037583522161625,0.2049072123988483,0.013933945827732
745,0.1899524881935382,0.0065746408648528,0.1981684871856468,0.0274632119524845,0.1073761124631262,0.0442704130296222,0.0161692790192111,0.0047663493728442,0.1742385632458684,0.027358167100128
746,0.1487352297819486,0.0072048515266452,0.2074870578330706,0.024871950138612,0.1259698700563307,0.047822126892969,0.016848666752909,0.0051160652899071,0.1858237035086728,0.0247971320114479
747,0.1283732041745788,0.0055385377658768,0.1230454612392985,0.0098980164732295,0.1136252394387599,0.0495046705292224,0.0109146371120846,0.0024790603519916,0.1093418980843838,0.0098639545006807
748,0.0007358518361567,0.0002812778013293,0.4182593611107528,0.005554119088458,0.4159915035132484,0.0040189286761186,0.001778336969124,0.0003807704588129,0.2044400775441831,0.0042418748078105
749,0.0011612535021241,0.0002842318077594,1.5529611149347626,0.0053377865670297,1.548280904818643,0.0034507647903348,0.0031826755256208,0.0003910877047064,0.7372864185254192,0.0043474098632579
750,0.1905855852531768,0.008001236969163,0.1890634605240246,0.0080208819187363,0.2068216868198275,0.0330141714317666,0.0085402570995462,0.0028567081274191,0.182302634243066,0.0079950782645679
751,0.0007365264333111,0.00028767891951,0.1253484562092053,0.0055628383230877,0.1224214337507997,0.0039240198723993,0.0013150144599152,0.0003844605569247,0.0470155902496949,0.0027677032350807
752,0.1394357773766972,0.0082083787354937,0.20765594911933,0.0670282767496182,0.1337993235361731,0.0681776506158935,0.0334998330916192,0.0052063647111685,0.1968414334533579,0.0666012788960656
753,0.1287987760907119,0.0074621881778011,0.1739061767224029,0.0143224938451961,0.1349098771212563,0.0668944793669572,0.0120625216577233,0.0039800754680531,0.137584085379083,0.0142938418607301
754,0.20595295642521,0.0099771596990288,0.1947890456034868,0.0101470571427994,0.2286040588879087,0.038757036748185,0.0151539933896112,0.0036962508129863,0.173788764350455,0.010108065859417
755,0.1378425936729764,0.0146737333948849,0.0019512010404825,0.0004544435336578,0.2853275598046474,0.0109655798943556,8.57980050318089e-05,1.2651106657468874e-05,0.0018971212026855,0.0004381267216641
756,0.1557564747204954,0.0071252296268692,0.2281176040968355,0.0104555492727218,0.1470156580394517,0.0677504547346753,0.0106223099204507,0.003221798747187,0.2202421658932686,0.0104390931993689
757,0.5359495599920474,0.0271653656365123,5.630282667004508e-05,3.498801332963363e-06,0.1430070842001937,0.0129789133676022,0.0001821535862808,4.608873773834361e-05,0.0004621467545916,0.0001443367823763
758,0.2010375674378443,0.0070979213506388,0.1452824171339689,0.0210427001669563,0.0954504351615194,0.0477199176134098,0.0130897493927841,0.0042312777810232,0.1060768324481789,0.0209827556971139
759,0.5115498368028272,0.0315448102569735,6.404141773739821e-05,3.966908359848418e-06,0.1450624455872185,0.0060851132070508,0.0001079393530027,2.9853599850300972e-05,0.0001908183279034,9.720940058932728e-05
760,0.1103962974395672,0.009142288345632,0.197401340863803,0.0086400883053302,0.1599286401113246,0.0610040355531499,0.0115779696947599,0.0032570109404091,0.1579704693219248,0.0086201777816183
761,0.0017015313511671,0.0002822223346412,4.24523845292696,0.0053921424263104,4.234081414463361,0.0033989232644255,0.0044550246205634,0.0003844812096097,1.7658020265588268,0.0043155106855776
762,0.0031652469309296,0.0026817979426835,0.0742740299585567,0.0162514157372845,0.0409763088395038,0.0166978013302706,0.0025852554181516,0.0018637013779623,0.0353926907211627,0.0095722563260217
763,0.0505155172992987,0.0044086210845309,0.4366581303239951,0.0861990036423485,0.1543410997280969,0.0713487807609635,0.0301772189074469,0.0032905698702924,0.2681852073421986,0.0852891116585441
764,0.1040410783545504,0.0055317441973798,0.2079116249158295,0.0850122547091757,0.1335883897824586,0.0616599788977472,0.0401111851408335,0.0042771905966724,0.1859642221461061,0.0838581669049367
765,0.4795897899274208,0.044387835410045,9.013805745171484e-05,5.0668277669912704e-06,0.1640499009885719,0.003703324116422,9.293981599208698e-05,1.630644703392134e-05,0.0002183769976437,7.863594958433298e-05
766,0.1556658153113051,0.0088928500853443,0.3403304043871833,0.009554980769453,0.2258814304704202,0.0483354798412443,0.0141565225133916,0.0035693979915667,0.3145145335947423,0.0095249958680371
767,0.2110014891544603,0.066992215311623,0.000159338294118,2.276817318363561e-05,0.5243111454789732,0.0068660540368946,8.542052179300887e-05,2.259491549736653e-05,0.0003254888730031,7.704446793089026e-05
768,0.4765734962048439,0.0302442137349284,9.950776538029068e-05,5.570416892070467e-06,0.1637509804848276,0.0066110473407013,8.630910478639602e-05,1.9156894520984317e-05,0.0002127976659543,8.310183404364584e-05
769,0.1547482027732293,0.0071073068349083,0.2315321921411588,0.013423627819043,0.1718881984838005,0.0792727725293352,0.0122988971687032,0.0040675775667111,0.122110145800015,0.0133971879015919
770,0.2357275410371753,0.0083586799897728,0.2219205254658775,0.0108654107360301,0.246534386473762,0.0445808933207086,0.0116289146238237,0.0034960660580692,0.1788739426212842,0.0108195517999021
771,0.0777801807723589,0.0044721039378131,0.2184088496687028,0.0501321808908243,0.1205527273821739,0.0579423113767169,0.0273496231321135,0.0039212530230704,0.1080051586850274,0.049581312737417
772,0.0526656637175012,0.0038499717790347,0.1909636942001598,0.0772032516888815,0.1418398244338438,0.0647319843707906,0.0344153323595649,0.0037825193352806,0.1436979389786843,0.0757869154135023
773,0.42368925216412,0.006720959500449,0.1730465706457084,0.0198881198901157,0.1435649174330566,0.0672494962180782,0.0105689160886569,0.0037648695489816,0.1009570073783578,0.0198365318798332
774,0.0617532126072634,0.0048832683789561,0.2448420336415824,0.0489311675326172,0.1097866131061603,0.0545875055832166,0.0247621891697082,0.0039299118712091,0.1276505550498086,0.0485556294942407
775,0.1507891176634275,0.0211681738790739,0.0023356010451776,0.0004225392433892,0.4823858457768938,0.0100432745126493,0.0001064399782866,2.382628020746857e-05,0.0022315279849387,0.000402480128143
776,0.0545920421961583,0.0040166028722421,0.1925244728072684,0.0404083721141494,0.1047943564383431,0.0474345214745385,0.021064886675088,0.0033143619184246,0.118131072188938,0.0400541529232259
777,0.0012125680768947,0.0008133869914487,0.0477357156732673,0.0099370277527097,0.0160135401811946,0.0055208484595439,0.001329969513294,0.0008799492889586,0.0116869736240269,0.0033826508839649
778,0.2147200520297897,0.0087102147087429,0.2099909098063896,0.0091345952898275,0.2021968704873996,0.0596679917888431,0.0082500419332325,0.002910308162056,0.1680424963938327,0.0091098541028021
779,0.34381656329447,0.0075297731982125,0.2710726610444609,0.0195823164826089,0.1454450768618357,0.0627990405017593,0.0158104115114713,0.0043905568314327,0.1535289293793103,0.0195222543784647
780,0.0015732893249627,0.0002841002886168,4.307012010730524,0.005323387353112,4.297512472307153,0.0033816767017792,0.0041491783168237,0.000389007363298,1.7732005302610356,0.0042657060635
781,0.2492468536030417,0.0071810971319745,0.1675901968652456,0.017271620876929,0.1277259579648454,0.0535666121964251,0.0130899759205074,0.0037181872746488,0.1101880244679161,0.017210511575738
782,0.2060562007184457,0.0543781640512217,0.0001259905001705,1.7735532940385388e-05,0.4952062103492293,0.0105125335187129,8.606649912515886e-05,1.934086948387493e-05,0.0002489695611088,9.204022774850946e-05
783,0.4510308677309611,0.0258702303753825,0.0001221103185195,7.335143196795021e-06,0.1734395709905153,0.0081884416588098,6.986936579740126e-05,1.5859932091097046e-05,0.0002637057139874,8.662361005051981e-05
784,0.0014261994578317,0.0009698558151597,0.2311298361896937,0.0804159320795312,0.0704118428860775,0.0183362580029043,0.0022986617260998,0.0010101494552754,0.0664078653239714,0.0159655018594498
785,0.4189606805605819,0.0730305949040001,0.0001475958374055,2.135767609521413e-05,0.2139046632017342,0.0078806412362817,5.393585015424675e-05,1.6762527787480664e-05,0.0002425346973806,8.311460410800471e-05
786,0.5390488113815541,0.0301608520736569,5.322546647348019e-05,3.0743883969309066e-06,0.1403969532324182,0.0097980915261586,0.0001142966022345,4.024335672461563e-05,0.000333399326893,0.0001320892405513
787,0.1851417680695328,0.0081192827684692,0.2330646744627615,0.0086196418192203,0.2489418658350699,0.0393481721391574,0.0096707042897097,0.0030753739292579,0.1770363330143856,0.0085820843150444
788,0.4804372265179412,0.0837368760555354,8.850347994534691e-05,7.923072390420991e-06,0.1621104984375573,0.0058299393536299,8.970716833580238e-05,2.326948362719824e-05,0.0004213160760507,9.106714433180004e-05
789,0.0014890609282104,0.0010734572796481,0.026445392571267,0.0064572683729937,0.0236546498924141,0.0063029549023328,0.0014347881482694,0.0010664741829186,0.0112897013853527,0.0036224482819992
790,0.0016913832852458,0.0002736708723839,4.444640808514146,0.0054283870939572,4.433067432950684,0.00339298376292,0.0044237242203675,0.0003740940062982,1.828637340662938,0.0043519134216137
791,0.1955166286387631,0.0089071208002988,0.2609968453415441,0.0104637517102043,0.200428141851139,0.0569330365196831,0.0166124532261587,0.00360748196895,0.2287186916338545,0.010425208026909
792,0.1097479946689266,0.00557464675216,0.1529680798987463,0.0565343303903917,0.1110156092707189,0.0519526177348086,0.0310954778485876,0.0040904499309085,0.1427888319090992,0.0561137599982977
793,0.0007741341821754,0.0005131453127954,0.0239185661032014,0.0039108355409092,0.0126199235836431,0.0036275173408414,0.0008420610839053,0.0005888717038284,0.0072372243712027,0.0022226206192125
794,0.0100207166729368,0.0024189740713766,0.24698443557571,0.0664566684106375,0.1391845229295218,0.0454333154016722,0.0102573379935463,0.0021009641323536,0.1964623836477747,0.0648432425291958
795,0.0569253713450071,0.0045702720842963,0.002951541974405,0.001333435464948,0.4303501490506139,0.0128957920271416,0.0004901333808209,0.0001146814686349,0.0029772353795931,0.0013811246011535
796,0.0015504886591541,0.0002769047866707,3.777772606902647,0.0053457164098764,3.768146456692118,0.003382511738628,0.0040914559582853,0.0003798678404666,1.5977588219553671,0.0042969291405507
797,0.1337290299434633,0.0087781898323708,0.2256559716906752,0.0132977752122739,0.1717287684856223,0.0814180958291961,0.0150815176149822,0.004001819117925,0.2146157495768715,0.0132609815081059
798,0.0384049047588367,0.0029996656997676,0.1548211209671121,0.072361465582419,0.0888691638277305,0.0298435322455089,0.0275647143063129,0.0028000439840234,0.151277729728755,0.0694940301181682
799,0.1279672460451656,0.0084519875346491,0.1423453791656952,0.013968655672014,0.2086811833849245,0.0478498809254518,0.0164712001598318,0.0043018454534265,0.1241134087778001,0.0139368412774774
800,0.2596669924689,0.051413612162843,0.0002295438579049,2.8139960145888085e-05,0.5563343460573137,0.0060735337108629,0.0001005243245457,1.524479807372386e-05,0.0004158949070345,8.508124493311266e-05
801,0.1797065683952595,0.0086943056626202,0.3159793777029925,0.0148606507551223,0.1901086053222568,0.08508775028925,0.0140743990857035,0.0045138849680681,0.2488482351120873,0.0148269739485489
802,0.001215413165712,0.0002747441838181,1.8873891195037595,0.0052900982106863,1.8824874856402447,0.0034701377288936,0.0033023795852242,0.0003797538359861,0.8801305377919596,0.0044904888267616
803,0.2555562128519126,0.009986384362133,0.2584439758599772,0.0515668594754324,0.1447887861734152,0.0828681064948494,0.0317417324079421,0.0070719676182987,0.2433060828606018,0.0514245058290854
804,0.0025530300186276,0.0019407089607954,0.4169931648261356,0.1618240207136372,0.1706253371321571,0.0331513295726321,0.0022150393237609,0.0015919463528847,0.2291680565052503,0.0379066401254483
805,0.3705930620089054,0.0638632183399757,0.000459338995435,9.327891849572456e-05,0.4932805339367043,0.005755314772459,6.446758047176635e-05,1.578505510394457e-05,0.000412863089223,7.784953611534888e-05
806,0.5493716463838807,0.0335824104861002,4.455993204882643e-05,2.523517261670132e-06,0.1328724996376672,0.009189544597051,0.0001199310166161,5.15769527918412e-05,0.0003422304889558,0.0001507332005844
807,0.1786900289742662,0.0074574401821451,0.1943720552406884,0.0096159612733143,0.1771246078528043,0.0884896584153121,0.0110289688069696,0.0033801297104721,0.1461475380410148,0.0095946872301997
808,0.207585768162806,0.0085698912395719,0.2536461199554145,0.008532681471424,0.1554322086722359,0.0463938710595436,0.0124102006516057,0.0034410531053547,0.2255102536937176,0.0085124852939835
809,0.001534009144745,0.0002738749401444,3.5198523311615544,0.0053600112418266,3.510409726880904,0.0033788348331842,0.0040567640486665,0.000376324846828,1.51498801020416,0.0042774894884719
810,,,,,,,,,,
811,0.1339533938470014,0.0075720471927319,0.263346733147035,0.0098652237982594,0.1509097414200501,0.0754240576655688,0.0107120666522499,0.0034263096087442,0.1540727626506667,0.0098453619816222
812,0.1362484904938292,0.0080503908951114,0.1443524276214502,0.0143072867360176,0.2201015838620929,0.0554456395985742,0.010921711493749,0.0037796998484092,0.0915591056041845,0.01426225120192
813,0.1196680733948845,0.0180853708014942,0.0009144609200795,0.0002330421415667,0.3053936674771303,0.0086740879474354,0.0001079295123172,1.887168482931733e-05,0.0007978530915581,0.0002221107367226
814,0.1303387632658215,0.0179340159524772,0.0012694064453628,0.0002017682537005,0.4551226967424456,0.0098664282736485,8.376159115019764e-05,1.943925134914687e-05,0.0011054163991507,0.000188804385464
815,0.0241086907890446,0.0036182726584942,0.1813310942873065,0.0850293160825474,0.0964135672568178,0.042459520902264,0.0171731919550873,0.0023125792626797,0.1784751505215375,0.0826740466846374
816,0.3301033536477397,0.0069249221382992,0.1872588543033573,0.0213152350474887,0.1284120950606557,0.0564217501554774,0.0150868185854837,0.0040503378864016,0.1741470358152741,0.0212781734010588
817,0.1991619265082553,0.0087427231652957,0.2058763340670358,0.0099493593808932,0.1906345125965702,0.0783460322783241,0.0116615400020399,0.0037009305380249,0.1821150461651441,0.0099281004028531
818,0.0321588982686141,0.0029383001683928,0.2118482447963854,0.0673466751697061,0.1161407468464889,0.0461246134081565,0.0246993746350747,0.0025888838258182,0.1930340349358288,0.0661096436573722
819,0.1892233521981138,0.0059281572675358,0.1555147538663247,0.0200231729641932,0.1064466906087087,0.0415518384896572,0.0129134510176553,0.004264575689222,0.1333182121113446,0.0199638658529301
820,0.3216358776683181,0.0091740498068255,0.1556349123060157,0.0216700895209034,0.1776617001688553,0.0826873018055166,0.0201169430321412,0.0045243699978749,0.1043329985307091,0.0215998199576793
821,0.1833501794483595,0.0078827232745031,0.1838989877242943,0.0118187988708762,0.1780958161746795,0.0762130928812478,0.011313108105267,0.003848248799355,0.1435527284964735,0.0118006264886261
822,0.2179367172189915,0.0096611998142192,0.1637942394459356,0.0119426196886702,0.1679725290644355,0.0972081511359025,0.0156155795100665,0.0042570423811804,0.1578920834277547,0.0119148732853852
823,0.3776399440613967,0.006303885597832,0.2050748586472801,0.0211041193654698,0.1229657909187441,0.0607950406585867,0.011004137070386,0.003861441887152,0.1345527933771505,0.0210350198727632
824,0.4651680078236688,0.0577650348395012,9.59471996984268e-05,6.608933152545659e-06,0.164941778687165,0.0044999888813467,0.0001140297122503,1.9797295489582483e-05,0.0003254822994269,7.391036779641376e-05
825,0.0766192720788156,0.0056798221443475,0.2278964856419316,0.0238771623337594,0.1386157255673127,0.0440699680211914,0.0120734785410303,0.0040101685261304,0.2092447384816161,0.0238198786040704
826,0.5070491677330888,0.0406482489078966,7.636752466141256e-05,4.14354113545247e-06,0.1539341625334062,0.0048833455428089,0.0001098227854944,2.176773053162781e-05,0.0002310074660993,9.370300214433196e-05
827,0.184163922958564,0.0373075025128395,0.0008457316824653,0.0001439113004819,0.6205502714166568,0.0062106596732458,4.481365358121539e-05,1.2538276048344516e-05,0.0006370307368679,0.0001222073599113
828,0.0016102990616361,0.0009880114315149,0.120906954713266,0.0533568881411469,0.0343955021723372,0.0083009748413429,0.0018224610791991,0.0010447655089155,0.0454049166897253,0.008612189584292
829,0.0007255112341127,0.0004057510153867,0.0255320206428017,0.0039139354014361,0.0141553300181199,0.0036540222995619,0.0006700380517587,0.0004755653082403,0.0086289424391435,0.0021926336334077
830,0.0907072179731523,0.0309060822550331,0.0014007420256509,0.0002607515871353,0.4683854629055583,0.0082472250802805,0.0001215859677561,2.2485645115497337e-05,0.0012775358466234,0.0002561006194808
831,0.0010471437888618,0.0007065766020797,0.0245860256198625,0.0045825607996079,0.016203640558795,0.0044320489119439,0.0010801776429423,0.0007818503270864,0.0088097882608304,0.0025014064914234
832,0.2176844338980128,0.0078520585523792,0.2405100934978525,0.0124637548074202,0.1813202529004955,0.0648591605203708,0.0095815830347816,0.0037365653470406,0.165155581051758,0.0124325412103714
833,0.0019736346799727,0.0002879745835888,5.549475782355322,0.0054539418363249,5.515439645566907,0.0035164017973618,0.0050860577749369,0.0003883485103044,2.1952877057988083,0.0046435625230105
834,0.369936703839661,0.0822335809015147,0.0002423380077518,1.5609710812919937e-05,0.276014751107527,0.0062817656933827,6.901847469601346e-05,1.82484747390766e-05,0.0002932334989444,7.878266349359815e-05
835,0.3137599042951316,0.0073400637749569,0.341976444104746,0.0270956876930716,0.1318980885739371,0.0541145393780206,0.0128778285168257,0.0044707563540929,0.2209871872579727,0.026990894525078
836,0.0007597366502171,0.0002903663893777,0.1822107283478923,0.0057346445960571,0.1794123219787986,0.0042973256943299,0.0013086389444376,0.0003866999190061,0.0629317641802629,0.0029973217898569
837,0.4805484385955456,0.0325032278684056,8.504909707991101e-05,5.615931284339025e-06,0.161830826057716,0.0061404140868971,9.631228573697643e-05,1.9201150911584537e-05,0.0002388816227247,9.288124326733747e-05
838,0.268583477400873,0.0091843239422196,0.2781786794275961,0.0097890293441054,0.1707085846612463,0.0348099291680653,0.0122524730828291,0.0035783414869513,0.2631376049489707,0.009757205641131
839,0.2377223717632102,0.008147991208353,0.2148568656765744,0.0090690785860934,0.1638952627788844,0.0362586587075271,0.0095859068748762,0.002990109142397,0.204157067182867,0.0090405687617895
840,0.5314563385515292,0.028571085944749,4.8904008198987135e-05,3.08490137992516e-06,0.1372328599392556,0.0085862771005485,0.0001026059080549,3.900916062060616e-05,0.0002598718498429,0.0001260403161009
841,0.4772758936463945,0.0239459146797986,9.17714407050566e-05,5.654932588550505e-06,0.1627217078280566,0.008445040324214,8.937067357926338e-05,2.425756356243076e-05,0.0002039750366362,8.608303923579122e-05
842,0.2660496687694467,0.0095272769963835,0.1884910573698705,0.0090784002016902,0.1680085536037218,0.0386079958582662,0.0132527870090979,0.0035777612367885,0.172970485369079,0.0090506291764552
843,0.2500346565215885,0.00816242357454,0.1327551791741667,0.0119981414010541,0.2154943964615172,0.0834342890468183,0.0136180742988161,0.0029523669279196,0.1122766677602079,0.0119244677132301
844,0.4630179478529572,0.0268753896377483,9.944172568088818e-05,5.871849391036912e-06,0.1649272146769287,0.0061732436694566,8.729254609935877e-05,1.7128034256877892e-05,0.0002236093226998,7.76511748664987e-05
845,0.1771009781128559,0.0077229523781928,0.2012327580501446,0.0089411379204817,0.1455699386190942,0.0766753283050886,0.0103453306679788,0.0032950083040134,0.1709658199095054,0.0089272376596462
846,0.0150249534195004,0.0017991425261821,0.3730326254141308,0.1848004654317425,0.1166068554434569,0.0436084870968535,0.0198018757996343,0.0016910955878626,0.3551413482928549,0.1686051454422321
847,0.0368297905334714,0.0031605392453689,0.1711856062010065,0.0600629363123869,0.1171555838677512,0.0491600715747685,0.0257027697287359,0.0026197061082126,0.1470754119589745,0.0591513408276789
848,0.5267950187343926,0.0348836660622143,5.684780664379058e-05,3.3372590928711243e-06,0.1416321639986838,0.0046371583946621,0.000104441010553,2.9366581936977688e-05,0.0001866743431457,9.424882612487254e-05
849,0.1352433748246232,0.0074550438100739,0.1457788183677417,0.0133129552749795,0.1537044761550525,0.0723324514113456,0.0163818406594929,0.0037935655344277,0.126195797851338,0.0132856482366447
850,0.5278910725959268,0.0384607895355696,6.100879310868459e-05,3.3380794081988043e-06,0.1427359143696599,0.0052082469975941,0.0001082418149525,2.866477414778492e-05,0.0002004269981492,0.0001017993417195
851,0.0008252721840097,0.0002874564853843,0.6932136427982385,0.0053054256742855,0.6892359224621463,0.0035667674337082,0.0023913792664136,0.0003920918175967,0.3577746492988337,0.0042592875806519
852,0.0007851832141686,0.0001947648969458,0.0291927369784303,0.004002569079962,0.0090660001745947,0.0010913090395206,0.0008134725439731,0.0002418648432949,0.0076312166471497,0.0007535542861498
853,0.507912745924909,0.0292714791418951,7.685831627719633e-05,4.413193532801656e-06,0.1560869947768789,0.0079836732001988,0.0001091454249822,2.6153423312494384e-05,0.0002321680304572,9.743949721740328e-05
854,0.0608982924036074,0.0067211157281849,0.0068974877732107,0.0010467048716649,0.2566732103142142,0.0042249247607541,0.0013462038052394,0.000136119862824,0.0068203401602755,0.0010372288542904
855,0.2604437517032469,0.0096193936274387,0.2884045499223162,0.0098508275449355,0.2372159194442545,0.0348829875216667,0.0139307298379893,0.003158777159324,0.2284096739660376,0.0098068070059202
856,0.2787037118364578,0.0082304346033947,0.1409882944430106,0.0110023112258766,0.1468571642438925,0.0823339036988398,0.0096302466321466,0.0032402399344873,0.1362145507693223,0.0109551287930428
857,0.1934360249294261,0.006432714060373,0.1852693586791484,0.0415329123903079,0.1330799484180432,0.0448960792410105,0.0188488732792515,0.0042848046328656,0.1623504064832475,0.0411942506110287
858,0.0426114184374823,0.0040507008527104,0.3324296342860801,0.0803817477745024,0.1425075825132446,0.0741115363963667,0.0313955604897158,0.0036888579874521,0.3179597360699944,0.0792944980486263
859,0.4858617679189693,0.0430091225380879,9.436288727851705e-05,5.082291772843415e-06,0.1650222860154079,0.00522637021233,9.520569893467912e-05,2.182273576820289e-05,0.0002282236630421,0.000100708689007
860,0.2917956278261321,0.0077859790949511,0.273137906611958,0.0169492204460311,0.1175081831869411,0.0452806570583333,0.0161620758173474,0.0044057834672133,0.118007910177527,0.0169131275954264
861,0.0013882655507672,0.000988350840128,0.0222034917196829,0.0047738395689467,0.0209963241448042,0.0055728174874745,0.0013823428344112,0.0010491101294897,0.0115927968101816,0.003180244947872
862,0.0689559030921658,0.0051493027617881,0.2055303078053133,0.0267730352233027,0.1012543795642727,0.0367446731775957,0.0138573913745932,0.0039653443786898,0.1327343803983388,0.0266089812499459
863,0.4749750114495519,0.0598483225519393,8.249334217855072e-05,5.737571794013953e-06,0.1564477014856622,0.005203915968986,9.893839487969542e-05,1.9615393434103768e-05,0.0004022460901823,9.314588585823768e-05
864,0.3075382930026216,0.0071251340937829,0.2489539502680516,0.0172099053335104,0.1949812643750464,0.0580109486422009,0.011900139238558,0.0036819070974427,0.1186781467623384,0.0171603279942357
865,0.4402668469332186,0.0062436995360738,0.2231258974971851,0.017316532761061,0.1237588014471569,0.0557052185879012,0.0107214854746422,0.0038999365569343,0.1458950278491118,0.0172786373611099
866,0.1937607753470156,0.0088168218328707,0.2422902161610958,0.0104804287866956,0.1910394800379942,0.0743829190135789,0.0144745883726144,0.0039881723089907,0.1887551978659601,0.0104601871047711
867,0.0007873105261522,0.0002903214419081,0.582160241884381,0.0053354400878382,0.5781892232415908,0.0036008388915548,0.0023005075557865,0.0003967697658047,0.3058776206244165,0.0041321593689889
868,0.0016260995374808,0.0002793841556975,4.0425652358909705,0.0053620554449719,4.032937370648493,0.0033835716180726,0.0042689044324972,0.0003813775025457,1.6885050219075008,0.0042890760114748
869,0.527886865905852,0.036883946467555,5.654738387737682e-05,3.520657797704239e-06,0.1441888931692004,0.0065669364311257,0.000114093162766,3.0285358367628608e-05,0.0002515030211684,0.0001123537712608
870,0.1362630626917478,0.007963712657566,0.1752884957659888,0.0144640711702496,0.1489646917115743,0.0730271090274942,0.0107716586966474,0.003713094043579,0.1657116328313966,0.0144138479402324
871,0.0012048352829547,0.0002803620457614,1.8987528888061456,0.0053401614689137,1.893742819775078,0.0034706936360286,0.0032785179649808,0.0003865720063473,0.8864155790430067,0.0044945105733575
872,0.3902274492413006,0.0073142735664937,0.1439997752264156,0.0164038399408641,0.1387037891360392,0.0628014640758797,0.0138455831686907,0.0039036285823734,0.1227677317985091,0.0163620130402708
873,0.1391982805997471,0.0307977780453112,0.000576249888141,9.769413934466676e-05,0.6122474893744421,0.0058695740482175,4.068798585253549e-05,7.709648116194161e-06,0.00057865702127,8.910157048311736e-05
874,0.0007831645544281,0.000551173924229,0.0265036903432717,0.0075911978072074,0.0149721567677168,0.004409662981398,0.0009133385263414,0.0006287728466604,0.0078601446321485,0.0028409512749937
875,0.3372535546570613,0.0059195391790276,0.1543109599394617,0.0173128634531637,0.1158579460055977,0.050169131211617,0.0127746503653792,0.0033242455510565,0.0980657670331201,0.0172779393783316
876,0.3965496985631045,0.0573852030222356,0.0002122894178775,1.0263052628622627e-05,0.2585668955168965,0.0037953128148816,3.743496835230699e-05,1.3381940747321834e-05,0.0003043117088397,7.703970027728191e-05
877,0.1558281806703512,0.02845331553466,0.0007815900138628,0.0001487139659256,0.3796304032712129,0.0099463316019011,5.936965167237075e-05,1.2878547037038829e-05,0.000651214190757,0.0001274180597759
878,0.0324644192093123,0.0061149684762484,0.2507774305654846,0.0921082240279285,0.1040596647523283,0.0610988686744703,0.0174625568267064,0.0038787680418729,0.2428936141959136,0.0909389133593717
879,0.1926243773980561,0.0101397188105896,0.2031965268113034,0.0149362557370158,0.2221996722823925,0.0891114708173358,0.019233185434159,0.0045495487404379,0.1684658822930428,0.0148654231132414
880,0.4712708720364035,0.054679852982773,9.06207338797274e-05,5.7216107776252696e-06,0.1613173070323861,0.0047448193344254,0.0001798486637267,2.18164372873544e-05,0.0004720543973111,8.135123706022405e-05
881,0.2666797805286007,0.010270223619111,0.2178452875052658,0.0106305247038966,0.180608038838954,0.0386616620856025,0.0139933799838779,0.0038728350579247,0.1499942014644452,0.0105960754716362
882,0.2097325515691944,0.0055198237935607,0.1751359395976818,0.0229361578773158,0.116207248113875,0.0515487092783693,0.0118303335205324,0.0037069581422407,0.1628865038742969,0.0228915559180983
883,0.175480674902213,0.0098564181199719,0.3019479478415888,0.0092033206843758,0.271054278956961,0.0313972837937926,0.014956202014084,0.0036468591068809,0.1635964074357881,0.0091753489702828
884,0.003452412038601,0.0013374153319632,0.2087319674199665,0.0902808018110659,0.1192861726025487,0.0321588664161431,0.0056458800826112,0.0012622288795398,0.174447298483904,0.0666733510804271
885,0.2594112433783495,0.0095373313990194,0.1936959130374523,0.0133537754548804,0.1650383560615349,0.0767132032451081,0.016741574170078,0.0042984679472982,0.1265787101464245,0.0133067848797936
886,0.0008825195227155,0.0002905754604739,0.8867852932273005,0.0053209030386659,0.8827195720905066,0.0035863550518475,0.0025224354034985,0.0003967320607578,0.4551782714571405,0.0044928026145605
887,0.0064615496571537,0.0018333831533263,0.5872776028345426,0.3335005378817365,0.3495087167115471,0.0981715604065653,0.0096807466788178,0.0016059152969871,0.5163547719408798,0.197997622913158
888,0.0012883367689879,0.0002917761620476,2.264572309293264,0.0052960962497016,2.259704906565493,0.0034590974767814,0.0034770083932927,0.0004016882598844,1.0308465329525098,0.0044341690983619
889,0.061064436009383,0.0039259213303425,0.2637447619634575,0.1333433162472503,0.1746992774072174,0.0725364397051689,0.0475311089202751,0.003364819339191,0.2609189075545664,0.1310340719641225
890,0.0012885714662385,0.0006225359962191,0.0518830047227173,0.0119635723576864,0.0225621501613608,0.0066742563296907,0.0022231029114563,0.0007018495825472,0.0178729957996873,0.0040440947857566
891,0.0015982010017115,0.0002739699773454,4.109750137099721,0.0053308749062117,4.099481644612568,0.0033732112452856,0.0042089343293057,0.0003766467116605,1.7007985480559051,0.0042869000848006
892,0.3767435810593406,0.0603555482507412,0.0002662429394393,1.2977332686749976e-05,0.2846872602084793,0.0040821044660847,3.909036754122045e-05,1.544335622513442e-05,0.000278533067915,7.538622903365197e-05
893,0.1424123355870283,0.0462662992337242,0.0002356943495917,4.472042217957869e-05,0.4455089044968522,0.0117176110687499,5.55722519498643e-05,1.3663594853078756e-05,0.0001979229614428,6.510636851131216e-05
894,0.1200135914626849,0.017282248566332,0.0006568962291061,0.0001658961896486,0.4085575590917127,0.0199620550461971,8.186695712865635e-05,2.095940668154229e-05,0.0007060174323329,0.0002002868031334
895,0.1804204884305984,0.0096393540936891,0.1915367780517552,0.00976765910729,0.1899991703529405,0.040179790677038,0.0119260910644592,0.0036004349030661,0.1646870355406688,0.0097334242812088
896,0.1583676876337297,0.0070458107742137,0.1232177942296509,0.0136373182980009,0.1296487855763106,0.0630561552306183,0.0111639930261452,0.0036753753837013,0.1090983067413414,0.0136135593613106
897,0.0007489962735029,0.0002840932704185,0.0805690047559723,0.0059047017701516,0.0778538121139258,0.0041134559289308,0.0010866758601764,0.0003712078198118,0.0218959007112723,0.0020421775999635
898,0.0251794748970028,0.0029423586412829,0.2658268864520546,0.0346919810178848,0.1187001137395083,0.0451616152235381,0.0169197994422689,0.0025815989098016,0.1624321505516857,0.03434697059466
899,0.2393359665648862,0.0086806492676069,0.2070027769646616,0.0091986546791394,0.1957681317337493,0.0407546461039001,0.0095286476599464,0.0029858914851277,0.1982164661540364,0.0091603682127484
900,0.0007425505273123,0.0002971333880228,0.0280938610017005,0.0035397854114427,0.0125142194272629,0.0027800838809611,0.0005469901921147,0.0003560825628695,0.0077744183286091,0.0017714128728594
901,0.0019477042922419,0.001364107559228,0.024856400503225,0.0069466906613375,0.0254304222145354,0.0074857764595709,0.0016570282317553,0.0012849480840018,0.0108566611892466,0.003847360376065
902,0.288036327264298,0.03524412657523,0.0001132830477212,1.0786756697196235e-05,0.3685515380393969,0.0037502462202894,4.5860012984800014e-05,1.0913188939474084e-05,0.0002667059194086,9.372448148467094e-05
903,0.1808406663449279,0.0106788863456712,0.2053699032656889,0.0090410152479897,0.1672736085545239,0.0421019421846352,0.0166497923755932,0.0035932012566126,0.1428355046709167,0.00901378405927
904,0.2273871298908557,0.0090043691746693,0.1867370286569947,0.0102144263970478,0.228234746349706,0.0366661358308635,0.0116306583852008,0.0032747784077295,0.135358993047343,0.0101553746249006
905,0.0007555380609728,0.000247824943679,0.0428841644321293,0.0057033598659607,0.0393049245293674,0.0031488102724225,0.0010085058737188,0.0003176966490316,0.014623678073432,0.0017773819219095
906,0.1576606798558543,0.0083291045272282,0.1686012143019905,0.0142972476359519,0.1717849162621741,0.0787621930870765,0.0174505848540303,0.0045549851723235,0.1133743405657588,0.0142681169221672
907,0.0022413471702267,0.0019087783932962,0.0452555328508448,0.0122667336240765,0.0357869656336506,0.0127843163930504,0.002288721235857,0.0015880980394493,0.0191771515368163,0.0062559106767473
908,0.2553569371927239,0.013072333826143,0.0060005893735227,0.001315426585836,0.2468072130531664,0.0083384446940232,0.0012598106314506,0.0002475529451179,0.0059281464984824,0.0013194687200174
909,0.2745452667195976,0.0088212452362186,0.1347243683206688,0.0172465541222294,0.2101105997347971,0.1171797820518108,0.0167549030736164,0.0038908649679156,0.1011399465898568,0.017149441467805
910,0.5041463643616656,0.0440166027966625,7.906806375822782e-05,4.199772582344915e-06,0.1557220499352896,0.0045339562059944,0.0001104535913052,2.3266401354800347e-05,0.0002282164012692,9.432287302457566e-05
911,0.2274691308575955,0.0081055807350693,0.2312441393418599,0.0106170700845322,0.2708293592815742,0.0544290752274577,0.0114293423413817,0.0034454670619162,0.2125780235309611,0.0105811420577682
912,0.0008296527688754,0.0005494216307564,0.0221664608720992,0.0036550455942853,0.0145114891925826,0.0034736298984563,0.000882357661264,0.0006215486722143,0.0063720638271395,0.0018232653226723
913,0.139902462950179,0.0069787908585974,0.4088606864834535,0.0535223225849689,0.1937184237188312,0.0727467665258551,0.0282955411930866,0.005318864663968,0.2863981390362241,0.0532768322247087
914,0.0007854692202753,0.0001265587254418,0.0290127986759733,0.0035203543543174,0.0049350976341486,0.0011280312607858,0.0007207697717262,0.0001565714364846,0.0074446901223234,0.0009191834094112
915,0.019543998372855,0.0025417335173891,0.4068453867149208,0.1373774203793142,0.2635859254734636,0.0717052298257703,0.0234024743382212,0.0024196952238497,0.3386030568595009,0.1288047228812134
916,0.1214408514461982,0.0059702028359431,0.1403744478853185,0.033215010680535,0.1086370931489946,0.0484479714737083,0.0131729975904559,0.0034632524406683,0.1363038793110451,0.033061833814078
917,0.3939384951989857,0.0439209048479843,0.0002278007918424,1.057519094680299e-05,0.2613113281722878,0.0044257697686342,3.548863845414037e-05,1.112757768366214e-05,0.000277105513943,6.505649942907723e-05
918,0.1624032765555292,0.0063151954806478,0.2011892061652151,0.0292648497468646,0.1122652435643908,0.0566261368526392,0.0148943425421975,0.0046124843810632,0.1735816227574244,0.0291452549589589
919,0.002238612578895,0.0016772470001068,0.3377386329142537,0.0973426530024849,0.1213073174823344,0.0216391940633532,0.0020299999285439,0.0014368081881015,0.1497610981956422,0.0202698966501362
920,0.5138558036407026,0.031624234247379,7.198733688716511e-05,3.989819285476928e-06,0.1524045542400933,0.0076303958329321,0.0001144859336763,2.676068222558488e-05,0.0002522346692164,0.0001036570843108
921,0.1580844661755241,0.0074075804981934,0.1803298934039646,0.0098573354581205,0.151143655125693,0.082151694374117,0.0115973782431001,0.0034533221750961,0.129647484808791,0.0098399067855342
922,0.2912431848439016,0.0060307742842601,0.2379375065036084,0.0143585115728617,0.114176410287421,0.0415337030696072,0.0108601111270944,0.0037913697833543,0.1565346253538755,0.014321129157077
923,0.2728465231048194,0.0067168926274545,0.2180587362628686,0.0315416613200703,0.1423979916454699,0.0553276526776516,0.0121003241778102,0.0048600780076129,0.200582713365183,0.0313896059010678
924,0.0023088199122782,0.0019468545086762,0.4001456422536739,0.1114334280846631,0.1392196012930734,0.0389033215090362,0.0034488556055,0.0016233780673965,0.2266891142587521,0.0571915912773294
925,,,,,,,,,,
926,0.0234087403543445,0.0024850165938385,0.1504518884762694,0.0641140500935385,0.0810405813395758,0.0359831975006594,0.022157733232753,0.0024292495116501,0.1397927753687958,0.0618203036759161
927,0.4283977833286591,0.0495671675544257,0.0001526702104371,8.038979590195359e-06,0.2142678571078251,0.0039291394632161,5.019395223362326e-05,1.4221417380278976e-05,0.0002546803019148,6.874296755840854e-05
928,0.0042343195216394,0.0008658620034435,0.1727970248736842,0.0646590363531334,0.0904573556354774,0.0218332179638393,0.0072259320055873,0.0010007176849161,0.1186563618795381,0.0557943081923373
929,0.2098181719347916,0.007899901337303,0.2335602775163042,0.0076361842354573,0.2485199494461049,0.0330850993266235,0.0099335638019735,0.0026910793244393,0.1382774279689998,0.0076135022382814
930,0.2669614529863956,0.0074467417017772,0.1592000216395138,0.0276941477226555,0.1238143035660824,0.0597783501953718,0.0148121666168435,0.0042382555401655,0.1024477933946066,0.0276227156625608
931,0.0007303920266592,0.0002837937362627,0.2330961301577757,0.0055376009996768,0.2302158161998062,0.0039491646093782,0.0014847126377161,0.0003815653985286,0.0971466267130478,0.0033759156689747
932,0.2152545666192875,0.0084588760847397,0.1823815236479823,0.018459615299847,0.1700035156404147,0.062384308584697,0.016979857403735,0.0047283050153542,0.1700122659485072,0.018420632231152
933,0.5189286633663367,0.0335043997290355,5.747265390910447e-05,3.845792884978388e-06,0.1427445521948416,0.008102231388995,0.0001280037295838,3.840767013523603e-05,0.0002820943907871,0.0001162025683503
934,0.4024918579618882,0.0615974780669468,0.000198339446697,9.628288859494494e-06,0.2485297784017094,0.003664728465321,3.953224845133284e-05,1.5856216260268386e-05,0.0002746588717462,7.200910406016277e-05
935,0.3908562938793402,0.0606810036747655,0.0001398187204001,1.2197730568156044e-05,0.2590815574728597,0.0044811496743335,4.8897260971470016e-05,1.6531752445986782e-05,0.0002252403012297,6.501618604995699e-05
936,0.1285380212882008,0.0065253481721524,0.3703115414804848,0.0422674642701392,0.1475784609169994,0.0535470917348159,0.0206558737910851,0.0047953756491393,0.2279855565596713,0.0419526291967785
937,0.5111443860647148,0.0428783710881028,5.531841008716808e-05,4.238280661562458e-06,0.1461749736615318,0.0074638785284098,0.0001137149600472,2.9004588773768484e-05,0.0002598248663861,0.0001198482298991
938,0.3843163159887301,0.0078203732281574,0.2156112146813466,0.0226273190879981,0.174830849288135,0.0587514130210647,0.0207903027576713,0.00513207879858,0.1177711345008314,0.0225847657535972
939,0.217055753657877,0.0088870249025394,0.1938904798429496,0.0092842316871292,0.1970125920068525,0.0427836066159908,0.010251753788962,0.0030519537600274,0.170990675422394,0.009257043211512
940,0.5110107181927402,0.0397120205419457,7.262038293147382e-05,3.85462848842472e-06,0.1498369816651872,0.0047860005740051,0.0001099941011189,2.3210488223578264e-05,0.0002184146969502,8.802717474169879e-05
941,0.1764899133037849,0.0081774391561219,0.1860806282841914,0.0113000349907162,0.1750965750392365,0.086465986308419,0.0136277909235119,0.0038822753748093,0.135080033676606,0.0112729861695563
942,0.0007318098336875,0.0002863720673976,0.3540756130759902,0.005442633167277,0.3513509461151464,0.0038412757775234,0.0017859557311416,0.0003878095579618,0.1812103268141759,0.004021830550347
943,0.2252944265869807,0.0108427015374582,0.1664578522615532,0.0117586116736827,0.2108547908624737,0.0395643878387714,0.0155411982955317,0.0038516944379687,0.1537524226133428,0.011687601280961
944,0.3496420925998924,0.0461596072144183,9.16918264848612e-05,1.0472277344930009e-05,0.2694355350513351,0.0086307476245998,8.944751243600334e-05,3.5446312165313136e-05,0.0002448638358014,0.0001065691066036
945,0.0026840095416977,0.0019352707064544,0.1193292300871089,0.0292058791092536,0.0375419726353268,0.0141510479702847,0.0021884343709004,0.0016459580138627,0.0397748000804493,0.0080525277617352
946,0.0489722007661896,0.0060289770810228,0.3550114411415301,0.0451165593086582,0.1838204363118737,0.0600218913466721,0.0188737052997043,0.0047119498208606,0.2841812564383282,0.0449145149918006
947,0.3640967966091047,0.0656769231360283,0.0002947709516285,1.391970043508722e-05,0.2959017743857121,0.0037786570248105,3.6834915614549606e-05,1.2865999723759203e-05,0.0002953420157241,6.266947261239677e-05
948,0.0008512263776596,0.0005972178987797,0.0388293908319937,0.0081800266622177,0.0161818432348259,0.0048556485531176,0.0011638668463443,0.0006723350640291,0.0136096219852402,0.0031458667877696
949,0.4774792717670623,0.0294511601584307,9.885748690328308e-05,5.422660393086503e-06,0.1633642408044755,0.0057493092439907,8.730293225444947e-05,1.8918626663661105e-05,0.0001933279909869,7.90548187090114e-05
950,0.3961697119995037,0.0063677899698057,0.2247810641855917,0.0154334791390399,0.1343272549924164,0.0610664851924761,0.0119427058818819,0.0036967685355617,0.1596485973620077,0.0154087735063531
951,0.450569700031426,0.0509259511176032,0.000123254947631,6.473595579650822e-06,0.1741039545458406,0.0035845806604412,6.53480623200659e-05,1.5102107099023288e-05,0.0002442300331892,7.87974048305692e-05
952,0.3015562264247479,0.0075966013327112,0.2200446020420771,0.0123112524841368,0.2644871829858645,0.0561927763280862,0.0104690991290555,0.0035657569266876,0.1928415572553443,0.0122966040296643
953,0.2321766069614043,0.0065990795772543,0.1947975534350868,0.0319014160765891,0.1323754313818334,0.0484611126903069,0.016196270622803,0.0050019276034977,0.1310399028303501,0.0317555912436392
954,0.1090137588773834,0.0075851924828944,0.2581450100650908,0.0733675780435032,0.1435825078688846,0.0795099640116157,0.0348119198685952,0.0057723377870717,0.2397435388045486,0.0728954491986818
955,0.0007727782491719,0.0002529776191239,0.0266900702221601,0.0049341442854878,0.0206722326431337,0.0023488577416388,0.000937258718938,0.0003240185157358,0.0085791430427771,0.001226054668205
956,0.2176077041938958,0.0089475868531913,0.1816921023251013,0.0116251362969033,0.2464853768988329,0.0767297535506931,0.0162254173168546,0.0041451386588002,0.1292596340702432,0.0115969240137261
957,0.0017187191329504,0.0002779268014915,4.03060285708613,0.0054304062589603,4.016109486209785,0.0034305068268162,0.0044831124290255,0.0003776668198092,1.6783288905332374,0.0044555585330937
958,0.1740524025239577,0.0374818777231985,0.000819776363499,0.0001958526034764,0.4679702187916663,0.0047212732677098,8.289208812946859e-05,1.7420577842733877e-05,0.0007903823188919,0.000179074226799
959,0.1572249661276673,0.0065665582739568,0.2733018621213986,0.0267680055935427,0.0907661446500359,0.0451615739435311,0.0138565968606747,0.0044645232912177,0.1460870880370831,0.026648462702784
960,0.1370201427930829,0.008670923763049,0.2118363812388191,0.009395499902218,0.1897447236404184,0.0899504734889931,0.0120153370505093,0.0037015027670208,0.1691348208648157,0.0093850907088382
961,0.4731452991426816,0.0315784706883609,9.618008111454252e-05,5.576926550803847e-06,0.1666390507160939,0.0044386131666362,6.760528294241146e-05,1.3230530813947115e-05,0.000225485182377,8.55621094082663e-05
962,0.4875895264261831,0.025009611715863,7.808877355076044e-05,5.558787950452465e-06,0.1585175810954479,0.0100625782541983,0.0001020079289383,2.3185248258824027e-05,0.0002588051923428,0.0001000770877882
963,0.4146400425046758,0.0573485937079941,0.0001799472229167,8.753393832467922e-06,0.2354341210365733,0.0032488454285387,4.397747474950063e-05,1.1287843162972146e-05,0.0002676985198629,6.691756527194017e-05
964,0.006018866346047,0.0015748206949019,0.1769060053832457,0.0446084271407081,0.0756609600044617,0.0285166764019715,0.0076584807259434,0.0014737375935298,0.1286331524536766,0.0427386194563733
965,0.2017343656235086,0.0658274372044651,9.505042031215037e-05,1.405512744980932e-05,0.3995682075597664,0.0069470489031121,8.398934225997583e-05,2.549447107780032e-05,0.000242867393746,0.0001116277095358
966,0.0007299033558043,0.0005199584765544,0.0274523745670598,0.0066202990907847,0.0202366872331465,0.0061010538058978,0.0008544046272945,0.0005976793944094,0.0113324681590849,0.0032707950911876
967,0.1756093158478588,0.0077364466593591,0.2154899945557317,0.0089446271357139,0.198425248668547,0.0485482883545505,0.0109929479103775,0.002965193212936,0.1051910132316277,0.0089144839499059
968,0.0015655833464025,0.0009975399953499,0.1280064130110079,0.0233599778901237,0.0285096477338445,0.0061925269286307,0.0024579571485717,0.0010324003267049,0.0294874659272155,0.0043492567569238
969,0.2338083888877593,0.0110467609472203,0.1969144583202803,0.0092969957267333,0.2413031056614116,0.032162105723596,0.0114855752382455,0.0032423788729271,0.1726307061208176,0.0092547115732422
970,0.2216748030403104,0.0105561348761271,0.2038531674322762,0.0102772377088337,0.235942962554017,0.0443434876889351,0.0172587226650997,0.0039272106097216,0.1918915015825923,0.0102485899589485
971,0.2501124534691319,0.0080932962364745,0.2321319748167025,0.007272804955907,0.1899506004628947,0.0302627697738703,0.0093314818033283,0.0029582089951163,0.1341823102510496,0.0072568157640049
972,0.529404865435437,0.0385937886444015,6.018498137913603e-05,3.254749531046059e-06,0.1429059947496262,0.0057550954032581,0.0001127071569834,2.909403789381468e-05,0.0002302864868752,0.0001038882780409
973,0.1895867423066987,0.0070428442543822,0.2235367038108827,0.0408379359532579,0.1253815266961424,0.0617494912010578,0.0202841022106585,0.005020753956666,0.1746008402435814,0.0406382250894565
974,0.0007478426697585,0.0002915947610116,0.4898609201428976,0.0053461029223093,0.4861174068182165,0.0035776403447054,0.0022075991440387,0.00039685053295,0.2606317667863942,0.0040400548990001
975,0.3809355536965444,0.0654404451347358,0.0002208345246226,1.152580577334328e-05,0.2667400661289351,0.0042242938906889,4.470848048293409e-05,1.7902850823552145e-05,0.0002740765226942,7.137983989344948e-05
976,0.0019190102721575,0.0002788832970403,4.8442099862269545,0.0054795725252858,4.818981263275152,0.0035189080431075,0.0049541206082537,0.0003782241138054,1.9705274156158008,0.0045822667280501
977,0.2764220536267681,0.0068126325772243,0.1862309483821349,0.0194252052919906,0.1120675216582287,0.0439883178007735,0.013897447831786,0.0042967496433953,0.1728660233976676,0.0193754727279253
978,0.3429041985812239,0.0689424637716488,0.0003168836066361,1.642833344482636e-05,0.3209759645418756,0.0051503028867304,4.65877133834793e-05,2.5394911781358383e-05,0.0003229502225597,8.241639769387905e-05
979,0.1249368458048534,0.0063568899054535,0.188036572762283,0.0212488317543884,0.1187658443130699,0.0387164698335877,0.0170005237308523,0.0043935407653944,0.1331920912888859,0.0211768519443058
980,0.2542450473437951,0.0365184689883734,0.0001471387924525,2.5959466040907495e-05,0.4422787759481175,0.0160138863130107,7.180318876221375e-05,1.704130059981231e-05,0.0003598459009692,0.0001066383725429
981,0.4982513709494349,0.0409504986303557,8.336684933625901e-05,4.504981731083587e-06,0.1576456791196405,0.0044666891592668,0.0001002390738385,1.9749140694608013e-05,0.0002179074632153,8.59323950056691e-05
982,0.5200766157581049,0.0506073068845968,5.5593782907643e-05,3.933190236105725e-06,0.1420201073102381,0.0066155823776282,0.0001115467279879,2.9479110594914503e-05,0.0003640589237505,0.0001153687142408
983,0.0043775792527209,0.0011654598468743,0.4369890742181234,0.2933703382635321,0.2661825036529714,0.07513457802489,0.0090725842546798,0.00121109905327,0.3222623487374386,0.0967999893338942
984,0.2183618745861731,0.0209041735220386,0.0009942966742101,0.0002345176374707,0.4284218348463999,0.0078576684979088,6.79536419721963e-05,1.638078211011731e-05,0.000923468278747,0.0002172554078949
985,0.4346694433435592,0.007466811412539,0.2191616473413039,0.0181340772110641,0.1609882934487125,0.0726678713537939,0.0171244528390957,0.0045051885239229,0.1325326141083818,0.0181098290360542
986,0.1791359561822914,0.0076177397656423,0.2172814165237112,0.0123806481342816,0.1960902636278544,0.082803735682869,0.0134775837405949,0.0038750610248329,0.1857144585240767,0.0123520772756669
987,0.0007940787656247,0.0001932340589111,0.0277961384710777,0.0046885628652349,0.0127042256245788,0.0017916436416934,0.0008941830574856,0.0002423750150308,0.0075134448070217,0.0010526837207448
988,0.0042117134765913,0.0021667879525096,0.232931482165676,0.0640544613418261,0.0702815693320924,0.0300078236755186,0.0052622110668214,0.0017918452860109,0.1146818102337965,0.0574641229182829
989,0.3905321925916527,0.0522228967058036,0.0002002169812206,1.167671388019302e-05,0.2602532518388268,0.0054903378875112,4.029585902223228e-05,1.6670964407756296e-05,0.0002812172458735,7.120015803088851e-05
990,0.3664014141030788,0.0695127066641857,0.0002885104374202,1.3334413432176638e-05,0.2862891722914435,0.0043493222390581,4.608177650064637e-05,1.743638916257297e-05,0.0002891738689874,7.286371215621378e-05
991,0.3800525374252944,0.0699053070069362,0.0002070990580861,1.20117804059418e-05,0.2589951772585078,0.0058449819902665,0.0001254968546132,1.965811981798537e-05,0.0004284765118945,8.499792570748765e-05
992,0.0339330268440359,0.0027538443441017,0.2254803074568282,0.0570078761667095,0.1254423545434633,0.0460483795867491,0.0244801608099155,0.0025769976147412,0.1801664724898593,0.0553951920197326
993,0.001041268458808,0.0007162506022585,0.0278618116056222,0.0062219701649404,0.0168878309057698,0.005402196051602,0.0011440109626525,0.0007896537887136,0.0119835836177611,0.0029385297985534
994,0.122206849514486,0.0053908717978463,0.1595169187758134,0.0355256622601582,0.1169317536584166,0.0520017605938432,0.0205366699060152,0.0036633650649275,0.1173793108471601,0.0353267158231328
995,0.0018259576203621,0.0012584734725532,0.0675582243866644,0.0151570822373459,0.0244208905708301,0.0070192449648218,0.0017640505388245,0.0012054778559902,0.0168361087134766,0.0041458533466602
996,0.0361973152728953,0.0029110767226297,0.2757154718555512,0.0845710043215447,0.1636859526816788,0.0458231148061586,0.0309215742977755,0.0027711563292891,0.2091213164794932,0.0817375459009247
997,0.3156689197363904,0.0068293128299568,0.2626950119670451,0.0158507244680412,0.1301963341778578,0.0472976950942553,0.0148872013493386,0.004116992830267,0.2312246176988036,0.0158212651094763
998,0.1871820213354547,0.038525515629253,0.0001581115832939,2.2705918683996145e-05,0.5142839943676781,0.0054335228974681,4.068874180290499e-05,7.595888542955476e-06,0.0002768241743161,8.813629180774489e-05
999,0.1401433743573037,0.0065882430076981,0.273050746495949,0.133625937938462,0.1877032919231092,0.0750961880983322,0.0621861823534551,0.0047416329217543,0.2712392983579609,0.1319599452391201
1000,0.1574536461735709,0.0084234586194589,0.155757728220268,0.0115632002765074,0.1809802666267201,0.0904716525916702,0.0116533369512659,0.0038093441630917,0.1332512232543664,0.0115342787150673
1001,0.1753508730750737,0.0081136047464161,0.20106252173203,0.0090046279777248,0.1630703231508162,0.0405593267212222,0.0123008472125152,0.0033043036406097,0.1887028689098555,0.0089807188397317
1002,0.5171678745029805,0.0265128438909808,6.955209973551221e-05,4.029354103530156e-06,0.1487013166497663,0.007682864816992,0.0001099732164163,2.9540389611849827e-05,0.0002624061265943,0.00010548427421
1003,0.4293812752641417,0.0549681933931334,0.000154845856761,7.78273579398113e-06,0.214039267737447,0.0035311572001439,5.206770499220981e-05,1.5194395789461588e-05,0.0002639906037163,8.013161905891155e-05
1004,0.125187336299217,0.0075349702711555,0.1649408193757044,0.0134124982315399,0.1476757608869685,0.0619958275320744,0.0164681912561571,0.004466026603146,0.1428507110194918,0.0133956202045105
1005,0.1320950338277923,0.0069676090400647,0.2567886034656599,0.0286234161723156,0.1376701863397127,0.0538702989713032,0.0158138772624095,0.0048316585806437,0.2246106246398073,0.0285538116703614
1006,0.2894732900850594,0.00592595692656,0.1632775431288483,0.0238175642791678,0.1175046334942715,0.0542098857567706,0.0130525837856015,0.0040928781482316,0.130427719002437,0.0237477128171521
1007,0.4129884632536669,0.0085339286886034,0.1969620741003418,0.0194458661803841,0.1272706332265372,0.0604543492129665,0.0212975072285614,0.0052437766978849,0.180372450800619,0.0194287062611882
1008,0.4183618164848517,0.0626353554604254,0.0001682654644276,8.668540793214144e-06,0.2261429152041987,0.0033605803052149,4.460742063677949e-05,1.5571890185825647e-05,0.000265617653084,6.307032241862536e-05
1009,0.4401808340518893,0.0342369352574485,0.0001214693090251,7.077408502654972e-06,0.1754839083882641,0.0051962973167997,6.483620523512893e-05,1.693210413802017e-05,0.0002458973381349,7.451852353982909e-05
1010,0.4734155141717352,0.1026980752276436,9.380207955533231e-05,7.72493619326462e-06,0.1614426902377432,0.0054298434261519,0.0001293238170992,2.709288079205621e-05,0.0003416504997363,9.06026948070714e-05
1011,0.3599235199091951,0.0681113291359026,0.0003047534102628,1.474011944625544e-05,0.3053960033599296,0.0033859222027964,3.411335616747006e-05,1.2289376898517264e-05,0.0003053028808263,5.469022522839676e-05
1012,0.3848475538362003,0.0067706952257982,0.2336066486516377,0.0186557712263945,0.1240076060934532,0.0567772256226406,0.0137247521421522,0.003868799941438,0.1445342949167684,0.0186006654512146
1013,0.178705656027787,0.0294259571688169,0.0003247332817177,6.938618753886939e-05,0.4624966594235517,0.0110225582046353,1.7963725836824286e-05,5.881739292205726e-06,0.0004606387469007,0.000133073152637
1014,0.150826659530823,0.0072634461890362,0.2690365977064317,0.0096457428695583,0.1641849158648448,0.0813616111604765,0.0113409298709408,0.0031034035750738,0.1583391795921055,0.0096260136446798
1015,0.4193235356992241,0.0058136658595004,0.1488909754476898,0.0147183215454803,0.123212245368872,0.0538905861124386,0.0091662441846467,0.0033247263616631,0.1411042537072588,0.0146844968480864
1016,0.043091761108732,0.0047192252068861,0.1857110295016274,0.057451542996608,0.1320239506112474,0.06380336648322,0.0198044392658625,0.003357611164715,0.1796930275086536,0.0570020121082195
1017,0.0007544930029224,0.0004269830860415,0.028019338147602,0.0042720490482671,0.0143113552836757,0.0040366108110604,0.0007159789401897,0.0004987791495025,0.0074255637000476,0.0023842607988246
1018,0.2060952085225398,0.0066070764177655,0.1766460454510471,0.0104419933861868,0.1601327240080997,0.0816487421852565,0.009441332662978,0.0032533456434818,0.137542877878625,0.0104120886169508
1019,0.4458838760898994,0.0466742386831359,0.0001139851757123,6.507054756071504e-06,0.1656419748360772,0.0039707131451309,7.673068532051432e-05,1.8165705856979992e-05,0.0002655769331469,7.22440028547699e-05
1020,0.4287543217113992,0.007337020349125,0.1829339609804549,0.0229777749775397,0.1417034735890227,0.0693900459348051,0.0147909994736891,0.0043321210831202,0.1468444937300278,0.0229093640706543
1021,0.0018731612413531,0.0013745371983604,0.0270663739681356,0.0073672743093719,0.0236669971294023,0.0070104634280363,0.001658761265184,0.0012460160631656,0.0111198432365771,0.0037708036094737
1022,0.0017271184538017,0.0002798692402803,3.928387124941534,0.0054329385004399,3.9145470094467303,0.0034426825093984,0.0045009015627494,0.0003802401561904,1.641813278887293,0.0044619629448557
1023,0.0016318782248471,0.001149609115081,0.1951060917185243,0.0679378641272906,0.0547759835001483,0.011751206226029,0.0016270473313306,0.0011579264631508,0.0569904185644455,0.0102058266632838
1024,0.2539850171950836,0.0587359377067751,0.0001241123549107,1.430629921322896e-05,0.4911848886292633,0.0048152376384183,7.471583423824739e-05,1.315054017310026e-05,0.0002489071247576,8.263244642673807e-05
1025,0.0020095252673943,0.0002803179696468,5.0819253223048,0.0055002764213355,5.050710427755984,0.0035485222503875,0.0051607670858672,0.000379301742887,2.05142275844688,0.0047331337803474
1026,0.1759378628839354,0.0584440421407631,0.0001754547623214,2.6273434266811544e-05,0.5051002937457207,0.0064310489726005,6.979982771556879e-05,1.6618602050447964e-05,0.000213067587352,7.756963345481897e-05
1027,0.4390783461505667,0.0605835206357202,0.0001226028356491,7.517722826001431e-06,0.1798926011282019,0.0052607816786783,0.0001449448215905,1.991146012844721e-05,0.0004373660706364,8.177324859842892e-05
1028,0.4205861192573881,0.0565977615505129,0.0001647740981749,8.346918785265938e-06,0.2228741258547606,0.0042248430156669,4.754456143782031e-05,1.7336582100826157e-05,0.0002691407886338,7.655746256548767e-05
1029,0.0018171340232789,0.0002808749259594,4.895249762986693,0.0054477792508914,4.873608500584905,0.0034703289849982,0.0047152427769134,0.0003809457809908,1.9762321589717244,0.0045737836736812
1030,0.2172966193920078,0.009012883737995,0.1860416499522844,0.0092146258401319,0.1707087600251573,0.0413847778526253,0.0117131693137518,0.003355113079298,0.1562937066899864,0.0091890343489707
1031,0.1377238602687266,0.0069815709092145,0.1666824164283192,0.0116710192006681,0.152904971879689,0.0677095085837594,0.0119280434696197,0.0036834393927363,0.145593734608698,0.0116522275989079
1032,0.4792853959090093,0.0399179369344845,8.894867235211386e-05,5.075479162252932e-06,0.1630654421038753,0.0046731849839674,9.383897972074488e-05,1.7080940910069326e-05,0.0002484614391913,8.819851541986889e-05
1033,0.4289717443648398,0.0541046794442926,0.0001342330307808,7.91278269353628e-06,0.1955992121787739,0.0058075510193901,0.0001289096042449,1.9682133872608907e-05,0.0004123660943891,8.824637015053958e-05
1034,0.2589390158360227,0.0076538508643419,0.1783625741650864,0.0131144575749698,0.2098992612521427,0.1138287273508125,0.0135834340866995,0.0039293736441945,0.1314698507710467,0.0130894257265567
1035,0.4167346326977738,0.007479674224974,0.2412552480564856,0.0163585924842038,0.1417262472689975,0.0647593359735331,0.0130616265817483,0.0042347925756883,0.1456299871186176,0.0163344190077197
1036,0.0023919266722883,0.0017627389824927,0.2801959454104775,0.0901128159151648,0.0963063326027878,0.0202172223784554,0.002051768986249,0.001520645490135,0.1080405810014887,0.0178431978417299
1037,0.1817458934433852,0.0078059393280394,0.2376615153891435,0.0183651932560634,0.1629762667180736,0.0682978991864161,0.0167008912358386,0.0042504143871699,0.2056104562373384,0.0183171922075973
1038,0.0204058530261079,0.0023564642510106,0.1912884172022241,0.056085234259657,0.0851704237782526,0.0353244879032206,0.01922637221423,0.0021578547196765,0.1322332677006053,0.0542837470350619
1039,0.1975398051820871,0.0075909187905302,0.1827371556582416,0.0123076557547953,0.2915017548463713,0.1612170461520644,0.0127495481689701,0.0033901219363046,0.1134036610149682,0.0122651716610094
1040,0.0008508114603193,0.0005818435219162,0.0467139716050759,0.0107097233335522,0.01665374439154,0.0042747178685804,0.0009949166486692,0.0006639542628727,0.0105845851600842,0.0032521110869572
1041,0.4238294969127741,0.0473142819350075,0.0001609471544267,8.13228944014524e-06,0.2201338577014712,0.0037948586899789,4.828412603152375e-05,1.204128542585666e-05,0.0002909046624536,7.73886511632641e-05
1042,0.4451583529413915,0.0489001455505438,0.0001245493894286,6.615873110291991e-06,0.1771511687183841,0.0038198509777452,6.143901459291782e-05,1.5830410508362247e-05,0.0002521275448879,7.977228995157758e-05
1043,0.331609802729234,0.0761239104483232,0.0004152806077237,1.9170585681100424e-05,0.3718960359425995,0.0042969565673304,4.416906348009524e-05,1.791853896029203e-05,0.0004164440283886,6.643927351832774e-05
1044,0.5399002877808102,0.0332983085717307,5.290829213485028e-05,2.942747517441247e-06,0.1409310854792266,0.00859417293712,0.0001154066960624,3.8558871178672224e-05,0.0003151070061983,0.0001305099994818
1045,0.1716217499520346,0.0084252959829804,0.1680551419904352,0.009831484686723,0.2080627600253305,0.0881759811719897,0.01317417221642,0.0035175439652003,0.1512551274946205,0.0098125694285614
1046,0.3638733482263555,0.0665719829340655,0.0002930434557157,1.3637051154482883e-05,0.2917982845135367,0.0053873423106017,5.724245278112297e-05,2.7095524292454768e-05,0.0002936327305265,9.291168229253488e-05
1047,0.4903895611638313,0.0278490935679681,9.06934311839521e-05,5.025571000616508e-06,0.1628334601156845,0.0064352210569649,0.0001004712329126,1.9981370349752494e-05,0.0002323695972306,8.573939323401259e-05
1048,0.3965221533110054,0.0052918609515652,0.1618988505505833,0.0163911158285104,0.1395693192171099,0.0608746242648543,0.0132181237987635,0.0032411296864509,0.1278410268905077,0.0163533837480791
1049,0.411261421098203,0.0549492558243807,0.0001674387419408,8.785166903587178e-06,0.2357393939163091,0.0040577202304028,4.234387677770297e-05,1.563457534335395e-05,0.0002853221926705,7.771644158388251e-05
1050,0.2070822828671899,0.007283050154185,0.2069277601469492,0.0940511696847792,0.1611781788962666,0.0726339571306705,0.0506442438115576,0.0053901273001816,0.2021470130513518,0.0932135039871937
1051,0.0041196666748569,0.0016144488737952,0.2174527703074489,0.0419038646257491,0.0928985278815999,0.024142721905316,0.0053587095317148,0.0015419571439014,0.1334967894034253,0.0397275520360458
1052,0.551589910256469,0.0366931237658568,4.258758272415443e-05,3.1590690718332586e-06,0.1324993537306192,0.0084322191353848,0.0001160521760066,4.057118012923306e-05,0.0003216308006071,0.0001453563190081
1053,0.1767099878797819,0.0096243526801306,0.1135167890062262,0.0141411286781203,0.2043949133094575,0.069196011079653,0.0178503647484722,0.0043873851021568,0.1059886493489074,0.0141028362113057
1054,0.4365149345350196,0.0526785105892256,0.0001424706242186,7.417208397094103e-06,0.1991641589756473,0.003462201164951,5.58024746725224e-05,1.3624671197271387e-05,0.000246955129725,6.848549629077851e-05
1055,0.4109718032473395,0.0879963599555737,0.0001589556867424,1.1132411034957528e-05,0.2244583607732073,0.0059874951214779,9.031214834253004e-05,2.1734952690104844e-05,0.0002725034451495,8.897136480965559e-05
1056,0.1879871455173389,0.0089083079678978,0.2509321484157716,0.0152542099411144,0.194092731476972,0.0954281127863199,0.0207324621296369,0.0047389307230058,0.2238424636827526,0.0152104869169712
1057,0.0026337640670761,0.0017498390929112,0.4361271420433604,0.2030395710477614,0.2291106194371105,0.0493364268875679,0.0043643099552848,0.0014863042692214,0.3219232889229727,0.0755483170787557
1058,0.436651561894866,0.0450844275131053,0.0001242172930146,6.985953668292377e-06,0.1815099313480662,0.0042818800049574,6.595112410461549e-05,1.4677951227307209e-05,0.0002474585363464,7.645716877504661e-05
1059,0.0434075702717357,0.0035560987644806,0.1356392015808082,0.0674905313016303,0.1316598395634282,0.0540083969693405,0.0292877830981831,0.00327425346035,0.1319052722651575,0.0660891172591656
1060,0.1259856754100853,0.0073522267426608,0.2165805700240166,0.1033008352705121,0.1660036836412853,0.0847658905735591,0.0415592136490851,0.0056959359180383,0.1987828299623872,0.1022837554490716
1061,0.1939406153184973,0.0083255062183845,0.2222144556829524,0.0085630455640423,0.1378770056215673,0.0441320303433908,0.0109948146615158,0.0031537048657816,0.2056798629679839,0.0085446697597782
1062,0.1729405763393068,0.0096381282445592,0.2318942485231827,0.0087770013893111,0.1926199924587138,0.0297790958583062,0.0144682835337844,0.0033378010367055,0.147384387730934,0.0087437090758964
1063,0.4394473280271377,0.0579871725096613,0.0001407800650876,7.12248705159504e-06,0.1941456603744798,0.0034716434528216,6.004732368743504e-05,1.808885487067762e-05,0.0002467291010205,6.782626535259166e-05
1064,0.5302423149319901,0.0272960052956152,5.172408085206556e-05,3.29201658232615e-06,0.1395537677800042,0.0103094114321745,0.0001058302627087,4.043105922155898e-05,0.0003303697578106,0.0001354209917053
1065,0.2538692431358684,0.0067733197640028,0.1654077273482839,0.0190988188460101,0.1131851122491008,0.050117819490596,0.0155591789003138,0.0043057431231872,0.133629213932619,0.0190647111069992
1066,0.1951881239494409,0.0095993028265654,0.2285441361083712,0.0142749983124375,0.1945444651509495,0.0829177569519402,0.0154454766969736,0.0044116835874566,0.2176550143203306,0.0142386974279742
1067,0.0832838910471362,0.0055186555046793,0.2293010277791898,0.1068806996044118,0.160164247967262,0.0759266373558512,0.0455772224243,0.0045901685265911,0.1873000109044363,0.1054305806197117
1068,0.4751102729013969,0.0308340091021542,9.167434353118324e-05,5.928545397897299e-06,0.1693213886519844,0.0045878191449966,5.907748319107997e-05,1.2540671308391304e-05,0.0002202859612544,9.15578165623521e-05
1069,0.1704270561778713,0.0351164979335685,0.0001778681426721,4.041686371400077e-05,0.3527809700973124,0.0064776887246297,7.114617785063656e-05,1.6177638756892866e-05,0.0002598957574033,8.119355786709377e-05
1070,0.4065870396231378,0.0641574906636374,0.0001883626342042,9.313000431935827e-06,0.2423828462676854,0.0033348097574025,4.022274630426272e-05,1.476323786851938e-05,0.0002723564635524,6.413634083419459e-05
1071,0.0007420303053318,0.0002884394208637,0.1787047642461779,0.0057331774175025,0.1759823436586825,0.0042365020627515,0.0013595530615427,0.0003835311917231,0.0670985154920522,0.0030974098857866
1072,0.4074517014759339,0.0571151683449867,0.0001652209273364,9.363148927882142e-06,0.2342229114859603,0.0046448344057448,0.000110421659871,1.6412507049827785e-05,0.0003478725734764,7.530932786183048e-05
1073,0.3905873499744354,0.0576054640367209,0.0002284648432957,1.1061539033990694e-05,0.2674817284950101,0.0035826908003468,3.3571111553931234e-05,1.3381088949732287e-05,0.0003045627025602,7.622259245480122e-05
1074,0.0233143488714196,0.0021633824186089,0.2511600607908903,0.1485507908473134,0.0647913760288605,0.0292430519210013,0.0280340682706299,0.0021104936816405,0.2426831132964932,0.1404573188207777
1075,0.2676338902199113,0.008323281213913,0.2790782320514596,0.0274082123693047,0.1564095394023348,0.061165427299058,0.0185464893670979,0.0057291341107179,0.2523790195190999,0.0273576101927545
1076,0.0024793812515749,0.0008332425468379,0.3797612732611962,0.2154230879443912,0.1845319449154854,0.0371310919600807,0.0055350996323034,0.0009298006445721,0.2030991373422351,0.0421117016654043
1077,0.3930259907186583,0.0627413460146249,0.0002214323679154,1.065962140694678e-05,0.2607673751222629,0.0034022952595095,3.71882482658444e-05,1.3205118732980536e-05,0.0002943022627947,6.880109050071774e-05
1078,0.0016133352990993,0.0010625199859465,0.1291419865411709,0.0475677991067788,0.0524573728191646,0.0148638434423021,0.0023441892482826,0.0011114964727037,0.0610710893067238,0.0167131439060104
1079,0.3897130674325898,0.0558046201742863,0.0002326497401524,1.1348925743462748e-05,0.2694308786522206,0.0038845960672903,3.214244484298338e-05,1.2197506119467258e-05,0.0002876467495798,6.916092756626484e-05
1080,0.1699831731833337,0.010181714213139,0.2370987082606111,0.0097377757910016,0.1748306474796985,0.0468544857223354,0.0174460377364322,0.0040749764242619,0.2266320964034418,0.009718846620444
1081,0.3715973536551854,0.0653200771576465,0.0002368612437609,1.3354173674946287e-05,0.2804076405503994,0.0038536823658877,4.205422184769472e-05,1.395351748655491e-05,0.0002432197667497,5.974562754595137e-05
1082,0.001980884578052,0.0002831318815111,5.829897404449249,0.0054902872022472,5.795583174112958,0.0035405091176629,0.0050995156152694,0.0003836796668525,2.294126130912668,0.0046684235074912
1083,0.0516171641495216,0.0040064777245492,0.158555330197335,0.0358794590766564,0.0870222454891329,0.0444645398943827,0.0197313016764516,0.0034562456675046,0.123184635755217,0.035465389128324
1084,0.435470675367205,0.0542056199088729,0.0001455469226307,7.353633310347996e-06,0.2017465376504632,0.0033960093525147,5.424490592317052e-05,1.4001543235238984e-05,0.0002622596402844,7.306607098299477e-05
1085,0.4016812464579492,0.0077779799963947,0.1756177463623054,0.0153153168946839,0.2050339426305844,0.0615677150282999,0.0117950734232136,0.0040197275705112,0.1474865988002059,0.0152926972960236
1086,0.1703733428075312,0.0202732718555782,0.0005046053593903,0.0001378152964814,0.3361273744963008,0.0149759363140359,4.505069092980364e-05,1.6488166516707275e-05,0.0004552863747456,0.000178669633341
1087,0.4758093430679956,0.0431948565925015,8.917569902109516e-05,5.099906451030081e-06,0.1644712153406314,0.00414992756694,9.157894376728032e-05,1.7606516200954615e-05,0.0002391158729026,8.327708039435468e-05
1088,0.3182111397498977,0.0741093033554953,0.0004996899296499,2.262272783290951e-05,0.4482188440205915,0.0049488534203795,5.7736368567117145e-05,2.1077035127928708e-05,0.000501089695647,7.518802947220347e-05
1089,0.5264449243001329,0.0357942155894195,6.239602601275853e-05,3.4467910727744147e-06,0.1446753008175986,0.0063189494039986,0.0001134499328581,3.298707282461572e-05,0.0002390434571146,0.0001129445926248
1090,0.4343236021651256,0.0741607658128649,0.0001254994985973,1.0318796815109105e-05,0.1836833023570524,0.0060273574873618,6.260907955080839e-05,1.6659159871901e-05,0.0002509930158873,8.273252910942376e-05
1091,0.5454965017267301,0.0347267228221901,4.851356269857572e-05,2.7197191224759754e-06,0.1375965969980681,0.0101316003399677,0.0001233471738457,4.956572365396559e-05,0.0004108449288887,0.0001584827595733
1092,0.4877004597059442,0.0447384102423759,9.246947862771262e-05,4.941492761268371e-06,0.1620161098058546,0.0037940644185589,9.4753388781194e-05,1.7053478464799848e-05,0.0002318494727458,7.994079385530697e-05
1093,0.1299062138095712,0.0069943580819017,0.1774133831536965,0.0126753786453579,0.1487225608077761,0.0691970105286589,0.0108730766866109,0.003537394421551,0.151881607774722,0.0126401901604664
1094,0.2735924145913559,0.008628894652856,0.2281355223798934,0.0109669172040032,0.1853917282401957,0.0671519456909452,0.0125038183933948,0.0036492381626878,0.2007248902649364,0.0109339969044421
1095,0.0039891842437722,0.0010549223256254,0.1450509242114959,0.0780623519599634,0.0649242911636967,0.0225195249532537,0.0067541673192865,0.0011666709722132,0.1155429023595791,0.0626976124511744
1096,0.3947829545684508,0.0603628153651836,0.0001821948243115,9.95803832981192e-06,0.2433845822782001,0.0034120189347413,4.1655057522218834e-05,1.2934877160335611e-05,0.0002663115219522,6.4231283045922e-05
1097,0.4458203253813232,0.0509533712473231,0.0001179717596505,6.595758616433554e-06,0.1679344809253704,0.0044733848927897,6.422152380356409e-05,2.1701055949423115e-05,0.0002269521068651,6.840695366389093e-05
1098,0.0009774193941584,0.0006290056719452,0.028402046537856,0.00685248067969,0.0152975778855466,0.003841181025158,0.0011915762116121,0.0007024911469497,0.0102439793864478,0.0024748643217177
1099,0.3772516358798441,0.0628722147736729,0.0002265066458426,1.197780606648868e-05,0.2702713656618652,0.0053414358401381,4.862401423858715e-05,2.2491804387689797e-05,0.0003032860635685,8.757364232648799e-05
1100,0.0242117959526334,0.0026612983411049,0.1982622518886954,0.06185865018143,0.0951204270396866,0.0374132799834026,0.0216933773647395,0.0024683854672394,0.1355802027198208,0.0599179062963427
1101,0.356191622704216,0.0663512573904713,0.0003147978953356,1.466654978663872e-05,0.3055040016254816,0.0040008220362126,4.352322351402733e-05,1.567845464483381e-05,0.0003154603800438,7.115218728676193e-05
1102,0.4513806107568239,0.1189912688893076,0.0001076804766796,1.0594598960223806e-05,0.1640452975121061,0.0058761707498891,9.24872155141337e-05,2.1229414783045434e-05,0.0003232708125449,9.045199180375996e-05
1103,0.0272416368102999,0.0034556133596443,0.2101908661796253,0.0492801729397244,0.1055502479929241,0.0473358476706768,0.0171537200275596,0.0026599449632755,0.1385795570110554,0.0486218307483983
1104,0.4479590427307094,0.0526320670287747,0.000124247179744,6.599350950028583e-06,0.1757142219016637,0.0029694027797148,6.39134726310546e-05,1.267514285252161e-05,0.0002476164555383,6.981728181217555e-05
1105,0.1693249784298377,0.0082340411884465,0.1836923831887551,0.0147107926011532,0.1922999965356514,0.0922100657757392,0.0105633571321323,0.0038486336792889,0.1364664254608525,0.0146636655543478
1106,0.4917915053728248,0.0419819224031133,8.885139487635673e-05,4.766236915894537e-06,0.1605887169600241,0.0040201039776232,9.714639120729106e-05,1.8679950713511604e-05,0.0002506115593474,8.043963294507615e-05
1107,0.1505477123412225,0.0072894079893748,0.2010171220793944,0.0127686439692872,0.2691676078266383,0.0574066118061391,0.0116819664513944,0.0035521433627077,0.1487279644218648,0.0127312024281711
1108,0.0016025455608005,0.0010914252515358,0.1568948655355924,0.0434165958844508,0.0400594353713523,0.008536575853618,0.0020063630908403,0.0011403888141659,0.0490503030635555,0.0111852976833731
1109,0.204634564743237,0.0083557474315031,0.1522138049598212,0.0481880215829936,0.1424339626158452,0.0736692707969013,0.0217336216417909,0.0055723809828625,0.1477657212883223,0.0480332689335712
1110,0.1475479570212194,0.0249607938633879,0.0003849157981217,9.621339443748984e-05,0.5325686784738837,0.0075433019247435,2.2769707393648017e-05,6.472417050148396e-06,0.0003793727655799,9.305061064323772e-05
1111,0.5889330174735863,0.0078525491725877,0.1283634331915322,0.0245448879139762,0.1720083394409526,0.0842899949777046,0.0132610063212086,0.0042601994526773,0.1223350967355204,0.0245184868979757
1112,0.4382835235626552,0.0471838779472661,0.0001391206827498,7.216817225706638e-06,0.1960554678805622,0.0036358601456455,5.709024496243634e-05,1.318961930666102e-05,0.0002623636884095,7.35191187280284e-05
1113,0.0504934736109192,0.0031132992314418,0.2003206420762174,0.0893955675182105,0.1208658982872811,0.0474993214799238,0.0387555195944398,0.0031459868298392,0.1970061942492292,0.087180950809876
1114,0.1582655124247838,0.0060956995087501,0.1795727363389078,0.0207418766175723,0.1453245395830492,0.0408171989538867,0.0130651221870097,0.0043416658054934,0.1406447518182627,0.0206758137493753
1115,0.1144638580221562,0.0108994245577239,0.0064076462498132,0.0013572813480104,0.4325697550404592,0.0090598420340101,0.0013939533716433,0.0001859022282254,0.0063321063267957,0.0013615772097856
1116,0.3996124392311662,0.0602064412728873,0.0002027761862913,1.0209911658201328e-05,0.2529117216314321,0.0038447274537317,4.635209045880089e-05,1.394717741072593e-05,0.0002632453964734,6.431090802615202e-05
1117,0.195645808410955,0.0062355036350361,0.1500443997744241,0.0499754501577631,0.1179274038735406,0.0532538679051589,0.0254560523101917,0.0046338890398698,0.1346523734097904,0.0495889130065827
1118,0.0016475024607884,0.0011206203154611,0.0250582316350764,0.0060195434733939,0.021152361723618,0.0064682858279421,0.0014470426051883,0.001117489448953,0.0143122806275162,0.0034875317007504
1119,0.50971674220469,0.0409805670461311,7.583078352036644e-05,4.071908556753577e-06,0.156405495158425,0.0052638634379086,0.0001133742552554,2.3725637120317462e-05,0.0002327501148646,9.868815867608836e-05
1120,0.1319719110098725,0.0156986104956204,0.0004755300037967,0.0001556813313354,0.3021580310632838,0.0290661339766335,0.0001005359572512,2.09407967691265e-05,0.0004706800102407,0.0002094960168785
1121,0.3072240084459716,0.0788236984657394,0.0005049122052788,2.767913080048421e-05,0.5034353540375606,0.0045627095066717,5.342018700004978e-05,1.9206111147665567e-05,0.0005142054541734,6.681353834764131e-05
1122,0.48086778922528,0.0439625862390916,8.790751420491955e-05,5.480512861448676e-06,0.1596580052495003,0.0046716096942113,8.800184536625328e-05,2.2863320267668127e-05,0.0002825690639611,7.891343664908155e-05
1123,0.3946014017289932,0.064575442486719,0.000219578073121,1.055183823212533e-05,0.2596935917390497,0.0038264896503268,3.583642423800014e-05,1.84489843962181e-05,0.0002956917325682,7.711187163979067e-05
1124,0.00077777383092,0.0002086630106265,0.0285707186758166,0.0050907062705344,0.0219145022381346,0.0022780744529638,0.000889500672087,0.0002627557068462,0.0081619219317262,0.0012241526966759
1125,0.0015984570712294,0.0011244326486445,0.2087835559772489,0.0615068910026569,0.0859129608941925,0.0193765802014799,0.0028804612069033,0.0011367508437072,0.0973435099146952,0.0231188694191453
1126,0.2211522384979243,0.0054520559038147,0.2053480787511079,0.0428622284728475,0.1104822024422833,0.0490635182058896,0.0212970310212437,0.0044017584930644,0.1680060162500006,0.0425594745140766
1127,0.2537034906866535,0.0062250614446915,0.1854367290077158,0.0212869760155623,0.1180038482969287,0.0546099222509541,0.0145341196151276,0.0041173946127652,0.1687758037187238,0.0212497271733097
1128,0.4341507432344889,0.0565613644908747,0.0001465756430553,7.557565497179559e-06,0.2054831842047733,0.0035469472183758,5.355933645021445e-05,1.6768745781328643e-05,0.0002648561526628,7.479279503444046e-05
1129,0.2295344414057963,0.0055356696681621,0.260108181650917,0.0251022695091745,0.0998493565289511,0.0464028207727153,0.010291349830752,0.0041021535738921,0.1306316712228217,0.0250026195176815
1130,0.1884683432842424,0.0080787250540493,0.2102231674677706,0.0153073942492522,0.2090234146509795,0.0681421085019794,0.0149412971200213,0.0042101468402409,0.1715182073147035,0.0152825053168693
1131,0.430413430911049,0.050111964068295,0.0001524757266722,7.783401664324886e-06,0.2151482060573185,0.0038592120511531,5.362931983532786e-05,1.2133512061020571e-05,0.0002846318483522,7.926442734103333e-05
1132,0.0007383323662122,0.0002886828860592,0.3605030720850851,0.0054487761181206,0.3575696356664847,0.0037767353240413,0.0018597290497651,0.0003919284140252,0.1842993459599892,0.0039472531212594
1133,0.4308720254272961,0.0574127242240687,0.0001512731998476,7.689477808212723e-06,0.2096195356198092,0.0033697687989032,5.32259788448244e-05,1.4283277125612707e-05,0.0002728655282052,7.213963566053549e-05
1134,0.4197304346924206,0.0585113991357033,0.0001545683518738,8.589717628027552e-06,0.2212736738567613,0.0039587918251525,5.134238855714972e-05,1.8788562519823508e-05,0.000249613602654,6.189029148665158e-05
1135,0.0007323068556877,0.0002830264505248,0.180716441574693,0.0053857566943872,0.1775044705529037,0.0036615104090038,0.0015994382587781,0.0003824646302028,0.0880607180635209,0.0032631243864991
1136,0.5392621691027346,0.028073067920193,4.637637969843618e-05,3.115578984842541e-06,0.1356611326831618,0.0114938559760461,0.0001485335964063,4.787455775840096e-05,0.0003702583981508,0.0001525066887045
1137,0.0112819694430172,0.0014898965631415,0.3956406997683188,0.2828647713248592,0.134623634356883,0.084660299262172,0.0173939964112585,0.0014961126480573,0.3755221998621024,0.2405371572732001
1138,0.4986551929236642,0.0421598059210952,8.51375056505487e-05,4.490605808123774e-06,0.1625204138035666,0.0059604589385635,0.0001080548185705,2.312675034511705e-05,0.0003309664554002,0.0001107458814224
1139,0.3286535766356793,0.0414271825366504,0.0001869545759933,1.521010607702791e-05,0.3879222061258758,0.0037108708970388,3.4086374144383964e-05,1.1235290732630334e-05,0.0002942171946069,7.58854064027383e-05
1140,0.5083471979810126,0.0405584250843894,7.66912793534846e-05,4.1089256467129085e-06,0.156607671158016,0.0054931134929467,0.0001116483009386,2.243007060758037e-05,0.0002587018522928,9.90347069931004e-05
1141,0.4920110765337872,0.0348950300763334,7.975372331928696e-05,4.5816295530240645e-06,0.1577929422031412,0.0053936346950939,9.917939187045965e-05,2.18326384564375e-05,0.0002268090211586,8.786482167214413e-05
1142,0.1544049249014863,0.0350849860750202,0.0004581529115875,8.080281444921066e-05,0.3761910901973184,0.0064812321944692,5.962108938102004e-05,1.313093863636072e-05,0.0003521138822164,8.639533300424617e-05
1143,0.5562130472875634,0.0324923850388395,3.93525121113813e-05,2.2338631756300585e-06,0.1282996220374472,0.0097944755653862,0.0001278041446722,5.608656137480198e-05,0.0004081563833691,0.0001635077728199
1144,0.4598788710398147,0.0821851840156586,0.0001011601751717,7.06655229146697e-06,0.1657316292053616,0.0051076740887196,0.0001480184664666,2.1371217640017383e-05,0.0004396047402997,8.33640419731201e-05
1145,0.2045647821817715,0.0089160753126349,0.2191565735318348,0.0096164054386211,0.1788622281274255,0.040583535530474,0.0112085701874374,0.0031847238355083,0.2121227822578636,0.0095776195547814
1146,0.0018162308550595,0.0013364459567438,0.135817388534891,0.0207202051630128,0.0263943192554102,0.0068117815875197,0.0017139054948516,0.0012418370032728,0.0334961030581754,0.0046393899495412
1147,0.4068258872195266,0.0564864196776062,0.0001860820504974,9.43540183690126e-06,0.2434217253842071,0.0039035441611583,4.2353976063658974e-05,1.3763228837853011e-05,0.0002631765813307,6.56429279606719e-05
1148,0.0170698877334499,0.0020061852332509,0.1475332012994929,0.0593608756859544,0.0853479189817805,0.0349868015269256,0.0185027860609726,0.0021263752919439,0.1353669727320831,0.0569051129824349
1149,0.1957335608762129,0.0074621943160886,0.1893970569002994,0.0136284639760592,0.1850414546899824,0.0922418211545397,0.0100614080026038,0.0036504594726868,0.1512737466130068,0.0135793514702338
1150,0.0290158299878067,0.0029079801470596,0.2597756084129509,0.037365928827427,0.1139618020290895,0.0501644487133102,0.0191132528870882,0.0024886036840852,0.1393947145541184,0.036919304416856
1151,0.4352510313959507,0.0395112042713239,0.0001439931977128,7.558564683656199e-06,0.19963141830328,0.0045029895048983,6.088450862328515e-05,1.4899848359894288e-05,0.0002479238233779,6.716480492048749e-05
1152,0.1666377236333796,0.0380972883369301,0.0009670232667295,0.0001969380047482,0.4998195715498032,0.0076575926974413,8.08870964848955e-05,1.825327815736498e-05,0.0008868843015297,0.0001702491538861
1153,0.0007784361548086,0.0001654818012833,0.0287087011312279,0.0036717172797087,0.0058830521667838,0.0011031046119205,0.0007211076464066,0.0002039312763022,0.0075657526186557,0.0010030797669171
1154,0.0008001339255699,0.0001155751589894,0.0275369879710981,0.0039989971043489,0.0112275260341131,0.0016072311694433,0.000714498220938,0.0001418126362607,0.0074547235742373,0.0011207953333096
1155,0.4535551924963046,0.046877743813514,0.0001193142464049,6.338896701316837e-06,0.1679504424288722,0.0034556891973888,6.976205632136252e-05,1.4292411674686803e-05,0.0002345050795773,7.554438586770917e-05
1156,0.0017981504505376,0.0013767528219502,0.0684858342283702,0.0197342918845181,0.0227888254321478,0.0080543632984331,0.0017078000264585,0.0012171379745196,0.0180383653632992,0.0048476769850858
1157,0.0007277123445016,0.0002964697075635,0.2479071694994783,0.0055512014007238,0.2452138052100329,0.0040509610597969,0.0015235658476295,0.0003981148087375,0.108874047122379,0.0035363881223728
1158,0.3888816910483375,0.06859756362379,0.0002345574102366,1.132773879169047e-05,0.263921603692578,0.0041393912972444,5.3010207455313096e-05,1.6114108275793556e-05,0.0002680016065489,6.41137896047103e-05
1159,0.2173416307990414,0.0087557001877136,0.2581901427573799,0.0111531786382506,0.2432701804324939,0.0836714151111625,0.0147440297336209,0.0040163954060992,0.194440479501308,0.0111254600870827
1160,0.1955561838229417,0.0065726586914406,0.1751913462750401,0.0237284328907612,0.128468220281924,0.0449299319370237,0.0135117035699774,0.0044943718778816,0.147243371458638,0.0236623163224077
1161,0.0025751253958347,0.001480460645309,0.2982509892288561,0.0901304884917257,0.1075099729606744,0.0364033177610424,0.004061794714341,0.0013472112551449,0.1707527130324662,0.056989761715222
1162,0.3999809582380937,0.0557449960419762,0.0002030627418397,9.867937774504317e-06,0.2525765960795196,0.0033602197861228,3.78767276169598e-05,1.127365826536583e-05,0.0003025279279638,7.629707642188998e-05
1163,0.4318232251375604,0.0548417970353911,0.000149709212276,7.654585697735772e-06,0.2086190763845122,0.0038118114638727,5.373217225337973e-05,1.6721173537537887e-05,0.0002826893712206,7.5761974452721e-05
1164,0.4396374523267721,0.0568589129729753,0.0001378139112723,7.180349640158018e-06,0.1926133837511597,0.0039407194589578,5.728518738906156e-05,2.032052314557324e-05,0.0002340821295943,6.728173256427082e-05
1165,0.3888185824136431,0.0640454690883573,0.000225394856444,1.1302603783157175e-05,0.2617523907212939,0.0044883567358801,5.027737463113142e-05,1.7746386484109665e-05,0.0002601278944729,6.329633200040431e-05
1166,0.2995882427164265,0.026585058960993,0.0009549670000348,0.0001942260136843,0.4176792668343929,0.0111202822643103,5.416231086377557e-05,1.2554913938639087e-05,0.00089238518054,0.0001820677628216
1167,0.4812500534650257,0.009305195084203,0.1991545926315884,0.0235191539401705,0.1401308207036889,0.0712899536596194,0.0267243491065804,0.0059426961998022,0.1436754548743241,0.0234778006890309
1168,0.1966014414041713,0.0069582275683,0.2797308069756709,0.0106868176480644,0.1286766362182809,0.0665186081637578,0.0099642026410877,0.0032709146801629,0.1821226705832158,0.0106571079476278
1169,0.4318710364320532,0.0491735013142777,0.0001477257153119,7.76911744773879e-06,0.2081666031169802,0.0040764549690832,5.231477563333065e-05,1.6947178036987312e-05,0.0002641177609758,7.008066837933026e-05
1170,0.4743042190417224,0.0455299454730554,0.0001012704938127,5.5131223726754605e-06,0.164552056613308,0.0039906515737401,7.883919251551477e-05,1.9313334970697904e-05,0.0002041402646788,7.194304232336546e-05
1171,0.2814098217571852,0.0090709760847118,0.1881168687116683,0.0082524013680983,0.2434589923400652,0.0350865615798958,0.0115865688394865,0.0030502005874579,0.1480773406860951,0.0082235805340084
1172,0.5404844842616008,0.0356306058607379,5.244934386752826e-05,2.860892163352298e-06,0.1403707781334987,0.0086926920676547,0.0001133119697056,4.356933770247422e-05,0.0003707864943263,0.0001434268147206
1173,0.1696476515725297,0.0082894544636715,0.2930521026563777,0.0130982720600815,0.1754227055214372,0.067725481006583,0.0140752044077387,0.0041362191717958,0.216957426636268,0.0130757993586183
1174,0.024880404630285,0.0010678759774441,0.00319749950919,0.0009439255238236,0.3764700657957791,0.0075714419425936,0.0002603263843295,2.6165116384254774e-05,0.0031726654068787,0.0009630862497131
1175,0.1437356432449517,0.0067826224503816,0.2352881361870751,0.010899344728259,0.1629729460688464,0.0808286917255133,0.0113992941349586,0.003356426199816,0.2180474542356879,0.0108728731506066
1176,0.4938835594584528,0.0348765586636056,7.31306049561427e-05,4.322129078280583e-06,0.1508144294183724,0.0055994791789497,0.0001019687921793,2.292698929272815e-05,0.0002312159482208,9.303639702825251e-05
1177,0.000749170562336,0.000274039904718,0.0496449178449057,0.005709285169174,0.0472572298684982,0.0034627660910707,0.0010415180750929,0.000355514539568,0.0146767205315553,0.0018110463594317
1178,0.0029138596451002,0.0023979003870376,0.0519948967583954,0.0131059112779029,0.0361300977911635,0.0149395430916614,0.0024358825546751,0.0016915204067278,0.0227669509252632,0.007425978807036
1179,0.4441493247389794,0.0457994951902043,0.0001166396167642,6.549799274328904e-06,0.1698738082276085,0.0045204676200646,7.091443677956538e-05,1.6453616018192294e-05,0.000255545579723,8.866515470719209e-05
1180,0.4450018623709472,0.009039043617436,0.2173425097379045,0.019242964511873,0.1541908249387782,0.0705614813917463,0.021007567328534,0.0056180247843442,0.2119989377200995,0.0192309851197751
1181,0.4837957498969069,0.0762035182633324,8.057689712201728e-05,6.822441436034326e-06,0.1610166255035102,0.0066569781874157,0.0001079333052901,2.2486695112085548e-05,0.0003650593854611,9.979899272348682e-05
1182,0.0028263041988655,0.0023341903629756,0.0548155984693908,0.0189285783686804,0.0477184832126501,0.0176508285128527,0.0024995235811684,0.0017617555586936,0.0260852531850225,0.0094601177895392
1183,0.4221522052927722,0.0607546914210198,0.0001638526914983,8.385245503644353e-06,0.2224083959578144,0.0030574288258306,4.795651426000799e-05,1.3030239588786143e-05,0.0002660026267811,6.339984736114114e-05
1184,0.1142886367776083,0.0081311815464747,0.2443689002716959,0.0080838592142,0.1447412827174469,0.080893377527586,0.0104975653690601,0.0032775619662906,0.2277261414931699,0.008073525252141
1185,0.4170937903389266,0.0597099820078232,0.0001710474947252,8.570939814589666e-06,0.2272534441420947,0.0043005527727336,4.528681323281306e-05,1.934414357381429e-05,0.0002615788122478,7.476272525722498e-05
1186,0.4405813243379249,0.0545891934810376,0.0001371347584751,6.962973829219986e-06,0.1910601711982258,0.0029573895210326,5.769615142112661e-05,1.307139039903732e-05,0.0002616133248818,6.922894516880062e-05
1187,0.0016561943878929,0.0010863974856735,0.0238069850838579,0.0060070795574784,0.0203990320146372,0.0067487685340389,0.0014418474432634,0.0011334635537689,0.0101105738844979,0.00356786068414
1188,0.4793914991271395,0.036891675992861,8.585069314865689e-05,4.971423167859914e-06,0.1614302874819256,0.0048083450870264,9.269396534398808e-05,1.6668176255932572e-05,0.0002513224062691,8.77287300239151e-05
1189,0.4559523775815403,0.0509756953917172,0.0001185568375867,6.311256686516586e-06,0.1668595366108055,0.0033340965938973,7.260544332374112e-05,1.7163941665949496e-05,0.0002214901254143,6.630235685209941e-05
1190,0.4289757488601925,0.0534701015421438,0.0001368683856819,7.602607687112802e-06,0.1987476633678031,0.0040522020849234,5.230875627055969e-05,1.691409154135255e-05,0.0002466757638668,7.112266726510876e-05
1191,0.4793366228605163,0.0907230501132016,8.79637759499643e-05,7.833986845183601e-06,0.1620366213272675,0.0052231699857957,9.7104251191811e-05,2.256689611358997e-05,0.0003774116355687,8.79766114611059e-05
1192,0.1675052814542999,0.006294700553886,0.1708422896169333,0.0233146313419289,0.0892906304122331,0.0447802933984842,0.0127103706021322,0.0045299464569485,0.1388949783024071,0.0232238879851684
1193,0.5356418344826681,0.0349069846832724,5.155295328785653e-05,3.011242272130137e-06,0.1418407674172203,0.0066561428131982,0.0001138470416017,3.239175207747316e-05,0.0002987814658243,0.0001178742465143
1194,0.4157599882929574,0.0569283889668385,0.0001737046791551,8.689816909466875e-06,0.2321452306541385,0.0033776220006932,4.443921175359187e-05,1.4377220256013906e-05,0.000291961677559,7.68231490280736e-05
1195,0.4577793703740649,0.0426575161196426,0.000101928804841,5.9180719838986535e-06,0.1636316118327118,0.004014765195901,8.069324364263833e-05,1.575830502071032e-05,0.0002276411325498,7.590247104202618e-05
1196,0.0007617671289859,0.000298279616814,0.0757757695200866,0.0056628174233121,0.0729453136915219,0.0038933266750598,0.0011151574901048,0.0003937227867718,0.0208272906829701,0.0021172956398837
1197,0.0014417140423649,0.000938698792222,0.0250847167079763,0.0049184379917339,0.0205582911869296,0.005370912369029,0.0012847960539267,0.0009786469079136,0.00839097060031,0.0028478517392115
1198,0.4574800551713204,0.0402510639010992,0.0001157394706152,6.09109022717425e-06,0.1681809159165001,0.0043454994273827,7.324516738813527e-05,1.3667879102433467e-05,0.0002510287573325,8.2136044635363e-05
1199,0.0007612426919803,0.0002758376407912,0.0422301139208316,0.0055579796229898,0.0400474601558216,0.0033194483611865,0.0010046661072165,0.0003571314997327,0.012417419556408,0.0016420628995423
1200,0.556816343737654,0.0316447941287403,3.31137108910493e-05,2.1251625825391373e-06,0.1256227672478828,0.0107092789925411,0.0001604866731362,6.448935169730295e-05,0.000450778368446,0.000178993063579
1201,0.1007564042675195,0.0070098850020946,0.1989969098675465,0.0335152670423306,0.1170224667603285,0.0556741715939704,0.0205391195528257,0.0050270179161593,0.166134815854222,0.033414499250571
1202,0.1688054885366544,0.0081991591704846,0.253228444317297,0.0146335626352848,0.1442442262696522,0.0736060547875497,0.0123824303940076,0.0040737375944712,0.1707702066198985,0.0145814348833317
1203,0.002861537792327,0.0010277119775916,0.3055906231805963,0.1466210624453228,0.1716187709403866,0.0479235534279778,0.0060199461959567,0.0010897140903737,0.1957339496136821,0.060709660320954
1204,0.2199790731273598,0.0323072925434689,0.0016914707555564,0.0003115488808401,0.4022567581870083,0.0069669290950978,9.134448463572163e-05,2.1500235564029123e-05,0.0015923028863642,0.0002918281944954
1205,0.4836104725794349,0.0596646768460214,8.447132989476205e-05,5.543058121814726e-06,0.1615343571648449,0.0069938006116232,0.0001920306452281,2.376074998458504e-05,0.0005654189613415,0.000108494847001
1206,0.1913125904344151,0.0062509481196159,0.205915277338442,0.0336734487600992,0.1084413239553731,0.0471998515889417,0.0143724151942703,0.0045865646204829,0.1404046894798043,0.0334614456459005
1207,0.1380421258179207,0.0078112252576481,0.2846859036508909,0.008154874057843,0.2279076785131075,0.0844305514676524,0.0099476931258121,0.0030224209857799,0.2501373961557637,0.0081461197876706
1208,0.4001560308566536,0.0591842880932481,0.0001772298407167,9.400236647023464e-06,0.2416031906517918,0.0036314390848992,4.116444779961513e-05,1.430473463387297e-05,0.0002690002672349,6.860281367232198e-05
1209,0.4358503376220913,0.055969171047743,0.0001422921112514,7.408115153115586e-06,0.2009874955523507,0.0033608920869519,5.3278572909935855e-05,1.6454040082826983e-05,0.0002653034063749,7.39099486647151e-05
1210,0.4488655630591956,0.0511808739208342,0.0001307253578797,6.746125181836194e-06,0.1897396013800568,0.003562474146102,5.911855062980132e-05,1.46696658348711e-05,0.0002159563981663,6.884660132152224e-05
1211,0.4534039746100465,0.0483056061995242,0.0001180073685667,6.2520578492121645e-06,0.1684089069922578,0.0033545498305209,6.870690119067802e-05,1.3923736810683164e-05,0.0002420397131774,7.7067372422101e-05
1212,0.1928276758376435,0.0060928271386297,0.1703433176912507,0.0210011596738938,0.1062176748309635,0.0473304627525716,0.0121564835525791,0.0036662311302327,0.1573484902531272,0.0209652607287071
1213,0.0431508860229707,0.0037072873997641,0.3917627249304222,0.0268762631518417,0.1864034912876305,0.0422609719455453,0.015612081062834,0.0030292779200507,0.273274969444196,0.0267447233915596
1214,0.4771285087514363,0.046016301950969,9.92548130670808e-05,5.322422933539444e-06,0.164376351639574,0.0035196079026807,8.647275699195434e-05,1.5250194629401649e-05,0.0002374838858752,7.895014703814549e-05
1215,0.1021687335172393,0.005726664393383,0.2076303872823876,0.0415678063000758,0.1196602648980838,0.0549407617391147,0.0217056828398407,0.0047595391646037,0.1304083583902887,0.0412435282659936
1216,0.0010126629361545,0.0006539250576272,0.0404397941212461,0.0078075454068931,0.0148422139189802,0.0040716746790227,0.0010324507761131,0.0007292281482837,0.01143723129651,0.0025300310774426
1217,0.403428415023799,0.0609383786999275,0.0001737492537176,9.419865232982614e-06,0.2385978710630255,0.0032671969037291,4.608488884576785e-05,1.4014096407408454e-05,0.000273229792967,6.746499891481651e-05
1218,0.1816955819891402,0.0266519317191374,0.0001386574547656,3.362565540656137e-05,0.4623142870061509,0.0113777066242247,4.307558244163616e-05,9.569916784229278e-06,0.000328720601604,0.0001130223919246
1219,0.3619937159264851,0.0699418083246005,0.0003004840138379,1.437371676474306e-05,0.2978161729561366,0.0033934772219339,3.4803266983871004e-05,1.3005568960274327e-05,0.0003010925515331,5.468645027852557e-05
1220,0.0010869096926509,0.0007011299921837,0.0589782352367224,0.0207108437689706,0.0187817669557242,0.0055773751680514,0.0011175993674886,0.0007726869715592,0.0217818662659253,0.0044767563263007
1221,0.0016238667706568,0.0002770849527146,4.20532817418426,0.0053811279554965,4.196106396871744,0.0033886557705526,0.0042628470785988,0.0003792009246305,1.7485114248456128,0.0042904369576771
1222,0.0935825138051054,0.0101912047566774,0.0009186392902956,0.0002148822177328,0.3493470125787508,0.0240124385128008,0.0001174890453772,2.7175282263785336e-05,0.0008788988106245,0.0002223909303832
1223,0.4851793454948535,0.0422097176333194,9.37436337638536e-05,4.972489056315158e-06,0.1631050419698922,0.0041793539476777,9.546535023047445e-05,1.6103956954961157e-05,0.0002551667711796,8.441360988996176e-05
1224,0.5285590066216235,0.0383233076771212,6.112610598092927e-05,3.290630192886692e-06,0.1444090131472457,0.0065218839530447,0.0001186676550146,3.117104137118411e-05,0.0002871265196923,0.0001160638538778
1225,0.4680782309757937,0.0479050927257483,9.863427661345927e-05,5.588565124161436e-06,0.1639750022376894,0.0036384322955192,8.362397209323292e-05,1.590071231887761e-05,0.0002392510285769,7.892314783413337e-05
1226,0.5192413049236517,0.0444124940459545,5.959372944433752e-05,3.958459996826025e-06,0.1452163615882764,0.0059850228568441,0.0001147533467063,3.08104536365268e-05,0.0003678996977456,0.0001098994039262
1227,0.0014681445477275,0.0009841087362053,0.0239239921993551,0.0075116322627632,0.0220984966758398,0.0083083794615809,0.0013241761274974,0.0010078449644003,0.0116301972689819,0.0042785659875675
1228,0.1414617987845926,0.0236539188958623,0.0002286950690789,7.617454182574838e-05,0.3892463495965421,0.0068455115304701,3.369273414542981e-05,1.0902124662904813e-05,0.0004324503427641,0.0001128296263161
1229,0.4442759766390403,0.0386781745565865,0.0001158632378827,6.588096645770082e-06,0.1657729593972528,0.004945824675848,7.109946272223961e-05,1.8551598424554016e-05,0.0002191945571357,6.841553921462598e-05
1230,0.4344698774073096,0.0524121794341213,0.0001471273643543,7.46997247660105e-06,0.2056308969053732,0.0040794277834137,5.539374673498399e-05,1.777495404741103e-05,0.0002763980514855,8.455637728161259e-05
1231,0.4440034983957224,0.0475872883936448,0.000116392584669,6.56169308950867e-06,0.1695321912578102,0.0033445532100996,7.109139524829705e-05,1.3377941634374213e-05,0.0002487608153014,7.68156601981249e-05
1232,0.187079986341809,0.0064796043019703,0.2199273565113073,0.0532663837892101,0.1449292020024479,0.0705646190848826,0.0278981008569023,0.0048310287870684,0.1525305106477608,0.0529757318887631
1233,0.5078168523435364,0.0364723232598888,7.602382936219212e-05,4.218235122926188e-06,0.1529605253665197,0.005874979958239,0.0001052120374469,3.27851327692702e-05,0.0002164856069768,9.994018529362016e-05
1234,0.0574250791023018,0.0046165127109006,0.1970837802305488,0.0329897228462566,0.1128746039365682,0.0444756635126157,0.018124968225557,0.003972193762295,0.1710070683284749,0.0327618899120287
1235,0.0014579149396671,0.0009843293200556,0.1728448268469492,0.0651580296769558,0.0590851894003963,0.0123068586051714,0.0018836138223605,0.0010057674269718,0.0612882228295262,0.0119314278063494
1236,0.4540664145300546,0.055579299927227,0.0001075593362701,6.682035731855621e-06,0.1687542848213777,0.0060167795189968,0.0001262037042896,2.139079796962604e-05,0.0003679472107492,9.448721461407662e-05
1237,0.3795214493127996,0.0639417634926554,0.0002613555854666,1.2272887822610865e-05,0.2763866132107151,0.0052159136937452,4.646375188348584e-05,2.240395635285781e-05,0.0002982573388127,8.662126205348245e-05
1238,0.0071440241967467,0.0010120944667324,0.2469206070933341,0.1235193062522906,0.0861647175054063,0.0334706108266377,0.0117401658428078,0.0011385853150897,0.2260820604330751,0.1035927622521734
1239,0.000755443370501,0.0002850001627849,0.6278075445573833,0.0053798128443131,0.624758703525681,0.0037160445974278,0.0022135199929296,0.0003884425491015,0.3297907485944545,0.0044665272287534
1240,0.0074514788435563,0.0015946358703693,0.2627439240170875,0.1282598837950758,0.1059797045730914,0.0523427699743732,0.0105229213968707,0.001514064404535,0.2115499142020616,0.1203807535507309
1241,0.4318866541979986,0.0538984233170411,0.0001523129053403,7.664263432887683e-06,0.2115354020393945,0.003577892526211,5.322637622034883e-05,1.4332893407406524e-05,0.0002678054315021,7.032352931565994e-05
1242,0.0016089797890759,0.0002755516656,3.3343779578278423,0.0053840945900723,3.325171676610297,0.0033890567818411,0.0042284700823418,0.0003752589420732,1.444299621239568,0.0042927988282031
1243,0.5990159646216879,0.0071439643100803,0.2216068590432031,0.0264031224529269,0.1637781677330591,0.0806540052803014,0.0152844754486151,0.0046680931379456,0.1673834876943837,0.0263535628473303
1244,0.4504644942154985,0.0439765997557548,0.0001084305743218,6.219738779479298e-06,0.1633918479415342,0.0037762949760121,7.624418810372208e-05,1.3885167875353714e-05,0.0002326251866026,7.68969352714945e-05
1245,0.0588373250688444,0.0046395631438698,0.1765750149308543,0.0263363739038672,0.0780636606157076,0.0383307094385272,0.0146778799366014,0.0039527044366879,0.1664696803279781,0.0261723986508521
1246,0.4662558466830664,0.0416917147340418,9.72968890767671e-05,5.616533384034304e-06,0.1634449785350348,0.0043127356691135,8.099271102494179e-05,1.9848736733456255e-05,0.000190480576338,7.226687049714029e-05
1247,0.001968145805721,0.0014307510633929,0.2781598631821878,0.1404051031724566,0.1278220900132605,0.0402720450045326,0.0024731080669641,0.0013525501839641,0.1463040974316044,0.0424349990313646
1248,0.0015717154122278,0.000953708054113,0.1788820302864009,0.0803307822265646,0.062814211395715,0.0129188698231383,0.0033948099058701,0.0010300645401478,0.0950772373684542,0.0197058789201899
1249,0.1222104657145064,0.0059669451064432,0.1935663188897525,0.0257130839163999,0.1034547940666028,0.0453125830906857,0.0143322918450153,0.0046471139646567,0.1641676404540228,0.0256040950415671
1250,0.4276818624058036,0.0401895257247632,0.0001360938686927,7.479548662664337e-06,0.1969932793828814,0.0040628532767634,5.535500762441224e-05,1.2222576120508665e-05,0.0002668889941311,7.440551929261413e-05
1251,0.0016226415988285,0.0010855039123017,0.1304238916557899,0.0686890126373771,0.0430475377723271,0.0119538776667371,0.003149354536487,0.0011493577011522,0.0627148136834323,0.0191301771037275
1252,0.0204350298721812,0.002100473787992,0.3526632482680129,0.2302393422824469,0.1518692828246895,0.050748513237762,0.0264583302812436,0.0020037568294554,0.343207586679232,0.2169855301192702
1253,0.4643524393440171,0.0472948117074551,0.0001057002368958,5.763611810753633e-06,0.1664869780778646,0.0038748632113442,7.540373397607475e-05,1.6630788997420276e-05,0.0002331125248509,7.714886841056849e-05
1254,0.5402200809856212,0.0351721811914836,5.212039117634355e-05,2.8699646685096743e-06,0.139475487728594,0.0078107041048607,0.0001099077684012,3.750362858188677e-05,0.0002862938118504,0.0001255199191937
1255,0.5342417833850897,0.0357900200896611,5.8011302875316885e-05,3.1860950964508183e-06,0.1448956183497162,0.0067749199597172,0.000120293320982,3.231723017322587e-05,0.0002981452560868,0.0001174887871216
1256,0.0289413374403853,0.0032926841394859,0.2723246107719304,0.0512864644145303,0.1238422280324243,0.061149461269476,0.0212797929507555,0.002953362370022,0.2576056755673637,0.050919800986125
1257,0.1522173656584459,0.0083456883160509,0.2212901657421525,0.0117198051071442,0.2647611313637041,0.0700129361606322,0.0126646966231505,0.00386439055678,0.182291476422493,0.0116983122995034
1258,0.5453920553267054,0.0323808242394149,4.802553742004349e-05,2.7540599897472174e-06,0.1352276893937731,0.0081446096355662,0.0001004287747509,4.74613917579443e-05,0.0003160792623402,0.0001432586347164
1259,0.1306331913032942,0.0060104167224089,0.2453112609895689,0.0200374839101818,0.089811211450787,0.0410668179943768,0.012997193854506,0.0040213640780973,0.1486170657964905,0.019986359289032
1260,0.5162418773099977,0.0321773576772313,6.963950987753135e-05,3.8482015450807805e-06,0.1479722807799031,0.0058672280109246,0.0001092960106133,2.8471466886595624e-05,0.000187381169038,9.87168586193718e-05
1261,0.4559180786596027,0.0518339797092175,0.0001177374467961,6.26024593565849e-06,0.1675179966575894,0.003393212097431,6.719011147545212e-05,1.6036895522967468e-05,0.0002380738115296,7.267779405738282e-05
1262,0.4921271185092457,0.0375211327740745,6.662364903286108e-05,4.449167960321014e-06,0.145524439942546,0.0045090867150082,0.0001024892204373,2.4011935523856087e-05,0.0002913850870988,8.870181656506527e-05
1263,0.0504905465982079,0.0022955873261362,0.0033156881997043,0.001073087326638,0.2741355378116255,0.009707277115589,0.0003171558207996,6.543136293717648e-05,0.0032811336696098,0.0011070588330474
1264,0.1440654602576278,0.0079451344365989,0.2271855870198432,0.01350748005774,0.2299709758675071,0.0683668214053041,0.0179901232478378,0.0041591936666823,0.146263676664737,0.0134744271267042
1265,0.5534604646813515,0.032424629586407,4.065565244723172e-05,2.2911897652273604e-06,0.1269519789012607,0.009434365846457,0.000124908514716,5.414741198848855e-05,0.0003707667487801,0.0001588722869178
1266,0.5213094211867774,0.0371025436440953,5.952304619711531e-05,3.55877626119317e-06,0.1433973256464649,0.0056169150345071,0.0001056010065615,3.120292652124959e-05,0.0002266741055269,0.0001063087909729
1267,0.3934844974317268,0.0660021017958006,0.0001909188977042,1.0474016889212447e-05,0.2521583973679387,0.0036466847913034,4.9488801711819935e-05,1.4551577366038012e-05,0.0002508929922335,5.899352134075769e-05
1268,0.4122033588226451,0.0538612635801981,0.0001774905652882,9.14654122580658e-06,0.2434662942421309,0.0031628708615925,4.176653928586558e-05,1.142300057014368e-05,0.0002706952594258,7.13781868157094e-05
1269,0.3798502314619987,0.065718159013396,0.0002559792958356,1.2153278824927494e-05,0.2728774775611139,0.004234763306972,4.071579027568438e-05,1.7174301541693804e-05,0.0002947502800428,7.536250032266885e-05
1270,0.5008127223023627,0.0393441220910179,7.108350016291439e-05,4.187106342286754e-06,0.1489364867388344,0.0047698173541169,0.0001019342477166,2.2006128245459505e-05,0.0002219561514102,9.192316126861846e-05
1271,0.2314493628100501,0.028225822389937,0.000122187856918,1.528375250791713e-05,0.5133439749541423,0.0052667713670558,2.866413024026623e-05,1.1079837012047283e-05,0.0002903864198957,9.985508003628196e-05
1272,0.0838630437473773,0.0059296206345244,0.2481913079851448,0.1074724401345622,0.1706880226603181,0.0853451499240946,0.0472188100982042,0.0050213076011552,0.2239699890259406,0.1060853649904806
1273,0.0542162460109502,0.0036470436558521,0.1929586555642872,0.0850622164252815,0.1266718667250819,0.0508914435500209,0.0356847162982082,0.0033153989468174,0.1756811279658238,0.0828857316111556
1274,0.056673986130832,0.0048273642846022,0.357297714230192,0.1976833409596228,0.202492006927093,0.0717551601753133,0.0466990202323377,0.0039971334810504,0.3304733253340957,0.1928553585047834
1275,0.4517803263134277,0.0440724110471415,0.0001117754036195,6.237619412672666e-06,0.1691714558805519,0.0036995762509211,7.174542575556853e-05,1.4860668659895707e-05,0.000238597254889,7.222828793937178e-05
1276,0.425074175088759,0.050472539025317,0.0001588052830356,8.155933678332264e-06,0.2206062015276994,0.0044269934943168,5.150678643418873e-05,1.4956022239774049e-05,0.0002823799972455,8.342165065102739e-05
1277,0.0007594427876955,0.0005464898157606,0.0252523865863505,0.0044310478189457,0.0157506214854397,0.0045452175723682,0.000861706824347,0.0006237883765681,0.0086965745216135,0.0026716631914416
1278,0.2892681045025151,0.0055993297850971,0.2264173563338371,0.0497825222637013,0.1484724505400223,0.0658294555255152,0.0256554895328349,0.0042026972231873,0.172864346301904,0.0494846812510937
1279,0.001679019399556,0.0002751442452876,5.557412450851182,0.005367160786563,5.545546339684481,0.0033779626564646,0.0043995549853814,0.000378284373412,2.1832864799339173,0.0043024878043424
1280,0.0025517343239186,0.0016474215181201,0.1998467165690627,0.0918328588064913,0.1006438873990466,0.0310583622135324,0.0041543577835362,0.0014512655392448,0.1668991587756945,0.0555048479062903
1281,0.532102832801118,0.0359864525795434,5.244149976435744e-05,3.109086330405345e-06,0.1420809287759577,0.0061079680479299,0.0001141620251049,3.345134289361417e-05,0.0002333936630789,0.000115357338841
1282,0.0008031848840749,0.0001235087348208,0.0289765468085605,0.0035485701354811,0.0067532526316777,0.0014873717439334,0.0007186966286564,0.0001547515998711,0.0077329811826431,0.001002249156653
1283,0.0007790079382759,0.000232906444873,0.0322271817387038,0.0054104397450525,0.0297113698748235,0.0025846472951417,0.0009657341762035,0.0002960196050494,0.0107665201334868,0.0015042248542238
1284,0.1915199923531399,0.0076572157409008,0.2531679588079567,0.0282930876921097,0.1252662606012397,0.057289593224276,0.0192112299954658,0.0052223706822382,0.1457949994632306,0.028207942657187
1285,0.5313087828725126,0.0373326245117711,5.9276626142509565e-05,3.226658232540703e-06,0.1434509220307011,0.006165904684285,0.0001156946163903,3.1190873573536416e-05,0.0002240072281041,0.0001088832964576
1286,0.1468928298617503,0.0085721451688974,0.2227499222215808,0.0112839410829187,0.184916190148819,0.0573906251074661,0.01235881396745,0.0039375320032386,0.192572847653369,0.0112604303864272
1287,0.4438896013902936,0.0552553765187511,0.0001351199811431,6.999671869159128e-06,0.190334094734004,0.0032543444088368,5.998623518287845e-05,1.6396820165628226e-05,0.0002311708549592,6.173826444474451e-05
1288,0.3859678236800394,0.0614048435030389,0.0002012184464338,1.0776162999642936e-05,0.2564070702810381,0.0046707899370899,4.225566536144969e-05,1.850594340035223e-05,0.0002994775801499,7.823503551889532e-05
1289,0.4608077241633941,0.0455526676417595,0.0001003623474324,5.902114064716332e-06,0.1662941016310991,0.0042018466654399,8.127783044012036e-05,1.681767641593484e-05,0.0002390154401276,8.057769613242483e-05
1290,0.0014514652697562,0.0010331775845283,0.147031295040459,0.0474863737863769,0.0467646844461122,0.0103314660923081,0.002340827299057,0.0010607250440391,0.0518888058937295,0.0123711643715205
1291,0.4378351795519006,0.0481229506501163,0.0001407034867615,7.2574688285552356e-06,0.1981945598270116,0.0034226585700753,5.693375445016396e-05,1.1965534489208236e-05,0.0002708937616276,7.364674793365095e-05
1292,0.50790753352416,0.0418170714507065,7.650856399936962e-05,4.061039770717721e-06,0.1557937898842578,0.0052906745126379,0.0001159331687253,2.3774668707902917e-05,0.0002950800292938,0.0001030312560646
1293,0.406974657185884,0.0542018701292094,0.0001669909461824,9.006871115837228e-06,0.2331371364856469,0.0046777714973848,4.488002201729857e-05,1.7183105008473133e-05,0.0002793507900727,7.641263621074168e-05
1294,0.3903861607470146,0.0580629060847999,0.0001913296902157,1.0463201531128977e-05,0.253953247514174,0.0039833969276653,3.8729730354786064e-05,1.6588877689718702e-05,0.0002810367399971,7.309524974853407e-05
1295,0.1627435614778064,0.0081096090901059,0.1930610273342178,0.0135870114702602,0.1828437912526899,0.0736767818789732,0.0153884170034166,0.0041491942536779,0.1614288131442317,0.0135584387105937
1296,0.1549987858041082,0.0152859655728394,0.0018875134965293,0.0003971577753604,0.5024063306044286,0.0220110118433971,0.0001355360780446,3.2393423109177936e-05,0.0018497786858109,0.0003853600833767
1297,0.5350281199135334,0.0342656167074905,5.009239650725501e-05,2.9481947339104184e-06,0.1353176213514237,0.0063718439786431,9.79479193005406e-05,3.675387237013009e-05,0.0002333778571356,0.0001223487217086
1298,0.4821693248741391,0.0429652026810898,8.535793666830405e-05,4.943996449628924e-06,0.1610935345925012,0.0042293993229803,9.63336230416616e-05,1.7112078014092258e-05,0.000222074958227,8.373826826036801e-05
1299,0.1980369181917785,0.008393736358426,0.1772112915541227,0.0644283833873139,0.1051630595910767,0.057687562583645,0.0307368568033873,0.006236699582408,0.1284323246551678,0.0639710278648204
1300,0.0007300154647713,0.0002841332443847,0.3297120833239609,0.0054844067373719,0.3270875106082931,0.003840756361834,0.0017651020272823,0.0003846752415669,0.1669655144557843,0.003919619771833
1301,0.4190448370342777,0.0526211187956959,0.0001691566518001,8.354702585985025e-06,0.2263526305562681,0.003913708827742,4.653296655162045e-05,1.375339853915098e-05,0.0002813693868272,7.620719813923089e-05
1302,0.0020021100529186,0.0009824853730091,0.2163698458509098,0.1047863649343459,0.085948990264371,0.0179996804794255,0.0042152182252564,0.0010528862679293,0.1294154129196884,0.0291046843844471
1303,0.5115514747856191,0.0427559251576313,6.679953396894197e-05,4.048251395723194e-06,0.1463283608006041,0.0047323674845427,0.0001249859910502,2.435187723918065e-05,0.0003428304835161,9.611987219738012e-05
1304,0.0203684170278188,0.0017913219387933,0.2479317902154105,0.0989784873137381,0.0924581326016859,0.0281973145418084,0.0246968656610502,0.00186711967205,0.1853645616479488,0.0942214504920739
1305,0.3808589144895035,0.0619419218432624,0.0002533538170677,1.2248489420575394e-05,0.2796798476854371,0.0036596146487856,3.685359670052102e-05,1.4711991813792331e-05,0.0002933315098047,7.352641369903281e-05
1306,0.1735506037820566,0.0074123459990428,0.1769369736433675,0.0113324051008641,0.1546173053363914,0.0814653982453029,0.010592255526228,0.003485156637279,0.1544676822674948,0.0112990301522951
1307,0.0076209470389549,0.0017083889934071,0.3029864251867352,0.0300206337838334,0.0905632915931606,0.0293921776318259,0.0082484120860408,0.0015736335205791,0.1281050630357919,0.0293592868192871
1308,0.4488026426077239,0.0508726325113672,0.0001274895523047,6.594725258804577e-06,0.1777688092622028,0.0037750502546074,6.709759560015871e-05,1.5107716811391136e-05,0.0002321924193132,6.938683597845026e-05
1309,0.0023273567197085,0.0017073806711474,0.1972075111103922,0.0540787474825664,0.0581839050364684,0.0124200397109453,0.0019824973297617,0.0014628011633245,0.0595891329164158,0.0098031820546494
1310,0.0007483584224259,0.0002988098845584,0.2423331621471049,0.0055186794977434,0.2395581532849316,0.0039970283205562,0.0015175868719546,0.0004011380180863,0.1082306651785158,0.0035207404695282
1311,0.4149608433685151,0.0581258345506328,0.0001750866242973,8.867370109805413e-06,0.2332083729184343,0.0033141800567343,4.476292979969322e-05,1.3520273224797792e-05,0.0002635352245567,6.561217820292222e-05
1312,0.000748097681503,0.0002642523660946,0.0272125768187625,0.003564206373424,0.0111511733475282,0.0024830565983016,0.0005796395857939,0.0003204849101278,0.0070602335357288,0.0014785732230197
1313,0.0015308987291626,0.0010440429635622,0.0716465264961205,0.0133857164221919,0.0213211758558276,0.0057645226276049,0.0014295133308138,0.0010648866478191,0.0182241971113951,0.0037853956097432
1314,0.5014918652269613,0.0325640009133709,7.213789924056468e-05,4.282491278617934e-06,0.1520213170947529,0.0061831239579913,0.0001057823489047,2.7561057710541182e-05,0.0001937462572013,9.254956051099234e-05
1315,0.4136928983115008,0.0591374208996146,0.0001549703063154,9.98599810641646e-06,0.2218401345419683,0.0046524764270759,4.6769474126615056e-05,2.126449368062325e-05,0.0002727770841586,7.751455828030231e-05
1316,0.5144310253509115,0.0384341980838423,7.161222698523506e-05,3.8476721757794406e-06,0.1519884088764456,0.0062569788541134,0.0001117850049453,2.6578304793633626e-05,0.0002481905104922,0.0001103571579183
1317,0.0010461075224216,0.0007191076325039,0.1990423290504023,0.0725782651640431,0.0711248193791199,0.0122414481811751,0.0024607871209312,0.0008124531752319,0.0792367571640935,0.0132946601888712
1318,0.4722492259560205,0.0360629889129358,9.263560413170638e-05,5.384080199757332e-06,0.1622187439506713,0.0056960539815182,9.124281513990774e-05,1.969343707582532e-05,0.0002160652654551,8.475080206252286e-05
1319,0.4539228231126702,0.0369301518774356,0.0001176509285685,6.404498348714468e-06,0.1666096268162769,0.0052426433555181,6.752342301207049e-05,2.393094552395363e-05,0.0002188168246133,7.947584657369379e-05
1320,0.0460925646503177,0.0031018629881159,0.1772169953656895,0.0734366454758609,0.0958328688110325,0.0374751863940445,0.0311557020434526,0.0029450809362563,0.1736884682624148,0.0711310197735058
1321,0.1574646158124057,0.0077831134244013,0.1888811060651505,0.0087824010444531,0.1664257515481496,0.0761496197886349,0.0103867190688204,0.0031308256900528,0.1335763633462424,0.0087628691117413
1322,0.4452385417469834,0.0511365013462626,0.0001158992814426,6.69285987123384e-06,0.1671189871512153,0.0031191421787197,6.946871506187796e-05,1.329329002843185e-05,0.0002430234608614,7.199181362000618e-05
1323,0.4659717802617767,0.0379059865796761,0.0001073720690171,5.824094055143755e-06,0.1662342031486956,0.0049583513886808,8.21436788173681e-05,1.801271087565445e-05,0.0002287303513551,7.525175425175482e-05
1324,0.0008065242702989,0.0001297046303709,0.0274485631999444,0.0042588877851532,0.0135018786173443,0.0019879117462708,0.0007763532628823,0.0001615400559792,0.0072429786947067,0.0011536440377876
1325,0.4490189531838731,0.0810594397702911,0.0001139045143739,7.443520510154949e-06,0.1653073503811541,0.0052551531725774,0.0001634808860803,2.016495907165444e-05,0.0004507997653812,7.795825683263261e-05
1326,0.1231313002963842,0.0056320847628128,0.2583594918531769,0.0282656279038174,0.07456718273533,0.0377739044517271,0.0121532651323545,0.0044486143178728,0.1378946831390154,0.0281202537644034
1327,0.4720849458876382,0.0436155559112952,9.226161861611968e-05,5.555752850964571e-06,0.1612515842717107,0.0039759960587776,8.885933297780166e-05,1.5531866100872567e-05,0.0002175153184525,8.034793090372637e-05
1328,0.4835374174602573,0.033911912791981,9.539427649652068e-05,5.243152559804941e-06,0.1647111968610087,0.0061344620664892,9.354562613405346e-05,2.0608887267967583e-05,0.0002266478311639,8.438497410366383e-05
1329,0.1057019410614181,0.0055760561564484,0.2283623805253838,0.0624824818222021,0.1386064823711647,0.0714796068997474,0.032745330162213,0.0049783267756211,0.2118211367930053,0.0619787170201045
1330,0.0009312051270825,0.0006366014316448,0.0896501623461267,0.0137152941075146,0.0195949972960073,0.0052470096695121,0.0010142318826355,0.0007073411124168,0.019073675002512,0.0032227686799626
1331,0.3987325706899521,0.0655787163441282,0.0002080062460686,1.0086752415219423e-05,0.2540791434900367,0.0030695425553877,3.714760520193154e-05,1.3177901290947658e-05,0.0002693739658836,6.293095611303489e-05
1332,0.5279006987623988,0.0444094547934068,4.78743300488273e-05,3.722303368525801e-06,0.139674896436223,0.0076962927630318,0.0001300850806349,3.483068566458956e-05,0.0003821593028638,0.0001202636407392
1333,0.4367613657226893,0.0061228336490843,0.1980277377512515,0.0170616380665211,0.1298482375084386,0.0563548978145459,0.0121972507836259,0.0037710326168529,0.1482988024510634,0.0170162694792652
1334,0.0018219996122797,0.0002753019771138,5.320581591487094,0.0054686997629226,5.298939940049391,0.0034480700701047,0.0047324735319496,0.0003755260705113,2.155781057369637,0.0045099603910371
1335,0.0019019010395267,0.0002817192741258,6.241360845630694,0.0054183470075424,6.211871915159773,0.0034443010158989,0.0049291940412863,0.000382070326703,2.4342637876564868,0.0045085439031647
1336,0.0007624427252376,0.000422101301081,0.0274868281016332,0.003786490373436,0.0138475785314659,0.0034515809182848,0.0007224835037236,0.000493622136557,0.0070803282326664,0.0020280692866008
1337,0.3816616105690001,0.0698155972112185,0.000252922752589,1.2248865317542311e-05,0.2713589738625299,0.0036420465660059,4.581349661533108e-05,1.457037354486866e-05,0.0002603521791924,6.153624065450116e-05
1338,0.4872916693153371,0.0386337301160812,8.097071482308976e-05,4.905961947247717e-06,0.1603952765521902,0.0064607913128005,9.378714663025876e-05,2.7328903015123885e-05,0.0002170095956764,0.0001009896371027
1339,0.4786829094217706,0.0359385459750091,8.717592564671147e-05,5.042630852657151e-06,0.1619017701908062,0.0048190388446252,9.37871557482414e-05,1.7786647050358174e-05,0.0002535355232993,8.367408803387596e-05
1340,0.0011171247648549,0.0007608139397763,0.0637694943509801,0.0149220821806318,0.0176314611307823,0.0052988528308321,0.0011411661241853,0.0008281235070536,0.014460952783996,0.0033194429300213
1341,0.8688650946760423,0.0209940818700073,0.0101632353546122,0.0019070674751404,0.2849334937480765,0.0218117185708089,0.0019943133534182,0.0003215181095448,0.0100968034308161,0.0019030795366605
1342,0.5190889410126948,0.0402205818784415,6.832412555582761e-05,3.694106313061813e-06,0.1484891873818685,0.0051937251707036,0.000118567450591,2.6623656941723675e-05,0.0002512428714624,0.000104233919573
1343,0.4697369601832127,0.0450370430987546,9.277634912682984e-05,5.4865044575121545e-06,0.163591291883423,0.004342949686655,8.612546131481054e-05,1.8126396211049615e-05,0.0002097094628384,8.183717969532424e-05
1344,0.0013403633605858,0.000823582809109,0.072309688524726,0.0145990173727325,0.0173981637401602,0.0052058914693139,0.0016986165199534,0.0008920555335885,0.0193626498141026,0.0035574057627824
1345,0.0062640951598921,0.0009210676827702,0.3283641300591681,0.2629308533768016,0.2136495374460404,0.0942936521679732,0.0130311989688414,0.0010673806760364,0.2584786141497654,0.1202944437669792
1346,0.4606623266191843,0.047384304084883,0.000112003312331,5.971783442590195e-06,0.1654785178466531,0.0044803728105534,7.522866036468946e-05,2.1186274657121773e-05,0.0002179497598567,7.681084939773247e-05
1347,0.0068675338799725,0.0018869461134314,0.4663864980591942,0.2908553143556511,0.2804580395714772,0.1034321528648255,0.0103728435769053,0.0016262191621895,0.4260710876283618,0.1991581227264948
1348,0.4625897722127741,0.049090405389436,0.0001108347643366,6.00091032249648e-06,0.1677452268163242,0.0038290735261762,7.248003054713578e-05,1.8686892074391577e-05,0.0002248614296713,7.376026564735834e-05
1349,0.4945900886897854,0.0417873678091147,8.685381860964786e-05,4.6927765026213765e-06,0.1603266131133349,0.0048920344999383,0.0001006965481114,2.3445025226235668e-05,0.0001883457730194,8.841093871756138e-05
1350,0.0687188478162143,0.005637633276584,0.2024051992534333,0.0330277778991998,0.0932693655716437,0.0451482181365236,0.0170826583330058,0.0043224202996427,0.1779871371419874,0.0328335055495259
1351,0.550731931482494,0.0329918860794711,3.916555257915952e-05,2.3535098453664045e-06,0.1292881706438542,0.0105386696953585,0.000137045443155,5.431587799995555e-05,0.0004408150241502,0.0001643529678689
1352,0.4278789041557518,0.0389201188459354,0.0001343647896556,7.438792987872486e-06,0.195488984990418,0.004090864417477,5.546366125427879e-05,1.2304242462910742e-05,0.0002660285252879,7.24272973395563e-05
1353,0.4166062646711389,0.061682442601369,0.0001738462959347,8.571672328319115e-06,0.230425356292898,0.0033831091997688,4.385907422228877e-05,1.6132772434906908e-05,0.0002701330770618,6.660274333911578e-05
1354,0.5133605507515713,0.0389152978276318,6.273572387446364e-05,3.921893657793456e-06,0.1446247309704141,0.0062612096093708,0.00011043675695,2.700878254879057e-05,0.0002850052750581,0.0001016859598697
1355,0.0010679258220728,0.0006995423070218,0.0725620689025346,0.026782430242045,0.0156376877696208,0.0052399130959706,0.0011189307201227,0.0007778336383968,0.0179349176072332,0.0049618544887472
1356,0.0697999079066202,0.0047697827288331,0.1460394559358908,0.0310033024313475,0.0666871221724299,0.0322620062634862,0.0170107355211133,0.0036382661011027,0.115067150877416,0.0306623093875852
1357,0.482584903875288,0.0464463806111358,9.578330124496552e-05,5.140899425210381e-06,0.1635401410624976,0.0035208536464345,9.084939132641426e-05,1.7632480183248896e-05,0.0002099756602469,7.396637088500762e-05
1358,0.5471423400702901,0.0344925700590616,4.034778210545445e-05,2.454961661129413e-06,0.1267323759841551,0.0069959002447086,0.0001116390674348,4.331662650150442e-05,0.0002966342287009,0.0001329512854259
1359,0.0017959466436923,0.0011416529802284,0.1213974243528663,0.0299199233647091,0.0285403888408836,0.0074231720297933,0.0015184246177085,0.0011674446264122,0.0273138878609905,0.0053017945739074
1360,0.0041721619921887,0.0021551621035139,0.2303071801058991,0.127887980902556,0.1237343891254189,0.0515130712680151,0.0055272560596114,0.0017008898661251,0.2120888485036129,0.0994315067979436
1361,0.4617444213988556,0.0445409602004774,0.0001020218120339,5.70068494874004e-06,0.1654739964113099,0.0047532040242882,7.859673548981267e-05,1.8417507789464472e-05,0.0002361001522149,8.428256349563626e-05
1362,0.126656036658981,0.0072632229858909,0.1873320406947708,0.0286938169090597,0.0955197551582892,0.0495098556817573,0.0144429069304726,0.0047967614101605,0.1760036672065954,0.0285942145118714
1363,0.1315479984424847,0.025792440677358,8.014437411248076e-05,2.418654698362973e-05,0.3211305414248737,0.0130237911200357,4.143031856381176e-05,1.3045411262225326e-05,0.000265108908416,0.0001149328604626
1364,0.0140739877578367,0.0018549957682793,0.2070099924308228,0.0368089009008154,0.0985896266410866,0.0386121357421108,0.0138990459733447,0.0017996205597143,0.1307342303283097,0.0362504823575767
1365,0.4339693227156801,0.0064196786149592,0.1981344205576891,0.0214876130989489,0.1531301262682845,0.0656910424357815,0.0115981078131743,0.0041314357875851,0.1346910332761115,0.0214311216970795
1366,0.1181726092316391,0.0252645790815848,0.0005163504819485,0.0001402708665623,0.4661123791578986,0.0176159224516351,4.732293434467119e-05,1.2082205768751597e-05,0.0004420366980216,0.0001180008640612
1367,0.0012879434584587,0.0008196719489862,0.1636327609927725,0.0685022007260924,0.0532316640127212,0.011741116832288,0.0029231919099457,0.0008849202929158,0.0765729687000143,0.0159983887868071
1368,0.0290723831968799,0.0017691185466644,0.0035899834774376,0.0010670819997149,0.3317580347705872,0.0051916708611419,0.0003358735638446,4.177539930083343e-05,0.0035605136271613,0.0010705452670947
1369,0.0942624561731473,0.0055755551656563,0.209967967886959,0.0399559061023835,0.1256138279147747,0.0622402884136526,0.0221075251308483,0.0044995612697172,0.1203679899457007,0.0397616903850202
1370,0.1988072782303864,0.0219147523954427,0.0001158627502949,1.669024390375697e-05,0.479556759065849,0.0067712214563551,2.1590445406833657e-05,7.666154911675654e-06,0.000301549082062,0.0001029216450549
1371,0.4217410914153488,0.045741897481933,0.000142657479698,8.073417056024949e-06,0.2060287492234172,0.0042872768986663,8.58477594051021e-05,1.4422410496808496e-05,0.000280641484162,7.239416107059433e-05
1372,0.1604710356114181,0.0058711282917335,0.2235872544590004,0.0277713048895819,0.1356892680908528,0.0655536445323236,0.013913372509108,0.003945951326838,0.1665833792834912,0.0277280816989326
1373,0.4923899214746116,0.0419706253308179,8.91369947906695e-05,4.710522207344392e-06,0.1615777733861577,0.0050902753935225,0.0001005952289397,1.909600317850884e-05,0.0002505397359029,9.434811478385508e-05
1374,0.00111021425464,0.0007555654988604,0.0241155314868789,0.0044111359473139,0.0181131116003292,0.0046459736624737,0.0011413320433855,0.000831083534777,0.0105107059798228,0.0026697090984872
1375,0.0920617487244655,0.0048740293436362,0.2984100238460681,0.0876404409773043,0.1483461062798027,0.0626540751724757,0.0413609922839443,0.004026299413521,0.1633218025662361,0.0864254854492066
1376,0.000927383238196,0.0006500441985357,0.0243792237019183,0.0042981253071016,0.0157037161728407,0.0042648980049035,0.0010301815087365,0.0007273278192686,0.0087874184931052,0.0022982325859373
1377,0.4917262654975077,0.0447102055963527,9.031037027887276e-05,4.816459293243911e-06,0.1618465364479214,0.0040369285123916,9.373137891579224e-05,2.000868089487935e-05,0.0001796887338236,7.550302890587002e-05
1378,0.0011292235349354,0.0007163900607192,0.1135668645466464,0.0231933700043894,0.0237951815856376,0.0047499603176424,0.0011174364252688,0.0007904272719483,0.026315063773598,0.003741390288577
1379,0.543865022407336,0.0321458095145106,4.208747318350696e-05,2.5240188333950302e-06,0.1271220174346831,0.0070551459689468,0.0001044122584739,4.875311224826157e-05,0.0002781559800464,0.0001414046020228
1380,0.069479689870619,0.0120016740353871,0.0015485613037672,0.0003889045165939,0.2839339172753636,0.0165990859814598,7.726983719694792e-05,2.5277601183607137e-05,0.0015049308622719,0.0003746731247337
1381,0.0009553068973716,0.0006233717265548,0.0284743964164464,0.0055257040650143,0.0136512342987879,0.0041820806444539,0.0012665363258407,0.0006988772226901,0.0104807555314492,0.0023650152382018
1382,0.4703682552218233,0.0408481349881661,9.888621676663152e-05,5.533468237456709e-06,0.1646363503223491,0.0040055188951084,8.217812445472933e-05,1.8246953369103444e-05,0.0002171000298142,7.28805467249727e-05
1383,0.5124011607958376,0.0396902353962299,7.274004021235421e-05,3.927419293629063e-06,0.1524268014277707,0.0053377380291227,0.0001138526650428,2.488248541219403e-05,0.000252623347585,0.0001043183414442
1384,0.441111475447254,0.0345337040862168,0.0001336232162812,7.115548434742647e-06,0.1852672164297286,0.0045657933766607,6.520861218672373e-05,1.3804578351790531e-05,0.00024127937176,7.573283378813814e-05
1385,0.4540413133133352,0.0429234799203601,0.0001220531603884,6.365310888887827e-06,0.1725023654410072,0.0040107018400185,6.964404608410407e-05,1.5780865437870986e-05,0.0002258145616075,6.676030024487949e-05
1386,0.0909786337425127,0.0048109611767997,0.1764632461859084,0.0829997761259989,0.1362606868803142,0.0588293573938909,0.0402069334152567,0.0044033535051491,0.1371029367937394,0.0817742739559331
1387,0.4165600872792216,0.0549319571715686,0.0001555457623794,8.359649380401292e-06,0.2238847977722881,0.00386261093782,4.590964357326679e-05,1.689768471084947e-05,0.0002754553451241,8.082154620400677e-05
1388,0.4902506919574551,0.0342317755021121,9.06514574783324e-05,4.8783253478136125e-06,0.1615119181412512,0.0055817245101168,9.680346050502965e-05,2.107467446253093e-05,0.0002294067511917,8.447481620350667e-05
1389,0.2023574201187838,0.0068921974824012,0.1736234352965595,0.013216534182934,0.1662699578467986,0.079041830907055,0.0119158289186387,0.0038606424437201,0.1348689050294196,0.0131977854606027
1390,0.1921955248905832,0.007393700650647,0.1547185421703216,0.0157710072261066,0.1712612187679168,0.0828261777174962,0.0141095061887925,0.0039173555292432,0.1138281202451465,0.0157348396365206
1391,0.318409143749255,0.0061476759377951,0.2779914200489198,0.0215630704724405,0.1364009924341526,0.0479003200891251,0.0091120905773293,0.0038061523103995,0.1762800416585374,0.0214817453664209
1392,0.0012500405110045,0.000741480493492,0.1966984777612266,0.0628289179409067,0.0495548211250207,0.0079202949704454,0.0013286851976614,0.0008175286133887,0.0579507444125935,0.0080188562534063
1393,0.3737715507210407,0.0070667047624649,0.2075715044312367,0.0253171286939095,0.1222440978156452,0.0588097570671862,0.0190328786585218,0.0052050020614818,0.1287530435699461,0.0252677553484583
1394,0.5434962771549251,0.0344774456542414,4.975756563472317e-05,2.742775487858832e-06,0.1378519795263408,0.0082741784228696,0.0001091131676862,4.463139125242996e-05,0.0003459062590359,0.0001398103987044
1395,0.5051088761002043,0.0295277712300104,7.388904311774708e-05,4.174225647916459e-06,0.1526497580907239,0.005991976714773,0.0001061501525913,2.721008430808004e-05,0.000180472343999,9.199328913563712e-05
1396,0.0395141289120712,0.0029143025865235,0.2998243004362732,0.1620554849462031,0.1287939819729417,0.0382703987745551,0.0390590392147181,0.0026097193095585,0.2923641778508238,0.1544504127471224
1397,0.0015689940302903,0.0011083963585632,0.0227701819825845,0.0059936550363914,0.0222068849753725,0.0063374173090443,0.0014499020917077,0.0010978890599376,0.0100179191314166,0.003435019438265
1398,0.4187008613789769,0.0584933209378608,0.0001701209971272,8.582457534254307e-06,0.2289580226299932,0.0036156080452071,4.708708002728537e-05,1.6335858433700726e-05,0.000273976472494,6.953597929514436e-05
1399,0.0019695051085537,0.0002828108393041,5.300381408079064,0.0054776859181017,5.26997500502898,0.0035236422594843,0.0050721106914719,0.0003824949634189,2.1323427888022133,0.0046353185237901
1400,0.4404897975802478,0.0561972696683152,0.0001348763887985,7.123024640183298e-06,0.1895156801800457,0.0029421705647294,5.831617176678946e-05,1.3421466479403508e-05,0.0002516167453005,6.565346660657363e-05
1401,0.4562762443860786,0.0074460788863896,0.1396469272875452,0.0220279147637197,0.132921422770672,0.0629458839128778,0.0161520710357161,0.0046650073888989,0.1092161424567954,0.0219824592049166
1402,0.1405453916683162,0.0060751187491946,0.2357391982405946,0.0198423336473806,0.1137030795515146,0.0387673891208136,0.0143384347570204,0.0044094083518844,0.1879522627557832,0.0197911944778827
1403,0.4742192182890037,0.045031522030705,0.0001015250526706,5.4711419873131286e-06,0.1653926059914113,0.0039018838139195,8.760614676143094e-05,1.751779998003189e-05,0.000228898085923,8.723942573416537e-05
1404,0.0016000292095248,0.0010665996282537,0.0230897727744285,0.0058029172234803,0.0208727802137296,0.0062722753196638,0.0014255330397804,0.0010736755038601,0.0109582429120633,0.0033966131798201
1405,0.5367143654338589,0.0357913463536637,4.954398262955039e-05,3.008484164090024e-06,0.1372613829103807,0.0067157937091197,0.0001059440100474,3.5753226267808616e-05,0.0002561774822129,0.0001215335628072
1406,0.4626017844835295,0.0437655462759167,9.833156829020776e-05,5.69871700197219e-06,0.1647003240916924,0.0038339412273505,8.264421839800606e-05,1.677825852030343e-05,0.0002130173182187,7.37588130083517e-05
1407,0.5292237944207957,0.0360955202619922,6.04508784060687e-05,3.272246705220123e-06,0.1424731682981124,0.0066156279218525,0.0001092047095444,3.143003368032679e-05,0.0002360038867402,0.0001159625255527
1408,0.509416911356019,0.0385762124553944,7.36351692758915e-05,4.00362172070586e-06,0.150474889809741,0.0054351574055009,0.0001093372337476,2.239764622899368e-05,0.000232221725178,9.693993075882044e-05
1409,0.001445397111802,0.0008562071030231,0.0351110879847406,0.0072647692445728,0.0173741578535039,0.0052098526278205,0.0011874918348516,0.0009101246586672,0.0111380384597092,0.0030428296488604
1410,0.0024398592650947,0.0008769897574082,0.2163069802556783,0.0964961954024323,0.0625476742016505,0.0172902224518058,0.0048120883504788,0.0009919060110883,0.1239944974517424,0.040817013364715
1411,0.0007634754185104,0.0002164943545718,0.0293756264835145,0.0049867373928342,0.0163927003729642,0.0021293745686481,0.0009367176887778,0.0002744269652163,0.0075877454867436,0.00121084635676
1412,0.0009995582322699,0.0006392629853611,0.0494525343394302,0.0160215064101368,0.015010952029263,0.0052280325406392,0.0010085257119849,0.0007171284790016,0.0175222370317396,0.0039744917081806
1413,0.4658594635323099,0.0479140972696407,0.000108280763697,5.789661006156859e-06,0.1667764551155784,0.0032933417873672,8.243508608992831e-05,1.439304865884976e-05,0.0002236538885093,7.302076929980393e-05
1414,0.0008142423605951,0.0002922692542212,0.7324835840183296,0.005332430000396,0.729028379027042,0.0036530667463425,0.0023549592054567,0.0003974495380995,0.3804765602186721,0.0044365449412117
1415,0.0017843031217901,0.0002786929308896,4.435757591425972,0.0054214093329514,4.418280658689447,0.0034258312144492,0.0046414685333894,0.0003784884285892,1.817492765840084,0.0044766865939946
1416,0.0010452323962174,0.0002773993349769,1.0919026275833703,0.0052868025104096,1.0875974214664916,0.0035139585569305,0.0029038225957939,0.0003817605147926,0.5446908486075771,0.0043771582800366
1417,0.0007908285825431,0.0001883783128112,0.0282466280503088,0.0038809247939521,0.0072877550796552,0.0011216279231781,0.0007674427932261,0.0002342353448763,0.0072611900489396,0.0008110941726931
1418,0.001477938195175,0.0002784921604326,3.3932205351519595,0.0053363395893349,3.384187603249509,0.0033819670404545,0.0039240236937503,0.0003823695736374,1.4606368701812706,0.0042561455915089
1419,0.0014071813580728,0.0002760654589226,2.9297905144123875,0.0053498206665503,2.921162675012785,0.0034091741543156,0.0037550752473704,0.0003813984419844,1.2886934163590225,0.0043394364030513
1420,0.0007394555722694,0.0002739832696121,0.0804616037341076,0.0057400496186268,0.0776743526173331,0.0039092985843395,0.0011481853114201,0.0003591175842491,0.0237153348972876,0.0022123811996692
1421,0.0007602827947373,0.0002370951431104,0.0297157940649383,0.0052400242286519,0.0261653983920872,0.0025592074740322,0.0009674236916606,0.0003035577523136,0.0103768532514353,0.0014331965917935
1422,0.0007468980404624,0.0002823588462514,0.0816976590106011,0.0058032218452203,0.0789754458824017,0.0041381975743423,0.0011126883780857,0.0003705602430493,0.0234169804731063,0.002147046919515
1423,0.4771525639281353,0.0433506508854143,9.995569506578366e-05,5.342860496660183e-06,0.165452574326769,0.0047148447905347,9.243834453576428e-05,2.002002858561529e-05,0.0002250422481839,9.539778778896184e-05
1424,0.3577409960064858,0.0062749818828771,0.1871657869336618,0.0201179560325725,0.1351338446495665,0.0575513611974164,0.0119449600473887,0.0042547097960676,0.1721841676057138,0.0200762210225463
1425,0.0007393699801976,0.0002589261219556,0.0379307420972943,0.0054320660976072,0.0349826624212668,0.003021402398471,0.0009742231130036,0.0003332791850061,0.012268425677929,0.0015063197863625
1426,0.0007680705657481,0.0002399879679255,0.0287905816783163,0.0034045614584582,0.0104106445540288,0.0023262649278104,0.0006036816353346,0.0002939832978932,0.0074029210087551,0.0014314028512166
1427,0.001831411667237,0.0002762166933638,5.516804425392109,0.005452148937699,5.49621881144936,0.0034294164517426,0.0047544878765853,0.0003758437540061,2.192860590724372,0.0044613233207118
1428,0.0377043625223578,0.0031991832139815,0.2322574694759598,0.0581294728818006,0.1219840133824162,0.0481148209110993,0.0259675821614532,0.0029433641972081,0.174354398585244,0.0569958245765433
1429,0.0014231042323176,0.0002779195542071,2.9841159460541213,0.0053415685051935,2.9752927749815448,0.0033978103510979,0.0037905620216388,0.0003821924550698,1.3007471316052253,0.0043330005239039
1430,0.5345850815195987,0.0368669289157159,5.701426644302407e-05,3.0870345220026736e-06,0.1424900750646532,0.0065892951311247,0.0001146092907603,3.34690562045169e-05,0.0003115495278445,0.00011982109302
1431,0.0007547620125226,0.0002696826384563,0.0407608683454104,0.0054136858742117,0.0384585249155856,0.0030769814355793,0.0010045265105238,0.000349092754138,0.011675211035281,0.001560658045609
1432,0.5322008190768575,0.0375835920563287,5.883849489931724e-05,3.199996915564478e-06,0.1435018409139921,0.005682925354647,0.0001158523879542,3.197432250358971e-05,0.0002095194088045,0.00010738848881
1433,0.0017330607026049,0.000276460362606,4.842577946863495,0.0054505132281935,4.831073590111901,0.0033997135036905,0.0045276162551606,0.0003781975132602,1.9624020228622312,0.004317914164362
1434,0.0007655722567952,0.0002263727219992,0.0336293099019632,0.0054972871778273,0.0316023956406188,0.0027617078695528,0.000925265817953,0.0002869606671416,0.0111331152572834,0.0014836955339661
1435,0.5104061483066602,0.0386659685231774,7.355706432780167e-05,3.985797305009771e-06,0.152078229817975,0.005983304749123,0.0001140857202216,2.5795626524391557e-05,0.0002554329015011,0.0001085798643075
1436,0.0016799640438219,0.0002761265625714,4.585167607694311,0.0053934514643343,4.575440360867234,0.003388524431996,0.0043999010286591,0.0003775763821627,1.8854650743695247,0.0042853067206799
1437,0.415529113374266,0.0523523160615456,0.0001576104351641,8.487500893105712e-06,0.223449510273731,0.0035392628556902,6.166869808984242e-05,1.3186463749651094e-05,0.0002723892932,7.302132488150141e-05
1438,0.0007477866622248,0.0002828437053509,0.4338364104304173,0.005560696203996,0.4314768726513579,0.0040018773733893,0.0017733076575071,0.0003820221572445,0.2104837162234377,0.004326522867569
1439,0.0008521621197462,0.0002926353439423,0.8367103596666532,0.0053656125921499,0.8327203769842053,0.0036318363241256,0.002447967633223,0.0004009130984979,0.4325734572097705,0.0044795354012689
1440,0.0012766809539741,0.0002795478515933,2.192425325941952,0.005329936179516,2.1877526180383327,0.0034423494532683,0.0034471498774587,0.0003853549152031,0.9958415270592116,0.0044206724541418
1441,0.0007364971014684,0.0002791071786135,0.3816880036899341,0.0054431247504621,0.3789916922052364,0.0038142560656386,0.0018234355332241,0.0003775839362051,0.1912805368213772,0.0040557696861698
1442,0.032946291881695,0.0029397972794315,0.1348550076612726,0.0542731675127994,0.1011510935811996,0.0411470699559883,0.0234841506041666,0.0027284394190954,0.1296384699074788,0.0526752370089581
1443,0.0016616177678319,0.0002747875589795,4.275716890413693,0.0053877036551228,4.265291116208871,0.0033862135646386,0.0043531048361061,0.0003752403914547,1.7847418539493345,0.0042992007804938
1444,0.0007368292336293,0.0002831076287342,0.1289336713576559,0.0057974793708348,0.1259854001241007,0.0042579619746152,0.0012099502581553,0.0003752755863633,0.0373251719224081,0.0025325617629826
1445,0.0007652101344775,0.0002283744849933,0.033171822214062,0.0053278485459158,0.0299218917652205,0.0025997695060461,0.0009572843742513,0.0002904912030493,0.0112949967892829,0.0014475631968614
1446,0.4504855892624371,0.0433992367815377,0.0001121247668893,6.337277970598887e-06,0.1674085011656595,0.0040530927438914,7.321985398587391e-05,1.693059703836608e-05,0.0002249109565801,7.001697347144274e-05
1447,0.0015684946026103,0.0002784527002349,3.9570659553808656,0.005356581570503,3.947777990817392,0.0033775125806909,0.0041373222012384,0.0003822755261919,1.6513107996984773,0.0042685028870379
1448,0.0007705829710201,0.0002589074415873,0.0369528997104473,0.0054550183573144,0.0348478810728239,0.0030028964985069,0.0009937859805786,0.0003332930496551,0.0111661490274294,0.0015842263309652
1449,0.0007539119137349,0.0002810016396371,0.0647888010728529,0.0057387666233532,0.0620246975452064,0.0037316401431166,0.0010968771602069,0.0003670235956003,0.0185284683851015,0.0020224186335891
1450,0.0009314106767301,0.0005874111909245,0.0271605295130173,0.0048229059558039,0.0139248381365538,0.0036831387640538,0.0009470171171661,0.0006633547917816,0.0086627718030674,0.0021242542817342
1451,0.0007323608372501,0.0002941640914176,0.4079556581262031,0.005535703565451,0.4054627778866184,0.0039927604775769,0.0017667051404495,0.0003977414560899,0.2004264693428927,0.0041898302503239
1452,0.0007778608991601,0.0002046484410845,0.0275339717534411,0.0034196751146246,0.009662567458038,0.0021755797099905,0.0005776441466026,0.0002522515357726,0.0072499492885002,0.0014634437492471
1453,0.0008035888568573,0.0001098072847813,0.0280407668208473,0.0035047097782073,0.0062172615810811,0.0012336348221203,0.0007128406902439,0.0001369607722943,0.0075276840269269,0.0009724309881119
1454,0.000750002190214,0.0002409465087143,0.0309003741160733,0.0053197060875049,0.0286384518598816,0.0027836301817946,0.000928047152057,0.0003077162368378,0.0102534428451133,0.0013695765878748
1455,0.0010864763594933,0.0007364501593493,0.0526848006905696,0.0092101021164523,0.0160163832735977,0.0048610979963417,0.0011341384648733,0.000814690723181,0.0133672089438142,0.0029617422821533
1456,0.0007478455587781,0.0002715588753618,0.0386859497365198,0.0054090821563537,0.0361566384453284,0.0031133399818175,0.0010339512620675,0.0003513564094923,0.0114449445360016,0.0016838140473366
1457,0.0007934866145757,0.0001556226538156,0.0279346035876641,0.0041718305268712,0.0147781001437008,0.0015815422363093,0.0007823069082256,0.0001924750551161,0.0074570429565397,0.0008779601784207
1458,0.0007308976158401,0.0002839564977867,0.2828237358731636,0.0055603693715869,0.2803416151083683,0.003985883287684,0.0016167827617074,0.0003814330849419,0.1317638983685987,0.0037296791955577
1459,0.0007763806650403,0.0002439056249557,0.0269905999199816,0.0035767275247222,0.0111704433936335,0.002588850521355,0.0006667799856714,0.0002964360234836,0.0069916721292954,0.0017002818678525
1460,0.000776032262924,0.0001429849408876,0.0283185935256398,0.0043102158797478,0.0155188413057817,0.0015725950180028,0.0007934699665219,0.0001754893094518,0.0071707726624474,0.0009061200087745
1461,0.0010276714560477,0.0006961742154823,0.0244856138007787,0.0048704092737555,0.0157741621040359,0.005065879203402,0.001039420753305,0.0007691161125879,0.0094598394009863,0.0029343573556674
1462,0.5369211284838761,0.0331876818238377,5.506920155458944e-05,3.090624938895468e-06,0.1406113341801312,0.0082562321246568,0.000117035086865,4.705859572700426e-05,0.0003578308448226,0.0001404712776055
1463,0.000728909347475,0.0002840352804218,0.1745845636775748,0.0056327361255353,0.1716585991416675,0.004103463529316,0.0013373939785447,0.000380647097954,0.0648784699256736,0.003004120313734
1464,0.0007863583599501,0.0001696046535005,0.0285517289963297,0.0041679639084819,0.0107549166791352,0.0013526148772272,0.000792236954608,0.0002100004294554,0.0074767720959365,0.0008819848877485
1465,0.0015116842266343,0.0002774122213725,3.752864863919673,0.0053369861592235,3.743693135977882,0.0033943370566149,0.0039973281303495,0.0003817676344462,1.58222561848789,0.0042947937683932
1466,0.505715704680105,0.0416324184848587,7.784492900536616e-05,4.214416215390984e-06,0.1551877214821681,0.0037386528364595,0.0001093484004037,2.1010764963427245e-05,0.0002075137828701,8.026134219214216e-05
1467,0.0007816125271465,0.0002151576341219,0.0280863775745327,0.0045797303202772,0.0142631058218466,0.0018488087977811,0.000853567581012,0.0002694759637766,0.0072296512520859,0.0010224972464047
1468,0.0278664685266719,0.0026546655930345,0.1196633483620319,0.0559485217085,0.0764348033328804,0.0341814872250514,0.0223538220733878,0.0025188931428807,0.1170080540132837,0.0541413537119017
1469,0.000726304152826,0.0002812947527441,0.2889021977363651,0.0055938501639024,0.2863509061469068,0.0039956853347486,0.0016200582150372,0.0003789865349417,0.1338304468630888,0.0037678883575024
1470,0.0007804419787944,0.0001927521557431,0.027766712712856,0.003294506358824,0.0089314699357795,0.0018889050800489,0.0006254920547127,0.0002387084117842,0.0072993947524503,0.0012238773975354
1471,0.053897600859333,0.0040359333262642,0.2190848690938577,0.0467404076167851,0.1003095809367922,0.0480835089131967,0.0244331721923477,0.0035908761694649,0.1331735181841675,0.0460991421488598
1472,0.0007951989910132,0.0001349075124765,0.0285106657039102,0.0035734770325937,0.0082391053954256,0.0019845365828671,0.0006094859052069,0.0001695809386648,0.0074941092848935,0.0014759652455003
1473,0.000770371027047,0.0002152596762705,0.0275562964958895,0.0048955483628858,0.0184373274828467,0.0021979930979475,0.0008757198370217,0.0002712925806511,0.0071314705793178,0.0011397850914596
1474,0.0008494122881061,0.0002875929100904,0.732362008285636,0.0053271571924138,0.7283112158474508,0.0035665663411031,0.0024465298958605,0.0003928181763793,0.3781343679945746,0.0043095582612803
1475,0.4616184412318034,0.0452752639296907,0.0001004582513586,5.686388614111071e-06,0.1644291746589443,0.0035960442997949,8.333417081908313e-05,1.5862657310438712e-05,0.0002208328261701,7.154590118883582e-05
1476,0.0007946812997077,0.0001570469111578,0.0281293411032078,0.0044496774045512,0.0147206264739367,0.0015849200496806,0.0008277781062901,0.0001943902833227,0.0073675844597981,0.0008768320302432
1477,0.0579490955794281,0.004853106733398,0.1855394065076676,0.0401509423704789,0.1308713860928193,0.0708626156566622,0.0206216027203949,0.0044544234506152,0.164624071276822,0.0399494126975207
1478,0.000779663123728,0.0002083659057265,0.0284041304381362,0.0033485909013009,0.0096010830344673,0.0019847890495428,0.0006442061581643,0.0002571670834306,0.007379559605032,0.0012323662061651
1479,0.0007931592584874,0.000208062547418,0.0279164958877602,0.0044201796486836,0.0134842284552853,0.0033169770428584,0.0006616792133775,0.0002580201096282,0.0074561707053582,0.0021328859452594
1480,0.4030319439550603,0.0549757624528199,0.0001726863791291,9.187850892443068e-06,0.2370606512043009,0.0039867110089843,4.310067768243154e-05,1.5530661289921397e-05,0.0002928067217889,7.84563184354995e-05
1481,0.5184962950749437,0.0353049313738769,6.374372982854458e-05,3.652662634649225e-06,0.146456288136592,0.0071191432890078,0.0001120756286898,3.135593532184694e-05,0.0002484341753486,0.0001153770142102
1482,0.0007735606633425,0.0001355133061034,0.0289660718159802,0.0034262142617095,0.0077680939899602,0.0018157853193775,0.0006844288908869,0.0001693308910155,0.0075478221573653,0.0011768129393385
1483,0.0010570933753877,0.0002835148124646,1.4231584385076803,0.0053515549236471,1.418274745790985,0.0035254697531737,0.0029310969246074,0.0003896964257666,0.6897991741549542,0.0046401017803228
1484,0.0007491137609695,0.0002843356697174,0.0883902888540683,0.0057569717059054,0.0854704971767049,0.0040298236521865,0.0011611611780855,0.000373567595814,0.0264400878647701,0.0022847700383059
1485,0.0007419795759839,0.0002761327927227,0.0807369960775696,0.0057206175170051,0.0780814601546302,0.0039739642410635,0.0011223230493809,0.000361730309997,0.0227956582488789,0.0021539572775674
1486,0.0007916227904615,0.0002002766538427,0.0284317358255877,0.003763825021326,0.0132899149578128,0.002793692440181,0.0005346401066905,0.000248209704312,0.0081416761157433,0.0018240784194904
1487,0.0007698958388244,0.0002163584941306,0.0287222197431648,0.0047300516786365,0.0144489239719316,0.0019429200164932,0.0008986135514957,0.0002715888794599,0.0074849944131021,0.0010769725248944
1488,0.000754240559708,0.000271685983221,0.0266923589022714,0.0034405324931993,0.0100648819924055,0.0024156587829382,0.0005968190206693,0.0003271392393512,0.0070495549336661,0.0014587440441324
1489,0.0007920408904201,0.0001631469527398,0.0280984139030591,0.0051912372281179,0.0229646224198359,0.0023378312850451,0.0008801611241035,0.0002018040403607,0.0084374899676136,0.001321145579887
1490,0.0007274981245938,0.0004442378189137,0.0265441703615857,0.0035743819347161,0.0119962031942216,0.003100483961203,0.000729186607807,0.0005156022878165,0.0068962742896886,0.0017147277272771
1491,0.0007864182907334,0.0002868986350028,0.6682619926961939,0.0053726660013552,0.6645295549709409,0.0036230855735656,0.0022962761451513,0.0003924634874337,0.3493239925815408,0.0043710337398568
1492,0.0007399330642509,0.0004113845197706,0.027375766850766,0.0052383845217858,0.0160138735447321,0.0044014145722973,0.0006560326296417,0.0004784132058007,0.009314840319774,0.0023801122231258
1493,0.4991392682600047,0.0392757337499852,8.467048503090708e-05,4.539901213936716e-06,0.1613226818216288,0.0044113007977029,0.0001010052684048,1.8717836448043523e-05,0.000221184107786,8.276495885383927e-05
1494,0.0007801253205566,0.0001101571297176,0.0288910812014776,0.0037582358863081,0.0052385888774438,0.0011852608219577,0.0007848643484678,0.0001342818640383,0.0075569086697808,0.0008471423178489
1495,0.0013954863997441,0.0002918606139083,2.8269985237204547,0.0052882425284506,2.817971654996817,0.0034341858340429,0.0037230324198597,0.0003998386872749,1.2541562209377437,0.0044072023352283
1496,0.0007455692184652,0.0002875646018625,0.1021538712026226,0.0058941550613742,0.0995147935203816,0.0043147567875641,0.0011344649254956,0.0003760801964587,0.0279926555621473,0.0022771171486852
1497,0.0007433595807516,0.0002717818168095,0.0342572603585782,0.0052914083074131,0.0315133975760065,0.0029674411509954,0.0009742618747949,0.0003512163385446,0.0111112210745706,0.0015046013576014
1498,0.0007913179356694,0.0001650051511967,0.0276638049612695,0.0033841055854619,0.0084003271462031,0.0016866490678205,0.0006735490809992,0.0002044311813936,0.0074740125747235,0.0011747165955351
1499,0.0010821160637933,0.0002829472842467,1.2393537090378666,0.0053039180512039,1.2347193232803593,0.0034917893841217,0.0029936379981876,0.0003883565121071,0.6011971871218584,0.0043911008063796
1500,0.0007931761521431,0.0001838070391096,0.0279798632215668,0.0046614577618027,0.0145340558463072,0.0018664903529719,0.000865693721836,0.0002289961822082,0.0073496228316427,0.0010293246790076
1501,0.0007644102903276,0.0002483439055474,0.0276017547964354,0.0050730913702929,0.0233759019534924,0.0024443047099889,0.0009126105101639,0.0003162521475499,0.0091357096366791,0.0012289296954555
1502,0.4741261900440678,0.0450661741713446,9.3603132759627e-05,5.364517817752959e-06,0.1654522130811851,0.0037248835612378,8.892421304018035e-05,1.7000458992655993e-05,0.0002140230238802,7.741387504573012e-05
1503,0.0007283343239152,0.0002853402203665,0.3371532757127492,0.0055481314183618,0.3345834254687237,0.0040022466211898,0.0016482428937086,0.0003841922546126,0.1570978563190958,0.0039252345370395
1504,0.0007248395385808,0.000280851895867,0.1948530370455267,0.0056871377875876,0.1920299287546486,0.004195835280112,0.0013386940748061,0.000374184041741,0.0684077690515725,0.003055226118611
1505,0.0007261376312336,0.0002899701711998,0.0260882659546703,0.0034320316534405,0.0099171165252861,0.002446275475137,0.0005924571337834,0.0003479343330165,0.0073909339528646,0.0015071147954571
1506,0.0007540905110277,0.0002652505099939,0.0344079871629625,0.0054213269367286,0.0322723754651129,0.0030377116162064,0.0010047387939522,0.0003415205336287,0.0104990504273154,0.0016316831046461
1507,0.0007482050527675,0.0002930164207085,0.1172259268666433,0.0055670809894309,0.1143009751041591,0.0039164319499185,0.001301842520123,0.0003896806514528,0.0415465903939364,0.0027038221884413
1508,0.6342808474021177,0.0084889909355903,0.1768614565614814,0.024757396376728,0.1520495488942991,0.0704245099563027,0.0227089469196226,0.0050184265926207,0.1529730823699012,0.0246765941799632
1509,0.000798781243081,0.0001325496349783,0.027756498973334,0.0035704685442452,0.0076014935691881,0.0017049126085039,0.000694701672196,0.0001673917364186,0.0071582568127779,0.0010669954187548
1510,0.0007352705710103,0.0002864303497796,0.1196047924817977,0.005744368654454,0.1166265087282474,0.0040970922708432,0.0012237455612897,0.0003797615133362,0.0365343770371256,0.0025305675730043
1511,0.0007868939596875,0.0001495265466913,0.0261297211677342,0.0035322036210668,0.007491367927022,0.001791356436524,0.0007238662211392,0.0001864140869494,0.0069704104157432,0.0010963992208488
1512,0.4335028098277033,0.0547832624174883,0.0001506351929538,7.549815896974995e-06,0.2101399578891967,0.0040081161548345,5.442787748954551e-05,1.7763088591573302e-05,0.000270396650415,8.041294493462876e-05
1513,0.001535919554266,0.0002920811199624,4.065439007811092,0.0053307394646655,4.056154415742168,0.0033975563359463,0.0040576475458264,0.0003995164719288,1.6881245425414415,0.0042811266432325
1514,0.0007579392567642,0.0002525947423539,0.0284520488496763,0.0034739903770002,0.010620238902686,0.0025323968907994,0.0005896706135828,0.0003062720798363,0.0073193119169515,0.0015478125811195
1515,0.5416231336818875,0.0355751076982368,5.065219581015575e-05,2.8114345064630364e-06,0.1374673108053445,0.007715332704294,0.0001055038948516,3.960422319921877e-05,0.0002938355614595,0.0001285608060535
1516,0.5167175018557397,0.0393254129536401,6.206706108892191e-05,3.611773142336075e-06,0.1461974896155905,0.0044077327974474,0.0001151963060314,2.484194869802458e-05,0.000224133800517,9.283608527325894e-05
1517,0.0065883877591985,0.0012929311719715,0.1867473512256719,0.0888559219623437,0.0768330489158024,0.0257385824714574,0.0096470774062418,0.00129112119958,0.1711839529866958,0.0782391143269389
1518,0.0007072107090362,0.0004654383421112,0.0245594794578187,0.0035219315397122,0.012550555783507,0.0033094859094794,0.00077340186955,0.0005364836350315,0.0070226402337309,0.0018391544466001
1519,0.0007572740416843,0.0002536448891084,0.028678407264812,0.0034122674082751,0.0090204433451085,0.0024008170887871,0.0005799202173256,0.0003070303778395,0.0075739284091172,0.001510124913358
1520,0.5064026921386956,0.0412425546356582,7.609923144971579e-05,4.1337832051687655e-06,0.1522298089715306,0.0043383831431916,0.0001058599879165,2.1673384650530453e-05,0.0002108979584312,8.622398328753794e-05
1521,0.0007758867162351,0.0002459996620239,0.0281423677764268,0.0050774592961661,0.0205819434732583,0.0023631951797415,0.0009108531056088,0.0003130335403155,0.0079388301705721,0.0012681050023737
1522,0.0007606135530941,0.0002266290115909,0.0266892412300529,0.003772841473707,0.0124502190000742,0.002929790846566,0.0006076011335278,0.0002778303701088,0.0082948668992151,0.0018738287309797
1523,0.0007508910414663,0.0002901128917203,0.148817633027208,0.0058793182939929,0.145825014240666,0.0043879206936873,0.0012170190864682,0.0003828783041156,0.0430600524020992,0.0026312881416289
1524,0.4700848517410768,0.0489463832782262,0.0001051696684225,5.567084930109263e-06,0.1661589654331738,0.0034602703168133,8.617593970231976e-05,1.685517228476948e-05,0.0002213606540037,7.491727042455425e-05
1525,0.0007600203836428,0.0002568761921201,0.0423208272064127,0.005786922506459,0.0405419021087597,0.0033431226094491,0.0009880665482582,0.0003302659670755,0.0133356907457477,0.0017158929002942
1526,0.0007471111604742,0.0002424513714139,0.0286061585114373,0.0051038957050079,0.0231414359669497,0.0025371437075735,0.0009579885683264,0.0003114627422209,0.0089248877409773,0.0013446111681449
1527,0.0007284028443395,0.0002861480958117,0.3846131727188608,0.0055209111054271,0.3820785850814535,0.0039808647812915,0.0017325053491776,0.000386928690139,0.183040032037815,0.0040714874227372
1528,0.5470298236442324,0.03502367869967,4.61980174086184e-05,2.5548415604192327e-06,0.1330909753123968,0.0068821713405812,0.000103121184811,4.265317070824509e-05,0.0002711690547634,0.0001294805852392
1529,0.0007548697544005,0.0002283344427781,0.0289339197003072,0.0051257533629076,0.0219564419129555,0.0024025850307279,0.0009723189832839,0.000290725211171,0.0086801345057384,0.001367610956042
1530,0.0007337113740566,0.0003248140314618,0.0263412628972637,0.0034253147024906,0.0108703548928908,0.0027826072116601,0.0005770504973636,0.0003872013757866,0.0068743748169557,0.0017069531666545
1531,0.0007629240731238,0.0002633742421713,0.0473461715251168,0.0056009072741944,0.0450147851944555,0.0033098971786504,0.0010223537007468,0.0003405425505818,0.0139651813352239,0.0017245851045666
1532,0.0007387579323595,0.0002844312914584,0.0858043160105738,0.0058575644217773,0.0830606338912597,0.0042457307080396,0.0010965746550886,0.0003745237523346,0.0234962235308676,0.0021125058092778
1533,0.0020728273818023,0.0014851995226524,0.0961983504313009,0.0248305458702545,0.0440581973419801,0.0130782459787871,0.0018040186470588,0.0013670130243122,0.0324716901696126,0.0073049091563667
1534,0.0008077090926416,0.0002781755709723,0.7743655909147504,0.0053774524304152,0.7708907103223108,0.0036518438299106,0.0023414969856643,0.0003806759674705,0.4025611431754397,0.0045643375667866
1535,0.5391621523043122,0.0339713362319671,5.207514612330438e-05,2.9566971451572924e-06,0.1406957338383692,0.0075437147024364,0.0001102497849806,4.193706090274246e-05,0.0002978431438861,0.000130708713927
1536,0.0007356670695018,0.0002855292277308,0.2612440512564828,0.0054205857589854,0.2582515502745639,0.0038439447687219,0.0015720415207401,0.0003854772087558,0.1192232719789731,0.0035469037348989
1537,0.0007323258420513,0.0002909849610263,0.2535414769884022,0.0054930411828313,0.2505620843668925,0.0038816341752407,0.0015656822966487,0.0003919787996,0.1132246007886025,0.003529621387811
1538,0.00074085153648,0.00028857999759,0.1816016515016672,0.0057213103982152,0.1787126869677378,0.004201774691541,0.0013176086662118,0.000385303885675,0.0621837331511031,0.0029774550138236
1539,0.000802550433465,0.0001337227660099,0.0280109450130526,0.0035549344033047,0.0123691277044213,0.0021301308883429,0.0006285743517129,0.000166047378267,0.0074549322440106,0.0014515486115638
1540,0.0007644026921133,0.0002500340958683,0.0284138099079697,0.0051671545523643,0.0232700110934379,0.0025765467603365,0.0009675399396268,0.0003201797874159,0.0091235651100494,0.0014128152535955
1541,0.0007701042539616,0.0002635298376737,0.0381762979550978,0.005599082175508,0.0362540238877396,0.0032115308985336,0.0009901141779118,0.0003400887986688,0.0117359367114975,0.0016702178031855
1542,0.0007204548782355,0.0002830539691818,0.3741638219564635,0.0053745727835622,0.3708307314435944,0.003641238083024,0.0019388833504362,0.0003850049077147,0.1929578665269026,0.0038841869437582
1543,0.0009523072711858,0.0005929581470236,0.0265658767881417,0.003679513154737,0.0138661560688807,0.0034216099098379,0.0009452412466765,0.0006710185029543,0.0071052471028838,0.0018445466857285
1544,0.1521433037118685,0.0199457632855851,0.0002275808274264,4.340478821046748e-05,0.504750903370172,0.0109016036242744,7.172221847977082e-05,8.044079825761498e-06,0.0003075707454394,8.803398013742634e-05
1545,0.0013677796760731,0.0002773990805072,2.843104915512618,0.0053159969036638,2.835096940342736,0.0034227005817558,0.0036608546245173,0.0003829069882406,1.255867048218107,0.0043964012162144
1546,0.00080064644744,0.0001182601847241,0.0278255440974202,0.0033419008317958,0.0074460188358052,0.0014562443656769,0.0006755010057767,0.0001484442527505,0.0074941102367948,0.0010894760092742
1547,0.0007564142680559,0.0002965674040047,0.027055173665725,0.0035079847399116,0.0113044029051032,0.0027900133587938,0.0007541186091745,0.0003569081545504,0.008743942982328,0.0017403384025867
1548,0.0008351321392898,0.0002928042972846,0.7554740939511034,0.0053314562174203,0.7517565832752355,0.0035984819727067,0.0024111166090053,0.0003982734195293,0.3877440472805519,0.0044327993946563
1549,0.0007585529387957,0.0002463159980172,0.037231937901778,0.0055162102564311,0.0349853401478077,0.0030362737829666,0.0010179802880528,0.0003165901243333,0.0110967230351741,0.0016956322059806
1550,0.0012840012450851,0.0002783381905712,2.032997088769364,0.0053227557781776,2.028900916118919,0.0034287252759571,0.0034642425573055,0.00038302450411,0.942276364471999,0.004327154968985
1551,0.0007406243577461,0.0002623301674083,0.0591340359936691,0.005857297146223,0.0566571236023752,0.0036470302338109,0.0010507070818687,0.0003397040828453,0.0170912109435256,0.0019207974440737
1552,0.000790347922197,0.0001063537025239,0.0273293979768965,0.003761785898194,0.0055260479378677,0.0013581474082637,0.0007683538702754,0.0001337314613435,0.0072828370067089,0.0008637796927876
1553,0.0007546167033895,0.0002754900487928,0.0297809953279726,0.0051609068332972,0.0272852659218775,0.002759885192051,0.0010092525449928,0.0003555871428496,0.009039146273887,0.0014972582013671
1554,0.0007385868029248,0.0002930198123358,0.3171243045601463,0.0055061703717999,0.3145685260548241,0.0039255879716864,0.0016742149661504,0.0003942239795408,0.150748541356425,0.0038473717303144
1555,0.0119022609683591,0.0016823428460042,0.2807275622836105,0.0550568569507301,0.1432553283537126,0.0297688261008767,0.0143167284411822,0.0016884319388757,0.1840276107322404,0.0532423556104389
1556,0.0007539710372469,0.0002903716496019,0.1042212566993765,0.0055847390955496,0.101331721994104,0.0039169315934039,0.0012480540192696,0.000386299419401,0.0365802572234934,0.0025859466484901
1557,0.0040381128345337,0.0010384676927057,0.4314570791664026,0.1364910487382793,0.2562846180792008,0.0475635578990794,0.0075905949153741,0.0011256639302805,0.2762633983498589,0.0819479178916877
1558,0.0007390252654926,0.0002863941682124,0.1473461995770093,0.0055822933124978,0.1443274858267458,0.0040086715784421,0.0013188779562255,0.0003817713024186,0.0517185802595725,0.0028228680572954
1559,0.0007322771812874,0.0003621754479155,0.0269342489239396,0.0038032533185964,0.0131204518171252,0.0032528818274432,0.0006544915849147,0.0004284429506141,0.00709688096801,0.0019540689265612
1560,0.0007348548364235,0.0002816131053136,0.3082004662632727,0.0055273897742574,0.3053628755710064,0.0039215746985131,0.0016149176495386,0.0003812111882893,0.1392141114134704,0.0037457012376635
1561,0.000722959914929,0.0002883244541488,0.4288753570335694,0.0054954451077401,0.4263027384548933,0.0038439392302488,0.0018695144488183,0.0003902758695219,0.2145764875918896,0.0041881928341243
1562,0.0007575960817907,0.0002454433082203,0.0293405052430533,0.005300247337394,0.0263031783826297,0.0026746079017653,0.0009759725888067,0.000313235112616,0.0101913630432218,0.0014946297208265
1563,0.0007598841129105,0.0002333609752246,0.0285470752977186,0.0053574706458767,0.0259312694975472,0.0026580905278799,0.0009438174363892,0.0002966275754623,0.0097716687137695,0.0014802009402534
1564,0.0007641407986016,0.0001222631675232,0.0267564861808329,0.0038515664219999,0.0111525057828379,0.0020772236213309,0.0006873585670512,0.0001536509521623,0.0070653903513835,0.0012160734353108
1565,0.0007647363628469,0.0002228878611405,0.0289616273053985,0.0046126020455192,0.0116320936229147,0.0017366117905302,0.0008879310131225,0.000281171733954,0.0075376116189587,0.000992458257655
1566,0.4549994267591532,0.0502892244381424,0.0001088735294112,5.969732622674043e-06,0.1665672774965609,0.0033323953893106,7.672648684349207e-05,1.5654806785603012e-05,0.000237731140369,7.478282669758202e-05
1567,0.0007965333600858,0.0001334646996244,0.0288060561756909,0.0034804834881555,0.0059747723024184,0.001546550823917,0.0006679893166318,0.0001673508567201,0.0077416822644987,0.0011535668743511
1568,0.4954955668364762,0.0398056691816119,7.33923751428226e-05,4.432266272802279e-06,0.154769874152947,0.0056905347870029,0.0001070266876829,2.4676866513490683e-05,0.0002244654063299,0.0001027379107317
1569,0.0007775722076249,0.0002435347582187,0.0256888603936431,0.003435279895811,0.0113806225535282,0.0026306961687183,0.0005554017832158,0.0002959938016507,0.0067279491003691,0.0016501414825944
1570,0.001429354707705,0.0009635371917442,0.0253001518817211,0.0068045156274089,0.0196875817993851,0.0060909544522387,0.0013458721027599,0.0009968686711388,0.0107595434866376,0.0033306559103565
1571,0.4627826095196592,0.049986088440911,0.0001111279967953,5.931041209444746e-06,0.1673401624749537,0.0031043081340628,7.843825765429772e-05,1.3928133434677029e-05,0.0002321292812809,7.117145778884915e-05
1572,0.000768036437278,0.0002408025796169,0.0371011708951801,0.0054761793690949,0.0339094153995401,0.0029861849057542,0.0009558659368486,0.0003093010676587,0.0123276425549215,0.0015247260291621
1573,0.0007277675742737,0.0003220992807513,0.0262596237370057,0.0035773223694489,0.0120070261289791,0.0027469250695609,0.0005961525449157,0.0003846804768454,0.0068642761436418,0.0016587295998868
1574,0.0007405857407793,0.0002863057406673,0.0822014592935589,0.0058652917286616,0.0796625825333504,0.0041620503416764,0.0011212287727854,0.0003760877115191,0.02420277847139,0.0022198383959712
1575,0.000749260852506,0.000285030942021,0.0903855932690449,0.0058403179825167,0.0876091571039375,0.0041920167005566,0.0011367199397673,0.0003757350521343,0.0263058474091474,0.0022673049010045
1576,0.4750999551173354,0.0424009886277426,0.0001005211322806,5.38987629915886e-06,0.1649367885635251,0.0039516831856388,8.904227519068126e-05,1.7244428867070186e-05,0.0002440999670903,8.349747693282113e-05
1577,0.4831480765056627,0.0454836612575071,9.541855917536824e-05,5.198696763290818e-06,0.1637164028868944,0.0037891186449404,8.784006012214061e-05,2.0114205008020347e-05,0.0001931595235216,7.075511778422985e-05
1578,0.0007304012745682,0.0002875750787292,0.3369875214634824,0.0055059248111926,0.3343341649680691,0.0038906176226513,0.0017077737833983,0.0003880882269554,0.1613027751118237,0.0038910719769627
1579,0.0007411322907581,0.0002941530214826,0.1662406886827244,0.0057429576120071,0.1633171943542964,0.0042202996969456,0.0012847092139106,0.0003923051872409,0.0538938831915415,0.0028487077698491
1580,0.044274834733028,0.0039509128619245,0.1535845364530224,0.0496101377480375,0.0980678902792461,0.04472553997768,0.0233945186423995,0.0033978105340351,0.1321176521411692,0.0485770785840229
1581,0.0007398082796698,0.0002825600866468,0.3038107731972958,0.0055482202385779,0.301093063916247,0.0040125711087413,0.0015810916738834,0.0003819019562284,0.1376342534909449,0.003759564494897
1582,0.0007728583371344,0.0002425042524651,0.0388191298782703,0.0057108608071018,0.0366238381239207,0.0029529898134752,0.0009649474231625,0.0003092344122579,0.0126790897908816,0.0016064268559989
1583,0.0015199621515592,0.0002824748513669,3.965187445826093,0.005343827284469,3.955751862028323,0.0034140017922245,0.0040155347968002,0.0003896428727566,1.6590195075250485,0.0043285431128732
1584,0.0007430181546583,0.0002704440084388,0.0736912095375911,0.0057865511638459,0.0710458732187166,0.0039397517700915,0.001099954428335,0.000353316131976,0.020747496500557,0.0020650709105937
1585,0.0007372621225487,0.0003644787161437,0.0317262959861518,0.0073432393013071,0.0151881799422529,0.004247166260041,0.0009121778869122,0.0004323782161256,0.0099873870537034,0.0028019824535805
1586,0.0007597102880624,0.0002883095845896,0.0683167508687707,0.005596820623058,0.0654523189221709,0.003742150119797,0.001140775941348,0.0003798049077757,0.0195190525601113,0.002144052750955
1587,0.0007528129044753,0.0002363770026085,0.0290771369689405,0.0051115186381845,0.0211655575960926,0.0024284325206306,0.0009573510275722,0.0003012206002043,0.0076622020166527,0.0013563586758955
1588,0.0007538749232008,0.0002770023662754,0.0355054820436269,0.00541419430685,0.0331659472367482,0.0031152868630719,0.0009818591271526,0.0003567058992828,0.0114396094221392,0.0015748499183044
1589,0.0007198936518749,0.0002791097107575,0.5142161553742545,0.005429899465199,0.5110991046759439,0.0037124814251419,0.0020496837432418,0.0003807151004593,0.261806620076863,0.0042309648255975
1590,0.0016160308925677,0.0002766682976155,4.325154977348433,0.0053638052808705,4.316148713088609,0.0033765968182037,0.0042509899865687,0.0003799127520807,1.7787527698133048,0.0042513641900715
1591,0.0007920777100561,0.0001080672207645,0.028325962275704,0.0037385952860741,0.0063049999764127,0.0014256804593811,0.0007397941714613,0.0001337050995004,0.0075011834689471,0.0009648570150149
1592,0.000730159372778,0.0002822960520213,0.3394072666714157,0.0054546905042801,0.3364423216667767,0.0038272473152603,0.0016915171728655,0.0003812367432537,0.1570119152348399,0.0038417554097513
1593,0.0007868882542839,0.0001838678499093,0.028847172924673,0.0041382307801648,0.0110945605029815,0.0013098680498715,0.0007750940310632,0.0002273019521129,0.0075953572413201,0.0009166111951163
1594,0.0007731681373276,0.0002487937475469,0.0287121572603667,0.0033782406465199,0.0101344165679585,0.002554912087727,0.0006771500516012,0.0003045072260249,0.0075011047010734,0.0015850065274394
1595,0.0007387702213023,0.0002422667943319,0.0286489166833728,0.0052380979613266,0.0226030368622534,0.0026402351016803,0.0009775099838687,0.0003109349609257,0.0084424011211519,0.001487940752452
1596,0.0007474216836138,0.0002922586347652,0.5296963453260971,0.0053598116644637,0.5267114582418851,0.0036887354934534,0.0021928495479206,0.0003961246633545,0.2766364454059748,0.0042356085559588
1597,0.000777871977334,0.0001353103710922,0.0292416734254114,0.0037484766225455,0.0107249464711144,0.0009671941429765,0.0007547142901624,0.0001653885244926,0.0075697912784453,0.000814343633601
1598,0.0007717124706523,0.0003079975820115,0.0290429778658111,0.0038058415892537,0.0150401610921083,0.0032937010685546,0.0005452063385458,0.0003724216559998,0.0084158177058998,0.0020282100505293
1599,0.0007624192006958,0.0003126591982768,0.0275220407289642,0.0045974070399774,0.0124941464277543,0.003315502655825,0.0007713385163453,0.0003759903346104,0.007172477249136,0.0020635341534133
1600,0.0007376950683939,0.0002844940372048,0.1965857247011922,0.0057613527521105,0.1936778007459081,0.0042761281087859,0.0013198069466759,0.0003793914408123,0.0659182260219509,0.0030208856124922
1601,0.0015803416026933,0.0002838125126117,4.426440859981136,0.00535441306915,4.416469251605518,0.0033885222472007,0.0041642151498633,0.0003894761600078,1.810551030296828,0.0042957858963429
1602,0.0010224232066393,0.0002887752539516,1.1724435274494054,0.0053225453847476,1.167649737537809,0.0035002950501574,0.0028575024069152,0.0003955786165466,0.5791376902670083,0.0044150740249374
1603,0.0007680262352843,0.0002259273435185,0.0333830745129335,0.0055414434694367,0.0310821866509663,0.0028125359886258,0.0009416128960895,0.0002863370119189,0.0112999923989103,0.0015067414386893
1604,0.0010593975335832,0.0002849859364932,1.3418358608000642,0.0053488042470655,1.3372094193148762,0.0035284473377108,0.0029347207780392,0.000390956473465,0.6557954278682567,0.0045985901379221
1605,0.001327524809854,0.000908155796295,0.023532168040128,0.0050760444240058,0.0197103980830311,0.0055789221240575,0.0012885083350191,0.0009752197743132,0.010337591299257,0.0029282597291511
1606,0.0768303069630514,0.0041090822892591,0.1846244847036681,0.022828069939564,0.0846262940518032,0.0366820900719157,0.0139241392666309,0.0032441614151759,0.1701458312556012,0.0226824164718229
1607,0.4672402969121073,0.0427734766982218,0.0001062037478037,5.653676929797867e-06,0.1663803676047998,0.0040044673787437,8.43884105764851e-05,1.521956026330756e-05,0.0002372788901503,7.96841536109232e-05
1608,0.0007824458757918,0.0001209784373484,0.0265055288290318,0.00399405560258,0.0094641030312893,0.001720183907749,0.0007720781934094,0.0001499022380954,0.0069242872747446,0.0009636444861156
1609,0.0007758938508535,0.0001424753391313,0.0274833700237609,0.0033784682740855,0.0085595709069009,0.0018072714987078,0.0006268349597502,0.0001776061252446,0.0073234284471237,0.0012919209068815
1610,0.0007931619235722,0.00012656689469,0.0278630449205336,0.0042322062090412,0.0132549492592851,0.0020223432022703,0.0007329587390446,0.0001566141703758,0.0071799750566799,0.0011484879472468
1611,0.0007787789689286,0.0002147181016205,0.0287789049490226,0.0033853874461424,0.0104582939848543,0.0021836737494288,0.0006046454810872,0.0002634732527539,0.0073912137730416,0.0013848380807981
1612,0.000744299045377,0.0002973188650936,0.1099170677916813,0.0057811399491415,0.1070923878570646,0.004193386858511,0.001214064235406,0.0003928688928157,0.0345107437509732,0.0025213442273619
1613,0.0013832064662022,0.0002876845655541,2.713353607417601,0.005326014189667,2.705673668050036,0.0034250183992986,0.0036955565889276,0.0003950683392649,1.202264923019758,0.004353260869041
1614,0.0007810140119279,0.0002197503427604,0.0290997177768077,0.0033283463924019,0.0097610302147729,0.0023120933597227,0.0006683501625868,0.0002684172610677,0.0076577795229389,0.0014942217550571
1615,0.519459619710046,0.0340215398680825,6.733855459960646e-05,3.727670971083521e-06,0.1459959654015421,0.0075972934963992,0.0001128886229542,3.650654556522656e-05,0.0002637074613711,0.0001207757626237
1616,0.5218244571882745,0.0372097692079731,6.641455099950479e-05,3.5874835771727405e-06,0.1480606583551215,0.0073829032559587,0.0001198413379488,3.0143151269367173e-05,0.0002634286630745,0.0001185425508454
1617,0.0007428294068476,0.0002921498154464,0.0830330664499243,0.0056932867302126,0.080199730078148,0.0040148656599292,0.0011375540619573,0.0003839455451154,0.024426782118391,0.0022026303603281
1618,0.0007530462964709,0.000285045665933,0.0591494149080348,0.0056523560600446,0.0563636935811849,0.0037121171083452,0.001101128276695,0.0003742575074042,0.0177813408967449,0.0020111509982453
1619,0.0007742796773154,0.0001984569153674,0.0274780210962387,0.0034814834979427,0.008263687437399,0.0021982821438753,0.0005953957767721,0.000242406792573,0.0073584669477901,0.0014209538080668
1620,0.0014848377757549,0.0009648497842035,0.1798580990506429,0.0699185824916393,0.0651731293694028,0.0134227156752171,0.0024291847563347,0.0010079529341948,0.0896661724937182,0.0189424473574577
1621,0.000817587739879,0.0005721303618833,0.0266211714478103,0.0045936720072823,0.0146751117917911,0.0041916069097053,0.0009127075691712,0.0006482155650527,0.0076854982490463,0.0024511707216954
1622,0.000731640094388,0.0002936012050933,0.5365453781424235,0.0053505493661939,0.5329396487094028,0.003620956008685,0.0021513089352227,0.0003989965521573,0.2783134375833829,0.0041672753046602
1623,0.0007794471763114,0.0002331674410982,0.0281868193503599,0.0035278202844244,0.0105291994891637,0.0025213251388635,0.0005319413109733,0.0002837090257002,0.0072274800126235,0.0016316445857156
1624,0.0011142651542371,0.0006450906018685,0.0660045836664268,0.015082637956311,0.0174575483318601,0.0049848308498343,0.0010102069500355,0.0007246020899032,0.0183442256075338,0.0035396569298638
1625,0.0007402593626884,0.0002854540310866,0.1185524728367683,0.0059036883709215,0.1156085174574257,0.0043043302981775,0.0011830757942747,0.0003765129958688,0.0331847230771712,0.0024304409792011
1626,0.0007288475627668,0.0002939062338798,0.3225834416675769,0.0055013047785526,0.3200680485419274,0.00398871290792,0.001678429173685,0.0003964080973358,0.1584626805262764,0.0039408591445843
1627,0.510723782069195,0.0402070952858542,7.330465623230366e-05,3.964255008821111e-06,0.1517903981232295,0.0058727394386242,0.0001130747487315,2.3899053589161296e-05,0.0002635830297813,0.0001040972513502
1628,0.000743727044217,0.000347409796969,0.0274523189875383,0.0035217557724912,0.0112718220457195,0.0029683513862887,0.0005993400194668,0.0004118846825216,0.0072100741844566,0.0017573499470877
1629,0.0010645534542722,0.0002949453103351,1.309023227457928,0.0053261905684158,1.3042912486757243,0.0035184750120983,0.0029499785717844,0.0004038757856537,0.6369918964299557,0.0044626035591268
1630,0.5319917797947816,0.0346961562116626,5.877455493865966e-05,3.252719684606232e-06,0.1420575607936468,0.0053445473417665,0.0001070714137426,3.384488404486253e-05,0.0001741620731696,0.000103982301148
1631,0.0007435580427475,0.0002602263236905,0.0361161014926173,0.0054167290230655,0.0340185213385565,0.0030525488781022,0.000993570333961,0.0003363902479357,0.0106891936237465,0.001576994382967
1632,0.0007682641216607,0.0002383253883724,0.0288160547447486,0.0054425860170817,0.0267739694873402,0.0026784894997281,0.0009800127407446,0.0003038257217855,0.009482880039201,0.0015939660500716
1633,0.0007819588404631,0.0002076937957902,0.0288934220440871,0.0041996694852107,0.0089057302536288,0.0012483060881348,0.0008291798674362,0.000259773294333,0.00759315703264,0.0007676679357265
1634,0.0007822162965267,0.0001230656728418,0.0289977490569321,0.0045184924368446,0.0142879067358207,0.0020751727757868,0.0007965276886192,0.0001511722186497,0.0076231152025469,0.0011700052469094
1635,0.0007484010624867,0.0002726149935394,0.0688118507778528,0.0060284870800213,0.0662860325317042,0.0040042723818477,0.0011012579453553,0.0003543345239168,0.0214588704045573,0.0021649510779435
1636,0.0007499344998759,0.00027988444857,0.0420244004299839,0.0054280490979375,0.0395236198910109,0.0033057427922371,0.0010361326327378,0.0003637054580083,0.0121236303150819,0.0017227651906494
1637,0.0007492303531618,0.0002696443842186,0.0343547436798812,0.0053674547253707,0.0324313082121538,0.0030243367492106,0.0009838459108251,0.0003475229448651,0.0105229374756519,0.0015220472786364
1638,0.5030366169367362,0.0388216206285502,7.980179980333272e-05,4.312027409320249e-06,0.156333631112237,0.0047440421804644,0.00010722354151,2.011813885661201e-05,0.0002354468205433,8.9418750141685e-05
1639,0.0007391803230723,0.0002849440487743,0.3477331453227843,0.0054519977386316,0.3448423291078824,0.0038120319977231,0.0017438861937067,0.0003864244399352,0.1693116901524835,0.0039074997837555
1640,0.0007864780274701,0.0001383663377165,0.0276242923720007,0.0039391602475042,0.011485585091815,0.0016357652143742,0.0007400944694578,0.0001706491085342,0.0071073879657205,0.0009884536253717
1641,0.0007510244579011,0.0002628165803838,0.0436881571764542,0.0056111342208885,0.0411836348384108,0.0032578812242929,0.0010480876096594,0.0003400126487126,0.0132493809040029,0.001792094368481
1642,0.0007443923126342,0.0002738235996028,0.0404443115180446,0.0053860702134228,0.0381252996825126,0.0032479495023214,0.0010036482433851,0.0003559640793337,0.0114504389110247,0.0016085005051385
1643,0.0665999244633768,0.0043110889412904,0.2145569811089229,0.0535746340844333,0.1238520720115562,0.058333739420105,0.0277097765717953,0.0036001307200912,0.1795574269387257,0.0528610112763856
1644,0.0007769080364458,0.0001706262212867,0.0292607334831288,0.004484277440327,0.0160817036302555,0.0018998080811712,0.0008004923146416,0.0002110410567631,0.0077708997688935,0.0010067534025598
1645,0.0007869094005133,0.0002211871055457,0.0280296548225621,0.0050871026729551,0.0190195209876697,0.002263453839161,0.0009315151154586,0.0002785729622539,0.0073785499147444,0.0012981841954322
1646,0.0007750304329851,0.0005403974090569,0.0257248877869756,0.0039615210999824,0.0135990588956089,0.0036775828452816,0.001054790511472,0.0006120147725092,0.0080879011698517,0.002044051602456
1647,0.0007414005807802,0.0002918062916659,0.1578756587384686,0.0057507290323526,0.1549574222288212,0.0042816308085715,0.0012676022123715,0.0003895990874163,0.0508084915860963,0.0027987224418641
1648,0.0007651486813731,0.0002624955568744,0.0280785467453965,0.0052131525480243,0.0252041841941221,0.0027132274298992,0.000951872002857,0.0003377975331768,0.0089343090027007,0.0014297389225094
1649,0.0007949319104174,8.685045998734952e-05,0.0277742954165696,0.0038246750144203,0.0073729051567449,0.0013496227675344,0.0007407931342413,0.0001099706215916,0.0073328572890315,0.0009475069865468
1650,0.0007882467745557,0.0001760805876178,0.026302900421483,0.0046004421818192,0.018962914822233,0.0019710835636661,0.0008298812068372,0.0002181800123654,0.0069160484682707,0.0010752538588207
1651,0.0706815046668843,0.0064256701770392,0.2289765018188486,0.0294718258420987,0.1035751174436832,0.0458705725468072,0.0197537601359353,0.0053667395846847,0.1572438538701304,0.0293256883133078
1652,0.0007112362802992,0.0004020943896869,0.0262740770281315,0.0036678784660189,0.0125362362153327,0.0031156114167726,0.0007019212232243,0.0004707873311166,0.0068679074379547,0.0018723286810983
1653,0.0012357734702698,0.0002778894480752,1.9384767844354127,0.0053283712429684,1.9340269382810449,0.0034311527917258,0.0033544477471465,0.0003827168643965,0.8946403300105971,0.0043433448285156
1654,0.5279591089519782,0.035782209388025,6.099320565769981e-05,3.354574270205142e-06,0.1429380880735512,0.0055248418102788,0.0001095472004943,2.9493731620450824e-05,0.0002081831387993,0.0001028084911623
1655,0.0007348943359782,0.0003557458977677,0.0268058032240857,0.0036590399278761,0.0100287921621342,0.0031393014951717,0.0006005290334265,0.0004185975232031,0.0070073346320349,0.0018102902287687
1656,0.5498430725993736,0.0316105640126858,4.354067276140384e-05,2.494423301089667e-06,0.1292578033781365,0.0096490989100768,0.0001524911765459,5.7505638978884445e-05,0.0004223359567723,0.0001642609171709
1657,0.0007556382314037,0.0002253753114751,0.0298440513238098,0.0054814036033174,0.0276617555531591,0.0026667497328861,0.0009463988124178,0.0002861104480846,0.0101526947420796,0.0014609169566582
1658,0.000727806856068,0.0004483748881125,0.0350443700227572,0.0067254859817438,0.0180811807591879,0.0043348989289046,0.0007619703111562,0.0005199901375715,0.0093188207904671,0.0028479282486215
1659,0.0007408946327849,0.0002776737870366,0.0608694784219011,0.0055763999487274,0.0580203606048789,0.0035994078503868,0.0010907151474283,0.0003632154262322,0.0168914603315805,0.0019266014186879
1660,0.510912550184155,0.0373483409299112,7.330172169703058e-05,4.051122618767458e-06,0.1511769322688879,0.0068259940435123,0.0001076245344883,3.525661564855436e-05,0.0002672842594778,0.0001136718994669
1661,0.0007799452803916,0.0001850772827141,0.029492452104474,0.0038979264142859,0.0084262081088088,0.0010071966238582,0.000787709026173,0.0002306263017732,0.0077768073960105,0.0007352840644438
1662,0.2889648561675562,0.0068569177102099,0.1527802756116692,0.0165866382542934,0.1364351076153168,0.0462244290396234,0.0122655699773507,0.0040784090445224,0.1226795008219563,0.0165497880841888
1663,0.0007399499034766,0.0002864150933859,0.1504616731335518,0.0055977055234983,0.1474444148499263,0.0040500740838737,0.0012858075841994,0.0003841558335975,0.0524299861710528,0.0028113274918213
1664,0.0007349580502941,0.0002880165173483,0.266570186980355,0.0055688043802255,0.2638074833204356,0.004096163457689,0.0014973468693902,0.0003866285787252,0.1125771452661546,0.003570095501785
1665,0.000836502446078,0.0002892851595147,0.724317411767522,0.005362855459413,0.7205827771343499,0.0036017746612167,0.0024117667481332,0.0003940802840852,0.3805344470467362,0.0043770596490947
1666,0.000802976066655,0.0001753010405049,0.0284679217252941,0.003737190551208,0.0108445846896967,0.0025389115416741,0.0006462976302088,0.0002181177492129,0.0076678430104578,0.0017106807844089
1667,0.0007738891817871,0.0002355947429687,0.0284029433855477,0.005034917761935,0.0204982738971919,0.0023628553034387,0.0009116217815173,0.000300270356505,0.0082043648492844,0.0012120758230777
1668,0.0007214395812812,0.0002852471821656,0.3145501558956331,0.0054649730232262,0.3116081964162292,0.0038607801127704,0.0016339421028646,0.0003854002007441,0.1447880883830541,0.003750192750447
1669,0.0007723455194362,0.0002279647299316,0.0288103942697151,0.0053053399484791,0.0223868622362112,0.0025645857191434,0.0009128293448996,0.0002879352896647,0.0082995453262879,0.0014418503136687
1670,0.0237793593257829,0.003063593249549,0.3087596068901524,0.0538209432597103,0.1330847747819376,0.056276782745545,0.0187413296142319,0.0028218747336311,0.1923539100345316,0.0534251679304963
1671,0.0007584288464385,0.0003064110655955,0.0728840328858045,0.0057122928724104,0.0701024791511039,0.0038627162638578,0.0011288901044227,0.0004013012796796,0.0202654247098896,0.0021529806947449
1672,0.3856751425590466,0.00624751032718,0.2507358325987023,0.0235089642263251,0.1254613882359805,0.0558474265227858,0.0108865618153074,0.0043341930393884,0.1509554359042433,0.0234367979567387
1673,0.0007512043785241,0.0002737674954349,0.0807945454607115,0.0059697213956514,0.078310436625194,0.0042199107546406,0.0010781919994686,0.0003571092476848,0.0223595726758118,0.0020716040363933
1674,0.0007767534091079,0.0002330414908171,0.0281713113538299,0.0053053281101542,0.0239841934699894,0.0024288340366884,0.0009495498587534,0.0002953950283663,0.0093862793229337,0.0014166296189694
1675,0.4878457740780253,0.0433818776223213,9.235281756010758e-05,5.066677211826486e-06,0.1613884091574329,0.0041678272645562,9.474150830950163e-05,2.2988778559999515e-05,0.0001706435417299,7.513905584707489e-05
1676,0.0183141193940349,0.0024920800224327,0.1619763658069483,0.0421951644610937,0.0886947726915672,0.0387759722707109,0.0165502353362754,0.0023680278512163,0.1499067648613562,0.0415632401094457
1677,0.0007416686780013,0.0002892445295158,0.2896808751579697,0.0054677128596079,0.286834023341605,0.0039030430543581,0.0016178900953762,0.0003903120185237,0.1336043815589584,0.0037088836957237
1678,0.0007358238940905,0.0002864772247666,0.2759470489440008,0.005554445478052,0.2732222082778973,0.0039401946542455,0.001584316190736,0.0003852028961847,0.1255251088709498,0.0036660679661301
1679,0.0007628205200332,0.0002324398884129,0.0306693989232232,0.0052843824960151,0.0278133078460352,0.0026728253526232,0.0009688894933064,0.0002979427783503,0.010264829863686,0.0014749955643166
1680,0.0007544991789295,0.0002481197261711,0.0418141512209135,0.0055635326725367,0.0396690062496961,0.0031785876874635,0.0010062533135661,0.0003196117244282,0.0126524622878305,0.0016518402245899
1681,0.0007709814236222,0.0002538465692773,0.0259353242148943,0.003765815729274,0.0106263481109191,0.0027453747041128,0.0005351140296176,0.0003071027668541,0.0087694226401301,0.0017527365525595
1682,0.0014775743345561,0.000277123874558,3.401601046349691,0.005330089097549,3.3936942128602627,0.0033930619217212,0.0039207082669775,0.0003815355887223,1.458248734746813,0.0042457368802642
1683,0.3074821045782956,0.0079426149573709,0.1688543179557872,0.017958224962647,0.1254636585981219,0.051420446155471,0.0213612009205163,0.0049270801797102,0.1546235143612469,0.0179120562665914
1684,0.0008344708144493,0.0005238145370507,0.0265028625160498,0.0040149229483326,0.0126152077013289,0.0037122911342939,0.0008339059938394,0.0005957266346114,0.007431021816162,0.0020283455829182
1685,0.0007828590788734,0.0002102486503194,0.0272197540252799,0.0046576298187969,0.014757190790641,0.0018781853392506,0.0008706069780855,0.0002640422382354,0.0069572124786882,0.0009922861794902
1686,0.0007700347642102,0.000256308491751,0.0405051991834974,0.0055370195259583,0.0383196651770107,0.0030605923227185,0.0010172476215824,0.0003294341847398,0.0119776763010602,0.0017044578290609
1687,0.0007659273532292,0.0002344663595163,0.0278659385323951,0.0046895187309258,0.0169369094444761,0.0020426766321004,0.0008688845991496,0.0002978175224819,0.0073695476291135,0.0009914360542222
1688,0.0007394924390825,0.0002860013659835,0.0838976835592846,0.0056385003518963,0.0809411216794542,0.003832566753478,0.0011845398542,0.0003771084328525,0.0248557275142505,0.0022920825589243
1689,0.4812546065940919,0.0435498197723871,9.700944529403712e-05,5.259595972986086e-06,0.1651003982060943,0.0047696777325544,9.133165583548822e-05,2.0698968083498314e-05,0.0002166718118408,8.531681216460078e-05
1690,0.0013338359485483,0.0002804268191099,2.541151261387539,0.0053529511816154,2.5360945557710965,0.0034326732632259,0.0035812158660024,0.0003872538314273,1.1428439357538809,0.0043809871970152
1691,0.0007458351745369,0.0002710186227407,0.0462296588420684,0.0055134586274441,0.0435254594721236,0.0032660883574281,0.0010589182019304,0.0003520008246711,0.0128229125384039,0.0018138822321101
1692,0.0018920308186543,0.0002769803171236,6.237964655004278,0.0054540149855868,6.212964683803887,0.003431809745372,0.0049046703564155,0.0003772255832058,2.4104902786163183,0.0044587882598789
1693,0.0007356807597762,0.0002857825949584,0.2030824405937126,0.0055998375441343,0.2002205996666132,0.0040060245453732,0.001420679793557,0.0003827477048553,0.0806069905858131,0.0032109003596712
1694,0.0007417745973922,0.0002852586706174,0.1806812764013208,0.0058080535012272,0.177739705514528,0.0043394680865115,0.0012880287981962,0.0003796347567738,0.0594599052970988,0.0029346373160209
1695,0.0007474576273064,0.0002903388359625,0.2564348286349184,0.0056201558195618,0.2537956710437941,0.0041223011224969,0.001507374136353,0.0003897844478375,0.1108433919675418,0.0035905116128127
1696,0.0007872012901555,0.0001267952963969,0.0291911543257064,0.0039408723828333,0.0098590885373248,0.0011893212984171,0.0007693882296753,0.0001559071065655,0.0077099303674652,0.0008050632451432
1697,0.0007388332535713,0.0002899616979665,0.1223309054089747,0.005669884869583,0.1193727990801565,0.0039937631842186,0.0012699219959041,0.0003865277680218,0.0410662402496127,0.0026604567704108
1698,0.0017711358102782,0.0002746155470774,4.539108089573327,0.0054374073026814,4.524463316966394,0.0034377054065938,0.0046138402696276,0.0003738722287978,1.862042002961096,0.0044252634099272
1699,0.0007450823044438,0.0002689827384413,0.0596003847226539,0.0057958805003082,0.0569572319269351,0.0037359451015704,0.0010937748289134,0.0003496105782685,0.0181951013805185,0.002033441136387
1700,0.000732487600934,0.0002867299274003,0.3328838021258443,0.005449613733338,0.3301495618839544,0.0038876632691348,0.001702930843216,0.0003877928573769,0.1636835271194981,0.0039328476801671
1701,0.0007567977723288,0.0002448327989346,0.0280124295261492,0.0051958970335038,0.0232716866697196,0.0025842623262879,0.0009375614094352,0.0003134479411402,0.0090489224616263,0.0013573791768741
1702,0.0007360878593062,0.0002912540191392,0.1528923106026567,0.0057383411227721,0.1499634343894365,0.004169554375587,0.00129476891833,0.0003885453955923,0.0528769731907317,0.0028421771536568
1703,0.0007425135232975,0.000358350761729,0.0268987752177633,0.0037680953875499,0.0112803912095299,0.0028672345721686,0.000619612469498,0.0004240649908206,0.0070305241554322,0.0015523183423998
1704,0.000725121478772,0.0002745110505673,0.2857898942929331,0.0055016756718979,0.2831509690436247,0.0039331157877968,0.0016030085596434,0.0003699808600545,0.130942399841503,0.0037014550120878
1705,0.0007495470017546,0.0002706042394399,0.0380248002248099,0.0054363656315747,0.0351386399695408,0.0030899504801807,0.0009760133094163,0.0003496078212176,0.0122669345398164,0.0015349772973535
1706,0.0007295798121486,0.000289976029492,0.3402897337095117,0.005506354409216,0.3377784609327031,0.0038608623963513,0.0017851614826284,0.000391401863554,0.1712978723086355,0.0039745058598674
1707,0.0007433915669836,0.0002775809998503,0.0526681953423819,0.0056307465900687,0.0502362225622481,0.0035650057617307,0.0010301606801843,0.0003608223202842,0.0146279439649707,0.0017725139567368
1708,0.0007720386057251,0.0002041760310519,0.0292220009661733,0.0048882730214747,0.0185521542167287,0.0020035483718246,0.0008737702148962,0.0002554484019443,0.0075528914048441,0.0011288679510415
1709,0.0007434178927642,0.0002704961666844,0.0713562663594122,0.0058146815143649,0.0688769222144639,0.0039980718872306,0.0010762494217069,0.0003541839223571,0.0198171353189489,0.0020039658845444
1710,0.5175203317765683,0.0410582547013036,6.820808418518027e-05,3.675953168759341e-06,0.1454108191795055,0.0046039128347893,0.0001140868763218,2.439096158186909e-05,0.0002511538569659,9.710355708664389e-05
1711,0.0007516539424544,0.0002604274884203,0.0427189433538934,0.0055714187566231,0.039720339398763,0.0032383892543337,0.0009855049707171,0.0003344867998343,0.0139219656300502,0.0016380158176661
1712,0.0007859466464292,0.0002851624436342,0.6777408313455925,0.0053790796596187,0.6740255209265681,0.0036043264679275,0.0022955837406095,0.0003888091173684,0.3564383878630211,0.0043961895195901
1713,0.0015802895387505,0.0002792408630439,4.400077349863171,0.0053558941453199,4.390564329475319,0.0033910696924731,0.0041600160997085,0.0003839522289038,1.8034440899309028,0.0042999414475325
1714,0.0007643661885171,0.0002501533017336,0.0351543179300455,0.0054139079613005,0.0320161975681137,0.0028014825438968,0.0009838540787585,0.0003208508885484,0.0116517406624939,0.0015607993086979
1715,0.0007179359785664,0.0002802100986951,0.3678276490205705,0.0054517033211492,0.3651202505739249,0.0038057477112927,0.0018325403954899,0.0003802596388992,0.1884686028734167,0.0040448918978582
1716,0.0007483546758006,0.0002790072285435,0.1092885289394528,0.0057598727778136,0.1064061147770526,0.0040648673888793,0.0011832954380119,0.0003672961191478,0.0317745573313587,0.002402377287169
1717,0.0007588868408746,0.0002547398528511,0.0331649923989473,0.0053348619613766,0.0305659218994348,0.0028492486123486,0.0009564833383094,0.0003270846027055,0.0109898481317681,0.0014743711689484
1718,0.5042530742117362,0.0399323809921075,7.887213577084274e-05,4.2489457910998845e-06,0.1554241246096855,0.0046287516650948,0.0001065962814022,2.188403499023599e-05,0.0001947728785609,8.583588758545114e-05
1719,0.0021304994500901,0.0002834441711713,7.3730799077143185,0.0054934518721217,7.320285989017027,0.0035581512684301,0.0054450297653914,0.0003826739090931,2.749959655577719,0.0049759893313763
1720,0.0007563055688047,0.0002923471581587,0.0973662731196461,0.0057455450359803,0.0945629175473599,0.0040376191590993,0.0011701137052368,0.0003854379035868,0.0277621558933218,0.0023475745944029
1721,0.0007366805371831,0.0002830207953511,0.2315690233586667,0.0055482186426723,0.2289388439549415,0.0039587553277305,0.0015394962392337,0.0003793615314412,0.1039667125377027,0.0034906723477267
1722,0.0007374822947304,0.000279505265637,0.0852090946975192,0.0057134675991732,0.0824301790938819,0.0040383214967394,0.0011521870489427,0.0003683964560164,0.0253177803524243,0.0022675341650318
1723,0.0364550870477672,0.0030295825723875,0.2376463783491133,0.0846008255896574,0.1082053547427648,0.0431272364836181,0.0300101931548158,0.0026723647216521,0.1901839756278346,0.0817813201955135
1724,0.0007590430645506,0.0002251196137916,0.0271930799655075,0.0035718209585863,0.0108205208779402,0.0027130512972748,0.0005869038567827,0.0002756284925673,0.0080756435152657,0.0017177241290696
1725,0.5175315390169346,0.0366258592196375,5.904192690345132e-05,3.527674413008527e-06,0.1447805939301001,0.0071873094943929,0.0001140521578295,2.8939722570989677e-05,0.0002916994402118,0.0001191590568201
1726,0.0015915641045575,0.0002764495853133,4.157345404633521,0.0053309001481291,4.147408727141838,0.0033760940929986,0.0041897959672583,0.0003787498796482,1.722152328967022,0.0042904149637693
1727,0.0424897136074985,0.0033185944153318,0.1926506762485015,0.0535191392269198,0.1118978942864098,0.0501224281892718,0.025448623312658,0.0030676849430956,0.1167582534093972,0.0523709260985796
1728,0.0013065990208765,0.0002809987759303,2.2375355531043444,0.005344296507405,2.2331995548241483,0.0034251013071859,0.003521379383397,0.000387814374607,1.0187707764401364,0.0043299977855355
1729,0.0008573444697748,0.0002826289325232,0.921372508366002,0.0053748122967162,0.9172938279259508,0.0035991125631949,0.0024635469927614,0.0003867581900243,0.4734225822756167,0.0045949631775133
1730,0.0008525640071345,0.0002820103425806,0.7966756271399041,0.0053671839400775,0.7929152948578208,0.0036108253077593,0.0024480259087621,0.0003855718795718,0.4086576549002928,0.0044314558765377
1731,0.0007639978690265,0.0002566548006826,0.0279930635411475,0.0052408204265537,0.0228962715467914,0.0026644372018115,0.0009804806052077,0.0003288677237132,0.0084542050042849,0.0014862958668879
1732,0.0007925030374969,0.0001137523658336,0.0283413979863823,0.0038054547913343,0.0090497135978249,0.0014797571343231,0.0007286107877297,0.0001414320669541,0.0075112901601222,0.000968809146998
1733,0.0007204225260704,0.0002805640832351,0.4150087227789225,0.0054268749654983,0.4119678684489974,0.003704361043412,0.0019379713022632,0.0003817944944335,0.2097278672060683,0.0040268974139942
1734,0.0007397893436409,0.0002556355737961,0.0439172744594376,0.005592133118571,0.0416557813388857,0.0032143614030233,0.0010209078095544,0.0003291784603708,0.0130224831547599,0.0016917794717956
1735,0.0007415246807921,0.0002847295821396,0.0632050190097923,0.0055408759923978,0.0604008685469333,0.0036866473482629,0.0011186029389684,0.0003749613836914,0.0177840023023951,0.0020527026703161
1736,0.0007309787996296,0.0002868658962973,0.1260768548001746,0.0056703717169141,0.1229620093554815,0.0040384770058855,0.0012458083107711,0.0003809580302522,0.0380879842237008,0.002563100364363
1737,0.5371945919546675,0.0345637658973458,5.478007159560716e-05,3.02485491552877e-06,0.1404792161046892,0.0065179523584218,0.0001078675406321,3.96448292399396e-05,0.0002338220920212,0.0001201836233422
1738,0.0017380999311337,0.0002829862052655,4.72953943265088,0.0053576774097656,4.7166406692431,0.0033834202107923,0.0045415557071875,0.0003846621330643,1.9406129577040117,0.0043008972141005
1739,0.0007560660746284,0.0002530303866659,0.0442793765366582,0.005678142933738,0.0421962851549083,0.0032603343637368,0.0010065843019109,0.0003258314081098,0.013308146073611,0.0016970451673112
1740,0.5411166303632592,0.0347136585406681,4.732451461318111e-05,2.765340799835348e-06,0.1364880332707828,0.0072102397188981,0.0001058045802712,3.913841167010045e-05,0.0002688005355294,0.0001266845334068
1741,0.0007853861052262,0.0001350993572176,0.0291096806860989,0.0034354746040249,0.0074079177424408,0.0016175082092613,0.0006747169294622,0.0001693366087357,0.0077434533850744,0.0011401493037756
1742,0.4359625922339432,0.0527227157593299,0.0001454766498368,7.393013936719111e-06,0.2008195521297039,0.00446308581039,5.741530499874256e-05,2.0498977419048936e-05,0.000253589887375,7.56660053454718e-05
1743,0.000843330443409,0.0005273923525184,0.0261033318120208,0.0037230030273875,0.0116210133538186,0.0033515371759426,0.0008216757095336,0.0006019275309974,0.0072399055431199,0.0018800283070949
1744,0.1866834928619099,0.0087619262944273,0.2816768877962625,0.0106024675245575,0.1865920310841948,0.0977143515167374,0.0107667578560586,0.0037648026859815,0.2511701117944767,0.0105830866709286
1745,0.000755849959052,0.0002492233622774,0.0282848993435002,0.005246041644242,0.0234249692029306,0.0026731224728973,0.000992088978117,0.0003195662130265,0.0087546772707232,0.0015135877347555
1746,0.000745275900657,0.0002791566278562,0.0534577560264905,0.0057012344299617,0.0508657911026466,0.0035584804779142,0.0010551815358324,0.0003628629087395,0.0158343429804859,0.0018575715791862
1747,0.0007556642684692,0.0002914034713997,0.0375118378325597,0.0053536015127191,0.0351330215342791,0.0031284908430786,0.0010072406157504,0.0003798778874926,0.0107432307550137,0.0015764488845043
1748,0.0007288131457585,0.0002877634339511,0.504828492521953,0.005423092428627,0.5017463054394636,0.0036913249410252,0.0021136781997849,0.0003916139307904,0.26563213627798,0.0042526730410972
1749,0.5073608292468609,0.036851157262519,7.572995939137989e-05,4.168538776252868e-06,0.152303276198353,0.00533888633542,0.000104346146775,2.6277785100536712e-05,0.0001929640395328,9.368632876984228e-05
1750,0.000766561547345,0.0002814262319245,0.0490723137834282,0.005750231371774,0.0465670717213175,0.0035827764378324,0.0010641780795984,0.0003658647190108,0.0152431269858131,0.0019527455282654
1751,0.0007280927670264,0.0002858477081191,0.134067891591384,0.0056771444581887,0.131101654043225,0.0040690422496216,0.0012504663192541,0.0003807179951339,0.042318837882216,0.0026348813265886
1752,0.4401523702432212,0.0501580124545678,0.0001236251810235,6.884243592685732e-06,0.1793561613374826,0.0041525416923599,6.40804532195927e-05,1.803803504168513e-05,0.0002226116595724,6.75032477602109e-05
1753,0.0007477719107387,0.0002394695280595,0.0414926816254516,0.0056796238285917,0.0387522194859272,0.0032404754775189,0.0009401783802562,0.0003068458982012,0.0132836179210375,0.001542227651339
1754,0.0015664046240186,0.0002767562188604,3.942902914546964,0.0053354113243222,3.933804731852352,0.0033754872586536,0.0041346767564511,0.0003796573098919,1.65508147804546,0.0042546838255655
1755,0.2053680333207884,0.0063871260849831,0.2396113396938669,0.016662702498249,0.126721592743207,0.0408715810877987,0.0132428122241219,0.0042532240935653,0.1481049432351235,0.016624168371808
1756,0.0007411459606585,0.0002762934339112,0.1255166879798638,0.0057716907394098,0.1225661283218918,0.0041556745826735,0.0012319022387515,0.0003653608847083,0.0386915947209604,0.0025810991234245
1757,0.0438266914794459,0.0038846965147518,0.1438874572521852,0.0387339537939619,0.1064425368340526,0.0510751717544305,0.020300172486192,0.0033373287019735,0.1005505312453932,0.0383915410579999
1758,0.4567041195930517,0.0468847421555026,0.0001056796187542,5.867904959418961e-06,0.1654868500227285,0.0033871109293966,7.785954156932498e-05,1.4599829036256218e-05,0.0002362313459045,7.577683430627789e-05
1759,0.0007831395796093,0.0001546009993714,0.028145597313076,0.0042274784334254,0.0104801684054074,0.0016062069409749,0.0007943692307142,0.0001906956924879,0.0072818251620989,0.0009081172281531
1760,0.0014250835455208,0.0002874459637568,3.052186872320197,0.0053153055810116,3.0428423916993603,0.0034209311446346,0.0037944019020329,0.000394905914541,1.3265903179866143,0.0043597578065587
1761,0.3886308613091361,0.0709389295108493,0.0002339382509801,1.1258147694881917e-05,0.2629048812404889,0.003445109758306,4.268453227081691e-05,1.7192610237141198e-05,0.00026574578893,6.578209675146247e-05
1762,0.0007663429191481,0.0002257991480134,0.0285044426364923,0.0049047254431043,0.0214825642382526,0.0020878002814414,0.0008675081777239,0.0002849152387366,0.0085818859441778,0.001140980098528
1763,0.0007412181625501,0.0002851591662272,0.2338827269350217,0.0055582127242692,0.2309231059108439,0.0039917187441442,0.0014554489730697,0.000382678179768,0.0953003449846436,0.0033715331783349
1764,0.0007384118965372,0.0002864709365338,0.1088395970391827,0.0056892033366813,0.105879176653386,0.0040309320767205,0.0012012108354222,0.0003784011489079,0.0316083953035953,0.0024152986080231
1765,0.0007243885696631,0.0002862059575405,0.32342547861643,0.0054387920457383,0.3205655710092842,0.0038271176924564,0.0016863119812196,0.0003863396732862,0.1518493746513085,0.0037792603906462
1766,0.2194460549685171,0.01297502317917,0.0094726445915343,0.0011946761140765,0.2756883798635821,0.0050419636176856,0.0021355321618781,0.0002351951785822,0.0094098497041216,0.0011906866333751
1767,0.0013230518754461,0.0008808510521477,0.0269719206731709,0.0062024698580581,0.0180196701411214,0.0053404658340785,0.0012726676913483,0.0009374318202187,0.0099241632914719,0.0030230212295152
1768,0.512032030926271,0.0376684793273584,6.118265340171411e-05,3.7204356430101e-06,0.14387271544078,0.0052495376591644,0.0001082308600807,2.3963602570764435e-05,0.000236047366445,9.93315794513796e-05
1769,0.0007510747819615,0.0002709867658302,0.0574174802823289,0.0056079411765065,0.054673123014909,0.0035185200402085,0.0010750295730904,0.0003528304816348,0.0163762752253989,0.0019027156803201
1770,0.0007514969094363,0.0002547666901132,0.0443602496950934,0.0054416945762808,0.0420390883804137,0.0031048483658659,0.0010125921639137,0.0003288858301473,0.0125387108522088,0.0016261806512124
1771,0.0011001429235319,0.0002807460214551,1.3286868987557905,0.0052978613888205,1.3239282107794037,0.0034583194261569,0.003038191975357,0.0003856114486302,0.6489171415304968,0.0043838168202616
1772,0.0035941899805875,0.0007767293391785,0.3151197813033827,0.1501419459885107,0.160912238024603,0.0368946506369085,0.0068259493876821,0.000897372518041,0.2394451951646281,0.0751514464422664
1773,0.0007997449014781,0.0001033062218551,0.0279541430840512,0.0043250058831797,0.0119307963303379,0.0019901907386452,0.0008145867838825,0.0001280113566954,0.0074276763399267,0.0011004773881448
1774,0.0007857002472273,0.0001473907817529,0.0297130176972803,0.0034277026448214,0.0069267551445845,0.0016270920094989,0.0006694319107728,0.0001854685358284,0.00791651669084,0.0011522123904393
1775,0.0008492947987077,0.0006001963658485,0.0262999058033476,0.0050386192765045,0.0183821613513872,0.0049523939443424,0.0009598453489358,0.0006793177085475,0.0093363934079368,0.0028611106648546
1776,0.000748655312381,0.0002923122547446,0.1049437619850745,0.0058736850588227,0.1021522042609642,0.0043587908986446,0.001137457543522,0.0003856543387981,0.0292166245950388,0.002312074358321
1777,0.0007545776480528,0.0003548886551075,0.0272656179663126,0.0035660493480839,0.0102065470508379,0.0027018910492081,0.0006097621326841,0.0004181265149521,0.0069879932075744,0.0014821261615604
1778,0.0007334196651166,0.0002831298836562,0.4221268915540995,0.0054390749457762,0.4192787947539287,0.003798118884786,0.0018648213318332,0.0003843151332351,0.2108208067009788,0.0041302207560544
1779,0.4764843156650155,0.0421909244843053,9.980999534250332e-05,5.370450622348459e-06,0.1641951497232694,0.0048862071961099,8.801976838945802e-05,1.970428755988131e-05,0.0002190040861005,8.497990940421425e-05
1780,0.0012521568539542,0.0007944369849611,0.142923995767795,0.0433894887365175,0.0406968686912445,0.0075829737610688,0.0016194064273237,0.0008753460197362,0.0469038939750387,0.0081793560737543
1781,0.0007467286222959,0.0002942441017963,0.1589643089946698,0.0056753842458753,0.1562542074384645,0.004206458104352,0.0013366550085896,0.0003923414981807,0.0627539166371284,0.0030372199277774
1782,0.0505995698143679,0.0035717626194396,0.1480965577038938,0.0697850053448964,0.1114715852977638,0.0454934468854433,0.0304194826709917,0.0033493831419843,0.1404466673299199,0.0679610334229576
1783,0.0007540628236831,0.0002911031693067,0.1068080364375301,0.0059370797917305,0.1040273620033894,0.0044772515292969,0.0011213559281157,0.0003836407335031,0.0290299657370861,0.0022867047292536
1784,0.0007355576732818,0.00027076170349,0.0639904809225633,0.005638733969218,0.0614160053348279,0.0037390813018314,0.0011244281934564,0.0003542741301658,0.0191116796456627,0.0020946455926233
1785,0.0007304864998762,0.000289290502451,0.4313765463371589,0.0054303331403015,0.4287638999237422,0.0038729371719603,0.0018508481602187,0.0003912074696541,0.2148228369424659,0.0042008417465916
1786,0.0007450738288099,0.0002738417516055,0.0439593079000396,0.0054866824668935,0.0415990328051208,0.0032681724716892,0.0010139171840962,0.0003554910058831,0.0128546117683007,0.0016565929740019
1787,0.0007672117639035,0.0002703189864624,0.0383942299023442,0.0055160900181956,0.0363535163170989,0.0031714694034287,0.0009876907677134,0.0003498061775961,0.0118020864679099,0.0015855007003483
1788,0.0007907666808124,0.0001581880646431,0.0280459647890703,0.0033584985763257,0.0081888746903231,0.0018213262418097,0.0006475080479136,0.000196056266014,0.0075318853894493,0.0013002293789074
1789,0.0007510952424524,0.0002881987676655,0.0262198121462124,0.0035052574937295,0.0111206904521777,0.002512474383789,0.0005530651198833,0.0003479864710496,0.0068192518049317,0.001467681017723
1790,0.0010472043579599,0.0002905269701901,1.263163225936513,0.0053689876973357,1.25825008560971,0.0035174242711096,0.0029140765966764,0.0004001001340388,0.616553916235442,0.0044332836697317
1791,0.5132172696159661,0.0385459498601622,6.421506761494917e-05,3.7902481065153615e-06,0.1471985643094726,0.0051503068192316,0.0001140786665034,2.4893986464568177e-05,0.000265727416552,0.0001041928280919
1792,0.0007327494577888,0.000292061691841,0.4734778828588751,0.0053810297100657,0.4704123952995424,0.0037609323248682,0.0019639551724475,0.0003963000517995,0.2387540593406616,0.0041539183002736
1793,0.0007536747163299,0.0002639696948767,0.0609726969489578,0.0058920900440853,0.0585335843441033,0.0037497049414251,0.00104625083247,0.0003420465274656,0.0178434346112994,0.0019249161367668
1794,0.4205010134726605,0.0585148187818859,0.0001688880222148,8.409122132074113e-06,0.22964895121508,0.0031486496652416,4.614925529934922e-05,1.3241010005045514e-05,0.0002789294076037,7.143534683077869e-05
1795,0.0007825133896365,0.0001757175583012,0.02881355735092,0.0033606146496416,0.0085538769788106,0.0020543952354602,0.0006433950658908,0.0002168053961507,0.0075902170026435,0.001338319850683
1796,0.0007774962937981,0.0001125734318643,0.0292634808875125,0.0041792767221922,0.0125792795690888,0.0018952286995936,0.0007622951232183,0.0001393515787229,0.0076199816337943,0.0011169192632349
1797,0.0007395148175155,0.0002817712004923,0.0829418071285952,0.0056982729148303,0.0801029178350911,0.0039369026124444,0.0011601075270318,0.0003712701954324,0.0251366380318861,0.0022677590059319
1798,0.0007368280746496,0.0002881641546565,0.1419839735138626,0.0059099470521009,0.1391842369923755,0.0045129555875685,0.0012068650998092,0.0003827458549912,0.043133644605174,0.0026551462055557
1799,0.0008491468446592,0.0005700219176045,0.0236716086436506,0.003856599396852,0.0148993753389609,0.0035035198199245,0.0009403419010174,0.0006453846399777,0.0077891983465021,0.0019656792000035
1800,0.0007477762688676,0.0002744500845687,0.0689716340505805,0.005867117213371,0.066418351222749,0.0038915036836502,0.0010906226668658,0.0003561278216216,0.0202920846327218,0.0020355213954076
1801,0.0176282370744862,0.0019565806133613,0.1510212722770926,0.0663739416609147,0.0677414520761896,0.0284614121196545,0.0193981185770844,0.0019516622473811,0.1388789037693579,0.063131677202068
1802,0.0007364993923439,0.0002909944418821,0.1639498663718479,0.0057340180394849,0.1610470894157113,0.0042608169158989,0.0012898580923356,0.0003873095919659,0.0537983831450588,0.0028507959077907
1803,0.0007389097530882,0.0002845889649008,0.362104162852822,0.0054635913942986,0.3594593628965987,0.003827514940175,0.0017942617249921,0.0003841623019961,0.1792474391476303,0.004003022458615
1804,0.0007241257029815,0.0002858242887754,0.4304964879201907,0.0055101809790588,0.428125513993711,0.0039757550815684,0.0017942936895637,0.0003865172733905,0.2100880219934154,0.0042759517896523
1805,0.4171901320575674,0.0547229935349805,0.0001508158648263,8.195016367874988e-06,0.2166623683226198,0.0039314517090721,4.8378112865858176e-05,1.5634824667130763e-05,0.0002754751210393,7.435195190106811e-05
1806,0.5495771448578218,0.0338631073494463,4.453397149971154e-05,2.4831426185288817e-06,0.1330456165830694,0.0081248994744317,0.0001123568098507,4.952183889290562e-05,0.0003289870889552,0.0001434350496272
1807,0.00072720113427,0.0002914082015362,0.3348841956651261,0.0054560645014112,0.3321613877848506,0.003850729252946,0.0017514522356367,0.0003935780645575,0.1632249606650331,0.0038902988841414
1808,0.5301888865100118,0.0374911386128288,6.0000772222103606e-05,3.258186663799453e-06,0.1431932140360741,0.0047854772185587,0.0001129140739708,3.0831384690130896e-05,0.0001739168514245,9.622806982021898e-05
1809,0.0007829077455813,0.000175241372635,0.0281626525287809,0.0047314564312783,0.0171095216360839,0.001865145182932,0.0008377947415619,0.0002164911538327,0.007324894746696,0.0011054271225636
1810,0.0007741542426727,0.0002118051359733,0.027964626044657,0.0051936467739464,0.0266436269223264,0.0023795520507059,0.0008833731513365,0.0002667878472821,0.0096753835388598,0.0012409068898049
1811,0.0008001548310438,0.0005141853086042,0.082406595183187,0.0210116404612341,0.0229366537827722,0.0055172361340948,0.0008845874864847,0.0005933510640037,0.0244421739120541,0.0043832954238917
1812,0.0008082296372895,0.0001496618530953,0.0280406037545018,0.0039482971422121,0.0120233363516011,0.002078507844433,0.0006922791755977,0.0001861792991533,0.0074657736741409,0.001266949814429
1813,0.0007290460143064,0.000288362185443,0.3748700461329866,0.0054829668701903,0.3720782735041794,0.0038404470582428,0.0017671185517399,0.0003899961830486,0.183946948548607,0.00403239739122
1814,0.1863809798448083,0.0075689525475305,0.1836786303673328,0.0117427341774181,0.1988664288391584,0.0998612309942316,0.01398386432177,0.0037446034576992,0.1673171009282707,0.0117142140966662
1815,0.0007540693234428,0.0002412316675058,0.0289424384921147,0.0048039761453976,0.014666036617422,0.0020987064942001,0.0009143155654213,0.0003070803673094,0.0075433631218395,0.0011201650572661
1816,0.0166724089190105,0.001973775806896,0.1935253990910858,0.0527544902793545,0.0874661874407856,0.0331661986163308,0.0175313180365759,0.0019323303432425,0.1168036246763894,0.0512631743174315
1817,0.0007869151929155,0.0001810252344984,0.0290402346032392,0.0034791653005369,0.0099385087470656,0.0019985548636687,0.0006836171711275,0.0002253933697176,0.0076440776616734,0.0011454001859714
1818,0.0007569619516946,0.0002579027916054,0.0336495240181557,0.0053418223406324,0.031226942554453,0.0029655027152491,0.0009288896762201,0.0003307430819491,0.0110341798243054,0.0013848205646819
1819,0.0007311330541804,0.0004716374942541,0.0276914930020289,0.0038795152837982,0.0130678591314592,0.0034323471870219,0.0007779924792027,0.0005467335174103,0.0082144748723126,0.0020629486533132
1820,0.000774937776149,0.0002006529105255,0.0333268482127998,0.0056278500938152,0.0313074995545954,0.00272554932876,0.0009093803040528,0.0002517430051568,0.011442857369181,0.0014910739368453
1821,0.0007780257712847,0.000168940439132,0.0289746065308052,0.0041504069417432,0.0079414105903195,0.0012818871177293,0.0008235875612294,0.0002095934076456,0.0074709808100554,0.0008083389015549
1822,0.0007825543936856,0.0002373331738176,0.0286029030781657,0.0037181290620361,0.0134723653843074,0.0029637882014158,0.0007629433959152,0.0002912530288107,0.0081936956308012,0.0019725380454742
1823,0.0008300374261615,0.000284371592395,0.7022317903356351,0.0053584543042203,0.6985695297998689,0.0036118597874937,0.0023944476842448,0.0003880395812469,0.3621029222942832,0.0043301083114768
1824,0.4275333071518868,0.0523335202017188,0.0001546294119768,8.022044822579107e-06,0.2148511626608549,0.0039968643466071,5.102361583324489e-05,1.4424742199024183e-05,0.0002693704936083,7.344685440435455e-05
1825,0.0007856060444459,0.0001177666888151,0.0290153415407993,0.0037792209721275,0.0072366863692371,0.0010745228660874,0.0007486175657857,0.0001448796450639,0.0074869911385779,0.0007747250035726
1826,0.4297314795256664,0.0580833750749655,0.0001548420108348,7.851620418718013e-06,0.2135673054886855,0.0030583171380925,5.11882175252706e-05,1.4166005316377012e-05,0.0002551047765123,6.538052454773367e-05
1827,0.0007359114605443,0.0002668907274256,0.0588077767633234,0.0056426225827337,0.056189455348853,0.0037107824773409,0.0010672288312543,0.0003489003107346,0.0167039810664737,0.0018875516045366
1828,0.0012850313351848,0.0008425278831667,0.041382481334335,0.007463131900075,0.0187936257721353,0.005216010427579,0.0011990166891293,0.0008850997212744,0.0128277887275565,0.0030718685389459
1829,0.0007343525398093,0.0002946951780215,0.4727757924536607,0.0053912286966742,0.4699221198535064,0.0038203641675043,0.0019007147437837,0.000398592922856,0.2390548309570457,0.0042696539196531
1830,0.0007378980220386,0.0002787561245119,0.0761698992103179,0.0058378233893951,0.0736507714494898,0.0041480863302389,0.0010703779144363,0.0003661386746483,0.020490083469614,0.0020034181122063
1831,0.0016219264605765,0.0002721077176839,4.412474456216513,0.0053985112979506,4.403602863787963,0.0033887842539977,0.0042570049591824,0.0003731952609362,1.8217759885528209,0.0042957022394051
1832,0.0011798014131903,0.0002814601843194,1.624766343999444,0.005320944327549,1.6200683020730955,0.0034733310527612,0.0032209517074686,0.0003878274956644,0.7702483950998664,0.0044101532954244
1833,0.0286825189809261,0.0026339956280101,0.2383314236806925,0.0746591492054353,0.1021239812648386,0.0388525872037251,0.0248537315903886,0.0021861824636302,0.1821264180503946,0.0721682409902113
1834,0.1405272400765234,0.0075682713917105,0.1531808627400036,0.0143331857132204,0.1492872021952098,0.0734522052062919,0.0126184707352788,0.0042887193236224,0.1300016994198895,0.0143091844710918
1835,0.4290745176397316,0.0505847732022576,0.0001367097920976,7.766058829839236e-06,0.2020469213397585,0.0034261451491451,5.597227211997758e-05,1.4198744049817523e-05,0.0002731998923899,7.763140539703966e-05
1836,0.0007729767274324,0.000176922807127,0.0290917217007726,0.0040105355697276,0.0124711487064754,0.0011694460600752,0.0008192155876188,0.0002198842620163,0.0076703440723514,0.0007037660813596
1837,0.4905585270470077,0.0420472728334448,8.1261708200066e-05,4.630818076807752e-06,0.1583889913500505,0.0038656722651455,0.00010185361262,1.7874384290025358e-05,0.0002516287001607,8.670242867279756e-05
1838,0.0007448262975174,0.0002583170443456,0.0302083889274901,0.0053278309818549,0.0277079389823466,0.0028861999333173,0.0010250127522776,0.0003339878687547,0.009703942152646,0.0016250230446907
1839,0.0007842479899053,9.59169513748038e-05,0.0291577099188299,0.0040165007809449,0.0106467098858379,0.0015595116384746,0.0007714837739114,0.0001195375363082,0.0076922332126478,0.0009445037896844
1840,0.0007733080118296,0.0001531653615522,0.0272534666424023,0.003317849871873,0.0075919885497861,0.0016568755715231,0.0006811627302597,0.0001920335669011,0.0073314850422991,0.0010973932140324
1841,0.0016216000618936,0.0002775608922748,4.768017715613433,0.0053797289291189,4.759248126616445,0.0033905820376539,0.0042592212348837,0.000382211463056,1.9292826733658712,0.0042728061649687
1842,0.4727055255967613,0.0411313325748256,8.94375310879084e-05,5.372685741443545e-06,0.1638393691530515,0.0042887104546325,8.992514512449569e-05,1.567016409564418e-05,0.0002389005040543,8.557712337899425e-05
1843,0.4931958053791812,0.0429073047683613,8.831575525345412e-05,4.74600472658568e-06,0.1613409844639868,0.0040704000036508,9.809742840416131e-05,1.7880438898989175e-05,0.0002286972375652,8.678163059771277e-05
1844,0.0008013029734605,0.0001216339858332,0.0273779843433193,0.0035489977182815,0.0052954533174058,0.0013408289507364,0.0007340888645236,0.0001525948208737,0.0073190695211592,0.0009043915682148
1845,0.0007440352854415,0.0004718298539695,0.0236787304344267,0.0036020568404019,0.0136181117663866,0.0032378300718155,0.0008087965320732,0.0005436463704966,0.0062148004640029,0.0017856401748031
1846,0.0013845281905038,0.0002839502541282,2.7934798878375187,0.0052917633880112,2.785594937520992,0.003426577820539,0.0036981666166573,0.0003904865622112,1.2383676270339858,0.0043613351775215
1847,0.00140782752574,0.0002777549022274,2.950790624621916,0.0053459612166158,2.941930626772268,0.0034170474140731,0.0037535984315345,0.0003834318097366,1.2973091334537636,0.0043807658558519
1848,0.0007583725918389,0.0002741865242421,0.0366584116025153,0.0054081404870384,0.0341344192411882,0.0032386238659605,0.0010375673396382,0.0003569303953118,0.010675081112211,0.001729977365632
1849,0.0014540926419818,0.00027944821793,3.087531436561564,0.0053135789884428,3.0775321124946338,0.0033965123333159,0.003862959142017,0.0003837415612851,1.347078958318198,0.0043355965649156
1850,0.0029577123140231,0.0024116836755863,0.2486964134053418,0.0922162153286951,0.1090465946926613,0.0274389376376191,0.0026160554660838,0.001777486676822,0.1736548362426425,0.0378258820244763
1851,0.0007620835288831,0.0002044416778058,0.0267536764701838,0.0033475219920829,0.0083914625672845,0.0019336951245259,0.0006457988882474,0.0002500744647814,0.0069582840685333,0.0012442161848341
1852,0.0007898399929512,0.0001222707350325,0.0289336168346189,0.0034041668612229,0.0065892759658146,0.0014762666497316,0.000662744998188,0.0001527177023938,0.0076967357430768,0.0011443786173353
1853,0.0071773419351862,0.0013846785808373,0.2770638967877553,0.0667804475710943,0.1348907951576919,0.0277008392212896,0.0099907932154915,0.0014020504609912,0.1808884045087043,0.0617958444261088
1854,0.0007711794865262,0.0001320163468105,0.02941951344647,0.0036575912304227,0.0079876151505022,0.0016111410971902,0.0007215983302865,0.0001654553889732,0.0076116686402276,0.0009788719003933
1855,0.0007884718312469,0.0002224390771534,0.0280720576854501,0.0045503099122937,0.0130593364145562,0.0016168981202486,0.0009016908633577,0.0002803680639481,0.0072887766722976,0.0009323096950807
1856,0.5236933182168805,0.0362689991442207,6.382129562653826e-05,3.449482662937492e-06,0.1435397394661618,0.0062520602793606,0.0001113179845702,3.031300826569456e-05,0.0002113613244281,0.0001062253964735
1857,0.3982925935218582,0.0647900495759637,0.000211190376666,1.0495853625220531e-05,0.256057071433188,0.0035390909420151,4.363407889720425e-05,1.334349738364882e-05,0.0002488910295616,5.780045927868888e-05
1858,0.0007450376474292,0.0002704423746728,0.0717490169877491,0.0057549444228154,0.0690944759051269,0.003966611177848,0.0011039141783988,0.0003544950963077,0.0206439834052623,0.0020889072933372
1859,0.0235277327661657,0.0024456876228906,0.2271827123073526,0.0562206992746557,0.1169100066993357,0.0299434905870108,0.0214976868608369,0.0025126540697618,0.1606734832967766,0.0543018083275536
1860,0.0007463506723347,0.0002674309462075,0.0859898764446151,0.0059195971193215,0.0832273074207261,0.0040736489478733,0.0011134427459925,0.0003497522893928,0.0233601234443506,0.0021349897814954
1861,0.5237678548081991,0.0345465693036153,6.051820696501224e-05,3.4610205557659385e-06,0.1454865489314509,0.0056350853201757,0.0001138083865054,2.7817178518283114e-05,0.0002102010883363,0.0001011294486991
1862,0.0011300297900102,0.0002835443598883,1.5035269257334962,0.0053171015575516,1.4985247561191857,0.0034698758478943,0.0031124559871951,0.000391345398728,0.7156101767194049,0.0043574261568254
1863,0.0007489975274718,0.0002519738430341,0.0556979329451338,0.0057282334978766,0.0531976781488896,0.0035117911168458,0.0010471643059017,0.0003259071082127,0.0165097884435854,0.001849940457371
1864,0.0016313424446535,0.0002784772338904,5.07285632676731,0.0053186645135379,5.063296385769947,0.0033829124978126,0.004283196720012,0.0003823633676777,2.029450719519399,0.0042702622594638
1865,0.0008051933844829,0.0002866822566853,0.7426076316583005,0.0053866961039831,0.7388744596802334,0.0036363072548212,0.0023391800585079,0.0003918220185094,0.3818015365310042,0.0044485608688849
1866,0.0007934897042428,0.0002178470605951,0.0285528728523976,0.0043066492088675,0.0138741241268194,0.0015776340517658,0.0007955054053462,0.000272933673185,0.0075708223616844,0.0009958217363413
1867,0.000789687308878,0.0001098763519322,0.0291180869035586,0.0039770928360205,0.0103223513783214,0.0014812258513099,0.0007487498222037,0.0001352492471774,0.0077002843730201,0.0010090374286207
1868,0.0007630744196938,0.0002630240009353,0.0334895318602531,0.0053702002711677,0.0309575684044552,0.0029973995544887,0.0009427767471983,0.0003382458629852,0.0111346285077008,0.0014460846575801
1869,0.0007447780456361,0.0002805074717393,0.079217190010151,0.0056386885466752,0.0764155791344004,0.0039332445029776,0.0011381610160044,0.0003714147797626,0.0224583369699487,0.0022097259354594
1870,0.0007525140734155,0.0002174353794802,0.027183710522962,0.0045537998864517,0.0131324134122031,0.003548694357617,0.0004514183654478,0.0002670518863271,0.0075319107977416,0.0020326592633096
1871,0.0012587393445623,0.000275264947702,2.202627017749294,0.0053729334429925,2.1977450097675613,0.0034492421803133,0.0034047893944675,0.0003809211254066,1.0158744970178366,0.0044516555742366
1872,0.0026213880456456,0.0021416378930396,0.3266391042124429,0.0852827089404059,0.1170878615274291,0.0225347636970166,0.0023998615621357,0.0016845492885674,0.2015337541117972,0.0360746006060414
1873,0.4576966146203674,0.0467752541432914,0.0001072199557676,5.965999351374681e-06,0.1668812773680681,0.0033532592474964,7.89317522144593e-05,1.4676275049300032e-05,0.0002259227219948,7.1690005929055e-05
1874,0.1118141500429554,0.0053108454672119,0.1972998491801075,0.0780366995592682,0.1620179856961754,0.0780362867838519,0.041843283628155,0.0052041833868983,0.1611769958234369,0.0773050919164968
1875,0.0007841385273118,0.0002110841066312,0.0283876655763749,0.0049318956431968,0.0187064243819559,0.0020897323736641,0.0008881041531964,0.0002656836118475,0.0076169053739539,0.0011457644632479
1876,0.0007611721993058,0.0002701866967057,0.0279125180462106,0.0051121817679046,0.0204718229277026,0.0026445384427598,0.0009642924774854,0.0003492722187045,0.0083438053932848,0.0013759290776337
1877,0.0010065544905826,0.0002818730253354,1.2590499989167951,0.005342654186809,1.254279871803846,0.0035297977527017,0.002813351039507,0.000387122817382,0.6247180154517791,0.0045607600049541
1878,0.0016715271536067,0.0002775457691311,4.735640152105469,0.0053569362663492,4.725394966824506,0.0033793928954354,0.0043814673019023,0.0003799588768359,1.9064366076689083,0.0042739064149468
1879,0.0007328283814304,0.0002881773056468,0.2939720511466355,0.0054388263379722,0.2911906100201484,0.0038657073625239,0.0016695994094864,0.0003894568072111,0.1441360525922679,0.003772817693614
1880,0.0007872795783472,0.0001416576381044,0.029247945441729,0.0034563323116229,0.0069235240389109,0.0019225570978393,0.0006077670695491,0.0001774622877965,0.007502225804355,0.0013967654106192
1881,0.00075757382828,0.0002968259938613,0.6524060190481682,0.0053837687936842,0.6491554195170661,0.0037032062731237,0.0022200030115451,0.0004027482484212,0.333755838740163,0.004414615983485
1882,0.0015620370886204,0.000757301945091,0.267086493437792,0.1604469858498218,0.1094719201952477,0.0210290318131319,0.0039338080463051,0.0008424362593922,0.1203317197916079,0.0222082236193487
1883,0.0007552045547232,0.0003494970693606,0.0256565086113007,0.0037786305030181,0.0120125236016396,0.0031297006229613,0.000640844935934,0.0004135653412715,0.0072791434550491,0.0017567775274384
1884,0.0007457711961438,0.0002769848640035,0.0958540747741155,0.0057717422790184,0.0930495978795421,0.0041423267574234,0.0011531687306471,0.0003652312834551,0.0279719507630189,0.0023063329341346
1885,0.3730738374392501,0.0068664886347555,0.1550878403985068,0.0175658021449332,0.1274852040508868,0.0584735526099393,0.0151313789360434,0.0043573969959351,0.1502075191631065,0.0175410237215628
1886,0.0007511525280395,0.0002951658339304,0.1822310327848687,0.0058191910959264,0.1794790309333656,0.004388596432039,0.0013069654056218,0.0003917902352759,0.0636068657044296,0.0030368746178453
1887,0.0014751070533306,0.0002879891246,3.659915055552466,0.005315570966788,3.649447486515785,0.0034143000781858,0.0039128652757767,0.0003955425223766,1.5569026748270154,0.0043428823390173
1888,0.0007530896883607,0.0002709875505067,0.0284581621901804,0.0051206788668917,0.0230029486021029,0.0026927688890329,0.0009711176717241,0.0003503142808707,0.0082947695540547,0.0014037202835765
1889,0.0007415204967516,0.0002746380415766,0.0850009557569096,0.0058390329207481,0.0821658021534624,0.0041605324797722,0.0010927647869677,0.0003608110860671,0.0222812895431973,0.0020676840985779
1890,0.0037312194968735,0.0007147668417523,0.2472539990675335,0.1366638357729901,0.1025925716239798,0.0304412811767031,0.007324020150968,0.0008450573766422,0.1921476585492364,0.0686967555720275
1891,0.0044847250311874,0.001000597749093,0.1676589250952914,0.1043783008875256,0.0629733189335742,0.0291514673333947,0.0076219858106501,0.0011297884121674,0.1514372504011646,0.0795132773163269
1892,0.0016013285902369,0.0011167874677267,0.3465482470641721,0.1267101539492023,0.1098030225797921,0.0165984365321074,0.0015840827542049,0.0010992576416474,0.1146422639807404,0.0159483602166548
1893,0.0007854807549498,0.0001643796560998,0.0267179285385281,0.0033071019439579,0.0080937759513228,0.0020075566648956,0.0006086299446902,0.0002048209317435,0.0072477713613858,0.0013371552546413
1894,0.1821666594867623,0.0078353263432163,0.3104309156741278,0.0290877557132352,0.1502667215092481,0.0554223782654956,0.0164918094958855,0.0052385140760106,0.2465708867416112,0.0290374533233812
1895,0.0007527894430173,0.0001712547208214,0.0262923983637312,0.003361608815993,0.0080775734672665,0.002050603881472,0.0005907485771739,0.0002128728483944,0.0069322594767016,0.0013846703088638
1896,0.0012909232851352,0.0008124609930003,0.1002092576177736,0.0290380417277992,0.0202658962597648,0.0059720795065008,0.0015292630835154,0.0008910832174156,0.0259017444228743,0.0068072954134516
1897,0.0007327247735125,0.0002873085864184,0.1497671738925064,0.0055982734367336,0.1467753567955291,0.0040763437960674,0.0012865958078767,0.0003822895585212,0.0499692343566542,0.0027657068497912
1898,0.3918644894564825,0.0079041653286253,0.2700762335400498,0.0256728477637366,0.1454703255940574,0.0646931945652614,0.0168802696559338,0.0051914481061438,0.158824663937135,0.0256066281626969
1899,0.0178152394915871,0.002661061946376,0.1763648776531878,0.0478311314410859,0.10356850446603,0.0517417517458076,0.0160837471560976,0.0025883300593212,0.1671079997557099,0.0472221010205645
1900,0.517483674691255,0.0386590942146657,6.890165548571693e-05,3.705628810928491e-06,0.1478207160806502,0.0068634817953672,0.000118023257524,2.7425856165585584e-05,0.0002634918121316,0.0001120398393238
1901,0.0007753152232953,0.0001777514765353,0.0276426261194254,0.0033447636408326,0.0082886065927493,0.0020593184193297,0.0006067298701678,0.0002188096151616,0.0072124101036492,0.001417830966149
1902,0.0007624767255903,0.0001969732435232,0.0286054814789399,0.0042800661268883,0.0101167689167216,0.0013968051041538,0.0008260566029626,0.0002470160906459,0.0074587920089933,0.0007503921093864
1903,0.0007642392335156,0.0002037610444863,0.0298363698115995,0.0051279598697249,0.0227775619884468,0.0021562985841704,0.0008920859760783,0.000256078333839,0.0088776524549216,0.0012409110731924
1904,0.4907992331881309,0.0427010370998381,9.102559682391908e-05,4.8762185493730615e-06,0.1644987004368359,0.0044462345943347,9.856818176216095e-05,1.710803154535619e-05,0.0002506884750018,8.700687320332294e-05
1905,0.0007458998702939,0.000587923845263,0.0267796625022579,0.0046405853680783,0.0187945692707235,0.0043989119246698,0.0009724586561149,0.0006684459956104,0.0117565457124777,0.0025809834223582
1906,0.00102341900082,0.0006679969677655,0.1151752261602809,0.0285934578738855,0.0251394880405065,0.0054741236615723,0.0010593315843466,0.0007422985284852,0.0301728869188602,0.0045780545468716
1907,0.0007399326460314,0.0002819773660061,0.0641395777947658,0.0056791965649636,0.0615070972875669,0.0038801875629279,0.0010536876870341,0.0003695138445435,0.0173694771695178,0.0018803644287722
1908,0.0012906886269136,0.0002896150406359,2.1181341512188805,0.0052873836018006,2.113421729439845,0.0034679406217843,0.003477145766745,0.0003977959575599,0.9705840826693496,0.0044686513144038
1909,0.0016653231215539,0.0002764073034261,4.925550007477174,0.0053577726944964,4.916343616603054,0.003380102771013,0.0043658026321069,0.0003788119016773,1.9920514590820624,0.0042537325985746
1910,0.5144009939390572,0.0407545756058492,7.081644090203496e-05,3.809126961601663e-06,0.1493499616195105,0.0045266575435515,0.0001145400406585,2.291278067478233e-05,0.0002479321504801,9.345581059694272e-05
1911,0.0007460603692755,0.0002684357992639,0.0434621291930363,0.0056759802814275,0.0412007267197111,0.0033677079374955,0.0010204052324148,0.0003470070014378,0.0135561859643131,0.0017180327428497
1912,0.0007764164018208,0.0002247431208424,0.0376408887918898,0.0056301453646153,0.0352836456967047,0.0027965371817406,0.0009388905561921,0.0002840923947874,0.0124849533690602,0.0015491925403848
1913,0.0018123707178097,0.000279797083379,5.546023535138097,0.0054434357824285,5.531009683694805,0.0034099125889339,0.0047170660694602,0.0003824401642396,2.1931548993379693,0.0043326140829528
1914,0.0183357788172457,0.0019045831583516,0.1763781128528328,0.0555347243356207,0.0845301964213273,0.0336199904913999,0.0196003830765136,0.0019944487562648,0.1318562844154998,0.0536078646636517
1915,0.0007825716337427,0.0001303751773553,0.0293237989631045,0.004180735282225,0.012056195204674,0.0015644587596354,0.0007711372908568,0.0001603136893492,0.0076100407753429,0.0009471361496969
1916,0.4147861112141383,0.062029035405827,0.0001748102959095,8.850183922085019e-06,0.2331534234174621,0.0032078091972342,4.280267731970173e-05,1.5154094845951296e-05,0.0002618547623507,6.462549017797507e-05
1917,0.0007515204855703,0.0002720402120183,0.0326997858553547,0.0053020574983818,0.0302459183313146,0.0029676475747819,0.0010189113905627,0.0003523998082053,0.0097612004809432,0.0016187182405951
1918,0.0007854819444681,0.0001489988947116,0.0285701723920108,0.0043020961739308,0.0116361864795859,0.0016899807584772,0.0008211102568325,0.0001821245169527,0.0075422729862104,0.0009866947332085
1919,0.0012033439950382,0.0002956122744609,1.636506534745367,0.0053169187069781,1.6318903573694896,0.0034647944589453,0.0032806049028234,0.0004058464953193,0.7705452244277886,0.0043382074248795
1920,0.0007595287346856,0.0002650129716837,0.0360098962753025,0.0054793964120823,0.0335342894815981,0.0031697138390902,0.0010405302908851,0.0003429768965376,0.011291548200844,0.0017512757549018
1921,0.0017841824985856,0.00027850310283,3.944641622186754,0.0054847539030736,3.925827126965465,0.003517755805646,0.004622257735189,0.0003769710662978,1.6565261084584535,0.0046180086505847
1922,0.438402207810138,0.0500936250336463,0.0001227844226141,6.824548580396368e-06,0.1788366701188831,0.0039227819802975,6.455402682662521e-05,1.656831370905785e-05,0.0002606705773855,7.883468292343576e-05
1923,0.000749339138777,0.0002815397433429,0.0761305486501905,0.0056640404757127,0.0733784217547461,0.0039000764649963,0.0010965476088904,0.0003702167410123,0.019967131573914,0.0020404906900837
1924,0.0007484397797615,0.0002642347109213,0.042190204577948,0.0054113419288754,0.0395003760334221,0.0031574591022797,0.0010497053445214,0.0003436635731693,0.0118091323946211,0.0017281955434602
1925,0.0007562823405685,0.0002414472813673,0.0289051734648369,0.0052827442313949,0.0269487313603881,0.0026941889439593,0.0009332693814048,0.0003076054225649,0.009333334423094,0.0013709282823483
1926,0.0007457563504375,0.0002742638051971,0.0831109024235925,0.0058786324111339,0.0802920493287312,0.004024649952965,0.0011263977976267,0.0003585386038464,0.023579032698496,0.0021875061007996
1927,0.2929485667135414,0.0073315146750949,0.2196197650183013,0.0283864679172372,0.1212822625540556,0.0627037734681855,0.0154800052209351,0.0054554926562081,0.1461744041542227,0.0283254956280764
1928,0.0007801258519215,0.0001138285150424,0.0293259500637777,0.0039987424533342,0.007554853586541,0.001214701371974,0.0007954522305576,0.0001389675964905,0.007510246950511,0.0008114762390099
1929,0.0007273725515838,0.0002831163150728,0.3458091328701141,0.0054604706298288,0.3429986879222106,0.0038268497569252,0.001739712720076,0.0003829212531356,0.1669070243858776,0.003885054787819
1930,0.0007532502497243,0.0002545561672812,0.0326001546182015,0.0054950014292786,0.0300308426883905,0.002931781531923,0.0009449533524453,0.0003258975121413,0.0109943364578687,0.0015238481715601
1931,0.0007635064552818,0.0002021536718944,0.029069195571369,0.0045534093407926,0.0135017392498904,0.0018211512774246,0.0008503962828583,0.0002528423852725,0.0075270534158476,0.0009475626276272
1932,0.0013279746405293,0.0002801668973372,2.522729353967073,0.0053245594120468,2.517871382991102,0.0034344883680792,0.0035665661720964,0.0003863673050544,1.1295782184318908,0.0044076423783499
1933,0.0010790317804858,0.0006747063203904,0.0422755556628424,0.0098186398985763,0.0173487388673967,0.0053976915312835,0.0017858531372387,0.0007511316301921,0.0134526309597148,0.0033081560842585
1934,0.0686679181010389,0.0054733309697228,0.2605273800439006,0.0378937032716433,0.0976136198767666,0.0439084645758559,0.0193837131833096,0.0043914909006397,0.1569303419385632,0.0376351724863101
1935,0.4696107299480955,0.0439737781068791,9.499728697981187e-05,5.367576192520839e-06,0.1649212389553134,0.003840095556724,8.627328924304578e-05,1.5281940335924586e-05,0.0002262489455474,8.11645522717741e-05
1936,0.4782608458980198,0.0434462017552413,8.934944836316066e-05,5.1776908087728245e-06,0.1600619412967853,0.0040308901996388,9.183792342532188e-05,2.128082308902084e-05,0.0001822226883138,7.314311227212296e-05
1937,0.0007465407310776,0.0002860999314859,0.0799906063028928,0.0055783231084415,0.0770723216527807,0.0038203492233952,0.0011594227947765,0.0003767197368928,0.0225653346397898,0.0022134267991174
1938,0.0084239010861668,0.0014168958500411,0.1522937836149272,0.0613825535273554,0.066173988399758,0.0221443013693201,0.0113356206111793,0.001482451586776,0.1247980151192806,0.0568801033662898
1939,0.4339872663041152,0.0572815832078467,0.0001473639764286,7.534759909791668e-06,0.2016965667326691,0.0032027621999477,5.556911182816774e-05,1.4779680377398905e-05,0.0002458324405929,6.386199180796188e-05
1940,0.5067272265387535,0.0417576691484556,7.630621578441154e-05,4.079322688102494e-06,0.153410514322874,0.0048573375172127,0.0001110309734776,2.2392372364034214e-05,0.0002602449870622,9.780384177599948e-05
1941,0.0007338273141327,0.0002834813822342,0.1887043206756119,0.005530503476228,0.1857068325052249,0.0039478213810727,0.0013871861885404,0.0003810444634882,0.0753891968328965,0.0031216624532665
1942,0.0011190373136633,0.0007008894169925,0.1124776130006025,0.025516232317883,0.0254167698184674,0.005078659547058,0.001077446786708,0.0007725131719563,0.0283327967387526,0.004548145571266
1943,0.0007756058752871,0.000228982047153,0.0288983994592537,0.0048852326809168,0.0185916238424907,0.0021361068248301,0.0008945759287278,0.0002903984910759,0.0078263881176682,0.0011433297362355
1944,0.0011041018451739,0.0006997733688812,0.0680674114228426,0.0215951535233073,0.0231537903923378,0.0059599355417176,0.0011112568948575,0.0007791022859282,0.0239894384140343,0.0048383687260209
1945,0.0007362000778541,0.0002925131355145,0.1870297122311584,0.0056395889034637,0.1841000491607114,0.0041694403865916,0.0013304382829996,0.0003902580832507,0.0660559007273934,0.0030220701566078
1946,0.0010779215327684,0.0002812014196319,1.2715387674653058,0.0053523877864713,1.2668147481863652,0.0034967654869728,0.0029836190554787,0.0003875651524935,0.6205526520480779,0.0044516941365503
1947,0.0007472759186141,0.0002705118071214,0.0590646112952324,0.0056301980637316,0.0561648396371539,0.003518366802689,0.0010757630023097,0.0003524179995085,0.0164043448190592,0.0018676956366424
1948,0.1089853707283627,0.0305584360131071,0.0002623864098254,6.611250210569676e-05,0.3420803854590073,0.0092376125101919,2.9986192588225197e-05,8.043185026123228e-06,0.0002612561002997,7.248508913136434e-05
1949,0.0019348480616564,0.0002783612937258,5.801318686903238,0.0054853698767141,5.768980163688152,0.0035183587157908,0.0049891133530127,0.000377207263213,2.3050770263192706,0.0046597230795364
1950,0.0296674884082533,0.0026258148109836,0.2005281502613289,0.0934920572938889,0.1017924543330176,0.0394509506881288,0.0288050385517416,0.0025046022879954,0.1952263669224565,0.089618403222717
1951,0.0007461505503338,0.0004635672502309,0.0264797003212165,0.0035462198781277,0.0138261488903932,0.0028725275336171,0.0007984871012827,0.0005369600983526,0.0069130252005761,0.0015028394959302
1952,0.4611269134420193,0.0465134569982793,0.0001049773161704,5.785421785199229e-06,0.1667099949822435,0.0036169629632373,7.611104157163528e-05,1.6937161080610284e-05,0.0002305369834114,7.63679604206785e-05
1953,0.0007268631903073,0.0002901550531077,0.3886828031981372,0.0054143197811767,0.3859210150529416,0.0038331469281806,0.0018370622992313,0.0003931985966718,0.196161122369089,0.0040759703219991
1954,0.0010984147370733,0.0002839928008124,1.4367225659557354,0.0053332412147741,1.4316146986758536,0.003486119737214,0.0030349306747648,0.0003905285438719,0.6940463664009722,0.0044929115552256
1955,0.0014004254186247,0.0002832765060002,2.867681836138083,0.0053147283529734,2.8592670602354637,0.0034145718830811,0.003740471668217,0.0003900758852589,1.2591112256808277,0.0043383531966963
1956,0.000763653472269,0.000209187829276,0.0290630744091994,0.0047216309512301,0.0143029752267909,0.0018800843053822,0.0008793188209754,0.0002628464681008,0.007493449812521,0.0010488890723136
1957,0.4475460340907633,0.0515497392513753,0.0001275487765227,6.596294700082685e-06,0.1784598116968603,0.0034831494613951,6.747370486678538e-05,1.518845534155964e-05,0.0002467739985085,7.16893691663991e-05
1958,0.0007539278429428,0.0003931956911834,0.0282349508281287,0.0045162330118997,0.0118718088688452,0.0032187294046347,0.0012381657854082,0.0004612933195454,0.0073410147530564,0.002064141508953
1959,0.028242932037123,0.0029804303149543,0.183532521624425,0.0500964094264703,0.0849437130343351,0.039267336098787,0.0201372849429777,0.0026465154365619,0.1030532357102932,0.0491177261447359
1960,0.1102320705834283,0.0153153202343631,0.0001944313939159,4.386745427744206e-05,0.2767125547402554,0.0068082796960133,1.8952644494192184e-05,6.378367886213986e-06,0.0002353534961654,9.748210846780407e-05
1961,0.0016159094979565,0.0002739269778551,4.113110432216813,0.0053994497379247,4.104889140505278,0.0033874921293126,0.0042426611246392,0.0003749655317699,1.7146699791580269,0.0042766827985168
1962,0.0007663001596326,0.0002348933428875,0.0292558641318079,0.005205168457359,0.0262921432530585,0.0024096784020756,0.0009065240783283,0.0002979435827253,0.0102802631698986,0.0013000894915297
1963,0.0007441368032856,0.00027778663368,0.057644540613089,0.0055747710074248,0.0549655623175405,0.0037659758761564,0.0010575685163143,0.0003646740068665,0.0161709172655375,0.0018794522372353
1964,0.0010544456102399,0.000292068724303,1.230575335512376,0.005304523829457,1.2257614784196622,0.003511593414691,0.0029312650057451,0.0004008822312865,0.5981986764993436,0.0044282224713684
1965,0.4936015183137551,0.0409663829966715,8.899482830481777e-05,4.84698975767786e-06,0.162711518099984,0.0050761729916574,9.23789682474477e-05,2.5987075449047723e-05,0.0001684264088206,8.31073263480215e-05
1966,0.0007766557837992,0.000181540107804,0.0278494493820132,0.004405307724329,0.0127232874575365,0.0016337653284139,0.0008632243187952,0.0002237087703805,0.0069878026776925,0.0009328755225286
1967,0.0012232044481347,0.0002854542904091,1.88531383027872,0.0052908836896413,1.880587797940834,0.0034494680425054,0.0033241947122634,0.0003917551428818,0.8903597244415115,0.004403039457431
1968,0.0007943986121239,0.0001059774272559,0.0276840773212957,0.0037340265182545,0.0088687549797646,0.0014762866170801,0.0007011885030139,0.0001309523074092,0.0071022880924477,0.0011002772696437
1969,0.0007427230596937,0.0002688619095346,0.037286916903065,0.0053435378185663,0.0351646555612836,0.0031916813395826,0.0009948723215687,0.0003486546366574,0.0108534598174555,0.0015765860114493
1970,0.00074566013524,0.0002633560216356,0.0522345743918912,0.0056537915376854,0.0500392687298658,0.0034937662367517,0.0010155056119562,0.0003409225767352,0.014641148307783,0.0017204568857511
1971,0.4469498741792663,0.052269413917069,0.0001299223954995,6.6287128055487566e-06,0.1832574204329708,0.0031436173285341,6.544402431216748e-05,1.3963498967363089e-05,0.0002637422200194,7.683275740528541e-05
1972,0.0014797693599885,0.0002762984326807,3.285186798990151,0.0053275929145538,3.275822069308344,0.0033886805759253,0.0039270443291481,0.0003804573993115,1.4131058967065315,0.0042784429945263
1973,0.0014501381945948,0.0002774994083184,3.051011488596436,0.0053089227784358,3.042111555729985,0.003391453143902,0.003855709921895,0.0003814189401161,1.323401551468151,0.0042916115024786
1974,0.0007760614394375,0.0002222718821858,0.0280485784689239,0.0037973741149019,0.0145199285721837,0.0032452380922769,0.0004395332791748,0.0002740526682764,0.0078898681373359,0.0020317746954538
1975,0.0007251387338555,0.0002868816815256,0.5992600316736941,0.0054114637152344,0.596513487346674,0.0037731942440869,0.0021081993647258,0.0003897045229899,0.3112341710532179,0.00450154098358
1976,0.0007768131697806,0.0001755139134778,0.0272189434791947,0.003445810493938,0.0110795920245018,0.002477838683941,0.0005596215529635,0.0002185317180618,0.0073711651501675,0.0016514023424614
1977,0.0007373443928,0.0002953602854889,0.1827557845700656,0.0057315094018987,0.1799359730228528,0.0043287986761496,0.001315062918605,0.0003928281729223,0.0636690826354409,0.0030126563884863
1978,0.0007424502163823,0.0002905458735339,0.0912849781551396,0.0056539384006101,0.0883342689321642,0.0040073826133024,0.0011509514975622,0.0003848989047769,0.0254655239534673,0.0022620995121659
1979,0.0007714128322595,0.0002302910199482,0.028724529059558,0.0046144462174791,0.0124303277981916,0.0018068973372354,0.000893751883454,0.0002909355950562,0.00764029479158,0.000998650984868
1980,0.000748092340221,0.0002760570964808,0.0627860941904473,0.0058675453113164,0.0602392906631974,0.0038126921948803,0.0010598499844114,0.0003592463474854,0.0181573136416077,0.0019511864022031
1981,0.0007610052043637,0.000247923217914,0.0288622686817437,0.0051931979542437,0.0264369688569456,0.0025588732592459,0.000927984997647,0.0003160934333682,0.0097926453525285,0.0013011641288648
1982,0.0010493553487431,0.0006078847609424,0.0350220361543331,0.0078822658952699,0.0137252721232642,0.0044605685823731,0.0009429059926609,0.0006796244091467,0.0118028496657647,0.0028338671212957
1983,0.0007995577774244,0.0001597167961489,0.0278748948451243,0.0034577929614861,0.0077735766192019,0.002076824205402,0.000617997390534,0.0001998467639374,0.0072422820617665,0.0014331374517422
1984,0.000753033642475,0.0002775312495846,0.0282977756549016,0.0035255950338281,0.0125671752288575,0.002727376616525,0.0006067842553725,0.0003356917027628,0.0074799544091064,0.0016328773234499
1985,0.0007954444616481,0.0001209342319804,0.0290567005707673,0.0035969558557838,0.0059231866777394,0.0013843287410028,0.0007026764464298,0.0001508754507823,0.0075886431397458,0.0009696670082993
1986,0.0007490126886721,0.0002798544507625,0.0898232322086995,0.0057812441668957,0.0869721100612553,0.00403048312449,0.0011317015212606,0.0003686370431838,0.0239454702787659,0.002192203903876
1987,0.4729838298604749,0.0437239385410722,9.20970123110823e-05,5.314750964737614e-06,0.1638355544843976,0.0036058787919542,8.956113802861926e-05,1.6434721189860312e-05,0.0002182736963819,7.517292574117066e-05
1988,0.4995291997382987,0.0431303821486972,8.316092776449695e-05,4.4186783837333744e-06,0.1585497809087803,0.0051481209913182,0.0001064506487866,2.2157356205798464e-05,0.0002205559431589,9.595051244663504e-05
1989,0.000733130766553,0.0002821316861889,0.2825521086064827,0.0055504355328586,0.2798014447459065,0.0040185844142331,0.001546787214529,0.0003804049624758,0.1254477777878549,0.0036817679406866
1990,0.0007396825293176,0.0002919082220497,0.202857528093991,0.0056882254435066,0.2002475852342385,0.0041501227664316,0.0014125172027717,0.0003893700321414,0.0815885451132209,0.0032711314829564
1991,0.0009131391470753,0.0002792295013447,0.9375730993846546,0.0053160686115527,0.933222926512118,0.00356542892875,0.0025951438642137,0.0003835929376552,0.4820176889422286,0.0044533781145664
1992,0.0014756122430034,0.0002745823379076,3.4260194828342434,0.0053400856518916,3.417297280452546,0.003397542219719,0.0039128666768965,0.0003787758218011,1.4660457661171158,0.0042803164805543
1993,0.0007459940213187,0.000273865994817,0.0290640440801332,0.0051513743546373,0.0264470995885168,0.0028124503636723,0.0009573398629105,0.0003543373182962,0.0091951104435158,0.001384296787641
1994,0.0007614282953497,0.0002590843299019,0.0362372679751674,0.0053674071815528,0.0341783105094604,0.0029945417428056,0.0009871160936324,0.0003342521896145,0.0108501898798464,0.0015259680781346
1995,0.0008096763535018,0.0001063983065785,0.0262667062424573,0.0041021868009082,0.0103043684986891,0.001627986109062,0.000799923431631,0.0001321941227521,0.0069308412498007,0.0009828294145845
1996,0.000770511972016,0.0002427026040567,0.0278606840662004,0.0052475329252309,0.0242966542388833,0.0025417513989925,0.0009219557726126,0.0003074125165812,0.0092928490834913,0.0013456283846014
1997,0.0007911875579431,0.0001555252751925,0.0290540730622635,0.003565291571302,0.0108027308847867,0.0022092569405747,0.0006071506892502,0.0001954505172237,0.0076589060141761,0.0015497317080419
1998,0.0012830460632111,0.0008966626878057,0.3475826465320691,0.1143852445661144,0.1388721597969744,0.0241380444249438,0.0014236522796996,0.0009719679564018,0.1226697673832247,0.0170790512062013
1999,0.1358536124092657,0.008114522023353,0.1829913141677858,0.0151843898345461,0.1604926696161724,0.0777331648809654,0.0164652640664443,0.004505767001585,0.1474622350646186,0.0151541278691748
2000,0.0008125873141955,0.0002876662944563,0.6465591951693475,0.0053469943650916,0.6426975510779909,0.0035891598800112,0.0023598076029964,0.0003928459040811,0.3334197715996297,0.0042536848054434
2001,0.4908886985634765,0.0440285731913428,9.005842750818991e-05,4.741402905738207e-06,0.1611066226466097,0.0040339508442403,0.0001006447979313,1.8174137437089107e-05,0.0002339408545374,8.148544572883487e-05
2002,0.0007441308715171,0.0002920679663701,0.2478438116088214,0.0054965361605212,0.2449082483857846,0.0039388547113702,0.0015127225387994,0.0003924781784618,0.1064500461721801,0.0034588735387353
2003,0.000737907032941,0.0002854349530495,0.3827570226483576,0.0053852702497212,0.3796880954409405,0.003712742995549,0.0019069819550448,0.0003875411775503,0.198204670818433,0.0039932667963721
2004,0.4870395955670317,0.0471029893423166,9.283945627629674e-05,4.9504907452873086e-06,0.1621352156972869,0.003422304007337,9.760864858379423e-05,1.861194488095093e-05,0.0002199320559704,7.655586902153762e-05
2005,0.0017372749189839,0.000885628440486,0.1182821228581128,0.0700988141566232,0.0395407951420255,0.0134066537000509,0.0036019420646885,0.0009455874013446,0.078891383212793,0.0245088809576195
2006,0.0007432883379291,0.0002839514549045,0.1130838152419568,0.005772054749669,0.1102116415652693,0.0042058447764199,0.0012037339085116,0.0003744243842829,0.0341688444307648,0.0024841951427762
2007,0.0007296832663966,0.000278872412195,0.3880720715144405,0.0055561570911481,0.385464473409684,0.00394405983578,0.0017286114267771,0.000377759501735,0.1865793362185096,0.0040879418702463
2008,0.0087602432400116,0.0015746655791765,0.194936418758007,0.0886673358849682,0.1007604102324543,0.0371252955863929,0.0115052880137358,0.0014802340812678,0.1800553722947727,0.084247939773514
2009,0.0007382500780163,0.0002888528028553,0.1407643826933121,0.0058549624693057,0.1379119117053119,0.0044248426911492,0.0011905919834794,0.0003839407847236,0.0408401840327233,0.0025779269045488
2010,0.0007042265441142,0.0004068352945416,0.0250722819001893,0.0049804324181388,0.0128020806383851,0.0041963499009989,0.0006857711093816,0.0004759768523023,0.0082096743513009,0.0024129885168564
2011,0.0007702715328995,0.0003037437551553,0.025474346258293,0.0034176939847443,0.0120611532685273,0.0026763188701153,0.0005787996164444,0.0003644666725806,0.0068295073320391,0.0016407605520482
2012,0.0007826391618236,0.0001987329463793,0.029194740933725,0.0048012563774371,0.0188079478135778,0.0018333037757964,0.0008861081338995,0.0002485277315796,0.0077907413018996,0.0010863504658326
2013,0.0007293804437306,0.0002861088362142,0.5096876267246729,0.0054361130170465,0.5070734912405339,0.0038175727254454,0.001993012694888,0.0003877341994708,0.2620180110597211,0.0043581136559778
2014,0.0007377066610961,0.0002856374515956,0.1918077636531656,0.0055645385607477,0.1887682291595739,0.0039810649367347,0.0013740672211414,0.0003823798998724,0.0714341088765281,0.0030689570484675
2015,0.001395751418152,0.0002676108867767,2.7287376004389343,0.0053409982177218,2.721840487641614,0.0033867322555953,0.0037306899823582,0.0003698721088995,1.2100017292117171,0.0042674262185354
2016,0.5412902099993367,0.0345930141754237,5.032331105884002e-05,2.8165543186778025e-06,0.1354276688564649,0.0067603165727339,9.84901703996127e-05,3.988920451618872e-05,0.0002507429567385,0.0001247687451474
2017,0.0007650576916946,0.0002055164494853,0.0294815899461142,0.005387410635432,0.0262588788916763,0.0025331500233219,0.0009046415787611,0.0002582406533721,0.0096710713133644,0.0013891239443762
2018,0.0007306490987543,0.0002831623743641,0.0258881216867891,0.0034916142059681,0.0101590097055494,0.002604277356482,0.0005953402802137,0.0003395739459914,0.0066746367931528,0.0016602403956504
2019,0.0016436243363844,0.0002703662193334,4.794497611412542,0.0053879585109273,4.783837527827995,0.0033754306645088,0.0043161085664006,0.00037187509793,1.9350797576692704,0.0042911299592312
2020,0.0013050379679335,0.0008282140611015,0.1429587761890768,0.0420446729899466,0.0377626088338252,0.0074884043327181,0.0012164410949186,0.0008932323463109,0.0372341175383317,0.0057403335515864
2021,0.4186169410525872,0.0537860760256171,0.0001680328082547,8.445691123365573e-06,0.2273266359644871,0.0032726549147595,4.639436911417404e-05,1.229841726361334e-05,0.0002946239303848,7.771717459849937e-05
2022,0.0007506770736282,0.0002792035477319,0.0554521288997248,0.0055125610136168,0.0525191072428684,0.0034093103316453,0.0010916856379179,0.0003644667430871,0.015179239530136,0.0018916960261605
2023,0.0013533642695081,0.0002835822722862,2.509690153270125,0.0053098544444304,2.5033355643731103,0.0034400925900127,0.0036266518596189,0.0003907863576602,1.1298982348520232,0.0043982218980982
2024,0.0015481550094622,0.0002736524136509,3.943746636674655,0.0053557751781188,3.9338138994831433,0.0033787089750373,0.0040883055358546,0.0003768008453755,1.645682099680183,0.004295575864518
2025,0.0007355952925986,0.0002939281912413,0.3228111174373685,0.005509233991852,0.3201022155082097,0.0039707440180294,0.0016461278212152,0.0003966392316572,0.1524132890595045,0.0038775261943512
2026,0.0015586534668839,0.0002764381537365,3.521667854468415,0.0053859079277438,3.512587729123369,0.0033792128526263,0.0041137682352571,0.0003790543051651,1.506271201290976,0.0042754548042591
2027,0.0007353155416317,0.000282885246678,0.5661406384369135,0.0054498465648261,0.5636114386661314,0.0038284455498322,0.0020291246727434,0.0003839280429865,0.2906712850856911,0.0045466173667196
2028,0.0007879525814545,0.0002331040973549,0.0319567388808988,0.005366319463836,0.0291054571562655,0.0024182679759179,0.0009334748283077,0.00029434680421,0.0110202645948878,0.0014137977663809
2029,0.0007969918066241,0.0001562661841762,0.0279440222923049,0.0033828285970213,0.0103374204950912,0.0022424032466023,0.0006004742591601,0.0001949752109634,0.0075803842474042,0.0015633325806236
2030,0.3959978559503622,0.0504744614586654,0.0001799170770296,1.005784499819599e-05,0.2445393439695213,0.005262492676473,6.30166163735377e-05,1.857713666577909e-05,0.0002898317106042,8.682166535946425e-05
2031,0.0007954383436674,0.0001582361822522,0.0266866632320538,0.0038734063674351,0.0101315614014966,0.0015332389481306,0.0007422525127278,0.0001947542325973,0.0070813444126285,0.0010513690260009
2032,0.0007634610160207,0.0002675698720396,0.0432472284723944,0.0055615155362483,0.040816024439955,0.0032824989297986,0.0010405173713903,0.0003461051186834,0.0130605867519055,0.0017888644757921
2033,0.0007442769006076,0.000288351287175,0.1288007410712427,0.0055683619957449,0.1257195512652098,0.0038735770286456,0.0012994179004539,0.0003857996038685,0.0454297761362661,0.0027268021288234
2034,0.0007958234410926,0.0002115276139734,0.0280008944324009,0.0040046853079849,0.0110347970589602,0.0029609836218593,0.0005815475417011,0.0002595356694783,0.0074802249453497,0.0018879772987091
2035,0.0040569392816168,0.0010361784881901,0.3380880539621074,0.1908170270231136,0.1723476533394295,0.045819783326527,0.0076469272985201,0.0011168752082416,0.26510694510791,0.0924574540165804
2036,0.0007446405168278,0.0002603049582069,0.0412557752707643,0.005563386186029,0.039128453653644,0.0032943745040496,0.0009977978806368,0.0003369353005726,0.0121616458890488,0.0016437778601511
2037,0.0007444778579913,0.0002662060434084,0.0373011011570431,0.0053518331776885,0.0348171328249685,0.0031297567294474,0.0010169460112348,0.000347000043188,0.0106438287057309,0.0016177658373371
2038,0.0007425271982347,0.0002752313509043,0.0736931213399274,0.0056245233858651,0.0708557366523322,0.0038696820335308,0.0011177671748267,0.0003635654084981,0.0209299397370674,0.0021111110651388
2039,0.0015829394252554,0.0002760092550241,4.1195848575979,0.0054131628726832,4.110298963412335,0.0033825270855171,0.0041725560405895,0.0003799106294259,1.717716505057582,0.0042823692179838
2040,0.5452520074845791,0.0352131984122192,4.768283640004082e-05,2.6370360903420964e-06,0.1342815657963169,0.0067237063968218,0.0001012460774136,4.098262201354992e-05,0.0002898279659747,0.000127685916641
2041,0.000734530171598,0.0002889101968232,0.1724063937014407,0.005840612336602,0.1695937487090801,0.0044370658535915,0.0012717939883012,0.000384113705449,0.0555185707942068,0.0028815697038008
2042,0.501172184655379,0.0368233626267439,6.855695536554144e-05,4.172860875478719e-06,0.1496175198905552,0.0055777822421236,0.000106780097768,2.517939078772236e-05,0.0002008598337865,9.66913830330026e-05
2043,0.0007916309568199,0.0001518183873418,0.027544986912599,0.0038659861506448,0.0119519469885491,0.0023561288108872,0.0006379545373522,0.0001897282188813,0.0073041124253022,0.0015689881683869
2044,0.0007761320693979,0.0003019834470361,0.0247756776151286,0.0032883299501497,0.011191468670173,0.002669305913348,0.0006902308922093,0.0003629199385475,0.0063566212971954,0.0016001692228548
2045,0.0015602932895255,0.0002733515302672,3.6790812454446793,0.0053232074287046,3.6695777988644185,0.0033731417068596,0.0041197233176237,0.0003755831013174,1.5650186302408198,0.004266056741807
2046,0.0025574300960715,0.0008738450040078,0.2409683146745849,0.1237161240795109,0.1011519657881459,0.0212842048169042,0.0052014065704663,0.0009754843920526,0.1584958010179922,0.0418797061761182
2047,0.0615748211923431,0.0044779771653123,0.1800121471094889,0.030953100313716,0.097782103534824,0.0453898384530595,0.0167726653576468,0.0035962124307351,0.1000023185640094,0.030699660782929
2048,0.0008902386755342,0.0002923523794448,0.9150310180483228,0.005336519073302,0.9108277734188716,0.0035869283406685,0.002539854791021,0.0003993522950167,0.472879785854922,0.0045038401418775
2049,0.0007714712834641,0.0002225298770784,0.029013586752784,0.0051237485145286,0.0224503501492283,0.002224728375788,0.0009186639348335,0.0002806132160309,0.0087934746255459,0.0012849399231959
2050,0.0007425389105432,0.0003473360166149,0.0275734624473676,0.0035370866573959,0.0098929393367325,0.0025269205363102,0.0005759766603514,0.0004096374029101,0.0071891668591676,0.001485360272293
2051,0.0007368313405751,0.0002845731939579,0.404261359914026,0.005416736883874,0.4012375150149141,0.0037200810843718,0.0019247886858537,0.0003864253817511,0.2113753697247301,0.0040549299070899
2052,0.0007410902282345,0.0002917994857946,0.0845584908197225,0.0056522320838958,0.0818045117131946,0.0040746920807985,0.0011316521128279,0.0003856971505182,0.023800615712499,0.0022173005957204
2053,0.000764929581702,0.0002025524193449,0.0292556627854425,0.0045883786472977,0.0143631881500271,0.0018394106462316,0.0008578206598246,0.0002530004363077,0.0076191092968619,0.0009972432202762
2054,0.0070084793279236,0.0016008816968727,0.2429163994664191,0.0483194135337757,0.1114793320262556,0.0324326803355258,0.0083201754113561,0.0014878008839211,0.1546246286544674,0.0460762477770449
2055,0.5039374213605536,0.0406959545992474,7.989006667298798e-05,4.319549475057756e-06,0.1573819786468937,0.0046970233292809,0.0001053255828706,2.088954471519576e-05,0.0002212633270799,8.73431739320804e-05
2056,0.0007610560281532,0.0002998038484789,0.0278652055254824,0.0033519470784519,0.0118921263449669,0.002499209990161,0.0006017306701054,0.0003592738398952,0.007226719145529,0.0014742410968766
2057,0.0007680365483678,0.0001859932913469,0.029059633465061,0.0049130535615866,0.0202454932802954,0.0020564078902286,0.000868922334858,0.0002315486827412,0.0077897139530815,0.0011478329871152
2058,0.0007798201167721,0.000155067997065,0.0270820288321095,0.0037578066188005,0.0083863049980263,0.0019937112055616,0.0007165861555486,0.0001939197555106,0.0071262857087593,0.0012006276794064
2059,0.0163067577069825,0.0017307722825303,0.1648026698771897,0.0962578674445104,0.0580420965833391,0.0227066909716425,0.0208389376138852,0.0017936448876382,0.1523866020914303,0.0914951002070519
2060,0.0007892788782744,0.000521353021151,0.0276519298950791,0.003817367132162,0.014805192818281,0.0034647327819372,0.0008766665960892,0.0005969598866104,0.0072238144288909,0.0018674894908759
2061,0.0007972053286188,0.0001545262877484,0.0277323852405064,0.004177944079861,0.0103257097305104,0.0014455462674196,0.0008059157698734,0.00019053522091,0.0074016677621921,0.0008515171698536
2062,0.4085450301859545,0.0472977358940762,0.0001337734976657,1.0520056090117676e-05,0.2506336043659134,0.0037080152207209,4.729704764697719e-05,1.24578516900376e-05,0.0002415833793556,7.138190419214722e-05
2063,0.000746882578181,0.0002866960578199,0.1259793839731196,0.0056361927229153,0.1229434992513786,0.0039894450097448,0.0012624826892347,0.0003815260838657,0.0418588064893631,0.0026482449661296
2064,0.0007618227102066,0.0002410897276578,0.0350981123185033,0.0054710196733834,0.0326131693946524,0.0028185466218297,0.0009558518881597,0.0003070802438629,0.0116729470621717,0.0014996148286075
2065,0.0016631426814114,0.0002799460891383,5.401726479784794,0.005335886979539,5.390965650865924,0.0033819310223887,0.004359880736321,0.0003844908995671,2.13929877142499,0.0042781517896226
2066,0.0007580278455634,0.0002504514518909,0.02731873419804,0.005053803487679,0.0200582515187459,0.0024737315124423,0.000940122758615,0.0003197511911318,0.008100290641961,0.0012698651282485
2067,0.0007491254577858,0.0002891981477969,0.1022698466942737,0.0058005115684199,0.0994300777129784,0.0042185058726737,0.0011527634485329,0.0003827535017013,0.0287220199318274,0.0023330273666238
2068,0.0007947778720307,0.0001167799917203,0.0282877698944572,0.0035980909734159,0.007104064953866,0.0013967059044976,0.0007175221136155,0.0001452502197551,0.0072488268916473,0.0010422304709001
2069,0.000722886399418,0.0002824508279093,0.4583919758897348,0.0054043793961849,0.4554466245556244,0.0037109422114531,0.0020175836212199,0.0003838866219339,0.2408491859439933,0.0041690401806555
2070,0.0007426897626674,0.0002661849021299,0.0707380338770287,0.0058145576149768,0.0681531422168511,0.0038763995288083,0.0011019864933465,0.0003475933697427,0.0204292175021909,0.0020601232436575
2071,0.0019322387446587,0.0012722159411724,0.1158911835848269,0.0182044989380155,0.0251077159171496,0.0069955760839284,0.0016324545347575,0.0012578264197846,0.0283650815957699,0.0044336435230349
2072,0.0007508875274025,0.0002547565553154,0.0412888249860377,0.0056308635257928,0.0390508092385551,0.0031329604207142,0.0010171199128751,0.000327962008797,0.0128101857202654,0.0016938913774902
2073,0.0007408707653898,0.000286598525877,0.302870127333459,0.0055022484119427,0.2999782769738484,0.0039030644818068,0.001590293396022,0.0003861119209326,0.1329764138324368,0.0036748060406562
2074,0.4374835087156838,0.051146656078803,0.0001257512607233,6.857695298508726e-06,0.1824216340981347,0.0038058249486524,6.300251302025768e-05,1.5443593922244956e-05,0.0002462964857109,7.176544823191194e-05
2075,0.0007395876565241,0.0002941410428982,0.0264961907607678,0.0032714880011514,0.0114512242986834,0.0025677841789989,0.0006576773197501,0.0003540956164097,0.0068426028020429,0.001521051335792
2076,0.001681818843646,0.0008496891358745,0.2219072849321311,0.096412981652238,0.0992060256915954,0.0223775206792444,0.003674994086096,0.0009470726525348,0.1195907378828206,0.0257336849267294
2077,0.0016079269373962,0.0002795538575535,4.160011611947101,0.0053603843811462,4.149918956502257,0.0033735962330366,0.0042328298447571,0.0003829449850945,1.7207279461869067,0.0042753081198284
2078,0.0007350086202175,0.0002760323570566,0.079925818125953,0.0056201893573681,0.0770336883728807,0.0038435980260319,0.0011444419671141,0.0003625584230166,0.0227385567640132,0.0021742205557211
2079,0.0007320458344796,0.0002872376557068,0.4261644195055687,0.0054211338181413,0.4234699858439359,0.0037818357438029,0.0019260180281392,0.0003889322332807,0.220150246933028,0.0041666891206697
2080,0.0007704953481476,0.0002211847677741,0.0289500508735716,0.0044817940810187,0.0131912605575804,0.0017445169314608,0.0008412301873862,0.0002788681860893,0.0077675245553637,0.0009467490336578
2081,0.0015202797403224,0.0002781236701186,3.961079869065903,0.005318588895043,3.95064705287132,0.0033955151829431,0.0040204568576158,0.0003827251487238,1.6651696729243524,0.0043217458527755
2082,0.00073175540991,0.0002865422959019,0.4827281343459135,0.0053945065086065,0.4794155383023348,0.0036855051862625,0.0020499484372287,0.0003906518411618,0.2472494764934328,0.0041438285858722
2083,0.0007656320186168,0.0002560219029232,0.0282760347525027,0.0050779908963369,0.0196421447162372,0.0024141041884242,0.0009453042221334,0.0003283584947936,0.0078902758766977,0.0013131815956537
2084,0.0018157162809403,0.0002791253903376,4.305232349773007,0.0054988210845607,4.287213137227687,0.0034966465407917,0.0047115620129433,0.0003790861385729,1.771297690112148,0.00453872292726
2085,0.0093818761390276,0.0015408006051272,0.2056324531638827,0.0690125501995869,0.0829274786490854,0.0228966822024778,0.0126457539149409,0.0015987971956953,0.127629017216184,0.0640845410722783
2086,0.0007805647816299,0.0001218519348439,0.0291979770537145,0.0042861229465511,0.0117818155424603,0.002109536199268,0.0006289530917577,0.0001510127966908,0.0074857003154111,0.0014515624522517
2087,0.4744106273913833,0.0444217864929524,0.0001011102988241,5.513381698330563e-06,0.1651950281196549,0.003518645683436,8.749150290104372e-05,1.576017765570662e-05,0.000210499871967,7.193288716650855e-05
2088,0.0007321721806675,0.0002903785602919,0.4146619652885183,0.0054560433530365,0.411719643541514,0.003839948464493,0.0018033906940444,0.0003941689430626,0.2019840002439561,0.0040916263814787
2089,0.0007821618017215,0.0002014624338795,0.0282491584300597,0.0033926354758053,0.0098295524703199,0.0021853508280321,0.0006047040121251,0.0002480387420446,0.0073732343816679,0.0013482421891164
2090,0.0007763342282495,0.0001808862094288,0.0287789620126776,0.0040183923305723,0.0077781291647497,0.0012603144964601,0.0007797624548264,0.0002248229777879,0.0075045643202061,0.0008179593248187
2091,0.00110491268467,0.0002926094324437,1.3704728689018104,0.0053340646957841,1.365925434589517,0.0035202198474977,0.0030419312401121,0.0004014001663959,0.6634377813572142,0.0044667911064311
2092,0.0265252013308052,0.0027938812926108,0.2668118571847531,0.056595530249429,0.1472926765912312,0.0392075627159799,0.0215301220579331,0.0026404093952338,0.2166712272740028,0.054549227898984
2093,0.0007719669895501,0.0002584480898842,0.0380596138465064,0.005505441175005,0.0354318357496124,0.0029797028941107,0.0009662878296788,0.0003302286921135,0.0124895536244704,0.0015482539958518
2094,0.0009169370712044,0.0006286792169463,0.0264852150383069,0.004479224113326,0.0166171417695037,0.0048061902395707,0.0009564614658532,0.000708983367663,0.0089381682501686,0.0027203754320039
2095,0.0007569668664429,0.000173526345624,0.0266725898955448,0.0032968130518625,0.0076323595752781,0.0018799319391274,0.0006355656098553,0.000216258419402,0.0069116366133876,0.0011958103329387
2096,0.0007471082013353,0.00028148414669,0.1320824724889217,0.0059409172860905,0.1291241116758237,0.0043019699010937,0.0012219591685094,0.0003717157174492,0.0398063595966161,0.0026051428419381
2097,0.0007488256752136,0.0002757160384737,0.0721230883380868,0.005860013047248,0.0695819348490893,0.0038501678700627,0.0010925470921518,0.000358389319292,0.0205945941574713,0.0020449524707324
2098,0.0007529754001477,0.0002713614060622,0.0280743805630862,0.0051178180347543,0.0231942983583215,0.0026508551906923,0.0009717484809691,0.000350072338678,0.00910805540282,0.0013984311869217
2099,0.0008143791561804,0.0002746646211308,0.7036388740623375,0.0053312483626315,0.6998847792486083,0.0035923672563833,0.0023597673305267,0.0003760129791176,0.3687023741129217,0.0043465286071444
2100,0.0007226693262082,0.0002888040169764,0.3302670325520167,0.0054982963465539,0.3274615842916822,0.0039862540199765,0.001606833464233,0.0003898295801206,0.1476728661044699,0.00381764692687
2101,0.4492856084774048,0.049776102937333,0.0001114982565371,6.29269609946598e-06,0.1710014523022547,0.00324855939133,7.230411403637558e-05,1.5327675154420416e-05,0.0002515506341623,7.934446666793936e-05
2102,0.000782266329266,0.0001913766066267,0.0289772886872097,0.0046186004704328,0.0131782655069122,0.0017357883474823,0.0008727942523458,0.0002381014697938,0.0077764627653268,0.0010119978328339
2103,0.0007571564203732,0.0002795979926646,0.0279426716503575,0.0037949287402736,0.0111524672384207,0.0026444413347694,0.0005385634833816,0.0003361325538924,0.0072099442640723,0.001614230935207
2104,0.0007183157429983,0.0003816244934255,0.0266336193447787,0.003575981504127,0.0114825662262054,0.0029688994156758,0.0006864769895028,0.0004473700924696,0.0081540659894012,0.0017376911860981
2105,0.0007442805198353,0.0002870274704922,0.1325543350873491,0.0056665119132081,0.1296482060444549,0.0040392528093257,0.0012585453523495,0.00038093849133,0.0410492390836254,0.0026384128742217
2106,0.0015418905566547,0.0002851340722725,4.151710066496875,0.0053035057496186,4.1417148434854765,0.0033916510041482,0.0040732701564362,0.00039096021335,1.730126101766024,0.0042894874989294
2107,0.0016713185009766,0.000281904463705,4.760935110556013,0.0054065748019992,4.752586204635247,0.0033905241849119,0.0043784131319664,0.0003846189129529,1.9397448424612689,0.0042588218437309
2108,0.0007457968587288,0.000284418776228,0.0492978610160053,0.0053771471972658,0.0465169736224411,0.0034621547010514,0.0010854160630824,0.0003747012731234,0.0136000250521639,0.0019315738813431
2109,0.0007427833707062,0.0002818892806358,0.0848384145631002,0.0057240910216863,0.0820944836552177,0.0039680712230548,0.0011607754864629,0.0003702546474078,0.0249536196071395,0.0022822813770513
2110,0.0007451975468727,0.000290241186511,0.1946099354702156,0.0056149158253547,0.1918358122494719,0.0040602724562646,0.0014307756307662,0.0003878329982032,0.0806935508481905,0.0032496652502411
2111,0.0007470775075551,0.0002488961350882,0.0500084076999214,0.0057816545665988,0.047928199371851,0.0034490122728328,0.001026321877023,0.0003202380166884,0.015350832360948,0.0018163382489904
2112,0.0008024500143695,0.0001357395993376,0.0289030423399742,0.0042464505451661,0.0101393446031879,0.0016091112592115,0.0007978016252881,0.0001675897685237,0.0075694455504985,0.0009252778179468
2113,0.0009386826662467,0.0005808190434146,0.0269004433027237,0.0047635150111784,0.0131020817459468,0.0044374392661714,0.0008860189812879,0.0006531040584151,0.0076654520007649,0.0023702314269628
2114,0.0007228697644443,0.0003823350895331,0.0259787726189441,0.0034516845079584,0.0120544838664854,0.0027765984476035,0.0007726330575643,0.0004485857662798,0.0068355616925042,0.0016068247870504
2115,0.000791115495782,0.0001191998558289,0.0268484477360931,0.0042260767114091,0.011334042851056,0.002001267775911,0.0008037779755778,0.0001484192540855,0.0072144565640001,0.0010510649362411
2116,0.00074317364071,0.000282124565837,0.0691612691546079,0.0056852725324023,0.0664787935996731,0.0038610013428125,0.0010958529005017,0.0003697607534934,0.0197175151281566,0.0020401744784728
2117,0.0007111927314116,0.0004550308507623,0.0280081221943894,0.0037649307065065,0.0116203677420858,0.0033247629511902,0.0007476800434017,0.0005286667891668,0.0072436451016065,0.0019386868606914
2118,0.4624837032174076,0.046725616430692,0.0001105295091383,5.9474857385297225e-06,0.167950888179226,0.0037140330012322,7.728518068311326e-05,1.4846834517715156e-05,0.0002334396123039,8.343871135526318e-05
2119,0.0007764537809762,0.0001881979606142,0.028215053863054,0.0041851956456287,0.0127948043140263,0.0015550647677237,0.0007901928918415,0.0002338691886646,0.0073100034043978,0.0009558609881981
2120,0.0012429894978138,0.000286695348433,1.8298911556782516,0.0053291670583057,1.8252668386603288,0.0034618543472178,0.0033670462080858,0.0003943038087574,0.854672149813868,0.0044281094901711
2121,0.0007629753414371,0.0002115835059222,0.0284872988830381,0.0049820072820659,0.0222387202833976,0.0023297810513385,0.0008549225960881,0.0002659597295467,0.0084700768026626,0.0011622791602882
2122,0.0007554753707515,0.0002881610455423,0.0967906278367027,0.0058766909519166,0.0940550207443443,0.0043604153855896,0.001118230464953,0.0003801992753649,0.0266064708180226,0.0022462377769366
2123,0.0007967717236359,0.0001183436774528,0.0269486132468184,0.0037156807435214,0.0077154999506486,0.0016005114779706,0.0007002620414212,0.0001484894601451,0.0072269547945408,0.0010933560871241
2124,0.0013633284842851,0.0002847096545191,2.6504938831148848,0.0053239583367738,2.6434365274202034,0.0034265593047538,0.0036515901018537,0.0003922603942509,1.1877725697777983,0.0043599082243323
2125,0.0007399946098126,0.0002857310225966,0.1124512015854155,0.0056150767555484,0.109458824664161,0.0039583476296694,0.0012329141249673,0.0003783398691389,0.0349659860149729,0.0025145945316272
2126,0.0007493863717877,0.0002888838651891,0.1661075497455003,0.005731400793428,0.1632363333061173,0.0041846797380073,0.0013121706596399,0.0003840637223455,0.0579607379226277,0.0029254725053533
2127,0.0007433973664415,0.0002838439518754,0.1915190105860509,0.0056920977669337,0.1887009976768605,0.0041495194188252,0.0013375084536725,0.0003796057708784,0.0697304220593773,0.0030636051934524
2128,0.0011783751179275,0.0002862811402691,1.6935058665760203,0.0053624737548312,1.6887902243484645,0.0034846998616851,0.0032157097019194,0.0003943179615085,0.7991078657342551,0.0044441319551693
2129,0.001576436630009,0.0002772820254336,3.949056602562853,0.005406494553448,3.939604439927542,0.0033859043127339,0.0041551609156782,0.0003808040407486,1.6514802570819611,0.0042960645214655
2130,0.0007148811514531,0.0003803031192843,0.0257390558794944,0.0034276545100191,0.0106201257658313,0.0029562430761951,0.0006518160805169,0.0004477202188313,0.0072687622066442,0.0017364932692974
2131,0.4745949133364286,0.0440755645360468,9.287436457865252e-05,5.458494750818074e-06,0.1640001510591782,0.004148946479185,8.833767935677612e-05,1.5722043608740526e-05,0.0002436150815635,8.739504233158037e-05
2132,0.0016715806327976,0.0002738115943038,4.572217132962577,0.0054043177261759,4.563246977448323,0.0033900802205593,0.0043759173790387,0.0003751017578876,1.878677188134559,0.0042769280961534
2133,0.4332080286079413,0.0507183446945915,0.0001466281941661,7.580857224017193e-06,0.2049671720723025,0.0041614075892347,5.54959627425075e-05,1.6738034253760687e-05,0.0002839211164691,8.335279637558635e-05
2134,0.1235970825171869,0.0306611428334102,0.0004481840815109,9.276847109427236e-05,0.5312331632268774,0.0073988646543935,2.850084205112943e-05,7.866831799366206e-06,0.0004487225752003,7.573518975296098e-05
2135,0.0007203719572713,0.0002861983954659,0.3348881785333815,0.0054644225291421,0.3323575774764041,0.0039145942178257,0.0017416097003854,0.0003861150215573,0.1664672144320573,0.0039625611005787
2136,0.0014905979183328,0.0002782930780129,3.4752498085731767,0.0053198374405268,3.465872844115759,0.0033928878451445,0.0039490007435333,0.0003824465594643,1.4935761279916338,0.0042991974048093
2137,0.0007316608504075,0.0004112454727486,0.0244737394249027,0.0034807131191272,0.0127833754367833,0.0031652897851337,0.0008566831703469,0.000479748943917,0.0072918876685397,0.0017597368058075
2138,0.5344620651555986,0.0340265544145714,5.44816932036971e-05,3.132604372173023e-06,0.1406967072866948,0.007287987936247,0.0001066307913356,3.475720075508551e-05,0.0002636431653814,0.0001218638143816
2139,0.0007397039895085,0.0002978830715611,0.1408544674921326,0.0057078561486544,0.1379754419155523,0.004254454562976,0.0012453426234416,0.000395682300306,0.0443137876413577,0.0026857122258172
2140,0.0007928193576908,0.0001291940737562,0.0285780756633925,0.0036326252319964,0.0061478898958808,0.0014959258361942,0.0007281231290707,0.000161197643278,0.0075124740748064,0.0009149090962175
2141,0.001116442466913,0.0002860774968402,1.3580956203939374,0.0053083888560088,1.3534054044667982,0.003489981043772,0.0030734062838973,0.0003925766359469,0.650622109155418,0.0044010491004741
2142,0.0007324443405074,0.0002873314087963,0.3938514411281719,0.0054251823673939,0.3909579992746866,0.0037936007885128,0.0018434625761707,0.0003896441011162,0.1955143427699791,0.0040195384692838
2143,0.0007814586873257,0.0002229759965656,0.0275917576895869,0.0035619368938014,0.01039014813605,0.0024127601320405,0.0005620443920806,0.0002722854285665,0.0072968941205137,0.0015292447775206
2144,0.4854267775409878,0.0445414437101429,9.387715372666116e-05,5.0658301494146e-06,0.1631793908659921,0.0038346143705514,9.704052372841344e-05,1.8986016177931293e-05,0.0002022260579231,7.314545933757457e-05
2145,0.0007415304135241,0.0002886305415888,0.1763070058599369,0.0057044758163933,0.1734451154348488,0.0041785711439851,0.0013536135171624,0.0003847594478967,0.0651016696566222,0.0030521782984592
2146,0.0007382722814606,0.0002818108127134,0.1970448874844074,0.0054983380748359,0.1941608103295914,0.0038581687752574,0.0014874065909106,0.0003775767832419,0.083843148231067,0.0032460699873127
2147,0.0007297502417603,0.00029220146308,0.5984451267706159,0.0053738644095208,0.5953782839559645,0.003729417524741,0.0021453055334021,0.0003972861119402,0.3098241736895064,0.0044150774487931
2148,0.5387874104497672,0.0369327215561077,5.357752907714797e-05,2.920785042294555e-06,0.1403375163290372,0.0066102748025379,0.0001112624037398,3.692521533335522e-05,0.0002406425584137,0.000119207905722
2149,0.4510412160784052,0.0488123247777412,0.0001224670972774,6.436105914185333e-06,0.1738634715729559,0.0035952691372744,6.84094263091621e-05,1.3256416519359308e-05,0.0002611308916021,8.020121274828566e-05
2150,0.0007607541248669,0.0001817487498041,0.0265461851447819,0.0032461995516348,0.0084486185682768,0.0018458258716068,0.0006616082011887,0.0002250033863349,0.0070087117240665,0.0011344510286082
2151,0.0007412164361823,0.0002887190790588,0.126694247436722,0.0058323291019098,0.1240042882897742,0.0044117708479231,0.0011795054197934,0.0003831147502532,0.0364189146602953,0.0025162302089876
2152,0.0246600652789683,0.0020867815716864,0.2942610261305169,0.1648406504880676,0.0651985114767997,0.0242336523144349,0.0305189004256781,0.0020848679454167,0.2824619525087845,0.1539124770091123
2153,0.0007424121032358,0.0002933812636053,0.1442861604504697,0.0056822975221454,0.1413610927514906,0.0041747779722362,0.0012785423655722,0.0003901805225411,0.0487186519481717,0.0027733130146505
2154,0.0007838182443204,0.0002247810050667,0.0271216953444239,0.0050108660395497,0.0214250132702725,0.0022805527317851,0.0009108227962476,0.000284534796766,0.0084092117348727,0.0011823098039474
2155,0.0007725820796767,0.0001325222817958,0.029191925237396,0.0039339123108208,0.010009056817516,0.0012928632152076,0.0007908659411913,0.0001621881397346,0.0075269991518487,0.0007638995494459
2156,0.461500391670209,0.0479599695603141,0.0001110436305341,6.002226017148334e-06,0.1668432755617175,0.0040224339285398,7.792326425927205e-05,1.7842465056371e-05,0.0002294036842896,7.30180048173257e-05
2157,0.0007583686865546,0.0002248569051112,0.0291642732502419,0.0050899276378128,0.0209642332380812,0.0022391435932498,0.0009489501865649,0.0002851596026875,0.0084131715011561,0.0012797162745731
2158,0.000785548803655,0.0001360433739096,0.0287478236523915,0.0042600683546308,0.0137388108162623,0.0017771308114425,0.0007668434266123,0.0001677617880084,0.0075143180382476,0.0009533775863283
2159,0.0007491621033689,0.0002781038629721,0.0517920838120471,0.0056050118474953,0.049270974245383,0.0035314341040965,0.0010402317950384,0.0003629581255938,0.0147066661252065,0.0018135140326312
2160,0.0011275008614537,0.0007234659298216,0.0474835348929103,0.01495949650192,0.0172785772121039,0.0052066094535332,0.0011035044208638,0.0008031279790146,0.0163337153444823,0.003599595006421
2161,0.0015593948760891,0.0010062858526125,0.1290227498198721,0.0530145043597127,0.031118160409062,0.0085751926345192,0.0021548040714701,0.0010601255349867,0.0410219288251163,0.0125114725382939
2162,0.0007626464156483,0.0002625895223337,0.0286811307543606,0.0052139411764979,0.0219636839384367,0.0026503482007683,0.0009656318279575,0.0003370745898443,0.0081561534234694,0.001421364424901
2163,0.0007491157638765,0.000280928874313,0.1544483820200295,0.0056295519588603,0.1513978166633582,0.0040830475820351,0.0012926470797993,0.0003733865524981,0.0496341406737584,0.0027767475801737
2164,0.001705319656131,0.0002737794047132,4.328939781142481,0.0054246122824645,4.31585987470528,0.0034011315336419,0.0044568411564042,0.0003739328272585,1.7965799287979607,0.0043837643774756
2165,0.0007289668956766,0.0002798469256255,0.2121622234352332,0.0056209135191137,0.2092735551668507,0.0040935950691479,0.0013924133319251,0.0003752108415048,0.0815489361711222,0.0032306505520056
2166,0.0007702726281386,0.0002289893374159,0.0289231134356564,0.0049296679947157,0.016871552736537,0.0021886849051459,0.0009045375312345,0.0002904313359491,0.0076571028785136,0.0011749068348523
2167,0.000730322330532,0.0002915341494334,0.1843894161102392,0.0058564256329755,0.1816243195653799,0.0043558472250777,0.0013074788926338,0.0003876805064647,0.0622244553721661,0.0029947083594192
2168,0.0007828514281546,0.0002513345711409,0.0274991581609138,0.0050780839992931,0.0195329332061986,0.0023092427845071,0.0009582895062385,0.0003195018092592,0.0073053206548225,0.0013368680191779
2169,0.0011792081216494,0.0007603632927108,0.0259299353958222,0.00493658414921,0.0161482682516434,0.0051785608710816,0.0010832388918268,0.0008254336755973,0.0099492077927492,0.0028683646964274
2170,0.4277981062694971,0.0560556311623357,0.0001540395494712,8.076261095618496e-06,0.2140723102990459,0.0030986743605077,5.2041211851374136e-05,1.3297135884366849e-05,0.0002562933418566,6.74975421695497e-05
2171,0.1831287301264986,0.0069172184979479,0.1747433356922864,0.0151279402428935,0.2086938759342926,0.0619953724626285,0.0122376314036967,0.0039273628063568,0.1284051861977139,0.0150919059808603
2172,0.000748953695016,0.0002888474281961,0.0852172736728027,0.0056554170907757,0.0823035215733005,0.0038999077374937,0.00114566330698,0.0003810110850279,0.0235985223317394,0.0022017178507821
2173,0.000693072047928,0.0004627275917769,0.0255740707098629,0.0036592359187547,0.0140816109142167,0.003356448527779,0.0007681064025539,0.0005353252480973,0.0067421133868393,0.0019740519163904
2174,0.0016934555601321,0.0002750291220013,4.54651235575332,0.0054428281842678,4.53628211244287,0.0034037115973455,0.0044316343294181,0.0003767172339401,1.8698288362141893,0.0043235340560223
2175,0.0008040277021775,0.0001423135260427,0.0283650634441118,0.0036590277095973,0.0065499419882685,0.0016876685069235,0.0007244182312872,0.0001772461937635,0.0073936512739377,0.0010391687204407
2176,0.0007818754302727,0.0001201313374639,0.0283888438296569,0.0035431330785499,0.0072829530852319,0.0013659021354755,0.0007017795919535,0.0001498502183547,0.0072019293512572,0.0009614331259136
2177,0.0007555000305839,0.0002456594521202,0.0281931321533232,0.0034069533089147,0.0093105651298545,0.0022266534458545,0.0006329725470997,0.0002984287939369,0.0073256554891814,0.0013148461573508
2178,0.0008577479015546,0.0002860232940032,0.8213100890576799,0.0053350423623685,0.8175872360254248,0.0035979557636211,0.0024612232227012,0.0003901671244663,0.4250396422672819,0.004509073184476
2179,0.0007791054287895,0.0001534250317975,0.0273417630618491,0.0034727852436419,0.0074958606508716,0.0017123172526979,0.0006752526703407,0.0001926582340937,0.0072425897863163,0.001096697520715
2180,0.0011609625694339,0.0002870484193149,1.6280862508487042,0.0053276576200872,1.6231554405881756,0.0034780674077194,0.0031792107562996,0.0003949578165845,0.770978677923564,0.0044162198152847
2181,0.0014323392395507,0.0002885433126299,3.2891417859168017,0.0053257935529106,3.279463704400297,0.003426180832256,0.0038113790480468,0.0003968377263752,1.43003102334621,0.0043574628149453
2182,0.0100176976583506,0.0012689019915306,0.3878919295846081,0.2290242920876779,0.1580852639959634,0.0586127420718967,0.0156835287562076,0.0013206537582285,0.3576299383505371,0.1868323195375847
2183,0.0007512328015268,0.0002992661537792,0.2579999458090857,0.0057218042616184,0.2551917309083359,0.0043406014446669,0.0014187396948468,0.0003999948540227,0.0988304946855271,0.0034903311708935
2184,0.0023722610378408,0.0020660959770221,0.0506564666513527,0.0114995661095645,0.0347397286109932,0.0152198508654696,0.0023921643985474,0.0016629759388492,0.0183859590753636,0.006796948795115
2185,0.4768731679480901,0.0410185294423721,9.236809914427338e-05,5.209312473116529e-06,0.1627055700114403,0.0048803197030567,8.912405922901854e-05,1.805207734891332e-05,0.0002278662270737,8.441076710750954e-05
2186,0.0027927936406287,0.0009716444939622,0.1888215955361707,0.0837997796068007,0.0831556820253888,0.0212923318085975,0.0050596730944022,0.0010521524906932,0.1510086903510314,0.0498530690713647
2187,0.0007480154317907,0.000276218274188,0.0286517816035224,0.0050942812150421,0.0203781862754362,0.0026246085271387,0.0009833434029729,0.0003580883380087,0.0074983847743593,0.0013988816293048
2188,0.0007179368009235,0.0005006271325449,0.0246494429000591,0.0039711789438768,0.0127028488192089,0.0034508697593461,0.0008778496625946,0.0005774535562459,0.0090735648533974,0.0020172464776716
2189,0.0007398935055232,0.0002854284892684,0.1137976753825329,0.0058430654370543,0.1109648655104666,0.0042457665052621,0.0011799403710109,0.0003774875057643,0.0326134778862139,0.0024306310167069
2190,0.0007803141571281,0.0002195948556529,0.0284767026310749,0.0034063675469992,0.0093990502715206,0.0021980212766391,0.0005972584590875,0.0002703213346405,0.0075976452021073,0.0013723732362776
2191,0.001433052231796,0.0002771874297373,3.0791447313651283,0.0053322015483838,3.069859964398937,0.0034086224628514,0.0038133928112018,0.0003823721555965,1.335865030169256,0.0043489950838017
2192,0.0007932024062304,0.0002835298554249,0.6545309961304238,0.0053973938702334,0.6509270930949801,0.0036343679045156,0.0023088308768309,0.000387539618483,0.3416054605087692,0.0043507046657598
2193,0.0009211299387964,0.000286623526216,0.937117127890614,0.0053546439274156,0.9336096572494944,0.0036045298577333,0.0026040796510328,0.000390579568451,0.4741143532496711,0.0046262106190364
2194,0.0386498421443715,0.0050559352563442,0.0028753170271733,0.0010886415382505,0.4184992872708939,0.0062222095738379,0.000413489555847,0.0001123181455771,0.0028427757754555,0.0010978382143154
2195,0.0007448687184758,0.0002807812477593,0.0533099955067011,0.0055578414499876,0.0504778465017947,0.003449385486445,0.0010981198258991,0.0003666539530118,0.0155526371825163,0.0019481223948588
2196,0.0189517313372819,0.0020742699341802,0.22951259375845,0.0686307208198567,0.1032188436104565,0.038393588131135,0.0192196704287621,0.0018710298064485,0.1459356234791845,0.0662455800153259
2197,0.0007546133015863,0.0002774951839082,0.0837962596706869,0.0059072034970484,0.0810207129635608,0.0040814302512242,0.0011104472510058,0.0003619736903259,0.0236343965582941,0.0021492251513985
2198,0.0171372079662725,0.002306806897452,0.1909270921812215,0.0551047958013522,0.0912271645332649,0.036591080961215,0.0169103533860723,0.0021969367726735,0.1198978841173277,0.053680401253461
2199,0.0007498197084253,0.0002677421505523,0.0835966038467811,0.0060652849355311,0.0811264167004838,0.0042310240020045,0.0010985611710042,0.0003491498318366,0.0245865212942625,0.0021789278989303
2200,0.0007245149323096,0.0002895442680564,0.4067785478430162,0.0053954357456201,0.4038452166682094,0.0038325746049234,0.0018326282878922,0.0003929829411117,0.2038427404279849,0.0041189174240847
2201,0.0007562565713248,0.0002760941518824,0.0506318049785242,0.005563344866911,0.0481497299799219,0.0034582307033374,0.0010300094903125,0.0003592560498787,0.0137948535218441,0.0017302403989884
2202,0.0007491808754316,0.000320834298132,0.0276867837874165,0.0039792016472207,0.0115009812823327,0.0031407024707798,0.0005756512532806,0.0003827484959041,0.0072019573948442,0.0016913764042224
2203,0.0008934012474371,0.0002909837642622,0.883256754877661,0.0053638181780674,0.8791112943898418,0.0035894197658897,0.0025484228452866,0.0003984189552295,0.4511829145822433,0.0044777528037651
2204,0.0007425582329775,0.000294265766625,0.1636938086665069,0.0058121831523192,0.1609287946647318,0.0044194103082346,0.0012683502890897,0.0003900499368723,0.0535262063631075,0.0028533084096321
2205,0.0007413694656987,0.000340006157057,0.0287175988666687,0.0040386478168621,0.0121495797729805,0.0031562065472026,0.0006449291330647,0.0004037301849042,0.0074124598014357,0.0018878077469659
2206,0.4312674758512019,0.0512127647325971,0.0001312531754357,7.340710187942035e-06,0.1938376122292402,0.0033356799082157,5.481168223469886e-05,1.3938800316490784e-05,0.0002771357589044,7.779771372464029e-05
2207,0.0007598328350791,0.000200885377983,0.0271412146810685,0.0033869968600458,0.0094498378734376,0.0023071396408945,0.000625807690581,0.000246013930749,0.0070053391779745,0.0014890381672353
2208,0.0007312563358117,0.0002791586707044,0.3108717479694137,0.0055080407828193,0.3081434532682052,0.0039262395094549,0.0016286529079666,0.000376316457687,0.1428877568132783,0.0037800935251677
2209,0.0007449670975256,0.0002850845319598,0.1676312990733521,0.00563757551407,0.1646638344357082,0.0040631421977792,0.0013346795428501,0.0003820772829076,0.0616370139817311,0.0029636532573987
2210,0.0007423737210205,0.0002894904834108,0.2289380553979457,0.0056550506402291,0.2260601731193452,0.0041844375888583,0.0014115106966583,0.0003891147795828,0.0881701209859441,0.0033298822900907
2211,0.0008109458776764,0.0001520253799772,0.0279589675561673,0.0033910646390719,0.0070139279870978,0.0016177788754803,0.0006617870025154,0.0001900449623219,0.0073726563578414,0.0011558109255891
2212,0.0007319639599993,0.0002832815825255,0.1981036055165114,0.0056017723692768,0.1953144389127268,0.0040068700243159,0.0014165254043933,0.0003799165377628,0.0797639779765894,0.0031997430902303
2213,0.0007893593509669,0.0001212451141687,0.0284846443314864,0.0044347038467371,0.0150206301648424,0.0016928086408512,0.0008063770872699,0.0001487885755883,0.0073741382122928,0.0009485695439873
2214,0.0007785436423557,0.0002136424428849,0.0282785131490913,0.0049325639556127,0.0190879752031632,0.0020302636812977,0.0009192037014876,0.0002692751032522,0.0078783113222396,0.00119347925029
2215,0.0007621759792783,0.000243583884129,0.0283445839496234,0.0044937239366627,0.0097296441799067,0.0018014096959452,0.0008584111762898,0.0003104083206193,0.0074139136906304,0.0009394553894748
2216,0.489388172643171,0.0360372505778813,9.160592248357874e-05,4.933084020847264e-06,0.1615022104928478,0.0048057161058086,9.681747524664204e-05,2.181311578389858e-05,0.0001828083625205,7.62960883074872e-05
2217,0.0007932215446803,0.0001263012543263,0.027869184628657,0.0038462797750202,0.0104524863168859,0.0014223970775494,0.0007123671830721,0.0001550569565802,0.0071429482603015,0.0010121797408588
2218,0.0007826228595907,0.0005007533823831,0.0254606923403096,0.0038707099884191,0.0123533506026711,0.0034693523253268,0.0008094800442,0.0005758332381298,0.0084653179800941,0.0020587369074604
2219,0.410179146165999,0.0564702593882084,0.0001827496173517,9.09710121152053e-06,0.2410537136715108,0.0034837115820493,4.223827259866156e-05,1.2730771106717912e-05,0.0002845356804972,7.376631729245029e-05
2220,0.506048813259975,0.039503128308558,6.987527313349486e-05,3.9380712578215735e-06,0.1509341300338216,0.0050419154043616,0.0001119665263044,2.2324735769845432e-05,0.0002390867023708,9.435753391078012e-05
2221,0.0007499805412878,0.0002855202730955,0.0787357090736017,0.0057034477478501,0.0758092017694827,0.0038409867374491,0.0011234624330552,0.0003733887613611,0.0214853840526788,0.0020987666309433
2222,0.4767247277802759,0.0448275740588587,0.0001000149375386,5.364503927899259e-06,0.164848899754245,0.0038672256265357,8.955312460886789e-05,1.6724462408078144e-05,0.0002137948183143,7.393956693482004e-05
2223,0.001534549815657,0.000275896179536,3.360775606646936,0.0053656110069548,3.351718451186279,0.0033799519619292,0.0040586196728175,0.0003784706616172,1.4415966517508196,0.0042684379485586
2224,0.0013675853570723,0.0002798306402867,2.71203268554134,0.0053064864142071,2.704706187906228,0.0034262067624334,0.0036583258103043,0.0003857235574166,1.2012497212314346,0.0043912102549049
2225,0.0007304025916409,0.0002931714005854,0.3768842240029865,0.0054987499932184,0.3742962380371492,0.0038856039107252,0.0017841859547785,0.0003957677174325,0.1845519320784429,0.0040576310697158
2226,0.4898577554655611,0.0427399377850824,9.047421067101522e-05,4.845514810968634e-06,0.160195832430038,0.004105278923809,9.554327755108914e-05,1.9757625688563695e-05,0.0001843245090101,7.609033409828177e-05
2227,0.0007824859858122,0.0001213599473126,0.0289168898102772,0.0034565027726415,0.0063239448229927,0.0013163560347169,0.0006999882026297,0.0001527153802159,0.0075787524194466,0.0009531270422969
2228,0.0386180110716293,0.0029346462847451,0.2028103983667159,0.0726995189109803,0.1184175157197242,0.048692777368412,0.0291469234819879,0.0027790073464432,0.1590204988542836,0.0704327890349258
2229,0.0009268078596558,0.0005984587997446,0.0993644344196742,0.0352887603694845,0.0260536847951062,0.0057952372751534,0.0009713497450102,0.0006782917952047,0.0355553768074932,0.0055243441238943
2230,0.0007826453487684,0.0002447685021546,0.0281014248302981,0.0051259972526134,0.0238539890896219,0.0024136505154673,0.000929669642882,0.0003118381505078,0.0091037292472322,0.0012885571080521
2231,0.0007491029704731,0.0002750343153717,0.0559791002994435,0.00568326808071,0.0533441348790848,0.0036639727430872,0.0010772910442683,0.000359609225953,0.0163954114045209,0.0019364525180567
2232,0.0011395796653839,0.0008257216715279,0.0254389446912082,0.006925515706998,0.024116574692501,0.0072287443665663,0.0012167825452236,0.0008961864249821,0.0124725773553397,0.0037848855462138
2233,0.0007911736404312,0.0001190611759266,0.0283533746973259,0.0035935604991096,0.006739066899242,0.0014782735689058,0.0007081795826459,0.0001479651990228,0.0074193572650201,0.0010607421654291
2234,0.0007423910060143,0.0002923355664618,0.356731746181857,0.0054427427070314,0.3539865905896647,0.0038503971689875,0.0017700377526449,0.0003951000640065,0.1779435234775243,0.003966894031843
2235,0.0008689400429694,0.000603266127913,0.0699492011318567,0.0192708676565184,0.0190672804591254,0.0050435081048724,0.0010084331969906,0.0006908945659314,0.022012072462887,0.0040196539904177
2236,0.5034367303059044,0.0326538503800691,8.07939475817779e-05,4.420391083478095e-06,0.1578642353769607,0.0074675779516447,0.0001040566312846,3.289482996454098e-05,0.0002424155463621,0.0001103550509254
2237,0.448567827897736,0.0484507417900958,0.0001260875500001,6.509130479738605e-06,0.1789396264706263,0.0037210901536052,6.606266888358839e-05,1.4394951749265284e-05,0.000269645872104,8.226221263173457e-05
2238,0.0016410950729945,0.0002818087111534,4.574838751918252,0.0053589805655035,4.565026489936977,0.0033822859536613,0.0043106016365088,0.0003862304408699,1.8738203147409929,0.0042616815818366
2239,0.0007373478539105,0.0002885407101087,0.1425821292540134,0.0056823188764495,0.139702348439063,0.0041004551260693,0.001311974334205,0.0003833934300704,0.0507103191865647,0.0028270255487902
2240,0.154606884916063,0.0080035387112029,0.2631913598535798,0.0119868385674625,0.1717108082758232,0.0907707632641696,0.0136577089704199,0.0038212849807626,0.1723262840370286,0.0119591008611291
2241,0.0007693362997667,0.0002527431541643,0.0288363660616545,0.0052974500288138,0.026459455604178,0.0026450429416052,0.000910347705468,0.0003221685944111,0.0099691353722038,0.0013596783530378
2242,0.0007429293444807,0.0002711518896107,0.038369711739262,0.0055145039445489,0.0358680223008335,0.0032289941034569,0.0010499517912941,0.0003511175574569,0.0115300982458813,0.001788635053903
2243,0.4993475568671682,0.0423177253052955,8.28125060492645e-05,4.427129194331149e-06,0.1578292025471488,0.004138127632368,0.0001047025369976,1.899069692240304e-05,0.000234416740521,8.365794241008544e-05
2244,0.4240437944839022,0.0549257174873273,0.0001587560318666,8.358652911277708e-06,0.2206624609270796,0.0034692039714774,4.881073343289904e-05,1.4655777583944986e-05,0.0002580824515853,7.236672478204569e-05
2245,0.0007703224672958,0.0001782923733219,0.0286776817890123,0.0038236027219845,0.0070380077409664,0.001122096238154,0.0007841954822806,0.0002197780543946,0.0072018753649736,0.0007748065205947
2246,0.2414322323621451,0.0070664189379525,0.1623695128886705,0.0224668356144986,0.1190636360248323,0.051451965015327,0.016139848006576,0.0049100006967088,0.1300512638680867,0.0223961358478638
2247,0.0007530240217444,0.000279868798332,0.0783063884803395,0.0057589684730267,0.0754720753525839,0.0040796864523318,0.0011015586533124,0.0003692786228565,0.0220760143569403,0.0021134300270618
2248,0.0007398338928632,0.000276652571445,0.0513238307978262,0.0054974183567103,0.0487170034416968,0.0034575742832922,0.0010416838901462,0.000360476616123,0.0139419337256384,0.0017388831374342
2249,0.545346558681333,0.0351496204895364,4.747827644508999e-05,2.623059345746254e-06,0.1338183456735552,0.0077554834941075,0.0001030654624041,4.572808286778588e-05,0.0002945415269092,0.0001359585297468
2250,0.0007874321323734,0.0001249547546008,0.028352410589964,0.0036852937488402,0.0082545890364346,0.0012010964822673,0.0007224060577092,0.0001540549692648,0.0073407472634208,0.0008623257779956
2251,0.0011565233869512,0.0006900171194677,0.0519399095941272,0.0145074229229729,0.0160285543887184,0.0050995849479876,0.0010541476015025,0.0007644306250318,0.0131225545084152,0.0039531563477212
2252,0.0007521140985164,0.0002512459891083,0.0365065760573475,0.0055397933425797,0.0337681956346828,0.0029909137146084,0.0009209276748748,0.0003210771619344,0.0121465131956351,0.0014223856261907
2253,0.4167015273296963,0.0563848767621555,0.0001726767500905,8.54899684516201e-06,0.2316883407187455,0.0032985380071948,4.577360923655541e-05,1.4957720645610978e-05,0.0002963949812923,7.822702974141019e-05
2254,0.3748761628743012,0.0632553299414189,0.00026692958153,1.30747789823722e-05,0.2815090341203345,0.0047185950501641,4.321550745831968e-05,1.9995402685692707e-05,0.0002954197266211,8.159817716043205e-05
2255,0.0011204627381283,0.0002875123523185,1.4464844896966396,0.0052888270052404,1.4417890441947965,0.0035027313628287,0.0030796992965686,0.0003943282757598,0.7014701258868001,0.0045279588737866
2256,0.0010112064192607,0.000281041213572,1.1399241172004495,0.0053564764208033,1.135249631231324,0.0035131527707081,0.0028273102339429,0.0003868306588952,0.5587883775675311,0.0044301804156756
2257,0.5257811583693338,0.0383956286698135,6.286072661029837e-05,3.381443778211911e-06,0.1455200135836336,0.006703435881411,0.000119901076002,3.087866942854688e-05,0.0002833321668005,0.0001162952668396
2258,0.0007859591429484,0.0001814805192965,0.0286691950621298,0.0034693360289337,0.0103496552008137,0.0022414670139226,0.0005885053803627,0.0002237611724599,0.0074524339989887,0.0015272913467431
2259,0.0007859690437897,0.0001041241025428,0.0271373190946067,0.0035866341797455,0.0053424557318096,0.0011689945516893,0.0007533859276046,0.0001298064521832,0.0074010711723058,0.0008066183250307
2260,0.0007255988012097,0.0002933301495085,0.3407503291701284,0.0054512852198579,0.3380772434883769,0.0039211982576753,0.0016967197467904,0.0003955785862183,0.1660765575176214,0.0039432259261936
2261,0.523261784411815,0.0341079841940642,5.74301470289184e-05,3.3740862569738017e-06,0.1432873015653794,0.0058045361665995,0.0001117660902235,2.916258997935286e-05,0.0002128404637875,0.0001018376119793
2262,0.0007451199457923,0.0002830399982414,0.6030717277842501,0.0053654093783048,0.5995054607199028,0.0036385055375275,0.0021971466731845,0.0003861317664627,0.3150357031106107,0.0043163870913049
2263,0.001521320465852,0.0002737255784687,3.5027258911472785,0.0053365212031298,3.492729586426324,0.0033845407836439,0.004019137529156,0.0003757924022255,1.5018618258072851,0.0043311020616959
2264,0.0007668217790201,0.0002125905462025,0.029176376338562,0.0049925143601176,0.0225405508047448,0.0022096583715595,0.0008503734378266,0.0002661349763033,0.008405266469918,0.0011618260246116
2265,0.0007441664000177,0.0002852583207409,0.114009333998154,0.0056711938819417,0.111035398610607,0.0040094984455943,0.0012062379586983,0.0003791528593624,0.0344817033476283,0.002479441447618
2266,0.0007464606910111,0.0002580988735983,0.0484513249839482,0.0055741029131977,0.0458350351008112,0.0032979293689175,0.0010374740642169,0.0003349675742935,0.0133229340477587,0.0017460746833859
2267,0.0007226811101827,0.0002847387381711,0.5772368787556483,0.0053917267783772,0.5740939809357664,0.0037320988385366,0.0020728719348121,0.0003877617557419,0.2973444222286568,0.0043662736378459
2268,0.0007978563151167,0.0001236122745226,0.0273235776667214,0.0042208205933432,0.0145496080587698,0.0018029079706707,0.0007615038719885,0.0001528228845231,0.0071823761558431,0.0009841472998633
2269,0.0015957666976745,0.0002816339689887,4.2738284817262695,0.0053294824547768,4.264271457313537,0.0033767425505607,0.0042013755005491,0.0003855766395801,1.7542720666265776,0.004266177839084
2270,0.4534165034418206,0.0467531323171421,0.0001086086676674,6.068481983671615e-06,0.1696717766797832,0.0041250577438897,7.588718422716106e-05,1.9418469340231823e-05,0.0002510418871272,9.24177503829942e-05
2271,0.0007615873472042,0.0002506805948142,0.0320854842481557,0.0054012256754572,0.029352709811684,0.0027747194388952,0.0009850729718367,0.0003214625700601,0.0107535051725202,0.0015181766753176
2272,0.0009522743651659,0.0002888022827174,1.0358295951928858,0.005332294284104,1.031516308038206,0.0035622569911146,0.0026847089992833,0.0003949071764134,0.5199063863437496,0.0045089123601485
2273,0.0007882542623994,0.0001127221756593,0.0276559923870797,0.0034495650620231,0.0062414565911015,0.0012617134651765,0.0007235373438608,0.0001417300155711,0.0075093972936005,0.000953334441259
2274,0.0007248487254009,0.0003555271313649,0.0254434308536416,0.0034518832015158,0.0111847220929383,0.002896132376754,0.0006025540165136,0.0004204416712421,0.0066407856469649,0.0017062077589198
2275,0.0007362399389383,0.0002927667856132,0.1051453504545859,0.0055105308153358,0.1020779364465798,0.0039310833298362,0.0011957545938421,0.0003890585624835,0.0300223481378485,0.0023830709740137
2276,0.0007701293527341,0.0002278505472315,0.0327448244484405,0.0055984881453388,0.0303508191955702,0.0029007056917535,0.0009787422433752,0.0002890858812766,0.0112752702003275,0.0016283442615311
2277,0.000775693735029,0.000239493503538,0.0293551369879218,0.0052782684002201,0.0272255929344484,0.0025748631385322,0.0009088833370032,0.0003042796673959,0.0099933200409002,0.0013420009941769
2278,0.0007510554152739,0.000342404306025,0.0259411957684207,0.0034958683622202,0.0121212050480546,0.0029555942443197,0.0006480150889113,0.0004054491548982,0.0067814241684934,0.0017480106237929
2279,0.0007913694826878,0.0001193212440871,0.0289281228658648,0.0039312243528797,0.0101989186106229,0.001487910696878,0.0007385215953058,0.0001472471557032,0.0075162594413476,0.0010203342258055
2280,0.5108732084684002,0.0391804027329339,7.39474845737352e-05,4.013208272210973e-06,0.1534051794615418,0.005227593442869,0.0001134548179956,2.6778269151531032e-05,0.000186826478183,9.387595040506124e-05
2281,0.4740744590412798,0.0440717266124998,0.0001011916135359,5.436283497533516e-06,0.1640085366880835,0.0040427338487931,8.358352512002262e-05,1.7046284827571548e-05,0.0002211280495658,7.516906593620574e-05
2282,0.4412761589088608,0.0486714521624217,0.0001255204421384,6.761516767390755e-06,0.183788988036492,0.0038121350330499,6.158377914422728e-05,1.621415373502187e-05,0.0002713308185045,8.469913673581063e-05
2283,0.00880363596877,0.0012065110767515,0.183410433174971,0.0847013286573805,0.0862165350648723,0.02607287937589,0.0128197725804622,0.0012913524722569,0.1613769657477624,0.0776408983418949
2284,0.132131024855701,0.007325483710523,0.2294062600683437,0.0137657147372551,0.2369024824226757,0.0619963642417568,0.0127538404613279,0.0039513879317491,0.1791633523720791,0.0137361929960409
2285,0.0007597128796263,0.0002339717911262,0.02819238086613,0.0032904599068568,0.0099306797464808,0.0023116449833168,0.000557684687336,0.0002856576629565,0.0072429338407239,0.001407413397941
2286,0.0007941751876811,0.0001277447086423,0.0278928329810809,0.0036708885432343,0.0081952729164367,0.0014513606890689,0.0007006383539898,0.0001582806856422,0.0072478913907749,0.0010119850365754
2287,0.0007977188382824,0.0001168969379212,0.0287604181908341,0.0039067472103181,0.0099387096887689,0.0017462516167752,0.0007188748188219,0.0001450123600607,0.007609673254251,0.0011066099234883
2288,0.0007471333937874,0.0002899988693057,0.0685331819350713,0.0058259158967798,0.0660878299478575,0.0040340198113506,0.0010603926879642,0.0003800081728047,0.0188886516355883,0.0019498982798573
2289,0.1112845652891129,0.0060008198126548,0.161145825783303,0.0484978906586865,0.1118083511807282,0.0579924712687986,0.0248332888423516,0.004919609036901,0.1182417992387621,0.0481659882577935
2290,0.0007908443942665,0.0001364913184815,0.0280753126441135,0.0043875310358943,0.0145197032223481,0.0018740135696537,0.0007833235354835,0.0001680434985468,0.007397244063011,0.0010879017788817
2291,0.0014571454041008,0.0002870537635081,3.349875956670982,0.0053112430373756,3.339597172285343,0.0034194762048897,0.0038696422504349,0.0003945750703258,1.4504715104864676,0.0043498770797792
2292,0.0007475523770926,0.0002657841031562,0.0364309876969892,0.0053788382506196,0.0339633926836862,0.0031592983630881,0.0010063324660658,0.0003463369154996,0.0106803981528082,0.0015895100057543
2293,0.001538096559504,0.0002810329957511,4.122051493482869,0.0053347516585155,4.112588416245192,0.0034007792656188,0.00405735843628,0.0003859666794378,1.7155026022414448,0.0043151400001331
2294,0.001064623957421,0.0004940079365636,0.0715110156645519,0.0124429975547532,0.0164788026550272,0.0042876221971802,0.0018295474549161,0.0005712492430865,0.0194787851416322,0.0028910130451497
2295,0.0007640492589243,0.0002140971126582,0.0291407440983676,0.0043311441027293,0.0104810107046808,0.0015131526432129,0.0008397271256152,0.0002698286598973,0.0075893067402379,0.0007826875395362
2296,0.0007753035363022,0.0001522150864906,0.0291473251912308,0.0037918292533716,0.0063840205421797,0.0009968577062528,0.000750073860779,0.0001878837101783,0.007615291843863,0.0007919623388349
2297,0.0047251068709225,0.0011250312659032,0.4020040838218593,0.2763123441574844,0.2219959595161613,0.0629320540093223,0.0091718577081665,0.0011828316203999,0.3116092487864186,0.1112202876812434
2298,0.0011926517530983,0.000708255504421,0.024700632726681,0.0047990163463356,0.0151708001332998,0.0041951927644802,0.0010669712908321,0.0007815770862817,0.0076012812952487,0.0023718184433936
2299,0.0007674881141978,0.0002296596769137,0.0282331691463611,0.0052362616422955,0.0258343608537032,0.0024968433099263,0.0009422766542813,0.0002909229431308,0.0095119487562007,0.0013691827481097
2300,0.0011853857530418,0.0002866341033695,1.8090127883256568,0.0053207764018245,1.8039295278025016,0.0034866102259844,0.0032361097266297,0.0003959086629168,0.844434485404648,0.0044648318835541
2301,0.0007319244209424,0.0002933722046792,0.131109776914383,0.0056603209699021,0.1281255364901198,0.0040475937050484,0.0012648802226826,0.0003907030896431,0.044443345597701,0.0026829974365724
2302,0.0016027584119176,0.0002806699245422,4.728867795115596,0.0053209364411567,4.719294673564185,0.0033883418598386,0.0042135119657873,0.0003849250104374,1.9175235667738764,0.0042872686691499
2303,0.0017221148629597,0.0002803335298921,4.35345707908878,0.0054463300031066,4.339887950395305,0.0034097797226381,0.004497263825079,0.0003817739406738,1.8052423230231167,0.0043912502610034
2304,0.000730767478957,0.0002833482266015,0.1652151037693703,0.0055330975904722,0.1622545305937971,0.003919613133955,0.0013774865865903,0.0003794993028943,0.0638024960927478,0.0029822380893975
2305,0.0014437709441468,0.0002829097323315,2.9949535989602656,0.0052994244191646,2.9860052948346145,0.0034060327432274,0.0038384291405933,0.0003884316381197,1.307756447065049,0.0043146175255644
2306,0.0009091663803238,0.0002811040593103,0.9377110277550248,0.0053043018174379,0.933508976323154,0.0035740443416671,0.0025836923729717,0.0003852757269531,0.4775656080444888,0.0044796092933459
2307,0.0007372652429242,0.0002822306359923,0.118822947071829,0.0057142067912069,0.1160106396925988,0.0041103002853523,0.0012420327077584,0.0003740107308185,0.0386712141496912,0.0026015002918587
2308,0.0014193426401023,0.0008912470569965,0.1953056800673547,0.0935735149082765,0.0678178899132143,0.0144492270793517,0.0031741077045468,0.0009736072693861,0.0857370384287772,0.0178891134645592
2309,0.0007916552698489,0.0001172395285617,0.027472111158734,0.0036807106939272,0.0087437585971248,0.0015648413852015,0.0007103131326418,0.0001468226910265,0.0071892107063353,0.0010161294452527
2310,0.0007832980031859,0.0001869861774245,0.0290742305909246,0.0041600468510797,0.0077493378724771,0.0012374985605363,0.0008061416781071,0.0002333089689586,0.0076891717329401,0.0008135921237643
2311,0.0007314400870247,0.0002867631260482,0.0916085443416844,0.0056946208671371,0.0887436363182521,0.004070446554296,0.0011485904765085,0.0003776499447736,0.0258719314009811,0.002240418673654
2312,0.5420197710920714,0.0273998622931689,5.019292573153972e-05,2.9523268807742086e-06,0.1362628213821662,0.0109711629275329,0.0001659589632283,5.201053840032392e-05,0.0004144547752765,0.0001512349822585
2313,0.5256810192800081,0.0357938827826184,5.695803806201923e-05,3.308029438223851e-06,0.1419012233974021,0.0076400420136685,0.0001092185312157,3.298275808724495e-05,0.0002730910340443,0.0001234104621285
2314,0.5483920907535261,0.0331983840528969,4.428219117903702e-05,2.550442930949297e-06,0.1293398760226598,0.0078990495925645,0.0001083368076164,4.761026900736336e-05,0.0003229404259575,0.0001442267769123
2315,0.000762186428987,0.0002227632322283,0.0290395930437194,0.0043105377110873,0.0155696596918506,0.0015840017747544,0.0008446021422578,0.0002811475267277,0.0076702895316407,0.0008123387688507
2316,0.0007334713701529,0.0004489040882512,0.0252794696235663,0.0034600542637033,0.0141767230853314,0.0030895678492997,0.0007784161195049,0.0005227150071653,0.0067174146161109,0.0016657102276362
2317,0.0007928290000837,0.0001743726491811,0.0293523854192587,0.0045989477897272,0.0149759539452598,0.0020711749018955,0.0008287520989238,0.0002145626667418,0.007663253137421,0.0011450454232561
2318,0.0007406842301737,0.0002844727170156,0.1326577786483811,0.0057159608528289,0.1297782775456022,0.0041252228690396,0.0012429649059143,0.0003782508400978,0.0416959464153085,0.0026361367100782
2319,0.000769440301619,0.0001876260734994,0.0293111631277862,0.0043870072164359,0.0107287659987794,0.0015671478192607,0.0008402684214532,0.0002328552699178,0.0076000162858212,0.0008726456817298
2320,0.462015055659016,0.0501650419969671,0.0001115426376554,5.911170179766691e-06,0.1670143954232343,0.0030916162759371,7.840728436396851e-05,1.424810713565321e-05,0.000234201671042,7.384553473771932e-05
2321,0.0007208917832318,0.0003167187137918,0.0262687659957621,0.0034724711185953,0.0087627407889514,0.0025883672739384,0.0006657426001944,0.0003764001767283,0.0067896548388942,0.0015866016545824
2322,0.5357032272472424,0.0325016782803193,5.542843466625201e-05,3.0679542203717103e-06,0.1399550257112802,0.0070418367440716,0.0001054101477633,3.6167220315342326e-05,0.0002162670354317,0.0001196611349167
2323,0.0007492667221473,0.0002802171509859,0.0531812450775947,0.0057347278831458,0.0507574086906947,0.0036129875966165,0.0010342729195191,0.0003647079430187,0.0150804293848007,0.0018290997336177
2324,0.4467982441988831,0.0532835930609556,0.0001286625023915,6.663892122168742e-06,0.1802449648785648,0.0032475244657581,6.571519849256944e-05,1.5029597106285704e-05,0.0002438523834623,6.751545321852699e-05
2325,0.0007833360240139,0.0001423412103971,0.0293571664899995,0.0037912459291241,0.0076586059575778,0.0017307809112264,0.0006885733767535,0.0001759644325268,0.0075814462789852,0.001234635714837
2326,0.0378792446246158,0.0037238571507569,0.2846540442974832,0.0316200690024523,0.1610345983187756,0.0495314701509501,0.017063041504386,0.0031376380332241,0.2242444850293325,0.0314049144299743
2327,0.0007244094511397,0.0005006624346818,0.0290059430253453,0.00726630504659,0.0143961427325605,0.0040538227600217,0.0008553431964822,0.0005784450077472,0.0100497785268989,0.0026818657218302
2328,0.001725259368472,0.0002698639722226,3.515199201960682,0.0054752355685373,3.502748049838401,0.0034594750456032,0.0044929286672866,0.0003679233075941,1.4926850058524477,0.0044826565881118
2329,0.0023965870338247,0.0008441519400638,0.1963909803318212,0.1195968187489688,0.0724377852219955,0.0181857156744706,0.0052432542339466,0.000939360864083,0.1205924452003537,0.0299149794212821
2330,0.0007589548665919,0.0002141529546018,0.0290128156616991,0.0049842732213293,0.0172185735245966,0.0021930697724512,0.0009273336226872,0.000269975274532,0.0076684149252539,0.0012273626666022
2331,0.0007877579819722,0.0001786521269323,0.0280478289886436,0.0050019211042565,0.018698144767057,0.0020660782269928,0.0009005037825364,0.0002220222698951,0.0072378073891321,0.0012213689547872
2332,0.4400072816373773,0.0479441494013367,0.0001207440452182,6.758409933667544e-06,0.1755592137002495,0.0035524892575644,6.731244068002339e-05,1.4271350376051322e-05,0.0002468269598042,7.042921582634891e-05
2333,0.0007879817652845,0.0002244800390305,0.027214895654833,0.0053151154291392,0.0261760122766673,0.0025818306831496,0.0008735787427016,0.0002818534543863,0.0091854792104818,0.0013565126139814
2334,0.0010762904397453,0.0002921926977974,1.2801691324973994,0.0053418047717891,1.275624213569039,0.0035255795778786,0.0029760658898553,0.0004006602041014,0.6223898800170737,0.0044685966430508
2335,0.0007461711560763,0.0002980327173081,0.1829759543711424,0.0057978581197672,0.1801117191464574,0.0043779706466272,0.0013119596689315,0.0003973416324466,0.064470506106941,0.0030406693899149
2336,0.0007757433366282,0.0001394018989117,0.0296893499964728,0.0040708940668744,0.0122927458849741,0.0015682360017098,0.0007653844956154,0.0001722102174125,0.007760605012229,0.0008911874352613
2337,0.0014403275966323,0.0002799998354374,3.37097197294095,0.0053623066257967,3.3617409571956425,0.003411746947215,0.0038287423957458,0.0003862144662349,1.445902283309328,0.0043380041197219
2338,0.0007441577240507,0.0002908374189784,0.1166626799834923,0.0058385676196417,0.1137511023242021,0.0042836456699226,0.0011824372787542,0.0003840472919756,0.0338155596126519,0.002448786046531
2339,0.0007710478323586,0.0001913311321065,0.0294443864706672,0.0049586179463362,0.0188600763849674,0.0020654495514961,0.0008626344122812,0.0002397255044457,0.0077413087079647,0.0011500779141321
2340,0.4738328339250283,0.0462298384945491,0.0001014466777212,5.4637902813971415e-06,0.1650418773441472,0.0037785244650422,8.700114918658322e-05,1.7226233623862227e-05,0.0002241112682761,8.045246436095619e-05
2341,0.0007224425395948,0.0002816289437541,0.3180609010217659,0.0054385508807928,0.3151001329572099,0.0037345805964781,0.0017631242513863,0.0003814469307086,0.157289563488668,0.003779730593539
2342,0.0007400901309735,0.0002913679187251,0.1175758161246869,0.0056384477410881,0.1145036542311658,0.0041224827530278,0.0012069759406481,0.00038787875511,0.0349811820502252,0.0024885486262326
2343,0.0015283646557802,0.0002808276433529,4.21793393959797,0.0053176671283919,4.2080911189952666,0.0034036873369194,0.0040364140460881,0.0003867800347059,1.748514468254552,0.0043209643979446
2344,0.0357059847958984,0.0029267856975202,0.1482180766820795,0.072476971754253,0.1220609194246031,0.0470262842463228,0.0290208444895491,0.0028244322113734,0.1395690486869101,0.0706350263788876
2345,0.0007727527901173,0.0001835943960323,0.0293236789602327,0.0040884748769281,0.0114460756420431,0.0013402142026325,0.0007717651592398,0.0002276227420634,0.0075378598066126,0.000869716014621
2346,0.0012951587169613,0.0002847403460384,2.2285278761299567,0.0053251068364356,2.224134384619638,0.0034429120977569,0.0034891979776603,0.0003912842214979,1.0164296832090012,0.0044053401783261
2347,0.5057019091177037,0.0399944481608258,7.871284170574493e-05,4.225540064491598e-06,0.1568690293200917,0.0052869573790943,0.0001088314352623,2.2955890287158763e-05,0.0002021164314297,9.236196485763996e-05
2348,0.5371020993634374,0.0374301281455223,5.4951267542132847e-05,2.9746984022160976e-06,0.141237122631963,0.0062658620131348,0.0001137341860392,3.2574103595064944e-05,0.0002588338431535,0.0001112834331108
2349,0.0007587028224296,0.0005532990737936,0.0597308518728238,0.024379970507137,0.0172944312450748,0.005544976780957,0.001269385474042,0.0006386887974701,0.0231227855156022,0.0058537253004705
2350,0.5227541874895666,0.0356721474873767,6.422731076106206e-05,3.5198718442209946e-06,0.143901759641061,0.0071355562808444,0.0001102889607832,2.9201543775750936e-05,0.0002760955995961,0.0001136546631372
2351,0.0007461516155793,0.0002958116141749,0.1886559930572574,0.0056750170430795,0.1857143458190869,0.0041555632575408,0.001351407777938,0.0003947117812829,0.0684412906129654,0.0030703438472366
2352,0.0007284431967363,0.0002928022800337,0.5888609196922342,0.0053737901652977,0.5854613535946603,0.0036806750523369,0.0021545963204683,0.0003984689798558,0.3072631079458774,0.004314518190733
2353,0.0007496552706404,0.0002648711809556,0.0712891559713744,0.0058337892384339,0.0687610748252978,0.0040437284889085,0.0010779396040605,0.0003467436480227,0.0201770608113689,0.0020325119391721
2354,0.4708888766885892,0.0448989167333072,9.743151242665884e-05,5.405654704525396e-06,0.1658557453368383,0.0043194895649198,9.078859202784617e-05,1.7060385905269995e-05,0.0002615618003915,9.217938107220045e-05
2355,0.0007823511858057,0.0001407534115821,0.0286611711629072,0.0036296691963939,0.0059230724169467,0.0012522140460555,0.0007374927384744,0.0001730353992992,0.0075965643170426,0.0009107110912394
2356,0.0007922945112165,0.0001127533141589,0.0294245370726527,0.0034188371402847,0.00754572611266,0.0015581736289058,0.0006597950420506,0.0001417067037359,0.0076869453026784,0.0012010926417833
2357,0.1734734774282441,0.0084748440798007,0.2564081678727973,0.0525642955056906,0.1454245774097611,0.0790976046587713,0.0232816782306518,0.0062835524115,0.2333984843188589,0.0523943801347155
2358,0.0007436527362184,0.0002924439452661,0.1117243070207501,0.0056781945128678,0.1088532071663122,0.0040879454330901,0.0012204084142042,0.0003878732071272,0.0344427222124503,0.0025206206691559
2359,0.0007708658467959,0.0002297732812208,0.0287556119111116,0.0052020938667817,0.0251237942996328,0.0024157338876341,0.0009532929550259,0.000290979592013,0.0094201137551962,0.001364827926058
2360,0.0007903479196976,0.0001197685191428,0.0284420542194864,0.0034759934347051,0.0074993766870198,0.0013779312658182,0.0006604763725107,0.0001508591649396,0.0075150121866192,0.0010592228455385
2361,0.0007848954128847,0.0001144789785357,0.0290732411089804,0.0036119497225195,0.0053883906666645,0.0011103569971022,0.000745549484548,0.0001404451279167,0.0075411358846785,0.0008508092648936
2362,0.4751441182814129,0.0448356026006573,0.0001005687357481,5.344751895638532e-06,0.1645254219982553,0.0035757768885664,8.779944302933084e-05,1.5639168589153614e-05,0.0002382792849459,7.823858133121054e-05
2363,0.5066979388762309,0.0394279352177364,7.615549496578778e-05,4.05457759323563e-06,0.152799378258529,0.0053697412549988,0.0001066401337259,2.3118584088483896e-05,0.0002349437640011,9.478058531679287e-05
2364,0.0007354515854387,0.0002797666209285,0.3003305536753365,0.0055013375054009,0.2975839334735597,0.0039372560613342,0.0016132820713836,0.0003781635933243,0.139128044979468,0.0037517196488699
2365,0.4708545351876552,0.0470434769020375,9.892305415222414e-05,5.498485628370791e-06,0.1643131889962491,0.0034716567908201,8.668664103700484e-05,1.5248105183695011e-05,0.0002297688641697,7.778959187240053e-05
2366,0.0007481635678087,0.0004009269552212,0.0275635047516127,0.0048372939078562,0.0146624444223989,0.00389043741497,0.0007756673438464,0.0004717110911039,0.0088544818698339,0.0022950699218077
2367,0.0007397868933797,0.0002797094196009,0.0737085773707748,0.0056014874819349,0.0709394175151117,0.0038442969378492,0.0011099269487412,0.0003682516883994,0.0198911482527317,0.0020646902927245
2368,0.0007263170337819,0.0002817088790105,0.1272295110165417,0.0055449079441169,0.1242262577844254,0.0039345771670821,0.0012694409490518,0.0003759901201323,0.042211082209475,0.0026442928034335
2369,0.0007333004021235,0.0002869050162793,0.4052008513874191,0.0054699991953149,0.4025632537264363,0.0039023348898947,0.0017955954846954,0.0003884339925436,0.2005130909016695,0.0041553186542558
2370,0.0007636268233902,0.000245244033373,0.0288533334706518,0.0050878377552348,0.0229270339279809,0.0024473263595067,0.0009501120923025,0.0003132827354048,0.0089055027813376,0.0013043270319662
2371,0.0007731778583817,0.0002057604094193,0.0276289018207771,0.0048496547547309,0.0206327178316522,0.0022176732103863,0.0008384289350281,0.0002579856223396,0.0083590224758566,0.0011493431914194
2372,0.001702651568537,0.0002759694067035,4.358530922093454,0.005404965483064,4.346987460859707,0.0033900371723364,0.0044533874270357,0.00037685798796,1.8053247151150689,0.0043176890253162
2373,0.0027549967499077,0.001472014856646,0.2465472336861972,0.1200729020707915,0.1135732545210455,0.0499373521165015,0.0051651701977584,0.0013493630694774,0.1738903798245777,0.0655615614553409
2374,0.0007805220001093,0.0001350617466095,0.0290947054612068,0.0042517560031045,0.0139112084606045,0.0016623239098111,0.000799233471678,0.0001651306202647,0.0075728914483914,0.0009152802593111
2375,0.000752187448205,0.000289981081929,0.0943494272368207,0.0057184650086519,0.0915288217661887,0.00412421861101,0.0011366955577697,0.000383068306548,0.0267842744605605,0.002270256357621
2376,0.0008029192101448,0.0002802609479055,0.6340133841307282,0.0053468581765841,0.6306471310672787,0.0036348745565979,0.0023278161823615,0.0003822790176684,0.3336852112907085,0.0043430891595372
2377,0.0007553309983184,0.0002837295083437,0.0400781121568932,0.005476003496034,0.0374908262450225,0.0031458481337167,0.0010441497391784,0.0003674749342769,0.0117969848024091,0.0017522556495923
2378,0.0007749792901811,0.0002030490601749,0.028856817733608,0.0039981245903349,0.008907400485246,0.0011865028101167,0.0007841196948187,0.0002532041624029,0.0075224403128125,0.0008497468060412
2379,0.1806993483178976,0.0064996898854537,0.1661500466680615,0.029394068130854,0.1030878132022947,0.0482622554437946,0.0162023414766319,0.0048855317396128,0.1282422371766663,0.029256851814637
2380,0.0011443373282613,0.0002884573619579,1.5435135487337543,0.0053397089343568,1.5388932270258269,0.0035056343806539,0.0031347916574058,0.000396707628103,0.7328776392150015,0.0044777203225037
2381,0.4561608604792538,0.0467428505535796,0.0001160857831758,6.219169204193545e-06,0.1686623910465603,0.0037632917030252,7.426440529742261e-05,1.40594132118823e-05,0.0002528576439064,8.34461446578724e-05
2382,0.3457660003773059,0.0065493887044114,0.1746281911991653,0.0167586575515365,0.1364472543127638,0.0511569282751622,0.0126623859748395,0.0041790573808314,0.12621945375298,0.0167258636212059
2383,0.0007758266143834,0.0001109904419788,0.0287913529804214,0.0035901291073617,0.0072639975731587,0.001340613737999,0.0007038486822817,0.0001410237581655,0.0073400842533092,0.0009720559034325
2384,0.0234753287109963,0.0027519431056309,0.1847438797858742,0.0521133678508779,0.0826407046132373,0.0361700742858971,0.0199197970462474,0.0025669937783619,0.1372808471198541,0.0507212712887585
2385,0.5267865854322636,0.0288754916384607,6.245064937881523e-05,3.5648916161035354e-06,0.1455999408668538,0.0093372023424638,0.0001199260661395,3.358807955045518e-05,0.0003040294849322,0.0001142426742049
2386,0.0007589836302392,0.0002379518292302,0.061321706853584,0.0059343368523936,0.0590284565184954,0.0036478559574533,0.0010350669586239,0.0003067448944888,0.0183194299083277,0.0018795040998451
2387,0.0007619962204061,0.0003455844377821,0.0247168052873696,0.0034675100266803,0.0128677801289066,0.0029256332593901,0.0006311561693255,0.000408689469639,0.0072072615886516,0.0018048512902689
2388,0.0253805016399386,0.002849311493739,0.2527836361921033,0.0664431717777798,0.1037784498314721,0.0437737917712962,0.0211937458482588,0.0022229364712548,0.1649497049179065,0.0650677815079427
2389,0.4993292457819255,0.0418001588180544,8.314621386891957e-05,4.450486385201048e-06,0.1588193692304703,0.0048210207064562,0.0001074007237131,1.9908551262942493e-05,0.0002655843927933,9.42020612669965e-05
2390,0.0009349555506649,0.0002851171348168,0.9644514396279495,0.0053339124372282,0.9600702885485022,0.0035473399802835,0.0026481771593572,0.0003909278028164,0.4867932099206671,0.0044571554115945
2391,0.0007466833063777,0.0002907752474108,0.665306536207102,0.0053579740900888,0.6618531268070177,0.0036714405126408,0.0021986339029861,0.0003950667061101,0.3465423987324414,0.0044365647003305
2392,0.1584975376898899,0.0058472990280702,0.2539113559428016,0.0347774054117409,0.1036359361471628,0.0497240271856106,0.0179512929429881,0.0042359235832458,0.1992043411106424,0.0346204697620409
2393,0.000821705006883,0.0001228733282804,0.0249223976704906,0.0033484369259122,0.0062934733096375,0.0012708499987121,0.0007338362009963,0.000153567239307,0.0066989051670015,0.0008575293455118
2394,0.453728554755803,0.0480663622641517,0.0001073267505629,6.205673325314555e-06,0.1682134513780451,0.0042072083310138,7.617111656214154e-05,2.0273715471929373e-05,0.0002503669499204,8.606646415997224e-05
2395,0.0007402651846299,0.0002843581548573,0.532526937583367,0.0054391318058658,0.5295178440640577,0.003726520721788,0.0020448702661231,0.0003868999902685,0.2708130450193808,0.0043187288535616
2396,0.0014617694368279,0.0002788807529128,3.2455774822624,0.0053443258930468,3.2362977857157382,0.0033959897080729,0.0038828262612158,0.0003840268517094,1.3982377090314002,0.0042952167028665
2397,0.0007608068106748,0.0002489262733392,0.0309089416939954,0.0053184248312182,0.0284758689421017,0.0028402357277702,0.0009531176644355,0.0003198464833587,0.0103311826128716,0.0014498424364004
2398,0.000728262460546,0.0002849051566978,0.3606831784192281,0.0054439290850419,0.3578503493945473,0.0038495907149083,0.0017437071256838,0.0003857721814091,0.1777928938656888,0.0040047644920121
2399,0.0007632131231127,0.0002068505636357,0.0290778923252318,0.0047972009024918,0.0197784153504556,0.0022250031155426,0.0008171355366054,0.0002602865416553,0.0075869429024966,0.0010633261615075
2400,0.0007767493188546,0.0001809246197349,0.0294124594949952,0.0038649118356163,0.0104552249955354,0.0010093428413193,0.0007780640719062,0.0002247023325901,0.0079223963824899,0.0007237536611906
2401,0.0007356041320917,0.0002869698955777,0.507386601863731,0.0054625628364694,0.5046140338747707,0.003804348023815,0.0019942415641222,0.0003897581932616,0.2593233019491416,0.0043112896968524
2402,0.0007368146034668,0.0002918413042242,0.1074070030146902,0.0057392617404945,0.1044379352918982,0.0040503464894569,0.0012058545193352,0.0003855537974426,0.0315641568542589,0.002429738181293
2403,0.0007427339246325,0.0002868981386181,0.074714479980234,0.0055938282457106,0.0718177415892916,0.0038065033939436,0.0011490265714264,0.0003784375877933,0.0215650670767171,0.0021819348813294
2404,0.0007881326919939,0.0001304608517314,0.0291570862560922,0.0038356304831011,0.0072639140195822,0.0014486245238022,0.0007201794690705,0.0001612841394207,0.0075591219422548,0.0009997967915185
2405,0.0020627433008038,0.0010624600358388,0.1993160190688122,0.1189006574054187,0.077943787389065,0.0238282693596635,0.0044643342018534,0.0011170344026797,0.1126391481430932,0.0311767743831695
2406,0.0007460544124917,0.0002661468194768,0.033166106113152,0.0052657820191699,0.0304573871783876,0.002959610052069,0.0010342816928768,0.0003479995062556,0.0096524383056584,0.0016518101432533
2407,0.490202298286522,0.0416397603519151,8.066456050694114e-05,4.674623563576335e-06,0.1573807913766795,0.0044449080712422,9.468247388085876e-05,2.2929663092797407e-05,0.0001696400269761,8.262804535482484e-05
2408,0.5276376513811056,0.0388036789374445,6.098337833818975e-05,3.3197990178024783e-06,0.1425670710129801,0.0048072109656611,0.000109048418173,2.7330919938229662e-05,0.0002180632572218,9.82268153440368e-05
2409,0.0007820373316544,0.0001559790560198,0.0282629955225376,0.0039094687553194,0.0091798730286736,0.0011294427635308,0.0007639442873678,0.0001931763578756,0.0072545069409046,0.0007919945077154
2410,0.1553919178655961,0.0060105877785045,0.3470915944274985,0.0332533553472971,0.2170760535581417,0.0477245241485088,0.016211306897794,0.0046966761813245,0.2978575078754423,0.033096532087175
2411,0.0011196820288615,0.0002812213606027,1.512430784426449,0.0053362229174956,1.507660319954213,0.003503567167469,0.0030767715390115,0.0003872255263882,0.7277238853700875,0.0045237851489011
2412,0.000778795846335,0.0001459359554244,0.0274492637119542,0.0035638155829443,0.0076348274739266,0.0018239232047713,0.0006832573544295,0.0001819633425918,0.0072506890064921,0.0011580999299586
2413,0.0007363485996302,0.0002847602034212,0.2378088111724735,0.0056571665287447,0.235125975105431,0.0041217014535322,0.001465918979096,0.0003817823814154,0.1001642018814755,0.0034788888189726
2414,0.0007301046800196,0.000286815831535,0.5573563121549485,0.0054174674007478,0.5545140990398326,0.0037599549571186,0.0020710562118206,0.0003893253238947,0.2821133487852192,0.0043565676952107
2415,0.0007651369676599,0.0002370549104268,0.0284439995891383,0.0051829427272425,0.0227072695813703,0.0024471945827316,0.0009318359468125,0.000301639827101,0.0091602011178221,0.0013676120832708
2416,0.0007694437519901,0.000247953776282,0.0286048052211914,0.0051698089679648,0.025122474487613,0.0025924906733184,0.0009531513697322,0.0003171322844483,0.0094706425258834,0.0013382037412062
2417,0.0007354528090451,0.0002885142355689,0.5642840171265111,0.0054107263153729,0.5611601818000449,0.0036930581458237,0.0021664035920293,0.0003924914246368,0.2961461059930519,0.0043203398582526
2418,0.0007893963634909,0.0001269820182925,0.0289869340840933,0.0037067073314192,0.0076395721106105,0.0016048141899823,0.0007129715038187,0.0001586426164672,0.0075825807234835,0.0010511196248412
2419,0.0179349653898337,0.0020045053438263,0.273965496144438,0.0654046158560599,0.1079011347868392,0.0393184270264606,0.0195593651398295,0.0019675118299332,0.166740190261833,0.0628044950854487
2420,0.0007756604108499,0.0001875440187595,0.0285782449563597,0.004384702114573,0.0123499720908538,0.0016163197101852,0.0008252952547769,0.0002333709997679,0.0075874227173886,0.0009180695128657
2421,0.0007914097361081,0.0001458047581085,0.0285279633244112,0.0043102055443233,0.0138054394810339,0.0016948050885437,0.0008101108013359,0.0001791408472952,0.0074045445447936,0.0009528378798518
2422,0.001249270027882,0.0002956714245564,1.8596617248466167,0.0052910191411385,1.8551540336847103,0.00346828730929,0.0033815736621937,0.0004048931109867,0.8681192308886548,0.0044184009757638
2423,0.4957627084712424,0.0424583146665402,8.483670355748487e-05,4.673525685227886e-06,0.160003024445053,0.0040709090919675,0.0001033479696845,1.8341520811817554e-05,0.0002338452354896,8.641778905239278e-05
2424,0.0057428333478574,0.0011153425499433,0.1445262487516641,0.0940004170232128,0.0555338159203143,0.0243815506579642,0.0091154384886381,0.001205521625869,0.1302606182949036,0.0796393249416193
2425,0.0007575988236591,0.0002554488011689,0.037291213755674,0.0055361228237706,0.0343617396482009,0.0030318884415125,0.0010089937385891,0.0003266863901942,0.0122859230343332,0.0017264563510773
2426,0.4401400975827341,0.0494915235046031,0.0001192123720559,7.077391169014776e-06,0.1733721267485817,0.0034263433359462,6.994114539008769e-05,1.5006779934959008e-05,0.0002353390442968,6.679439086928247e-05
2427,0.0007339200271369,0.0002928983228889,0.4639927596363788,0.0055061736049543,0.4616394333050794,0.0038958958334577,0.0018982064361714,0.0003951696819691,0.233535305659127,0.0043558232870456
2428,0.0020104230704991,0.0002807621884871,6.767832609828503,0.0055027814431316,6.727947149692344,0.0035329636445909,0.0051775312617364,0.0003813019067734,2.582015956382653,0.004630451034434
2429,0.0007831086323886,0.0001213677389466,0.0295112097740877,0.0035294358490615,0.0082864278540245,0.0015023052933266,0.0006503982459911,0.0001535312718406,0.0077690831614044,0.0011580339018577
2430,0.0007638509694242,0.0002121638260281,0.0269652000007424,0.003323752103586,0.0091698126409696,0.0023573760214418,0.0005425111029693,0.0002609304028007,0.0070934434576278,0.0015527125000153
2431,0.0010966058648681,0.000670407626254,0.0248524095553184,0.005047378024748,0.0148478192519757,0.0039728175644699,0.0010639627809056,0.0007439120033086,0.0087139598433669,0.0022863238844341
2432,0.1298441355573244,0.0074203221972228,0.1581692288079819,0.0135762411878488,0.1382598060386917,0.0658682262821087,0.0121292222780078,0.0040002853828515,0.1135460089113963,0.0135465641814651
2433,0.0007472388241065,0.0002818271930948,0.0407846013040626,0.0054149509608468,0.0385021210715188,0.0032986252549705,0.0009966769803081,0.0003675250602637,0.0115249047089808,0.0016181709905894
2434,0.5271435364163082,0.0384588740438436,6.209853282056099e-05,3.4082293625387246e-06,0.1450584874793181,0.0056169473549759,0.0001156793491892,3.0314848305636207e-05,0.0002457649396563,0.0001084412056616
2435,0.00140081758235,0.000283520915918,2.820576795995264,0.0053649898829538,2.812803933995873,0.0034157421919122,0.0037390406370815,0.000390589005647,1.2443218763852362,0.0043268457979075
2436,0.0007456877135423,0.0002684801922584,0.0701941427306989,0.0056990517192948,0.0675684834142384,0.0038112787372744,0.0010894133360427,0.0003522856224449,0.0191787966152163,0.0020112504047789
2437,0.0007320129111783,0.0002862791553758,0.2174124576161227,0.005547666587802,0.2146882255649248,0.0039620278748456,0.0015170759890014,0.0003854106240082,0.0976707331699494,0.0034116651475069
2438,0.0011164361165222,0.0007598542524642,0.0227029109520307,0.0049663517680946,0.0174771689216484,0.0043005091905864,0.0011724265181618,0.0008323179377017,0.0077779359990499,0.0025323124489687
2439,0.0007409757442126,0.0003374606271346,0.0260644515353686,0.0033826542441723,0.0118115939297247,0.0027529530271339,0.0006030576137205,0.0004011568243408,0.006798950239196,0.0016383033932108
2440,0.0016687682047311,0.0002815571086878,5.525629219325522,0.0053418036071859,5.516496056806485,0.0033904817436487,0.0043707902468111,0.0003869992640698,2.1729751657652723,0.0042663441550061
2441,0.0007310152122891,0.0002490745731738,0.0270412085102659,0.0035297080231283,0.0110478419639333,0.0023245483882712,0.0006021124171407,0.0003009471739724,0.0069794117246535,0.0014545692351068
2442,0.0007272021870136,0.0002861871275897,0.4677179655553586,0.005505819634589,0.4653603951358064,0.0039107504047948,0.0018915556011723,0.0003867810727044,0.2373183112032002,0.0044289921319693
2443,0.2189065174144839,0.0067740007495341,0.175097292539269,0.0231225868344237,0.1354994504340881,0.0404988268843506,0.0144248132924975,0.0046701961936548,0.1231619342040854,0.0230453470386364
2444,0.0007576728998984,0.0002436052299794,0.0345526475950119,0.0054022220277661,0.0319049212414667,0.0028927573485734,0.0009715897401891,0.0003108199260274,0.0114369800252189,0.0015386062053563
2445,0.0007907048130577,0.0001399398876433,0.028631725558604,0.0040836498322107,0.0094329566258053,0.0014987904693733,0.0007863317824906,0.0001727616324927,0.0075377250641069,0.0008746348692459
2446,0.0007847690211559,0.0001139420367146,0.0289734287486653,0.0036521433359057,0.006664186037981,0.0011917992836553,0.0007225102915398,0.0001409080075206,0.0075500811159224,0.0008934075836514
2447,0.0021863189820789,0.0015798558503574,0.2981508278680534,0.1563182800520051,0.1555917751880577,0.0418265348183222,0.0040275603247874,0.0014130421256253,0.2100707083550012,0.0567479090793287
2448,0.5403392597845517,0.0316587295006187,4.379361954086628e-05,2.7546127838155413e-06,0.1323255616533961,0.0083139600189192,0.0001073027162809,4.652026107756491e-05,0.0003385454467781,0.0001483910892965
2449,0.0007344618778695,0.0002863850260289,0.1081857138865501,0.005768789450337,0.1052982489443941,0.0042114880552639,0.0011633391010632,0.000378914390344,0.0302880628540429,0.0023520148890658
2450,0.4226197543826608,0.050182543938162,0.0001662927801839,8.27294532689992e-06,0.2237983541575445,0.0037198640248774,4.993698249727058e-05,1.3302486264448062e-05,0.0002690212905976,6.652517220276164e-05
2451,0.0152623503076688,0.0021087923722128,0.2204874369271418,0.0651607268909399,0.0935628714743939,0.0351233890161806,0.0167862133877482,0.0020446253201058,0.1850375839094849,0.0624152891799226
2452,0.0007843345001615,0.0001223687805322,0.0293120582171345,0.0039377171049956,0.0111939074040031,0.0021126629733241,0.0006079432176856,0.000153480376748,0.0075931205836271,0.0014109584100563
2453,0.0007858559650089,0.0002242123821098,0.0287264619569012,0.0034517752607287,0.0102051975562652,0.0022922062880683,0.0005621079079688,0.0002747736699301,0.0074883519669375,0.0015192011158627
2454,0.4154026394210105,0.0539651117827692,0.0001726735268166,8.585462085250358e-06,0.2316045011973106,0.003265611088259,4.536457876700664e-05,1.224743534673586e-05,0.0003009188005931,7.97705821873155e-05
2455,0.001290080549678,0.0002824640091108,2.108949364120987,0.005318221528142,2.1047204994788515,0.0034386485981559,0.0034784822800391,0.0003884858850259,0.97514005645334,0.0043530639553595
2456,0.4820930797447079,0.0398217167772095,8.542061339209011e-05,5.02936280337726e-06,0.1618524602859397,0.0038899512956282,9.095822033259956e-05,1.859865328276049e-05,0.000195936054135,7.320693177233852e-05
2457,0.020622942369996,0.0020726913340825,0.1299565342334868,0.045611950312199,0.0714199510225622,0.0283693215865132,0.0185128737020477,0.0021101752632719,0.1041640150231005,0.043862422958531
2458,0.0014325995000068,0.000280517210254,3.048609491493916,0.0053257075188231,3.0392488406781486,0.0033993957792585,0.0038129083563147,0.0003852387999332,1.3297279116375,0.0043380057423191
2459,0.0007874331856471,0.0002161873315973,0.0284392656618995,0.0043258804832492,0.0127740545168255,0.0015030826697988,0.0008370367176084,0.0002712294489918,0.0074057401901041,0.0008538091881713
2460,0.0007881627095615,0.0001790159495204,0.0290197183736942,0.0046301821015133,0.0185375187745224,0.0017465216831522,0.0008367239687932,0.0002227279505204,0.0075945165719518,0.001000734122686
2461,0.0007130895863001,0.0004718293473784,0.027761297853029,0.0051221474812396,0.0140334533264875,0.0040518526211121,0.0008133855185668,0.0005470447665298,0.0080557945170209,0.0024245622587822
2462,0.0007464856784121,0.0002789691147356,0.0684015865730327,0.0057817795132919,0.0659756868849746,0.0039037859185425,0.0010801259874789,0.0003639832341369,0.0194578819004069,0.0020137793220008
2463,0.0007294248092652,0.0002824237384521,0.4271977015251198,0.0054027337473359,0.4239633576538428,0.0037042175448967,0.0019174319290423,0.0003837683589678,0.2153871184479619,0.0040396208870705
2464,0.0007313298920474,0.0002796476636509,0.3811411949421228,0.0053749007556002,0.3779318194701621,0.0037074355230053,0.0018810903484089,0.0003806090089119,0.190202771997892,0.0039175309019382
2465,0.000755892507702,0.0002808047323386,0.0616147404972603,0.0056926627299958,0.0590300290162854,0.0038189374552332,0.0010730644052681,0.000367145189854,0.0173984080969606,0.0019581309560354
2466,0.000735698761187,0.0002912840252285,0.1824931690050551,0.0058187031221995,0.179622597608399,0.0044052488610327,0.001294914104795,0.0003879263803348,0.0626624983719866,0.0030016339160006
2467,0.0007653733717397,0.0003470447354484,0.0281002636896704,0.0034661906010325,0.0128578582301537,0.0026858185752093,0.0006285196030488,0.0004121778518121,0.007435638865619,0.0014670702413
2468,0.0007492511863775,0.0002842260183518,0.1384691205014074,0.0058739936411978,0.1356915754930878,0.0044105407263549,0.0012187802062067,0.0003770643320659,0.0430721459581287,0.0026731239459654
2469,0.0007790003164915,0.0002431611671072,0.0278035080055383,0.0052077414889879,0.0239624461676734,0.0025006523334175,0.0009614490771888,0.0003093737564842,0.0092289634606027,0.0014118429453882
2470,0.0265938332211258,0.0021010045994486,0.2271404106819208,0.1239996645891689,0.0692679436699525,0.0250157647946998,0.0313563448783623,0.0022531383911443,0.2184927299473514,0.1174159568453824
2471,0.0007602276842617,0.0002627000678539,0.0342404029325169,0.0054385613236233,0.0316123801012349,0.0029764434323787,0.000937860456539,0.0003363219269153,0.0114783702666054,0.0014763400636675
2472,0.0007479607295055,0.0002718670616473,0.0777997392317843,0.0059097451284696,0.0751230983732117,0.0040592198564152,0.001086901866103,0.0003562645980155,0.0216609770075823,0.0020698795243176
2473,0.0013592174326088,0.0002806655312336,2.537479808449917,0.0053256009758784,2.531183650470399,0.0034166458282622,0.0036416864154038,0.0003866708101945,1.13583501493502,0.0043699620410953
2474,0.0007526242244162,0.0004952495678827,0.026812616422047,0.0048046200593618,0.0127501182464062,0.0035661058620418,0.0010453872782952,0.0005703772581828,0.0084812330552339,0.0021350065815879
2475,0.4910474490300147,0.0404961426119655,8.608040346626725e-05,4.776779994542788e-06,0.160935488316889,0.0050227824459345,9.925521102645552e-05,1.906950217667002e-05,0.0002163769683314,8.805190864069254e-05
2476,0.0007272682195796,0.0002928354763422,0.2165335065636392,0.0054880083998493,0.2137707594062917,0.003869528911611,0.0015351665856623,0.0003924833643628,0.0969550334502166,0.0033774203682259
2477,0.0007272293627764,0.0002822258113793,0.4184730667938727,0.0054892708958855,0.415876704774151,0.0038898407730955,0.0018067311166541,0.0003818932211704,0.2049334252831944,0.0042033424317364
2478,0.0007418426051918,0.0002970378698305,0.2131926553101058,0.0056062466551966,0.210317649793322,0.0041238230707102,0.0014015724402702,0.0003966897695983,0.0808958676876909,0.0032205363335645
2479,0.0007674328179718,0.0002158561047317,0.0290202418117044,0.0049250270668046,0.0199348220085249,0.0020512153017383,0.0008863877630452,0.0002722976387133,0.0077137671193222,0.0011511468851345
2480,0.0007555631261488,0.0002500760577321,0.0316154513028594,0.0054083435655553,0.0293179055512795,0.0028484935806395,0.0009814322435887,0.000319903502143,0.0105117471805023,0.0015033811998126
2481,0.006826740376844,0.0013518155217815,0.3678064248955501,0.1550545201745042,0.1423430966847239,0.050470507610589,0.0105575662217019,0.0013651406225305,0.2714967753603611,0.1268136700020495
2482,0.0007347293049984,0.0002742592870299,0.0825320285312729,0.0057055047444154,0.0797306481163688,0.0039448283007011,0.0011587816880124,0.0003603526672074,0.0246949747494739,0.0022507519041744
2483,0.0011680082973566,0.0002843583439767,1.6599246188778327,0.0053031339262305,1.6549951137737042,0.0034766390381772,0.0031946173136495,0.0003915475006351,0.7831692731366184,0.0044668235548832
2484,0.0016362499420551,0.0002809383992969,4.564865230608807,0.0053603889917932,4.554321904060639,0.0033772450126434,0.0043015986108771,0.0003851276409611,1.8555376357160909,0.0042742945864182
2485,0.0007676854563564,0.0002210187335465,0.028521101968129,0.0049041319557821,0.0170008991673699,0.0021775834498575,0.0008916934120279,0.0002798309224074,0.00757410054538,0.0011654968572811
2486,0.0007385962904416,0.000297705266491,0.2281569279626014,0.0054943329937362,0.2252475260188537,0.0039371993217682,0.0014948688062726,0.0004005048000043,0.0999956613275427,0.0034023990542763
2487,0.0016382738432799,0.0011770515699415,0.3704841631082968,0.1542259363366503,0.1563767301875952,0.0240927811981531,0.0027884803544907,0.0011375256075493,0.1775120675690908,0.0271437008843748
2488,0.0007881648457426,0.0001860309466368,0.0288101418115523,0.0042786858425349,0.0138137028516529,0.0015876796350601,0.0008148988958267,0.0002306035031597,0.007812088806886,0.0009538898772342
2489,0.0008123163576815,0.0001408437090923,0.0281023343789624,0.003667648409166,0.007971921626638,0.0017164561438807,0.0006791421039685,0.0001776126690579,0.0075243703592751,0.0011291032339788
2490,0.1005342044427403,0.0058145488605471,0.3183707957262168,0.1083875225321539,0.195205310647898,0.0793122418536502,0.047139176941062,0.005233341825337,0.2812687571883281,0.1067291252702941
2491,0.0007359749287906,0.0002911126109928,0.1687651805371701,0.0058602364798431,0.1658881522023344,0.0044316371567615,0.0012547336225468,0.0003867697304549,0.0537683026012765,0.0028398224142157
2492,0.000749992520684,0.0002842913864188,0.0900927850143408,0.0058286545804987,0.0873215847870768,0.0042388628358561,0.0011096024854151,0.0003729738756607,0.0241069567207644,0.0021578960800212
2493,0.0011908084381966,0.000279300756102,1.5871545550573372,0.0053116486459066,1.582538226448833,0.0034622958713692,0.0032514592706982,0.000385908435384,0.7567847789024655,0.0043397410984358
2494,0.0011136692761632,0.0002898473492347,1.4423404038829213,0.0053161612631131,1.437496609259774,0.0035054825431369,0.0030653002056641,0.0003982556322345,0.6914304029996076,0.0044672146492068
2495,0.0007544380472705,0.0002785219282493,0.1071320262589722,0.0058884330102297,0.1042902687216897,0.0041653208052436,0.0011604591481549,0.0003665237055736,0.0296708334871626,0.0023594669748352
2496,0.516523593911223,0.0361261971174651,6.393313427710738e-05,3.7058626144331537e-06,0.1477629783201514,0.0063220908513483,0.000116497146313,2.5822043284476017e-05,0.0002585435835482,0.0001086843875457
2497,0.0007810453932337,0.0002130278290782,0.0284670270231005,0.0049724071745834,0.0204922791814366,0.0021079566199774,0.0008594495984804,0.000266045493687,0.0076527763635374,0.0011612639577664
2498,0.0007827329135092,0.0002066588266393,0.0289938581306616,0.0045236422098884,0.0132527653972387,0.0016469640753139,0.0008550050847478,0.000258928577255,0.0078062968397572,0.0009633950816447
2499,0.000734893202763,0.0002923902731527,0.2071240366597329,0.0055107341202455,0.204248279366384,0.0039438412529833,0.0014847175690003,0.0003930560303512,0.0899964975811738,0.0033210612128617
2500,0.0007660918167485,0.0002479448885084,0.0281923843440726,0.005151619652122,0.0250753839389352,0.0024282339323995,0.0009536718408801,0.0003159776819823,0.0094321253258393,0.0013177351159885
2501,0.0007869957708835,0.000132232963529,0.0291461730678323,0.003727294484489,0.0068892886147555,0.0015239783662485,0.0006928341630419,0.0001642873511047,0.007448409999671,0.0010879185663307
2502,0.0015642576259066,0.0002758005598539,3.969647309092197,0.0053813862298798,3.9614275640300063,0.0033832639017354,0.0041284160069007,0.0003797314074245,1.6574838518456043,0.004248171086592
2503,0.0008944884883684,0.0002864695882546,0.8945601799043187,0.0053366191945351,0.8902204630064212,0.0035765008530622,0.0025526880313256,0.000392806495382,0.4628985598928496,0.0044632622988846
2504,0.0007699459747872,0.0001908036101514,0.0292297282152057,0.0041872947208422,0.0114743551116383,0.0012850974631862,0.0008370148841812,0.0002388246365653,0.0078250411434306,0.0008091062414907
2505,0.0007468486157784,0.0002824818828775,0.0634413739836492,0.0056663869345229,0.0607769951971478,0.0037616639737563,0.0010746456544285,0.0003699726506094,0.0179588337713718,0.0019632986025218
2506,0.2170675286935767,0.006964691118763,0.1858475815920938,0.0126029505311053,0.167781151906917,0.0846688938401185,0.0093796341010342,0.0035426182626328,0.1421564891151966,0.0125716763788276
2507,0.0320788728152324,0.0030813061670091,0.2568763555483511,0.0317470298007665,0.1106146860462476,0.0483065137162636,0.0171331168136146,0.0026208906882722,0.1237170845941587,0.0314803839368104
2508,0.3944930854412079,0.058491024306128,0.0001832885998348,9.994287014279518e-06,0.2486037883178194,0.0038439101975816,4.308416290610627e-05,1.58429778864489e-05,0.0002877112281726,7.423048297571472e-05
2509,0.0007390560179207,0.0002696031981042,0.0828732222750847,0.0060264122705193,0.080368195474273,0.004213637019798,0.0010811117196916,0.0003521143004715,0.0230239011717253,0.0020691962783883
2510,0.0775869029009207,0.0041915017380345,0.1742540006394692,0.0648760049434205,0.1253656387982687,0.057366287032671,0.0334527686249501,0.0038701520115918,0.1720438774175306,0.0637249480778328
2511,0.0007340812599111,0.0002684331858872,0.0695257683574824,0.0057308000190829,0.0668927440359075,0.0037763924296827,0.0011062609250354,0.0003505553598721,0.0194215566866976,0.002059231621755
2512,0.0007708158992006,0.0002510103683345,0.0372899960396277,0.0055427380474958,0.0339508796917,0.0029213144507659,0.0009769905995672,0.0003205990271603,0.012613828441318,0.0015851064658759
2513,0.0007312863867766,0.0002851354077108,0.5970834138432065,0.0053587565909416,0.594052246783869,0.0037084529377964,0.0021577558193386,0.0003879981477763,0.313323557979255,0.0044181147532949
2514,0.0007420145229994,0.0002796912799354,0.107229364254097,0.005866530795039,0.1044065827842124,0.00421153508147,0.0011690508395585,0.0003670905389352,0.0308610597539113,0.0023764163593652
2515,0.0007468213388363,0.0002700133208616,0.0337033917471812,0.0054470256875909,0.0319704424825937,0.0031125410417614,0.0009636287580771,0.0003480507293278,0.010555755212275,0.0015250905257568
2516,0.0007975857061362,0.0001361034595003,0.026903900664388,0.0036931838311487,0.0098279636030028,0.0020488382851512,0.0006267615764362,0.0001708148939534,0.0071632632235318,0.0014440180475279
2517,0.0007470640952511,0.0002792530160998,0.0317077187663273,0.0052750801752642,0.0292484770202837,0.0029413922411667,0.0010209501175169,0.0003616544049275,0.0094565591543652,0.0015946659429248
2518,0.4206804924595804,0.0586430895577426,0.0001674991387124,8.398446675767867e-06,0.2250991063688786,0.0038593914674115,4.766731817988547e-05,1.796834594761764e-05,0.0002680532897924,7.200375842430201e-05
2519,0.4227311572151297,0.0499680880465157,0.0001435684312389,7.91570790076525e-06,0.2093873742678177,0.0043266970001485,0.0001089343281002,1.5358745323549404e-05,0.0003298888825048,8.237649423105102e-05
2520,0.0007458492263025,0.000285099604968,0.145543841388422,0.0056594732898272,0.1425196121873651,0.00405221536043,0.0012905587564282,0.0003805869818733,0.0493332920426711,0.0027771983500606
2521,0.0015286413578945,0.0002853217254093,3.801005336230639,0.00531821212089,3.7921366030024095,0.003396953710579,0.0040382947355128,0.0003913859074144,1.603579340426629,0.0042741324424761
2522,0.0007383921120157,0.0002866337064058,0.1693173101168019,0.0056488265566656,0.1665492200020784,0.0041040536313931,0.0013449688403561,0.0003807698217039,0.0624179398863234,0.0029969052308928
2523,0.0007554189272417,0.000224498004897,0.0289397717371089,0.0052115101359397,0.0240981181644078,0.0024907965825308,0.0009075450170704,0.0002847273456696,0.0092280737965097,0.0012975514495393
2524,0.0007321906068694,0.0002954214380285,0.1312989854173886,0.0056562075179078,0.1284027330233055,0.0041639423803947,0.0012444275328771,0.000392633551298,0.0418934819356012,0.0026403726089259
2525,0.0013573697636671,0.000286170422127,2.6715077184838703,0.0053708828172677,2.664991219047418,0.0034310330219522,0.0036359091004043,0.0003941278738858,1.1928307637877056,0.0043737735315645
2526,0.0007862492808244,0.0001405962943028,0.0294944368941323,0.0038174247531124,0.007267735245975,0.0017993471882483,0.0007208382457083,0.0001756176782324,0.0076718822867241,0.0011352699656748
2527,0.0007844925366161,0.0002329739220209,0.0275438403760658,0.0048906766579974,0.0176195662792839,0.0020625605034704,0.0009023516176368,0.0002940708773067,0.0071850497029535,0.0011580487920399
2528,0.00078705037007,0.0001701468957493,0.0283637397219386,0.0047819275509519,0.0186276182252132,0.001977000616261,0.0008409443671441,0.0002110368624262,0.007618069640702,0.0011060151628955
2529,0.0007520690759842,0.0004185505554418,0.028369402069776,0.0075879870076254,0.0150843734539222,0.0044569865741877,0.0010723836919851,0.0004891984737015,0.010503000397051,0.0029893410853096
2530,0.3890359448784076,0.0641074102221833,0.0002324911729513,1.1197583871116507e-05,0.265435736807849,0.003288670515148,3.675479911077877e-05,1.3398853127923132e-05,0.0002926495270018,6.84406545091021e-05
2531,0.0007680023311257,0.0002132776448903,0.0287950610051351,0.0049159756525413,0.0185206394084399,0.0022147303709134,0.000851247234208,0.0002686544011372,0.0074516276762068,0.0011427956342427
2532,0.0007739730274058,0.0002547223122717,0.0285990773976028,0.0034128287117804,0.0092700589648416,0.0025363813984913,0.0005153118933487,0.0003106620434907,0.0073602204967701,0.0015879029242989
2533,0.0007639833794026,0.000250096930354,0.0281480220108648,0.0045507924181744,0.0135792128766689,0.0019849759063566,0.0009104973891053,0.0003205926053945,0.0074403380726315,0.0009618775356147
2534,0.0007720198560904,0.0001599171901497,0.0286447998431157,0.0038877972648365,0.0061843349323718,0.0011649241319009,0.000756264770246,0.0001983472360161,0.0076297720362357,0.0007950846822715
2535,0.000739613666976,0.0002938115506421,0.1793175682396742,0.0056542233948522,0.1764079681527403,0.004152415237737,0.0013428685411954,0.0003926565740576,0.067559421330275,0.0030406641569107
2536,0.0007759324359565,0.0002374159994304,0.0293564547986418,0.0051506812692391,0.0269585195612192,0.0024816861791457,0.0009220496245359,0.000301580605002,0.0098353510821922,0.0012661240770118
2537,0.0007816465475158,0.0001902555593306,0.0281105515040992,0.0045465147836915,0.0161960629626721,0.0017275904633351,0.0008442432760386,0.0002373442863657,0.0072404350864861,0.0009637519115405
2538,0.0007820457324156,0.0001103034213651,0.0288408728503833,0.0035529451277114,0.0090693537367239,0.001281514861034,0.0006941376587167,0.0001364600244246,0.0075380594245503,0.0010511540425514
2539,0.0007716055202948,0.0003213547823485,0.0244327485293243,0.004008819181511,0.0121798141260837,0.0032087228614054,0.0009605763500859,0.0003826062327585,0.0078063661270505,0.0020741502316244
2540,0.0617515505886794,0.0041862797727044,0.1463465884751013,0.0757206701896565,0.1151264449331059,0.0544729586201948,0.0350756673334946,0.0039703803466847,0.141190675775158,0.0743985007282302
2541,0.1889319990404023,0.0375710960270256,0.0002313130542269,2.9465006643531916e-05,0.5447069615732155,0.0048148164452537,2.8674397997479063e-05,8.967210568164292e-06,0.0002549284104236,7.253015500849118e-05
2542,0.0016109972806832,0.0002783106704108,4.712611583256984,0.0053297549819164,4.702163827787813,0.0033814485453614,0.0042359186169295,0.000382154021957,1.9125556693122607,0.0042948706373144
2543,0.000786789839222,0.0001061850716766,0.0279785609574127,0.0049748416069092,0.0216205680907821,0.0024669860453606,0.0007780187331132,0.0001311688914866,0.0072026983431993,0.0012803844712464
2544,0.0007355856084176,0.0002939697364399,0.2946942935940244,0.0054489091089189,0.2918414550210023,0.0038769565566767,0.0016195782946095,0.0003958681872451,0.1367035972489293,0.0037073685912303
2545,0.001142070016555,0.0002854646870646,1.4721020162369218,0.005353959794431,1.467596640374469,0.003499771664344,0.0031276317614744,0.0003926071596707,0.702965483120634,0.0044632850001238
2546,0.0007437585251083,0.000284532567601,0.4425830548057362,0.0054548316625901,0.4397005549235583,0.0038147997551857,0.0018420003859408,0.0003862538977844,0.2173091949097462,0.0041707660116338
2547,0.0153364433222272,0.0018958641402599,0.3166913759000201,0.0794888968587185,0.2051851394804784,0.0398031407990002,0.0176336509960366,0.0017571265552382,0.2692571927077405,0.0747510494407152
2548,0.4448780096860258,0.0520539960244985,0.0001291263042007,6.875445847099361e-06,0.1842396944678171,0.0029685168310174,6.016002806550594e-05,1.2992529814989144e-05,0.0002534446009604,7.297876506861903e-05
2549,0.0007339672961455,0.000293490578764,0.177370675206917,0.0056923036514413,0.1744488377126429,0.0042447443154403,0.0013215717057266,0.0003928270204606,0.064647606692327,0.0030155372171517
2550,0.0007827013232609,0.0001747838394533,0.0280874024915664,0.0042238965151111,0.0104035301862557,0.0014130633248436,0.0008339308050055,0.0002161197082661,0.0072488421587027,0.0008301013971596
2551,0.0007322119842211,0.0002854287278301,0.4460461557201608,0.0054697038210385,0.4432003240192508,0.00378654309536,0.0018981125412736,0.0003868615721278,0.2253158968272396,0.0041779504749811
2552,0.0008008531835038,0.0002851878657219,0.7409051848737592,0.005408045307765,0.7373418976774745,0.0036625486023669,0.0023230687182061,0.0003896994550208,0.3812662073869369,0.0044427173131887
2553,0.0007369806184485,0.0002786511213174,0.5169323924698933,0.0053757304051973,0.5135191864298264,0.0036307076439147,0.0021742471046972,0.0003803615629792,0.2694016469921765,0.0041466448640551
2554,0.000736992400825,0.0003657832534205,0.0271424133956707,0.0034476360147607,0.0112934631373763,0.0027403659935351,0.0006328763978002,0.0004305495359147,0.0070326641675861,0.0015848264958183
2555,0.4929635428116856,0.0379638709107164,8.098023782329577e-05,4.6381970254737096e-06,0.1600790944238906,0.0046376829415741,0.0001023608503225,1.931052928938038e-05,0.0002437457298305,8.550775759138734e-05
2556,0.0007548836545568,0.0002900039946,0.0763866113909648,0.0057395841132752,0.0736474498666752,0.0039704683840536,0.0010964754742786,0.0003802925264169,0.0207528225234217,0.0020551652583527
2557,0.0010282753958609,0.0002845399491767,1.139669024532021,0.0053486821392793,1.1351215552994034,0.0035179712200221,0.002866245803339,0.0003912187009577,0.5551423377226206,0.0044157695448806
2558,0.0357303898768733,0.0033151545925902,0.1568620695527081,0.0584628397346088,0.1194654896230398,0.0517084372284973,0.0251532389422018,0.0032303727730329,0.1401263835155461,0.057631169738535
2559,0.000784945245894,0.0001702018030618,0.0284039933802651,0.0047880827105229,0.0207310236666986,0.0022492670374901,0.0007814152521505,0.0002112618644301,0.0075428830902521,0.0011557139710508
2560,0.0007817513983913,0.000211688203139,0.0279100907089889,0.0048055979825075,0.0167357167165356,0.0020167205589332,0.0009153337543265,0.0002660511965787,0.0073880775967178,0.0011204509669604
2561,0.0007903006943677,0.0001498546334914,0.0296488543266845,0.0045112608173942,0.0145854224300816,0.0017889274262079,0.0008170265221337,0.00018458271454,0.0079552466239194,0.001000602619554
2562,0.5071408429473471,0.038986048748668,6.614292859713677e-05,3.900254224290976e-06,0.1466491160685744,0.0048047671561569,0.0001087850818024,2.4049562039737684e-05,0.0002225392845542,9.596498006598254e-05
2563,0.0007269578139829,0.0002882199920393,0.1442247736568532,0.0057161717194854,0.1414369345691827,0.0042186303824707,0.001247888661407,0.0003830396509042,0.0443296248966395,0.0026843298896138
2564,0.0007460094286115,0.0002697055176352,0.0526164443904211,0.0056366487241113,0.0500267792427716,0.0035885261728436,0.0010562764233795,0.0003508432595263,0.0156361452963495,0.0018416583354978
2565,0.0007806279817225,0.0001246995596849,0.0285705027107106,0.0034872398566269,0.0076928079375085,0.0016429349075372,0.0006308769770382,0.00015593677739,0.0074467301457539,0.0012476640877947
2566,0.0007532317469899,0.0003700003598667,0.0281249129670552,0.0049022063124891,0.0149821588614211,0.0040522909336,0.0006570927560984,0.0004393448163345,0.0080342359579423,0.0022958171150072
2567,0.000757551427794,0.0003716778169589,0.026247989335701,0.0036129985348112,0.0131960025816577,0.0032098221798757,0.0007380494153451,0.0004392866501147,0.0090794958822808,0.0019696276768388
2568,0.0016430275036811,0.0002732412824827,4.967068246449401,0.0053466354946591,4.956786410409817,0.0033774287221254,0.0043151060721928,0.0003757995571098,1.9975760475442588,0.0042724924701964
2569,0.0007589996823282,0.0003812265113309,0.0282378197594082,0.0038780107294288,0.0118103057148453,0.0031989312237715,0.0006465994830716,0.0004480160200735,0.007626478032256,0.0019306906816828
2570,0.0007746502586858,0.0002058494135472,0.0283536539393435,0.0048326420663672,0.0166965679401552,0.0020107048681818,0.0008921662882254,0.0002582966329876,0.0075028820943024,0.0011191790088362
2571,0.0007394892175547,0.0002901260592005,0.570350646462244,0.0054044987360175,0.5671598697147721,0.0036927054096141,0.0021756709050346,0.0003948068817782,0.2978886326956388,0.004299666065748
2572,0.0013203898407391,0.0008828818011487,0.1295073280690062,0.0507949121054392,0.0369961652100254,0.0092968606257276,0.0024460402877302,0.0009620787424697,0.0413648695491372,0.0108986089865663
2573,0.0007329948840195,0.0002858497490481,0.2895450480120746,0.0054370637323452,0.2868795947772227,0.0038168560379627,0.0016981682463791,0.0003841727755186,0.1412972621237025,0.0037481042509834
2574,0.0017808437494324,0.0012202214195646,0.3031179387255294,0.0909157224825527,0.0681207022605997,0.0129073000862603,0.0017294084275857,0.0011984902868964,0.0759573505909965,0.0133389651844421
2575,0.0012139341423301,0.000800802386051,0.0967480459787863,0.036101821663067,0.0248689761485835,0.0071990634015487,0.0012774630905738,0.0008787821205656,0.0265534721662283,0.0065543803731429
2576,0.4563565539153341,0.0507259234377968,0.0001194669663135,6.105878085311828e-06,0.1675288981529216,0.0033002667124399,7.337625602742801e-05,1.4465242447145869e-05,0.0002532046899103,7.907819220683993e-05
2577,0.0007313818684596,0.0002920701914868,0.2783538920738274,0.0055182163357271,0.2755727061620387,0.0038931580535688,0.0016092384357173,0.0003931206450956,0.1281273552644492,0.0036518915152287
2578,0.0014836777632924,0.0009366049137952,0.1465557770585824,0.0543956034440854,0.0481029333687449,0.0099846685991374,0.0025957381618469,0.0010081763802795,0.0650303153352615,0.0136182107631095
2579,0.0007316351186339,0.0002816710188881,0.2511192909255756,0.0056604576854371,0.2484807387131554,0.0041354799387772,0.0014795072169364,0.0003776003755135,0.1046887108847972,0.0035187026632312
2580,0.0008060068857176,0.0002924636931277,0.6694245801473535,0.0053557372719585,0.6652590444883548,0.0035939738795318,0.0023475965428952,0.000400479343011,0.3532078482376251,0.004256712620534
2581,0.0007131591157021,0.0003768162536253,0.0258679264264436,0.0036773017524689,0.0112008826298951,0.0030392398335509,0.000744162650414,0.0004426137568951,0.0068653730418166,0.0017694575478414
2582,0.0007897553999501,0.0001628763840808,0.0286307142780488,0.0047582569587322,0.0145167219722199,0.0019042328119625,0.0008613891369867,0.0002007649793819,0.0074493414891056,0.0011227302382405
2583,0.0007467411438059,0.0003223178182341,0.0288391406017096,0.0042933151381628,0.0114429052327057,0.0031554238378514,0.0007786630684895,0.0003855674942927,0.00750801450879,0.0019577387664974
2584,0.0010016110251819,0.0006478756080217,0.0272886122044171,0.00688428911075,0.0141260309899349,0.0043088401144834,0.0011795870986462,0.0007224608811589,0.0117973991187638,0.0025868131671279
2585,0.0014563895318579,0.0008799010783817,0.1016023453941234,0.0169485745398105,0.0212993553767919,0.0051243785888194,0.0024254876843248,0.0009392983707662,0.0245143182310851,0.003438085236002
2586,0.000761814734408,0.0002460997999314,0.0269460909663146,0.0035248549691061,0.0095464178798103,0.0025537176885061,0.0005753809499165,0.0002993612730016,0.0070601243936888,0.0015383446910039
2587,0.0007990273517791,0.0001258648010185,0.0287525125813205,0.0036090005616846,0.0048332635390401,0.001197973092151,0.0007225479388259,0.0001552638227806,0.0074315369668467,0.0009519404096997
2588,0.0007541560489583,0.0002328013089567,0.0283174869050229,0.0047854189065833,0.0177329991018035,0.0019134591891571,0.0008968890836362,0.0002953327121323,0.0073026405436197,0.001048966402072
2589,0.0007776449379417,0.0002611735463011,0.028335907591731,0.0035511534871823,0.0101466770656493,0.0026598668955766,0.0005663097663288,0.0003156730174188,0.0072767612864046,0.001718648163629
2590,0.0706063050558244,0.004790004166289,0.1908498800893096,0.0396012369906954,0.0995376474750024,0.0515622998527615,0.0207929842671433,0.0039434543298464,0.1327969032002273,0.0390849155556234
2591,0.0016936307883497,0.0002856024562023,4.13801355748468,0.0053707960421736,4.125580285176029,0.0033917541157476,0.00443323560614,0.000387729053657,1.7236874177483623,0.0043372246234664
2592,0.0007754754014541,0.0001927166371835,0.0288612943498644,0.0041931693716922,0.0082562659937986,0.0013409130055445,0.0008404199232377,0.0002394815518126,0.0074686450112766,0.0007941815330915
2593,0.0007578081201978,0.0002888826817793,0.0712392439450368,0.0056121548396016,0.0684108942676127,0.0038725459321872,0.0011351752138276,0.0003809626010743,0.0206343111278157,0.0021598874268918
2594,0.4766699737748032,0.0474849569611752,9.470841515453708e-05,5.339239448410185e-06,0.165678355348575,0.0033252693092069,8.698026476625746e-05,1.5879325686884527e-05,0.0002319356578562,8.199972309328353e-05
2595,0.0022334156883923,0.0014567037829924,0.1425543813948246,0.0610985212046274,0.0718195153719476,0.0282431006784584,0.0036831797103105,0.0013753980404219,0.1148643902698059,0.0468545663803351
2596,0.0007614404013804,0.0001864928673198,0.0264322728377224,0.0033505485754163,0.0090916453127968,0.00195492889249,0.0006646484347821,0.000230471085866,0.006929914259919,0.0011731460217368
2597,0.0015577607450251,0.0009854015085481,0.0254919005045016,0.0054097897191822,0.0189264529815723,0.005678783529232,0.0013348775779768,0.0010328411284687,0.0094201179726373,0.0029686747673053
2598,0.4911726858722133,0.0406001301852546,8.105650843372778e-05,4.639761848817552e-06,0.159082863429734,0.0037845972453409,0.0001026807327302,1.9173360485975303e-05,0.0002179899120021,8.11870781054468e-05
2599,0.4904888866156751,0.0417266964293313,8.041066436704429e-05,4.786769162394752e-06,0.1591511566562164,0.0041075269500366,0.0001027233501717,1.89326916658664e-05,0.0002142764814613,8.383960643323629e-05
2600,0.0007275053952671,0.0003427022509398,0.0263698315625812,0.003482655437728,0.0102097611371074,0.002599321497127,0.0006650613238526,0.0004039425615012,0.0068591413118774,0.0015641404464581
2601,0.5094192529767467,0.034268888374861,7.367843870525863e-05,4.036253381841752e-06,0.1507024260859673,0.005396363336841,0.0001083720696005,2.246122948646941e-05,0.0002361149507437,9.355952760537968e-05
2602,0.0008484607507994,0.0002879484721142,0.7456060703836842,0.0053554943370208,0.7417961267102581,0.0036146078547086,0.0024378091468353,0.0003939075398256,0.3867969269413285,0.0043488383078338
2603,0.0008148932787866,0.000132114766003,0.0251815290124166,0.0035864059437289,0.0076707871858862,0.0015733953704607,0.0007304601913636,0.0001634968359377,0.0065223209838807,0.0010115102025633
2604,0.4915929721300842,0.0429647104814346,8.956862993358707e-05,4.756979137765671e-06,0.1612326449208243,0.0043776155080159,9.675740202154313e-05,1.927459067959833e-05,0.0002177089956851,8.584911234561547e-05
2605,0.0007407058112488,0.0002942651012813,0.1227442238439158,0.0058805749187494,0.1197810783127139,0.0043778977485451,0.0011786526471852,0.0003895144002499,0.0351269405719671,0.0024556427546378
2606,0.0007501786648225,0.0002578893258362,0.0413946404962292,0.0055834397208374,0.0393796325010605,0.0032206364263084,0.0009895002235247,0.0003332525108826,0.0126062207387414,0.0016384036344667
2607,0.0007587673765439,0.0002157583204946,0.0291547230729795,0.004765175795633,0.0155767899635957,0.0019258403653861,0.000882944006457,0.0002728047618005,0.007702781557359,0.0010648083325445
2608,0.0008014749352953,0.0001721040825169,0.027831847740243,0.0044445653241841,0.0140915231899562,0.0034727392635642,0.000490035575515,0.0002161248614931,0.0080609286203681,0.0022067332126998
2609,0.001280558073321,0.0008395829822913,0.1735726481736255,0.05318477093533,0.0529298509918198,0.0084990829727614,0.0016849022893058,0.0009079569837637,0.0595253548946814,0.0092635348156496
2610,0.5314779107960047,0.0366991912770458,5.494401739519921e-05,3.125096764453453e-06,0.1433805977222718,0.0066362790229424,0.0001155907712986,3.1631973303333284e-05,0.0002527162620315,0.000113329236001
2611,0.4838720253809884,0.0450326397308089,9.483775214426328e-05,5.04365752198062e-06,0.1630445363653993,0.0040896412493872,9.378696548104192e-05,1.6992776143325156e-05,0.0002125251957791,7.757273728940678e-05
2612,0.0012815102881234,0.0002848158751948,2.1018852483658543,0.0053127738116833,2.097484467774019,0.0034405282601609,0.0034600152525551,0.0003918597542059,0.9634527345863292,0.0043572501025255
2613,0.0019350453869811,0.0013179094092629,0.0763931960082412,0.0178424290454219,0.025030281777455,0.0075913880693301,0.0016738983766167,0.001281960630477,0.0191466321094917,0.0047389907554372
2614,0.0007699198672619,0.0002826693121607,0.6600255020746111,0.0053866555632977,0.6561449217806209,0.003611817605289,0.0022590755330847,0.0003874546962199,0.3476743961373492,0.0043245312071291
2615,0.0007605706371219,0.000249278688105,0.0423520086102818,0.0056947636708471,0.040567096332954,0.0032492167835927,0.0010010551957289,0.0003192466494425,0.0134342529071289,0.00176894664079
2616,0.0007264102137425,0.0002887302728701,0.3372584459706457,0.0054934089728841,0.3345706338891628,0.003891228511519,0.0016999783086297,0.0003892593598222,0.1620754953673289,0.0039016595450627
2617,0.0007858148450323,0.0001794189035692,0.0278998505624541,0.0045931838425278,0.0159187828402072,0.0017743530205881,0.0008752380225736,0.0002226899297359,0.007214862276083,0.0010377377914116
2618,0.5289404989627424,0.0372434297627185,5.310863575148089e-05,3.2550971453566404e-06,0.1378892210560498,0.005940647915286,0.0001029970748059,3.248191139083964e-05,0.0002404156709386,0.0001133311414731
2619,0.0014654878486962,0.0002853387155868,3.4245858918685173,0.0052936634756193,3.414115232242216,0.0034035059326138,0.0038895023089558,0.0003910456016936,1.4738836917900264,0.0043423201337534
2620,0.5391418736992679,0.033923744668839,4.8915142199927264e-05,2.852010765315694e-06,0.1387494104563474,0.0077859314193256,0.0001078574552176,3.948528249688314e-05,0.0002992376915132,0.0001341656575968
2621,0.0010772234416318,0.0002836200938853,1.315667450161848,0.0053168063043212,1.3107084943306986,0.003487395389507,0.0029859550756602,0.0003903408810806,0.6335604961107338,0.0044072152986207
2622,0.0026078784051209,0.0007402205464235,0.2353788083023513,0.1220231649097102,0.0959509473116816,0.0225587944072361,0.0056292931092593,0.000851157113119,0.1470520470022509,0.0364701978335052
2623,0.0007426336454853,0.000281058763604,0.1194815995066507,0.0057731862538076,0.1166473977267234,0.0041650235157506,0.001211220597257,0.0003716519181999,0.0358181848620371,0.0025258536561266
2624,0.4706809037564686,0.0463800396623555,9.707925428124706e-05,5.3155934070714895e-06,0.1633727923913397,0.0036728830568666,8.839956921394215e-05,1.596069733770456e-05,0.0002406120843938,8.145020802291594e-05
2625,0.000759000623576,0.0002515365598079,0.0270308593041823,0.0033719841934851,0.0101503927058186,0.002181376427851,0.0006087543805268,0.000305045823807,0.0070015960831457,0.0013304266789586
2626,0.0007718341357953,0.0002030663087736,0.0293132555065248,0.0046332475491089,0.0179780662623239,0.0017212649847758,0.000857152152716,0.0002522472573842,0.0075225267729466,0.0010084509563135
2627,0.0007350828849822,0.0002836366228023,0.2236170998724383,0.0054802566682377,0.2207741459305583,0.0039404043583755,0.001489669880857,0.0003819219702556,0.0991882611575978,0.003409599975283
2628,0.0007802307646212,0.0002236721558727,0.0278822602662206,0.0049584496804844,0.020535071669664,0.0021612075358007,0.0009067254492765,0.0002838178828715,0.008439528620997,0.0011793398686508
2629,0.3213711129602237,0.016110738599464,0.0005819883831245,0.0002011315261611,0.324142473575522,0.0176079817064633,6.633246234212287e-05,2.180746013208779e-05,0.0005516151854903,0.0002108011801782
2630,0.0007334894585606,0.0002910432704226,0.1872367350912076,0.0056426545333883,0.1844068893392586,0.0041132756966716,0.0013745912918127,0.0003889390068084,0.0718153687546672,0.0031127072157992
2631,0.0007436262091313,0.0002879986490605,0.0462769266946523,0.0054798637628843,0.0436762768492499,0.0033783788131715,0.0010629371030981,0.0003753431122445,0.0131131844432213,0.0018179125372477
2632,0.0007480821811567,0.000278822951395,0.0725391397026532,0.0057975263182249,0.0697855203600126,0.0038833132605142,0.0011266057406499,0.0003635321363761,0.0218123263013987,0.0021456938605528
2633,0.0007465176414078,0.0003752592254171,0.0271959953627157,0.0035811089506996,0.0104046648292307,0.0028805685033366,0.0006255663489836,0.0004417768368419,0.0070355010833063,0.0017153064354499
2634,0.0007498948562388,0.0003368848599574,0.0283362562081481,0.0037474144312298,0.0129765502495931,0.0033060346115296,0.00063886800273,0.0004023847481766,0.0073721483487952,0.0019873480943868
2635,0.0019914070924899,0.0013409367800063,0.5303346480343032,0.256752424068894,0.2146485991560875,0.051643344016204,0.003297487636283,0.0012539050663171,0.2358203299607443,0.0576685127899914
2636,0.000780973425346,0.0001485556785314,0.0282848592411557,0.0041815910149629,0.0091084396799595,0.0014058880835747,0.0008179279733734,0.0001833159580102,0.0074733427827136,0.0007920759022384
2637,0.0007194034224983,0.0004412352379247,0.0252033142695552,0.00366678321636,0.0128835643701452,0.0032982627570808,0.0007567092967106,0.0005127300562573,0.0066362471471378,0.001910609084816
2638,0.0007886350543823,0.0001784222077693,0.0292679259958297,0.004005455073413,0.0079975613798533,0.0011334764277514,0.0008019437130645,0.0002214206223555,0.0077867114301417,0.0007245527671719
2639,0.000763534629469,0.000218779480265,0.0294937265343736,0.0055759272529365,0.0294335709045878,0.0027766381238829,0.0009727629050068,0.0002770362000857,0.0100660994479123,0.0016039835923284
2640,0.0007913638576422,0.000135486374422,0.0286933892736363,0.003442857213808,0.0071024409744168,0.0014686090053337,0.0006707313872988,0.0001705444117912,0.0075305656689301,0.0010579704718005
2641,0.0007525256634658,0.000271789714623,0.0266305219252521,0.0035727581583827,0.0109881063522579,0.0029095965438662,0.0005105599419451,0.0003295566401235,0.0072938981531022,0.0018840126100776
2642,0.4972435666743307,0.0391445512726312,7.374501024736596e-05,4.312909656617546e-06,0.1556655649438166,0.0051079857076346,0.0001084985397045,2.085307975209952e-05,0.0002514819064874,9.60819473289967e-05
2643,0.0011602328161538,0.0002721366178721,1.671012522453002,0.0053657014233785,1.6660701345437037,0.0034488028011998,0.0031799171408668,0.0003769886391314,0.7834400384396449,0.0044009874540101
2644,0.0007198444296881,0.0002786219506898,0.4657293591622008,0.005435108926978,0.4629262529335032,0.00380420522292,0.001880411802135,0.0003778465633096,0.2297456114534009,0.0042017568641213
2645,0.0011839258575619,0.0002737793122175,1.6654982055175769,0.0053362957744958,1.6609199639991583,0.0034406513831313,0.0032346818286544,0.0003781521425842,0.7834101443306333,0.0043283757777512
2646,0.0007685802226576,0.0002876030978266,0.5777631682524876,0.0053682499366119,0.574411161619299,0.0036474325140805,0.0022496692401951,0.0003919345524092,0.3022531619079581,0.0042735036774767
2647,0.0007841026668275,0.0001242403216957,0.0291116736600842,0.0034893419813351,0.0075372783489802,0.00167473515788,0.0006985334666677,0.0001554917829773,0.0076364439030485,0.0010833034663832
2648,0.0007672726712967,0.0001992031939,0.0296350760763571,0.0044704454823772,0.0129135074941057,0.0017028064222043,0.000856926439931,0.000249876985863,0.0076625272084946,0.0009096001113568
2649,0.0013311972741398,0.0002897703288633,2.42675908283228,0.0053010586530027,2.421870528223109,0.0034421123729235,0.0035757757062067,0.0003981853630036,1.094906106545183,0.004382276016856
2650,0.0010129878064975,0.0006787551671049,0.0799204810437872,0.0174097291908367,0.0195096205350883,0.0049119882509713,0.001103452251571,0.0007601711315616,0.0210961982656705,0.0034289231232877
2651,0.0011138575048261,0.0002794639756819,1.2794631496445812,0.0053239240287257,1.2749225474592942,0.003448833876765,0.0030749870997418,0.0003850362740974,0.6165762155136034,0.0042459287258875
2652,0.0007998311077228,0.000140981788146,0.0279051369328648,0.0044062589033416,0.0123341091756272,0.0017977625490229,0.0008138627442575,0.0001740561355595,0.0073574436240449,0.0010350442065156
2653,0.0010711484518078,0.0007124412161306,0.109185406172653,0.028770374724845,0.0248608155060313,0.0051470711938237,0.0011893814816622,0.0007950404144618,0.0316703400074447,0.0052294077609251
2654,0.0007795123493754,0.0002310069826053,0.0291662084450198,0.0053806980467488,0.0271660240528903,0.0026834499900333,0.0009428238110281,0.000292501732675,0.009898699380341,0.0014458985026724
2655,0.0017767064596651,0.0002837955620828,6.57384911525175,0.0053939390028527,6.560099158830763,0.0033920882345897,0.0046286215594858,0.0003869393388989,2.4884226868175223,0.00429693992588
2656,0.0007834271900436,0.0001422618023043,0.0270640928878428,0.0033775557803054,0.0068161199207113,0.0015281723454581,0.000665443560236,0.0001785656256742,0.0071348941484497,0.0011065495046465
2657,0.000849702163224,0.0002839349078697,0.7700935328104764,0.0053772752901993,0.7658348317155952,0.0035649388929898,0.0024486289194147,0.0003890532342458,0.3963995401161391,0.0043115068478336
2658,0.0007233785910387,0.0002818226850493,0.3127227043289662,0.0055056143367932,0.3100259169132608,0.0039499636336864,0.0016408865679942,0.0003800049016379,0.1451620637256886,0.0038223269855233
2659,0.0015289142992493,0.0002871767761702,3.8662830261399153,0.005327690883077,3.857480595854704,0.0033920820314898,0.0040402534379144,0.0003930355885938,1.625617874957827,0.0042681287254064
2660,0.0007755143424444,0.0001778941406067,0.0291113459881229,0.0049093229570028,0.0203869437345579,0.0019898880687573,0.0008694031222186,0.0002205460391037,0.0078154946972869,0.0011486035113558
2661,0.0007925480520295,0.0001019358638768,0.0278382962740415,0.0036130531966529,0.0066147872367222,0.0008718477477264,0.0007183660062965,0.0001274035781786,0.0073633606143668,0.0008152799264484
2662,0.0013064537813272,0.0002834511147218,2.3505753917770296,0.0052924101756407,2.3461347948542617,0.0034224495107725,0.0035200683403599,0.000389318790429,1.06358632164274,0.0043504577185713
2663,0.4449160415832914,0.0504994152337225,0.0001305951365153,6.875077648225204e-06,0.1866321441283762,0.00348433424487,6.471055292578236e-05,1.4868207418001285e-05,0.0002630232602107,8.02361652010864e-05
2664,0.0007898797155554,0.0001324978038075,0.0284705292474634,0.0039017956177501,0.0086375908070688,0.0015780167930328,0.0007119928222518,0.0001635893546929,0.0073528821002942,0.00105622822106
2665,0.0007959819452469,0.0001486453136231,0.0274398133158213,0.004212902516724,0.0124699753327096,0.0017087762201481,0.0007924767922925,0.0001827275426849,0.0071626793646851,0.0009741009121417
2666,0.0007476878580582,0.0004405419932966,0.0248539235340559,0.003536978442869,0.0138422138554433,0.0033965208971717,0.0007395047462799,0.000512434866698,0.007827294874226,0.001936597239736
2667,0.0007866771709596,9.240427282518624e-05,0.0274021131402618,0.0039981294183139,0.0103992742207237,0.0016746563985218,0.000768112976371,0.0001142307967726,0.0073161848767632,0.0010595514177326
2668,0.0007945429222248,0.0001801111044067,0.0279207074132116,0.0043844061346288,0.0168372903092674,0.0018918543730586,0.0007819582468531,0.0002228373106315,0.0074596614870204,0.0010415725921173
2669,0.0216144872254725,0.0019818839873177,0.1671609816956816,0.0918804999997002,0.0872138779316856,0.0338208454976092,0.0246071216039925,0.002078987162716,0.1618887752191821,0.0874674391214763
2670,0.4994147205578496,0.0417104381635008,8.344638352524752e-05,4.431110129113795e-06,0.1603445546685585,0.0053643246823979,0.0001080007190451,2.092279029243964e-05,0.0002925694225872,0.0001011804024048
2671,0.4844709965300624,0.0427479862502119,8.481057813389598e-05,4.870921947418014e-06,0.1619023928044586,0.0045886012127312,0.0001009868088436,1.849103442231152e-05,0.0002789575063389,9.33281251453902e-05
2672,0.0007374795747404,0.0002813774942487,0.2171607155907564,0.0057222755394805,0.214443536202106,0.0042318903741571,0.0014013160697468,0.0003759225398819,0.0859137994089914,0.0033322827116931
2673,0.0007260392506487,0.0002805291918968,0.3772283254963931,0.0054538212587693,0.3743596575588761,0.0037523145906029,0.0018397156783068,0.0003805177180226,0.1905680561151813,0.0039864577530261
2674,0.0007655064514731,0.0002419221160194,0.0380523905373044,0.0054657049673039,0.0344846952027284,0.0028866139247636,0.0009857836639939,0.0003081764691914,0.0128102718070408,0.0016287611341936
2675,0.0007553545932258,0.0002084162639188,0.0291484327415727,0.0051584208307644,0.022626992840856,0.0024209074614063,0.0009305764650682,0.0002636982602215,0.0081722869398743,0.0013007484129817
2676,0.0122215002986142,0.001501050635938,0.1801490147672885,0.0851285151656223,0.0575577722952105,0.0250046295062906,0.0161922463470252,0.0015840113607542,0.168896517003005,0.0776854698902567
2677,0.0007477922254488,0.0002696096974661,0.0775643705905066,0.0057810325671092,0.0747829975628593,0.0039197465031538,0.0010956206737736,0.0003530162231582,0.0206637549562627,0.002036724170227
2678,0.0007913669199596,0.0001377430227874,0.0289593437857277,0.0037215463945251,0.0061646288868843,0.0011738733998407,0.0007531580567666,0.000169526595635,0.0075449510860589,0.0008209399162048
2679,0.0016486559130235,0.0002711636250013,4.63607080807461,0.0053676612949796,4.625648300772297,0.0033747439682205,0.0043288314315488,0.0003736494787931,1.8794438615405324,0.0042775015361087
2680,0.0007703137351393,0.0002835127913004,0.6224202158465933,0.0053584722629196,0.6193007023019704,0.0036655100167728,0.0022508569969496,0.0003853833154925,0.3252561934689713,0.0043994972004361
2681,0.0199207243548794,0.0016802910987372,0.315855293189322,0.1898568994066458,0.0448789427290176,0.026519100875397,0.0273571780789272,0.0017766703315021,0.3009327777521869,0.1738247601233272
2682,0.0007439926951526,0.0002783421391488,0.0683293990818044,0.0056647694453268,0.0655890673061262,0.0038489152574661,0.0010931749550506,0.0003657196508712,0.0188650215506279,0.0020142032516449
2683,0.0015811072900123,0.0011768999726645,0.0837791444802637,0.0146961561246672,0.0220987058512497,0.0073720943358176,0.0016355560855767,0.0011555728029728,0.0230953458530861,0.0043054221078668
2684,0.0565687303915976,0.0189814913114661,0.0016510180309114,0.0005118931013944,0.2789674978179699,0.0226107520929932,0.000360719247849,0.0001081169512655,0.0015716012378408,0.0005124822692459
2685,0.0013299703389361,0.0002851245208052,2.469692072754276,0.0053184686765379,2.465333943083598,0.003435197873765,0.0035719400217735,0.0003922700185635,1.110392107983112,0.0043531092148877
2686,0.0113604681949456,0.0014694954924742,0.2847752570259176,0.1835442399356493,0.1253393863174222,0.0535618400165419,0.0168743319706362,0.0014637339952059,0.2732816255112916,0.1665428440636703
2687,0.1751329515792519,0.0078228870429359,0.211589359985663,0.0108443377943019,0.155894034903154,0.0768215488936771,0.0119199955143094,0.003659448938121,0.1778732308474481,0.0108115526272739
2688,0.0013483405887372,0.0009288921514553,0.0258644800357351,0.0064790450168301,0.0210659202961734,0.0069477769684606,0.0012897565576361,0.0009867847198783,0.0115977079123117,0.0037200871098074
2689,0.0007740387531073,0.0002251823254481,0.0277989345567635,0.0048663371515106,0.0194524504417621,0.0021273293664024,0.0008779790813716,0.0002842170253958,0.0073715131752265,0.0011104461728931
2690,0.5284221528290275,0.0317809602714044,5.243262531791536e-05,3.214344842135409e-06,0.1401079579536842,0.0071095252593704,0.0001063024585447,3.4551947474415245e-05,0.0002168475513637,0.0001165662165918
2691,0.5250314661953572,0.0368409775699808,6.364859388175066e-05,3.438834083301665e-06,0.1462531658336564,0.0068311122577568,0.0001173770424774,2.820912152726657e-05,0.0002475435666625,0.0001095730559046
2692,0.0007518235766985,0.0002822288021083,0.1040790340779652,0.005815779227198,0.1012378927724889,0.0042160932393054,0.0011612392831664,0.0003721022805731,0.0295848861199247,0.0023529033253192
2693,0.000738955232623,0.0002814849084274,0.1450124857819986,0.0056756532556457,0.1421702539197066,0.0041558308500219,0.0012590128414639,0.0003749265824181,0.0467047948799092,0.0027220647917857
2694,0.0011323259285826,0.0002895355146311,1.538431156749257,0.0053076838077726,1.5335416866467768,0.0034976386188819,0.0031095459403722,0.000397439995055,0.734006987533652,0.004513204840355
2695,0.0007454035265192,0.0002917128857777,0.1901419284250179,0.0057805198862189,0.1874169887633843,0.0043393292148342,0.0013467434699652,0.0003878825178077,0.0704760405560815,0.0031428934387025
2696,0.0007506696590116,0.0002704134883291,0.0431502567229294,0.005497225797979,0.040714664778654,0.0032284175608217,0.0010234634232153,0.0003501702708278,0.0124467166487235,0.0016702039992387
2697,0.000724934439939,0.000275375651964,0.3843418242484705,0.0053988053926015,0.3808820986062166,0.0036307444394372,0.0019177274863926,0.0003757984278668,0.1960583722081748,0.0038774736441896
2698,0.0007271820992671,0.000279950076577,0.3827919199080519,0.0054697758625186,0.3801331045357347,0.0038708674783148,0.0017842180114642,0.0003791313969122,0.189403310314688,0.004044120868669
2699,0.0017447091457885,0.000279693315562,4.22320376934092,0.005409398817079,4.208085955810868,0.0034216153072828,0.0045506045234103,0.0003800708552738,1.7526185520205355,0.0044309881240609
2700,0.0007314974341657,0.0002856305306853,0.1009321796823122,0.0057261015664841,0.0980571905962493,0.0041353655767042,0.0011742192092698,0.000376436283522,0.0293980194439745,0.0023535933484376
2701,0.0015469882948039,0.0002846483281464,4.347143577201039,0.0053323530398966,4.337024949328467,0.0034300253058958,0.0040718544974027,0.0003919825667818,1.7857031837015591,0.0043989232513834
2702,0.0007800427821577,0.0001499506141703,0.0289120873010061,0.004196330285617,0.0102800186299775,0.0016403966017476,0.0007569447219844,0.0001855677292919,0.0076828769795537,0.0009819835521254
2703,0.0657873019130257,0.0050149948470786,0.2421096487832693,0.0333418340948453,0.1365500323074312,0.0539682115533494,0.0176031628291237,0.0041226389159837,0.2113628210597363,0.0332181913078301
2704,0.0017751791771964,0.0002808845094256,5.145146482283337,0.0053852738460997,5.130495868442918,0.0033957405746397,0.0046283765574964,0.000382912967344,2.0693507816553107,0.0043269513122576
2705,0.0007925917462392,0.0002901308770046,0.6881277989681901,0.0053187240394077,0.6840733671533008,0.0035871134425223,0.0023158439440962,0.0003959075246453,0.3579557860841812,0.0043004675597647
2706,0.0016753814147345,0.0002731575498739,4.631912137246821,0.0053673369029585,4.622921448734753,0.0033809812797385,0.0043881649208795,0.0003735712817777,1.887944077983652,0.0042586902402661
2707,0.0007331886709335,0.0002926988929125,0.4291359885015068,0.0054086392656168,0.4262808363608668,0.0037425025579332,0.0019339009215301,0.0003958772864301,0.2211924475578417,0.004139967528567
2708,0.0017853346414974,0.001266644116272,0.0423084658520835,0.0100398121828598,0.0231135541872467,0.0074739932384704,0.0015884167221022,0.0012045260441946,0.0153819163347843,0.0041965855827279
2709,0.4298192952831668,0.047942829838521,0.0001320159933498,7.69279144318456e-06,0.1941800500934212,0.0040989679162046,6.226963237920287e-05,1.7340151678062478e-05,0.0002314388852611,6.97163549651518e-05
2710,0.042348862207765,0.0034927865076913,0.1383303211222221,0.0431901279813505,0.1087783430164588,0.0509916996602609,0.0222859430819002,0.0033751587254499,0.0942374791287169,0.042630545735665
2711,0.0007683172174536,0.0002371721716952,0.028130968358525,0.0051608809208391,0.0246285993586918,0.0024330848077413,0.0009029008019884,0.0002995308072373,0.0088884839618039,0.0012806796811717
2712,0.5084547057806009,0.0400553448591948,6.872057678775832e-05,3.913578875184705e-06,0.1493201516344746,0.0043473236703502,0.0001101452381173,2.1138776471467472e-05,0.0002460497913589,9.037084455856424e-05
2713,0.0011931751115094,0.0002918299018131,1.671431365024268,0.0053376612646583,1.667010968145419,0.0035033961873312,0.0032445529622411,0.0004005258712728,0.7909015219191361,0.0044972256789747
2714,0.000774481262005,0.0002807784511792,0.0285837133849059,0.0035814230522923,0.0098272565699852,0.0026718453300857,0.0005049157014789,0.0003388340003576,0.0073166239259623,0.0016624073760211
2715,0.0007877932384789,0.0001564758049379,0.028655226388556,0.004030192605302,0.0091114071859089,0.002060623221567,0.0007185108205559,0.0001952356668245,0.0075098298037031,0.0012345540075281
2716,0.0007801966690444,0.0002258573683246,0.0264308676154484,0.0032473140014645,0.0098312829590532,0.0021581763363716,0.0005941656635576,0.0002785750907926,0.0069387231226565,0.0013707949139232
2717,0.0011771800747143,0.000276139588308,1.712506984981473,0.0053389209163966,1.7074862952347896,0.0034659858343113,0.0032194710189155,0.0003824769566703,0.803219536124795,0.0044176743703974
2718,0.001279602151516,0.0002826602598494,2.179023474256678,0.0052820014053646,2.174321988707882,0.0034435603462869,0.003453461038528,0.0003884041207749,0.9996562686035936,0.0044557759198731
2719,0.0007442003210707,0.000259479121254,0.0317276896406699,0.0052814581884854,0.029194821679672,0.0028314124150636,0.0009539916828866,0.0003329255789358,0.0104827462110826,0.0013996534994873
2720,0.0016204397494091,0.0002737181610135,4.3892163100778525,0.0053653503802703,4.3803269289673805,0.0033743187467475,0.0042616999501341,0.0003762134170966,1.7964472052933194,0.0042504105143366
2721,0.0014817491342696,0.000279156180504,3.483029913348183,0.0052840304393822,3.472725577438305,0.0033995101896606,0.0039279180565333,0.000383886608834,1.4894559900613462,0.0043394383544091
2722,0.0007846996936495,0.0001585953924793,0.0286615622322631,0.0041073984184707,0.0106183469026246,0.0014848298632113,0.0007745232996503,0.0001956123634906,0.0073475912735212,0.0009034136471906
2723,0.0007288423858372,0.0002834490354303,0.5156952345530592,0.0053967858257226,0.5123661338791089,0.0036765303609167,0.0021386243564655,0.0003873032305614,0.2720876198229632,0.0042131925491326
2724,0.0007564223953013,0.0002462107034722,0.0381343089503651,0.0055128537983264,0.035046902923216,0.0029972665053963,0.0009907463278371,0.0003159614033362,0.0125921813756181,0.0016151854060919
2725,0.000748575161705,0.0002972103290471,0.0846103660372706,0.0056824418847591,0.0818256615157129,0.0039585855019664,0.0011580693511997,0.0003911597493427,0.0245409961208855,0.00225892384713
2726,0.0007355948687359,0.0002853332918577,0.1495367774209977,0.0057290441527352,0.1465512710883752,0.0042183320152288,0.0012467997356611,0.0003784853396546,0.0447797085870794,0.0026665137255811
2727,0.4071427561351732,0.059270366239013,0.0001652856167228,9.001363245443018e-06,0.2305337361311843,0.0042297481170485,4.715885505701279e-05,1.951523843793108e-05,0.0002768201888063,7.825493941322264e-05
2728,0.000726533444622,0.0002870568456822,0.2200924050643355,0.0056454700404212,0.2172774937112149,0.0041338839116022,0.001404711841263,0.0003849891541857,0.0844657217185709,0.0032496285646255
2729,0.4567608211329049,0.0486364563763122,0.0001175517851337,6.180620970493389e-06,0.1691496362581117,0.0036063629549324,7.363696183754936e-05,1.5162488509294126e-05,0.0002565196793695,8.114168577064104e-05
2730,0.0007330710460932,0.0002925269097671,0.1662857656200283,0.0056382105199146,0.1632596110908305,0.004072579089705,0.0013288662336926,0.0003917969772064,0.0608013132209794,0.0029423282132575
2731,0.0008200474757508,0.0001359314823932,0.025431238081351,0.0039327533771013,0.0089635360540397,0.0015138116963587,0.0007866516586603,0.0001669749141096,0.0068298362875985,0.0009129245527677
2732,0.0007300670206399,0.000285833274744,0.454658430036879,0.0053676317084124,0.4512786761454314,0.0036661978291177,0.0020116337470941,0.0003889564648264,0.2325941462919926,0.0040399381652264
2733,0.0007706050893037,0.0002353130409553,0.0273415128056696,0.0032567836155924,0.0097194314917622,0.0023014663358897,0.0005919327212124,0.0002881701302545,0.0072441416830355,0.0014381528208747
2734,0.0007636944016777,0.0004037381292058,0.0276421016723458,0.0039123298849357,0.0137639011881932,0.0036992487699785,0.0007155202276806,0.0004754042114089,0.0085785633462379,0.0022402866214204
2735,0.0007759221715424,0.0002150029728136,0.0276043021311254,0.003696780420138,0.0130007095093293,0.002788557930346,0.000549760728922,0.000264169200753,0.0071981564909953,0.0018100128814592
2736,0.456876663642162,0.050550482203656,0.0001064910334461,5.855304925856243e-06,0.1674594669897013,0.0032546177984553,7.669977231719711e-05,1.5300617886931245e-05,0.00024411136766,7.697448709799972e-05
2737,0.0008014475960922,0.0001179064371482,0.0277927171781251,0.0036180976969022,0.0112565106715261,0.0011900329520188,0.0006829836952373,0.0001467259848204,0.0072256463846822,0.0009838589443879
2738,0.4119291495327972,0.0074372697040394,0.196884551962822,0.0181930697704542,0.1307450508867835,0.056716812395897,0.0146732842099732,0.004530734108031,0.1642513759567732,0.0181684201213991
2739,0.0011995021687765,0.0002780861487661,1.7739592970157316,0.0053286593923177,1.7692694413142265,0.0034577945799291,0.0032671747917211,0.0003836208150554,0.8415351368412249,0.0044234267235714
2740,0.0013513810434462,0.0002824156470392,2.737315850486984,0.0053262364565267,2.729869741855892,0.0034440070679608,0.0036206993928623,0.0003897416007617,1.220351325154877,0.0044350459421371
2741,0.000743608109314,0.0002671377876023,0.0321374298807196,0.0053260890883142,0.0300429573646985,0.0029648059675262,0.0009836313269907,0.0003453354568145,0.0099507123623826,0.0015099226780573
2742,0.0007271886149518,0.0002900709508788,0.5783385728473089,0.0054298405230177,0.57566733532477,0.0038468425358393,0.0020089535604328,0.0003941190240411,0.2954425712410322,0.0045579751104094
2743,0.3927151521521415,0.0601723723407528,0.0001889501608963,1.031004119817551e-05,0.2498450593126074,0.004102293296111,3.912159997570767e-05,1.584924560196831e-05,0.0002708027099699,7.036854409841076e-05
2744,0.0007939124673647,0.0001149395165394,0.0285875409094134,0.0040146218927779,0.0124947572263232,0.0017100442284401,0.0007126861790256,0.0001423515998377,0.007385483113844,0.0011009058116758
2745,0.0007483679308723,0.0002961188583507,0.1601690456529871,0.0057074870981757,0.157292662475088,0.0041983783244614,0.0013160615737384,0.0003943724488762,0.0571604099486966,0.0029285710125854
2746,0.4381852702325761,0.0488925438479823,0.0001233841436747,6.88450913084725e-06,0.1807975294131536,0.003858024425772,6.421242507055508e-05,1.612242238732135e-05,0.0002646442970571,8.26833215525272e-05
2747,0.0007596724840479,0.0002135932067876,0.0289712368825256,0.0046659181953142,0.0168768483068235,0.0017843984719553,0.000872217403625,0.0002678588231772,0.0075718525840239,0.0010024856034947
2748,0.0007245271573813,0.0002829700987098,0.3890215970085947,0.0053753791351631,0.3853287653286352,0.0036305256045656,0.0018924525089303,0.0003862212427944,0.1968248486258695,0.0038841016872092
2749,0.000738602197746,0.0003126570275011,0.0266934134948669,0.0049618659119897,0.0133176986268967,0.0038691383276623,0.0005437281402637,0.0003739005437972,0.0080241376363335,0.0021686310630269
2750,0.0007339138547385,0.0002767041015656,0.0573876056245942,0.0055150142594727,0.0546578718724897,0.0036132718115578,0.0010507297145493,0.0003628372631438,0.0153222216751526,0.0018140092251928
2751,0.0007377010139664,0.0002889605476003,0.1489400160808268,0.0055894074212199,0.1460231127189061,0.0039605536884528,0.0013580293000214,0.0003861809844079,0.0589123410943112,0.002952125222775
2752,0.0300425694832918,0.0025728548620341,0.1779092796062769,0.063669416671392,0.0938082004501914,0.0381618924584488,0.0253322426124266,0.0026242956246073,0.1295010908558352,0.0614372010663365
2753,0.0008077292064055,0.0002835400391123,0.7400796003351453,0.005346445227833,0.7363730961066165,0.0036339144392257,0.0023436653285466,0.0003874620440454,0.3866058451320452,0.0044567627377875
2754,0.0007476558447509,0.0002805601122231,0.0291768014256248,0.0052965338698265,0.0264987339954701,0.0030045559783789,0.0010361842142,0.0003667243193572,0.0093014042268338,0.0016796428080699
2755,0.0010421963939789,0.0007067647103806,0.0719456086862232,0.0200515654659933,0.0233136814792284,0.0072184509049722,0.0010663043032303,0.0007852677799624,0.0209210226741608,0.0046251682180689
2756,0.000736513329277,0.0004132293096557,0.0272324740916573,0.0034764265502245,0.0109474432151037,0.002989087608751,0.0007271395644066,0.0004810158031932,0.0072020975562313,0.0017368126963231
2757,0.4862142571782721,0.0399395614492057,8.676213676101548e-05,4.850234779382581e-06,0.1622806297542393,0.004426300455087,9.725386085865056e-05,1.7410822734634914e-05,0.0002651457101391,8.82747458034474e-05
2758,0.0018152276640068,0.0002828401558004,4.521458094806372,0.0054699851965909,4.501887479194499,0.0034916065104311,0.0047083867778257,0.0003834052378285,1.8604668073697557,0.0045532985017789
2759,0.0007344002689308,0.0002876436018384,0.242688569119553,0.005571024296566,0.2399148846385115,0.00403211564395,0.0014831841926667,0.000385438684142,0.1025496696105243,0.003465562027152
2760,0.000720450120211,0.00040347345537,0.0265805831314822,0.0043795369511936,0.0131128229394409,0.0033242820803998,0.001117621077244,0.0004722385232049,0.0073294716356082,0.0021736020596895
2761,0.0010296703471657,0.0006688237587005,0.0258362037949431,0.0055113350658352,0.0170904210343479,0.0057096732785392,0.0009874278102632,0.0007417390177323,0.0093673059758448,0.0030296825257783
2762,0.0014079557439108,0.0002860849756475,2.8844148258783315,0.0053387320897486,2.8758526643172853,0.0034245141320672,0.0037544575636955,0.000393831795993,1.2736162462269751,0.0043413774709874
2763,0.0012875553246875,0.0002842589467685,2.2500375082054647,0.0053068934519885,2.2453635538566425,0.0034351874474164,0.0034742678049836,0.0003906729304182,1.0322355990467973,0.0044103340614002
2764,0.0007728726504542,0.0001642337298521,0.0292594203019633,0.0043802828643975,0.0139760917016019,0.0015792409285689,0.0008026411510425,0.0002031145198199,0.0076685733828914,0.0009076841317733
2765,0.0007476006166606,0.0002544806936966,0.0289007348551218,0.0051555440304968,0.0223558974369839,0.0026819800575108,0.0010146800167078,0.0003276306535963,0.0077009982718773,0.0015316278007977
2766,0.4624864282385657,0.0434687763736947,9.939561407088308e-05,5.685837026363213e-06,0.1654628516560334,0.0039500410382158,8.65021620609363e-05,1.629306865772471e-05,0.0002349911256911,8.548122298268877e-05
2767,0.4397905132892931,0.053141305231246,0.0001395001416946,7.083864934196352e-06,0.1968373525767655,0.0033331244678171,6.054481448417259e-05,1.4537092968192969e-05,0.0002764649892311,7.803866731116893e-05
2768,0.0007876433475395,0.000220087715268,0.0268817666783695,0.0048907696616154,0.0190265094707451,0.0021973546468249,0.0008565442102093,0.0002762024915388,0.0070698416874455,0.0011799617924442
2769,0.0007576398201363,0.0002528141761732,0.0288624501102135,0.0049484337203006,0.0178284793244955,0.0024292013872333,0.0008927232823596,0.0003232230459107,0.0075136618932026,0.0011911424346419
2770,0.0018071585783881,0.0002774703362232,4.552694785951153,0.0054203257648487,4.535645922977825,0.0034379376485634,0.004695282042645,0.0003767277800792,1.8742083634740687,0.0044320423465276
2771,0.0007715832639981,0.0002114367802004,0.0288197948565934,0.0050597843781084,0.0188919685861116,0.0021561269095758,0.0009076844556475,0.0002657815139384,0.0074689896384424,0.0012525030909106
2772,0.0344100622370623,0.0027075088765234,0.2042429236138678,0.0717160314747036,0.131592127196267,0.0557925112543226,0.0299476848277986,0.0027289022312062,0.176571432968608,0.0701080954033289
2773,0.0012667391086987,0.0007677962967197,0.3061559733907772,0.0817904080944963,0.086882663385475,0.0122466409109103,0.0018223066165928,0.0008414422646816,0.0770060482702796,0.0091582495516234
2774,0.4392379594176414,0.052255736175532,0.0001390771230943,7.333338993274523e-06,0.1968491452854947,0.0030942447847621,5.999772321150856e-05,1.275718418665983e-05,0.0002452935709269,6.625751392594179e-05
2775,0.0010290110588743,0.0002870491120359,1.1964983356684038,0.0053253541511479,1.1917322401255483,0.003520037618101,0.0028700439886833,0.0003942967262016,0.5825154449578331,0.004460361938037
2776,0.0017030831147067,0.000986223129642,0.242885483793023,0.0580611692185993,0.0636962152414367,0.0104985257977102,0.0025508709954517,0.0010112284716937,0.0580709154108529,0.0078238370757996
2777,0.0007468023630243,0.0002935460368558,0.0923377586057159,0.0056012488391538,0.0893603901633916,0.003915012093517,0.0011839237098221,0.0003889972875397,0.0269009478221395,0.002342940308382
2778,0.0007413133029671,0.0002908663323482,0.4791636447669309,0.005424423163451,0.4762567006149868,0.0037990969245191,0.0019210462814543,0.0003944717261953,0.2411568788280462,0.0042491200716546
2779,0.000736527670359,0.0002918163222387,0.4198981948162366,0.0054761481899034,0.4172454245008128,0.0038816453230755,0.0018065112459732,0.0003943245483114,0.2074505815049575,0.0041592277688291
2780,0.0007882245110935,0.0001265551694987,0.0292008334484649,0.0037957904291095,0.0103354854154397,0.0018282866602428,0.0006974640842042,0.0001594438635991,0.0076550341530559,0.0011172946480973
2781,0.0007439916563572,0.0002603799659827,0.0379345372908886,0.0053963659622869,0.0350598042331103,0.0030351821704441,0.0009647360694965,0.0003346828401131,0.0122819536206523,0.0014990048249247
2782,0.0013777470749114,0.0002843746395041,2.740438452392663,0.0053389226279348,2.7331078903655857,0.0034248402456259,0.0036833658601856,0.000391643330916,1.22117928596719,0.0043453427628143
2783,0.0015978448250797,0.0002843247334743,4.598406119658529,0.0053395803161418,4.589622142071053,0.0033948496432483,0.0042002092219166,0.0003903751664781,1.8722447454615807,0.0042827125857384
2784,0.0007247682652907,0.0002889150555848,0.4401441159288519,0.0054598380634281,0.4373686632488133,0.0038172504094568,0.0018980607779939,0.0003916935318842,0.221179428605764,0.0041727868202835
2785,0.0007565611993089,0.0002815142997334,0.0279653998335998,0.003340829056608,0.0118506361185824,0.0025511809418984,0.0005514765828712,0.0003402517688048,0.0071936477146713,0.0015696033088871
2786,0.0009439379343689,0.0005773657824273,0.0264767818948106,0.0057656008781461,0.0167527656297879,0.0041621944278363,0.0009348481538826,0.0006510983949651,0.0099892465969779,0.002653881666054
2787,0.0014573662040758,0.0002759989229737,3.3109427795847943,0.0053475209714872,3.301589313956845,0.0034004207063038,0.0038723950872628,0.0003812775608766,1.4293074253022409,0.0043165300617025
2788,0.000726095877534,0.0002875948367638,0.5631487555721909,0.0053675474772972,0.5595589827156531,0.0036354951129737,0.0020947754523765,0.0003905646467942,0.2842843787215667,0.0042108485708011
2789,0.0016256200585184,0.0002755631783684,4.421390013960695,0.0053879467896429,4.411876173338926,0.0033822837749189,0.0042713203298051,0.0003783113637874,1.823330224875752,0.0042759876713632
2790,0.0008063980851586,0.0001640111863454,0.0277598715233097,0.0044462499466194,0.0155954196046375,0.0017488330675426,0.0007897428749352,0.0002029877110581,0.0074606547554351,0.0009756960447234
2791,0.0011126011385228,0.0007441273618658,0.181466072626858,0.0508128349844754,0.036919148964502,0.0068943932015029,0.0011424275395887,0.0008187772702278,0.0355042091982104,0.00551236946939
2792,0.0007866476981225,0.0001935897612354,0.0279102612406965,0.0043048363438046,0.0105984134550153,0.0014615831004492,0.0008523363592723,0.0002411082505552,0.007259104012148,0.0008873290714287
2793,0.0017637730171584,0.0002806149292816,4.781634324700805,0.0054088115850369,4.766378050481258,0.0034042476487748,0.0045982149468773,0.0003819060700796,1.9439955214439373,0.0043692513217611
2794,0.0017850541601659,0.0002798800202806,4.477116979086308,0.0054447213492161,4.461553346346129,0.0034392119160396,0.0046464606544424,0.0003800665098296,1.8515436176584696,0.0044192037479014
2795,0.0010630882079625,0.0007031443164291,0.0250399972496066,0.0049797094723467,0.0144322224011392,0.0044002022363779,0.0011226254977566,0.0007714372921345,0.0080341888066752,0.0025520738624084
2796,,,,,,,,,,
2797,0.0013165673320477,0.0002828069391705,2.341688975201465,0.0053439680835212,2.337174746291616,0.0034446250644846,0.0035353090024321,0.0003893620212531,1.0679575110165966,0.0044610239244311
2798,0.0011388231921526,0.0002971479615853,1.5316006724952025,0.0053034516224293,1.5268048223748716,0.0035083984482434,0.0031242098697497,0.0004070299699887,0.7259254572668058,0.0044685059921211
2799,0.4487422401975866,0.0518940225380689,0.0001246332488224,6.605167553850316e-06,0.1758843408633334,0.0030381622806562,6.56309490387677e-05,1.4783816740096272e-05,0.0002351993558057,6.835497263876569e-05
2800,0.0013447644723512,0.000286581070296,2.6268772124015074,0.0053208570801908,2.6202054585866077,0.0034472596036912,0.0036060013319972,0.0003951563622528,1.1775138290401723,0.0044287585648726
2801,0.0011222885158493,0.0002802739539854,1.4722853257257111,0.0053272482594286,1.467335814860625,0.0034877547546341,0.0030892704550907,0.0003870918960012,0.711623285183118,0.0044558020598982
2802,0.0007519791635719,0.0002586146353976,0.0738127952658262,0.0058776047959859,0.0711728767783435,0.0039191285491019,0.001104351802072,0.0003368399492983,0.0212049627345298,0.002115396092787
2803,0.0008053726502413,0.0002047215817547,0.0253623295837916,0.0034926276422483,0.0112842010370462,0.0027454232989966,0.0005067329356741,0.0002518147427871,0.0069685265220184,0.0017896531135521
2804,0.0007405397033545,0.0002663802566873,0.0467059245759256,0.0055407245535808,0.0439990504005083,0.0032743540380525,0.0010697266363691,0.0003457182717683,0.0133271642731362,0.0018424849280036
2805,0.0007878849986847,8.855482027557787e-05,0.0276927511444775,0.0039436393817964,0.010806987662606,0.0013606013420503,0.0007533102426169,0.0001095567511307,0.0073359158549773,0.0009656106253268
2806,0.0012816060126941,0.0008583657501297,0.1010246836716128,0.0488145598823693,0.0286286554695798,0.0072350906234441,0.0017043315673235,0.000942586916165,0.0390369968228933,0.0081120952396569
2807,0.4598893613988202,0.0366587103103317,0.0001150231564873,6.05709449238405e-06,0.1670027116342556,0.0046322797922097,7.694083323177846e-05,1.6290895299492913e-05,0.0002287338236761,7.213235127688913e-05
2808,0.0067765211547759,0.0018346030534372,0.1450776865977064,0.0626482255693793,0.0767648724056561,0.028218323445342,0.008725609440773,0.0016689867450031,0.1303692216904462,0.058998625676386
2809,0.0007342778705746,0.0002855667097648,0.3422907140878015,0.0055479932428588,0.3398497491426271,0.0039563365578789,0.0017226249397691,0.0003854909018782,0.1679528111307376,0.0040037066882452
2810,0.0007455077686445,0.0002933298372394,0.1064387997560806,0.0055786031961093,0.1033914374504383,0.0039234966444104,0.0011969366271631,0.0003890732347289,0.0300055251836944,0.0023956953440427
2811,0.0007434812383877,0.0002868879645954,0.1759655770587891,0.0055864089959129,0.1729837113338541,0.0039843048110594,0.0013538246044969,0.000384423349571,0.0647634941983037,0.0029969918618668
2812,0.0401454607237598,0.0029021867275838,0.2641094358509575,0.0857372006923075,0.1288611604512697,0.0511539729058719,0.0335516909812632,0.0027571510116022,0.1784125642278448,0.083718158094347
2813,0.000732649090533,0.0002854637440542,0.1716693045190848,0.0055633520745317,0.168607375649337,0.0040217518237445,0.0013430386335938,0.0003828078574019,0.0634391142001461,0.0029776485632258
2814,0.0024746295931738,0.0015722840256847,0.2539125161757503,0.1471635330993931,0.1281518092614838,0.041113680517217,0.0046873234373278,0.0014961460716599,0.1816873468581376,0.0577007440664482
2815,0.0007517159650898,0.0002753753468938,0.0386513615724915,0.0055348179647445,0.0366267335388337,0.0032495683267855,0.0009981441755803,0.0003559917831447,0.0117364124693166,0.0016370268521445
2816,0.0007743434589808,0.000280580946972,0.0274865740878982,0.0033763796340341,0.0125811208922192,0.0026009813926595,0.0005297651348872,0.0003402092892144,0.0071750701612697,0.0015716591015621
2817,0.5304604866345166,0.0375571081035238,5.970415749089887e-05,3.239526729987472e-06,0.1429954847899026,0.005553387804398,0.0001134313946115,3.08008605017706e-05,0.0002078070656544,0.0001031414719006
2818,0.0007706488823123,0.000216568599519,0.028732812496941,0.0045634319738178,0.0131914423800004,0.0017443188033083,0.0008730713689808,0.0002715537285148,0.0076636291194982,0.0009900984300583
2819,0.0007802740829131,0.0001940405220918,0.0281181322353853,0.0043418282933918,0.0148913290142291,0.0017065086896928,0.0008171795651104,0.0002412735058778,0.007423242826033,0.0009517451615644
2820,,,,,,,,,,
2821,,,,,,,,,,
2822,,,,,,,,,,
2823,,,,,,,,,,
2824,,,,,,,,,,
2825,,,,,,,,,,
2826,,,,,,,,,,
2827,,,,,,,,,,
2828,,,,,,,,,,
2829,,,,,,,,,,
2830,,,,,,,,,,
2831,,,,,,,,,,
2832,,,,,,,,,,
2833,,,,,,,,,,
2834,,,,,,,,,,
2835,,,,,,,,,,
2836,,,,,,,,,,
2837,,,,,,,,,,
2838,,,,,,,,,,
2839,,,,,,,,,,
