tracer_number,CO_max_error,CO_l2_error,C+_max_error,C+_l2_error,O+_max_error,O+_l2_error,O_max_error,O_l2_error,e-_max_error,e-_l2_error
0,0.5594918750568435,0.0318901179443643,3.40751922995914e-05,1.929694496613056e-06,0.1236175812763185,0.0092405999828616,0.0001475173302744,6.568263291552449e-05,0.0004132544109068,0.0001745041583341
1,0.0021610827706866,0.0002707127088522,7.90624752248078,0.0055539946151967,7.844978148913624,0.0035996782744586,0.0055006088267998,0.0003699835343194,2.874585463594855,0.0054839054089369
2,0.016706344709534,0.0056867002384127,0.0025568827905512,0.0012246627424049,0.29292135458314,0.0041567338550144,0.0003335649248898,0.0001421208300766,0.0024917692832419,0.0012104177059233
3,0.4961798216285994,0.0257003469724281,0.0420632285846159,0.0058532281968654,0.4045634311813661,0.0281461491290456,0.0001093825576389,3.733892329832122e-05,0.0404758776564776,0.005689201315134
4,0.2600871412644476,0.0096676489464064,0.193175282804757,0.0090606457880434,0.3678881982467961,0.0407448556698233,0.010584971007475,0.0028145896932169,0.1873850819212301,0.0090088956203824
5,0.1221062080469093,0.0098644268850124,0.0791265869778071,0.0097059604706477,0.7092411651284033,0.0368191578293857,0.000415376896672,7.986469026398194e-05,0.0718658067377954,0.0095026321888264
6,0.1919024501486081,0.0362187439777256,0.0022681214867226,0.0003527595715802,0.4870907867981017,0.0137688870384818,3.3784584800927844e-05,6.950609865555564e-06,0.0021919815070652,0.0003493352140929
7,0.3959659488518257,0.0484405856619633,0.0004131006722905,3.8908316224080064e-05,0.2442706203347856,0.009242705104113,5.421020936430006e-05,1.947925567190245e-05,0.0004613624049856,0.0001044606909521
8,0.0007342019856124,0.000359429335129,0.0269485336297182,0.0034541627802496,0.0110739869966233,0.0029350433686007,0.0006168591676826,0.0004199336048359,0.0069980488345859,0.0015471279769954
9,0.3970988642933842,0.0520103714577934,0.000212854644274,1.033270126701578e-05,0.2613536595647821,0.0053247647291399,3.805269127767212e-05,1.971973167970338e-05,0.000322516945931,9.556195065521505e-05
10,0.4458739255979211,0.0075513795784169,0.1515141034391008,0.0082551621443837,0.265291392432856,0.0307624848953638,0.0033417549255275,0.0007833779892648,0.1216636975181653,0.0082238822480461
11,0.1669138382115888,0.0233246099222463,0.1204750312370644,0.009525883271609,0.5638672966947964,0.0277615866848356,0.0004418134123607,0.0001398892656638,0.0981677479456935,0.0092393940015213
12,0.0010508998153556,0.0002630428239915,1.3695168285179935,0.005352992469754,1.3644770567914832,0.0035457202957069,0.002905733543459,0.0003670189320203,0.6634263969852385,0.004744884247692
13,0.0037043256618239,0.0033836438860187,0.1528412598544127,0.0128836691198017,0.1110367424104365,0.0212893641217783,0.0025154674819981,0.0018461646980125,0.0941837052387213,0.0108453582815233
14,0.2781532643021292,0.0384482697862022,0.0004065242220622,5.4419021105126966e-05,0.3510312902353886,0.0126594074710783,6.847982202370374e-05,1.7072622201756306e-05,0.0003822207554851,0.0001178032941627
15,0.4853492195510191,0.0612494656569126,0.0065537388910376,0.0010430074497893,0.2928982947333661,0.0129049245730883,0.0001283292618069,2.9236643702156505e-05,0.0063981215421874,0.0010158113894856
16,0.3034848835633956,0.0054508777271889,0.0625402078126019,0.0105476447377276,0.6035333830557759,0.1502703350573127,0.0023403790061643,0.0004613031419114,0.0571661097859121,0.0105028155053386
17,0.4515349937557529,0.0214761031979973,0.0002892082222483,6.427396965725872e-05,0.1679086224728161,0.0210931949173429,7.048597151234587e-05,1.8054074805017094e-05,0.0003597422634846,0.0001211568400663
18,0.1625044533716004,0.0197570465663275,0.0045863128848987,0.0009387728775637,0.5269482037979026,0.0237485716358476,6.194405137972407e-05,1.603334810784592e-05,0.0045256985616159,0.000911196349396
19,0.1029114356364137,0.0236116889070668,0.0013936622090107,0.0002621239334038,0.3430298070171047,0.0263476138629921,9.262217037586546e-05,1.856440914828708e-05,0.001418075940664,0.0002724199420664
20,0.3390775850915906,0.0323090879812052,0.0474023966990091,0.0061527281719506,0.5603121660559979,0.041856004337526,4.33730939665646e-05,2.2324439749437224e-05,0.043576465871864,0.0059988182045211
21,0.0008447991179696,0.0005913226934866,0.0528983439971347,0.0117691738856785,0.0169109529588676,0.0039872173259918,0.0009970267338386,0.0006663896228719,0.0151698050749037,0.0027589922294147
22,0.0007331489489058,0.0002721434838909,0.0806450268312158,0.0057149009432916,0.0772000178374114,0.0038745263125965,0.0011649022896763,0.0003640506276244,0.0259063018027257,0.0025543733589947
23,0.1837290060174667,0.0254550618206213,0.0586812932490358,0.0080469772153477,0.6201299202002044,0.0350321498583244,0.0004050210731613,8.700867381441026e-05,0.0530319117843239,0.0077432810569898
24,0.3036336562390698,0.0481833678011574,0.0001484636165742,3.5100856481640885e-05,0.3786450573939572,0.0111172371074677,0.0001189686999538,2.875779278083236e-05,0.0003187048299331,0.0001070992037928
25,0.4165092419776729,0.0250762170062055,0.0100546444982951,0.002237874623883,0.3143000445195145,0.0394825621530415,6.950630823324666e-05,1.657943373451532e-05,0.0098782823395529,0.0021931159385568
26,0.5058596896839586,0.0358548019475135,0.0001365673935171,2.3624026712659685e-05,0.1515269824510516,0.021801459472197,0.0002321096885725,4.432311138033648e-05,0.0004844720147648,0.0001384108500018
27,0.4859552247887197,0.039441259984275,0.016751923308415,0.0035504742392391,0.3111093287017242,0.0238999590273907,0.0001049662895864,2.0043645410097485e-05,0.0164470916700283,0.0034706002021435
28,0.0759450808354179,0.0070018276227037,0.0144936675128162,0.0038036597012178,0.4013120457398934,0.0133278648989965,0.0008682343818173,0.0001828130444471,0.0142106966226027,0.0037156026728045
29,0.0016886405027445,0.0002851261990361,6.2697127461329725,0.0053912851724105,6.256321604915609,0.0033917439561337,0.0044192800118261,0.0003945930970734,2.409363943142073,0.0044032124605047
30,0.3022922028110184,0.0794331291015578,0.0006596577850323,3.1103798026039405e-05,0.559590658828345,0.0040058455229396,4.8368183132269e-05,1.6672003993812146e-05,0.0006613716773093,6.529679657042764e-05
31,0.1807432308767678,0.0071149285345288,0.1060600077965275,0.0103223103320089,0.3409879810808517,0.0965464796743,0.0022019887291953,0.0006191378044541,0.1015768241581258,0.010285271227407
32,0.5256730729892433,0.0625869392417691,0.0018112843380101,0.0002373372670557,0.2419406237099037,0.0112033143057694,0.0001166534001998,3.291544465259351e-05,0.001690233188351,0.0002591076888818
33,0.2186871874150869,0.0115714838647271,0.1234920682484235,0.0101596570831486,0.2549286843211237,0.033334213983051,0.0079409554264472,0.0016750169765114,0.1195676782949561,0.0101088226698868
34,0.5000813240830886,0.0361197791588601,0.0063474988666468,0.0011116844255743,0.2169323309724048,0.0238277156853872,9.354502481386814e-05,2.4117523751711e-05,0.006224075520494,0.0010946895137549
35,0.164595713699769,0.0075359379055824,0.210856300707193,0.0137081007950535,0.1991434852573408,0.1049776756195036,0.0123517101693302,0.0034937907684871,0.1813677685277984,0.0136594180938591
36,0.5064055379060314,0.0356324484511744,0.0072804384190567,0.0012521974036301,0.2803515762408128,0.0241583176979463,5.434428369430508e-05,1.030889881924025e-05,0.0070045936398498,0.0012100074648091
37,0.5416887977173832,0.0368105525723484,0.0011219934545589,0.0001549708908389,0.1302347139827322,0.0146408313000145,0.0001922375311524,5.470158725731765e-05,0.001207341047646,0.0002356694907276
38,0.0007421123703516,0.0002769440113353,0.1452006494148129,0.0058673255624115,0.1417645835866438,0.0043332591495587,0.0011977959022092,0.0003715482403549,0.0454867810188091,0.0028802931624216
39,0.1563150694277771,0.0064127025541491,0.0480754399299559,0.0062912677020259,0.6057646853139864,0.0363296967610233,0.0001635723180087,4.03181306282078e-05,0.0438867932541476,0.0061710838676721
40,0.0197190196947209,0.0028166507690368,0.0143028155949199,0.0020093750827706,0.3245447629229269,0.0128371199301146,0.0001539052593367,6.544925520194541e-05,0.0140011476074422,0.0020277922896501
41,0.4287188808162509,0.0311085173878083,0.0007332296309268,0.0001112887101837,0.1924236656657277,0.0130781723277369,5.887299896186068e-05,1.644177955453036e-05,0.0006425629442886,0.0001406840197874
42,0.4970926993110797,0.0324808369065614,8.585854332442899e-05,4.996193766373581e-06,0.1601774280576553,0.0085946398322436,0.0001053601418176,2.5449984850079404e-05,0.0002366128612561,9.782683352746754e-05
43,0.1650340578787533,0.0215737133366752,0.0403469589763749,0.0056401196906826,0.526201475159286,0.0130180985593141,0.0002292631878151,7.781376645446681e-05,0.0380862937802995,0.0054626713938821
44,0.1918673978479384,0.0052595622047115,0.0245001648258948,0.0039407985428901,0.5203090782326186,0.0959613538695253,0.0002299242800768,4.440925733503133e-05,0.0236219450112517,0.0038681253527719
45,0.1669776814079077,0.0106921298746784,0.0334786134758078,0.0057303695556337,0.4636178763312942,0.0579297883534916,0.0006026889475471,0.0001241342213078,0.0320576954873573,0.0056067244567534
46,0.5221101930738026,0.1090927314675958,0.0001506825992917,1.6984141294278007e-05,0.1397631938155204,0.0064516701039145,0.0001048115265014,3.2787147699939704e-05,0.0002716656619783,0.0001184147403294
47,0.1696666817014696,0.0533642325671481,0.0208720989900508,0.0025123438402366,0.4514543840219073,0.014317967293113,4.112658635185111e-05,7.684055638615254e-06,0.0205051984781541,0.0024529225188289
48,0.2504871911312947,0.0282249486989527,0.0038609029822126,0.0009418478517502,0.4696404406383556,0.0207812347215337,4.1595943050810976e-05,6.543422565181388e-06,0.0037963123389831,0.0009221422523675
49,0.0203046141497697,0.0023609359539206,0.0177101495581392,0.0025406243739269,0.3796450918756178,0.0170754709556559,0.0001443133585405,5.355673224374463e-05,0.0173249642223202,0.0025592220219446
50,0.0018584890634979,0.0002768931394345,5.901686384192597,0.0055330868949366,5.874896333360702,0.0034769277384682,0.0048192545710541,0.0003802394224825,2.3242677880436227,0.0046411009730074
51,0.1974519966879626,0.0182733724982826,0.110133242343664,0.006240909768913,0.5240184925981468,0.0206760461943962,0.0003247114295881,0.0001172631649223,0.101958486824548,0.0060630631125164
52,0.0786312402189481,0.0062762653006331,0.0487861404203733,0.0053626904645516,0.5755285867922605,0.0323663767628541,6.631146107218703e-05,2.3087922224121987e-05,0.0450814534562365,0.0052432774236276
53,0.477322311453539,0.06118972971555,0.0014600962612482,0.0001649343264214,0.1620752122354126,0.0128835324080268,8.689448049930783e-05,1.9761345713306015e-05,0.0014376744584285,0.0001961450723424
54,0.1783496584898669,0.0098932586116554,0.419013437931935,0.0086762676581347,0.1574056976105586,0.0299875602955172,0.0126175839830402,0.0031437569586629,0.1544573459112073,0.0086464890859473
55,0.2057809778064697,0.0058774494274133,0.0765847397136094,0.0091224213704422,0.6460239631903336,0.1511381579598579,0.0005796577019009,0.0001064800092887,0.0690235150689042,0.0089732953012746
56,0.1708707584692726,0.0314097216078699,0.0011928151183745,0.0002154313082606,0.5097224744378219,0.0239881061250427,3.662377327253993e-05,9.921597150755612e-06,0.001176647369042,0.0002355353573235
57,0.4384069998853943,0.0383682373445067,0.0001297828733151,9.844776683082445e-06,0.1872867765444419,0.0113399047556757,5.876072971686009e-05,1.8136479812595465e-05,0.0002913121900934,9.493882211016506e-05
58,0.4029440655133172,0.0230236503324104,0.0001947737423549,4.441555698098326e-05,0.247065383108196,0.0172333167770812,4.556396796545656e-05,9.773609629488773e-06,0.0002712786017128,8.26038045213685e-05
59,0.2868825877321649,0.0151128388202362,0.0007801774264955,0.000130029058407,0.4741649889341934,0.0155445706345094,2.777061277258825e-05,6.8056484151188265e-06,0.0007390643846288,0.0001240563509441
60,0.2234592551358565,0.0048807914314289,0.1064069777544502,0.0071341566495267,0.2747790354880901,0.0609494858939515,0.0019948166797028,0.0004859409549744,0.102065342867074,0.0071040506586838
61,0.2384402936715689,0.0117541537568198,0.1681906983285471,0.00981665799509,0.2587730555279255,0.0314051753309934,0.0126726451669351,0.0031358130530627,0.150466459758598,0.0097584092927511
62,0.0016131114682626,0.0002728187007567,3.7077115662986255,0.0054952350758051,3.696361337721451,0.0034330529225696,0.004233213079301,0.0003755761364888,1.5859482929509727,0.0045247121565533
63,0.3610021559384621,0.0157718686783549,0.0084969814720577,0.0011412253698256,0.3041491699834946,0.0240482647185133,6.062471469855736e-05,1.821014693417941e-05,0.0083972601691454,0.0011387871888556
64,0.0016981539139338,0.000265901257286,3.9656493970656026,0.0055116276769667,3.9507502967007055,0.0034326204683826,0.0044329857874701,0.0003665029749537,1.6698653049860668,0.0045838054530014
65,0.0037202683504538,0.0035049343743236,0.23121703085558,0.0190863454484206,0.0956783175104206,0.021175111551034,0.0027368938020235,0.0020527696306045,0.0647047774635224,0.015293252955389
66,0.443002556026444,0.0420780709969287,0.0001174700435845,6.546639578357295e-06,0.169755131924336,0.0044453973984671,6.669003658211056e-05,1.612728296284283e-05,0.0002571415893484,8.047421560972429e-05
67,0.560216047809371,0.0490438805026662,0.0030876981253508,0.0003427277840826,0.1933373615746933,0.0259159558661144,8.126436357960601e-05,1.6328114713233856e-05,0.0030394858190778,0.0003531008454749
68,0.1652881571916823,0.0093926850412669,0.0037160303453386,0.0009936353908678,0.4781522961964466,0.0253316075025311,0.0001668645915564,2.4061240121830672e-05,0.003710063905254,0.0009744502235658
69,0.1301210405987505,0.0207669229010429,0.0261541326951291,0.0051307929576578,0.4232392726321935,0.0274241633903978,0.0010154008888461,0.0002952894061265,0.0247254750637823,0.004986673018533
70,0.0007665156615755,0.0001201536375072,0.0295206212075775,0.003682029865255,0.0172219678577307,0.0022328720773332,0.0006228403998313,0.000149559679418,0.0090106998876057,0.0014517386516475
71,0.2749079695790406,0.0265248565074994,0.0798383238375053,0.0088618726778768,0.6278838869540311,0.0347349859727751,0.0016920293406651,0.0001671012291382,0.0736816985675772,0.0085941231456771
72,0.4002350497383522,0.0280322913857171,0.0007392443217195,0.0001294933594956,0.2239637403755485,0.0168881118401062,5.718660291992881e-05,1.5065248258416524e-05,0.0008091031512137,0.0001617668703941
73,0.1165171110868406,0.0130217245892366,0.0581222221513007,0.007896026745153,0.4720885725750964,0.0452236846080838,0.0004494653280067,9.380899323955154e-05,0.0537156550278073,0.007683891602481
74,0.1618824617338184,0.0090079479432086,0.2139240437448391,0.0074677069432676,0.3388832923884413,0.0330910412190366,0.0269060297870592,0.002741518858529,0.1875695522047905,0.0074283626382691
75,0.4971123896206529,0.0788757881177895,0.0002117712333946,2.317236991993868e-05,0.1508766802322246,0.008266006423328,0.0001076856590675,2.6378272963300824e-05,0.0003345864421993,0.0001137419050099
76,0.1100457470331013,0.0234978252271886,0.0096724086857621,0.0018876655431145,0.5091955563818521,0.0280771631685328,0.0001051689063337,1.6603127600404913e-05,0.009522047685303,0.0018477151282877
77,0.4869912691526576,0.0297313348645543,0.0031499423990349,0.0005984162509997,0.1878441692185262,0.0286888974169681,0.0001045013912806,2.307076217568828e-05,0.002934615744111,0.0005696486850876
78,0.0020420318218957,0.0013593695339613,0.0244611571595425,0.0070669018646263,0.0257171484745969,0.0081565077622751,0.0017144241174312,0.0013233413056585,0.0127557045253944,0.004148244640301
79,0.1628034559862509,0.0085766246378776,0.1706903327484578,0.0083309836252381,0.1612688827033899,0.0358517946152186,0.0054131322836347,0.0016306678828795,0.1224396807150018,0.008305245133316
80,0.5463297054302547,0.0581404610929476,0.0014535364168613,0.0001767351403994,0.1368944136942693,0.0156945799300007,0.0001448342944774,4.291290434578901e-05,0.0014929987308492,0.0002412018764129
81,0.5344812998396602,0.0600041309147681,0.0006027990368276,5.9042183965986455e-05,0.13259233306653,0.0125104609983324,0.0001771634980497,4.815098588868671e-05,0.0006335650993548,0.0001633267939618
82,0.3588203232108777,0.0427305186456495,0.0362767640831586,0.0050982595919419,0.4118064365115406,0.0409464105550593,2.996290330596902e-05,9.5264445232355e-06,0.0352043192618453,0.0049881440546464
83,0.1858449437740222,0.0063214750231013,0.2358358083106035,0.0549915546805507,0.126126521899113,0.0579001427745915,0.0268748352747932,0.0047183663234801,0.1357554696595896,0.0545368535351155
84,0.565679705082354,0.0467375800918591,0.000838488036934,0.0001365123447409,0.146339198874402,0.0197312484475433,0.0001595462684803,4.436029390514989e-05,0.0008703964707713,0.0002080236605398
85,0.289758047223344,0.0378794358892996,0.0382872399562438,0.0054954603597499,0.5493802741184128,0.029711280907506,4.919439745007557e-05,2.146688882932891e-05,0.0367848525839306,0.0053443273098004
86,0.1163986890391093,0.0080053644428261,0.1201697481460086,0.0092832818736313,0.2969318598686923,0.0566213884373502,0.003914983503174,0.0008372002925426,0.1165224926244602,0.0092390696954456
87,0.2555039732847653,0.0297216120718865,0.004751613199299,0.0007394430911611,0.524686295084059,0.0224518560005646,6.109401236389694e-05,1.067332987051604e-05,0.0046410451073699,0.0007016973366911
88,0.0941650512602517,0.0119365860098986,0.0476361450096643,0.0049706229640775,0.3982788030292468,0.0172384538429576,0.000831529936292,0.0001574280517048,0.0459334148668298,0.0048769781975717
89,0.2859816272356564,0.0072729854069099,0.1311400365223544,0.0401916923453372,0.1494652992638356,0.0638581760658838,0.0249924908556332,0.0040642650731568,0.1091887466367507,0.0400444415849167
90,0.3846639036390567,0.0486352329991397,0.0002046939876816,1.6190997190209715e-05,0.2583844369581153,0.0120063551179083,7.128992311054032e-05,1.7070230130454956e-05,0.000275148070682,7.392531935916468e-05
91,0.00075268905049,0.0002268601385913,0.0281473056721463,0.0044920828440164,0.0106958069100947,0.0017473746886721,0.0008613904476382,0.0002919072044434,0.0073653585301166,0.001093037128768
92,0.240460268624636,0.0443213140938647,0.0442588697554412,0.0032296260893811,0.6475035348214263,0.0154636035437188,1.1385423975203233e-05,2.8854839618524365e-06,0.0434639525724517,0.0031692449770077
93,0.0007270066834133,0.0002689661356109,0.5016928616327785,0.0054457095668748,0.4979379256990093,0.0036911255665066,0.0020463605976918,0.0003723731737365,0.2614236455561789,0.0043084291289665
94,0.1834909689316083,0.0087335689266318,0.0277355736951716,0.0048701496134519,0.4928472978654498,0.0808679442155008,0.0003195334085974,6.22061909104023e-05,0.0267507199837792,0.0047669307938076
95,0.0383116200989591,0.0072053408013558,0.0038877831602474,0.0013527336944407,0.4043458733397277,0.0084668004089024,0.0011458724777274,0.0001442875117483,0.0039303637147672,0.0013722438634153
96,0.2262060612516537,0.0064923655882183,0.2059676661996945,0.0101093338948076,0.219007949461001,0.1209182507817929,0.0090809489587781,0.0025673784623631,0.1627465466602711,0.0100709906968839
97,0.222377258551274,0.0119504179772728,0.0299250188660017,0.0045387652442278,0.3475824779794155,0.1218794437409379,0.0005356460212548,0.000130595651126,0.0292784651244095,0.004477492522458
98,0.4705597054999126,0.0507369760240147,0.0076226516257379,0.0017304906492671,0.3500525686249232,0.0238383783240713,4.296153944838058e-05,9.56192215844281e-06,0.0075224323669806,0.0016804994370368
99,0.1789172411201486,0.0098506906727313,0.2129234677417039,0.0135195725052182,0.2487129654521953,0.0856047678484178,0.0209630317263703,0.0041489504703663,0.1342454179679101,0.0134501770258305
100,0.4795063263649913,0.0883058978767138,0.0015543210669988,0.0001180453002717,0.1856452040898352,0.0112319201242559,7.83843730508259e-05,1.999248447189331e-05,0.0015784540230351,0.0001631645334646
101,0.1446504010985847,0.0069616006491886,0.3676246568920655,0.0578705539498801,0.1602423949629337,0.0770532389486947,0.027028880361331,0.0039813235853094,0.3149203934567843,0.0576732796523083
102,0.4005657977014755,0.032843380322611,0.0027670064467044,0.0004338534414953,0.240048874825977,0.0203392835696024,5.009323704968233e-05,1.025091885657266e-05,0.0028173389776435,0.0004330089935892
103,0.2427910416777237,0.0118901544669123,0.2426099737914943,0.0197514256047444,0.3539200276548297,0.0949392824433192,0.0262510152769456,0.0047703527508849,0.2219214481969133,0.0196538430144863
104,0.4664908514398274,0.0457473570944284,0.0004324970755164,5.6070020820275405e-05,0.1593470042278393,0.012275416540486,9.227938097156745e-05,2.874899455113993e-05,0.0005186852569648,0.0001167003230229
105,0.2804695122053396,0.011844653242727,0.203148192895264,0.0120022903524104,0.4486652706106815,0.0275131958184805,0.0161226487063357,0.0037449320723262,0.1702674701736586,0.011924070998212
106,0.3603689647864668,0.0071786128851046,0.252096025995687,0.0105583518974233,0.306046970092258,0.1608587669250359,0.0110629208673747,0.0029985994553506,0.2406425725471543,0.0105227558807422
107,0.0037856221242809,0.0033214017888775,0.2008890184824711,0.0214596240891015,0.0797081433061933,0.0219879995137917,0.0030244120359767,0.0020955528338766,0.1663080774424016,0.0172633925992955
108,0.1380546141658105,0.0199578251335444,0.005053152930495,0.000971916325298,0.603954302268758,0.0218241220330632,0.0001067720138129,2.2550586162710413e-05,0.0050744262453595,0.0009541199581126
109,0.3546090416754707,0.010627770609549,0.352429688389362,0.0232217957354902,0.1594085938426884,0.0710107104544328,0.0220690324250011,0.0048025408178318,0.2123179547174308,0.0231809613117891
110,0.1447595484173342,0.0069810300522997,0.120519092954842,0.0132098596797698,0.1372922529795187,0.0651613552405633,0.0109981923651146,0.003764757426256,0.1060859373635484,0.0131858126326855
111,0.0014953163562176,0.0002654178285396,2.932859575038176,0.005420769564393,2.923790787244939,0.0033826895807516,0.0039590090955225,0.0003675273438807,1.2909901787248177,0.0043884160962949
112,0.1839173527140872,0.0088767136927781,0.2109915404498071,0.008545307634306,0.1936356156581672,0.0374505364205288,0.0114579873688338,0.0030212015133502,0.1819809551755792,0.0085258853447011
113,0.5001137610570493,0.022577937261352,8.203732657676127e-05,5.454227256490214e-06,0.156160848128694,0.0108255647828342,0.0001029304460221,2.391056523198383e-05,0.0003105551667178,9.830538883802036e-05
114,0.0008262671895344,0.0005943132719984,0.0272827043567718,0.0044458779735398,0.0216470446982886,0.0050087596978978,0.0009453756009199,0.0006719347304358,0.0135053140026389,0.0028254260554382
115,0.415280081790268,0.0399266084794329,0.0013884972478622,0.0001807482745127,0.2249737573779862,0.022398444218442,4.176141889057569e-05,9.953550810025463e-06,0.0014049927567317,0.0002070572312268
116,0.1429581701323177,0.0371691602214018,0.0133332805728353,0.0024421247965631,0.5845577744239935,0.0150765611070102,1.4643291177363573e-05,4.241472485998466e-06,0.0130757721930561,0.0023782634007627
117,0.1324749080742354,0.0064361703198024,0.1585862829088219,0.0209914435969754,0.1065212655114523,0.0462988597231415,0.0135981053600085,0.0035030225192044,0.1199264515461468,0.0209507762324836
118,0.1567755733153489,0.0172441796021663,0.0417334268457292,0.0056100686791247,0.5163455468507141,0.0258417703074353,0.0003208320839568,6.651696754334844e-05,0.0398652312529936,0.0054641175943674
119,0.0848610786071917,0.0159556543507536,0.0333214179645002,0.0062420707500282,0.5433420694657785,0.0557751575094062,8.607701424254993e-05,4.5518005472278447e-05,0.0318301806952668,0.0060898896984253
120,0.2184979565574492,0.0087150189211563,0.247376940727347,0.0108055172118822,0.151695105315721,0.0549454542606182,0.0123158303167665,0.0032708573230205,0.1830110934552792,0.0107607172928406
121,0.2360553762163113,0.0059950365736938,0.1424348447099901,0.0126364388284592,0.1624125666084862,0.0450333756702282,0.0125881507550382,0.002664986412552,0.1343531128719746,0.0125731004315624
122,0.5394573187902046,0.0338845354896487,4.649434584246787e-05,2.7740168179478133e-06,0.1367442644018152,0.0087284526124926,0.0001149305836672,4.703415400330262e-05,0.0003379284857729,0.0001480713332815
123,0.506060985933897,0.0572296022212477,0.0004477408942227,4.8906248948468017e-05,0.1482048709622799,0.0143190727887256,0.000108102659668,3.14613760050596e-05,0.0005136742448152,0.0001368673887812
124,0.0019431736276325,0.0014413565271974,0.0237956652963288,0.0067073850739958,0.0253491055000724,0.00777436211204,0.0017347168832419,0.0012970005200811,0.0103605014329948,0.0036020668339515
125,0.5329325146495637,0.0719023124100823,0.0021752973497914,0.0001848245477703,0.1864577124712754,0.0157176576811402,0.00010903756084,3.8594854239692014e-05,0.0021930712201086,0.0002339946712291
126,0.0670341314656046,0.0090368843735894,0.0737382587610896,0.0066687024185788,0.369493055254921,0.0249138183925095,0.0015272452531547,0.0001824567934469,0.0700637060530759,0.0065582372372553
127,0.0017677392189405,0.0002709998829167,3.791545759139072,0.0055571606686101,3.773071231353824,0.0035265847027471,0.0045824162655336,0.0003716606782535,1.6140646531785052,0.0046972993575917
128,0.3239094535001514,0.0092571047924875,0.1765067238949757,0.01635623612561,0.1907940514773339,0.1053719909089154,0.0122539284171488,0.0040955656226641,0.169031535037488,0.0162950071168737
129,0.1785076714646155,0.010837432731008,0.2321904588139932,0.0099030424191111,0.3939309428998062,0.0264792288112673,0.0158007776300613,0.0035381971330202,0.1342952830640776,0.0098460943454566
130,0.0031908076099369,0.0029561634730901,0.0990949753392481,0.013168566879614,0.0960430793188994,0.0239361607733207,0.0026914453179152,0.0019580668390726,0.034399243946982,0.0100986379193228
131,0.0007377512383224,0.0002682938464422,0.2961729136964303,0.0056143739656606,0.2929605868214531,0.0040133203417143,0.0015438564269753,0.0003656670038,0.134573752022386,0.0039341225441278
132,0.0477255124301224,0.0042233795194564,0.0062725491885817,0.0010826278540451,0.2673585591576227,0.0068076079079027,0.0010154426541397,0.0001063573449769,0.0061893867613253,0.0010896290170747
133,0.2185066874757871,0.0105560406044138,0.1294754062273597,0.0215429949672478,0.2216339627149801,0.1135252032963332,0.0253440284094439,0.0050080187599592,0.1197286952491222,0.0214724411844312
134,0.1965887923218181,0.008250599169253,0.1734014100315742,0.0125286539727857,0.1579866832872582,0.0717267485568156,0.0143875853242712,0.0031645216052493,0.1633894847375787,0.0124635745777905
135,0.2641872856539713,0.0077778662060408,0.2488873317954113,0.0231783850794958,0.1259103672411947,0.0613035238886855,0.0123786016737946,0.0035854483476044,0.1286347749278517,0.0231420572973644
136,0.0148507051382392,0.0070258436434806,0.0253773475854129,0.0051201894975807,0.3629601953718993,0.0137176764930428,0.000577296706192,0.0001195137525617,0.0244511442006885,0.005033286403944
137,0.0043256709861025,0.0029339894062606,0.3054941444005341,0.1058529254909567,0.1231211704895256,0.0333124128612101,0.0043684286922378,0.002000991825351,0.2687157000004727,0.0835216003434933
138,0.1683525405970676,0.0340460547863516,0.0003817301288515,6.516141867626839e-05,0.5365700540695886,0.0115701684503039,2.2876933784583232e-05,7.724753202786642e-06,0.0004517806657574,0.0001057771295336
139,0.3786937353793778,0.0622539976009813,0.0035459485583764,0.0004302700752815,0.2641662840702843,0.01576521773825,2.623925365688481e-05,6.351432165823605e-06,0.0034744002367438,0.0004298102595107
140,0.0862293016374378,0.0058018748441764,0.1640552378647004,0.0689228294265868,0.1279918278073102,0.0573596615944527,0.0337299725080458,0.0034463760365851,0.1631424687986604,0.0683330917419651
141,0.0815803325389615,0.0134363367478319,0.0203203352419132,0.0044764318232436,0.5233199896641707,0.0347987298513257,7.549745887235171e-05,2.4246126491039656e-05,0.0197604534227428,0.0043721576509665
142,0.4126512600165367,0.1129516108908385,0.0002984379455119,3.4526559618214895e-05,0.2204619450684859,0.0084111066827595,5.655906896111132e-05,1.973180566147994e-05,0.0003644917698937,0.0001071451365523
143,0.22053453636961,0.0125494001998913,0.2016463491932896,0.01143285603805,0.3314724444397515,0.0243793087198324,0.0277186866757396,0.0042774348085075,0.1589619977973272,0.0113657692016788
144,0.1787956845654356,0.0087305422873472,0.2675205175724263,0.1464980783221054,0.2322786704590106,0.1089722147859435,0.0564684829574066,0.0049215894790745,0.2497919808032077,0.1454152984779224
145,0.4505297141325287,0.0340755260033289,0.0003093685189416,3.633195098166858e-05,0.1669100124435495,0.0233570293329643,7.707069383092768e-05,1.817136641249046e-05,0.0004263825897977,0.0001115521734361
146,0.4816049964506547,0.0463251085799387,9.682573785124756e-05,5.1384430631943016e-06,0.162806359963385,0.0035796158683828,9.308931780135332e-05,1.6952897723027578e-05,0.0002151390035525,7.395895182434335e-05
147,0.207000280746272,0.0088691646934546,0.1645868887840847,0.0085253238275376,0.2514974447255368,0.0272941312620075,0.01067280907736,0.0030133165598983,0.1127757197899876,0.0084688362817954
148,0.1735671367859179,0.0081988848707566,0.378922468998303,0.0087538719147957,0.2417523530940301,0.0557361448204975,0.0070993675111643,0.0027081706279717,0.3553713519152713,0.008729065047699
149,0.0016033294928818,0.0011653110873531,0.0235568541991883,0.0060884434807586,0.0241107315838452,0.0067401121997715,0.0015071475623243,0.0011475506950436,0.0113015389785116,0.003382027812148
150,0.4567136971757046,0.0655286073619339,0.0019697422375551,0.000307360368185,0.2552503107707658,0.0196177308970658,5.655514125452093e-05,1.1928164883224289e-05,0.0019875061921242,0.0003176224555611
151,0.5870743596979852,0.0097449075620567,0.220179044078955,0.0078861675461196,0.3068938339325512,0.0306812558863838,0.0142369243235232,0.0029536161990758,0.2163647576242923,0.0078600471246081
152,0.000758268315015,0.0002118793355118,0.0291475083102937,0.00450802079666,0.0160149035302608,0.0019235793198378,0.0008648277869671,0.0002719883569532,0.0076733089302047,0.0010937010431103
153,0.0459477560742144,0.0043982551323925,0.211120866923069,0.0267216895833624,0.087691418027045,0.0345668556589805,0.0137011765971929,0.0025103314300588,0.1746311357101843,0.0265843841215243
154,0.1972134709821204,0.0089563293389989,0.1744424438789463,0.0079745177683231,0.3099085258460525,0.0265140102135642,0.0128707899866516,0.0031808322899293,0.1674202052610172,0.007951308878442
155,0.0273847066593936,0.0040563612099989,0.2630188470289816,0.1739552490072086,0.0951119888754397,0.0402616422802588,0.0192690811885419,0.0024907765799915,0.259242264702414,0.1668307197969894
156,0.5248817318706732,0.0266727632559429,0.0047643928698308,0.001072129450419,0.2440374173540289,0.0208533586842698,0.0001715324989538,4.4072197315911454e-05,0.0047336076225216,0.0010566747686758
157,0.0014493620033473,0.0002749231521619,3.4639969913866158,0.0053997629814217,3.4542370695177187,0.0034083478376651,0.0038464026840603,0.0003829772462532,1.4833530468895757,0.0044209349612312
158,0.2417049603474431,0.008228428676972,0.1866429494000337,0.0156729899718717,0.1895150862521192,0.0940152655994467,0.0193272273392045,0.0036355811416317,0.1787509229672102,0.0156293731553446
159,0.0901504947810788,0.0106255274765928,0.0105876840844455,0.0021348975656088,0.4163695750960117,0.0410192014406016,0.0002051726108551,6.662724532248444e-05,0.0104590975016422,0.0021046903757609
160,0.0039538420975512,0.0035808230725045,0.0987715679018653,0.0190395959044846,0.0854726495553717,0.024605702572077,0.0028774910476561,0.0021028333371056,0.0771520125695963,0.0162912054681763
161,0.1297742202419546,0.0070495645605837,0.1942806744225997,0.0151149273511049,0.1189705374287935,0.0429730508629328,0.0124543316095987,0.003764892253052,0.1210151513451921,0.0150756729043724
162,0.4445296753691405,0.0321731519904945,0.0001273948036454,9.802685917316476e-06,0.1792183323335439,0.0115085754108665,6.415175322500554e-05,2.015417444002449e-05,0.0002329897972254,7.682516111427626e-05
163,0.02361958153538,0.0044157357809194,0.2665621871996915,0.0809307550170329,0.12526940826021,0.0582638357606042,0.0145874766947553,0.0025624527004001,0.1788509869985857,0.0800791419777486
164,0.0805807288048384,0.0065271622252489,0.1250971169220958,0.0100166661584059,0.1444037740827364,0.0483326401643891,0.011289369987088,0.0029140748657334,0.1222033012850518,0.0099694209361139
165,0.2201621948415567,0.0093297864530715,0.2151605509196855,0.0092234225537684,0.2901329982609549,0.0297616702579427,0.0108869519789751,0.0030859623092734,0.1525520407160224,0.0091796261885448
166,0.5133056431561337,0.03927635057707,7.125253560929086e-05,3.883288808294165e-06,0.1493724669609083,0.0047782181396767,0.00011047425253,2.280693116703962e-05,0.0002257728522715,8.98847953185301e-05
167,0.36559151284142,0.0102213299857385,0.2559661432284243,0.0121096912928883,0.5088468231310713,0.036578705220787,0.0114921193029086,0.0031093094806291,0.2068308628935988,0.0120378021991368
168,0.3651937577402711,0.0083346287701301,0.1109775792053769,0.0463781079729847,0.1718724884509811,0.0722655738300117,0.0249959127204548,0.0040721837079397,0.1022421968837176,0.0461666005147677
169,0.1546221488554935,0.0084092049585566,0.1614573653933742,0.0136853447062662,0.1905207330858016,0.0707584548980274,0.0145483192371547,0.0037900704661171,0.1554203438252976,0.0136559066414912
170,0.3565312479104038,0.0083622498490772,0.2918882034042118,0.0122771280910747,0.1819087126309605,0.049455111286494,0.0159148086243022,0.003169581310656,0.1654947326230278,0.0122101350931675
171,0.1905249657023674,0.0216952730185441,0.0015811861890266,0.0003324953109389,0.4635565533447823,0.0099282835681252,0.0002291686011984,3.192096326515572e-05,0.001490526208044,0.000313046658161
172,0.2230862343537407,0.0098917113428737,0.1462826855015605,0.0203989864633925,0.1545400908643051,0.0681182336134426,0.0235500394580863,0.0043347245574289,0.1412482257871398,0.0203338293890954
173,0.2063700319232669,0.028408754397693,0.0004340820197291,7.517299604388882e-05,0.5298292793864825,0.0138147607804129,1.984132581399687e-05,4.556227496594812e-06,0.0004845247872526,0.0001309249709699
174,0.1295498248412386,0.0315593454427933,0.0025471994398902,0.0007292246877763,0.5012004575623071,0.0258250657779159,0.0002290704520167,4.0020816073732495e-05,0.0024757447968693,0.0007031099078061
175,0.3716983573183902,0.0071553973740076,0.1787253259316838,0.020244661984132,0.1308142562956254,0.0618269807340415,0.0160779094169155,0.003863540100976,0.1711865031009159,0.0202031126005264
176,0.0031366428813464,0.0028934148682364,0.1720199382345306,0.0389658112899522,0.0625862113605466,0.0302988580043732,0.0029552446702689,0.0018809556047713,0.1183243435148814,0.0234250273323711
177,0.5317506474218617,0.0291385687815477,5.393188351209915e-05,4.69642459199123e-06,0.1418669839435452,0.0136771592776126,0.0001475875894481,4.419239329256863e-05,0.0003855037258045,0.0001353172363793
178,0.2603621179926557,0.0082155855799438,0.2695110566217569,0.0084673932119831,0.1561088891569935,0.0353561031434423,0.0128578028393782,0.0030138680797627,0.147533467586452,0.0084321410567413
179,0.3928035529744806,0.0129275839415814,0.2095161083745128,0.0455450046041905,0.1499441348553997,0.089268456856757,0.0274097060337634,0.0069855314787138,0.2054785525407994,0.0454780788323783
180,0.6331635152936006,0.0082617205122871,0.1694921379875914,0.0231339559488544,0.2387928414747559,0.1343623423129068,0.0184350331717922,0.0041269718364748,0.1647952762148546,0.0230987781099243
181,0.0025282663167054,0.0018853519523372,0.0291958020907441,0.008301057849223,0.0304103362085486,0.0095155943977111,0.0022059993308773,0.0016142910537675,0.0118942618513243,0.0041756918593814
182,0.3288445072679948,0.0401366026418723,0.0003776867067397,6.255700087068904e-05,0.5422847301986552,0.0094997941585459,4.00244204452865e-05,1.133306231200906e-05,0.0004463832947632,0.0001022948280198
183,0.1616449077933777,0.0106563684623293,0.1639987029655205,0.0094605626359303,0.325444501040402,0.0315878791077565,0.013976493316196,0.003540872972723,0.1436968409278508,0.0094105309269015
184,0.3931528515919509,0.0341009502750591,0.0002252405117523,1.1372327139417798e-05,0.2590598620491996,0.0061427977888091,5.0034401300066354e-05,1.3249224622836302e-05,0.0002941818057878,6.96095854799636e-05
185,0.4571506030832321,0.0077178926975782,0.1177387570443358,0.0121094727276673,0.2270124974973886,0.1284262672119997,0.0120957150641005,0.0031880872168009,0.1121747319111475,0.0120655141113578
186,0.1652823529094125,0.0092512001553924,0.1431783898949098,0.0131473116805929,0.1728689432471926,0.0937416080741566,0.0129363959252868,0.0036454023431848,0.1343195675029029,0.0130963423453546
187,0.5423440485348963,0.0317782096552485,0.0003146400807697,4.748265049092569e-05,0.1281113519769051,0.0127131811302113,0.0001393517175645,5.049022875673045e-05,0.000384937038177,0.0001724482629141
188,0.0016693818083658,0.0011208328007757,0.0253096314391653,0.0049752677438117,0.0202406685674627,0.0058390758239201,0.0014928279837499,0.0011500926729685,0.0102106083990554,0.0028666573958479
189,0.0019420854615754,0.0002735612346381,6.114975385177734,0.0055344038456089,6.080387790737237,0.0035161005926692,0.0050109723247786,0.0003751309771153,2.371634969083762,0.0047180729938039
190,0.072107859263168,0.0082819209828523,0.0151006654986652,0.0026039488293468,0.319161674372688,0.0123772233760662,0.0006990889722051,0.0002058660458755,0.0144948445581515,0.0025731478161251
191,0.1680782144969982,0.0167536621001429,0.2636717511906468,0.01191168907113,0.1946052858854727,0.0326770309115588,0.0260351380440067,0.0051097064085496,0.2607473435565521,0.0118572952344271
192,0.5361391140160755,0.0846577822999089,0.0001606914131806,1.7878764881129727e-05,0.139100554009218,0.0093811878960453,0.0001070129435073,3.995641098792077e-05,0.0002857131572973,0.000140727500957
193,0.1492106016338927,0.0085014330331664,0.2075157783228981,0.0099190837396542,0.2012918014656596,0.0670336209177322,0.0123050918080412,0.0034005553008261,0.1714291152832765,0.0098795104296166
194,0.3341663180197591,0.0089956946872132,0.2950072771670816,0.0104569163089808,0.2480695672959433,0.0390697371538472,0.0130082276056238,0.0032133225213896,0.1798843910169704,0.0104118230419853
195,0.0970082659854883,0.0115540694594713,0.0021289082347912,0.0003751818431326,0.3985639367849539,0.0152659527605709,8.49018800289833e-05,1.993938790641737e-05,0.0020243256486288,0.0003581140294959
196,0.1456784958663958,0.0230123903648218,0.0060806649187072,0.0007575858699196,0.5875254134117243,0.0178542756871306,1.2981159927216328e-05,3.429228853858433e-06,0.0059967795106428,0.0007440554502851
197,0.0012923273830787,0.0008638400245218,0.024551428166818,0.0041056787570136,0.0174960568397007,0.0044832366939223,0.0012340380449789,0.0009101136513662,0.0083872160830371,0.002076320912416
198,0.2936611538029619,0.043768473580053,0.012509714007672,0.0022986168660504,0.5819859121179483,0.0192381841775156,2.0490461226968123e-05,4.571262589377221e-06,0.0121588497164254,0.0022317969045524
199,0.2440751077576261,0.008890403914028,0.1995507409045094,0.0156872216435022,0.2606380317060271,0.1420607463100921,0.0187109377575981,0.004212660080694,0.1827687036493037,0.0156592048411383
200,0.2530609295889929,0.0105882471926276,0.2340950783911399,0.0094198327686652,0.2575748981357076,0.0241750874894115,0.0152872806190573,0.0035597095209154,0.2105177279897291,0.0093787440102287
201,0.0294205432634893,0.0033264269669911,0.0029854152374998,0.0010917833956848,0.4270766076697863,0.0052761624619401,0.0003421965099185,7.76164414370132e-05,0.0029688393440369,0.0010953847480922
202,0.4916489539026639,0.0544388749989499,0.0004642463532522,5.299803433403107e-05,0.1650257099230877,0.0094077975941507,7.673311415271319e-05,1.9017273417078225e-05,0.0004579964210105,0.0001171297473243
203,0.2784318911066195,0.0097276735849478,0.3143636670090632,0.0110870260218374,0.1925468021962404,0.0308649420656189,0.0129979663888877,0.0033912734497801,0.1583298201278362,0.0110422518020786
204,0.2181219371064936,0.009885595955802,0.2804849979689245,0.0086577858701875,0.1867639683031992,0.0338537608221657,0.0139702846417136,0.0032846293984122,0.2375305051369019,0.0086283236319739
205,0.003485381920878,0.0031424065579732,0.1209229219415947,0.0152758734007919,0.0902005873879696,0.0248293817208308,0.0027199766812772,0.001967080465789,0.0519515813299132,0.0124772004640318
206,0.2822597080777156,0.0091904641060581,0.2696249173106708,0.0083251685307661,0.2148276804879094,0.0295918252863347,0.0097292966155481,0.0029787843815438,0.248552253468563,0.008294306691614
207,0.432930413133849,0.0232995459909048,0.0001290600862538,7.900971653402352e-06,0.1849255216735839,0.00768190405894,5.012424049235437e-05,1.1649730995873145e-05,0.0002941367494993,8.152837504154855e-05
208,0.0030839585725224,0.0027951851051415,0.0877480376490974,0.0196293459588645,0.049099869282973,0.0174972108644421,0.0028572995716858,0.0020779906173705,0.0537317817477425,0.0108642117837117
209,0.4733718984017949,0.0613965713379066,0.0002848027522216,3.108181645045383e-05,0.1611804561848928,0.0122990319058304,8.796647571619356e-05,2.260795605312553e-05,0.0004274986597358,0.000107805144143
210,0.2000022332040803,0.0088501649492966,0.3780181348876448,0.0093591902445387,0.177345202832373,0.0759347942536936,0.0125815238288935,0.0034441111419898,0.3498860164704478,0.0093423498521036
211,0.255752158410071,0.0081034063610774,0.2010766421072213,0.0102019233447461,0.2825184234100646,0.0398376924523107,0.013942556363377,0.0031231247363564,0.189055008072604,0.0101516877046313
212,0.4455162715028023,0.0798441479544534,0.0002672587437781,2.8729599239742983e-05,0.16694354648724,0.0066556733975591,7.29064306096614e-05,1.943174226818171e-05,0.000348019625719,9.756099777444647e-05
213,0.1834811544635227,0.0111258259752134,0.0259880583716828,0.0016498929822467,0.3500586569435167,0.0143049693234878,0.0056678503613202,0.0003165291431046,0.0255187067501556,0.0016521042811374
214,0.0011613312831732,0.000276614607678,1.621975759512262,0.0053470703238351,1.6171279673403356,0.0034917603479144,0.0031681775794662,0.000384600326018,0.7650937990057233,0.004530081998831
215,0.1439250016210106,0.0069893675265648,0.2264946077439148,0.0107327829649609,0.1684580132415698,0.0874099506532322,0.0098066271870215,0.0031455918140852,0.1163783820650384,0.0107039947865711
216,0.2348423529347449,0.0087385585250337,0.2757295173965381,0.0112525560901804,0.185759966405784,0.0503932551865774,0.0131249403232205,0.0033529077416527,0.2331947170857449,0.0111962390404874
217,0.4273099433081334,0.0077999099274349,0.2473852930952791,0.0238636036424975,0.1631956285717352,0.0781842425494341,0.0247531281210568,0.0043531817768161,0.2358751390182044,0.0238498674268377
218,0.0024216809104052,0.0020153924363657,0.0398883466022535,0.0116787762986056,0.0352101446950291,0.0133295045283591,0.0021624329896948,0.0014799786140717,0.0164058627733791,0.0058652118082668
219,0.4610952298920805,0.042319136846693,0.0002397530194685,3.4954734795861924e-05,0.2272859161166317,0.0094170432642282,5.626130822079244e-05,1.951324006323438e-05,0.0003054389647141,0.0001089550152326
220,0.5496596352622627,0.0090203406121929,0.2339762642484268,0.0092448607372395,0.2618882646803667,0.0327979352674613,0.0114618547055811,0.0029329595452846,0.1521784817413807,0.0092031526725671
221,0.5015848383634556,0.026833274247781,8.19060521077334e-05,4.62080910763615e-06,0.1584417224700045,0.0085075347747475,0.0001084908757806,2.641886901574072e-05,0.0002344963616891,9.474121545817676e-05
222,0.0018917078827989,0.0014920483881353,0.0258856928026227,0.0070415919584509,0.0285364080578593,0.0068825383647497,0.0017382574842853,0.0013042161322912,0.0117904950321488,0.0036287468931108
223,0.4190698761091196,0.075519304727112,0.0005504505816497,8.280574304397583e-05,0.2120174772861254,0.0087977089191846,5.163989477326752e-05,1.3953269402599187e-05,0.0005638900175731,0.0001192638598049
224,0.449441763917915,0.0335510937542048,0.0003889222787636,4.632188613409293e-05,0.1677878341458449,0.0117506656507139,7.413907049615163e-05,1.849795486753044e-05,0.0004093985468027,0.000116469598981
225,0.3946627232871544,0.0066743082624711,0.1876424031049249,0.0134492821361618,0.1328195200117237,0.0575111534393492,0.011281249626353,0.0034102673158145,0.1752871158775688,0.0134461927837176
226,0.0127293406723717,0.0031656453427049,0.2026264354056791,0.0546742244044548,0.0720622125903617,0.0310835383188512,0.0095145496786459,0.0020660584970506,0.164602318409633,0.0531810184974472
227,0.271856109335081,0.0104496507377006,0.2234287698245383,0.0083459062293809,0.3011164088571152,0.0276232903878582,0.0120098966538686,0.0031122749823326,0.2145706708702177,0.00831728217163
228,0.3718301224404876,0.0067823360431398,0.1562984792716549,0.0213465995883686,0.1499733377600827,0.0593777950523367,0.0110905382581253,0.0042686861005267,0.1184901150226111,0.0212798940476866
229,0.233950166504492,0.0078861744877078,0.1809023636604837,0.0165805262535095,0.1332461584998772,0.0596376770858088,0.0147288261757509,0.0040104244822609,0.1643279695620843,0.0165440710193997
230,0.2148652802040487,0.0091193546384309,0.2222821898475186,0.0087188538626287,0.2081461669629184,0.0325949421294958,0.0141713260388934,0.0034249142021972,0.1568500671319374,0.0086933049525187
231,0.3671888271352476,0.0091801197746383,0.1215530623715132,0.017364015245246,0.2393567617230416,0.1373376047391026,0.0139558955216183,0.0039874685168186,0.0898762357403302,0.0172942192318422
232,0.5194890364871024,0.0551260571152789,0.0005908514592384,7.416416269602454e-05,0.1411234921327965,0.0085260000898904,0.0001057703125293,3.548784190417002e-05,0.0005633215329301,0.0001489512657165
233,0.2108776226056509,0.0077648739386088,0.2268592221123636,0.0118821294289372,0.1796822862594223,0.0938433929668876,0.0112228573565421,0.0030949512047835,0.1614185729111076,0.0118401919172211
234,0.1425756312921745,0.006787188137451,0.4219233380353475,0.0416121302386437,0.1909698632355285,0.0723445522258455,0.0263657371913837,0.0049887081714046,0.3114410441565657,0.0415014233482732
235,0.0198636926975054,0.0033688185463665,0.0042181692237447,0.0011964028401332,0.3450382762363266,0.0067477964207015,0.0004138651628379,7.453144164116478e-05,0.004355981675806,0.0012121096743309
236,0.2702786969788112,0.008732661856845,0.2448909781525647,0.0110748976683347,0.2246266318966714,0.0387694999558686,0.0156042742588949,0.0034305516896029,0.1393899530129572,0.0110284556986794
237,0.4340194283557531,0.0793438340518309,0.0001733217259194,2.603452346386222e-05,0.1818741142012428,0.0089910694836569,8.14773735098987e-05,2.712159882025328e-05,0.0002919939962829,0.0001185502742822
238,0.0023819285227808,0.0019230677877149,0.0556893681589012,0.0104015798614704,0.0359410313661358,0.0124730345858953,0.0022954521512315,0.001622207087883,0.019024261322908,0.005555648968007
239,0.2245554433813028,0.0086805587606937,0.2181435003517615,0.0144343873465474,0.1843630717382293,0.0941030639757794,0.0170782529463034,0.0037040847260587,0.1386270027508416,0.0143781786470467
240,0.2222524649619879,0.0234535424483472,0.0020283744811247,0.0004987786821105,0.4228620860247494,0.0119597739320411,0.0001025308904108,2.40017652242172e-05,0.0020092938165653,0.0004849975156037
241,0.0089246557039423,0.0020696751081879,0.3388965651390956,0.1112884232637791,0.198323001209713,0.0740893679683019,0.0125100132762458,0.0019272789704515,0.3120129585138739,0.1085926737954432
242,0.0831224909269904,0.0109150820392394,0.002566265507859,0.0010053281050386,0.4346768884880432,0.012780998749558,0.0006225202298521,0.0001648278020021,0.002655532810781,0.0010498650349071
243,0.5050303701780795,0.0416486061580785,6.912467682645537e-05,4.031316750628983e-06,0.1473145333509737,0.0041440704148103,0.00010663894715,2.1760951140859976e-05,0.0002138506441721,8.797924772637596e-05
244,0.4001268324334146,0.0096504913957017,0.1866094831769033,0.0108168350029817,0.2221213786034681,0.0423643309306257,0.0162960783783056,0.0039079732348375,0.1377487688831685,0.0107849006837001
245,0.1997653282300122,0.0090662265990332,0.2408025869139415,0.0091978721957235,0.2348483789379122,0.0323414470119412,0.0121109745160196,0.0030646178176912,0.157764667712494,0.0091531732723866
246,0.3156551960135905,0.0104800327964539,0.2289526071616627,0.0118941500327128,0.279143226836189,0.0465921185469465,0.0143375733772164,0.0037389080822371,0.1976304022881868,0.0118398241491367
247,0.5438168199867808,0.0329548254471467,4.990246901130556e-05,2.8560832278641886e-06,0.1394867765847839,0.0107485263537567,0.0001165526633076,4.495264441157607e-05,0.0003753676838335,0.0001483182988983
248,0.4287864623348547,0.0102978371820169,0.2262944733164519,0.0658621278610059,0.1735270180820384,0.0813454716882497,0.0338008405919066,0.0061901965333045,0.2190334205270077,0.0656205473463398
249,0.1965839409372062,0.006774600058806,0.3412877811505143,0.0118814726411978,0.1706914435288845,0.0797437159534264,0.0095148525758998,0.0033943928872149,0.3053987836965979,0.011858835808923
250,0.3572444697766191,0.0110205352609791,0.2044134622560619,0.01117723537519,0.1971782752244524,0.0355476176151217,0.0154371934805867,0.0036994564639828,0.1974318032563643,0.0111343847575544
251,0.2277944000593526,0.0062026240299486,0.1858613170198127,0.0334282126365978,0.1367897296992093,0.0634663374203232,0.0141877350939884,0.0037312553776067,0.1724693471329683,0.0333356078608332
252,0.0014627236587784,0.000968502655205,0.0248347666050709,0.0055812432104626,0.0196482064394188,0.0062322178515975,0.0013445015299818,0.0010220574008946,0.0097566420757773,0.0030853879827109
253,0.4180287075057218,0.085637827530846,0.0001449276758447,1.250662772694488e-05,0.2111796776377112,0.0080407402328544,8.120469858313809e-05,2.1983221700249816e-05,0.0003533700094688,9.84718584545626e-05
254,0.2479890063649643,0.0084256998375645,0.1937602208845587,0.0081265679088705,0.1641060266148677,0.0359192190945583,0.0106592444533013,0.002774582330744,0.1646851846597589,0.0080937512532521
255,0.2476173792247815,0.0545672748077887,0.0021623525613215,0.0001987527511779,0.5381686960151213,0.0125517683279975,1.78207249339729e-05,4.326289542617915e-06,0.0021570952597507,0.0002116802108696
256,0.4080713132256476,0.0118574485333635,0.1898509168258025,0.0112189418256618,0.2467739974024721,0.0485411636532713,0.021970856264299,0.0040559816470483,0.1790469418338652,0.011169240210846
257,0.0032794185941487,0.0029134211882817,0.1020764827343796,0.013120007856804,0.0686920864354777,0.0187553326137152,0.0025681072648972,0.0018766480524505,0.0630702971251619,0.0090165120872688
258,0.1856044214637255,0.0065627599031907,0.2558936190566613,0.0069760710614956,0.179718542638574,0.0388320297975174,0.0095257236706204,0.0026218373392513,0.2434899958338463,0.0069586222202462
259,0.1913450058689503,0.0091720638515296,0.2086829422113991,0.0094470619899371,0.213742916965566,0.0345160751821454,0.0114148972394409,0.003218407055559,0.1726724208460466,0.0094108914450205
260,0.4934508895116714,0.1015806489364963,0.0002321712620293,2.6002333968455595e-05,0.1482223229275368,0.0074233186473183,9.830514941186744e-05,2.5818306441447724e-05,0.0003385983966896,0.0001078741864543
261,0.1657208566748313,0.0346284561294478,0.0002863297431431,7.448353485180245e-05,0.504313545130996,0.0106264744748067,2.3406828045230124e-05,9.218207133023607e-06,0.0004838868696327,9.884804576747946e-05
262,0.0008469410070645,0.000271537733661,0.8041700630122048,0.005383965539211,0.7997598157963967,0.0035758282303047,0.0024363569549331,0.0003756197915471,0.4117071839017908,0.0045459910318597
263,0.5333065984245569,0.0460173096653782,0.0004369086141576,4.272057628782123e-05,0.1289749261166867,0.0111609841861168,9.814857130246012e-05,4.175107701096973e-05,0.0005103211992894,0.0001623129420152
264,0.0103878423394095,0.0024684125914873,0.3170596406403866,0.2100031447069017,0.1254554445232067,0.0666554042444335,0.0118250903074073,0.0019280275253239,0.3070286521425663,0.1905786714504252
265,0.0027722564454864,0.0023161096860513,0.3425904130973968,0.1668257063686775,0.1529552249116547,0.0490703408081693,0.0036553939889636,0.0017199043918229,0.2555520014546238,0.0848028192010965
266,0.1445940753942363,0.0082375510218784,0.2138868915540709,0.010392603670589,0.1972302212257384,0.1033619918411481,0.0113368308164565,0.0034807227254605,0.2011075030236511,0.0103552024043697
267,0.1951626528374863,0.0105536975485119,0.2503792304826875,0.0086059367194969,0.2222730886201552,0.0331549136088933,0.0148333592633947,0.0035241382072998,0.2207488141811852,0.0085818298194176
268,0.0237698009638565,0.0038193148835445,0.4186746339399973,0.2840566021941296,0.1122987103147438,0.0450863458090911,0.018580037408232,0.0022901912459955,0.4087384983057852,0.2579667573421998
269,0.0022286197526549,0.0006603354616197,0.1947019125098009,0.113683892812066,0.0868468305086052,0.0228531452628708,0.0052180165904582,0.0007643156537277,0.0906073238422553,0.0266980324064714
270,0.497211787964479,0.041899749642914,8.480869392898061e-05,4.6312569559055975e-06,0.1593486681325741,0.004414980752822,0.0001017327167226,1.86545548154346e-05,0.0002251526676812,8.700169514368005e-05
271,0.1647157528022383,0.0104122901278549,0.1660243519416775,0.0079331108535618,0.159348458803105,0.0311789869680428,0.0127861603316505,0.0034045197860487,0.1329949991571779,0.0079049792257898
272,0.20334498739202,0.0084158074236009,0.1720758084171711,0.0102466387983775,0.1223721110820245,0.0555448727349517,0.0113666211539923,0.0034174703214916,0.1588150280906038,0.0102136899700679
273,0.0015482468338142,0.0002781821660027,4.428321408875429,0.0054112549258524,4.417632818710309,0.0033933008648039,0.0040832062044607,0.0003860508895577,1.8105440629579563,0.0044221742351358
274,0.4486253991083607,0.0270701946492335,0.0001258797157679,8.998694047979805e-06,0.1779021833102963,0.0122038310818379,6.66979445389419e-05,1.9688329562669955e-05,0.0002459144567768,8.51551922526104e-05
275,0.1908175936671226,0.0104126416403198,0.1835179059878818,0.0103079023893348,0.2030101006143418,0.0285237785467138,0.0136236990191995,0.0034599247679009,0.176819465559835,0.0102583980177272
276,0.1489075880345502,0.0090680689333617,0.2635051216735938,0.0068292071410779,0.2206318488520634,0.0312720313622452,0.0116335954664001,0.0029016519808835,0.2073623515099841,0.006810539711421
277,0.519957966282823,0.0200624122895438,0.0001051855182068,2.1385211491490874e-05,0.1462248638551277,0.0172059996145844,0.0001002740762542,2.237701179945145e-05,0.000311154015008,0.0001263845553153
278,0.2738205930686678,0.0091868968671082,0.1962326819928326,0.0108959977373562,0.2179376447402146,0.0530517762954023,0.0138127596059626,0.0036219626843132,0.1902790237849078,0.0108572325425655
279,0.2737091150878837,0.0073621043150745,0.2228958262936426,0.0142422810995156,0.1701742769927963,0.075396207343426,0.0115753064235426,0.0037300382906414,0.154124555901753,0.0142183025822069
280,0.3411715915732638,0.006072863844593,0.1902275195853995,0.009265954660005,0.2075549643001416,0.0940375821090502,0.0095772508615879,0.0024887757978025,0.1771076674339049,0.0092274642230773
281,0.5190349218167182,0.0717869395764056,0.0003525695463389,3.4375512227000164e-05,0.1448085548208171,0.0085987665231113,0.0001121101484721,3.271220609411455e-05,0.0003982662512056,0.0001289757119753
282,0.001841595903533,0.0002660217653108,5.599165403183413,0.0055185102885559,5.572696438619977,0.0034637999897243,0.0047756184780162,0.0003663037925881,2.223703815102229,0.004657460800245
283,0.0029727678413253,0.0025328759402537,0.5097938113234295,0.1279780813231548,0.1705716817102473,0.031752211092897,0.002656658659414,0.0019409982691827,0.3122945813666243,0.0448416815367002
284,0.3735277281838473,0.0096801754391838,0.1471880919446689,0.0147675620816217,0.192707362824243,0.0721270507892642,0.0173781463335576,0.0038265339193544,0.1336270049411529,0.014689090697149
285,0.383750049490462,0.0242060240522166,0.0004394298591726,6.851992582619003e-05,0.2633409099622185,0.0151071589769628,3.4537803911700926e-05,7.6201032679973315e-06,0.0005149444933761,0.0001199580838709
286,0.4223823528380688,0.0307485380445115,0.0001448531529625,1.1735326991028693e-05,0.2093009275662108,0.0095933021316162,4.9217195355470976e-05,1.574384319862667e-05,0.0002459959162445,7.966093508500722e-05
287,0.2372714490539198,0.0071701437626659,0.1885054019666056,0.0156679166322879,0.1322301732582717,0.0476975135906159,0.0142237252877862,0.0040891886683433,0.1723916454676423,0.0156286480724613
288,0.1679689712150099,0.0092564003602837,0.2175775699601642,0.0116588877249677,0.2040765313628207,0.0953365546487966,0.0150213336534209,0.0036226629884581,0.1634388710398832,0.0116191339814966
289,0.2305905970730146,0.0072712026861477,0.2771752638512965,0.015234883194257,0.1492400653780722,0.0703670480316771,0.0115450739270807,0.003908390727323,0.2114870930996926,0.0152068541778366
290,0.0013831751420863,0.0004719631039942,0.1538142140584804,0.0621639775209886,0.056526329124605,0.0120842361259421,0.003178781237644,0.0005699233157299,0.0781025877044332,0.0163735778268476
291,0.0022537743474196,0.0016175802937453,0.0273028333463706,0.0075379387798821,0.0282553414105501,0.0087698903327107,0.0020181473561904,0.0014778717064141,0.0130697080503156,0.0041375796602586
292,0.2077644874801006,0.0109437928721022,0.1468978955944804,0.0084536374547737,0.3359043207677141,0.0267182742168793,0.0141823705058587,0.0032660941972272,0.1234194122358053,0.0084173741297334
293,0.4651466249747185,0.0976631506222494,0.0002005219642282,1.999194277857076e-05,0.1618567115462683,0.0071802173863162,8.026910636975603e-05,2.1178916427880277e-05,0.0003592867034001,0.0001003654981633
294,0.4222703547935757,0.0429860711623693,0.0002264842340299,4.587850478937808e-05,0.4599610121935862,0.0085151881768404,6.7066820071005e-05,1.9155663719288557e-05,0.0002759773769185,8.76878040378658e-05
295,0.0065496052930091,0.0022162016670401,0.4883969001484496,0.299161086444293,0.2838197642591317,0.1000795164859557,0.0092000486427277,0.0018069080318288,0.4435437610808961,0.2043510363834085
296,0.2402883383163809,0.0637455487827391,0.0003527195623056,5.086786234561435e-05,0.5592390063914516,0.0083234259603777,3.313292307087712e-05,1.238715656664109e-05,0.0003266272675132,8.173235425968528e-05
297,0.2970882485583843,0.0099672914727794,0.1596627678739834,0.009009432599116,0.2600186460919852,0.0388182920181892,0.0123720005196206,0.0033968023672431,0.1566936658737507,0.0089806174712232
298,0.4571854920337623,0.0375920192875781,0.0001104488397407,1.615409483346448e-05,0.1673326771846945,0.0155092344950988,7.503699347123184e-05,1.9360308484040207e-05,0.0002516170113699,9.564519669327984e-05
299,0.4695405854895285,0.081538730143083,9.214209600572775e-05,7.485877999152283e-06,0.1613263247950857,0.0061372643542273,8.315958627804553e-05,2.9201830139293238e-05,0.0003217633591465,8.718799396895641e-05
300,0.2093566334834934,0.010122715984899,0.2238296019011508,0.0092818388915853,0.246630073748425,0.0363428113267584,0.0151628585068608,0.0034804771200745,0.1574131491516863,0.0092450143747283
301,0.1200486617276956,0.0077528050882566,0.2249618883753787,0.0097125653774857,0.1936900059697426,0.0963781404095034,0.0112421473430361,0.003219325028403,0.1450174488415115,0.0096968155260548
302,0.1575571362298619,0.0110163896107029,0.1629947645096645,0.025266083666455,0.220488579298035,0.0500703482653553,0.0199059151484862,0.0051500481997991,0.1328231533040893,0.0252136547357327
303,0.398608670138164,0.040423768140658,0.0001778242395574,1.606210894686736e-05,0.2387795405078246,0.0073079164014329,4.27380069278588e-05,1.1138221576087963e-05,0.0003044465272354,7.733088262608502e-05
304,0.1863020142063689,0.0149871775950794,0.0008716646287453,0.0001955263913545,0.328051895745326,0.0136203892550756,6.17863840364172e-05,1.962793243235558e-05,0.000808491436548,0.0002128661352632
305,0.0199065179065291,0.0019101629808567,0.0019922050589164,0.0004563439906632,0.2477154378267136,0.0097014900998134,0.0003991490091086,4.251778779118956e-05,0.0019298600932907,0.0004356405605013
306,0.000767503366881,0.0002214104530711,0.0273602119078751,0.005303613304548,0.0242534503657579,0.0023980401869332,0.0008828278349915,0.00028205973029,0.0095328042531062,0.0014924001703029
307,0.2098785022918282,0.0071058889599108,0.1297784484089639,0.0186371340548375,0.102270618372329,0.0478505735264099,0.0116082424830316,0.0036066188732859,0.122686658943083,0.0185985102848011
308,0.0055658470678516,0.0029374418577751,0.1632676885785823,0.0613503975151421,0.0901835829703506,0.0411613138492457,0.0054754092670254,0.0020468952162831,0.1533035763640277,0.0569053190173909
309,0.4751173496553374,0.0271023669946576,0.0002173545525096,4.388514453909228e-05,0.1649656782238619,0.0190397516448081,8.639916388705694e-05,2.254482300053473e-05,0.0003400101878305,0.0001106978528079
310,0.4969862629589329,0.037410195305015,0.0002286467652262,4.13212304872732e-05,0.1494738497046237,0.0161227197736764,8.576840402285961e-05,1.844379697354008e-05,0.0003615774916386,0.0001372042613005
311,0.1926999408383146,0.00838882928903,0.3655726368610318,0.0087165638886243,0.1610178849074735,0.0717562273386576,0.0120074180332332,0.0030979908086857,0.3300864017582907,0.0087038105012785
312,0.0031924662050406,0.0029398203002152,0.1006745301292648,0.0158928608296461,0.0708238967476469,0.0176047809014481,0.0029594097729597,0.0020780839078631,0.0693882637141194,0.0116365327474855
313,0.1493048810705876,0.0185103824728625,0.0020743294121629,0.0004496491159156,0.2976639894932518,0.0241645553700311,0.0004463927232011,7.965492900181644e-05,0.0019870151957555,0.000454482499605
314,0.0147962241261831,0.0037358834555756,0.4988979447813484,0.1039296927943272,0.3245644482909765,0.090087233783162,0.0138106430570012,0.0030250558676006,0.4636842846547639,0.1024911779987552
315,0.3068767451111034,0.0133150024862848,0.2887890660505696,0.0200518325592761,0.2414098935941471,0.1110032060538138,0.0249063453000332,0.0060570262610463,0.2822146207527304,0.019988849880136
316,0.2614107945758691,0.0378176805950195,0.0003693915370105,6.530138512264102e-05,0.2875618855508892,0.011285581929024,5.8870177156045046e-05,1.6196978123729037e-05,0.0003523982411319,9.541482674477696e-05
317,0.214412198797751,0.0080530002136342,0.1500054122298646,0.0103104563667023,0.2337768160999654,0.0657531053246519,0.0148194087526864,0.0030822156259234,0.1429711301574937,0.010266224723515
318,0.149176443273897,0.0348693710004517,0.0005890136610944,0.0001266208293393,0.5078639582573947,0.0129116278145253,3.0708620440367544e-05,4.788610456651711e-06,0.0004898245406757,0.0001371221539684
319,0.0014665224785089,0.0002789619199216,3.894129478269636,0.0053811078252395,3.882315177572444,0.0034209672985269,0.0038847359355154,0.0003879910901998,1.6379399473540983,0.0045093960488558
320,0.12621959486461,0.0165653849860275,0.0011074673170631,0.000216606372208,0.5066668006929911,0.0136777762040887,3.446847525752475e-05,7.720104071190433e-06,0.0010258178095083,0.0002269155544961
321,0.1460649729908819,0.0156802696579633,0.0009339839970971,0.000311101469714,0.4422002578316932,0.0164973601817401,0.0001385426573666,4.8624632870879645e-05,0.0008732502957123,0.0003472968494406
322,0.1483267640503968,0.0065642040253138,0.1726403931028736,0.0786472471203116,0.1327079808423671,0.0470843342564779,0.0402072826243936,0.003734430033638,0.1699278815515605,0.0779997849609198
323,0.6812236873710626,0.0107156863736586,0.252022564747787,0.0427674115844857,0.2089018762896375,0.1132504663465036,0.0260736739269203,0.0063084567507744,0.2023429001305654,0.0427208601110692
324,0.579031951875761,0.0084794655666644,0.1013903316870596,0.0262302962049891,0.1642613846817622,0.074672250008982,0.0143954946064398,0.004137406731922,0.0987230313805037,0.0261971150285169
325,0.5036957836387047,0.0526217181657568,0.0001245864652353,1.388392395462217e-05,0.1460069532503344,0.007816588018926,0.0001076797876784,3.340031394753549e-05,0.0002662961710772,0.0001169830543028
326,0.4340423757748456,0.0481537935649152,0.0001465316555626,7.461513987099942e-06,0.2028338060374038,0.0050057259355495,5.340792330050193e-05,2.0862805505537327e-05,0.0002788843322178,8.137341524773425e-05
327,0.0255679453309279,0.0035453256472205,0.2620414507539751,0.1431385305220643,0.1269262707004022,0.0647290123914063,0.0205763122676602,0.0024600742726686,0.2334609418540162,0.1406351117694884
328,0.5412206076576301,0.1052331386876444,8.510301901958216e-05,9.870286010506593e-06,0.1327485107790877,0.0080907072161028,0.0001033498395677,4.5140779678039374e-05,0.0003992126757968,0.0001393554663365
329,0.0011990118583766,0.0007389593885235,0.039475947140794,0.0072790857795098,0.0176971805586555,0.0041673461959904,0.0012619589699029,0.000804996095788,0.0120556159033221,0.0022910610446137
330,0.0007417691512885,0.0002592454231558,0.0724016156634331,0.0058470823194651,0.069140308678248,0.0038583471692592,0.0010717981804827,0.0003422974995474,0.0208762909244035,0.0022806058800277
331,0.3227405178373287,0.0113954308252096,0.1939410156983817,0.0119495016819058,0.220535886388594,0.0383274063885111,0.0170919019552054,0.0044149208793275,0.1877562662067262,0.0118937159640193
332,0.0719541049213621,0.0050686403087955,0.3843755069776444,0.0693552567850025,0.1851679006558586,0.066524657096764,0.0362433308899707,0.0036784942791598,0.3338490541998175,0.0687798014817847
333,0.2037070874480052,0.0090576457733594,0.1482373401195925,0.0179538673014208,0.2749910314039751,0.1484315044436666,0.0213991776782922,0.0044370062474377,0.1453109893563285,0.0178711728967366
334,0.1876315564097284,0.0088344023531423,0.2065123254489167,0.0132412491916013,0.2149588358153877,0.0792271577958577,0.0190681899308363,0.0044749642709704,0.1978234660095049,0.0132123262835469
335,0.1150506354392301,0.0122622241719251,0.0026091791596238,0.000557300365844,0.4336751443882636,0.0086009676867898,6.614360920712724e-05,1.960355008986698e-05,0.0026424930121101,0.0005690995882865
336,0.2240833873686775,0.0226981557040617,0.0032553467121356,0.0005623209149297,0.5214256358219255,0.0106118948013634,0.000166722225568,2.9437963150887963e-05,0.0031624238836824,0.0005461194976688
337,0.0868778423006159,0.0060577341222036,0.1893304214859025,0.086400305456293,0.1525261556529899,0.0688295250847719,0.0367355780502896,0.0039503870845109,0.1654588471109641,0.0856123089489146
338,0.2027863660687143,0.0095333777084996,0.1750426611863224,0.0104496350223926,0.2580239199047456,0.0480094088143579,0.0115661326011894,0.0033550679330671,0.1642079275559599,0.0104051166718841
339,0.485470605130938,0.0078373619805007,0.1509213028629301,0.0228264483964946,0.1452904158880832,0.0712495809743192,0.01793229247301,0.0040150391900937,0.0986124784471247,0.0227889479747925
340,0.2761751416191729,0.0086146136659444,0.1859917264344462,0.0085206571648537,0.2221929765823675,0.0330714835549337,0.0079891725643589,0.0028566422823515,0.1465663773881544,0.0084971411252265
341,0.2173453932161915,0.0061260129140551,0.2858650771711479,0.0478111511523167,0.1421630138879454,0.0651092580079251,0.0244877351326481,0.0043331236611067,0.1940137989428287,0.0475671600424906
342,0.4727570459044538,0.0393515508906319,9.239727933635998e-05,1.2704108474665852e-05,0.1627666652366188,0.0125462604825787,8.536053499367109e-05,2.308440870272132e-05,0.0002115126960715,9.174669943486347e-05
343,0.2236832494205816,0.009115138975311,0.2173790243527371,0.010135799395308,0.2569445708439959,0.0376578521095151,0.0119840839508314,0.0034620492485666,0.1489230787984962,0.0100919590985194
344,0.1973566975287041,0.0079019814134227,0.2491204068430442,0.0074914707809553,0.2434626489451485,0.0308519535229148,0.0127791944764512,0.0026524841660544,0.1508406617639161,0.0074699264065377
345,0.239489044228162,0.0100039152038357,0.2350395723936129,0.0086175102093637,0.3015824335376186,0.027396501403164,0.0118396319268325,0.0029822552362288,0.2215216865827623,0.0085789646494806
346,0.2539619775780329,0.013318781618338,0.163316305854575,0.0121278990162254,0.2270807433685286,0.0308791482683398,0.0205028226043929,0.0042967935715433,0.1534612691701914,0.012079202517859
347,0.0790885976160213,0.0060374439341824,0.2359174562279862,0.0619067522641993,0.1433425532617107,0.071526247346006,0.025972651474843,0.0044637138046498,0.2109611964917077,0.0615601168719386
348,0.1912924381938573,0.009210298104575,0.2311551830963666,0.0106873777142387,0.1994706038642232,0.0457140961205009,0.0120388253235146,0.0031835865659027,0.1733990877415034,0.0106428962483226
349,0.1417589546719607,0.0069550235099973,0.1222509555763235,0.0349237716085943,0.1141878943440764,0.0571697738858174,0.015962060802306,0.0042260121357441,0.0929553337231331,0.034801968138861
350,0.1791187836305532,0.0139835734851637,0.0017761909230242,0.0003344520385322,0.3814653142233178,0.0204683539679497,0.000100934322307,2.131880473796759e-05,0.0016791646457141,0.000315476765685
351,0.1632955918794131,0.0084053941852068,0.2317437018676647,0.0117257128622354,0.2008654293404827,0.1046561345874054,0.0145385358073478,0.0042411159769944,0.1226055118901252,0.011703684751978
352,0.0028178109197673,0.0025864404650417,0.1164271955004522,0.0183720510572209,0.0537431066121121,0.0183302922727757,0.002778302094223,0.0019250759668223,0.0621755675579035,0.0126242903755116
353,0.0031682112309299,0.0029350824335895,0.1706054761740438,0.0333238735786676,0.0630395864375428,0.022596359526291,0.0030134378835937,0.0019638260496701,0.1166188683977861,0.0206006958488299
354,0.3864027012864413,0.058996110357347,0.0002383642387601,1.1335872066966248e-05,0.2694884656729692,0.0038248576306261,2.978934955655473e-05,1.2949766663158564e-05,0.0003108013674243,7.772323796775298e-05
355,0.2902234702366013,0.0084444965179268,0.1974881794998015,0.0096047898093638,0.1958820178971444,0.0446270587989888,0.0127902817815481,0.0033162819438962,0.1646096253233797,0.0095722562647948
356,0.4262403258821767,0.0566802644042046,0.0002549205480331,2.4960225528578494e-05,0.1870065003596316,0.0079174182769883,0.0001055911233987,2.709857923367625e-05,0.0003263439901049,0.0001100354419907
357,0.0007411033744357,0.0002886367344918,0.2027669019896033,0.0058126205640951,0.1994268444977605,0.0043889032454796,0.0012811603541645,0.0003886779438285,0.0705056155885084,0.0032823905623544
358,0.0145500973737368,0.0035039746029687,0.1475190688951193,0.0370346608355036,0.1005704011535751,0.0489562238601407,0.0116364339441403,0.0023483162787854,0.143581176706965,0.0368001642016247
359,0.3482137532066234,0.0241221749828315,0.0019641662909512,0.0004110727099204,0.3427533005775615,0.025419904959352,0.0001627095629695,2.9564450916302276e-05,0.0018926670375635,0.0004067560487702
360,0.2513117907758,0.0108155146221458,0.2079785841082865,0.0094494407714304,0.4043336337999899,0.0225737283058519,0.0133698517402893,0.0031774961139634,0.2011773402644114,0.0093848110877801
361,0.1217675074480549,0.0118618304616776,0.0248609108579675,0.0018218887455814,0.3169726762206688,0.0155103080233546,0.0053087892461813,0.0003370977218896,0.024315117138776,0.001841418912931
362,0.0320444229953226,0.0031666872403972,0.2848820267396146,0.0550047141952135,0.1172791681974853,0.0460180232786561,0.0222092825837319,0.0024559885249786,0.1717830549386199,0.0542736546517324
363,0.1684868668849644,0.0096663865557674,0.2835132473177641,0.0083126159625874,0.2015909849943874,0.0353368892725992,0.0242987107240051,0.003472178357931,0.1761374938401153,0.0082776403116349
364,0.1364725450314712,0.0094944898068836,0.2533061375124525,0.007936244956817,0.2336119042446666,0.0285684590045341,0.0122390008089049,0.0028642858940246,0.1784678794968408,0.0079042539851572
365,0.1763612834574552,0.0083252234504672,0.3068726997335134,0.0114884276133226,0.1779061440506812,0.0851288292774319,0.0132889547417783,0.0038299888281184,0.2658058252926545,0.0114612777677518
366,0.5162669221585181,0.0245220209737022,5.951074530168757e-05,4.320724028518434e-06,0.1421112230179329,0.0078160238827351,0.0001065387684935,2.5677743898157942e-05,0.0002267412568864,0.0001061633735371
367,0.000860995905052,0.000261104511127,0.7869378217065582,0.0053896314823954,0.7824620968892319,0.0035981541881329,0.0024669020188707,0.000364206212931,0.4079505747526975,0.0045049442137387
368,0.453763171123213,0.0454162571589229,0.0001146264802291,6.250727274405193e-06,0.1686469856539789,0.003226646214194,7.202098783283484e-05,1.3683293237486706e-05,0.0002326736107399,7.185475923319219e-05
369,0.2386024307086581,0.0046564897750455,0.2113660284104678,0.0254646586250896,0.1167682791741055,0.0481984582993553,0.0133169424033649,0.0032588804527877,0.1738051227509336,0.0253761413473488
370,0.0015976355927904,0.0002666451010072,4.13605554236208,0.0054506364340821,4.124650469504172,0.0033841498877401,0.0042035620771298,0.0003706232658069,1.727995707030444,0.0044311801707752
371,0.444434239227008,0.0246278605591546,0.0001328522086684,7.102666771806544e-06,0.1847632039133361,0.0067564479612549,6.420489525034568e-05,1.498627984947525e-05,0.000253826516959,7.510181075258284e-05
372,0.4671704779477213,0.1232780129058917,0.0001200851892134,1.2251159316266666e-05,0.1611823138549587,0.005718896931608,8.692731149941966e-05,2.142273375225989e-05,0.0002969003857655,9.323987060830513e-05
373,0.1275353514872764,0.0128604177891616,0.0029473476443867,0.0007229673744714,0.444580065318269,0.0429105139854256,0.0002856492893957,7.538367659521125e-05,0.0028436951880867,0.000708223059511
374,0.0518232465124647,0.0040263259337317,0.1560171117165205,0.0617667794092497,0.118485465703835,0.0455741788729888,0.0263684788691908,0.0024378374250796,0.1548710742988077,0.0610821428219246
375,0.0021885961287191,0.0002816445657138,8.267344911606102,0.0055221567956321,8.199194069069838,0.0035987200207361,0.0055655353316533,0.0003828374144118,2.960102514061957,0.0056923488813189
376,0.2380175216256601,0.039695466247869,0.0003720962632155,8.215162706424991e-05,0.4859690752781311,0.0122811675163665,5.374208485147884e-05,1.1811327638984327e-05,0.0003645380226228,9.312490311219126e-05
377,0.2280173317883485,0.0080752806423563,0.243078288257806,0.0105724401939454,0.2530115899473593,0.0694981095173227,0.010591354021846,0.0033416846720393,0.2286389497906054,0.0105418494239411
378,0.1809732558914669,0.0090322646296212,0.2153559398518781,0.0080331925550342,0.2217327481975368,0.0348674401398398,0.0098317598179509,0.0029588620926119,0.1786914192812308,0.0080058617728095
379,0.1745264577653171,0.0122998774435083,0.0014926411126595,0.0004077143557947,0.2610428216050897,0.0074198877489982,7.39977356276226e-05,1.521175848173202e-05,0.0014539364044225,0.0003947157466034
380,0.0033561024565935,0.0027494732014123,0.055197820816341,0.0117928654436962,0.0389013380872798,0.0131075929186702,0.0026809320626633,0.0020222135119115,0.0162934871338547,0.0063584455050643
381,0.2394182960944708,0.0065979230787,0.1938087568816807,0.0165857753779811,0.1644539504774473,0.0812161562693467,0.0118157727835165,0.0041679598327545,0.1558848491052996,0.0165559608384628
382,0.250378116820672,0.0095453709923926,0.3007312568313237,0.0095564487699694,0.2329593356392079,0.0363184843015631,0.0113398019228541,0.0034811997645001,0.2246861854517622,0.0095203357353755
383,0.0455055623810439,0.0023883627876149,0.0018959011147337,0.0009730487381655,0.246433511385214,0.0084603417142664,0.0004636238786412,6.026163756222339e-05,0.0019131487251258,0.0009954867186707
384,0.0906123760767647,0.009357368560543,0.0046025450939038,0.0014243334320339,0.3508595269503141,0.0088321758797628,0.0008014765539204,0.000221834662456,0.0045749811095536,0.0014234751736691
385,0.4022491927756781,0.1026595217092354,0.0002146413430244,2.701508451437427e-05,0.2287527983251021,0.0071432655573182,6.989207770686061e-05,2.076937958451797e-05,0.0003556069168533,0.0001004366673766
386,0.1546040074301547,0.008794461359334,0.2055404652289578,0.0093806250051225,0.2092261169367957,0.0636725698752103,0.0122296279486982,0.0034043273638095,0.1255429162734804,0.0093552858259135
387,0.0007792523957136,0.0002453075840836,0.027838591419507,0.0048263857930612,0.0154396432105357,0.0020565245074786,0.0008936869211294,0.0003170388211468,0.0076833354441218,0.0013140865574564
388,0.1125316561556153,0.0096811686366052,0.2793603679824902,0.00775599886453,0.1457845002234155,0.0355260622569293,0.0115786683341127,0.0030983535828322,0.2738051493770383,0.0077391215264453
389,0.2075979226577811,0.0086194270516653,0.1748556878505197,0.0368969572517757,0.1287224682406776,0.0675784365794826,0.0172760932697341,0.0049843204496348,0.1540580345263204,0.0368164795354759
390,0.1524585694824402,0.0074832963730009,0.2029440730763014,0.1030197093487043,0.1600045846769527,0.0760540123817208,0.0438583828889224,0.0050379250099354,0.1613455720708476,0.102003429942827
391,0.2324328563843045,0.0080139355463738,0.233553859838155,0.011839196119594,0.2039874971515455,0.0896158598645879,0.0139600670429495,0.0037742106186086,0.1265054586406373,0.0118014823498122
392,0.0010990688335068,0.0007540890645581,0.0244645504008747,0.0040615847782216,0.0172186478991238,0.0044572999771312,0.0011374969305427,0.0008225951909162,0.0083661833692099,0.002204331479625
393,0.1796055407057688,0.0110677281773796,0.2348465001601944,0.008251145820593,0.2204756327480985,0.0267595201050953,0.0138008398311703,0.003272670889408,0.1887516353574971,0.0082193906717713
394,0.0007950784476193,0.0001452860559531,0.0264270677888189,0.0036296170699765,0.0063679174779309,0.0017719380050224,0.0006894114039373,0.0001783649566761,0.0070941522319273,0.0010514218916562
395,0.0314905709434997,0.0034397615376983,0.3024815494440996,0.0522399222050147,0.1235017794860861,0.0510972825171555,0.0224390796501715,0.0028331056917572,0.1918867678224302,0.0515019684207682
396,0.173059111978818,0.0387063647900411,0.0002935172153415,5.2158170558583225e-05,0.5336692559148941,0.0077478325144914,3.31729206297423e-05,8.871513225901771e-06,0.0003678138597773,9.181203802728296e-05
397,0.0072091519980181,0.001854527030153,0.2936009354750233,0.1501705745433819,0.1209970088101703,0.0509340476600963,0.0104364916887445,0.0017067773891417,0.2769574119106027,0.1294213749858223
398,0.2412250516180572,0.0101859003085198,0.2215446064023405,0.0088484535336206,0.2486694498298527,0.0414301764188081,0.0126462172585172,0.0031062998494147,0.2125894465727254,0.0088117937574164
399,0.0017190932543331,0.0012194745469231,0.2721220138741667,0.0676236415936239,0.0677186631736579,0.0169678094078749,0.0027540432941098,0.0012209293008961,0.0762974518751504,0.023964077427751
400,0.1618536648393443,0.0063020504971381,0.2960847228590841,0.0426754643822418,0.1522453068577117,0.0481692002043082,0.0190721866004641,0.0043827776090032,0.2533577409795964,0.042362033887994
401,0.4941328158181488,0.0369762348812372,8.874265869393196e-05,4.729487357954566e-06,0.162241915059492,0.0048271011111254,9.475776204049104e-05,2.063161019687637e-05,0.0001924567151608,8.206415960708579e-05
402,0.0051658755503257,0.0029578661463341,0.1622026008993793,0.0942878266141358,0.0953951994498451,0.0414081294409733,0.0045462260715995,0.0017727749654441,0.1523543431168917,0.0780850750813779
403,0.2013829428176974,0.0085732795255941,0.004707201297983,0.0012673166906321,0.4776220689268672,0.0228010448065816,0.0001138613731885,4.90069193184334e-05,0.0045587202750541,0.0012827061994811
404,0.2216462052668314,0.0111195797123585,0.2260247971974522,0.0108338365729193,0.2154047058150046,0.0465990087378693,0.0153549290248396,0.0036953578527851,0.1744024192001742,0.010792979190518
405,0.0007344836203521,0.0002741693634799,0.6604591229196727,0.0054413211967367,0.6565782974023554,0.0036889550427499,0.002169191821012,0.0003786346855063,0.3486874499617078,0.0046142027949792
406,0.1934012263898354,0.009116032688132,0.2379145252912839,0.0085147358133031,0.2374104895623949,0.0421920395712922,0.0148824386222132,0.0029184090836975,0.1321660352280273,0.0084779797891625
407,0.2376285787023923,0.0116880405184765,0.213232349690531,0.0115955270398756,0.3253220931334459,0.0407131151235666,0.0176761573629023,0.0038929375234284,0.1749928471671223,0.0115366280209883
408,0.4107742415406842,0.0647152056307977,0.0001821226053224,1.0040330272821968e-05,0.2396947245043076,0.0042453236911649,5.174507244331583e-05,1.4144498531661987e-05,0.0003088420243702,8.619808138989588e-05
409,0.198742086496175,0.0094786857703895,0.2142093562875068,0.0082173539121735,0.2318591806412222,0.0324913347614966,0.0137175289884588,0.0030392082736812,0.1367874413708205,0.0081859021265704
410,0.3524423955138123,0.0080812387173155,0.1610857222887365,0.017717263823196,0.1730939212304108,0.0861677053229388,0.0177561873978966,0.0044005354286744,0.1383400566788965,0.0176922906150062
411,0.4949568753936361,0.0287433905476815,7.675912958528361e-05,4.943984243012148e-06,0.1564702729164497,0.0081268963948299,9.847307234691888e-05,2.925358164510491e-05,0.0002318064637378,9.968052495618984e-05
412,0.1835759778694022,0.0082201314219163,0.2502383240442713,0.0104819860482373,0.238490475839488,0.0862838562137181,0.0123954554509589,0.0035890859922085,0.1739736954623984,0.0104377813511129
413,0.3642631483158596,0.007156265126989,0.1675323041296064,0.0179713816798265,0.142121842446208,0.0553691025938835,0.0115776853109986,0.00415065913925,0.1067011254656918,0.0179319239261786
414,0.0007644789941136,0.0002166233901462,0.0369023764655715,0.0056126391567137,0.0331502798001347,0.0027505918718322,0.000916734767472,0.0002766681494561,0.0127437043076693,0.0016682094286001
415,0.2359476236770125,0.0071020305254069,0.1406103784171465,0.0109565195052897,0.1685175788651831,0.0885125041124927,0.0113303746467294,0.0031284114069471,0.1112368531774754,0.0109149989940848
416,0.2240707073544483,0.039735035761731,0.0004192822593934,7.478081931132682e-05,0.553471488258963,0.012832110604595,2.897108150885169e-05,8.011896265542646e-06,0.0004066286747625,0.0001019819580103
417,0.1722546103819148,0.0074848310853656,0.2598363105677363,0.0119650153666554,0.1779867168636531,0.0860368829766654,0.0134069330676566,0.00347659575007,0.1675838398459496,0.0119277791216421
418,0.0014612252758489,0.0002697024461528,3.561543720008628,0.0054495908186477,3.55107049668553,0.0034020634723207,0.003875802179606,0.0003765296865783,1.517331112447259,0.0044513154935845
419,0.513345386648052,0.0318081068512366,7.133766258412304e-05,8.446415112564394e-06,0.1494490174304427,0.0147538647512942,0.0001104742015503,2.9213578864182207e-05,0.0003426257779316,0.0001156288579003
420,0.1829192370873751,0.0080053362687995,0.1661173258521346,0.0102769266924266,0.1790878578367671,0.0753126157401223,0.0105540407579337,0.003425289821029,0.1172861063921841,0.0102422778480479
421,0.1873162598218383,0.0084026187067908,0.1882108663295056,0.0098274938629256,0.2279013204466478,0.0533476514246192,0.0114235950345807,0.0034137543017505,0.1652296242048887,0.0097963106581626
422,0.1171060317802818,0.0093480527438989,0.0061477352139453,0.001172068384553,0.4367955961013515,0.0064595892590203,0.0013442043213856,0.0001651743258394,0.0060354907968749,0.0011484293159349
423,0.001180640216162,0.0007710402177588,0.0261055596633672,0.0050212731624445,0.0169814291067233,0.0054172910790612,0.0011263802922093,0.0008346202910966,0.0090750551274819,0.0026863815328829
424,0.1768760693254701,0.0092590556088853,0.2377402288640155,0.0100171274736254,0.1912313268799426,0.0545756306642502,0.0115235176297531,0.0031862375761713,0.2308994110327515,0.0099813197182575
425,0.1779766390543858,0.0109024761631891,0.2091201729759056,0.0101532286107898,0.2979205516863425,0.0272003589634174,0.0132311745024391,0.0036460572282758,0.1460157297479805,0.0101006298486661
426,0.3041005927073217,0.008286420850445,0.1428516147768041,0.0252539251096232,0.1145969093506624,0.0576688801752454,0.0155937935164347,0.004738840896228,0.1217734441705409,0.0252017123996644
427,0.4568710548181018,0.0938879364831497,0.0001533011441371,1.83926469473453e-05,0.1632591300221574,0.0076805664102555,8.867370333463494e-05,2.393425720528992e-05,0.0002825228820315,0.0001120291080872
428,0.0007392721486211,0.0002804008666915,0.1250739158939223,0.0059265671980788,0.1217396613116144,0.0044249673774726,0.0011379369826507,0.0003772559479412,0.0353563055641203,0.0026765309800207
429,0.3965429527522656,0.0320054307493167,0.000211295693308,2.542057975575252e-05,0.2572333112184815,0.01602107964636,5.024586926977984e-05,9.6030850034572e-06,0.0002869203005245,7.775608385545245e-05
430,0.1712884904199691,0.0102874220720612,0.2184994615524329,0.0081040348871529,0.2193343259264682,0.0300444082121057,0.0127115733854373,0.0032224624724891,0.2104123647006535,0.0080798499153894
431,0.1069836361016472,0.0235524678628079,0.0072050098355576,0.0015853762254684,0.2861340026786641,0.0682184847218365,0.0011854724098277,0.0002758040045408,0.007156551111361,0.0015861400060855
432,0.1785003400199211,0.0076806714180561,0.2174826452871759,0.0113872413103401,0.1631132194709002,0.0818068864112278,0.0096430870767788,0.00347676097433,0.1726366752440699,0.0113547151518096
433,0.0863640088670675,0.0083715386381188,0.0019636723249996,0.0004763626863346,0.3856695843385614,0.0214166301609099,7.936265771918656e-05,2.0782418829052344e-05,0.0018869461043926,0.0004557555817944
434,0.3228377054732845,0.0067732739770864,0.2281454032606385,0.0332804443413788,0.1393039279801038,0.0669572659215536,0.0131140637870667,0.0041559485829358,0.2045696947819749,0.0331860529108353
435,0.0028713106975727,0.0025417581137145,0.1290445913688015,0.0181296614942441,0.0379209387404549,0.0145670507261744,0.0026110586348335,0.0018449816041452,0.046797547130562,0.0093629211321522
436,0.0025213427103502,0.0019152270430129,0.2292844345155595,0.0558111975837244,0.0592730319611696,0.0147068441549759,0.0021900237356961,0.0016174305453631,0.0730594502916048,0.0109948895636527
437,0.4332189122819286,0.0899248359679354,0.000125330917231,1.0858732375431229e-05,0.1811811992381346,0.0060241676337035,8.594615154221403e-05,2.741068274102797e-05,0.0004077592403757,9.571383480138904e-05
438,0.2695112502645386,0.0105501193730965,0.2693009669491441,0.0102063147093951,0.1954601644775893,0.0399416823003868,0.0155395365341372,0.0036663568610832,0.2260312710729645,0.0101717622372792
439,0.1275979150233044,0.0066839843827215,0.1560850758980236,0.0137993358483745,0.1347894121828048,0.0640836864468696,0.0118079908427603,0.0034981427105325,0.139599077940722,0.01374745574338
440,0.2743943369775053,0.0093898083637323,0.3412759107272667,0.0086208321775246,0.195737275924099,0.0334312053102247,0.0123841308613369,0.0032482298279362,0.3125682781444152,0.0085946047325971
441,0.0016412440008446,0.000265227860793,3.055217913706944,0.005535823200003,3.041679202492281,0.0035016873457722,0.0042810384234022,0.0003642245397345,1.343141181591361,0.0046679184722014
442,0.0772520467073286,0.0050581907458447,0.2353258445292235,0.1026982265954926,0.1475816047480376,0.0633531279562881,0.0433143085786497,0.0035344493408362,0.2331189616826004,0.1012467708984608
443,0.1597925610741732,0.0057226291259241,0.1717005469803748,0.0284069926351604,0.1091966963624157,0.0465192859770906,0.0176458178664924,0.0032526400097585,0.1681843085635367,0.0282981819685208
444,0.141353916779717,0.0180015858959993,0.0021266993717095,0.0005180531790692,0.2016376489839111,0.0357837687115122,0.0004864316875783,0.0001176633533718,0.002122954017034,0.0005225969556881
445,0.3046755107782527,0.0086449020227933,0.1396063227924697,0.029828659364279,0.1223241683765832,0.0624059373583152,0.0229166557011392,0.0046690856129383,0.1350886210878118,0.0297671489027793
446,0.3211036193659344,0.0083783962495451,0.2015049391328362,0.0078437258611555,0.3257112063835796,0.0364135030678264,0.0085435147985888,0.00285489126362,0.1816796185875982,0.0078087941662515
447,0.503686898330943,0.0638910984632879,0.000137891038667,1.9110039853130556e-05,0.1448781520914135,0.0091639916365045,0.000109189862018,3.086521718052364e-05,0.0002425618844599,0.0001211125767078
448,0.2953993249668812,0.0092167179453677,0.2964805754573536,0.0107331829980493,0.2578130536310727,0.0368700401603508,0.0153875213114759,0.0033372192611506,0.1812799706813459,0.0106777128479484
449,0.1550554960911506,0.0081029976466569,0.2417920621606146,0.012699311925004,0.2288756991507986,0.0705134174417409,0.0123385916317053,0.0039751041927534,0.1284311935321098,0.0126701870044812
450,0.0020067373441504,0.0002718975059245,5.639245232287307,0.0055623663788025,5.602192031369182,0.0035785199197239,0.0051384627330664,0.0003721441238002,2.213707900473727,0.0051042063304017
451,0.1384312261783765,0.0076757775766393,0.1929328593657873,0.0088220404595097,0.2435567173167642,0.0861434367917715,0.0129618294656096,0.0033894337455011,0.1541567819335893,0.0087953966418783
452,0.2217999624392129,0.0096477044745286,0.320089699415951,0.0122565817586489,0.1869336120937126,0.1003332164031675,0.014011696653298,0.0039831758360057,0.3042943406759144,0.0122307040423197
453,0.2163995721727713,0.009363082429951,0.230898568353385,0.0073885052367314,0.1950180121324921,0.0270267097558986,0.0151224217571311,0.0027637158381697,0.2196285613428883,0.0073664562595441
454,0.2545438661735946,0.0083768108134422,0.288006218077136,0.0113243204955268,0.1756176857903747,0.0828305028256614,0.009318187091889,0.0036362434216845,0.1969524246014139,0.0112771487509859
455,0.0025349988225889,0.0018914236043927,0.34461894531171,0.1265444655030023,0.1332757514587583,0.036518993370324,0.0031829959675078,0.0016582126985613,0.1775710807345943,0.0434219868013989
456,0.1909545442154253,0.0531095936909758,0.0002432354423873,4.308938754832822e-05,0.522365253840569,0.0058928996261441,2.706078743256204e-05,8.671957045942886e-06,0.0004332853263259,0.000104194232859
457,0.0853184673472927,0.0047400502921754,0.1835905244216037,0.0464182648798094,0.105636785097599,0.0403238227607538,0.0279694828436942,0.0030866677556536,0.162180436653424,0.0460867397233369
458,0.3228582837421169,0.0092146772788306,0.245251554486908,0.0095724301423685,0.2035477174532039,0.0295263194208973,0.0125233379382497,0.0036235095793906,0.1440283357238152,0.0095394700008522
459,0.3232274182937419,0.0276416984736859,0.0027253757266307,0.0004230840577346,0.4700680861449311,0.006674892348548,8.221473829619322e-05,1.8935476628964257e-05,0.002626310281377,0.0003994534387646
460,0.0145775653522308,0.0030746560463556,0.2967306102394925,0.1281785288667334,0.1540156795070415,0.0680412570290438,0.0131901914533263,0.0021844622556912,0.264521922587674,0.1252628165110927
461,0.3143607720711384,0.010072893497748,0.2494098217733113,0.0092461307571268,0.2391029635160154,0.0290035144613902,0.0121950554161792,0.0035339566681419,0.1691795794328523,0.0092118850906631
462,0.4977725773471446,0.04312310241691,0.0003452776980574,3.652602030415836e-05,0.1478460776069424,0.013627359957305,0.0001068456263023,3.040786268095077e-05,0.0004499799688162,0.0001383415306016
463,0.0023434928600832,0.001943569084498,0.0370392995791429,0.0113125745673798,0.0358933958848047,0.0118891532792652,0.0021902531214794,0.0015799433057752,0.0198171904968607,0.0056703904063302
464,0.2339250956363667,0.0067243482637063,0.2327759722542184,0.0105901360237967,0.1863121803846285,0.0843969052235141,0.0108048564110791,0.0030656055330743,0.1288003755275847,0.0105476852919794
465,0.3993576013836993,0.0066907130260595,0.243160204453964,0.0153950834420301,0.1518220270689877,0.0684189362586299,0.014010051101982,0.0040966131177528,0.2020026007072994,0.015373663067854
466,0.5017902171908523,0.0246818107275464,7.792825671738368e-05,4.706325046632949e-06,0.1588359548067359,0.0076371140241111,9.450215939238458e-05,2.164772486954928e-05,0.0002993216707619,0.0001061636045968
467,0.2295536767896533,0.006427919301279,0.1992971014289681,0.0220162588554432,0.127895613367627,0.0449237199685806,0.0122058977380515,0.0042860347429907,0.1226296034380834,0.0219505779587045
468,0.1852050587576879,0.009885651777895,0.2376475524338598,0.0082879464387546,0.1774484889342388,0.0268542792366596,0.0112619144950297,0.003294556323929,0.2016146638110427,0.0082687508873024
469,0.1193356872458901,0.0069721749483178,0.2092581026767336,0.0926690714910253,0.1651312019328034,0.0845757767804845,0.0405801510333907,0.0050442891897553,0.186904678770391,0.0920592854035727
470,0.022677969771383,0.0039093649115353,0.2325581323736905,0.0719523552379707,0.0958597010923399,0.0434331507171797,0.017492528524738,0.0025945612058287,0.2282955399926966,0.0708785104496915
471,0.0806871765539466,0.0075502316586103,0.002267210688554,0.0003140611444955,0.4284121788759005,0.0225225953242378,3.964406679338329e-05,1.416953214807113e-05,0.0022322000460084,0.0003149990699044
472,0.0060341906832048,0.002579632568118,0.2558782064302008,0.0849611310721998,0.1111360778584276,0.0374701161189236,0.0063760431113782,0.0018663009992645,0.2384147428881299,0.0750988287064943
473,0.2888524509157342,0.0071404783974385,0.09983822434773,0.0212486116186077,0.1203192658948059,0.0558793273441996,0.0210329227322322,0.0040271520928116,0.0952273363900724,0.0211832535287292
474,0.4180879833418036,0.0072373300788332,0.2139379005496869,0.0418341931991328,0.156772502603682,0.0741779050042938,0.0201453391056299,0.0050060493163637,0.1658439251639855,0.0416924657474775
475,0.3307675063851266,0.0197670766226447,0.0036676726330071,0.0007337338401704,0.3162713701089719,0.0463607079729422,0.0007405525764299,0.000146282651161,0.0036131823128913,0.0007317142539174
476,0.0023137334000013,0.0018371574890742,0.0620168548829384,0.0092677603359536,0.0289181046331983,0.0091201462012629,0.0021472255025282,0.001542283040585,0.0184345886738229,0.0046184522157734
477,0.5633179228476983,0.0197958147593283,3.351228333856516e-05,2.408395967979832e-06,0.1232412968619129,0.0089966590385434,7.839134650382787e-05,3.2877854644292514e-05,0.0003680906613629,0.000158487991163
478,0.2050481972898866,0.0070031988095191,0.1948843394865325,0.0150301237227913,0.1226484386836453,0.0563850822600721,0.0103082294077855,0.0034959188968148,0.160695136995205,0.0149843804968305
479,0.4995101977525747,0.0389979073775865,8.520139427796977e-05,4.585318924391185e-06,0.1620717479020837,0.0057277809671314,0.0001024448759513,2.2426288189129223e-05,0.00020604688045,9.37832257942323e-05
480,0.0019053323708411,0.0011445899388306,0.260554422430559,0.1047627227323556,0.0900857015524684,0.0200770377656419,0.0026547813592168,0.0011818194401963,0.0998183888325499,0.0192339161414157
481,0.0367829963656156,0.0028473261457714,0.3123213100776449,0.1356635160888087,0.0970648777610355,0.0373994823858567,0.0356053789784807,0.0025211356138376,0.3030792311549868,0.1283371387029963
482,0.4196967680962764,0.0497534083197621,0.0002629427567118,2.8931137687738816e-05,0.1945561593076733,0.0080659405000538,6.662431947608205e-05,2.25296412212735e-05,0.0003917187801945,0.0001075013824469
483,0.1430181569034587,0.0083733372420264,0.1618395314686893,0.0103220141821822,0.2292954490237655,0.0582776549445565,0.0114373427648343,0.0036843720652113,0.1566877982465344,0.0102960113994452
484,0.3049079677448256,0.0113504884488727,0.2199098268737049,0.014329855547378,0.1802521267635921,0.1022341870976444,0.0170703328595058,0.0043992907831064,0.1843001015663423,0.0142772143594233
485,0.2295038937931024,0.0099778075302908,0.2903451022140487,0.0112733166967532,0.2299399531428307,0.0435044743330818,0.0143686443075313,0.0039210509597741,0.2373277917069289,0.0112331423487958
486,0.0931549856278265,0.0062696283885841,0.3112876046610298,0.0630567018997306,0.1650370609349021,0.0688550110216429,0.0337529487663349,0.0044018909531237,0.2873253947488191,0.0626131358233356
487,0.0017344357651436,0.0002748674147778,3.8504940643891823,0.0054948530928945,3.833132078387836,0.0034577703159909,0.0045172348323535,0.0003767267644054,1.6248313743784877,0.0046156447794569
488,0.5424921751610325,0.0177698239084844,0.0001472942325065,1.9793118349948448e-05,0.1375156811585282,0.0163624609140662,0.0001066676183301,3.026285363691953e-05,0.0003750194994685,0.0001433671816071
489,0.5077979488407204,0.056527593216391,6.357383705655971e-05,6.4734623977383245e-06,0.1435733345246015,0.0080735990810948,0.0001051180563578,3.0015705983235684e-05,0.000345612219512,0.0001063722665643
490,0.157416674555573,0.0088439481079002,0.1974809143767115,0.0078568307967694,0.1432759861388589,0.030032580710065,0.0110236418400746,0.0031443629168349,0.1846590015094125,0.0078449298324698
491,0.2556057625505419,0.0081630331920997,0.169998800364318,0.0174753267623675,0.1446045906870715,0.0597612701567578,0.015781921255906,0.0044714989818739,0.1657195109204079,0.0174429244292916
492,0.1604855827787438,0.0072599999720211,0.2597177110434146,0.010772369510066,0.1636153435576603,0.0820838707769149,0.0129874824665058,0.003459736186632,0.2420160524393971,0.0107521019522786
493,0.1837828063459433,0.0092108787659416,0.2185658881664124,0.0136218519186355,0.2434002045841408,0.0913552911462888,0.024253057993021,0.0041182448657662,0.2013782211429824,0.0135596292849597
494,0.0013518581199798,0.0008458321727423,0.2121681598239448,0.0753254217503854,0.0600060965975639,0.009274205251961,0.0015282690078406,0.0009177135203413,0.0644416601621229,0.0090418251055402
495,0.159639849672387,0.0075596530121662,0.1609211053633517,0.0127122616655732,0.1958300068242463,0.0828951662881003,0.0099183058536026,0.0034571852967458,0.1561494498354408,0.0126782176151376
496,0.2169183972056836,0.0095883525137281,0.1835786562661979,0.016484342886865,0.2229308647951638,0.1197626148188303,0.0210104079576657,0.0050237219681407,0.1386135410469393,0.0164432134180374
497,0.5067005444652887,0.0417263620628601,7.707807243424599e-05,4.229380792346662e-06,0.154551362700616,0.0046721226996161,0.0001082452761804,2.2045959404579568e-05,0.0002295537158061,9.058987837004527e-05
498,0.4418568947888351,0.0368540206312934,0.0001185460146029,7.361975545633942e-06,0.1680507586639055,0.0066815871561318,7.177461096756092e-05,2.502710557136316e-05,0.0002644498605298,8.058373182924591e-05
499,0.2462976514935077,0.0077872698320148,0.1335719041218856,0.0121344193673345,0.2319190813718262,0.1255116113367437,0.0131192386152351,0.0038663253823381,0.1212042818962051,0.012104237210008
500,0.5492750949111896,0.0222047540519171,4.314313425080266e-05,3.7556822584776153e-06,0.1270838724911327,0.0131065395141644,9.629552497738056e-05,3.749343163363423e-05,0.0004112421039799,0.0001566983668014
501,0.3896996234892057,0.0071221552528811,0.2558981036651608,0.0154202029166633,0.1305901862497802,0.0547484730667128,0.014896851477004,0.003827438862764,0.174478572251318,0.0153862056212644
502,0.0015454779954779,0.0009783152585937,0.0258301268814372,0.0050511867925431,0.0187901715194622,0.0053359865266749,0.0013425724913476,0.0010213578520317,0.008776063675756,0.0024945266244156
503,0.2774413423624625,0.0057866806575302,0.2458962635996724,0.0189772882923191,0.1257270574164665,0.0432646376141139,0.0143892680582,0.0037281894585333,0.1605451878726828,0.0189325993096185
504,0.001606082611306,0.0002748567856407,4.715929310468471,0.0054215731824482,4.704783449671524,0.0033862064741645,0.0042263730656677,0.0003812097469536,1.914466249294496,0.0044040743834165
505,0.0116512804070697,0.0025582437725047,0.2787505168403903,0.0834269532968911,0.1215038884026461,0.0409400628597791,0.0111517509057494,0.0019625443137921,0.2482347022751385,0.0816216669404511
506,0.4845311331808788,0.0126641573185958,0.0060241202166428,0.0015038553789938,0.3746191320942121,0.0255153807876303,0.0005860974574622,0.0001594594356893,0.0059441637617138,0.0014972595064367
507,0.2474559705147838,0.0064418972466855,0.1968925218454549,0.0379111888469348,0.1452925845864089,0.0679694325445083,0.0186584329778789,0.0043592517689749,0.1845611003083381,0.0377902083148832
508,0.001526216245441,0.0002723888346089,3.974835777954234,0.0054202235226007,3.964371543761866,0.0033993033253573,0.0040255936041695,0.0003789639018017,1.6585493528876885,0.0044491081366491
509,0.177139966634568,0.009285476972788,0.1724756822157379,0.0110839535497121,0.2041032917994216,0.0488709514675512,0.0153177384885105,0.0039666193462827,0.1241380368100103,0.0110443982296606
510,0.1246498205281387,0.0059899808337322,0.1799901055563784,0.0481387423971447,0.1267924847602608,0.0531854822324537,0.0299004665652912,0.0038204841798242,0.1545784324665274,0.0479015189944663
511,0.13733150462451,0.0089478614859032,0.3399429519890201,0.0095326692893707,0.2389640032864316,0.0772840198909306,0.0113640262959094,0.0032458672839015,0.2952062762390059,0.0095127173000436
512,0.0007741814262628,0.0001760052441761,0.0291640456447204,0.0046080976555349,0.0169813650739177,0.0018197446533766,0.000795232595442,0.0002200789555096,0.0076928137672172,0.0011386638629653
513,0.0027506269857407,0.0024664659435712,0.0973289169500558,0.0103433380818833,0.0409499068128015,0.0136971367871596,0.0024506989650309,0.0017634487044587,0.0309955131116721,0.0062455881641286
514,0.1615710106068268,0.009805569289275,0.2066199759261355,0.0083790738370056,0.1679746694586862,0.0306530004539209,0.0123933370289919,0.0033175973941603,0.1663298679498152,0.0083482305528348
515,0.4847521279718248,0.0443181892991603,9.53039870883583e-05,5.043933778509398e-06,0.1642177375558684,0.004320674221081,9.310816915386376e-05,1.713902771414284e-05,0.0002308230191973,8.642262380883534e-05
516,0.0026085312943729,0.0019942125150529,0.5754627170288249,0.2872669096559758,0.2740609619569076,0.0642476879516333,0.0037741535961471,0.0016462025975601,0.3971045021164731,0.0923494990680763
517,0.2147496069971256,0.0102847543617623,0.182507442968601,0.0146013553322245,0.2475068561194317,0.0937505562712613,0.0165645929052802,0.0045747706100814,0.1714034823223001,0.0145545278133295
518,0.3518727017398386,0.0684090700374633,0.0003376039072123,1.5243053446194124e-05,0.3166586105115909,0.0042333824454556,3.6485863056719055e-05,1.8142273311776704e-05,0.0003384547779734,7.482211170847618e-05
519,0.5049693618003006,0.0300475483115108,7.794801877011848e-05,5.280923272239973e-06,0.1538814971092546,0.0124401621164246,0.0001517622138058,3.7443141194042834e-05,0.000344554914628,0.0001117019032971
520,0.2290426991192418,0.0095338304782641,0.2368371525472978,0.0084205609638276,0.2573209436412714,0.025223425165826,0.0123444148325849,0.0030616908110957,0.1301705910514081,0.0083835787432732
521,0.0007719089011466,0.0002731542558662,0.6632743049070949,0.0053898651833408,0.6592775204222564,0.0036181446782711,0.0022567641279521,0.0003768084119239,0.3455148211242142,0.0044811260485522
522,0.0020566672530635,0.0013633649437972,0.1186966479473822,0.0232485419455217,0.0292406515887212,0.0090241705134475,0.0017049242836074,0.0013006026909941,0.0291851065708394,0.0055419963149868
523,0.0017004489004847,0.0002666440989187,3.845784392354946,0.0054829563862951,3.832141464508336,0.0034390410450593,0.004437193916952,0.0003666921910852,1.6341972571800731,0.004544488424109
524,0.2162278373009346,0.0091338422548983,0.1837505485346081,0.0096244447054635,0.1898170978187879,0.0482320777660973,0.0117052775341694,0.0034689930767754,0.149159092300361,0.0095966394215493
525,0.0113061001559614,0.0021021167799568,0.0025070169250491,0.0010242879348997,0.4512473784808355,0.0037504744299723,0.0001298370382597,4.424180087402684e-05,0.0024387606676626,0.0010167633682502
526,0.00128782863853,0.0002750156941988,2.4111551912887563,0.0053797380599795,2.405787022237089,0.0034658398299626,0.0034628843439368,0.0003834377066295,1.11358392147493,0.0046060814413797
527,0.3777857846933314,0.0070117141130394,0.1727423057152602,0.030526001459518,0.1315519307256185,0.0517841315957171,0.01536493593878,0.0037433590373887,0.1605676107849908,0.030430701128953
528,0.1664106495160632,0.0074523546477849,0.2407511975807253,0.015029900255769,0.171891771094099,0.0802004903761018,0.0171269776466834,0.0047656304251791,0.2146210426118372,0.0150121265936283
529,0.1649334012064771,0.007570668039912,0.186347628059687,0.0105646446469669,0.1392637267726373,0.0664061163141039,0.0109552742674925,0.0034203787417995,0.1206599612294227,0.0105372573614369
530,0.2599195303833005,0.0100742083670394,0.2030021444042212,0.0092104366629952,0.2353739202360547,0.0273617947014972,0.0121313119325441,0.0032043822854007,0.1652029005249834,0.0091724015362549
531,0.5615667012476737,0.0070947954260663,0.1689753849050991,0.019468872911748,0.1471692034765872,0.0695168514686762,0.0127489404582112,0.0042173780851709,0.1620833608823991,0.0194461025994697
532,0.0007319310981393,0.0002720863708546,0.525274966953673,0.0054059498757694,0.5211147262838915,0.003620342724361,0.0020921003440752,0.0003765062777777,0.274429559274579,0.004271929402313
533,0.1042988842375187,0.0076270489491572,0.1459655786940732,0.010398302949676,0.1885941216715264,0.098831228051984,0.0135363826698631,0.0031990918846756,0.1269936373020736,0.0103544165948293
534,0.126809018877149,0.0080201402995729,0.2945941490931478,0.0893928582476901,0.1617199053472044,0.0814310982127664,0.0460130708493388,0.0051556993186287,0.248388359211487,0.0887423598656041
535,0.4353840622295251,0.0333458012473844,0.0001251815714772,1.9062372978870677e-05,0.1840433303784049,0.01478979953239,6.064320110808585e-05,1.3642667953194858e-05,0.0002726157085837,8.99493813101364e-05
536,0.1596454881552071,0.0068220755577067,0.2198541225210383,0.0203600543876455,0.0961782163367036,0.045299212480346,0.0127701869159354,0.0045113064664626,0.1212163875347987,0.0203125221882777
537,0.3300148118630391,0.0092577174358043,0.1055906471910765,0.0173278846458078,0.248009579694985,0.1275227131257385,0.0152699912076289,0.0042977266291603,0.0913103805591994,0.0172406959743871
538,0.3677432360238534,0.0703386720721377,0.0002447139987973,1.6950515982579324e-05,0.277791849753764,0.0082332589996924,6.210976005962282e-05,1.7143438148737972e-05,0.0002715189544619,8.152118924988774e-05
539,0.0142248372663684,0.0025871373751174,0.2395026985804642,0.1355784962567628,0.0770492384550718,0.0374850645035706,0.0140650528056888,0.0018980081694176,0.2334614813372375,0.1287357117359046
540,0.3913121189631384,0.033647825709377,0.0002750177359006,3.091587230389798e-05,0.2463903641641797,0.0083541609445928,4.279173028019878e-05,1.5320492179038298e-05,0.0003093081850703,9.083088668374456e-05
541,0.1391302300124147,0.0054503377529909,0.1492810046049976,0.0281026306254438,0.1086193318821233,0.0530109144700293,0.0126654070576193,0.0041043323906326,0.1292464690610179,0.0279807035402901
542,0.4860330006937464,0.0334273601970002,9.284728591447364e-05,5.082523836846065e-06,0.1610724082365759,0.0050978665257275,8.888490025075346e-05,2.0680419701727103e-05,0.0001956457098598,8.245594387646658e-05
543,0.1338243612055659,0.0067031041991368,0.1813867612312543,0.0133580831777069,0.1237717897446241,0.0602856793171234,0.0105418712081237,0.0034401763595536,0.1538867370542411,0.0133174290155476
544,0.1918347476151552,0.0136897292038482,0.0011549047579654,0.0003039774305332,0.2683935980200329,0.0418256836439138,0.0002728463184923,5.8339937810109305e-05,0.001094947190389,0.0003223062720043
545,0.1309551539313376,0.0088402633192269,0.2473335193649337,0.0100307031161236,0.2246108814798645,0.0557043323443928,0.0159402000575858,0.0035126199708975,0.184064301411949,0.0099849684433658
546,0.5249241027217643,0.0239563197380879,5.658501689566107e-05,4.359916187320033e-06,0.1439801466067127,0.0126780199136568,0.0001503951424823,4.342205707414511e-05,0.0004022532683631,0.0001387079146213
547,0.1708512451753998,0.0095188288429578,0.1952141358805869,0.0082305603935719,0.2133647905390799,0.0268288666130019,0.011085568599864,0.0029575772433119,0.1748984860093648,0.0081981746877904
548,0.4434396051444794,0.0469894692120451,0.0001334953955982,6.797058212917527e-06,0.1862114316549837,0.0035422834897288,6.313089753454941e-05,1.2914965051992932e-05,0.0002675726462237,8.053757877089095e-05
549,0.001315298212379,0.0002723009516517,2.4732534438501794,0.0053665256751552,2.4674342016453608,0.0034171430744714,0.0035355830781092,0.0003789776509017,1.1120847744336328,0.0045072956174312
550,0.0059227719504085,0.0023949921964033,0.3121932827102971,0.1290918649851369,0.1547925351966166,0.0645457445793995,0.0071463849075841,0.0018807396940207,0.256816903636317,0.1194322509378541
551,0.450597967986032,0.0076444456003544,0.2695807778938898,0.0182195178548445,0.1501171186165821,0.06808454861545,0.0152715770979775,0.0044095026832642,0.1951027026023589,0.0181815624948033
552,0.1337895197360102,0.0080565378727854,0.1633607736287213,0.0130033446734395,0.1832672027102794,0.0659565893995691,0.0115546586905266,0.0036698281403212,0.1199301986198416,0.0129713826706586
553,0.2486277950766455,0.0088409993699029,0.2608548520579378,0.0118802391057077,0.1742573286638506,0.1001091969942281,0.0128041149906082,0.0036514961891762,0.2467397617403644,0.011843531828955
554,0.0129343801834326,0.0027572118562791,0.1590807887333623,0.0339128448897635,0.0933376127088661,0.0417683892603683,0.0097139265812251,0.0020449372506436,0.1377875202196923,0.0336364085559285
555,0.1029178863169635,0.0050550229385784,0.2255731457722952,0.0384687266518693,0.1044130507331631,0.0471198817638478,0.0205625445412111,0.0036507053114007,0.1353332137617797,0.0381903289160938
556,0.0007287623901088,0.0004200519129089,0.0251830854355689,0.0047023895946946,0.0154101415396758,0.0045229053600092,0.0007112041473011,0.0004876177548545,0.0086112813012041,0.0024617240176306
557,0.4312353034931006,0.0920826653404108,0.0001292437514538,1.150151994173894e-05,0.1860792991050585,0.0058969687816868,5.986990286445442e-05,1.734456673337476e-05,0.000357274876197,7.936983862764063e-05
558,0.1620883159247787,0.0286112276396548,0.0002270103002426,5.89454963824872e-05,0.4781558667035516,0.0135433143287248,3.6950758753717296e-05,9.670545843652623e-06,0.000438052991503,0.0001123995896746
559,0.3778353746531348,0.0360264851577136,0.0002201394260947,1.277121343202534e-05,0.2665872607380321,0.0073091008734345,5.437263506517664e-05,1.569488427412291e-05,0.0002753955258901,6.889868804337565e-05
560,0.0315053605728199,0.0036624484014879,0.3842706115539063,0.0574351689167463,0.1927431473136001,0.0640933350172389,0.0203228247234298,0.0029082393508101,0.304459015074905,0.0569564520261672
561,0.1581534476137161,0.0082759682626028,0.2098549721892713,0.0103503765951013,0.1917612453684808,0.0883354074385127,0.0130744305476858,0.003654457119016,0.2032997675046028,0.0103364462502316
562,0.0009795695185532,0.0006336977918165,0.0246584176808955,0.0039088199397557,0.0146287665611102,0.004170940581167,0.0009717090461256,0.0007062189609365,0.007012119236687,0.0019897811663937
563,0.0015161534705296,0.0002672566158415,3.799516896736847,0.005357675020129,3.789587248279097,0.0033873955616615,0.0040062396063823,0.0003722723170036,1.5995401927742268,0.0044079291783658
564,0.3532160744785421,0.0061581476414446,0.2419137724672726,0.0198134942894781,0.1146317114926817,0.0546939760051734,0.0132664849091201,0.0037736351704295,0.1465920575132571,0.0197788969743378
565,0.4369526489137721,0.0352079555771668,0.0001343149636968,7.308751566495526e-06,0.193197162618655,0.0047409891561946,5.711346153620662e-05,1.430107728223925e-05,0.0002508701043419,6.883506163415722e-05
566,0.192190167525574,0.0077466854273322,0.1581355460833548,0.012100955027427,0.2415579498581931,0.1346667292036207,0.0125823896017847,0.0034355858158043,0.0997306049943793,0.0120502825693659
567,0.1258151337904863,0.0230121113524489,0.0003762374500629,0.0001028182960598,0.4901031070032475,0.0124130695624812,2.8814910179912347e-05,8.508596494824302e-06,0.0004090552734087,0.00011947057421
568,0.394962861507891,0.0082600648562205,0.1617116659396005,0.0191121418975254,0.1526419085234058,0.0647639178763522,0.0201284846139973,0.0048545157989365,0.1393396972203439,0.0190576242582233
569,0.5156947332105217,0.0275536319509395,6.461217121419783e-05,3.879744207642449e-06,0.146058926933662,0.0087887766138811,0.0001139012388227,2.950221713174446e-05,0.0003605087273338,0.0001214285462177
570,0.0076935325886212,0.0026392623843098,0.2516588569789868,0.142200178548927,0.0929283494185814,0.0561876267143202,0.0083642795932393,0.0020481255001911,0.2350152878888514,0.1312932063930066
571,0.0009821869696173,0.0002743824062949,1.0375536519389053,0.0053955828452555,1.0326158868152653,0.0035087536353907,0.0027561969399477,0.0003814370071602,0.5098174065667493,0.0044287072393314
572,0.4256598958364814,0.0390351111782462,0.0001574378483055,8.061713798300718e-06,0.2148000659549686,0.004565625483548,4.944936933603295e-05,1.4418050245664876e-05,0.0002707168926884,7.32266451090694e-05
573,0.2464665685191521,0.009548572899526,0.1859564982107661,0.0102537026861412,0.1987211706280002,0.0566932034722372,0.0185849111915435,0.0037408550082621,0.1266663212641279,0.0102177465749561
574,0.0029971770439593,0.0025577636097222,0.089319324371033,0.011337752649396,0.0339223563688213,0.012933750861274,0.0025584775375085,0.0018312972111601,0.0257593847358679,0.0064142109414179
575,0.2614874962160509,0.0078561645473936,0.2424487372475771,0.0197595683447665,0.1557928811035577,0.0694344608165588,0.013598272858531,0.0040372368912974,0.219239025862991,0.0197123641223559
576,0.0348322234114729,0.0073789451389132,0.0022553462512407,0.0006751093097835,0.2909499592027225,0.0044458266850576,0.0004068966150416,7.456454371220053e-05,0.0021968220020974,0.0006546334936715
577,0.1548554128198952,0.0073037076005581,0.2370153328189479,0.0114336535413893,0.2599860800398869,0.1084157901604832,0.0112337826500682,0.0033619269529947,0.1592658471625335,0.0114055281072406
578,0.4708729983619864,0.1067278333006963,9.019194681142277e-05,9.945802455445622e-06,0.1619746958340154,0.0066089243904547,0.0001038856080904,2.1898324672790937e-05,0.0003725506362728,0.000101016785272
579,0.0007352654179426,0.0002823989317933,0.1950680447370973,0.0055623943857629,0.1917817274349202,0.0039920784659819,0.0014005522455757,0.0003818632662876,0.0824203834305176,0.0034060692643857
580,0.5368161658815968,0.0241032153630414,6.002385290293579e-05,3.4473651370355723e-06,0.1443092333452559,0.0072441561010772,9.812801595592532e-05,2.271603666216047e-05,0.0002482055949306,0.0001083270812097
581,0.1785616758641052,0.0071688409043956,0.1641881139322485,0.0084936006670135,0.1594249123689522,0.0806390145894685,0.011151408094374,0.0029452438319201,0.1355334248540541,0.0084705417118343
582,0.5272855435237134,0.0377292638552172,6.234229791305168e-05,3.425995905351607e-06,0.1448469286286915,0.0061097745666955,0.000114134722552,3.273767022410653e-05,0.0002103666594625,0.0001078100968074
583,0.0019267987846088,0.0013786844758777,0.1156498613394611,0.0257458627617234,0.0288623182849961,0.0080255994003552,0.0017132954707936,0.0012882545453909,0.0284931808528664,0.0050956639781378
584,0.0036953654615416,0.0015487503817821,0.2436293735077415,0.0862424028430641,0.105704462717686,0.0382764209203331,0.0055136998123603,0.0014059936790195,0.1643528596828449,0.0727875000851117
585,0.0020738436040169,0.0002711826751947,6.674253995214281,0.0055800525299372,6.627957823364728,0.0036572122398789,0.0052674344077206,0.0003697332554012,2.499572904957557,0.0060747326580216
586,0.0296979832550956,0.0032483698664687,0.2200172965804922,0.0277391049131514,0.1078805997266497,0.0517074705274936,0.0147188977739717,0.0028437538822554,0.150392690487755,0.0276530762527274
587,0.1975831431614618,0.0080873377818961,0.2052674487158922,0.0157838115145485,0.1714657022762226,0.0872395802843354,0.0119616207650771,0.0039843180143505,0.1556634219608614,0.0157323415732129
588,0.2805638309146464,0.0100815366834335,0.3298425188048814,0.127360525765555,0.2277293147738204,0.1183207703256089,0.0662212227360122,0.0079007368259703,0.320674056751216,0.1265868097768792
589,0.1882064467438209,0.0100490599714172,0.1962900943094787,0.0137543873805376,0.2617843509384759,0.0807844286994864,0.0225000524889391,0.0044417597474262,0.1321582589926994,0.0137034212661906
590,0.0007867708687634,0.0001246506246931,0.0285430063400813,0.003863855891793,0.0068485479231713,0.001516595310736,0.0007212667388534,0.0001553114861416,0.0073792582418798,0.0009204259285083
591,0.202603818608648,0.0086448139349765,0.2280521391194177,0.0126432504522091,0.2169456102833661,0.0642004026015474,0.0149857753711745,0.0041405606391477,0.21756010980786,0.0125967445864112
592,0.1004721367866896,0.0052158934591833,0.2739750980517905,0.0541015280966737,0.1321530744052212,0.0607711555112209,0.031154977005181,0.0037295490247023,0.1432805732939168,0.0537067403561932
593,0.2454503212435598,0.0353990972976493,0.0001222587525098,1.2807217427937652e-05,0.467046145456349,0.0047676040139233,4.433568466601708e-05,1.0894790577767049e-05,0.0002478423744605,8.365932786409872e-05
594,0.2526863616650933,0.0102740454335389,0.214199700955524,0.0235224903656131,0.1754443537178208,0.0880947393262778,0.0254166457094703,0.0051740204392818,0.203353921860406,0.0234343422165799
595,0.184822888103973,0.0076784224261727,0.1697000394303225,0.016819635848079,0.1455416857712671,0.0683161602564714,0.014769309296268,0.0038808368314536,0.1268642305392139,0.0167762101793124
596,0.4760853534551217,0.0826983450688977,0.0001078827532752,1.451422070914892e-05,0.1617052682299712,0.0058331256882664,8.87345521326837e-05,2.27603769128886e-05,0.0002586369450684,9.45314736748201e-05
597,0.0007442774161862,0.0002692217366126,0.1453923161065185,0.0057791618457361,0.1419964890969801,0.0042530073536479,0.0012081632793602,0.000363396587256,0.0459226856277422,0.0028990976875089
598,0.0604186150932431,0.0049016923147937,0.3383544372596605,0.0276198922658027,0.1466147613302905,0.0436596791250303,0.0153514723014318,0.0033226717833453,0.3215025082998283,0.0275740773663939
599,0.2143663592770902,0.0064684744382836,0.2010345944985258,0.0148496420865787,0.1529999435552661,0.0732122349846955,0.013230530273579,0.0035819801430414,0.143206460005048,0.014809140460963
600,0.1265857851536574,0.0079895802400002,0.2499183828638868,0.0104539133954365,0.2082733103103858,0.0654441774985194,0.0133126674308157,0.0035848687340497,0.1138128189137599,0.0104383529145516
601,0.0015736290049533,0.0011393658265767,0.023109582495744,0.0058712705862071,0.0218320099385746,0.0067195294860351,0.0015287769216324,0.0011409481010444,0.0105378159628141,0.0031887114880852
602,0.0433319850141325,0.0088259590282863,0.0056921551966818,0.001093535437979,0.4261991696286489,0.0038417557758074,0.0012225349636899,0.0001673214131618,0.0054391122523158,0.0010678460857305
603,0.050796199030438,0.0039458921417672,0.2504748620740252,0.0811121017230404,0.1310963780969869,0.0555503710544094,0.0319176498329603,0.0031783916439583,0.1664385064828628,0.0796683708177131
604,0.0014597196732873,0.000270079480532,3.617865431272723,0.005399132382784,3.607406092912272,0.0034012203721098,0.0038708057346585,0.0003762929965608,1.5421464382416576,0.004442558146216
605,0.1393737385465931,0.0077109803005806,0.1558392206039182,0.0147719620253009,0.1640017767229342,0.0769002389989879,0.0141889489414348,0.0043104170412083,0.1458422660303857,0.0147441512939786
606,0.4532511749780649,0.0496526515457503,0.0001212717003996,6.331228962747124e-06,0.1681536155007066,0.0031552216357459,6.932993440941674e-05,1.3301795864508689e-05,0.0002378195022514,7.234228144814882e-05
607,0.4998611508644973,0.0409373329374359,8.230754290570554e-05,4.496356238744119e-06,0.157616748441365,0.0048757230163122,0.0001038957054071,1.967228220082713e-05,0.0002344209269869,9.113110336013872e-05
608,0.1476148656549011,0.0090199422582569,0.2037282223721576,0.0089796375785889,0.2701544853837547,0.0539685821813389,0.0118885963031512,0.0033838460029087,0.1906857408683457,0.008957387429683
609,0.1626767928305931,0.0275975568834683,0.0014609866012087,0.0003044128855212,0.4641297936105161,0.0063241232080694,5.554354217165454e-05,1.7005234806719438e-05,0.0013576561417098,0.0002840863635546
610,0.1963092913412697,0.0101229513709969,0.1644145094706478,0.010902274720012,0.2381702797326699,0.0413342049876999,0.0149976128761161,0.0036545774764031,0.1531991818619445,0.0108577550744158
611,0.0042454535239045,0.0008795993809933,0.2106395767841037,0.1123918474004216,0.0767843374913622,0.0265881773253042,0.0076434719835867,0.0009925576909523,0.181431382300215,0.0767513435219165
612,0.1596477054784759,0.0082763445931221,0.2307956585099119,0.0118235749037195,0.1816146747129701,0.0700044784789424,0.013183231722973,0.0034921599845722,0.1540341096733493,0.0117814525844015
613,0.1583021715458915,0.0092982053854299,0.1879413879444012,0.0099932601095094,0.1816510052681186,0.0756148873727151,0.0124393041948632,0.0036055719726267,0.1828447230863437,0.00996369123229
614,0.2218707955659988,0.0084490561956891,0.286238040677064,0.0114403756353253,0.1743855386121619,0.0855498600115748,0.0105227810610714,0.003735087976133,0.2547185590428119,0.0114068903108616
615,0.5539517806689296,0.108248573128551,4.9384273365846405e-05,6.47053138133356e-06,0.1272114492461979,0.0080561056840925,0.0001267750074092,5.596001393138225e-05,0.0003349652771407,0.0001550506411071
616,0.001359480231063,0.0002697065103449,2.66289881209207,0.0053747055797882,2.6551180923487623,0.0034164313789736,0.0036342291245357,0.0003760162115366,1.1832916783129828,0.0044667043676638
617,0.2869551177656566,0.022250176865946,0.0043991222803092,0.0008147669072938,0.3609734358617573,0.0270833054428658,0.00076293639274,0.0001407100280637,0.0042798061152111,0.0008133419514611
618,0.1669176222325163,0.0063657576983468,0.2022243094631769,0.0155090634108763,0.1269962843515856,0.0343791382854171,0.0112262771173734,0.0038996018605355,0.137491779357677,0.0154760792350105
619,0.1291721783104293,0.007506701596658,0.2066930608468671,0.0140772123221705,0.1640625647454699,0.0784665770270606,0.0132832600220172,0.0039310170569196,0.1758786607613723,0.0140533468225994
620,0.195220554153852,0.0091507899661637,0.2169327023241844,0.0124087574990992,0.2089651813844044,0.0706352640920914,0.0139237635308405,0.0039337364811534,0.1920821840056984,0.0123794198467828
621,0.148525565935557,0.0068933701279764,0.1921675430292315,0.0141557161374183,0.175988306574976,0.0711227775539357,0.0114394867090175,0.0038615360960833,0.175837672865232,0.014133423161966
622,0.3006968289056615,0.0084142404150953,0.2029442841106899,0.0123938029311968,0.1812629965516226,0.094602022899407,0.0202039915628966,0.0036705974760423,0.1915702069092125,0.0123358923037821
623,0.1557244632272647,0.009779691168502,0.199903065120129,0.0090974704939883,0.2021524935652646,0.0345449246165041,0.0150950810736889,0.0036442131593997,0.1830357528470656,0.0090735542353016
624,0.2214913587166735,0.0071242075216007,0.1753539853436326,0.0148482164190524,0.1685644926845753,0.0886380615726013,0.0146909414048307,0.0039983068627255,0.1556144385274139,0.0148159730874337
625,0.202484321031286,0.008699681776185,0.1783493673957172,0.0095758009249487,0.1458030546554403,0.0603034754991303,0.0106245684789794,0.0035450426873683,0.1590185862371234,0.0095550264363685
626,0.0019667622327658,0.0014522108432038,0.0256031443777676,0.0057585906520312,0.0273789737694073,0.0063916149397312,0.0017367603557333,0.0013295426645018,0.0102032785147647,0.0032554597921702
627,0.4898974748970285,0.1036737280863666,8.455857131721404e-05,9.483648605657776e-06,0.1597766797191784,0.0070973079887192,0.0001008326170832,2.320690819754252e-05,0.000281790627123,0.000104021395284
628,0.2588707107464553,0.0088307845223227,0.181501651875787,0.0090457849419311,0.2458037402420504,0.0421282025596469,0.0138750738571495,0.0032815377268114,0.1131457099142737,0.009017071130205
629,0.0010943204645128,0.0002641218662095,1.4412346577939734,0.0053801581355311,1.4360831005018757,0.003473520586225,0.0030150454886493,0.000368750830803,0.6835493473046508,0.004572472440347
630,0.1842623500098953,0.0090496488596827,0.2011871354823619,0.01246424837533,0.1405501839229296,0.0671258935453262,0.012889115256634,0.003691677749197,0.1695320707405722,0.0124082164499674
631,0.4841400420070368,0.0354674682750412,8.405344421994372e-05,4.886415388985312e-06,0.1583929084599767,0.0053442625046908,9.600025410596876e-05,1.982344641319648e-05,0.0002156395406644,8.747402043687235e-05
632,0.094596127882656,0.0080526289864914,0.1931481393266456,0.0091020044674431,0.1819950321591547,0.0828738596246625,0.0122776353663287,0.0032496392326035,0.1716324202190427,0.0090860637251435
633,0.3857984425832166,0.0499546631539166,0.0002395739108436,1.1484569479976194e-05,0.2667899161487738,0.0036205582558456,3.179950662563673e-05,1.1086725730329148e-05,0.0002974629424641,6.867994193186088e-05
634,0.1262892524532778,0.0231779279538442,0.0013059939813467,0.0004085897030659,0.4007413218870871,0.0069794456247565,0.0001417066931016,3.012784822593485e-05,0.0012259992396401,0.0003905988466239
635,0.3856674384889464,0.0657769018614621,0.000242978056065,1.160714165087666e-05,0.2703813738813497,0.0036599051664955,3.62533284440225e-05,1.549340176401844e-05,0.0002939380403297,6.891974081623753e-05
636,0.3038896217315885,0.0097516681273536,0.2978736308072962,0.009130289335383,0.219033375430832,0.0308110300028091,0.014828892606395,0.0032468987720451,0.2137822104120651,0.0090948863829998
637,0.4114357890371515,0.0066684663854339,0.1509028631548085,0.0166943262201366,0.1321367949355161,0.0606780843964521,0.011758834171922,0.0037442214723662,0.0802085800233142,0.0166648499520707
638,0.4391417618923611,0.0589408538145617,0.0001524040424802,7.551395064629922e-06,0.2081553939890965,0.0032749719184924,5.220002305749147e-05,1.4844760316905716e-05,0.0002559110814752,6.547722215541738e-05
639,0.1069341445728583,0.0073115066643226,0.3133794357448584,0.12983716317337,0.1823418090471262,0.0833850861824503,0.0437012940366254,0.0050201085921381,0.3031395964154107,0.1286465224177558
640,0.4973011846076848,0.0924856013259348,0.0001052959763405,1.4766584519750004e-05,0.1519178878345951,0.0074588423939145,0.0001069849458601,2.8536857167172103e-05,0.0002838744344798,0.0001123537005273
641,0.5468176927257966,0.0344003645264141,4.767467681825843e-05,2.646549935932549e-06,0.1373309105410646,0.007367979925193,0.0001096416430667,4.250389334578276e-05,0.0002783062163291,0.000130160891418
642,0.0013938705937671,0.0010506428638234,0.024801484302824,0.0050626929560402,0.025108322696674,0.0055438144843694,0.0014330668407602,0.0010447420650425,0.0096230942245238,0.002812000830746
643,0.2433066440822739,0.0094458290305957,0.1041161264675413,0.010431687317875,0.2083327840511039,0.0799297668849663,0.0154397670866689,0.0034795020723771,0.1016367005652829,0.0103922570838836
644,0.1372957241783667,0.005856995184846,0.1416338530718974,0.0278779762221139,0.1074763534204137,0.0371750205973018,0.0123669849653974,0.0040095443779138,0.13431891701469,0.0276923450655479
645,0.1685659351710991,0.0073806765802184,0.2056282435902297,0.012726518246814,0.1929175655386141,0.0907871060950574,0.0079666263046938,0.0032750733872926,0.1805102415404771,0.0126874305090332
646,0.1445185143815211,0.0072455975489381,0.2447104032685402,0.1320518099506254,0.1793012727206294,0.0739872339524111,0.0592126008165947,0.0052030839880077,0.2433399410740176,0.1306248395539013
647,0.2419179419399957,0.0127221189653541,0.1468542173754709,0.0185885188837489,0.2187373025562838,0.1103852619003148,0.0270488683831161,0.0050223931784312,0.138821376569022,0.0184765596609954
648,0.0016607613435649,0.0002697182414323,4.397447052296259,0.0054455051270623,4.385368324163711,0.0033931914053514,0.0043507811228176,0.0003726441080621,1.8171530405388203,0.0044499579608586
649,0.1521436689683973,0.0183246593345939,0.002830041535804,0.000733838971617,0.2670575282986195,0.0125677559130756,0.0001354178428937,3.818810684793304e-05,0.00278670249098,0.000721336229945
650,0.0007553788657854,0.0002658682092839,0.0282480844908739,0.0053729351976719,0.0246652490032534,0.0028701863883401,0.0009658963440748,0.0003478779641057,0.0090915211761822,0.0017510436868203
651,0.0007433893004999,0.0002694448467933,0.1431535516047956,0.005790502052453,0.1396526933254134,0.0041733715665884,0.0012157953130877,0.0003638935520052,0.0451373609971409,0.0028823692196727
652,0.4970837034758426,0.046537300627306,8.670739986789298e-05,5.202459846955547e-06,0.1598791679896642,0.0069921448011007,0.0001107393157412,2.655496452082752e-05,0.0003881400400264,0.0001052249957711
653,0.4359452029147941,0.075191248469998,0.0001271966429472,1.4708757642561672e-05,0.1860381668562338,0.0067309145889359,5.965879263135852e-05,1.7011233875397134e-05,0.0002823829067505,9.637137517443768e-05
654,0.2420158545532065,0.0082098778790084,0.2075882156677186,0.0147745802247618,0.2242250525666881,0.1133088576552215,0.0154509496590752,0.0038280196581723,0.1874868497087971,0.0147244616526323
655,0.1593802491988356,0.0082992513710891,0.220122644205474,0.0086423101438518,0.1652963655581044,0.0634143614697318,0.0113224571695899,0.0030738996874124,0.1994849166202902,0.0086223882498627
656,0.2717547857788105,0.0066820174667127,0.1763406987740714,0.0156039424920126,0.1392817119641266,0.0476690933444203,0.0118622781390129,0.0040605519136023,0.1570532345284592,0.0155740322537204
657,0.0077445021264561,0.0011328293111268,0.3191119522188899,0.1892916285327864,0.1257483864917027,0.0481506849507281,0.0127966151236924,0.0012501023646303,0.2870551547568353,0.1459910704760851
658,0.3628919091044782,0.065227219819688,0.0001302244388541,1.1828154718678593e-05,0.3015781025182925,0.006026687311113,5.71686518826535e-05,2.385090515740423e-05,0.0002190705683234,8.742715676104749e-05
659,0.2956853465835155,0.0079612500501283,0.2247833435194506,0.0194067335483491,0.1041641271816235,0.0519634902110527,0.0165113663591667,0.0045480102261755,0.1884489480474973,0.0193574142172816
660,0.186012461661782,0.0065218415388296,0.2211124094968318,0.018456362152561,0.0974490224060595,0.0397573764208845,0.0128105443987622,0.0040481768373298,0.127394320234857,0.0184058932422108
661,0.2672646250459641,0.0097106332505196,0.2624516221230751,0.0104150480639497,0.1727607016127532,0.0678962834498379,0.0181668355263118,0.0042833908194773,0.1736279675705694,0.0103895980684831
662,0.3947467932412134,0.0413617946882091,0.0001217172727053,1.6670643001128048e-05,0.2457188340909868,0.0106198081006457,4.345881572007513e-05,1.558755826585838e-05,0.0002682336634404,8.746567569435561e-05
663,0.1732541227620178,0.0117475122185242,0.0020405480599285,0.0004819858382994,0.3055323191588137,0.046839292637642,0.0001238700424216,3.588728471734931e-05,0.0019725068740769,0.0004647815668906
664,0.0015918737984118,0.0010963589989818,0.0794521323546927,0.0151888363257854,0.0249966346655982,0.008632417116904,0.0024598373975766,0.0010692334307994,0.0236678260033733,0.0047056466613337
665,0.2012567448275441,0.0113153481065354,0.1906010804626012,0.0103400092988191,0.1981256746736066,0.0271169281647759,0.0129882679793409,0.0036761232321647,0.171870778449987,0.0102918436342599
666,0.3114901406223411,0.0820472255353463,0.000555826023591,2.567808166272951e-05,0.4908324292265764,0.0048367627970336,5.220006737420872e-05,2.030490969894109e-05,0.0005573778699116,7.251105400870738e-05
667,0.2526777088427235,0.0078954965322375,0.3580115958832574,0.0529872192396281,0.1564312630818849,0.0729961264849885,0.0257940512755954,0.0051664117791323,0.2739629324291477,0.0527582016185554
668,0.1163189121315047,0.0192318068574529,0.0014021231419718,0.000415264333517,0.3353953430795886,0.0095316599322636,0.0001535365272339,2.693379642974761e-05,0.001335846109339,0.0004075913394137
669,0.0024020144158548,0.0017490889074073,0.0283871941534563,0.008202465710461,0.0298411607129405,0.0093522975384826,0.0019919215886231,0.0015187488064157,0.0144013081079182,0.0044853355420163
670,0.0026729135507114,0.0013626812511396,0.2673592992744988,0.0887218485062396,0.1111772029527245,0.0338790337595267,0.0045769331270034,0.0013758655268321,0.1192203389798704,0.0658283783127189
671,0.2264110040817114,0.0110773119976678,0.2248013299401078,0.0164638911340442,0.1853100513834124,0.1019686455351501,0.0252315965659057,0.0049475900237516,0.2024032461580518,0.0163993459979191
672,0.1688227071050033,0.013266113041003,0.0028882618021653,0.0006813912139393,0.3034392706480236,0.0526202703257091,0.0006167669800757,0.0001035326260974,0.0028181412299054,0.0006755072873005
673,0.1236153927579533,0.0161014875021451,0.0012696897981201,0.0003386152620079,0.2742546732816422,0.0166563179515374,0.0002526902785507,4.371857613324706e-05,0.0012259155623179,0.0003458636626472
674,0.0304871791536578,0.003503163851614,0.3598347937317293,0.1268684294660763,0.1770634822909268,0.0663594617777239,0.0269914780621754,0.0029236244798302,0.2631519030010363,0.1245608752999821
675,0.486672580939798,0.0263368476691674,9.269841869209124e-05,5.223565145035346e-06,0.1619461668077711,0.0077566535607586,9.374859246172882e-05,2.1158971824543795e-05,0.0002221440354382,8.782367489624885e-05
676,0.356963207044338,0.0074296951145591,0.1649237827485617,0.039581417661076,0.1404091518140309,0.0702785243353167,0.0237843884327071,0.0053996692969015,0.1105451422929389,0.039436343420461
677,0.0025842211877883,0.0019167454220293,0.1405832518721245,0.0528884543085077,0.0645774923447031,0.0184518798082679,0.0021544200670674,0.0015645245705134,0.0663331011977222,0.0142589969959947
678,0.2377360785009916,0.0071561093154247,0.1307080058572816,0.0141405630565352,0.1512851723877681,0.0783178957525166,0.0131352760495334,0.0034898438669499,0.0925793490091826,0.0140988728384275
679,0.2002922237449794,0.0325832516503699,0.0002430069593097,5.126025946243171e-05,0.4131403593068656,0.009475203873261,2.9686424908586266e-05,8.291702774480168e-06,0.0003668217878044,9.174014443497956e-05
680,0.0013425936163927,0.0002792960511439,2.737254381105588,0.0053693307223062,2.7294560862092694,0.0034297854073877,0.0035970770795714,0.0003884990683942,1.2140591540305512,0.0044869205593596
681,0.0146476559928681,0.0032127309768748,0.2337196429414642,0.0881649635757443,0.1090570076110532,0.0518519736574926,0.0119898856795534,0.0022574512191057,0.2065188620208739,0.0863528886267284
682,0.142100925462862,0.0066437460862072,0.1601277195221476,0.012883967933051,0.1495443597156816,0.0733588812093418,0.0091727856350517,0.0035580034383161,0.1381855428243374,0.0128593141365727
683,0.2504294908342502,0.010396542821309,0.2274817587444484,0.0099907974900741,0.1997494445625302,0.0389977031672433,0.0135420126496497,0.0036321945368901,0.1825991917120412,0.0099546545088394
684,0.1807319949543641,0.0077127954615619,0.1636992506724135,0.0126620757388494,0.167505162970872,0.0831284704762297,0.0113692478489215,0.0036381148993336,0.115570047090019,0.012635531687277
685,0.0023722415425741,0.0019346048302229,0.1432344518502771,0.0585085856419767,0.066637584272386,0.0260222227903051,0.0029656904309082,0.0015681763504202,0.0994045474673617,0.0390312555723674
686,0.5393268036146577,0.007565793092274,0.3035190619282322,0.021745007239009,0.1526403191121385,0.0729598013644589,0.0115448384097991,0.0042346139021953,0.2507923450880766,0.0217003461247484
687,0.0444271560135492,0.0047011003213799,0.1940110964314944,0.0904842972648795,0.1189993514619658,0.0537183285867431,0.0271370598708402,0.0030845220915524,0.1856849455830659,0.0891398350988507
688,0.341506571613955,0.0067543929774192,0.1903643975781955,0.0179879728251139,0.147944080500431,0.0580985265894019,0.014474065756537,0.0042972830596296,0.1581403260536048,0.0179487528713329
689,0.4310072770323083,0.0746298032454088,0.0001433857162746,2.197191411833884e-05,0.1844133115764281,0.006700722094071,6.241379315358417e-05,1.6422759322223333e-05,0.0002459007998378,8.809025898194194e-05
690,0.1233842252187004,0.0075930972274166,0.2584587618261802,0.0100615439424951,0.2299936745054212,0.0851896974811808,0.0105635234896208,0.0033841136508163,0.1774001488729712,0.0100397539502587
691,0.478734678771273,0.0320842518185322,9.857559344187334e-05,5.517206523292948e-06,0.1650536731314498,0.0068976320452639,9.22425358084578e-05,1.9668473767895942e-05,0.0002322653369397,8.765474903725236e-05
692,0.0021854397715398,0.0014397936378612,0.2938374299789085,0.0966287437672124,0.091511229005159,0.0314472254020809,0.0039241967637724,0.0013565041929272,0.14153933521597,0.0462005679083791
693,0.0019535894383141,0.000278191591457,6.145393128345488,0.0055215899871641,6.111581310885345,0.0035077478266081,0.0050502337804182,0.0003808663193933,2.3867740109703384,0.0046378548147025
694,0.315082344898994,0.01026007605998,0.1934932906709391,0.0220409836943367,0.1752199043964347,0.093376619784695,0.0259947952490111,0.0047709473203798,0.1220898322206378,0.0219563930005627
695,0.3865469636124156,0.0075565005455278,0.1993743595566278,0.0189059453534544,0.1616113914474836,0.0532507124426677,0.0174784558538361,0.0045417286083539,0.1800982563288747,0.0188628806543427
696,0.4648140705219942,0.0394025433276524,0.0001098733935867,5.8609293515210095e-06,0.1672361783552646,0.0052118197171887,7.96014954815262e-05,1.7677113503275904e-05,0.0002436099630306,9.120681299313448e-05
697,0.0008671572233589,0.0005563084477096,0.0262452041764134,0.0037374661354709,0.0124531044567836,0.0038699805034122,0.0008579367600551,0.0006272589260643,0.0069810763338949,0.0018762462662917
698,0.4295844224778214,0.0399142368825907,0.0001515306307273,7.869509335213485e-06,0.2089119222917367,0.0048411219304486,5.2137826292224665e-05,1.759698830408811e-05,0.0002697697859242,8.01962004427129e-05
699,0.0147220526934137,0.0030528508516858,0.296949737084211,0.0490117506680929,0.1184262082344766,0.0439853629965431,0.0116009017576216,0.0021772124893222,0.2614494904438566,0.0482546261729776
700,0.3376245567477995,0.0094604890296367,0.1720363331336229,0.0115729788420625,0.1962130465231714,0.0724115214668141,0.0130652204961021,0.0036946580616144,0.1363126352131293,0.0115378236641344
701,0.0007336119670932,0.0002776009485231,0.3482373454780409,0.0054851671115499,0.344902461446138,0.0037776566681865,0.001759840794783,0.000380114157126,0.1743476267920652,0.0040642962917606
702,0.0826235770879971,0.006278234397055,0.2366976044298453,0.0508855755649024,0.1084144377891991,0.0536797309409134,0.0255436841005239,0.0043177764407828,0.2308922806448397,0.0505118467497588
703,0.0037025105350332,0.0030306784395289,0.4229557719063191,0.0808229752866852,0.1026681379799393,0.0275554278324549,0.0033683653095501,0.0018197156249322,0.3262600768058518,0.0497476592842317
704,0.326178837553418,0.0074074597818402,0.1436941639580266,0.0196878505218565,0.124635896868367,0.0616105514600772,0.0159754125289907,0.0045664014275232,0.1262636044938362,0.0196503839609299
705,0.1839423095485184,0.0113731883815097,0.1798180204221344,0.0251784287882416,0.1319191799227659,0.0598170876098709,0.0354856201591432,0.0060460200730772,0.178137284518017,0.0250986400114331
706,0.2002904120044795,0.0085346399686092,0.3352538918309627,0.010659130358606,0.163412205762172,0.0834183737375401,0.0112907088882333,0.0037013460029153,0.2546981605318749,0.0106292628923148
707,0.0014072509340474,0.0002725790039177,3.077589505824562,0.0053979941827654,3.068733025163572,0.0034053505283503,0.0037484797045685,0.0003794890310885,1.3493272131756189,0.0044283519085522
708,0.2138432626273859,0.0087083591245665,0.2324525746830988,0.0094594662586634,0.2139495778312681,0.0622743991759113,0.0095090852936309,0.0030806216037559,0.1885498148139458,0.0094319680992934
709,0.1315101549723784,0.0080178608355788,0.1950772933428591,0.0140979749445169,0.1619956845986511,0.062644222406543,0.0149530125890469,0.0041617632742143,0.1303282110451299,0.0140776392951597
710,0.0301988691863764,0.0030593134390874,0.2280757872345801,0.0640117912638178,0.1196128903087436,0.0439224194905736,0.0238811563963423,0.0027965175095889,0.1858082500015364,0.0620658287929115
711,0.0368183688986245,0.0047695019109858,0.1770656042260068,0.0525684783845041,0.100933723384434,0.0551476820991907,0.0205077864099331,0.0041668792731802,0.1204834359853972,0.0517702940460175
712,0.0102801804589363,0.001326274946341,0.198493981517217,0.1028214765927925,0.0815514890806183,0.0262654876944285,0.0145553235624585,0.0013821898147811,0.1869022134414095,0.0929378573753413
713,0.210929646547938,0.009386204022556,0.2265815680257302,0.0078205240096854,0.1610338158915882,0.0293087157719862,0.0110342463111439,0.0030424530497695,0.208915138082832,0.0078045245732496
714,0.1747535912024777,0.0090178227767222,0.1931150558220693,0.0131160002602196,0.2307338602357521,0.0690195574312282,0.0186291351237185,0.0040896033830792,0.1246536382909566,0.0130718515096188
715,0.0498743489822082,0.0035388868177286,0.2199917232284089,0.1042997017619339,0.1359299686467031,0.0499167919511699,0.0374736964494153,0.0031913612917922,0.195372103584392,0.1011593478352912
716,0.4298758731649651,0.008560654828085,0.2869880624116694,0.0233502798100226,0.1776237058512448,0.0721945016550663,0.0203649075904875,0.0056132559074325,0.2662357208393872,0.023311143887338
717,0.2666889854103502,0.0138320467106462,0.0015481979040129,0.0005208215855805,0.4295462609544583,0.0259183326346459,0.0001112859242187,3.557251748728125e-05,0.0014844642148521,0.0005178861203028
718,0.2977449921967357,0.0100665007627359,0.1931917723548786,0.0096125796027366,0.1786104241069478,0.0335670430303135,0.0132519995092526,0.0034396898857839,0.1809322012170874,0.0095857744591554
719,0.0697685973092589,0.0043544937117777,0.1434805411219425,0.0653014931058245,0.1451744895842041,0.0628064083382459,0.0335925926000888,0.0039598903787344,0.1210285058306255,0.0645063232357962
720,0.1767045462171794,0.0074408526866479,0.1528209194990003,0.0148990279651799,0.1874423501828929,0.0962554040125265,0.0116462564779239,0.0036540855308623,0.1231536990714996,0.0148702577884762
721,0.1117003166317324,0.0255793648089623,0.0019559525013823,0.000332769183955,0.3662412462893498,0.0067576608715397,6.063084985301164e-05,1.128187933324052e-05,0.0018695500260409,0.0003149321155905
722,0.0018639530968012,0.0002754344509686,6.532734084606583,0.0054853898278515,6.508805814910924,0.0034286874980211,0.0048398215171493,0.000379227150772,2.5121807404023087,0.0045138582311071
723,0.4298662449202923,0.0272376796386472,0.00015265380994,7.938197367031876e-06,0.208081058014813,0.0048631889585855,5.160217569001945e-05,1.2091419886502676e-05,0.0002667176584294,7.174390436121102e-05
724,0.1261008342617716,0.0056287697486799,0.1319757536279094,0.0567468763439657,0.1409842024996956,0.058587617581677,0.0334822847059886,0.003857479657727,0.1282511861455537,0.0563010547435001
725,0.4812379077277989,0.0084001734737544,0.2597484747616231,0.0268441236474669,0.1356827635294078,0.0642777718184537,0.0159492608691292,0.0049870404623001,0.2357908412158376,0.0267721650980947
726,0.0406010811149466,0.0039158184323897,0.195105075394729,0.0408264032597263,0.1014429622510682,0.0500788589683775,0.0207188293441295,0.0034890819176283,0.1162430727654111,0.0403213262648115
727,0.166561162134923,0.0070920126600534,0.1399412703095866,0.0112442373195351,0.1306714719499096,0.0636757907809377,0.0095864396483994,0.0030573614633079,0.1338319433604552,0.0112091736845671
728,0.4858747073777383,0.1187981131220823,8.75510378825138e-05,8.465414594847388e-06,0.161218865752111,0.0063093704502124,0.0001512076305139,2.6232485533038063e-05,0.0005080498617528,9.905396922841006e-05
729,0.1876068974872359,0.0241518827852122,0.0019232679597333,0.0004079306077583,0.3829511974839705,0.0061186678898816,7.36211077397876e-05,1.586941444354902e-05,0.0018542342050854,0.0003902497079463
730,0.2090227277404346,0.0080421403637944,0.2272175993494445,0.0130481684447197,0.3050338180127068,0.0961439832418616,0.0105393846154293,0.0031363467892098,0.2022458273828164,0.0129903500715351
731,0.2476536978591565,0.00971757741225,0.2562476110598893,0.0080512647463895,0.1977484430740482,0.0302680394483639,0.0130229642887395,0.0032806421583417,0.2109336691883892,0.0080327777642194
732,0.4714246911408662,0.042693874171375,9.482572740271006e-05,5.442024959978515e-06,0.1628044585128549,0.0044920634152951,8.600329875575798e-05,1.93133890261436e-05,0.0003022349619616,9.15357679267037e-05
733,0.1615468477404172,0.0071286941402576,0.2058360384219342,0.0100756269269951,0.1412943566509852,0.0761977962832671,0.0094109620355989,0.0031827087807664,0.1826488850481237,0.0100548851404887
734,0.0009469924991528,0.0002784248473823,1.0236802109533354,0.0054256649469911,1.0189116281674144,0.0035731977918475,0.0026670948360586,0.0003860004880137,0.5219722035323997,0.0046295872318472
735,0.1570834777394084,0.0074279231090402,0.1739249763228759,0.0119152044447755,0.1975623483610848,0.0848847426999529,0.0106049790810725,0.0037052261627597,0.1673325230167763,0.0118880435221846
736,0.1412480758581197,0.0101172741814491,0.154148501651142,0.0089215632494272,0.1391481731781663,0.0393432818245812,0.0160330860232312,0.0033576743516427,0.1289255174651049,0.008897771288019
737,0.0110116691038496,0.0019274952883241,0.3011489352427264,0.0379514327039186,0.0940313609505113,0.0354613425028835,0.0110005481519122,0.0015818983747707,0.1246859296891053,0.0372566562528051
738,0.3965730085398585,0.0629166952269777,0.000210398414853,1.0340899820457036e-05,0.2538206245163291,0.0030724241918109,3.8887467402431546e-05,1.2751541599855632e-05,0.0002917276141323,6.855095509163383e-05
739,0.4552006399957234,0.0498725874629079,0.0001212929009935,6.226529285698929e-06,0.1725054135325583,0.0036296835635626,6.879893766818374e-05,1.5591050335772832e-05,0.0002623510719789,7.7697465753785e-05
740,0.001431638901558,0.0002702428892969,2.954862710037809,0.0053749949837933,2.945922379530137,0.0033977796313694,0.0038056424927525,0.0003757042231747,1.302164513710235,0.0043966199442574
741,0.0747522057717114,0.0061108306388688,0.1279920537531933,0.0821459530254643,0.1417667579153526,0.0671191968731638,0.029184967354883,0.0040071517214415,0.1267835609884185,0.0814691385610855
742,0.0677915657392616,0.0041989536890129,0.2717132000095276,0.0294195474089622,0.1619452922480823,0.0544690229325449,0.0157973490315493,0.0032838978193893,0.2422410473703498,0.0293092073044015
743,0.3168684286636427,0.0070882214074469,0.1633827358121073,0.0168860228375191,0.1466801135236698,0.0486318699615294,0.0130759196373458,0.0043800571869033,0.1230672768690133,0.0168669449342194
744,0.1709168628383544,0.0075688839050782,0.2187550289207259,0.0138531189683145,0.1705766145623321,0.081053402323349,0.0099548128508431,0.0037431846651046,0.2045164114072974,0.013808499979094
745,0.1878293161230396,0.0065481159076865,0.1977639263729474,0.0272824884799659,0.107272551320126,0.0441762615732523,0.0161352349000941,0.0047465463362436,0.173735541920688,0.0271818241533293
746,0.1474133581950847,0.007173581536634,0.2074567108203756,0.0246923466890394,0.1257424472230766,0.0477055969858069,0.0168449328650825,0.0050935160721078,0.1856711282936889,0.0246219521509827
747,0.1236677561419654,0.0055188962393303,0.1223573911082631,0.0098595837855435,0.1130968341194815,0.0490235426288356,0.0109014325363147,0.0024697458819244,0.109087707745441,0.0098267697254805
748,0.0007361128916657,0.0002666582323085,0.418709315454218,0.0056028328275029,0.4157665080685611,0.0040135653273966,0.001737126512501,0.0003665299249767,0.2042047558561496,0.0043784458866411
749,0.0011366168474588,0.00027278795018,1.5541958275401095,0.0053826264704998,1.5491765759802014,0.0034505755181711,0.0031172781775339,0.0003793097705565,0.7385603698175766,0.0044744696284072
750,0.186094051835076,0.0079818228417235,0.1885858973465474,0.0079819587066988,0.2067636444482347,0.0325122630388337,0.0085282444509716,0.0028494594051845,0.181768759612184,0.0079572464049444
751,0.0007355140001155,0.0002739385708896,0.1257991538607879,0.0056144857338216,0.1223832571387883,0.0039213304131201,0.0012741452214836,0.000370961349115,0.0472100913279513,0.0029587194319423
752,0.1393791408883419,0.0081947249246269,0.2074981549683418,0.066968919313455,0.1337789492628252,0.0681451911546739,0.0334862332168219,0.0051972873854476,0.1967042966688081,0.0665474129850729
753,0.1248963875900028,0.0074492438547591,0.1736197952691346,0.0142633893138153,0.1346483951227076,0.0666242043940235,0.0120651947026373,0.003972617434505,0.1370195437348286,0.0142363818087684
754,0.2036337297028813,0.0099687836456652,0.1944393389436691,0.0101128894156591,0.2285137726649553,0.0381272850517482,0.015152167548058,0.0036929196308096,0.1734750535776899,0.0100746918794197
755,0.1374507350540907,0.0146511099665257,0.0019381658034094,0.000449287533481,0.2852680902308143,0.0106350196847623,8.566178539638206e-05,1.2591187810369922e-05,0.0018841002355507,0.0004330842638246
756,0.1513513738167685,0.0071124096140166,0.2279332113322329,0.0104153927685446,0.1448060136746347,0.0659875305502802,0.0106155705120824,0.003215575995569,0.220102818995018,0.0104000876769685
757,0.5361858726169786,0.0270003820238107,5.637170151831573e-05,3.489893276386934e-06,0.1429829895751977,0.0128385526757253,0.0001810812706012,4.559768802623434e-05,0.000458014085784,0.0001432191926931
758,0.1994164271881689,0.0070941572094247,0.1451702809860994,0.0210442507847948,0.0953631763537614,0.047669131883618,0.0130885126187361,0.0042285288596359,0.1059458813556653,0.0209860261965819
759,0.5115478672885148,0.0314437027569796,6.38684244347588e-05,3.950882648699833e-06,0.1452339798022441,0.0060371049747162,0.0001076365443902,2.961881669020738e-05,0.0001903119824592,9.697911044365853e-05
760,0.1046059816572672,0.0091171435909514,0.1969768244672619,0.0085796162798373,0.1596798231620679,0.0592344356848487,0.011573972136071,0.003247817957042,0.1573411838218434,0.0085608911374565
761,0.0016804537295091,0.0002716632879425,4.247455390976616,0.0054400733953064,4.235054454369278,0.0033977432115504,0.0044023792378599,0.0003748599323019,1.7701204758358002,0.0044494294714155
762,0.0031722368853944,0.0026693819771147,0.07386473709049,0.0160728768173599,0.0408210380129458,0.0165619432435137,0.0025644016068527,0.0018538982627018,0.0351192230307352,0.009215466269919
763,0.0505112094554922,0.0044082682259365,0.4364984986196794,0.0861746964558317,0.154213679496058,0.0712021635021199,0.0301746581433397,0.0032894431616729,0.2680565619903813,0.0852754162163831
764,0.1040434069116385,0.0055287050999741,0.2078393342502095,0.0850094728595749,0.1335082561453728,0.0615640410530702,0.0401120916940064,0.0042740177070482,0.1858303959677463,0.0838619229305813
765,0.4796286375941035,0.0443404912610762,9.038509829379924e-05,5.059610331659331e-06,0.1638049797233144,0.0036767934619343,9.24278572120262e-05,1.618880787631669e-05,0.0002188553373965,7.855850302790328e-05
766,0.1532055651677837,0.0088813798949314,0.3400566523967449,0.0095362257005852,0.2257965125707743,0.0469917530851865,0.0141474889351438,0.0035644738594862,0.3141191443310951,0.0095071333931005
767,0.2108361138233666,0.0669531244087173,0.0001597236764747,2.275889908300908e-05,0.524263908342882,0.0067336832502487,8.441856952403293e-05,2.2157085800514383e-05,0.000318987059845,7.488170557218431e-05
768,0.4767451778696214,0.0298857855641642,9.94796702240598e-05,5.560309334107989e-06,0.1634960094725897,0.006531291948614,8.597885896935339e-05,1.8940331381066757e-05,0.0002136583324276,8.262549712972617e-05
769,0.1526909297218005,0.007085243039171,0.2312910550796786,0.0133221960447914,0.1712000899152684,0.0787718001205653,0.0122884975346348,0.0040545764137152,0.1218204801391697,0.0132978607204502
770,0.2274970859851478,0.008321562713729,0.2218699956323032,0.0108046336053721,0.2464750999669734,0.0436891820093236,0.0116144770018206,0.003480201126438,0.1783750023500143,0.0107600784431252
771,0.0775945263417372,0.0044617676984444,0.2184707569515993,0.0499274316718842,0.1204366794068585,0.057832342060805,0.0272843495012991,0.0039114191875484,0.1078734895107288,0.04938810771396
772,0.0526859892635931,0.0038511659217753,0.1906565895340535,0.0772355655998781,0.1416949836417669,0.0645858958269844,0.034428626850645,0.0037828906253407,0.1438067534796073,0.0758343926664339
773,0.4187852293577607,0.0067092633502699,0.17266733504099,0.0198319704485189,0.1433982959651341,0.0670857182702672,0.0105679247121855,0.003757860968759,0.1005040469902059,0.0197819888645216
774,0.0617497509398631,0.0048750313824625,0.2447547881907525,0.0488884167573677,0.1096983387988455,0.0544544984179018,0.0247608102584174,0.0039223580500487,0.1275861810263558,0.0485217837349543
775,0.1475872482268108,0.0211480126464655,0.0023300724026224,0.0004215795784329,0.4823907782261329,0.0097125561465133,0.0001063084031816,2.366820419130908e-05,0.0022260957888797,0.0004016093412713
776,0.0545670821845385,0.0040158549716496,0.1920202737118142,0.0403678251111145,0.1046843489242589,0.0472780190675031,0.0210552643423012,0.0033127206177633,0.1173635615566439,0.0400216940199763
777,0.0012521788363479,0.0008308395029635,0.047400883842903,0.0097729738858758,0.0160393935652577,0.0055146753168432,0.0013170778902142,0.0008952444590346,0.0114070523492683,0.0031639502189214
778,0.2108036931700039,0.0086670130597291,0.2102693762919933,0.0090633542875836,0.2021196864614497,0.0589371297617388,0.0082350755993552,0.0028956164589904,0.1679619491709055,0.0090402634258445
779,0.333961892021315,0.0075119116201233,0.2711077056685309,0.01950928533927,0.145294988785595,0.0624981852438486,0.0158352968780274,0.0043796408711125,0.1531646052910194,0.0194511698537377
780,0.0015498214321961,0.0002756195679284,4.309593997525825,0.005372252677784,4.299046177662074,0.003383699051001,0.0040889524545392,0.0003814506825513,1.777545670366507,0.004400327386718
781,0.2442997189270831,0.0071612847403987,0.1669162176967361,0.017181024760817,0.1275793077336739,0.0533166324661368,0.0130847472246181,0.0037075736627882,0.1093652028541047,0.0171217705889623
782,0.206429729841482,0.0540677871738324,0.000125864416724,1.7589436827695697e-05,0.495128722000809,0.0102001474102552,8.387969861311067e-05,1.8737181764524832e-05,0.0002403480859421,9.110265311664788e-05
783,0.4510295379316569,0.0255653982180351,0.0001221099643839,7.321393619461255e-06,0.1726457141023332,0.008118587505078,6.926118635076094e-05,1.5730137259646025e-05,0.000263345072793,8.656310430133011e-05
784,0.001417477973193,0.0009616633428464,0.2301395456251386,0.0801724863359014,0.0702934630775485,0.0182943246398543,0.002292720142194,0.0009981285320875,0.0660092171769251,0.0157619049787868
785,0.4188419795630144,0.073048120535334,0.0001475952201788,2.137596113476848e-05,0.2121838226647249,0.0077469472231505,5.335348574747787e-05,1.6476114832319024e-05,0.0002437648614536,8.270318492269324e-05
786,0.5392892038419979,0.0300301805876439,5.31102778414112e-05,3.0627476885272574e-06,0.1403793706626677,0.0097796956776394,0.0001141133262436,4.016676652464503e-05,0.0003334629961907,0.0001322593059578
787,0.1753475799931732,0.0081021003195339,0.2334290160973371,0.0085870689464999,0.247606129618483,0.039304501133721,0.0096280764177057,0.0030685984406516,0.1768287100290625,0.0085503760386674
788,0.4803831895612952,0.0835550520553038,8.80316850622075e-05,7.901313341273565e-06,0.1614068196847721,0.0057574274106225,8.910049399388925e-05,2.2979935429013063e-05,0.0004198909618169,9.037487341569384e-05
789,0.0014903306663952,0.0010755758086236,0.0262798758228813,0.0062693202639633,0.0236503488409873,0.0062886031903833,0.0014332871040006,0.0010653195295038,0.0110237527347926,0.0033992679209347
790,0.0016698484121638,0.0002730619470653,4.446624935129804,0.0054752977391965,4.433717736841291,0.0033993720532298,0.0043702525049994,0.0003766895651033,1.832956401836579,0.0044882686703774
791,0.191608244790155,0.0088880407214937,0.2604633914980356,0.010406854581669,0.2003236373155165,0.0558497895089611,0.016604971634285,0.0035994472415659,0.2281930663610466,0.0103693013974825
792,0.1096745844384398,0.0055639563494028,0.1527004064047796,0.0564954105903575,0.1109607184311926,0.0518703951939295,0.0310746857051319,0.0040817716059766,0.1427137308370455,0.0560801822757771
793,0.0007684700641048,0.0005103957616594,0.0238921847117113,0.0037057226558376,0.0126106244849465,0.003617902147567,0.0008331957760995,0.0005816836169235,0.0069497033212959,0.0019889108505844
794,0.0100057811583336,0.002410484377561,0.2467210491373575,0.0663148846363189,0.1390083421774131,0.0452404839105082,0.0102420320575936,0.0020919179883,0.1961137479086651,0.0647304173047554
795,0.0569311937439155,0.004526242454719,0.0029491805399416,0.0013319638588582,0.4303525202052531,0.0129276994234394,0.0004929363911022,0.0001136044136799,0.0029751293116258,0.0013798399897487
796,0.0015276054476313,0.0002736869493352,3.779604608301529,0.0053939124481673,3.7685101299354127,0.0033855893713811,0.0040363936576368,0.000379754749254,1.6020672444050146,0.0044299850908514
797,0.1296624576279829,0.0087648735911756,0.2254636326193026,0.0132421963646363,0.1706394011834278,0.0806858449119229,0.0150747606499316,0.0039954281295854,0.2143468010240606,0.0132068240134582
798,0.0384226170677474,0.0030010012593942,0.1551051600530389,0.0724533019479966,0.0886920776393853,0.029718096706091,0.0275774480648296,0.0028002473481712,0.1515690461513573,0.0696046647739029
799,0.1235084818931782,0.008417226800556,0.1418852189748352,0.0138708824583822,0.208475553607651,0.0474195292202217,0.0164663203235319,0.0042837768341867,0.123442586441093,0.0138411151603807
800,0.259552078071509,0.0512362832724127,0.0002291904617822,2.7956928124216823e-05,0.5563117299008182,0.0059734210086887,9.892140868120254e-05,1.4999420242537007e-05,0.0004075591024805,8.44338817693025e-05
801,0.174763825422217,0.0086887900982604,0.3152861808179192,0.0148296044738136,0.1899261528376953,0.0842479046044231,0.0140659214267569,0.0045105588836539,0.2480581821575218,0.014797156633263
802,0.0011915092404468,0.0002539297773265,1.888965564214416,0.0053340700751447,1.88366251678576,0.0034627730819246,0.0032390116588657,0.0003566610735431,0.8819344582419435,0.0046205157329064
803,0.2548170793667268,0.0099654115763036,0.2581296898139498,0.0514510134863435,0.1447428765226244,0.0828199899527562,0.0317261065594959,0.0070566408717347,0.2429808636907602,0.0513124439589305
804,0.0025421440095911,0.0019255289291852,0.4166120565814479,0.1615817277356556,0.1704140093595565,0.0330757065505657,0.0021915678083066,0.0015771328827727,0.2288158527127035,0.0377666982253577
805,0.3700208037208963,0.0638001416325651,0.0004584072540032,9.31102679427006e-05,0.4932788569383628,0.005652873613794,6.404068860004671e-05,1.5523496920352828e-05,0.0004127752217733,7.83259234598424e-05
806,0.5493562267303534,0.0335906566001149,4.466245533987747e-05,2.516540875157479e-06,0.1328950137794186,0.0091525952539797,0.0001193025563247,5.1364132588336006e-05,0.0003419182537107,0.000150233921632
807,0.1759213489142383,0.0074250447458296,0.1941210968462385,0.0095314764429413,0.1770255471147234,0.0874875971411948,0.0110237517553799,0.0033651693974904,0.1455703498172632,0.0095121434912462
808,0.207221471495715,0.0085567279950955,0.2533764028884284,0.0085095003913434,0.153546847588293,0.0459568577482934,0.0124065707561693,0.0034354711578964,0.2250801871780656,0.0084903660801254
809,0.0015118615614317,0.0002702127872154,3.5215158775816224,0.005405183277461,3.5107459452540373,0.003382821796678,0.0040032100132122,0.0003754183055907,1.518706452239855,0.0044132814755799
810,,,,,,,,,,
811,0.1302786762430759,0.0075586732570222,0.2630355703413169,0.0098171310259296,0.1498042762796731,0.0744393579793644,0.0107143020603152,0.0034198386481254,0.1533998719439061,0.0097986007688986
812,0.1310830352864403,0.0080348155580652,0.1440977449628554,0.0142610268556262,0.2199533226147997,0.0548060778829745,0.0109099589713279,0.0037719877980176,0.0910555872724827,0.0142170775638538
813,0.1192409489200052,0.0180508260896477,0.0009139461540246,0.0002306889174496,0.3052967942433868,0.0085379494573488,0.0001080351759911,1.88054623306903e-05,0.0007973122366042,0.0002199987144362
814,0.1304268095900312,0.0179159703621136,0.001269170491759,0.0002015473765631,0.455124401133932,0.0097713782996289,8.380031570884054e-05,1.940982554436493e-05,0.0011051130021216,0.0001887762373181
815,0.0240874186506219,0.003606711642544,0.181267514688907,0.0849576319582513,0.096341579264584,0.0423559416399256,0.0171581154945007,0.0023045658022452,0.1784281081212059,0.0826202211605962
816,0.3287317926529887,0.0069145827885812,0.1872567154667063,0.0212579703356391,0.1282590708790663,0.0563824430523584,0.0150708465433318,0.0040436690480057,0.1740102197002153,0.021223525734189
817,0.1987312230578538,0.0087058040001443,0.2055382297387166,0.0098787999344406,0.1905456892739821,0.0774791654126528,0.011651640672523,0.0036850330865977,0.1815661617596862,0.0098593453402624
818,0.0321457403149497,0.0029299749007752,0.2114824546177426,0.0672825424180193,0.1159698181447872,0.0459454761184478,0.0246892817527939,0.0025799148788836,0.1926503290322823,0.0660627002756161
819,0.1875597322403953,0.0059082833162426,0.1549048073744392,0.0198906716746211,0.1062670075990781,0.0414834135780952,0.0129016365086468,0.0042497285305817,0.1326271511919717,0.0198356115096181
820,0.319782873282613,0.0091795024545974,0.1554232396537716,0.0216898018607162,0.1774570793825329,0.0818819541315701,0.020111504575616,0.0045266532564249,0.1040024949065338,0.0216205221078503
821,0.1755770897936817,0.007855945571224,0.1830440667047145,0.0117275934839432,0.178004666263687,0.0747974651652234,0.0112629915818532,0.0038348250484608,0.1434837456076449,0.0117114812142699
822,0.2113805225751037,0.0096474871185405,0.1628229046644562,0.0118950022466319,0.1654171126038454,0.0942584174432123,0.0156092856181449,0.0042507005138246,0.1577274859716118,0.0118684200448071
823,0.3689950678583721,0.0062651249807126,0.2043293830637815,0.0209315150766069,0.1226491437491341,0.0605287747713238,0.0109367253962965,0.003837108600612,0.1334190685643003,0.020865065787657
824,0.465270662925039,0.0576557557310311,9.594690087512696e-05,6.606178564169702e-06,0.1646271897324986,0.004455803585882,0.0001133923752049,1.9603637647057584e-05,0.0003226466977446,7.334817497971185e-05
825,0.0762994876085892,0.0056608374881257,0.227671431026762,0.0238014611754514,0.1385956083260122,0.0439888057318898,0.0120592831939593,0.0039959596777713,0.2089431226079294,0.0237487294127199
826,0.5070436961131402,0.0406115562101638,7.637320856788205e-05,4.138594375148141e-06,0.1537552728704249,0.0048512973814853,0.000109429000421,2.162147743448885e-05,0.0002313710583579,9.359762202355852e-05
827,0.1828870703830369,0.0371501832417942,0.000844500172009,0.0001435723218903,0.6205453401493799,0.0060741200216848,4.41661750868276e-05,1.2271117528751156e-05,0.0006370513011751,0.0001220667089139
828,0.0016176008612449,0.0009837936159581,0.1208735923196974,0.0532031195521975,0.0343310291453933,0.0082891998789191,0.0018152450905255,0.0010366794000135,0.0448774285192421,0.0083770154647311
829,0.0007337727022259,0.0004144506390782,0.0255468004683401,0.0037334134242134,0.0141434955421835,0.0036498161239936,0.0006726294113966,0.0004815064414684,0.008348125337571,0.0019815431782834
830,0.0907606019548624,0.0308587067937722,0.0013994955710275,0.0002602973097866,0.4683866500320797,0.0080904519201681,0.0001216412150872,2.2445526643500805e-05,0.0012760448458857,0.0002558025419982
831,0.0010593802446175,0.0007136276853971,0.0246005716038361,0.0043681829609245,0.0162073745379164,0.0044255254312348,0.0010820870817247,0.0007858140621251,0.0085027480290161,0.0022657067254166
832,0.2143171091836515,0.0078343331401462,0.2409474878669991,0.0124301714118344,0.1812149775570365,0.0635857134760451,0.0095615623619073,0.0037275870151933,0.1651211712592397,0.0124004015788989
833,0.0019527103731734,0.0002797493977841,5.552676667439669,0.0055013668312111,5.516872011013108,0.0035184338860641,0.0050347992984483,0.0003813141034731,2.199947535013433,0.0047593488614841
834,0.3699470084372246,0.0823296067640018,0.0002423378688316,1.5637065152125858e-05,0.2760847892703084,0.0062172562572391,6.879335014464512e-05,1.805948435150516e-05,0.0002943624607473,7.854656664570313e-05
835,0.311189427565452,0.0073091690430173,0.3414481206306651,0.0269391582654471,0.131712358171517,0.0540255546320291,0.0128180155526817,0.0044514440222227,0.2203603879019207,0.0268379047553039
836,0.0007531941845931,0.0002828318126003,0.1827019193310375,0.0057953925309382,0.1793700809658304,0.0042968457543157,0.0012682029056553,0.0003812051748331,0.0631959046525215,0.0031737584644102
837,0.4805902824077199,0.0324297842435816,8.504752617947342e-05,5.596424059166554e-06,0.1617041106745325,0.0060921983074623,9.578018459248696e-05,1.904807223568543e-05,0.0002393878969321,9.263416545260036e-05
838,0.2623185428034635,0.0091792475388472,0.2781282370119128,0.0097638422554833,0.1701114391833638,0.0345819914526711,0.0122430156823557,0.0035760372632015,0.2630072300230286,0.0097328958449964
839,0.2344373100262003,0.0081249613656166,0.2147496049514438,0.0090293601138475,0.1602294420123299,0.0355359269334301,0.0095724567242559,0.0029813569332927,0.2039371042470114,0.0090019621173982
840,0.5318829665717745,0.0285411965843921,4.91065309313717e-05,3.0818646764953824e-06,0.1371511849840651,0.008536179037139,0.0001025473142728,3.877834962688935e-05,0.000259450740642,0.0001257430393625
841,0.4774634277655541,0.023717200589274,9.192734939129468e-05,5.640515339186536e-06,0.162568630124235,0.0083934213332658,8.892843830364215e-05,2.412280207989381e-05,0.0002042341092539,8.565822560232243e-05
842,0.2572463882480386,0.009512249256104,0.1878793977470076,0.0090454903373811,0.1679766506197328,0.0382683719703264,0.0132480424703431,0.0035718857418812,0.1725048858542156,0.0090186959509681
843,0.2463301763707211,0.0081589016398849,0.1328383054724863,0.01199740788951,0.2154604741746294,0.0821853087006733,0.0136113895648691,0.0029507982852461,0.1120775482673989,0.0119241369292401
844,0.4631251317612047,0.0265820322836,9.94414439207137e-05,5.856448698358266e-06,0.1647524194215772,0.0061226837184119,8.703684539584561e-05,1.7000722763494487e-05,0.0002232521955225,7.732579908504399e-05
845,0.1781286376046582,0.0077182981423592,0.2013002328059507,0.0089168865462885,0.1440022916646247,0.0748626035359561,0.0103481896440033,0.0032926095610404,0.1705115505850584,0.0089042031174476
846,0.015022006043894,0.0018016735381001,0.3729230376335821,0.1846886495453666,0.1164933908836421,0.0435312368775842,0.0197985308358859,0.0016912588796873,0.3550551764321887,0.168509006890623
847,0.0368128619097146,0.0031515470553134,0.1709666567297639,0.0599848350300229,0.1170032108744849,0.0489992827792941,0.0256909671587396,0.0026108253103529,0.1467727308788015,0.0590884856449627
848,0.526994285494369,0.0348687437032807,5.682359093140376e-05,3.323837697013374e-06,0.1415122641318358,0.0046092549055834,0.0001042768027741,2.9189337175013805e-05,0.0001867797817673,9.3765581650067e-05
849,0.1326328181263753,0.0074399301665392,0.1458169114400632,0.0132574290438456,0.1532224671323911,0.0719224949331624,0.0163787623259002,0.0037854873927006,0.1257771126324779,0.0132315141494457
850,0.528143316017399,0.0384401125936118,6.11354778635571e-05,3.328837482211204e-06,0.1426958968759408,0.0051914154304521,0.0001081342400675,2.8568963290363937e-05,0.000200781965449,0.0001016622004387
851,0.0008005989240204,0.0002651805781447,0.6940646153579135,0.0053523277559486,0.6894668044928568,0.0035564410666496,0.002334202715512,0.0003682343345088,0.3581425356846626,0.0043874995122002
852,0.0007757860279684,0.0001858924499376,0.0291956156633595,0.0040442781623176,0.0094157736221822,0.0010749591644138,0.0008029829106054,0.0002335534321495,0.0075027016480979,0.0008578670086262
853,0.507982648732467,0.0291700475113008,7.67228030614608e-05,4.410181014479167e-06,0.1559051574313754,0.0079111249967093,0.0001088091583033,2.5918733465077385e-05,0.0002326298369417,9.721089076291108e-05
854,0.0609017468350018,0.0067100551162478,0.0068922316959141,0.001043367705735,0.2566031892381248,0.0042190495664718,0.0013462645971173,0.0001358974255874,0.0068151876369482,0.0010340094697691
855,0.255753436737969,0.0095927255472098,0.2881726263229115,0.0098148071056428,0.2371802618843901,0.0345731899545941,0.0139347648973607,0.0031497933438833,0.2279147699255063,0.009771704973945
856,0.2729089028466773,0.0082065770830306,0.1407433145157443,0.0109526625035025,0.1447678124636712,0.0801885829425773,0.0095948960579706,0.0032305483712594,0.1359340301718221,0.0109066942421666
857,0.192765525499738,0.0064091720160334,0.1845825267397187,0.0413211102238879,0.1327790561069562,0.0447820183335778,0.0187835445293188,0.0042684988494412,0.1616059388654165,0.0409877269378563
858,0.0426112644744268,0.0040559396729529,0.3324058987040296,0.0803520395589045,0.1424381461869066,0.0740369253536842,0.031395458425155,0.0036928255907001,0.3179493513400623,0.0792822147365921
859,0.4858673697496937,0.0429964803908746,9.483018768600388e-05,5.08098440280128e-06,0.1648461565849314,0.0051944560483492,9.48785892948592e-05,2.1689810511760164e-05,0.0002277119361585,0.0001004016004502
860,0.2908710715444016,0.0077708100150814,0.2725130109641568,0.0168960684345602,0.11739963871706,0.0452302366548195,0.0161562081560576,0.0043967553573194,0.117905182237593,0.0168620718782713
861,0.0014039429084646,0.0009970037580986,0.0222123055885808,0.0045743718518906,0.020990686341401,0.0055642088126253,0.0013868365289094,0.001054897073576,0.0113217806930276,0.0029661051880477
862,0.0688252325487052,0.005137638053895,0.2046181257743446,0.0266919685838984,0.1009455246108523,0.0366485296812828,0.0138311392479592,0.0039555252578734,0.1317946589411447,0.0265347683341498
863,0.4751846554598156,0.059824995328928,8.249334040456426e-05,5.721434155328085e-06,0.1565761467206576,0.0051578069758382,9.828751569775622e-05,1.944057202209279e-05,0.0004008534532844,9.293961635791276e-05
864,0.3107790719345778,0.0071081464717082,0.24832903796775,0.0171519244162886,0.194769972939952,0.05807903155227,0.0119020156310437,0.0036726833519343,0.1180163563997948,0.0171044217705639
865,0.4352430899074896,0.0062113383913826,0.2236264505638665,0.017130166971599,0.1235880170641091,0.055547135715496,0.0107194832109104,0.0038792908786166,0.1457832464937715,0.0170958483983262
866,0.1857904573052883,0.0087857741374006,0.2422526760493106,0.0103958057903766,0.1909316649868031,0.0732500630840962,0.0144761223939217,0.003973858086031,0.1882429970673758,0.0103771028239149
867,0.0007633375641691,0.000267402738332,0.5829358207825938,0.0053826300143332,0.5784354593847404,0.0035919779394966,0.0022441890672243,0.0003715588138919,0.3065748986560626,0.0042728499471515
868,0.001604964520282,0.0002741066747456,4.044192695553064,0.0054084637734618,4.032466488044555,0.0033839705577726,0.0042219440530125,0.0003793578228404,1.6924727510508346,0.0044282725529654
869,0.5282424441737418,0.0368627249832517,5.651956509419493e-05,3.5095686469016198e-06,0.1441194054291119,0.0065349756876498,0.0001138890115965,3.013218749650237e-05,0.0002517970020801,0.0001124850761539
870,0.1310622748196766,0.0079538534034207,0.1748738711135688,0.0143990880708453,0.1474070210274402,0.0718657570491906,0.0107749214146309,0.0037081125207818,0.1652559429898818,0.0143500674238264
871,0.0011800448817718,0.000269432281492,1.9002675011677472,0.0053831736583646,1.8948930679620504,0.0034711481400743,0.0032124767072087,0.0003753894978292,0.888217251010933,0.0046166217736419
872,0.3832179616147134,0.0073110756507404,0.1435577096190284,0.0163621168762165,0.1384681004159901,0.062602182559471,0.0138350711390654,0.0039015552087069,0.1224095361589203,0.0163219802420389
873,0.1392492760624034,0.0307122394155748,0.000576639391722,9.737216233917512e-05,0.612242843792365,0.0058061507868463,4.0712924751522e-05,7.639415288686057e-06,0.0005790507219335,8.920944598920041e-05
874,0.0007927629935084,0.0005566689175481,0.0261797858871227,0.0074121019040816,0.0149716777432564,0.0044027905777311,0.0009151377629525,0.0006310943519939,0.0075908603653077,0.0026061010578891
875,0.3337857426894471,0.005903102614266,0.1541068860266729,0.0172138579982645,0.115752923841877,0.050083883176434,0.0127564282527717,0.0033144796084834,0.097794524112366,0.017181534399175
876,0.3965641167814482,0.0571910147560109,0.0002122884551534,1.0294191922188806e-05,0.2586025603519415,0.0037619583579072,3.73081852298117e-05,1.3263587758054986e-05,0.000304346143133,7.734618814046753e-05
877,0.1562292089416384,0.0284334050734241,0.0007828601934118,0.0001483800345749,0.3796324297014176,0.0097356634511449,5.939706030593642e-05,1.273473688871056e-05,0.0006525236266653,0.0001269342259554
878,0.0324390540811592,0.0061040883023162,0.2507040357215697,0.0920480915040719,0.1039930772031411,0.0610050756442419,0.0174489201035215,0.0038713607949516,0.2428426752475896,0.0908905763566168
879,0.1905172300171922,0.0101306030405537,0.2027588486712217,0.0149231404383105,0.2221211844613799,0.0872486778828703,0.0192250634661407,0.0045451276622054,0.1684313141236018,0.0148529596238896
880,0.4713587774028686,0.0543620555339812,9.062045837911198e-05,5.710276878676286e-06,0.1612040925417715,0.0046848462333809,0.000178828740104,2.1542412527977752e-05,0.0004688485369195,8.106927113461811e-05
881,0.2578069033689557,0.0102519708544439,0.2170355154333687,0.0105848673481711,0.1805462025683579,0.0383208563637765,0.013988539857431,0.0038657340363577,0.1491268112307611,0.0105516261357354
882,0.2099886381341322,0.0055096450656101,0.1749330962829573,0.0229034525410155,0.1162146831768228,0.0515371941850713,0.011824023719795,0.0036994702963676,0.1626863231132408,0.022861759367592
883,0.1767531016159648,0.0098529276777626,0.3017416942097424,0.009189524610373,0.2709894983738786,0.0307335785880275,0.0149566132580473,0.0036452988470891,0.1631824535018612,0.0091620479077906
884,0.0034485814705597,0.0013350746258016,0.2082311216891308,0.0899667237218029,0.1190252462934101,0.0320840239698565,0.0056404889931464,0.0012570299709339,0.1740652984334246,0.0663473982686373
885,0.2551755051747327,0.0095202581186116,0.1943687794335143,0.0133083994415076,0.1649578609097262,0.0748589220655478,0.0167290176978273,0.004290495824968,0.1266046227163122,0.0132626905156347
886,0.0008578101445481,0.0002699781847129,0.8878191491204687,0.0053691793095582,0.8832048162577871,0.0035786253997128,0.0024626836089088,0.0003744063753688,0.4561424701305267,0.0046212290838002
887,0.006451598176149,0.0018283510735943,0.5871692977531409,0.3333776160001392,0.349394172955186,0.0981000821752054,0.0096683574051829,0.0015990968554364,0.5161852451750342,0.1978587273922364
888,0.0012638949463007,0.0002776790507239,2.2662048001324937,0.0053407112541205,2.26096597919363,0.0034561366412431,0.0034112897720349,0.0003868074060193,1.0327484672625278,0.0045609937560972
889,0.0610540310369784,0.0039238884068873,0.2637061586158408,0.1332938140948176,0.1746307359880216,0.0724626159492608,0.0475230190388971,0.0033622260083267,0.2608921552656263,0.1309994176437515
890,0.0012851373987217,0.0006269256167364,0.0518068121041241,0.011839702286666,0.022557540234619,0.0066696846706206,0.0022168691821524,0.0007030610285553,0.0176435148742581,0.0038571355407686
891,0.0015751747722101,0.0002729198174741,4.1115892553966,0.0053808925356019,4.0999357752543935,0.0033787369759236,0.004152242234682,0.0003788517860896,1.704866769661777,0.0044177383775176
892,0.3760607668124086,0.0602396473692101,0.0002662427841361,1.296467125535185e-05,0.2823266387023944,0.0040517684120294,3.892463790203286e-05,1.5328826314995794e-05,0.0002785842223117,7.57720731427379e-05
893,0.1424409118765413,0.0459618663136797,0.0002354557424704,4.447933071132986e-05,0.4455033352778698,0.0116139593163312,5.496393755074996e-05,1.3532006881192004e-05,0.0001990005283811,6.467035884804236e-05
894,0.1198256757190517,0.0172061772836557,0.0006559315458213,0.0001654185196771,0.4085560514462439,0.0195849589831632,8.175559445387628e-05,2.086947970180506e-05,0.0007043573850582,0.0001996179914927
895,0.1734441346515298,0.0096376665687462,0.1912558817319281,0.0097460639512143,0.1899318106140153,0.0396335350873226,0.0119213629730698,0.0035995493487299,0.1644356349524121,0.0097123896425329
896,0.151824627818935,0.0070320922542066,0.1229148757610159,0.0135640900385722,0.1292042638012104,0.0626693401978708,0.0111520151018514,0.0036678539417388,0.1088356580916082,0.0135424179349158
897,0.0007397884336625,0.0002669431131078,0.0812182706498138,0.0059843486685468,0.0779876369831769,0.0041177132522414,0.001051448036139,0.0003527386620535,0.0221128084112824,0.0022442362813432
898,0.0251619025276733,0.0029379856207798,0.2654438610416323,0.034594524843879,0.1185907317618639,0.0449995811587651,0.0169080006606831,0.0025763011378397,0.1619369165889385,0.0342674231137398
899,0.2226737715564643,0.0086437484358318,0.2068010926863487,0.0091309223800932,0.1951568043349658,0.0404922222701777,0.009516761826166,0.0029729692919251,0.1979249790789585,0.0090938636783376
900,0.0007428077920648,0.0002910226818595,0.0281143282153065,0.0034092681919638,0.0124940337427158,0.0027709225019565,0.0005507720937395,0.0003443102005493,0.0074895809262356,0.0015700130697465
901,0.0019459838958833,0.0013623303894539,0.0246827218394824,0.0067320300540098,0.0254278050445537,0.007466348207108,0.0016494627977509,0.0012801663098,0.0105707760985295,0.0035966050595323
902,0.2885142175353548,0.0350906168261483,0.000113280795993,1.0740998530386404e-05,0.3691100813722427,0.0036901848939629,4.482769517399321e-05,1.0730866965021031e-05,0.0002655309090562,9.323008768949294e-05
903,0.1760566843953081,0.0106642558669403,0.2048487206436029,0.0090049218977704,0.1671820886384379,0.0414330846021304,0.0166434603244599,0.0035880127027936,0.1421122248297089,0.0089785039485071
904,0.2146439057442397,0.0089947285837996,0.1858501736725151,0.0101946366354678,0.2281757638793234,0.0363642293404068,0.0116177229847584,0.0032709845300018,0.1344065623093733,0.0101361109339062
905,0.000743683498607,0.000240399843219,0.0434756222358745,0.0057992957961941,0.0391107658381259,0.0031299548972941,0.0009852303229808,0.000311991893665,0.0148966855070196,0.0019747054139787
906,0.1521940554566494,0.0083078663706753,0.1687017601030232,0.0142111643649218,0.1716020895018468,0.0776179616238822,0.0174467627139438,0.0045429786302915,0.1129276991916586,0.0141836409263702
907,0.0022430057351149,0.001905008686455,0.045065837969945,0.0121252981896996,0.0357771075252909,0.01273655405606,0.0022764238771827,0.0015829744477024,0.0189602239310103,0.005956416261096
908,0.2543436844024718,0.0130426445406359,0.006002017748053,0.0013125246612373,0.2468637906914798,0.00833368556572,0.0012612441512376,0.0002469944433404,0.0059293322492953,0.0013165812129956
909,0.2733916945127588,0.0088123065566396,0.1344617031678001,0.0172391979463857,0.2102106686370023,0.1170456739729376,0.0167533741208163,0.0038865441299195,0.1009059607212195,0.0171427636505556
910,0.5041518544244308,0.0439644924733873,7.895660907949832e-05,4.196480362179282e-06,0.1554160702293536,0.0045080630088765,0.0001100701429673,2.312921531415094e-05,0.0002288405937076,9.416534581017125e-05
911,0.2214721233306494,0.008084559747882,0.2307867246426506,0.0105789828606301,0.2707843043145983,0.0531192365263315,0.0114204936781041,0.0034361118706367,0.2119893735872399,0.0105440810263181
912,0.0008458129997027,0.0005547842374883,0.0221667317411623,0.0035236595945445,0.0145125435892124,0.0034697584563186,0.000881879991925,0.0006235886774953,0.0060530023187257,0.0015881245680804
913,0.1396703277171966,0.0069721159196591,0.408837417561414,0.0534252208405555,0.1936170359446176,0.072667786126233,0.0282485985276472,0.0053131945798789,0.2861127412079911,0.0531854154110959
914,0.0007843895300748,0.0001256971435959,0.0290213745518135,0.0035202406812529,0.0048983515422359,0.0011309292325421,0.0006989093488264,0.0001550856005135,0.0074690598943911,0.0008292340722482
915,0.0195450690590983,0.0025473831856678,0.4068287451295629,0.1373070717227028,0.2636812248273914,0.0715926824942737,0.023403816200751,0.0024233115252262,0.3384723820314084,0.1287670350387514
916,0.1213844105543525,0.0059628636937986,0.1402823167952908,0.0332045910736607,0.1086211591911656,0.0484199982385069,0.0131622559570508,0.0034584874955552,0.1362301836790572,0.0330540455286898
917,0.3939352611996158,0.0438502413904425,0.0002277998142495,1.0577702493758035e-05,0.2613493940989998,0.0044086666606316,3.4385689726584735e-05,1.1085061808047195e-05,0.000277024301417,6.517070280138778e-05
918,0.1616701568195956,0.0062980646849026,0.2006043080483987,0.0291039320457884,0.112184134012881,0.0565438230954454,0.0148789937620136,0.0045994428212749,0.1728678045942619,0.0289893941968578
919,0.002245824666077,0.0016792133789982,0.3372130585614808,0.0970837282973824,0.1210524149718758,0.0215614799140403,0.0020243824520073,0.0014360334704907,0.1493436913169011,0.0201078832586399
920,0.5139538540361024,0.0315799006161029,7.183613802496108e-05,3.982889290619279e-06,0.1523320882737526,0.0075876244601849,0.0001142683124394,2.660850699757396e-05,0.0002528435405434,0.0001035565324182
921,0.1543148174241708,0.0073867810782913,0.1799523109738037,0.009781529531663,0.149766820468652,0.0806411284077566,0.0115926679236663,0.0034433239597584,0.1293128278872747,0.009765678807842
922,0.2845183136257707,0.0059952461762073,0.2375203820339974,0.0142171108040637,0.1140049097869282,0.0413283604718601,0.0108269465923198,0.0037684183016228,0.1562127679560462,0.0141826608862067
923,0.2702958615922309,0.0066831083067097,0.217740583689207,0.0312005458402205,0.142175300491229,0.0552302804144422,0.0120675040115421,0.0048351564718779,0.2001954446053874,0.031055137234173
924,0.0022963886626906,0.0019284913469444,0.3999691105076902,0.1112728525475024,0.1390827512718462,0.0388008618628262,0.0034220192206812,0.0016060147316513,0.2264249175798573,0.0570250199319805
925,,,,,,,,,,
926,0.0234027723172447,0.0024846042640214,0.149599104605164,0.06401870570343,0.0808715684495417,0.0358235181697654,0.0221520956971494,0.0024275118742656,0.1397750452059666,0.0617634950685727
927,0.428146891840872,0.0494699224296412,0.0001526695954969,8.037560795979456e-06,0.2129690461675017,0.0038969437187794,4.978451727633778e-05,1.4102945684837534e-05,0.0002547933619853,6.862314079757184e-05
928,0.0042338254774439,0.0008674719362176,0.1724361837037163,0.0642847919022306,0.0903196536006172,0.0218169996385913,0.0072251920661923,0.0009997213334342,0.1182520674699378,0.0554860205470446
929,0.2048939967268158,0.0078678220239493,0.233661895111355,0.0075844198237252,0.2484609810542703,0.032564149440521,0.0099020767917427,0.0026798853959038,0.1377607818507266,0.0075629790555263
930,0.2668492130637722,0.0074277999212504,0.1591051325004874,0.0276298028049845,0.1238072933909482,0.0597535107761252,0.014800517771105,0.004226972427623,0.1020094807882805,0.027561022397208
931,0.0007358846039618,0.0002719327461435,0.2335889422567805,0.0055897964995897,0.2301934140475962,0.0039480433847535,0.0014399698603816,0.0003704764043692,0.0973705358648045,0.0035426741519594
932,0.2087155947197824,0.008434644867926,0.1820916604515555,0.0183386252135466,0.1698668322002545,0.0619980358644966,0.0169945804498532,0.0047142978805966,0.1696402396291142,0.018301801314328
933,0.5192750607817654,0.0333261774528018,5.746143415976195e-05,3.82683834250872e-06,0.1425726319834096,0.0080536339485507,0.0001273445496095,3.817576520742472e-05,0.0002824495962364,0.0001159220952427
934,0.4021923886961061,0.0613777867134564,0.0001983386994319,9.64131408839184e-06,0.2467449059637195,0.0036408635465265,3.928977341038127e-05,1.5749887252184254e-05,0.000275830069596,7.228380572836185e-05
935,0.3910385051147521,0.0601210332046826,0.0001412513126481,1.2139091160426875e-05,0.2591727008318429,0.0043731771436442,4.771977970391333e-05,1.6125760754010408e-05,0.0002261875003183,6.441392019072884e-05
936,0.1281778714027601,0.006514573391274,0.3705038978603466,0.042077554310948,0.1475624698072402,0.0534416021507238,0.0205980050707148,0.0047869001760375,0.2276236785860468,0.0417701080614835
937,0.5115078352796687,0.0427627734875629,5.531839529250724e-05,4.235369114129836e-06,0.1463270664054105,0.0074217400687334,0.0001134238715754,2.884280763758637e-05,0.0002598464445905,0.0001192989009756
938,0.3789364110842444,0.0078018830830836,0.2156026363787374,0.0224650173364642,0.1746089865161528,0.0586384190961429,0.0207917015282331,0.0051195226113659,0.1173201214485654,0.0224260959661242
939,0.2055544453593775,0.0088621812872159,0.193635115107838,0.0092383660925028,0.1969374570264062,0.0426381622764428,0.0102376804126098,0.0030431878052228,0.1708741291798529,0.0092123102953556
940,0.5110420946352388,0.0396899624366573,7.255364596956389e-05,3.852041581405684e-06,0.1496922266039737,0.0047640453336778,0.0001096350016833,2.310167809401217e-05,0.0002184812906818,8.788109956010291e-05
941,0.175315323953151,0.0081552115286828,0.1860851747512391,0.0112498340399462,0.173641767452469,0.0849774091068536,0.0136248787003667,0.0038713635042789,0.1346540488277021,0.0112240377404751
942,0.000732769727789,0.0002784807709986,0.354489907554831,0.0054916062565508,0.3512287254359966,0.0038411809273091,0.0017389748913479,0.0003818319186453,0.1816305416659711,0.0041713493763405
943,0.2195045177714011,0.0108255757191354,0.1662009125598678,0.0117328884508259,0.2108044105569835,0.0389903911810616,0.0155355707914149,0.0038454071260689,0.1533714367068455,0.0116625857988643
944,0.3491003591953808,0.0460002151842978,9.209697394455027e-05,1.0366795567906795e-05,0.2703134057589362,0.0085000143961372,8.654639070542082e-05,3.490771426061772e-05,0.0002403060526909,0.0001047365832787
945,0.0026690613589194,0.0019208704958422,0.1191650543002431,0.029097793956251,0.0374446297922446,0.0141015615442485,0.0021678105285632,0.0016311192757022,0.0395154728402491,0.00785163715243
946,0.0489222398524299,0.006022827581868,0.3547848913133828,0.0450753745807767,0.1836692739279005,0.0598937382660127,0.0188544587011585,0.0047063331556952,0.2838123995893034,0.044881552871552
947,0.3641967740830386,0.0656214256295265,0.0002947706097564,1.3978147443100412e-05,0.2960525353425702,0.0037386447689303,3.656492839585656e-05,1.2732262386149152e-05,0.0002964974346655,6.319335602927171e-05
948,0.0008411338506519,0.0005951074609914,0.0386171241728045,0.0079930533203659,0.0161653068513044,0.0048492042128273,0.0011678642165186,0.0006659420100979,0.0133392368689402,0.0029324107741797
949,0.4776554559878432,0.029430623268541,9.928973878710016e-05,5.422028177097755e-06,0.1631144635357959,0.0057229982205295,8.686930239647133e-05,1.8829380782884925e-05,0.0001932736902576,7.869031087949314e-05
950,0.3948488800144917,0.0063540046718725,0.2256739958254671,0.0154231918020671,0.1342699798529534,0.061018469841423,0.0119226248509908,0.0036880890136691,0.1595341763680325,0.0154002876139055
951,0.4505710246094894,0.0508009702737262,0.0001232545995799,6.469631445306562e-06,0.1733228566115035,0.0035432269331246,6.455372746710378e-05,1.492692024441918e-05,0.0002442737346684,7.882587817896758e-05
952,0.2965201402062425,0.0075709556494598,0.2201822529283419,0.0122191061228988,0.2643777590918747,0.0559544848367836,0.0104576817618127,0.003553387544242,0.1927657681151382,0.012206730842786
953,0.2311129484397325,0.0065720147316766,0.194701570611638,0.0316743861727674,0.1321179139818557,0.0483685743854137,0.0161934393510415,0.0049810341371927,0.1304948077753658,0.03153424299741
954,0.1090012431072263,0.0075791933838663,0.2578016405314718,0.0733361640826454,0.1435193888003897,0.0794185496837797,0.0348079315326913,0.0057671684438918,0.239573785160076,0.0728704537790782
955,0.0007677845715999,0.0002383919546248,0.0267057098597061,0.0050183399951096,0.0203473861121754,0.0023301764597942,0.000919718046809,0.0003091143588113,0.0089235136687218,0.0014664885576089
956,0.2121078467737272,0.0089433409871259,0.1806658627503575,0.0115838111676674,0.2464358110678991,0.0753896095856055,0.0162211569102537,0.0041428319643533,0.1290520576098714,0.0115567299032516
957,0.001697232236618,0.0002694008300428,4.032912159655062,0.0054788828213759,4.017232327079561,0.0034306173266039,0.0044293510597833,0.0003704605988716,1.6821355257158126,0.0045812868218283
958,0.1739097847422888,0.0374280704026006,0.0008190084058621,0.0001957638021952,0.4679724065038023,0.004544329911262,8.282064300130367e-05,1.7180030755878247e-05,0.0007967711551751,0.0001795594643895
959,0.1568180286848043,0.006543242516827,0.2730280524555883,0.0266218142699902,0.0907271775361773,0.045092918604612,0.0138188824722774,0.0044481215026206,0.1458674744899172,0.0265070319349653
960,0.1310769513012108,0.008658739683681,0.2116843189232284,0.0093357746408344,0.1896465915006803,0.0886234382816388,0.0120205962065734,0.0036959190907321,0.1688707985609832,0.0093267334017673
961,0.4732779714837458,0.0315014453405748,9.5567239984523e-05,5.535467241827335e-06,0.1664021655497579,0.0044018280625974,6.667269580405181e-05,1.3116470427160638e-05,0.0002263456238601,8.553462570343299e-05
962,0.4875094675944421,0.024795272932394,7.79430484755392e-05,5.533506317451943e-06,0.1579215748205072,0.0099530331707498,0.0001013249032814,2.2949261319901343e-05,0.0002578557755105,9.97385585037964e-05
963,0.4146555436971366,0.0572326720816865,0.0001799466624595,8.772731027577404e-06,0.2340065683977317,0.0032242937677368,4.368495063754919e-05,1.1201399625009096e-05,0.0002682767849551,6.712262765732688e-05
964,0.0060156641156995,0.0015762637998856,0.1767638804758879,0.0445255650312433,0.0754409071436685,0.0284255838560738,0.0076546444172995,0.0014727084764595,0.1284665021310293,0.0426688484101348
965,0.2018977632721643,0.0658108497275365,9.517273314438902e-05,1.4032174910438388e-05,0.399484159170936,0.0067922641850105,8.086421297231325e-05,2.492715759064065e-05,0.0002381386348953,0.0001096557253092
966,0.0007339954496264,0.0005193260958918,0.027472649840098,0.0064039886144919,0.0202437804803003,0.0060995900185578,0.0008478815724584,0.0005928279911656,0.011091473816246,0.0030679442667224
967,0.1750001563535289,0.0077135352364097,0.2154225583480263,0.0089056430113419,0.1983312399342544,0.0481640131157603,0.0109822210858031,0.0029560724455658,0.1049763784521339,0.008876606955472
968,0.0015616115345252,0.0010064632374842,0.1278543577728346,0.0232523328786462,0.0285005583611102,0.0061827938535787,0.0024520390868385,0.0010381780438624,0.0292096677305201,0.004149212191095
969,0.2208055009158127,0.0110376256504382,0.1967349654512372,0.0092853572047157,0.2412312472005711,0.0320191149142561,0.0114667258522316,0.0032394402380145,0.1722510134519928,0.0092434393846201
970,0.2169938628609051,0.0105193240096639,0.2036106095688289,0.0101896673950644,0.2358221090691724,0.0435449416508421,0.0172614371914313,0.0039133572470113,0.1915155539122733,0.0101625037749708
971,0.2470695703395254,0.0080799551281167,0.2318201421054424,0.0072306332644474,0.189830944657979,0.0297858317541812,0.0093227009817685,0.0029529967666603,0.1339402114679147,0.0072157065876335
972,0.5296337251216117,0.0385877424156857,6.028417153591584e-05,3.2455706417101016e-06,0.1428564374013642,0.0057378317499622,0.0001124859885012,2.9003044907918377e-05,0.0002302831185267,0.0001038913072373
973,0.188429570515329,0.007016313414967,0.2233826830640048,0.0405057841177488,0.1252672186659746,0.0616444683642979,0.0201603008996151,0.0050012287743565,0.174409827576461,0.0403135384075891
974,0.0007229552262582,0.0002724430112234,0.4905658866739122,0.0053931920700852,0.4862703197455407,0.0035700077369902,0.002149873546026,0.000376698459045,0.2607110862011333,0.0041708157461966
975,0.3809107402825794,0.06518756971212,0.0002208345923666,1.1514020815289153e-05,0.266761523334434,0.0041951854193002,4.436651399779971e-05,1.7776839905372317e-05,0.0002746428992119,7.161478150333666e-05
976,0.0018975975576936,0.0002709032829793,4.846912059583804,0.0055244176036378,4.82019224041797,0.0035207799316137,0.0049010899603604,0.0003714939282244,1.97556405250458,0.0046919633789245
977,0.2738678763825202,0.0067885608630798,0.1859316934901854,0.0193058419657552,0.1118933258399245,0.0439055560030417,0.0138969956040004,0.0042810293375643,0.1724754619782932,0.0192597438546291
978,0.3430849508593272,0.0689009724691578,0.0003168434815482,1.6405962142679388e-05,0.3209109670382589,0.0051063322231084,4.632701447299371e-05,2.5177053903832678e-05,0.0003231400150024,8.256947435020072e-05
979,0.1243047428330161,0.0063462836844295,0.1878900796214342,0.0211586122967759,0.1185231352865364,0.0386284395012158,0.0169943658186947,0.0043857402092845,0.1326086185729479,0.0210911443044691
980,0.2550867592954258,0.0365547310819182,0.0001473729829135,2.599052071471829e-05,0.44240577840151,0.0158969954211821,7.110545207271778e-05,1.6896821140514422e-05,0.0003575789206752,0.0001063839106236
981,0.4982549191764519,0.0409235516432523,8.338309190974464e-05,4.499636852000128e-06,0.1572585609304332,0.0044471182809429,9.98436525569845e-05,1.9661221869219117e-05,0.0002181985374796,8.574262264712065e-05
982,0.5204889606303864,0.0504072877104643,5.556795061071055e-05,3.9225258932436684e-06,0.1420880390815014,0.0065752095787012,0.000110712453114,2.929845377748776e-05,0.0003621187116533,0.000114920248501
983,0.0043795628126221,0.0011693655387781,0.4368366705470594,0.2932055022826058,0.2661264703096925,0.0751064519434349,0.009076537301146,0.0012120542559026,0.3219872559337313,0.0966308680394015
984,0.2179304858303837,0.0208750585538332,0.0009899237274072,0.0002339338281415,0.4284250303976074,0.007679933120021,6.782867385141706e-05,1.6240924729737415e-05,0.0009192887936964,0.0002168513698615
985,0.4273470388210084,0.0074498661216133,0.218833284857536,0.018060238179966,0.1608214982445873,0.0725227894855602,0.0171170503198634,0.0044943925568281,0.1317060896587584,0.0180382324615976
986,0.1724984531083295,0.0075767592915543,0.2169718242879858,0.0122785946553084,0.1959219900395051,0.0816675035319739,0.0134421349749893,0.0038538509807529,0.1851519746309474,0.0122521269097262
987,0.0007862637394439,0.0001925697652522,0.0278102823561515,0.0047686325556898,0.0123646849371325,0.001753717416272,0.000880096890898,0.0002451484759093,0.0075870515508463,0.0012600346060158
988,0.0041952667830678,0.0021559966492366,0.2327459964829338,0.063889696027151,0.0701182492090863,0.0298698381342645,0.0052429002046698,0.0017808687600469,0.1144998147570266,0.0573000931659962
989,0.3905488174077581,0.0519226211426879,0.0002002166711664,1.1712915966853024e-05,0.2601055439530304,0.0054315363954747,4.00875434555807e-05,1.649360543232937e-05,0.0002825667818775,7.119903466374729e-05
990,0.3665041345809781,0.0693568473436736,0.0002885102302936,1.3303771137862376e-05,0.2865628087085586,0.0043220587643674,4.556328686570916e-05,1.732846099180105e-05,0.0002891429536394,7.318101850080911e-05
991,0.3800534266201074,0.069875181909882,0.0002070991461152,1.2035910205641978e-05,0.2589565725813296,0.0057709741824716,0.0001248140424388,1.9415271420034627e-05,0.000424365171318,8.457522145984109e-05
992,0.0339213914445609,0.0027502643795988,0.2248434729659564,0.0569295477396354,0.1251133688240496,0.045898750239335,0.0244717785809099,0.0025723928399101,0.1794521311777305,0.0553387312245268
993,0.0010313703094917,0.0007126658336604,0.0276189782543378,0.006022350933604,0.0168729336230003,0.0053972092391171,0.0011499958609778,0.0007817448362035,0.0117237184101558,0.0027179960157284
994,0.1222174327607488,0.0053886089488617,0.1593165071740178,0.03551320242311,0.1168947939526621,0.0519467269808228,0.0205384556356801,0.0036611573092791,0.1168756773455397,0.0353182830009368
995,0.0018224020391744,0.0012587840748449,0.0673293330087986,0.0150607716278563,0.0244245138208921,0.0070006009923867,0.0017617560134232,0.0012027578095906,0.016549437741423,0.0039309110649339
996,0.0361905435944551,0.0029162222844942,0.2756439741182906,0.0844637244187566,0.1638002641184787,0.0456966013895316,0.0309157981705862,0.0027748504119048,0.2088400080148895,0.0816593362547377
997,0.311710613439951,0.0068103056778761,0.2624640215320366,0.0157607087194498,0.1301480227345342,0.047147645874117,0.0148760629940311,0.0041049266252029,0.2308359479903191,0.0157335305914624
998,0.1871402949126252,0.0384407057347644,0.0001579210687378,2.264417590332152e-05,0.5142628614333464,0.0053839468695283,4.0810448727200055e-05,7.516461728236418e-06,0.0002767167909763,8.820194638785229e-05
999,0.1401087014261421,0.0065775760213023,0.273011971205734,0.1335830081030229,0.1876209629115185,0.0749992463149655,0.0621708058302671,0.0047331767202491,0.2712056577192953,0.131923742125581
1000,0.149848008871065,0.0083985058104274,0.1552819093703078,0.0114884592960844,0.1783292833936412,0.0884087912571529,0.0116278201322019,0.0037977327106029,0.1326276965750644,0.011461146867129
1001,0.1723820271576468,0.0080873561558924,0.2007424735122197,0.0089473255925925,0.162916264907466,0.0396542442969495,0.0122946895516439,0.0032932723984116,0.1883389252126752,0.008924735965757
1002,0.5171674737908644,0.0263224824402222,6.926270875190825e-05,4.013030298436569e-06,0.1486975287977076,0.007646056559458,0.0001098378417113,2.9407793580919635e-05,0.0002621183135686,0.0001050502670013
1003,0.4291186399549281,0.0548283687374822,0.0001548453484255,7.777217397886865e-06,0.2126955831920491,0.0034972786135297,5.165359243468487e-05,1.5048207947569024e-05,0.0002642314150254,8.022652266983837e-05
1004,0.1214168802478496,0.0075235450955381,0.1647665399753352,0.013369029911557,0.14757503128462,0.0614269405332339,0.0164583083120422,0.0044587966365854,0.1425044748684145,0.0133536285793246
1005,0.1309528930599452,0.0069526436592927,0.2566209319047379,0.0284960300956851,0.1376354963575523,0.0537888850835056,0.0158020974231185,0.0048208061051348,0.2242819754349957,0.0284302261291386
1006,0.2879975914697106,0.0059021620120055,0.1634314858318334,0.0237046897988144,0.1174243369071808,0.054142026090244,0.0130586323076873,0.0040757292932236,0.1299321106493274,0.0236382757707747
1007,0.405724121031053,0.0085119785702836,0.1965462050437318,0.0192975362958925,0.127008757124218,0.0602247223820166,0.0212901052250445,0.0052300283662806,0.1799142549518564,0.0192829565751834
1008,0.418322265982635,0.062525055732396,0.0001682648496373,8.682231935217911e-06,0.2247394736259308,0.0033375038027727,4.526620690573063e-05,1.5465259038270416e-05,0.000265791913112,6.306213085425006e-05
1009,0.4401450045428363,0.0340671934679942,0.0001214689248742,7.082372862555173e-06,0.1745271568009419,0.0051660547864393,6.437253316659402e-05,1.684100109755568e-05,0.0002464440347573,7.426943325404477e-05
1010,0.4735188141956714,0.1027428600329046,9.392206438783118e-05,7.716700720029773e-06,0.1613150443561349,0.0053826423546065,0.000129054750541,2.685451099277748e-05,0.000341152461207,8.983570072344018e-05
1011,0.3600226989419979,0.068012153475169,0.0003047529030341,1.4742418118820998e-05,0.3055117754639554,0.0033666322508814,3.395853421611339e-05,1.2219460597601403e-05,0.0003053448757597,5.5516799689269314e-05
1012,0.3809563051416744,0.0067415774173259,0.2332487252137849,0.0185647140236291,0.1238738246228035,0.0566306014625637,0.0137237218823129,0.003851545161607,0.1440117960290127,0.0185119689985448
1013,0.17874791906347,0.0295520914542354,0.0003263403471015,6.97307032420573e-05,0.4624750277904915,0.0108140517078094,1.6901249782633602e-05,5.779009718742147e-06,0.0004629059438504,0.0001335068629815
1014,0.141607634257928,0.0072329427956388,0.2689874096759648,0.0095531641087788,0.1640111436678565,0.0790851088548125,0.0113292896475615,0.0030900185120418,0.1581828994184258,0.0095352272578238
1015,0.4127324934907835,0.0057780643868196,0.148625628058675,0.0145343955860884,0.1229840124596085,0.0536687891815628,0.0091443157464665,0.0033036978668612,0.1407698391330099,0.0145038497347658
1016,0.043069142051771,0.004713584053031,0.185615854325202,0.0574118204984039,0.1319726953314627,0.0637273025734212,0.0197940541662051,0.0033528349488522,0.1796133112121297,0.0569703885355063
1017,0.0007522770179837,0.000429848257486,0.0280344771040772,0.0040582081186108,0.0142906437597126,0.0040322141667807,0.0007083270489696,0.0004978551667914,0.0073365453525353,0.0021692531034017
1018,0.2002739775542625,0.0065943172955234,0.1761368573290176,0.0103814264608617,0.1586767264215219,0.0800127963252976,0.0094347374447598,0.0032466575325563,0.1373366155848375,0.0103530068262124
1019,0.4458227599840394,0.046610158037299,0.0001139848173361,6.516299434297488e-06,0.1653461986297893,0.0039411567636156,7.655753070327568e-05,1.8031303229092745e-05,0.0002640736697381,7.179053432337014e-05
1020,0.4234244828361269,0.0073198450258366,0.1833096254567087,0.0228821628474501,0.1415360484425095,0.0692569815313546,0.0147801503814757,0.0043214930357205,0.1468732146109494,0.0228161993182285
1021,0.0018624222744354,0.0013663329183562,0.0268528341294229,0.007157072958948,0.0236620941697851,0.0069870300522808,0.0016442825368821,0.0012353598164936,0.0108651364291104,0.0035289832673479
1022,0.0017059601761061,0.0002756437147196,3.9305342683810087,0.0054790689980185,3.915401879225119,0.0034451564432975,0.0044488894730637,0.0003785576608213,1.6455955798182378,0.0045879047260937
1023,0.0016335701372442,0.0011512025654513,0.1949446705409603,0.067854979904739,0.0547263515841308,0.0117322078134172,0.0016278510598962,0.0011563971064154,0.0566899350977746,0.01005680180335
1024,0.2538991600558219,0.0585771729215754,0.0001242337500972,1.4186140687276124e-05,0.4911657739500522,0.0047445651818941,7.46642952156864e-05,1.2954908958188965e-05,0.0002439388839864,8.202635771497967e-05
1025,0.0019893554477775,0.0002750365426197,5.08442453262847,0.0055466168154078,5.051228958990755,0.0035497132485838,0.0051131702135739,0.0003763898314824,2.0563041969985973,0.0048512332390902
1026,0.1760606947171015,0.0583545196356427,0.0001752063270011,2.624307706609701e-05,0.5050802343926521,0.0063231254981806,6.867141378589987e-05,1.6336352948639466e-05,0.0002140152472846,7.680006277321776e-05
1027,0.4389814822913252,0.0603393867966618,0.0001226024367999,7.511030145192877e-06,0.1788860488561414,0.0052211255989575,0.0001443833488672,1.9770057286915692e-05,0.0004347785994862,8.12039986871102e-05
1028,0.4205598095108275,0.0564544836286873,0.000164773513601,8.35690279735182e-06,0.2215529791228534,0.0042022665030775,4.728516768440304e-05,1.724339531493092e-05,0.0002692606631112,7.657500959553096e-05
1029,0.0017948292048383,0.0002726118773393,4.898012619036039,0.0054932364627521,4.874713675139781,0.0034709377972366,0.0046607603395243,0.0003741097057702,1.980554270610455,0.0046844929107819
1030,0.2125797638751515,0.0089944153234354,0.1856498479594659,0.0091610770738629,0.1705410835600956,0.0409650990076263,0.0117052483997758,0.0033479699955202,0.1557242745245259,0.0091367908477301
1031,0.1321580450936935,0.0069517594419963,0.1661431689303332,0.0115577767754398,0.151417358224,0.0666395900583198,0.0119263622469233,0.0036673124538803,0.1449042987529654,0.0115411813043043
1032,0.4793643079372464,0.0398731885275558,8.912811577358629e-05,5.06527839975999e-06,0.162969208206667,0.0046455172301903,9.325134679474629e-05,1.6978626153262892e-05,0.0002482595484647,8.802424579599244e-05
1033,0.4288856772674306,0.0539242923362471,0.0001342324801129,7.898142482597e-06,0.1943822338460532,0.0057446489782067,0.0001283560669187,1.946825304390478e-05,0.0004103434642855,8.796910031798288e-05
1034,0.2569772319296229,0.0076419688584892,0.1777140242053963,0.0130803661141695,0.209002613636973,0.1129485207105004,0.0135712908393008,0.0039228081941906,0.1306855290779139,0.0130567612964267
1035,0.4099875811570184,0.0074437501294081,0.2410606156096498,0.0162161984407575,0.1414490922026524,0.0645189134200805,0.0130532081374743,0.0042140401266872,0.1448397399605678,0.0161947500367051
1036,0.0023881789118787,0.0017568475490322,0.2800378231310385,0.0900181582556733,0.0962154977561765,0.0201733377300876,0.0020349059192357,0.0015127962179709,0.1077447830729645,0.0176985536987317
1037,0.1804773078806627,0.0077912215235379,0.2368026460860209,0.0183074633147686,0.1628465731513795,0.0680302720143779,0.0167128132662185,0.0042419687683425,0.2046604754750381,0.0182611858229458
1038,0.0204035712521947,0.0023593022894994,0.191185204029669,0.0560228521989486,0.0850186298954287,0.0351702338900073,0.0192242337111015,0.0021589365668605,0.1322305461440563,0.054255031983439
1039,0.1966497604301517,0.007578292662095,0.1830051921119602,0.0122740115631578,0.2900251847445483,0.159736894600438,0.012736395674619,0.00338418236596,0.1130791541429373,0.0122327738946763
1040,0.0008476306178427,0.0005848121523953,0.0464111332896342,0.0104546753875945,0.0166488427024245,0.0042680097002414,0.0009972327395072,0.0006636141171655,0.0102610915916019,0.0029787157562093
1041,0.4238008194767828,0.0472050704311814,0.0001609465673655,8.130189527108043e-06,0.2187685571780484,0.0037683590266393,4.799688878326204e-05,1.1955969669175782e-05,0.0002914492670866,7.743010130602078e-05
1042,0.4452213617522695,0.0488205010264533,0.0001251167953048,6.629728292749516e-06,0.1775876195763591,0.0037898162328627,6.070263270197846e-05,1.5703535928782535e-05,0.0002513236188657,7.972280866047164e-05
1043,0.3315989554706655,0.0759746068749588,0.0004152800818312,1.9082410586123583e-05,0.371247376831466,0.0042588346490617,4.366697103276364e-05,1.7758892351978614e-05,0.0004164305948593,6.706857753435991e-05
1044,0.5401507120222769,0.0332756261265845,5.279948140021205e-05,2.933418553408846e-06,0.1409144548845718,0.0085825514196315,0.0001151932594985,3.850295674067484e-05,0.0003155296908213,0.0001306912666822
1045,0.168437225373741,0.0084082799763065,0.1676838894874607,0.0097852282035846,0.2079999192380512,0.0872746129288533,0.0131764466508271,0.0035101002583316,0.1506710867034265,0.0097675384855861
1046,0.3639866360551474,0.0663679750277475,0.0002930431440554,1.369949869413328e-05,0.292103925778282,0.0053278407806192,5.668664017635837e-05,2.679639515140748e-05,0.0002944519970811,9.282737585696836e-05
1047,0.4904781176800091,0.0277244321634279,9.041025763106848e-05,5.009531333007023e-06,0.1623719505361456,0.0063917785607223,0.0001000555896775,1.9849065115882774e-05,0.0002326100646218,8.571503560501582e-05
1048,0.3924454379019452,0.0052685387474406,0.1618499627173804,0.0162829309250658,0.13946537230464,0.0607946722449588,0.01320945227928,0.0032261582012486,0.1275792179706543,0.0162478384692511
1049,0.4112568971722171,0.0547839574052355,0.0001674381177185,8.796173303023323e-06,0.2342676750500118,0.0040354186268588,4.198339903982018e-05,1.5546860528470414e-05,0.0002856739941066,7.777032625070616e-05
1050,0.206986440279576,0.0072700403636778,0.2066019727147813,0.0939652287194582,0.1611326440558236,0.072570163265417,0.0506208122524965,0.0053798635465792,0.2020868455825433,0.093132977290371
1051,0.0041174098528919,0.0016209412796467,0.2177643722650943,0.041782707572068,0.0930403684745729,0.0240701490304392,0.0053578903760783,0.0015456175176938,0.1332962887626774,0.039598767651989
1052,0.5515526550369583,0.0364554818322282,4.2464359759428e-05,3.1461757024454222e-06,0.1325017115375596,0.0083898966337793,0.0001156327468092,4.036613522701277e-05,0.0003191663019493,0.0001451882823045
1053,0.1738278450538407,0.0096164414451411,0.1129009094649655,0.0141175463846852,0.2042556144689965,0.0672014594697973,0.0178436633717649,0.0043834243918036,0.1055922361546231,0.014080368798758
1054,0.436440698852679,0.0526366913482804,0.0001424701232747,7.386800172281253e-06,0.1980454850924483,0.0034355955648964,5.540268306459208e-05,1.3523040235084394e-05,0.0002459685873596,6.827792807802349e-05
1055,0.4109407891773644,0.0881219091753076,0.0001589550657861,1.1137815791142586e-05,0.222878638881976,0.0059305707343742,8.937602380151967e-05,2.1511727292916905e-05,0.0002729533976084,8.84524568736801e-05
1056,0.1808623928249144,0.0088879828527876,0.2505841035180236,0.0151987661908172,0.1926927997388841,0.0942076803779909,0.0207246418925238,0.0047277437715122,0.2233415419017442,0.015156423914663
1057,0.0026288275965898,0.0017501413194498,0.4360052264075487,0.2029172585717748,0.2290020897819162,0.0492837991917496,0.0043582775827345,0.0014840807999614,0.3216862838163196,0.0754199453940038
1058,0.436541065141743,0.0449573417585726,0.0001242168704077,6.98829259052069e-06,0.180472827561014,0.0042538983819009,6.568409784616093e-05,1.4581081026203066e-05,0.0002477471960095,7.63191249275938e-05
1059,0.0433914545275605,0.0035520963020782,0.1358428343943336,0.067409395455606,0.1315145405593785,0.0538459296672818,0.0292769202366037,0.00326949461018,0.1318575612303286,0.0660282186230009
1060,0.1259504013964965,0.0073447753003195,0.2164568153213356,0.1032415156655452,0.1659436410733626,0.0846870460953185,0.0415475860334923,0.0056895195932144,0.1986004586811511,0.1022312420622883
1061,0.1941255965314033,0.0083345549696979,0.2219491154322999,0.0085685341404818,0.1363300548275414,0.0431406934111239,0.010996450467342,0.0031568391616348,0.2052873932722611,0.0085506921342181
1062,0.1692926289828359,0.0096245261255162,0.2309233247315698,0.0087504353904367,0.1925421884623957,0.0295138366027474,0.0144665184346964,0.0033327998926137,0.1464179827974847,0.0087176948216109
1063,0.4393874234326443,0.0579192359988776,0.0001407796368526,7.112018852497573e-06,0.1931195399333976,0.0034596056856236,5.963537767334001e-05,1.8024584950591327e-05,0.0002466874120311,6.765048108775368e-05
1064,0.5304341022161145,0.0271244675498779,5.160416644394017e-05,3.276202852455232e-06,0.139493341677272,0.0102133229067221,0.0001056832350381,4.0054984631945456e-05,0.0003306166521428,0.0001348387344313
1065,0.2530721381746346,0.0067630325118871,0.1650865274306945,0.0190883257165783,0.1131313473130085,0.0500932678970219,0.0155457524843307,0.0042986779126351,0.1330821962453034,0.0190561491660488
1066,0.1927744182674623,0.0095776868340925,0.2281353435989393,0.0142143834151456,0.1943919034059571,0.0816182403718444,0.0154440825091972,0.0044014576246159,0.2171889052414988,0.014179559751761
1067,0.0832863471637989,0.0055199916832551,0.2285282108217779,0.1068469560967378,0.1600220203756338,0.0757609660140122,0.0455785766420706,0.00459057068702,0.1873023761099967,0.1054079325938477
1068,0.4750778571199924,0.0306458143986659,9.140091472565064e-05,5.891424721313471e-06,0.168701579660744,0.0045311301202783,5.873793929424729e-05,1.238714715255162e-05,0.0002212173750878,9.128310149974056e-05
1069,0.1695844312052037,0.0349368967822165,0.0001772350828988,4.027921607672946e-05,0.3527736278784276,0.0063739517884041,7.102289672312846e-05,1.5919768238085273e-05,0.0002550234185161,8.017765832705667e-05
1070,0.4065889943068415,0.0640546367517772,0.0001883619478386,9.34238107021768e-06,0.2407069507717254,0.0033059281310323,3.9943328312034616e-05,1.4635850431215473e-05,0.0002727063949763,6.418476133349871e-05
1071,0.0007406755520986,0.0002852233088254,0.1793008172752066,0.0057884052580861,0.1759147013537285,0.0042327509622748,0.001321803635108,0.0003842332477331,0.0671244566361143,0.0032595974870634
1072,0.4074416024642297,0.0569596163257888,0.0001652202086499,9.368064316569056e-06,0.2326226664492995,0.0045955084846747,0.0001096838640499,1.6247309498202263e-05,0.0003442554831758,7.502486053831599e-05
1073,0.3905981550953586,0.0573689365749806,0.0002284649416471,1.10749238141136e-05,0.2675800197951238,0.0035485936153382,3.3341064853581006e-05,1.3252804062560306e-05,0.0003048005936829,7.672295693226253e-05
1074,0.0233104367444016,0.0021636155439544,0.2510589048832201,0.1484130986302082,0.0648260890600408,0.0291400421069888,0.0280294100378004,0.0021090484841309,0.2426244343153831,0.1403652087863262
1075,0.2639178934430473,0.0083027876140201,0.2785504723103567,0.0272282995092236,0.1559581483854807,0.0610650107827121,0.0185415598453958,0.005714630218184,0.2517942808524922,0.0271814329102596
1076,0.0024779909911793,0.0008303035516003,0.3790561439997982,0.214802868346874,0.1841726679896937,0.0370311420266758,0.0055330593388551,0.0009231175454725,0.2024802220784979,0.0418665484358482
1077,0.3930095115797682,0.0625251420566259,0.0002214312927184,1.0682236558447014e-05,0.2608202678858793,0.0033620308020681,3.701749662180059e-05,1.305011703725564e-05,0.0002945318411461,6.901902490254204e-05
1078,0.0016233136166838,0.0010679585723148,0.1287604995772284,0.047488896618248,0.052572574535925,0.0148441399946648,0.0023493593606476,0.0011139781187904,0.0608325866222353,0.0165241121045721
1079,0.3897240336449573,0.0556418218440613,0.0002326498223798,1.1362013781316295e-05,0.2694680964530527,0.0038621025368281,3.187783842060744e-05,1.212749946366161e-05,0.0002880392094618,6.960543612402865e-05
1080,0.1671873091380721,0.0101490225905359,0.2368712638270042,0.0096809120287009,0.1747297529165001,0.0461050617130746,0.0174364928842493,0.0040616631994553,0.2262005493170746,0.0096633514598985
1081,0.3715970871107231,0.0650563150424643,0.0002368611109393,1.338827276988998e-05,0.2804465701136744,0.0038221590228426,4.175804530552866e-05,1.3838565051960465e-05,0.0002450434385274,6.038407924601627e-05
1082,0.0019590336957649,0.0002743099356926,5.833219292048201,0.0055351479395037,5.797079068658004,0.0035426584921275,0.0050456993517105,0.0003757373020195,2.299415675276711,0.0047683873020251
1083,0.0515563589313658,0.0039989333209691,0.15804766735894,0.0357613989770804,0.086904067960369,0.0443291987527293,0.0197080665968386,0.0034488196923228,0.1227094965541382,0.0353605413499226
1084,0.4353824413411802,0.0540905240990129,0.0001455464307021,7.324509844556029e-06,0.200619970407841,0.0033655983372415,5.3780260887039616e-05,1.3874793811265132e-05,0.000262360885528,7.313952089273341e-05
1085,0.3998764457556833,0.0077550529751189,0.174741908364828,0.0152448687802625,0.2048100892499149,0.0614858696237984,0.0117707800920772,0.0040074476075826,0.1470147554098187,0.0152242998534155
1086,0.1730603933750486,0.0203404972998548,0.0005027368926701,0.0001379184369895,0.3361247081747207,0.0148349750298728,4.471742693030072e-05,1.649068105658186e-05,0.0004532043099236,0.0001789052807119
1087,0.4758793355664675,0.0431012041828367,8.917543889414789e-05,5.089009771761733e-06,0.1643641367460913,0.0041063288582193,9.058088401936532e-05,1.741853561095095e-05,0.000239628197575,8.34723925965603e-05
1088,0.3178149422655715,0.0739576934537131,0.0004996888238429,2.2622914146401745e-05,0.4491403012879943,0.0048942899277829,5.74060235229093e-05,2.084529400121871e-05,0.0005011139809232,7.582862647681574e-05
1089,0.5266857616940559,0.0357476852892161,6.252934275145636e-05,3.4380650089952373e-06,0.144584603667974,0.0062971620903104,0.0001131552715369,3.286672819535462e-05,0.0002379284267269,0.0001128443011452
1090,0.4341866831486345,0.0741396431770352,0.000125499029664,1.0320314233422904e-05,0.1825183479779026,0.0059323437476295,6.190862202869463e-05,1.6392967984214155e-05,0.0002515105501174,8.264305120096927e-05
1091,0.5454918564502628,0.0347095868338558,4.847004675510096e-05,2.711182989663321e-06,0.1376132549640406,0.0100778056553085,0.0001231111102994,4.929913582556982e-05,0.0004081080080125,0.0001576580003594
1092,0.4877888159777767,0.0447049098222452,9.218914701690868e-05,4.929040646640125e-06,0.1614962076165647,0.0037678939773087,9.462166306540692e-05,1.693500088775696e-05,0.0002318462027272,7.973312129539108e-05
1093,0.1227597696859053,0.0069827527612063,0.1770911766926064,0.012634024467854,0.1479404618167035,0.068496006546137,0.0108624374810278,0.0035310008074567,0.1517381933108636,0.0126000622682901
1094,0.2617307695470331,0.0086076947433933,0.2279305006443439,0.0108982039903733,0.1853066517057234,0.065252275625797,0.0124983761305975,0.003640021646293,0.2003122838477986,0.0108665935705847
1095,0.0039823371385237,0.0010466609316962,0.1442960541108969,0.0773027346552707,0.0647312603920627,0.0224175128894561,0.0067425810682956,0.0011548530661715,0.1148008949767697,0.062062769178993
1096,0.3945702277445964,0.060189361992964,0.0001821939940187,9.97858779387834e-06,0.2412410007991055,0.0033811850897981,4.130876540374357e-05,1.2815751453544428e-05,0.000267299432523,6.436016984400144e-05
1097,0.446001694107419,0.0509355098133365,0.000117971414706,6.599788210407471e-06,0.1692492500056335,0.0044592935517302,6.412212269585611e-05,2.1633117627226865e-05,0.0002267383920081,6.793243695265826e-05
1098,0.0009615350224941,0.0006298674382797,0.0280946500867796,0.0066349901789797,0.0152834128139178,0.0038328048599172,0.0011853696837464,0.0006996102716294,0.0098924562440829,0.0022286177546618
1099,0.3772575630795859,0.0625312009741097,0.0002265066514404,1.1984473593696792e-05,0.2702876128348214,0.0053079411712599,4.8103975501456506e-05,2.2351949062187413e-05,0.0003051799765189,8.776840969138188e-05
1100,0.0242090769026501,0.0026632696409113,0.1982390072962762,0.0617901801703392,0.0951084941271028,0.0372617898316607,0.0216909526314679,0.0024690145241242,0.1350874337954939,0.0598854110067438
1101,0.3563134405229267,0.0663634527951675,0.0003147973191695,1.4656722322866156e-05,0.3057551260018538,0.0039635594205913,4.33495856402259e-05,1.5533784338591636e-05,0.0003155149699533,7.17544428621121e-05
1102,0.4513571938848451,0.1193097358944851,0.0001076801591698,1.0580090121407804e-05,0.1640627513727457,0.0058350467473767,9.215578576339932e-05,2.107494567716953e-05,0.0003221400440529,8.97631869405436e-05
1103,0.0272214923519021,0.0034446283305605,0.2098064880023191,0.0492151829790684,0.1054375111617112,0.0471997091692187,0.0171410452881833,0.002650212244908,0.1382659668116043,0.0485703629614627
1104,0.4480050242460486,0.0525251525626489,0.0001242468082582,6.599314651831428e-06,0.1761725326755867,0.0029386018441527,6.316993835353258e-05,1.2543064630378387e-05,0.0002470153922139,6.978061141296762e-05
1105,0.1671381409976537,0.0082183255924227,0.1832825483844126,0.014653950903104,0.1913476627969599,0.0914157047036935,0.0105618403492671,0.0038409964537513,0.1362640515703466,0.0146083509482706
1106,0.4918821572076214,0.0419451825594174,8.889144512544644e-05,4.758600926866865e-06,0.1600330436572558,0.0039961678555005,9.649920564646012e-05,1.8565465065126145e-05,0.0002505836224957,8.03684349735308e-05
1107,0.1428810612863303,0.0072592733134643,0.2000446018682656,0.0126884813482992,0.269043029987716,0.0568261174246693,0.0116761054053862,0.003537027414182,0.148358747402191,0.0126528651847642
1108,0.0016073977047681,0.0010927596174365,0.1568872531709867,0.0432101383920344,0.0400735497741413,0.0085136797760642,0.0020049520791347,0.001138479372562,0.0486253894125709,0.0108837848131714
1109,0.2045717621312822,0.0083466882286875,0.1520674148770791,0.048146606411169,0.1424150167604858,0.0736390633468995,0.0217269580748243,0.0055659082191142,0.1476369290416723,0.0479956495478407
1110,0.1477247964299449,0.0250693209164341,0.0003863197559209,9.646464797287162e-05,0.5325637668254005,0.0074258357140945,2.2720767780110715e-05,6.457603065190449e-06,0.0003807751289387,9.328209288186522e-05
1111,0.5842063927635517,0.0078397032844932,0.1281905220243784,0.0244797767720209,0.1718997335083963,0.0842118709540707,0.013243454553892,0.0042529376777857,0.1221723886090973,0.0244554239917312
1112,0.4382446389142459,0.0471074888778047,0.0001391202074183,7.214563327362423e-06,0.1949754549901368,0.0036175622126398,5.686943518646877e-05,1.3121694878640612e-05,0.0002624213814892,7.34487020938829e-05
1113,0.0504802874302689,0.0031099509895988,0.2002627731582751,0.0893207532808362,0.1207323837833474,0.0473752149686201,0.0387454098621787,0.0031415703857327,0.1969638905432343,0.0871268427929328
1114,0.1564653579246383,0.0060559918807487,0.179079305461818,0.0204893543210168,0.1451211446024738,0.0406979199653134,0.0130527092057831,0.0043128283617895,0.1399649540542574,0.0204287334428592
1115,0.1142761009666271,0.0108936690787768,0.0063933785409251,0.0013567792837195,0.4325761931532021,0.0090866605141886,0.0013917748467183,0.0001858061489546,0.0063180891905675,0.0013612199345279
1116,0.3996160792068843,0.0599707769576055,0.0002027752824599,1.0226931863809384e-05,0.2528875951020516,0.0038044423993587,4.613588122122574e-05,1.3800727738980488e-05,0.0002632360307215,6.442596453939735e-05
1117,0.194569374867176,0.0062087729207815,0.1495948057789312,0.049556194045734,0.1178148762422375,0.0531398283084207,0.0253160007581774,0.0046135561906718,0.1341086756248851,0.049178665510252
1118,0.0016443071379083,0.0011186051315118,0.0246478714616025,0.0057851202874935,0.0211468215854528,0.0064461474958329,0.001439583109058,0.0011122003876388,0.0140266569658657,0.0032514801540926
1119,0.5097020111873075,0.0409360067377727,7.569301281782084e-05,4.066309266029284e-06,0.1563836260952386,0.0052363257544781,0.0001130038417904,2.359768046421424e-05,0.000233034643102,9.859840557303706e-05
1120,0.1329112935279428,0.0157084472677707,0.0004747710569048,0.0001556511937281,0.3021266812608597,0.0292392956672002,0.0001004599176245,2.0959997719752743e-05,0.000472135230366,0.0002096261428588
1121,0.3074618544682898,0.0788314472796078,0.0005061631193555,2.7586854807670224e-05,0.5023899234774859,0.0044898074070476,5.273996615854462e-05,1.889991225978518e-05,0.0005154779791282,6.737128607680542e-05
1122,0.4807969070972935,0.0438473227068913,8.79052961189335e-05,5.460502863949748e-06,0.1589061280984385,0.004621811407735,8.752561727393533e-05,2.262031077532376e-05,0.0002820125950274,7.82254096380118e-05
1123,0.3946176852912213,0.0642358357907992,0.0002195770749397,1.0572532434893236e-05,0.2597662354629931,0.0038038364661164,3.5798499209486776e-05,1.8336253607859307e-05,0.000296090487124,7.751791519649328e-05
1124,0.000778742132788,0.0002123871523451,0.0285719914008175,0.0051779536806913,0.0213342474257949,0.0022183082884857,0.0008773189312461,0.0002713337277932,0.0085500707139675,0.0014247035683888
1125,0.0016031845515338,0.0011284356995576,0.2086651197480041,0.0614429684222141,0.0860735974520109,0.0193948026701507,0.0028829413787605,0.0011376216262557,0.0971433569421334,0.0229234778360519
1126,0.220544269595837,0.0054331051356064,0.205175691686224,0.0426264433175347,0.1104205647220918,0.0489835591548792,0.0212384905013456,0.0043860093592734,0.167624758872951,0.0423300485922873
1127,0.2521476446356216,0.0061974721107867,0.1849486979664013,0.0211626521957763,0.1179339270739206,0.0545531825278847,0.014515669412389,0.0040984092187177,0.1682275422543366,0.0211287826116114
1128,0.4340600867225345,0.0564671160622257,0.0001465751132503,7.540931159736767e-06,0.2043217673903312,0.0035141205494819,5.3077136627605226e-05,1.6614467112364553e-05,0.0002647997942369,7.479188728883851e-05
1129,0.2276292628887897,0.0055125687858114,0.2600077737060557,0.0248343216302251,0.0997602314257612,0.0463143254677519,0.0102299985651747,0.0040846518350648,0.1301996252373562,0.0247403576147422
1130,0.1851474325769667,0.0080754554391569,0.2098926951727753,0.0152413319877363,0.2088090266810401,0.0679077999211464,0.0149274600388462,0.0042079516343646,0.1710085769296495,0.0152182794479495
1131,0.4302460034962936,0.049979468784818,0.0001524751679405,7.776265787668297e-06,0.2150439514155873,0.003831284343318,5.29299157602547e-05,1.2041980473023375e-05,0.0002848730948875,7.946027070127822e-05
1132,0.0007391543363782,0.0002690406824061,0.3610487262846829,0.0054915703809845,0.3576516006227845,0.0037721136419481,0.0018064865980686,0.000370517417404,0.1851990031461148,0.0040896962057472
1133,0.4306294614652822,0.0572298081922018,0.0001512726937452,7.684603663629727e-06,0.2082865352300947,0.0033379867170973,5.281648299225546e-05,1.4146929773827746e-05,0.0002735658729219,7.232487268943335e-05
1134,0.4197400834901242,0.0583843471001126,0.0001545676987795,8.588459907645109e-06,0.2197835487873137,0.0039429984019133,5.12177620889351e-05,1.871287987938109e-05,0.0002500035708324,6.16482143315904e-05
1135,0.0007324882886129,0.0002793286988962,0.1810931975253423,0.0054311539370069,0.1774192297388551,0.0036648341609041,0.0015517110148624,0.0003817438365412,0.0884839235858288,0.0034385905591144
1136,0.5394000034349682,0.0279815535369809,4.641681416569824e-05,3.102409549607545e-06,0.1356736769479713,0.0114400062488187,0.0001472080712482,4.764816396769394e-05,0.0003689581776931,0.0001520656339436
1137,0.0112846878618845,0.0014974587124146,0.3955444113924314,0.2827410617761025,0.1346056602136847,0.0846041706780354,0.0173988051016243,0.0015011148843899,0.3754162234881193,0.2403939562639659
1138,0.4987302606003668,0.0421127554120893,8.535839607034248e-05,4.483640862446839e-06,0.162251579300285,0.0059181022213361,0.0001074530705703,2.2959998471402453e-05,0.0003311111351678,0.0001106582805775
1139,0.3287978454611992,0.0410017767441688,0.0001871365623685,1.5143220841010723e-05,0.388654279930432,0.003658833486181,3.2765835758214136e-05,1.1080501149671351e-05,0.0002941371175187,7.626591054326422e-05
1140,0.5084204365040108,0.0405270823572161,7.654925330716081e-05,4.108749860316513e-06,0.1564544835870941,0.0054732001190127,0.0001112810422038,2.2345554942274625e-05,0.0002586997494441,9.894111250124028e-05
1141,0.4920233961228015,0.0348854540706573,7.973226275384e-05,4.573889223727169e-06,0.1573597926833766,0.0053777073780749,9.89124926689939e-05,2.1765276274930165e-05,0.0002271781209194,8.771473886970122e-05
1142,0.1532469497810353,0.0350278941041079,0.0004583510036166,8.06160293129002e-05,0.3761900195793359,0.0063854978577597,5.825558814098157e-05,1.2947381837973873e-05,0.0003512815634154,8.672855935151889e-05
1143,0.556145387427573,0.0325077556305018,3.927603185299257e-05,2.2254412658325804e-06,0.1283383110976281,0.0097308435284078,0.0001261799028985,5.571343820045372e-05,0.0004078120959011,0.000162775729203
1144,0.4598044141274491,0.0823767161534935,0.0001010364346618,7.058887456169135e-06,0.1655488949466123,0.0050569222098183,0.0001475404247602,2.115333382011536e-05,0.0004376568934661,8.277304305585058e-05
1145,0.1985711940479686,0.008887580254221,0.2189698702519906,0.0095595961969525,0.1786825117819489,0.0402058223810738,0.0111678300493016,0.0031742714961655,0.2118895612829946,0.0095221367580815
1146,0.0017865279139388,0.0013203194165712,0.1356691229820297,0.0206687042687957,0.0263549060845745,0.0067893013741739,0.0016934139618071,0.0012236414202001,0.0332235788916551,0.0044570578984825
1147,0.4068637328416423,0.0563055913130792,0.0001860813023243,9.446469253046294e-06,0.2422159367102664,0.0038626784778875,4.228055681246152e-05,1.3619452986132484e-05,0.0002634472524137,6.566864495978767e-05
1148,0.0170666036605829,0.0020088768769115,0.1475332899297229,0.059249396521893,0.0851890427698066,0.0348564036182146,0.0184992247140252,0.0021278880561037,0.1353946986487332,0.056851548133829
1149,0.1920796459233493,0.0074483058887963,0.1891163992146887,0.0136008501707616,0.1849232853824813,0.0906409272190667,0.0100584789335068,0.003643244227528,0.1509738230504626,0.0135528667973809
1150,0.0290078661610178,0.0029079131704261,0.2594070862758833,0.0373213036975802,0.1138353416967986,0.0500170442891466,0.019108017100326,0.002487136378235,0.1390832514167591,0.0368904503786508
1151,0.4351746338702542,0.0394887671940909,0.0001439926876056,7.527741005589222e-06,0.1984892163129333,0.0044812242603232,6.049181631582501e-05,1.4826158493749278e-05,0.000247979488643,6.70499882075102e-05
1152,0.1665794727805399,0.0380841887326745,0.0009661226811147,0.0001967284435712,0.499820742822414,0.0075245627809012,8.086340471434412e-05,1.809105297256664e-05,0.0008857934646985,0.0001703701865389
1153,0.0007751354926027,0.0001561490729012,0.0286688537425103,0.0036531626843894,0.0058391221898548,0.0011006759979088,0.000697646109713,0.0001942290881399,0.0074471582162393,0.0009542824344915
1154,0.0007949496681878,0.0001264820178189,0.0275488228021126,0.0039916296252779,0.0110006980564483,0.0015780134454848,0.0007071917609197,0.0001551897722172,0.007510624783227,0.0010659654536239
1155,0.4537817019510583,0.0468191651687486,0.0001193139159218,6.335588066210252e-06,0.1672426229465446,0.0034282499597772,6.927746556326956e-05,1.417925655721954e-05,0.0002341816793281,7.541765572975083e-05
1156,0.0018046943792884,0.0013787266756732,0.0681662004388648,0.0195969671903274,0.0227861754874801,0.0080262336938621,0.0017046453710142,0.001215907812953,0.0177605793314462,0.0046139346699175
1157,0.0007321669484273,0.0002808510412089,0.2484738174918938,0.0056002732994446,0.2452523348921852,0.004048069300846,0.0014775118127481,0.0003821795861892,0.1090516937158813,0.0036894895163726
1158,0.3888594374748008,0.0683931165819035,0.0002345562158078,1.1316622116863207e-05,0.263938448704518,0.0040938536482893,5.228101740892423e-05,1.594021334407837e-05,0.000268325625311,6.42359269098208e-05
1159,0.216469708572628,0.0087249420459755,0.2576889432462934,0.011109546631193,0.2432233656250348,0.0827504132865489,0.0147331639914437,0.0040019678340192,0.193781089673275,0.0110832455923601
1160,0.1937154284993155,0.0065451284797304,0.1745924947696388,0.0235231883728703,0.1282438321109212,0.0448239368601077,0.0134491943755979,0.004475152894009,0.1466039255530711,0.0234617761104662
1161,0.0025714612170746,0.0014832671848234,0.2980239579890042,0.0899560190956331,0.1073124067603735,0.0363070380343868,0.0040571810638843,0.0013472666528321,0.1704387636358862,0.056761527294065
1162,0.3999965755914981,0.0554397428527237,0.0002030618869735,9.88310718623172e-06,0.2525569248232503,0.003326914895144,3.655560657706866e-05,1.1157479648362429e-05,0.0003025340897591,7.681721004425881e-05
1163,0.4315878159967958,0.0547148541616045,0.0001497086833687,7.648922175061943e-06,0.2073059341649748,0.0037824216371108,5.337710212860079e-05,1.6590129859710166e-05,0.0002830731610394,7.579943811892436e-05
1164,0.4396404980656619,0.0567506361481975,0.0001378134679121,7.176760471715506e-06,0.191573171725488,0.0039053243317063,5.662484183521468e-05,2.013682721801032e-05,0.0002341734060173,6.706499566053009e-05
1165,0.3888042148838512,0.063707357517931,0.000225393666898,1.131670948251031e-05,0.2617672466381103,0.0044447490611391,5.0023220797841055e-05,1.7572317352322088e-05,0.000260656641129,6.357944677193222e-05
1166,0.298689289371272,0.0265895918778756,0.0009521099452933,0.0001934785516454,0.4176807007088181,0.0108812463257573,5.4232406889596735e-05,1.2426928144325078e-05,0.0008896957622327,0.0001814353766056
1167,0.4725950943743287,0.0092860227133163,0.197995834351905,0.0233949544728119,0.1398720329089299,0.0710747780686644,0.0267169845834963,0.0059300490659888,0.1436427568194801,0.0233559631791853
1168,0.1964153617847662,0.0069333792256246,0.279318330421745,0.010619194421597,0.1263094952576802,0.0645091700510564,0.0099545756989683,0.0032588336105467,0.1815033990457276,0.0105913735548853
1169,0.4316460905112599,0.0490891379978796,0.0001477251268333,7.76299191301586e-06,0.2069310547249586,0.0040509819724551,5.191423897630999e-05,1.6840851296112892e-05,0.0002643349106034,6.994010097952934e-05
1170,0.4743982624708593,0.0454619516182588,0.0001011574789159,5.503643699390746e-06,0.1641860489451578,0.0039416564388802,7.828216200396713e-05,1.907480075289803e-05,0.0002050885118604,7.185955464009022e-05
1171,0.2675772393744572,0.0090495273146819,0.187542369696179,0.0082192114349075,0.2434059585493836,0.0348234651720779,0.0115923631031504,0.0030427563987588,0.1475459257814226,0.008191295753677
1172,0.5407412293665494,0.0356269424791264,5.2339654375447554e-05,2.852103143827193e-06,0.1403557276044137,0.0086816279356243,0.0001131878465311,4.350952171898611e-05,0.0003705628802636,0.0001436646270023
1173,0.1660004647198411,0.008251698493478,0.2928170120001819,0.0129960603441163,0.1752795691739909,0.0672078220659668,0.0140630864515851,0.0041170301633617,0.2164777610339176,0.0129758586104629
1174,0.024892349100857,0.001054640321065,0.0031964201954621,0.0009425109086427,0.3764741819903632,0.0075804305315006,0.0002581592609418,2.583529649113891e-05,0.0031718337357132,0.0009617425744804
1175,0.1368315923763336,0.0067739999665692,0.2350574873996495,0.0108454491649005,0.1615894332838605,0.0794872007793115,0.0113914086078505,0.0033517188979924,0.2177083037432078,0.0108202170748088
1176,0.4939529560461436,0.0348520919098936,7.31653190745816e-05,4.312783464760955e-06,0.1510475353485287,0.0055650643950798,0.0001015921214712,2.2782830881357985e-05,0.0002315618413769,9.277274036185675e-05
1177,0.0007490707877314,0.0002640199476166,0.0503155074403222,0.0057983260618824,0.047226839859165,0.0034519699110225,0.0010134125837488,0.0003466980732657,0.0148940247270639,0.0020298984620773
1178,0.0029147975894755,0.0023868790468438,0.051651688537571,0.0129105354403944,0.0359686894846222,0.0148329097452301,0.0024173939587438,0.0016822721682219,0.0223028192339589,0.0070903274981553
1179,0.4440911469598351,0.0456939389127294,0.0001166392483024,6.542981261738685e-06,0.1693175802371456,0.0044586476498832,7.030321558783279e-05,1.622830281083e-05,0.0002558886719549,8.877687608081162e-05
1180,0.4402322484146292,0.0090272723860249,0.2172091697142415,0.0191603662654219,0.1540429792573737,0.0704388645860837,0.0209980399979019,0.0056102616416549,0.211879113663328,0.0191507980693012
1181,0.4837548424619907,0.0761232197378819,8.048811027379473e-05,6.810411893184628e-06,0.1603437616713955,0.0065919575885232,0.0001077840290999,2.2265288913269235e-05,0.0003649287203528,9.945769234485604e-05
1182,0.0028205870007965,0.0023187924075311,0.054439170054971,0.0187682172873111,0.0475623925997512,0.017543865509835,0.0024764744869558,0.0017485566613136,0.0258234146610602,0.0091488335811291
1183,0.4220998381754218,0.0605898842553282,0.0001638521168969,8.391709970008054e-06,0.2208639824270724,0.0030259535367249,4.773323653035728e-05,1.2896565388248438e-05,0.0002665134415886,6.358217459846295e-05
1184,0.1072698513489535,0.008110001479584,0.2440521670018876,0.00800581162996,0.1438552471121861,0.0791724403156983,0.0104943785856685,0.0032687779903445,0.2273014334633453,0.0079969906510617
1185,0.417051710936254,0.0595500361517912,0.0001710469083647,8.584569188237e-06,0.225831641171026,0.0042728952167907,4.522938840302773e-05,1.9218110082444924e-05,0.0002618683802039,7.469641233501375e-05
1186,0.4405776178103059,0.0544986146025545,0.0001371343337817,6.951782239057033e-06,0.1900501698489437,0.0029320406544885,5.729918080833738e-05,1.2957741509793273e-05,0.0002614748430075,6.934479109709725e-05
1187,0.0016780133108375,0.0010970402128567,0.0238175614569068,0.0057778402763912,0.0204063979824144,0.0067277874817175,0.0014487033069073,0.0011412623857757,0.0098135523690301,0.0033356227568159
1188,0.4794500551442588,0.036817825695966,8.58378730781338e-05,4.949585856073419e-06,0.1606902293470967,0.0047652764048339,9.19369351271224e-05,1.6515504672817463e-05,0.0002517895441951,8.783639577758969e-05
1189,0.4562742260746383,0.0509262648348491,0.0001185565229839,6.303859281599934e-06,0.166567489232074,0.0033158768294086,7.218298988801987e-05,1.7067385655304923e-05,0.0002210976933914,6.597294127828719e-05
1190,0.4288261528451667,0.053349029245854,0.0001368678364534,7.613632915643506e-06,0.1974949047953017,0.0040206210382501,5.17191376548304e-05,1.6781576558305904e-05,0.0002470262441134,7.093240755578013e-05
1191,0.4795156064378522,0.0909150513227433,8.752106731178771e-05,7.823848441686241e-06,0.161927910954666,0.0051787494691317,9.66597241031368e-05,2.2375015174750235e-05,0.0003763406738138,8.748783645025945e-05
1192,0.1646165671103432,0.0062477126545429,0.1705356182770265,0.0229893040068158,0.0891213479825941,0.0446588371722589,0.0125946691134942,0.0044957537973237,0.1384204666294737,0.0229044241161912
1193,0.5358847988311077,0.03489008440652,5.143624145324796e-05,2.997813274462417e-06,0.1418200604493807,0.0066332290283916,0.0001136867453991,3.2274371141376126e-05,0.0002987106516507,0.0001178657779227
1194,0.4157552906011073,0.0567571995781739,0.0001737040396243,8.705200207677616e-06,0.2307101223237821,0.0033519128807346,4.4166426471319966e-05,1.4267265575000682e-05,0.0002919061802229,7.706100735254781e-05
1195,0.4577731606899885,0.0426012079866707,0.0001019284854753,5.912474911116804e-06,0.1634286274541337,0.0040076811873319,8.047117528500031e-05,1.5731621754020037e-05,0.0002274124962485,7.559614017000733e-05
1196,0.0007538880997287,0.0002760110917692,0.0764603978861935,0.0057332666934543,0.0730715044972908,0.0038880059327339,0.0010794021784883,0.0003690245330024,0.0210045299674499,0.0023287252267327
1197,0.0014657230030768,0.0009523159523946,0.0250794298579292,0.0046980186233219,0.0205654496273725,0.0053652025227236,0.0013005528814638,0.0009894445580982,0.0080872880567703,0.0026064875133645
1198,0.4577242285484754,0.0401859920614982,0.0001165037497507,6.091649179393529e-06,0.1678707855214725,0.0043030221778882,7.234159253363012e-05,1.3531062818415937e-05,0.0002513822655062,8.207204518794317e-05
1199,0.0007515638001407,0.0002618026707686,0.0428232506364197,0.0056412902583397,0.039960002963042,0.0033059997079921,0.0009783053015423,0.0003430571741062,0.0126788148779955,0.0018568497153014
1200,0.5569014872040334,0.0316288374440048,3.3122264287260946e-05,2.123429680479176e-06,0.1256197223261552,0.010659730094474,0.0001597457614788,6.418899543547042e-05,0.0004501168663792,0.0001779601202197
1201,0.1006319241202497,0.0070088232887835,0.1987457282652915,0.0335409749055708,0.1168489196954419,0.0555899859108581,0.0205320147746828,0.0050254359128671,0.1658768436655205,0.0334435429726147
1202,0.1623179069340205,0.0081721975880514,0.2533163876017164,0.0145728737678963,0.1424689645790375,0.0722254134330454,0.0123693091964458,0.0040599779589207,0.170683092945517,0.0145220971718923
1203,0.0028659415105623,0.0010365713569047,0.3057762593678936,0.1466206386941471,0.1717686413780133,0.0479502345984829,0.0060280643826767,0.0010956571310175,0.1956121891185957,0.0605587191733989
1204,0.2204320441191277,0.0323483212162207,0.001687762041808,0.0003108336696056,0.4022598910656034,0.0068583723855092,9.134880727109232e-05,2.1414772435516783e-05,0.0015886723972952,0.0002914385364941
1205,0.4837947248992285,0.059401844352828,8.442967713145316e-05,5.529262049821119e-06,0.161426605251959,0.0069510763874929,0.0001912446290431,2.361809361867453e-05,0.0005635938444903,0.0001082491087289
1206,0.1901221784512233,0.0062184002717716,0.2057279022157426,0.0333700188065718,0.1082218601137219,0.0471015568309208,0.0142829912287684,0.00456237163512,0.1401298528334426,0.033165248216675
1207,0.1327398727690226,0.0077765758161767,0.2843670162885117,0.008065937239457,0.2277615458489348,0.0835740244878229,0.0099483296435714,0.0030087839978632,0.2496453328495081,0.0080590599267241
1208,0.4001209279188354,0.059096311011859,0.000177229125757,9.427097123723758e-06,0.2397584831699411,0.0036020457792017,4.101941315132461e-05,1.4189439728209803e-05,0.0002697923585358,6.862924832762766e-05
1209,0.4357739574220041,0.055882733892061,0.0001422915884451,7.387781534925509e-06,0.1998354956454961,0.0033397132128828,5.3797044445602967e-05,1.6350490578528532e-05,0.0002653600062575,7.385016674651892e-05
1210,0.4488610618218263,0.0511104888482721,0.0001307249853545,6.7532571377402204e-06,0.1902461746260861,0.0035546363881396,5.871213280063597e-05,1.4633107409060602e-05,0.0002154168671372,6.896586905529972e-05
1211,0.4537530595368973,0.0482050319018153,0.0001186727580038,6.26522459079739e-06,0.1680756072198987,0.0033202309377761,6.788253323952611e-05,1.377975991211184e-05,0.000242821602806,7.707582235361343e-05
1212,0.1915317459417139,0.0060843257295172,0.16990126473793,0.0209390479437362,0.106167313077121,0.0472893384856579,0.0121496832542709,0.0036606613151424,0.1569062385790008,0.020906089194007
1213,0.0430478992558932,0.0036990889420198,0.3914607267321961,0.0268065741060854,0.1862843540805295,0.0421496343642003,0.0155748277823678,0.0030215208759979,0.2728395550756145,0.0266828192190136
1214,0.4772613915737281,0.0459421351309818,9.92300124410275e-05,5.312902800855184e-06,0.1641272696209842,0.0034799311602796,8.574722718302755e-05,1.507827423885024e-05,0.000237349009516,7.896204158615688e-05
1215,0.1017163163665119,0.0057081972744884,0.2072235576779325,0.0412542486292127,0.119498217110643,0.0547894028319552,0.0216095742034409,0.0047436424524353,0.1297115496318787,0.0409407585845376
1216,0.0010166743824622,0.0006583623482514,0.0401360991792557,0.0075986147545131,0.0148450705481429,0.0040650018676874,0.0010323089630741,0.0007303032015514,0.0110462130550177,0.0022771985996603
1217,0.4034148003567192,0.0608457027611642,0.0001737485397117,9.442251155922816e-06,0.2369309264544628,0.0032427137114754,4.595984882418938e-05,1.3910183174486391e-05,0.0002737577711989,6.765131254151745e-05
1218,0.1816857610716298,0.0267355498959426,0.0001402421328337,3.365011429985263e-05,0.4622957477576643,0.0113358620073968,4.316041649338568e-05,9.517923412047858e-06,0.0003282486721027,0.0001129898639442
1219,0.3620932402707649,0.0699249481562058,0.0003004836277516,1.4397922533334978e-05,0.297922475868132,0.0033701728073941,3.470386749164933e-05,1.2917736398738465e-05,0.0003011147076412,5.521714902915008e-05
1220,0.0010871825663893,0.0007012632903859,0.0586175563431247,0.0204729248165023,0.0187685511647326,0.0055658588071681,0.0011116080991662,0.000768968634965,0.0213782292929,0.0042366898934461
1221,0.0016019192218258,0.00027354891704,4.207179092203485,0.0054278716659682,4.196177923440431,0.003391846538618,0.0042112996651285,0.0003787527801521,1.7526901779979376,0.0044230244187479
1222,0.0931881180223156,0.0101676037145557,0.0009178198257659,0.0002144237604242,0.3493488511954048,0.0238273526950717,0.0001173812341215,2.7104076990046605e-05,0.0008778991243532,0.0002220333336322
1223,0.4852869668509099,0.0421325575228256,9.411020811518576e-05,4.970216602400925e-06,0.1626569747061663,0.004134947339189,9.434626767718906e-05,1.5929314964565455e-05,0.0002555305076194,8.4473711002392e-05
1224,0.5287616682793691,0.0382991010511486,6.121784523026518e-05,3.2815749771273504e-06,0.1443227431997162,0.0064928562682698,0.0001182900735501,3.102774839986894e-05,0.0002871290186126,0.0001160905690298
1225,0.4681719099033884,0.0478107273784928,9.902919722450308e-05,5.583292036890476e-06,0.1637466942580545,0.0036047947927591,8.268609559461572e-05,1.575324826381989e-05,0.0002390627962188,7.888233140944918e-05
1226,0.519198602467015,0.0443529588471198,5.962414715964312e-05,3.953130173341883e-06,0.1451077446252026,0.0059348043554037,0.0001143739331324,3.0552008459501025e-05,0.0003649486704907,0.0001096999300798
1227,0.0014669871632272,0.000982976309855,0.0239220587078831,0.0072870478138603,0.0220720270197962,0.008280804147797,0.0013196628074525,0.0010033137297444,0.0113681594113237,0.0040634365201565
1228,0.1441905494278482,0.0234783067130283,0.0002261913129862,7.590779138248174e-05,0.3892433411051124,0.0067800059715048,3.334861960311619e-05,1.0810632905298482e-05,0.0004305514249064,0.0001127080017025
1229,0.4442484557891425,0.0386371810168944,0.0001158628923835,6.595343974272064e-06,0.1651446575066047,0.0049167698285311,7.086537842236744e-05,1.844244737973367e-05,0.000218981371263,6.794528149556232e-05
1230,0.4343754274898805,0.0522434516582797,0.0001471268377512,7.454101507798326e-06,0.204475542009151,0.0040562703296882,5.508804309018599e-05,1.767158830957414e-05,0.0002770643049084,8.452310803583962e-05
1231,0.4439970967046617,0.0475512284862665,0.0001163922210108,6.569128117777292e-06,0.1686376192134104,0.0033312315945284,7.097067610263847e-05,1.3325135700625858e-05,0.0002491934596045,7.672828334535334e-05
1232,0.1868627343122284,0.0064689159989631,0.2195136693080298,0.0531890457617226,0.1448904158113423,0.0705188231851143,0.0278657100957915,0.0048224648603015,0.1523802958409019,0.0529028235067187
1233,0.5076366249614748,0.0364731972887045,7.601815628824212e-05,4.216133465042264e-06,0.1529609036286743,0.0058436460580163,0.0001050316777726,3.2609423819467645e-05,0.000215896061205,9.931968222869348e-05
1234,0.0572629856124933,0.0046068785967238,0.1965923512874793,0.032842789283882,0.1125624508376141,0.0443668834595292,0.0180738146791219,0.0039632615476769,0.1704772333855585,0.0326257996378812
1235,0.0014664398881542,0.0009915702110592,0.1726355916934245,0.0650552169559426,0.0591481175380663,0.0122849080100675,0.0018936447065186,0.0010098264405682,0.0609146019451696,0.0117598352240626
1236,0.4540289914578831,0.0554700716919726,0.0001078314210522,6.674540792073676e-06,0.167751509384493,0.0059553930119338,0.0001256997796032,2.118152038671042e-05,0.0003651979076118,9.395120220693094e-05
1237,0.3793983661321245,0.0637278402021427,0.0002613555394369,1.2281633527349958e-05,0.2764299799760538,0.0051793260149518,4.617028191802295e-05,2.224703881009576e-05,0.0002984044405099,8.66037793215463e-05
1238,0.007143748365861,0.0010144060456517,0.2467126463861655,0.1232744630773074,0.0860980985566951,0.033368677070123,0.0117404540583987,0.001138518438168,0.225932562266923,0.1034000059256333
1239,0.0007316551101198,0.0002720695172128,0.6285001927298737,0.0054276050989933,0.6248163680800198,0.0037135909319497,0.0021598470084637,0.0003759617103123,0.3296738835833591,0.0045895507444665
1240,0.0074516837796521,0.001598625009359,0.2626230112820693,0.1281529683064317,0.1059023083181714,0.0522858416919945,0.0105239472708977,0.001515481878689,0.2114112281720065,0.120279854730241
1241,0.4316386403324826,0.0537178932498389,0.0001523124254153,7.657463990523482e-06,0.2102533403020383,0.0035442748465306,5.2737576562013424e-05,1.4195125865969496e-05,0.0002687945566085,7.04441120916497e-05
1242,0.0015880184218774,0.0002674125957902,3.336187610569864,0.0054348751570767,3.3258630174644868,0.0033902109880423,0.0041769655396962,0.0003686856056324,1.448141157353399,0.0044342228617522
1243,0.5995537911250969,0.0071264147924866,0.2213898637725143,0.0263526897775132,0.1637707411855101,0.0806250367999342,0.01527601894746,0.0046560284130397,0.1667801048328142,0.026305557285621
1244,0.4503965475311972,0.0438983225907399,0.0001084302483602,6.216352568745146e-06,0.1635728829252375,0.0037441147810927,7.598544263423901e-05,1.37642548664733e-05,0.0002324559753709,7.692567658267712e-05
1245,0.0587921648176915,0.0046299662711232,0.1763612591070173,0.0262575185213248,0.078004666068825,0.0382407159719491,0.0146666221415787,0.0039437665450761,0.1662688614663805,0.026102640067556
1246,0.4663393995202675,0.0416856006080956,9.729660495129516e-05,5.615613656938677e-06,0.1632316902536134,0.004291621790144,8.097033229341386e-05,1.9753707920815063e-05,0.0001893396018316,7.167611452986524e-05
1247,0.0019574871604154,0.0014271521896126,0.2786119264048322,0.1405765233929978,0.1277777815184117,0.0403057339909186,0.0024692202660308,0.0013463439088336,0.1461342253547271,0.0424976596611995
1248,0.001567216341733,0.0009505184436118,0.1786190619583137,0.080121411606568,0.0628533854049265,0.0129144572806965,0.003388334017524,0.001023308060529,0.0945697964898051,0.0194217477570758
1249,0.121812585026214,0.0059600625914142,0.1929941902474432,0.0256094105099596,0.1033453794066057,0.0452259654145436,0.014330725704983,0.0046412921518184,0.1635009362555285,0.0255060602847447
1250,0.4276640131365992,0.040102718150068,0.0001360933376741,7.469542100270984e-06,0.1955845572381777,0.0040240022179133,5.506229714506683e-05,1.210556869644275e-05,0.0002676210126243,7.443436185492157e-05
1251,0.0016216050754979,0.001086259161797,0.1300303808634285,0.0685994980586784,0.0431712077771209,0.0119471585732201,0.0031494312475073,0.0011469049331972,0.0624393432869155,0.0188440750775044
1252,0.0204391882125362,0.0021114909405687,0.3525980779292887,0.2301658018035425,0.1521842843600473,0.0506924731871967,0.0264641775550007,0.0020123039502459,0.3431644654207045,0.2169323492211555
1253,0.4645532844669464,0.0471931691650077,0.0001055832899956,5.764581406062634e-06,0.1664930070903008,0.0038329524721861,7.456258432706463e-05,1.6449890876549897e-05,0.0002332850402569,7.704494618859354e-05
1254,0.5404389922791675,0.0351576269899806,5.210755244702128e-05,2.8582854821603686e-06,0.1394586221168407,0.007775787873459,0.000109798104642,3.733192345380202e-05,0.000286446339233,0.0001253569015216
1255,0.5344798691605503,0.0357628646301115,5.7986549004484496e-05,3.177405243065728e-06,0.1448751510190504,0.0067413754584321,0.0001199037759869,3.2149965479265986e-05,0.0002981648317015,0.0001175796780201
1256,0.0289412419299034,0.0032942033009656,0.2721455581701503,0.0512385780107866,0.1237085760701356,0.0610084598959103,0.0212797339222907,0.0029536714844136,0.2574304067324817,0.0508904879797487
1257,0.1486356676782477,0.0083320570773534,0.2212882571435127,0.0116794627593801,0.2646795213082958,0.0694038478093813,0.0126542990761432,0.0038576508585534,0.1814902098063435,0.0116593447934354
1258,0.5453900126963145,0.0323786274406275,4.805852185223279e-05,2.7446513667381622e-06,0.1352445092084651,0.0081442795708073,0.0001003977823467,4.746071083782872e-05,0.0003151639941781,0.0001434478640086
1259,0.1298098732671256,0.0059879701676866,0.2442160416060002,0.0198909592100573,0.0897314467024413,0.0409669686741802,0.0130078359316712,0.0040056700586472,0.1476149775290555,0.019844370708447
1260,0.516232302064933,0.0321474989172048,6.930798622018215e-05,3.834206089587754e-06,0.1479514615642406,0.0058440979695045,0.0001091479914477,2.8360516241782723e-05,0.0001877701984556,9.837509884445388e-05
1261,0.4561430113878774,0.0517505884128711,0.0001177371274896,6.2639853344840124e-06,0.1671518677559502,0.003362160056782,6.6315626807016e-05,1.5888455140738907e-05,0.0002384733865545,7.26447256782807e-05
1262,0.4920889406634964,0.0374394995766249,6.662362821755477e-05,4.439892735813249e-06,0.1454510388274598,0.0044797136998096,0.0001021216885469,2.385363006341591e-05,0.0002908027870563,8.850206491557377e-05
1263,0.0506370874386639,0.0022405899444659,0.0033127019650227,0.0010706079457586,0.2740279326415964,0.0097380174316194,0.0003138205557188,6.38873822858525e-05,0.0032786795309624,0.0011047850225839
1264,0.141161078211937,0.0079123082207758,0.2268742259337215,0.0134282154545133,0.2297559735465707,0.0679865781235131,0.0179772550582369,0.0041415727034731,0.1457404971867175,0.0133969269715996
1265,0.5533957153244962,0.0324362852218541,4.074076693711338e-05,2.2869885176996425e-06,0.1269716491660995,0.0094060935576136,0.0001235034714941,5.397493250414757e-05,0.0003701183551604,0.0001585459771466
1266,0.5217723655016927,0.0370978144121894,5.949255386737369e-05,3.546769210567364e-06,0.1435171861477714,0.0055839970544607,0.0001054273196478,3.1013010333340875e-05,0.0002272140285947,0.0001061364556014
1267,0.3934634564626742,0.0659416769132142,0.0001909179871518,1.0480792965745676e-05,0.2520982736516244,0.0036218975227316,4.920569334038521e-05,1.4453210192900053e-05,0.000251309115114,5.921815853154876e-05
1268,0.4119920864022795,0.0537682757493001,0.0001774898346275,9.148070524724276e-06,0.2396703377407938,0.0031476462842718,4.155381356157361e-05,1.136800910355802e-05,0.0002708775258256,7.154268767611163e-05
1269,0.3798657044546045,0.0655595845803529,0.0002559792770807,1.2169266202301066e-05,0.2728854596970321,0.0042063406160662,4.016044577577952e-05,1.70585667815692e-05,0.0002944730754448,7.56936887460727e-05
1270,0.5007624557821427,0.0393128859071704,7.084512953035356e-05,4.17590141200875e-06,0.1485959497985516,0.004738577502168,0.0001015690197591,2.1857376308705823e-05,0.0002224093950813,9.166145630857604e-05
1271,0.2311648910035124,0.0280137026804101,0.0001227688197518,1.517590401861035e-05,0.5132967498600235,0.0051801555624049,2.8594620504517588e-05,1.0898117979949393e-05,0.0002878803431907,9.964074711213716e-05
1272,0.0838408118028988,0.005924046579358,0.2478243901119157,0.1074065458807508,0.1705993767004849,0.0852228664296291,0.0472063019897369,0.0050157966973794,0.2238499472155707,0.1060311580074604
1273,0.0542234331918903,0.0036474034771891,0.1924756202407091,0.0850777881393427,0.1265116364451711,0.0507310559395753,0.0356894583324232,0.0033148566509659,0.1757426509687705,0.0829151855001167
1274,0.0566534564235114,0.0048175874832798,0.3568641977512534,0.1975992205047253,0.2024039574743103,0.0715541466726494,0.0466821223691287,0.0039880373237843,0.3303147359855384,0.1927902514946022
1275,0.4520172830679542,0.0440505471122489,0.0001117750949209,6.23961952078399e-06,0.1687461220871586,0.0036878111479505,7.166589876389997e-05,1.4813631466629068e-05,0.0002379316913727,7.183085534105536e-05
1276,0.4250382768870954,0.0503592067075177,0.0001588046849121,8.150924778377738e-06,0.2192439439730792,0.0043635476292477,5.085090805185991e-05,1.474369147340722e-05,0.0002824940181719,8.351190236758175e-05
1277,0.000773749183241,0.0005550852148842,0.0252455714739522,0.0042192871002379,0.0157423788593221,0.0045386492183266,0.0008696262942643,0.0006296906785527,0.008418785538969,0.0024591861049843
1278,0.2894297797949794,0.0056036060080792,0.2262005811320812,0.0498251478360315,0.1484423974803737,0.0657913327412772,0.0256698356812805,0.0042051581074699,0.1726423727003841,0.0495295595733414
1279,0.001656763997059,0.0002741586914757,5.559746133816314,0.0054122359818086,5.546123989569659,0.0033835076695561,0.0043448135623151,0.0003806137846865,2.1884290844694485,0.0044388950146151
1280,0.0025441382764385,0.0016434887121041,0.1997515557891237,0.0917335370632892,0.1005539743732822,0.0310052471210071,0.0041440953227441,0.0014451675165716,0.1666862955672838,0.0553170424629735
1281,0.5324221255986386,0.0359379800219555,5.262023389203269e-05,3.1026609655161075e-06,0.1420566972586135,0.0060769518697358,0.0001139556326826,3.3277944618783794e-05,0.0002332268870054,0.0001152606462305
1282,0.0007918790778662,0.0001261190947738,0.0289689916753392,0.0035511448374079,0.0067391716020508,0.0014782487899154,0.0007066846102535,0.0001551402014131,0.007345718153197,0.0008727865699191
1283,0.0007686879371409,0.0002232059018377,0.0327560768157029,0.0055106053388591,0.0293520619218797,0.0025553192231074,0.0009483765858042,0.0002873682670331,0.011129320617965,0.0017069284489788
1284,0.1897225183818805,0.0076233812335387,0.2526688723234919,0.0281600555831752,0.1251882200319334,0.0571636405073358,0.019196728543036,0.0051985987098971,0.1452466756541842,0.0280778881588092
1285,0.5315452011205982,0.0373275888069576,5.945953941376181e-05,3.2188423692958058e-06,0.1434053455502111,0.0061282686776681,0.0001154759563592,3.0997034273461464e-05,0.0002240291131971,0.0001086096656171
1286,0.1451595786571222,0.008553814621645,0.2224134735362226,0.011241727777511,0.1847773866278824,0.0567164801380927,0.0123486371488877,0.0039287471361206,0.1920378990505372,0.0112196445896042
1287,0.4438174434729358,0.05521754339207,0.0001351195784101,7.0034861662338e-06,0.1893849638456525,0.0032213488393534,5.9655687599620414e-05,1.6231735611960286e-05,0.0002302651618002,6.146981492045583e-05
1288,0.3859595776831294,0.0610756114310101,0.0002012173421185,1.0815435096266335e-05,0.2563127648556546,0.0046383389210602,4.166150769681926e-05,1.837500044406112e-05,0.0003008054136627,7.843722406749266e-05
1289,0.4608532207019163,0.045498283750835,0.0001003908260256,5.890950549372182e-06,0.1663194974965733,0.0041721807746784,8.084622722239936e-05,1.66996691002097e-05,0.0002392079105519,8.046722756454073e-05
1290,0.001455992863752,0.0010367675814486,0.1464836916690125,0.0472457086022964,0.0466621657103561,0.0103031110046163,0.0023418461013989,0.0010610845136325,0.051262606533642,0.0121032937815169
1291,0.4377847886783379,0.0480559749711108,0.0001407029995668,7.238946830605175e-06,0.1970995772789428,0.0034035384916135,5.699571642715481e-05,1.189685012946964e-05,0.0002708774798895,7.358724049440769e-05
1292,0.5079113134606393,0.0417717978813463,7.637645934513571e-05,4.059902375084327e-06,0.1558645013937779,0.0052653192281014,0.0001156889273661,2.3658065836657543e-05,0.0002956175409009,0.0001029180165283
1293,0.4068608517943382,0.0541047952658417,0.0001669902374722,9.007098958481983e-06,0.231471330759345,0.0046364687942562,4.441468811369224e-05,1.7030534904936925e-05,0.000278922187901,7.658645331659595e-05
1294,0.3903771563459155,0.0578814507556977,0.0001913287120867,1.0482778840287237e-05,0.2538785038765099,0.0039587423871271,3.848402527894813e-05,1.6485562400577943e-05,0.0002808650836053,7.325703388829731e-05
1295,0.1556574785587481,0.0080964084437476,0.1925450067127421,0.0135191520561998,0.1827198114830213,0.0729626100199091,0.0153812588454974,0.0041420832304409,0.1611695154264577,0.0134920439393828
1296,0.1546457609397128,0.0152947585841551,0.0018897182121677,0.0003963914124264,0.502408987467683,0.0218255861756793,0.0001361625935071,3.239956466216032e-05,0.0018513035095439,0.0003845556334633
1297,0.5350349411024742,0.0342512425696545,5.014297199910578e-05,2.9390508613239146e-06,0.1352721048771512,0.0063620005143778,9.790096555762856e-05,3.669466329748335e-05,0.0002330989531527,0.000122450250804
1298,0.4822161825320289,0.0429322914698773,8.551783320838362e-05,4.928734226879633e-06,0.1604156829301046,0.0042058182436405,9.57817732309318e-05,1.7015999352682664e-05,0.0002218674272654,8.36277487135289e-05
1299,0.1977828633360747,0.0083783932089911,0.1765035539216999,0.0643126883201867,0.1050971863978594,0.0576039838930713,0.0306974327406506,0.0062247826127632,0.1283069747440075,0.0638608362175228
1300,0.0007336898514824,0.0002720637087097,0.3302654786431326,0.0055345046695239,0.3271470552202395,0.0038405087835677,0.0017146761525052,0.0003730361891247,0.1678337848207771,0.0040693422006715
1301,0.4190210029931783,0.052470207819467,0.0001691560974744,8.36889792158834e-06,0.2249753528035217,0.0038856278023509,4.624661810290824e-05,1.3653513019739167e-05,0.0002816324649339,7.638297700175042e-05
1302,0.0019939067317578,0.0009728251661472,0.2160648795545291,0.1045168119910256,0.0858633134405748,0.0179719906881807,0.0042017356989353,0.0010392930705841,0.1289342759808963,0.0288408155809071
1303,0.5115493273260151,0.0425573092004893,6.654065739972869e-05,4.032921965482724e-06,0.1462862654961813,0.0047000540813047,0.000124522786408,2.4187212724404783e-05,0.0003410214258625,9.590608907481518e-05
1304,0.0203641069999375,0.001791568759295,0.2471537837492101,0.0988643104690678,0.0922115731894661,0.0281300532331942,0.0246915759239685,0.0018655584162068,0.1853047738476747,0.0941599537356593
1305,0.3804122957258522,0.0616949957087325,0.0002533537655167,1.2309492556606508e-05,0.2773248712548213,0.0036387325710189,3.673573444417713e-05,1.4626334708696882e-05,0.0002940959952176,7.410691650995667e-05
1306,0.1675553985899177,0.0073793105289648,0.176842513972419,0.011263995746752,0.151541192406857,0.0786502219095067,0.0105833859095416,0.0034692909746412,0.1540858426051065,0.0112319259748328
1307,0.0076185993461917,0.0017119540322971,0.3029894067635655,0.0299676743218049,0.0905520440215947,0.0292120628495821,0.0082458526712098,0.0015745856387421,0.1275632251798498,0.0293155043487113
1308,0.4488377550501348,0.0508414363156861,0.0001274892144357,6.59455076697863e-06,0.1781007864276699,0.0037449271527684,6.670746257531044e-05,1.4988248216128808e-05,0.0002314352371757,6.920012852118835e-05
1309,0.0023499826519824,0.0017151500314723,0.196989634558246,0.0539831390298113,0.0581121705135693,0.0123991490538456,0.0019812332207369,0.0014668807646491,0.0592744526522218,0.0096315047596171
1310,0.0007536473327513,0.0002891594954684,0.2428153381961302,0.0055688892567586,0.239561328754992,0.0039974702167003,0.001470175528179,0.0003926605790053,0.1084923712845353,0.0036802942759622
1311,0.4149652059160215,0.0580199346704228,0.0001750860052719,8.88279640019117e-06,0.2317772893058712,0.0032829914722638,4.4491001703884014e-05,1.3392258255397715e-05,0.0002636693329261,6.572861687684429e-05
1312,0.0007459944776883,0.0002633973697656,0.0272019329356123,0.0035445456954133,0.0111303959758106,0.002473554691976,0.0005733669683752,0.0003152131052964,0.0069024836557349,0.0013149043470252
1313,0.0015317011959662,0.0010418551804963,0.0715010003710333,0.0132747521066616,0.0213128722001282,0.005750598488516,0.0014231004925162,0.0010592693323417,0.0179380481794369,0.003574764390479
1314,0.5014498435318973,0.0325360830009909,7.198031108960514e-05,4.269446123107469e-06,0.1516821452295084,0.0061555796210065,0.0001053708792553,2.7433868301665466e-05,0.0001941298512417,9.236648712864034e-05
1315,0.4136772917408547,0.0590630005069478,0.0001549696506517,9.985514853753382e-06,0.220341421694194,0.0046237914612794,4.657958565944335e-05,2.113361658680072e-05,0.0002731192605604,7.752559192749907e-05
1316,0.5145231982228108,0.0384023791074697,7.143502230981263e-05,3.839863825242309e-06,0.1519127941510608,0.0062323538482923,0.0001113253837342,2.6468936568065186e-05,0.0002487181344706,0.000110451134426
1317,0.0010779509256078,0.0007269326781318,0.1988001251395342,0.0723347438545755,0.0711101354138764,0.0122219468438901,0.0024696307211678,0.0008174837313828,0.0787502458071114,0.0130455531994066
1318,0.4723623726045861,0.0360176427420743,9.287475542724022e-05,5.376581790703684e-06,0.1620366427958005,0.0056684626407841,9.09970182250745e-05,1.95989064473953e-05,0.000216390653735,8.446361303218241e-05
1319,0.4542391904673025,0.0368881658226901,0.0001176505933077,6.418512998505158e-06,0.1663174475884289,0.0052049390190145,6.704232163896825e-05,2.376287538764555e-05,0.0002193300845591,7.905897000809737e-05
1320,0.0461170543760912,0.0031047323778968,0.1774529757301131,0.0735593100121725,0.09565794277548,0.0372982757465551,0.0311722718523786,0.0029466932196633,0.1739307248835382,0.0712645712644643
1321,0.154216631885804,0.0077769515151655,0.1885843163714619,0.0087442613915689,0.1662865806705512,0.0747078945757118,0.0103993316583424,0.0031280023335543,0.1329622860036426,0.0087255760939715
1322,0.4452352305450869,0.0510809102669375,0.0001158989288081,6.693306077130477e-06,0.1664958993881513,0.0030993126686243,6.922595053774655e-05,1.3207857018597212e-05,0.0002447965136878,7.205575412485256e-05
1323,0.4660811118382083,0.0378103321916182,0.0001073717800508,5.814948293143384e-06,0.1657961446773473,0.0049240793589353,8.17343182183334e-05,1.7890859090055953e-05,0.0002289914643025,7.511963893100127e-05
1324,0.0008050801126845,0.0001342612242412,0.0274489358909384,0.0043534930554051,0.0133869690984496,0.0019757606074503,0.0007639049406958,0.0001649805346495,0.0072641069833253,0.0011588325790694
1325,0.4489294819943193,0.0809216447901958,0.0001139041703999,7.439487920341971e-06,0.1649989078905419,0.0051971225210148,0.0001633009252479,1.9940666651760957e-05,0.0004497671371847,7.758520723409102e-05
1326,0.1230511240431985,0.0056251479704676,0.2577361271670322,0.0281395186735343,0.0743505504651568,0.0377006585116136,0.0121453586733871,0.0044425890918014,0.1372817479934109,0.0279996921360505
1327,0.4723039554930303,0.0436056232154463,9.164979678509906e-05,5.5315602646929004e-06,0.1611911592951582,0.0039560984158152,8.851591230760837e-05,1.5453237196371888e-05,0.0002172126281238,8.011320555503538e-05
1328,0.4835974541844789,0.0338515362046745,9.599625026496806e-05,5.244824306856037e-06,0.1645606871099568,0.0061110096087724,9.331615811858936e-05,2.053177465467636e-05,0.0002267687237434,8.416407736272924e-05
1329,0.1056760520621282,0.0055776571531918,0.2282447721354557,0.0624587612162607,0.1385461445033174,0.0714035237372331,0.0327373185172726,0.0049791976588159,0.21150952903554,0.0619614027566985
1330,0.0008950520594184,0.0006253100364294,0.0894926508254441,0.0136292504429043,0.0195964872139565,0.0052350180107344,0.0009934093526065,0.0006909147452723,0.0187988334900713,0.0030074238613757
1331,0.3985031504823582,0.0652678171874032,0.0002080054039029,1.0105524290090504e-05,0.2521982586223513,0.0030399697850241,3.593905239163671e-05,1.3048525996878e-05,0.0002694987952587,6.343727798349386e-05
1332,0.5280983379642968,0.044181016380573,4.775688293682795e-05,3.70752045269748e-06,0.1395771635063009,0.0076470146982562,0.0001295335802574,3.461150749382055e-05,0.0003811075156698,0.0001199716070928
1333,0.4347811312577331,0.0060902055604665,0.1979430725206352,0.0169440894179181,0.1297726586271343,0.0562866296150715,0.0121849743691829,0.0037504436960327,0.1475694374277703,0.0169019653332036
1334,0.0017998827003912,0.0002665596644431,5.323810782789031,0.005513727535352,5.301171919242028,0.0034511864206429,0.004674601588998,0.0003673176991776,2.160582249646531,0.0046261637553422
1335,0.0018802644731892,0.000273136065619,6.244898194791102,0.005468021388471,6.213893108390571,0.0034461158376797,0.0048742113535686,0.0003744747296007,2.439821181234122,0.0046282248087357
1336,0.000767732918682,0.0004170981402112,0.0274975631753462,0.0036268901799764,0.013829084454728,0.0034430148116203,0.0007024298948345,0.0004834302496093,0.0071619149175637,0.0018090780110321
1337,0.3815982628871981,0.0695316420801412,0.0002529227692345,1.226429652768563e-05,0.271390389524237,0.0036197115846043,4.565818786645406e-05,1.4478953927679587e-05,0.000261281181015,6.218898580692422e-05
1338,0.4873263100451834,0.0386261301476134,8.10006701708964e-05,4.897985165447086e-06,0.1597370700322486,0.0064486332451864,9.326601330522292e-05,2.7274184176691263e-05,0.000216892761101,0.0001010293955812
1339,0.4788608890172136,0.0358820280591492,8.717566512431334e-05,5.01946859264434e-06,0.1617427747582313,0.0047837069878517,9.324795844546129e-05,1.7653555128493272e-05,0.0002535802158343,8.3568235792749e-05
1340,0.0011003399141801,0.0007534388355195,0.0635530905718071,0.0148728281741593,0.0176086721238084,0.005286149039195,0.0011249364089274,0.000816224313409,0.0141894709020115,0.0031242569743532
1341,0.8689586891099956,0.0210064592928997,0.0101633391352875,0.0019061241426144,0.2848769893068715,0.0218066889718287,0.0019945383690045,0.0003217039374937,0.0100968919683176,0.0019021976790291
1342,0.5191161421672493,0.0402032246044934,6.805494084533718e-05,3.680741662318402e-06,0.14848585501997,0.005182629835298,0.0001183348804477,2.6563485193892712e-05,0.0002504257441728,0.0001040544115674
1343,0.4698005442975453,0.0449952672674251,9.277605806617132e-05,5.477353942162084e-06,0.1633936147969207,0.0043238480998731,8.577300012207663e-05,1.8046091196714043e-05,0.000210783965447,8.176602912342661e-05
1344,0.0013524345053133,0.0008267652716802,0.0720240614773978,0.0144370919111651,0.0173581182483319,0.0051956862679556,0.0016926490068555,0.0008917694532705,0.0190581629583403,0.0033397767606533
1345,0.0062686290114648,0.0009284621159157,0.328191156626291,0.2627476114781301,0.2136311622658639,0.0942826000899808,0.0130399926310331,0.0010723733879617,0.2582405144187131,0.1201200481832454
1346,0.4608168414696632,0.0473449040790803,0.000112003037642,5.960529437177099e-06,0.1651913902690595,0.0044463218850626,7.452522759329421e-05,2.102618524826256e-05,0.000217729401434,7.625259843311113e-05
1347,0.00685985880379,0.0018860884780239,0.4662045363597715,0.2906403957530964,0.2802661004984865,0.1032959203785225,0.0103636190615386,0.0016231590555207,0.4258537728054504,0.1989458718584274
1348,0.4629124015185591,0.0489831131670067,0.0001107586987421,5.988467238381395e-06,0.1673806931800364,0.0037881819406582,7.166288465409314e-05,1.8488353525912476e-05,0.0002254830705064,7.3745420206276e-05
1349,0.4945981064777529,0.0417841725784467,8.700488280506899e-05,4.687775764984401e-06,0.1599319910965459,0.0048791859904033,0.0001005774378971,2.338135308992591e-05,0.0001875899659344,8.789828236854244e-05
1350,0.0685236060203608,0.00562328217241,0.2020707637100394,0.0328812568434637,0.0932149216551202,0.0450495901999432,0.0170341308472346,0.0043106703570351,0.1777821357190029,0.0326957648692889
1351,0.5510294724534334,0.0330000349479879,3.9337986920315565e-05,2.3490929299810303e-06,0.129313317696763,0.010493940096688,0.0001367933103408,5.407520265776988e-05,0.0004409215092646,0.0001640864587596
1352,0.4278650181641024,0.0388387312737974,0.0001343642673974,7.427164975227118e-06,0.1941108422651613,0.0040571118069308,5.496603435597136e-05,1.219902999815674e-05,0.0002667414335824,7.250528701486428e-05
1353,0.4166105135725939,0.0616306745627916,0.0001738457214475,8.590149132325903e-06,0.2290043075856229,0.0033641470339619,4.368738687568648e-05,1.6042824804333583e-05,0.0002693274232289,6.661421751203255e-05
1354,0.513333664478247,0.0387246694347863,6.284364728710108e-05,3.914390030316475e-06,0.1446757570171019,0.0062224217772597,0.000110124562549,2.684114752486245e-05,0.0002846568482749,0.0001014666887094
1355,0.0010776257092188,0.0007031449083222,0.0724214278311334,0.0266137844465534,0.0156345437310171,0.0052318897003489,0.0011249645167234,0.0007780844618775,0.0174607506648109,0.0046999887149506
1356,0.0696697288735733,0.004762336294126,0.1459696150641957,0.0308878784564022,0.0665634491314946,0.0321470089606576,0.0169790170687947,0.0036317389617407,0.1143546386884677,0.0305562028923364
1357,0.4826734365435535,0.0464115792562014,9.629643625777729e-05,5.1389060412042495e-06,0.1630009001790506,0.0035007144056868,9.054118912755964e-05,1.7531021423344834e-05,0.0002103860765283,7.370795998314731e-05
1358,0.5471451906811751,0.0344734650952912,4.047422527973786e-05,2.448815202765866e-06,0.1267404033949208,0.0069654108014279,0.0001102523677724,4.312449739187397e-05,0.0002966358946937,0.0001327274706492
1359,0.0017821341328473,0.0011387373221393,0.1210147216134674,0.0297521674473306,0.0284754517860596,0.0074043728864624,0.0015108309184204,0.0011611291212954,0.0269662591441734,0.0050822356972897
1360,0.0041508410288571,0.0021399470255471,0.2300988489578707,0.127699982840991,0.1235575012235985,0.051365904127057,0.0055027846395041,0.0016871309626225,0.2118689281797179,0.0992346350745636
1361,0.4618778589631251,0.0444593714455627,0.00010247376522,5.699562158798373e-06,0.1651269786984495,0.0046999798684667,7.821753341609344e-05,1.8210775251733767e-05,0.0002366605417191,8.404614424723506e-05
1362,0.1255372030592222,0.0072422583843517,0.187016382731602,0.0285115887773601,0.0954302333013205,0.0494176275243358,0.0144320094370873,0.0047824395798787,0.1756170266284257,0.0284171900323743
1363,0.131905736757465,0.0255190063818476,8.02558334219312e-05,2.4118536323367585e-05,0.3211179098617608,0.0127475611136627,4.1738159124029246e-05,1.2761006927289746e-05,0.0002613205006976,0.000114457260738
1364,0.0140621727897256,0.0018502279852256,0.2069764236640038,0.0366864842219585,0.0985377415660309,0.038460334108413,0.013887373752608,0.0017932757286439,0.1303701578886348,0.0361601795482688
1365,0.4281908314958591,0.0063820966650987,0.1981694005204394,0.0212927388970955,0.1529725705096614,0.0655663024454232,0.0115363024640395,0.004106776966592,0.1341747462058837,0.0212398346243794
1366,0.1157240016302467,0.0251796446815742,0.0005156968972665,0.0001397480953994,0.4661139174272804,0.0169040889724885,4.732523263440315e-05,1.1925912197742054e-05,0.0004415347029139,0.0001176216281039
1367,0.0012947315900034,0.000830409448619,0.162903290112088,0.0680882768135587,0.0530341166473535,0.0116849743264545,0.0029349884929926,0.0008929510552016,0.0759547168784937,0.0156776096157791
1368,0.029109862579622,0.0017333917951414,0.0035876605876623,0.0010656202992262,0.331760558863689,0.0052036059002265,0.000333931505495,4.094880071099783e-05,0.0035584893067044,0.0010692427341583
1369,0.0941121595564012,0.0055712684987151,0.2090944822889522,0.0399084078054134,0.1255071908695613,0.062105073768018,0.0220722833862836,0.0044953784391791,0.1202913465890469,0.0397202353191106
1370,0.1987598747730596,0.0217336698507273,0.0001156902037163,1.66576464261656e-05,0.479474798689369,0.0066838815046571,2.177771741582148e-05,7.566342571032374e-06,0.000299868485749,0.0001020775573612
1371,0.4216436451491511,0.0456272427787632,0.0001426568738399,8.070787295971892e-06,0.2044043972889499,0.0042522522482466,8.552300925726629e-05,1.4306459561046491e-05,0.0002784018520417,7.214832842929602e-05
1372,0.1593011789093531,0.0058519379648162,0.2233310653026632,0.0276670979700846,0.1356191997191239,0.0654954437323353,0.013897896685214,0.0039323425460047,0.1663335693072869,0.0276272664718231
1373,0.4923350134509779,0.0419234965088994,8.906014274501148e-05,4.701066634469623e-06,0.1611060537985717,0.0050610037548503,0.000100335586198,1.8984062182313846e-05,0.000250305468121,9.435570438590072e-05
1374,0.001123410531499,0.0007614117238942,0.0241078454191031,0.0042140322747205,0.0181102661289106,0.0046376945186944,0.0011427436927821,0.0008338131938177,0.0102185677250421,0.0024420465266937
1375,0.0920706736299827,0.0048727449517,0.298126284780731,0.0876026531828363,0.1482699479461942,0.0625749149850456,0.0413650117538773,0.0040245365659902,0.1633312853733031,0.0863956653529852
1376,0.0008973491164411,0.0006364675063145,0.0243886981187762,0.0041097330441668,0.0156727442199503,0.0042525024795001,0.0010032561597763,0.0007080124077809,0.0084036929892621,0.0020663195456541
1377,0.4918401841423732,0.0446936661439566,9.012648917107262e-05,4.806079939148473e-06,0.1614669830114566,0.004022146581949,9.344696610983888e-05,1.993413730201505e-05,0.0001800591020263,7.512719121028785e-05
1378,0.0011346450116757,0.0007226237367481,0.1133675851357542,0.0230502619156155,0.0237896603743555,0.0047439175332158,0.001122386318351,0.0007935485138056,0.0258520111333221,0.003491924114619
1379,0.5438194422836345,0.0321396363294545,4.1996697177485904e-05,2.5180846963421963e-06,0.127146984869014,0.0070269683473069,0.0001036476802422,4.855480792669724e-05,0.0002777818969303,0.0001407358024982
1380,0.0680603808080971,0.0119739248159725,0.0015389573685758,0.0003850378358313,0.2838633881099053,0.0162562185900549,7.709752464053055e-05,2.5214708931247426e-05,0.001495274343237,0.0003709023885804
1381,0.0009648620049944,0.0006202095982838,0.0282029379549271,0.0053521801617352,0.0136540415290835,0.0041747079428513,0.0012732876689958,0.0006912178133798,0.010200585553126,0.0021378111505724
1382,0.4704650165429115,0.0408437771248611,9.943297653470518e-05,5.538064489600194e-06,0.164431858949711,0.0039942282249309,8.189910509511136e-05,1.8197827387210403e-05,0.0002173990318332,7.241018431601111e-05
1383,0.5124906539983497,0.0396554585398458,7.258150532067281e-05,3.920521217028997e-06,0.1523329400817696,0.0053154380341443,0.0001135159526229,2.477450221237269e-05,0.000253124956379,0.0001042885405505
1384,0.4411214108247681,0.0344859180435644,0.0001342548541856,7.126971159861295e-06,0.1857069019755366,0.0045521278150262,6.505534296873385e-05,1.3763337396095636e-05,0.0002407959602438,7.557594377416176e-05
1385,0.454260656081388,0.0428732774962958,0.0001220528493735,6.369546610016734e-06,0.1717895035558393,0.0039809451470828,6.906678453017454e-05,1.5661486552002597e-05,0.0002257629822966,6.645463746815777e-05
1386,0.0910085436083369,0.0048083459961684,0.1760890031927249,0.0830567234697412,0.1361311925608864,0.0586899860498418,0.0402201612965932,0.0044001388877641,0.1371630782664479,0.0818390843485732
1387,0.4165331884461999,0.0547304733648475,0.000155545134608,8.353695547061754e-06,0.2221989470146309,0.0038338194050832,4.532520385205765e-05,1.6766447217692832e-05,0.0002759364412321,8.107217318244397e-05
1388,0.4903421444742722,0.034136563031331,9.037734880937694e-05,4.864974550888829e-06,0.1610129253235376,0.0055576304683355,9.653958817315758e-05,2.098820262278821e-05,0.0002293936444466,8.421976065864125e-05
1389,0.19839196062936,0.0068611744631948,0.1731316161343668,0.0131117726553452,0.165764154747248,0.0786835363864362,0.0119056398224159,0.0038427040348487,0.1345829560011483,0.0130955130354963
1390,0.1892274186654454,0.007384900245626,0.1544270348930855,0.0157331328699345,0.170795953845034,0.0824419188571194,0.0141002250495041,0.0039121695508006,0.1136732905938126,0.0156984695613582
1391,0.3134631234547032,0.0060946034323845,0.2780235677887242,0.021247987138806,0.1362631054926759,0.0477775627514412,0.0089585958957133,0.0037728933672299,0.1757756466076334,0.0211719119650499
1392,0.0012555160829372,0.0007468670095541,0.1961421545483916,0.062560882498902,0.0494640941181787,0.0079025081316717,0.0013376958500208,0.0008198347969198,0.0574552179825777,0.0078091369392618
1393,0.3708627171167951,0.0070281363336272,0.2076173446664971,0.0250938524073998,0.1221360786690211,0.0586989486355238,0.0190221635575225,0.0051762027456388,0.1281226154906493,0.0250487554112288
1394,0.5434841425120093,0.0344739436097794,4.9706952574273104e-05,2.7340241243226004e-06,0.1378621481895862,0.0082824007947416,0.0001090409715234,4.467129683900897e-05,0.0003445370878561,0.0001401924851336
1395,0.5049110630679585,0.029513714193575,7.376960753769445e-05,4.175761545937991e-06,0.1526548442679174,0.0059706714379694,0.0001059144454199,2.7114401733636803e-05,0.0001803334180848,9.153352394952512e-05
1396,0.0395101325689221,0.0029148230342513,0.2997883843178652,0.1620142405336614,0.1289225179512373,0.0381243360335089,0.0390551113814071,0.0026088995547141,0.2923523254964063,0.1544369840016832
1397,0.0015775153666259,0.0011133957022066,0.0227493848495196,0.0057979789920373,0.0222110126002779,0.0063261257298472,0.0014510392371195,0.0010996232019256,0.0097064272073189,0.0031958013168512
1398,0.4187112284809398,0.0583215755986206,0.0001701204126867,8.598292908198918e-06,0.2276507901967398,0.003580551939063,4.687959195899096e-05,1.6176129899757877e-05,0.0002744831750511,6.95476450378502e-05
1399,0.0019474259595176,0.0002718499901855,5.3035570745276965,0.0055225018702222,5.271293057583293,0.0035230144063246,0.0050184982051451,0.000372160345526,2.137382771857495,0.0047332897599086
1400,0.4404852826948652,0.0560469379993264,0.0001348759477212,7.1191707652955934e-06,0.1884796816019243,0.0029110785418971,5.766215703851058e-05,1.3276410280345662e-05,0.0002514304606215,6.574968316508456e-05
1401,0.4561174333840626,0.0074078848540162,0.1399499828150518,0.0219198131753506,0.132896522018825,0.0629060524739636,0.0161438710424536,0.0046406581363019,0.1088252866447281,0.021877543952297
1402,0.1395662179078624,0.0060581265193309,0.2353057824186205,0.019718118837442,0.1135288303201932,0.0386751831831836,0.0143316328389908,0.0043965883981652,0.1873558535982531,0.0196716694297418
1403,0.4743453780227959,0.0449678169108665,0.0001014152506656,5.461675559146358e-06,0.1650371663464006,0.0038853705152532,8.728525678654049e-05,1.744341768597478e-05,0.0002293190980727,8.719305718018049e-05
1404,0.0015990085783759,0.0010639224389696,0.0230737319599203,0.0055683986243409,0.0208646385785118,0.006251379060987,0.0014162533630847,0.0010675452749106,0.0106321874320637,0.0031580044326891
1405,0.5368579957963298,0.0357690352156629,4.9571081716732e-05,3.0020371659900526e-06,0.1372270133126729,0.0066804891536892,0.0001058664259654,3.556078602778395e-05,0.0002563529023158,0.000121309770271
1406,0.4628347723520118,0.0437395299025067,9.883371270619848e-05,5.688790753482946e-06,0.1645120131666028,0.0038088468082126,8.218342191022646e-05,1.6668352899643834e-05,0.0002128599449869,7.345529118183088e-05
1407,0.529457050055301,0.0360873557300738,6.037373134276279e-05,3.2623590174188766e-06,0.1424316604915628,0.006588503226821,0.0001090753045968,3.12957878775153e-05,0.0002357952924519,0.0001158489473634
1408,0.5094357202911983,0.0385361910647026,7.355827007093292e-05,3.999486480244971e-06,0.1503145828358191,0.0053958845661372,0.000109010194528,2.222921685288691e-05,0.0002328913930359,9.705856232069084e-05
1409,0.0014393531295815,0.0008542306241434,0.0348342837517598,0.0071120963055701,0.0173672490153119,0.005199079203392,0.0011792580299468,0.0009042923591962,0.0108720352743243,0.0028222395627342
1410,0.0024396709044315,0.000880743542118,0.2160096793106184,0.0963462211736255,0.0625111470489815,0.0172773088669541,0.0048143016019038,0.0009929174150061,0.1236654865251734,0.04051337238357
1411,0.0007657560099325,0.0002065763481934,0.0293593732468496,0.0050845873271881,0.0161119683462672,0.002110991076989,0.0009181969739752,0.0002656039108541,0.0077316087236699,0.001448281540134
1412,0.0010050458228057,0.0006399777842257,0.0492262305711448,0.0158124569693199,0.0150004632275541,0.0052193074734722,0.0010017491850582,0.0007140478489796,0.0171066979594094,0.0037208377275246
1413,0.4659392618189844,0.0478806194283175,0.0001086538114114,5.79264988034291e-06,0.1661469640786207,0.0032763455036359,8.21872899040444e-05,1.4319152824201673e-05,0.0002230655511294,7.27862417747903e-05
1414,0.0007909671773664,0.0002759604902907,0.7332718669434636,0.0053807936375619,0.729227116202416,0.0036475375967362,0.0023008649552674,0.0003807879609914,0.3805523171872329,0.0045728399008859
1415,0.0017624582339177,0.0002706900498017,4.438426704879802,0.0054703225679136,4.419683640165484,0.0034263847173981,0.0045867137649631,0.0003719055346269,1.8217408439395804,0.0045976791148598
1416,0.0010212169665432,0.0002595682733906,1.0929361095063763,0.0053333238986044,1.0882733634918638,0.0035095074014367,0.0028414578795525,0.0003623231950392,0.5466571854506236,0.0045134073322486
1417,0.0007751206355075,0.000174772546566,0.0282292684207659,0.003895945109934,0.00696995479064,0.0010837299360524,0.0007528759955537,0.0002196650808132,0.0070962528878663,0.000844651870007
1418,0.0014549893160027,0.0002740983041331,3.3950281984544635,0.0053866569942724,3.3848489060624547,0.0033857426342855,0.0038673256708989,0.0003803613767974,1.4635909889708385,0.0043947248812423
1419,0.0013833565346219,0.0002717576756523,2.9315387556444907,0.0053989599320864,2.922308665489159,0.0034132316118347,0.0036924495845699,0.0003788809324933,1.2914337725409604,0.0044689848147011
1420,0.0007445480793441,0.0002641696596447,0.0809566368230405,0.005809878400622,0.0775864999782027,0.0039037796565463,0.0011174023673454,0.000350742303216,0.0239404081733246,0.0024242081241461
1421,0.0007458103707296,0.000223583348369,0.0302471365102355,0.0053332562966851,0.0259540574280169,0.0025444900855386,0.0009454894667709,0.0002899230948702,0.0107162785681289,0.0016487513242824
1422,0.0007372976738187,0.0002640822600675,0.0822144937176534,0.0058702657843901,0.0790086900715144,0.0041352829648669,0.0010769410576622,0.0003508893723643,0.0236545431951633,0.0023450331018495
1423,0.477182539620863,0.0433255329570169,9.986245218287862e-05,5.341800010770826e-06,0.1651355825649468,0.0046969242975356,9.223451663451448e-05,1.994465773847892e-05,0.0002249080966832,9.506306291244317e-05
1424,0.3536926559554929,0.0062636115670622,0.1866805105943413,0.0199974543062347,0.1349657029691914,0.0574423304446629,0.0119583778496169,0.0042465209219525,0.171624889433851,0.0199590389141072
1425,0.0007377706042025,0.0002535930284279,0.038505505649793,0.0055227030313565,0.0348969472797152,0.0030183366151477,0.0009475298187111,0.0003303221205026,0.0125790506656859,0.001737331753214
1426,0.000776315089829,0.0002490256309506,0.0288055377616215,0.0033306376360008,0.0104166249580803,0.0023247408638639,0.0005939452491245,0.0003005887862948,0.0076407071543991,0.0012477423278618
1427,0.0018100611655427,0.000271518773864,5.519543303504873,0.0054984464408351,5.497446631888663,0.003432302703106,0.0047010029626995,0.0003733685034034,2.197852312503956,0.0045871343757653
1428,0.0377125185112153,0.0031978224083602,0.2314755599553408,0.0581664189297021,0.1214773168247878,0.0479137651500524,0.0259732113610543,0.0029410373790491,0.173540922935311,0.0570477600278317
1429,0.0014000272065403,0.0002745154944301,2.9857139239067614,0.0053898889836551,2.976039164754632,0.0034017886411992,0.0037319708809027,0.0003812173882992,1.303330020874632,0.0044643698228179
1430,0.5347997818745837,0.0368399616325385,5.7013354872113165e-05,3.077098280908953e-06,0.142455959819,0.0065691656718737,0.0001143860464943,3.336254921058901e-05,0.0003117279377229,0.0001198812778938
1431,0.0007460426279348,0.0002538142004602,0.0413240661533176,0.0054922153360701,0.0384544998568714,0.0030728207630427,0.0009749583257813,0.0003322615195498,0.0119610366862472,0.001779539255107
1432,0.5324391504400144,0.0375696645587719,5.9015602235303066e-05,3.1931456808255773e-06,0.1434598293689441,0.0056465489583424,0.0001156419806423,3.17647992895399e-05,0.0002092464018908,0.0001074117489953
1433,0.001711737386872,0.0002684433815966,4.845229519654454,0.0054951018206953,4.832630662137354,0.0034023470281668,0.0044728735702564,0.0003712390406533,1.967493969109077,0.0044540647137881
1434,0.0007561503880794,0.0002269756777462,0.0341004754329734,0.005596088272456,0.0311842663244689,0.0027209484280654,0.0009083457467558,0.0002914563080239,0.0115100755138263,0.0016740160449469
1435,0.510468946489472,0.0386296768917729,7.343369201301532e-05,3.980462249427097e-06,0.1519712844051813,0.0059591167476894,0.0001136090468506,2.5687026786205283e-05,0.0002553426966908,0.0001087917367116
1436,0.0016594178597252,0.0002714545360187,4.587263291922043,0.0054404352899819,4.576475371359571,0.0033915552411959,0.0043472469967055,0.0003750653415951,1.8900229484183209,0.0044262541251792
1437,0.4155076579335478,0.0521951220062595,0.0001576098029833,8.482750689413312e-06,0.2217221158160001,0.0035214630688344,6.160382107517238e-05,1.3116981638066334e-05,0.0002736692296811,7.322063706127393e-05
1438,0.0007491833091551,0.0002764490119369,0.4343586544586764,0.0056110960172929,0.4314512651448112,0.0040051848686259,0.0017249572807873,0.0003775802385084,0.209896927135943,0.0044546548961213
1439,0.0008292010683655,0.0002706144934717,0.8375082585743726,0.00540944035991,0.8328952132651812,0.0036221523208063,0.0023944297478955,0.0003770502222306,0.4328873714620138,0.0046148661804617
1440,0.0012519843084422,0.00027263992192,2.193917884916027,0.0053754102635236,2.188890876318029,0.0034454650406706,0.003380808439703,0.0003791218386698,0.997731464714742,0.0045449593024921
1441,0.000736206532937,0.0002683693235229,0.382136109902593,0.0054897541659037,0.3789306674190323,0.0038132297528522,0.0017751619651273,0.0003678971341138,0.1917138974720182,0.0042009974807072
1442,0.0329350828907404,0.002941527320185,0.1343821221501533,0.0542260376159942,0.1010195030364462,0.0410072272451191,0.02347617017274,0.0027289594903746,0.1295686432922055,0.0526517294713961
1443,0.0016404083169826,0.0002668415869754,4.277765116042678,0.0054354527047043,4.2660621620213295,0.0033880923304746,0.0043003682613299,0.0003686621840747,1.788961006120103,0.0044393751976949
1444,0.0007366472663537,0.0002695287682741,0.1295032772742657,0.0058547382710088,0.1259759991732925,0.0042526442254864,0.0011744246003271,0.000362285342024,0.0374710116787028,0.00272878674296
1445,0.0007689908958686,0.0002298199177617,0.0336265241840982,0.005414123519708,0.0294369167394611,0.0025597449459844,0.000941951896871,0.0002967469082248,0.0116232317428505,0.0016697492628572
1446,0.4504952307191884,0.0433642123728797,0.0001121244500472,6.34590807485208e-06,0.1667151914112622,0.0040282889183028,7.267558402929349e-05,1.6825847679877906e-05,0.0002246095724294,6.971609145003156e-05
1447,0.0015453721693653,0.0002723319433891,3.959224749393024,0.0054065013507976,3.948734106764775,0.0033804457920796,0.0040794738129741,0.0003779666737921,1.655372662053847,0.0044034963202937
1448,0.0007687411467695,0.0002525554464995,0.0374787843581926,0.0055448990553453,0.0347610784257293,0.0029977747030835,0.0009658584009679,0.0003288476911198,0.0114628866555777,0.0018160515405211
1449,0.0007593963352224,0.0002752558258439,0.0654362851884631,0.0058201714327826,0.0620863549065736,0.0037329530231692,0.0010640075102316,0.0003636834622066,0.0187471899083445,0.0022431785538531
1450,0.0009221074123176,0.0005869967087766,0.0271736459090936,0.0046389901698718,0.0139107092503065,0.0036750131493439,0.0009398264266556,0.0006588874484289,0.0083264880947004,0.0018830478292686
1451,0.0007303895896395,0.0002794371001144,0.4084639968561581,0.0055840434745235,0.4053810093567508,0.0039883897264127,0.0017200345711433,0.000383038197506,0.2005382947970849,0.0043229742896889
1452,0.0007598260424003,0.0002064106590488,0.0275234067683049,0.0033313089179734,0.0096578610455633,0.0021696085192899,0.0005685657552572,0.0002504661489949,0.0068455272244966,0.0012618440354117
1453,0.0007824564791776,0.000115974427899,0.028031549890532,0.0035052610720168,0.0062043338047075,0.001219692716052,0.0007056635643588,0.0001422937363316,0.0071060261496633,0.0008625810161469
1454,0.0007458264569972,0.0002376488546438,0.0313463107811963,0.0053979632833803,0.0282223615585688,0.0027397188117774,0.0009103962137776,0.0003077406208293,0.0105794504334559,0.0015843695894535
1455,0.0010972011783128,0.0007428645355937,0.0524526772289326,0.0090580271059857,0.0160124697901652,0.0048533236812888,0.0011343484694687,0.0008180206116949,0.0130655276883725,0.002739957379135
1456,0.0007462158653124,0.0002724596506142,0.039282434039087,0.0054855140075333,0.0360493663703371,0.0031048302670132,0.0010073896943527,0.0003568725262129,0.0116589399566697,0.0019181799471288
1457,0.0007855491550846,0.0001593239479638,0.0279491552233861,0.0042374503176348,0.014423501059276,0.0015389279029903,0.0007684660477589,0.0001997004286043,0.00753600401377,0.0009803431538968
1458,0.0007312728439158,0.0002704903510754,0.2833292114729128,0.0056102418786928,0.2802986842156802,0.0039833001268648,0.0015718962438389,0.0003683986523589,0.1321778882144283,0.0038804389945202
1459,0.0007820086280563,0.0002563734710008,0.027009153276537,0.0034216210535003,0.0111775580756328,0.0025884146233978,0.0006498777282855,0.0003073281392427,0.007205195900915,0.0014982479083173
1460,0.000767071259561,0.0001394441277478,0.0283062633037815,0.0043935465006436,0.0153931953279101,0.001562486704867,0.0007755910660657,0.0001729492023339,0.0071591832615658,0.0009878672987623
1461,0.0010424989255528,0.0007049631484947,0.0244988485809216,0.0046410550430875,0.01575813823392,0.0050576377551611,0.0010447701478987,0.0007750736427675,0.0091780724544533,0.002712684431097
1462,0.5372061502425826,0.0331866681769274,5.495099619881956e-05,3.078355270691902e-06,0.1405904995872716,0.0082126796239881,0.000117078679893,4.680531538000834e-05,0.0003568261837382,0.0001399898978082
1463,0.0007343924374532,0.0002665763017904,0.1752222373017364,0.0056872763090919,0.1718115259347078,0.0041022616735915,0.0012921197034785,0.0003621359630955,0.0648512586741676,0.0031745145654039
1464,0.0007726109786061,0.0001590819743661,0.0285316342652608,0.0042288541446538,0.0105475016052188,0.0013298387629371,0.0007737340564876,0.0001993863266405,0.0072705807199134,0.0009704886264212
1465,0.001488099898164,0.0002754446121017,3.75478272871886,0.0053841257399981,3.7446195928242094,0.003399650958073,0.0039371489292822,0.0003824785280936,1.5863115704263395,0.0044261752840905
1466,0.5057302704433587,0.0416064830877525,7.779720906083275e-05,4.207786569230032e-06,0.1549024454082694,0.0037202253996681,0.000108975123595,2.0905204543146205e-05,0.0002075263882473,8.000940382791108e-05
1467,0.0007749596375767,0.0001995441387551,0.028091725322,0.0046839150903223,0.0144262714174347,0.0018806933497045,0.0008208824377302,0.0002524260301603,0.0073486227571726,0.0011823782569554
1468,0.0278831126586917,0.0026565693871769,0.1199002235777843,0.0560437722211165,0.0762119606302574,0.033979609965904,0.0223671953286364,0.0025194594215435,0.1172542983560985,0.0542558742530881
1469,0.0007329108597102,0.0002733099268629,0.2894502359286884,0.0056504153435219,0.2864029236875771,0.0039988944490932,0.0015719378737701,0.0003724559856846,0.1341568293911915,0.0039140731771032
1470,0.0007721140331828,0.0001909557635681,0.0277789009489803,0.0032449352231677,0.0089180305487515,0.001876378370569,0.000626288303573,0.0002319527336662,0.0072607592865141,0.0010466866451516
1471,0.0539472402231384,0.0040422094428378,0.218916881616098,0.046824391308416,0.1002023983867005,0.0479419627656127,0.0244556851032341,0.003595543637076,0.1329340665065127,0.0461916907596514
1472,0.0007856119491516,0.0001409041326094,0.0284856180032306,0.0034111342189224,0.0082346235686503,0.0019852601270705,0.0005984842402291,0.000173803224832,0.0071935935719986,0.0012877589691506
1473,0.0007671122263848,0.0002163660267961,0.0275768191480291,0.0049825220093632,0.0179200735072327,0.0021434109606252,0.0008617196864165,0.0002765736237879,0.007388203380439,0.0013405692897677
1474,0.0008245668431983,0.0002616210081787,0.733313275111433,0.0053728113827071,0.7287511556811734,0.0035567514139977,0.0023862378821089,0.0003635369269434,0.3781140138851711,0.0044359881360747
1475,0.4616396759957907,0.0452468527676675,0.0001004579568137,5.675858278561565e-06,0.1641802678551268,0.0035783399894082,8.299248874022141e-05,1.578464239805312e-05,0.0002205714731328,7.120701391457462e-05
1476,0.0007868667047002,0.0001530038458718,0.0281423727509636,0.004527552193901,0.014387722960612,0.0015546976052794,0.0008130661535954,0.0001919646827207,0.0074211910545769,0.0010409459252901
1477,0.057784357411074,0.0048482481959647,0.1856721420411028,0.0400221304527353,0.1307695880138586,0.0707564810310807,0.0205629874494814,0.0044494300350543,0.1645571348747954,0.0398306452225494
1478,0.0007791513059228,0.0002101294750335,0.0284119429572113,0.0033093313399113,0.0096021599722915,0.0019790932996604,0.0006443798323011,0.0002546572056705,0.0074172022063,0.0010617244697046
1479,0.0007892106508505,0.0002183231105215,0.0279080047685763,0.0041933702618163,0.0134780126707268,0.0033138273973308,0.0006467374532847,0.0002664911769559,0.0075670518744074,0.0019405267043269
1480,0.4028761583105501,0.0548518329405096,0.0001726856868533,9.19682273681508e-06,0.2351528059212593,0.003958356668135,4.265458988148153e-05,1.541994000081795e-05,0.0002936149476789,7.874764503859929e-05
1481,0.5184756956517163,0.0352869484711261,6.376567563302713e-05,3.646171989080388e-06,0.1466770903757378,0.0070751792598001,0.0001118409559744,3.115678327472196e-05,0.0002477360958825,0.0001149491051608
1482,0.0007801767133535,0.0001332437927474,0.0289802911115035,0.0034133701832179,0.0077624466692066,0.0018068900734115,0.0006723028623579,0.0001638903173612,0.0077239456608343,0.0010638039849923
1483,0.001032015933108,0.0002679790699756,1.424392643888954,0.0053939666726807,1.4190833438040185,0.0035224492537854,0.002866061675469,0.0003729882731528,0.6909023332238627,0.0047580725089626
1484,0.0007475462120366,0.0002616020124837,0.088873338573179,0.0058206618297678,0.0855139842318623,0.0040268368207959,0.0011246052107931,0.0003480845630251,0.0266770122064153,0.0024917329179875
1485,0.0007420445248767,0.0002586764483556,0.0813335725040119,0.0057896849642127,0.0779726609184068,0.0039564963781566,0.0010946644466718,0.0003441564168853,0.0229939977251043,0.0023592931196196
1486,0.0007900846692195,0.0001988384045214,0.0284351656769287,0.0036858013171054,0.0132767940028779,0.0027822790914088,0.0005301562948755,0.0002421187272519,0.0078704623315994,0.0016700599364585
1487,0.0007643277322706,0.0002254357575755,0.0287298431793473,0.004818540405201,0.0141567785358641,0.0019139812011688,0.000884730799857,0.0002868636277581,0.0074966326862751,0.0012786366690829
1488,0.0007608203704626,0.0002824661898439,0.0267072392346693,0.0034274794932783,0.0100749097186027,0.0024170676397943,0.000587630287294,0.0003357520236908,0.0071239801010153,0.0012932711505141
1489,0.0007826730630955,0.0001510699523917,0.0280859678181336,0.0053156025874725,0.0226860630521,0.0023194769005898,0.000864867860159,0.0001888558422228,0.0088893119339892,0.0014780860496502
1490,0.0007250055176596,0.0004444134155046,0.0265393670571831,0.0034450894012477,0.0119855830779338,0.0030936202331863,0.0007238559185834,0.0005116675349048,0.0069112594869774,0.0014834405411328
1491,0.0007629296780799,0.0002704979359206,0.669044305812101,0.0054136448462886,0.6648297831178939,0.0036188550862066,0.0022399851809368,0.0003751900224285,0.3501257083158031,0.0045105052960872
1492,0.0007430475814336,0.0004234135112835,0.0274023519137967,0.0050225439972982,0.0160205201049806,0.0044007533126962,0.0006677257619179,0.0004883106524126,0.0090438918908374,0.0021659195015259
1493,0.4991292942978937,0.0392431177168134,8.46628606762879e-05,4.530074598071144e-06,0.1610267536512845,0.0043825661143707,0.0001004740177844,1.8593268867676342e-05,0.000221768976437,8.26568750739766e-05
1494,0.0007826002075576,0.0001142221866166,0.0288974359298352,0.0037863238181697,0.0053585198579241,0.0011685362338948,0.0007732779532193,0.0001393922272707,0.0076504139186711,0.0008544711795545
1495,0.0013714264325125,0.0002780624912524,2.8289310911910848,0.0053338820700946,2.819357870219529,0.0034312355851618,0.0036593962378582,0.0003855608668552,1.2566370549463577,0.0045368225719954
1496,0.0007349532521054,0.0002672083885256,0.1027825313680028,0.0059580860503193,0.0996015045037073,0.0043120620854798,0.0010987763348839,0.0003538789006987,0.0282144321309027,0.0024665356356156
1497,0.0007460335863328,0.0002667507376384,0.0347539250031654,0.0053744311265471,0.0312585387690655,0.0029503526824601,0.000953478870016,0.000348892713466,0.0113951795335739,0.0017436131337149
1498,0.0007694973436012,0.0001803862832975,0.0276539976493359,0.0033707831176007,0.0084282707530163,0.0016946982437835,0.000652712388394,0.0002194867376833,0.0070613398429434,0.0009856406098886
1499,0.001057828042319,0.000265999115368,1.2405196941163732,0.0053483811722318,1.235619266064888,0.0034886219752093,0.0029286604165277,0.0003696337749257,0.6022800101652824,0.0045251043727471
1500,0.0007842123246332,0.0001750285515551,0.0279932412488704,0.0047598008459454,0.0142408912597931,0.0018434194602637,0.0008479362387551,0.0002208625581949,0.0074061845140899,0.0012125095057917
1501,0.0007511196076566,0.0002280485760317,0.0275928588424731,0.0051638960976112,0.0230498123174443,0.0024064290455306,0.0008951703927585,0.0002939141497589,0.0095011948990157,0.0014356663047123
1502,0.4743034098831931,0.0450321796515841,9.405247607134885e-05,5.3591399471494745e-06,0.1654301286776175,0.0037139897299752,8.847581459122967e-05,1.6950273599723042e-05,0.0002136167887837,7.709616835642585e-05
1503,0.0007312343555956,0.000275974174968,0.3376250043842638,0.0056016605211556,0.33450805801257,0.0040022904292039,0.0016030872985239,0.0003762416778231,0.157914254805615,0.004078953126583
1504,0.000729626018799,0.0002753515007423,0.1954141179000681,0.0057425780687693,0.1920692880819913,0.0041989569133806,0.0012954682003843,0.0003712272679633,0.068574185403158,0.0032294279599902
1505,0.0007320032589995,0.0002990047007865,0.026101724980869,0.0034064382213203,0.0099221948787961,0.0024457330143487,0.0005833379571601,0.0003544168758075,0.0070971739602,0.0013290643173407
1506,0.0007396130253499,0.0002619908309563,0.0348553679332648,0.0054963096095116,0.0318847063691336,0.0030049630992214,0.0009866695845249,0.0003417532676609,0.0108070352473028,0.0018463037358634
1507,0.0007437335139081,0.0002756360392942,0.1177492187175487,0.0056196027491355,0.1142498777561253,0.0039089843736806,0.00126474614916,0.0003718441907883,0.0417040680822908,0.0028939626750208
1508,0.6269198880888832,0.0084987190830203,0.1764407212690866,0.0247035161187287,0.1518991705516915,0.0703412338416529,0.022726019014543,0.0050237683483171,0.1524086276710957,0.0246249634310882
1509,0.0007935606781391,0.0001331303407729,0.0277470228120513,0.0035823285109746,0.0074181724998262,0.0016759761237902,0.0006925297841214,0.0001643173649267,0.0072333450332664,0.0009735420676411
1510,0.000737716669459,0.000275818323467,0.1201466297262132,0.0058009487479544,0.116590793823055,0.0040927944162799,0.0011878775903511,0.0003705857368723,0.0367216494537227,0.0027288795693233
1511,0.0007840680527646,0.0001606604023972,0.0261286977683414,0.003587353652697,0.0075078111477529,0.0017993895810736,0.0007045916085707,0.0001964850974981,0.0068703079106421,0.0009875370030112
1512,0.4332702439020476,0.0546494545631341,0.000150634716286,7.535083843925267e-06,0.2089992473609196,0.003992855232196,5.4011048214122e-05,1.7690512044540867e-05,0.0002707483561523,8.047300505281444e-05
1513,0.0015131208117729,0.0002843985546844,4.067586038116304,0.0053818281414686,4.0569331342958135,0.0033980325618722,0.004001674259761,0.0003936814937301,1.6925016236590749,0.0044229106815268
1514,0.0007656187396455,0.0002637474829871,0.0284595661044228,0.0033272412324381,0.0106298847349964,0.0025313219382219,0.0005752284092804,0.0003153229862464,0.007357497471022,0.0013360620461629
1515,0.5416036471191817,0.0355565708559931,5.064153929538569e-05,2.801366939722703e-06,0.1374546436477138,0.0077031114136428,0.0001054391095094,3.953828913257283e-05,0.000293386542893,0.000128580215841
1516,0.5167162809137809,0.0392937257549883,6.207051057226747e-05,3.60400296857662e-06,0.1464325271226624,0.0043815726555495,0.0001148437011238,2.468931585069898e-05,0.0002254837032195,9.28537087992846e-05
1517,0.0065864653283456,0.0012957463008521,0.186331434394168,0.0887057466477948,0.0766625404389802,0.0256461282921593,0.0096448619333299,0.001291241137568,0.1711066337940806,0.0781133218984203
1518,0.0007088178836134,0.0004778302296975,0.0245527454374328,0.0033774910442088,0.0125719537310609,0.0033090962331102,0.0007802103659604,0.0005465944928798,0.0067169721802489,0.0016106007294922
1519,0.0007589017093046,0.0002614689434581,0.0286853598546083,0.0033108875474398,0.009022971756896,0.002398066661323,0.0005664666079247,0.0003122057442214,0.007610186296556,0.001310837188137
1520,0.506373904478965,0.0412182975048183,7.613847663569849e-05,4.130226850241335e-06,0.1519617534258412,0.0043217428806102,0.000105585299326,2.158820160131163e-05,0.0002106091413494,8.595020894340007e-05
1521,0.000758265598476,0.0002338675857734,0.0280985062871743,0.0051624576027795,0.0202516619961059,0.0023298303914493,0.0008915973656674,0.0003010443466092,0.0083060582188909,0.0014598899423844
1522,0.0007651298489035,0.000230199274005,0.0266970179271169,0.0036019628716309,0.0124415339307741,0.0029266995829443,0.0005994497777464,0.0002780356092576,0.0080088361402594,0.0016834664160811
1523,0.0007462150918919,0.0002691534109764,0.1495093307966771,0.0059375652579323,0.145977100064488,0.004384000040291,0.0011776052166248,0.0003600902680069,0.0431724571515736,0.0028109992326037
1524,0.4700090257111864,0.0488989509203115,0.000105340723014,5.57351945083524e-06,0.1653285181447761,0.0034342126916838,8.587861531003905e-05,1.6729073741065285e-05,0.0002214913568029,7.473323068719603e-05
1525,0.0007570858782689,0.0002544852380534,0.0429382038248342,0.0058845912510774,0.0404796867132805,0.0033358027517263,0.0009603213970895,0.0003309202347133,0.0136013628782139,0.0019172181571199
1526,0.0007516443308255,0.0002510816436828,0.0285941056612937,0.0051732865109018,0.0228064498511363,0.0025269947692777,0.0009360894827645,0.0003267202097491,0.0092279949582845,0.0015939751055933
1527,0.0007296394618011,0.0002702378497216,0.3851665274335923,0.0055677612635241,0.382036993055231,0.0039764282128847,0.0016856227185535,0.0003708096381224,0.1835157268917267,0.0042067169661949
1528,0.5470386309899617,0.0350277225759894,4.6074249041780274e-05,2.5463776531287588e-06,0.1331096808306467,0.006847147840173,0.0001017988996822,4.243216493336391e-05,0.0002712299236843,0.0001291044805121
1529,0.0007500618514036,0.0002307824039165,0.0289201190665267,0.005207861979109,0.0214935712407993,0.0023788270734672,0.0009573613575091,0.0002980689601467,0.0090170404391816,0.0015988007573349
1530,0.0007290813689515,0.0003263631928704,0.0263539801552171,0.0032730027654798,0.0108695980069858,0.0027782465395594,0.0005764900852576,0.0003847241144192,0.0069026339238382,0.0014867468822955
1531,0.0007549256029297,0.0002525439445437,0.0479968830375535,0.0056884525797785,0.0450577516348285,0.00330739776565,0.000990592765333,0.0003304114037533,0.0142053113249538,0.0019411288979861
1532,0.0007416739433388,0.0002664213957251,0.0863719826073148,0.0059246738849349,0.0830900247750529,0.0042395542482829,0.001061867783693,0.0003555491118476,0.0237231105229397,0.0023224862221177
1533,0.0020809116920455,0.0014890775140093,0.0960230798186522,0.0247209141099618,0.0439685300388301,0.0130432736905141,0.0018025407080431,0.0013678704147399,0.032229379163696,0.0071072420703841
1534,0.0007839359669383,0.000269585210745,0.7750668154033474,0.0054252904087358,0.77099534808292,0.0036527197351365,0.0022856876698713,0.0003734001584464,0.4019862928377218,0.0046861533256495
1535,0.5394066007816838,0.0339813086003782,5.196976412363259e-05,2.946566454620656e-06,0.1406729066762374,0.0075047679490745,0.0001101428824451,4.171555890293139e-05,0.0002970891659936,0.0001306580300431
1536,0.000733452493418,0.0002766716465145,0.2617855083292657,0.005468025751002,0.2582801764345338,0.0038450346197817,0.0015228371290468,0.0003780956275648,0.1190394517838616,0.0036980282019725
1537,0.0007307505694108,0.0002796571954016,0.2540268606590853,0.0055382758928176,0.2506181152645351,0.0038835344936448,0.0015163960894017,0.0003809676530507,0.1130802734102964,0.0036824196426113
1538,0.0007463345868626,0.000272883179597,0.1821982294640671,0.0057782479847986,0.17881331759849,0.0042017399043154,0.001273846970729,0.0003690730042563,0.0624402313291166,0.0031590807143167
1539,0.0007961575059708,0.000135498616674,0.0280268109589966,0.0034575332352316,0.0123628762684829,0.0021201518170986,0.0006130833087014,0.0001684586271683,0.0075792201495261,0.0013459954683104
1540,0.0007641773483076,0.0002525496193183,0.0284029495826049,0.0052400559137675,0.0227612633156137,0.0025410514202245,0.0009526249573285,0.0003280487210324,0.0094349481036095,0.0016479562954802
1541,0.0007667331940832,0.0002518344838495,0.0387739009627585,0.0056934280575791,0.0361545160245213,0.0031958746249402,0.0009636702212554,0.0003289754117752,0.0120154841173769,0.0018879933207224
1542,0.0007244212203514,0.0002741722438428,0.3746949515961096,0.0054233812656864,0.3708440779759709,0.0036412470270858,0.0018875996315736,0.0003776156409189,0.1931444241214262,0.0040346592059515
1543,0.0009521761640198,0.0005878709990187,0.0265772945665652,0.0035503381024454,0.0138610875521369,0.0034105592437558,0.0009262348932016,0.0006610849906349,0.0071514663478868,0.0016157776803943
1544,0.1520552595843474,0.0198392993439482,0.0002276272489026,4.348105759051964e-05,0.5047455300135878,0.0107472534463023,7.123220559421728e-05,7.950851187797377e-06,0.0003073636069744,8.827122947657112e-05
1545,0.0013441442062878,0.0002744496154349,2.8446467979474144,0.0053646733809713,2.8358978879606123,0.0034271323237699,0.0036001784817607,0.000382358492744,1.2585609364092063,0.0045268839352539
1546,0.0007825984627679,0.0001257154595802,0.0278005137315222,0.0033092461587678,0.0074530183474777,0.0014584368059283,0.0006571283763283,0.0001549038057889,0.0072051568234251,0.0009347023578241
1547,0.0007532679579666,0.0003037349624339,0.0270713231527346,0.0034100586574166,0.0113006962471752,0.0027870767819561,0.0007420756786357,0.0003612176107415,0.0084564439265529,0.001555559497631
1548,0.0008108981186476,0.0002789671293173,0.756296078248931,0.0053793919587891,0.7519242710429485,0.0035944964356497,0.0023554518442521,0.0003848258366713,0.3875261590862423,0.0045581530533343
1549,0.0007552773429246,0.0002442581135588,0.0377062479397115,0.0055922712281831,0.0346056160329793,0.0030012207449612,0.0009996494163324,0.0003185894398173,0.0113667098224648,0.0019161987060372
1550,0.0012602128257796,0.0002700033593236,2.0343971837918207,0.0053667513126827,2.029852520231336,0.0034309292981235,0.0034016663838197,0.0003752459089954,0.944182112883456,0.0044587117922953
1551,0.0007399487400618,0.0002572090081124,0.059736511473006,0.0059414777142917,0.0564912264393294,0.0036287545613668,0.0010262669126476,0.0003376179776508,0.0173315061054454,0.0021335181163197
1552,0.0007691589222846,0.0001134729254611,0.0273090106644684,0.0038178163658443,0.0055412012681808,0.0013627487117693,0.0007569404137696,0.0001398441416769,0.0068546009346979,0.0008030706060843
1553,0.0007516963604115,0.0002593001590604,0.0303479349020506,0.0052401332296771,0.0272845481807068,0.0027558446444248,0.000979637129877,0.0003384207291478,0.0093265179446098,0.0017330808703041
1554,0.0007388737903748,0.0002748695630561,0.3176400404151576,0.0055538221390555,0.3144544677464713,0.0039184589430019,0.0016313365602846,0.0003754498596202,0.1506184830308117,0.0039939154393888
1555,0.0118976064472675,0.0016815901320187,0.2805801444545348,0.0549423927725346,0.1432758390755411,0.02960707276873,0.0143111298585273,0.001685594061878,0.1836191583665783,0.0531711287475406
1556,0.0007521162535645,0.0002795468904383,0.1046754919364803,0.0056391981561771,0.1012648006770397,0.0039126753125378,0.0012101698335766,0.0003767302109948,0.0368022736948137,0.0027897224494651
1557,0.004033324686888,0.0010347851943131,0.4313088390697556,0.1361062435138258,0.2562740899510678,0.047512212536905,0.0075860101891113,0.0011189358957411,0.2759226133728856,0.0815902604531702
1558,0.0007384237224876,0.0002732589641426,0.1478787994836808,0.0056374300151978,0.1444142055764699,0.0040102322599192,0.0012742069086756,0.0003688106290755,0.0519947271560221,0.0030078088611823
1559,0.0007329661917802,0.0003599071186221,0.0269602806882153,0.0036268954824316,0.0131082697457492,0.0032472277339283,0.0006426109855136,0.0004214673429159,0.0070406626034532,0.0017370229341998
1560,0.0007389336827135,0.0002664541407115,0.3087224239508733,0.0055784308056388,0.3053931810180655,0.0039195816529123,0.0015664773067618,0.0003656742427174,0.1400252939367797,0.0039038033784897
1561,0.0007218033022552,0.0002775843598391,0.4293337986027252,0.0055385996505077,0.4261683644493277,0.0038414080857928,0.0018234400253715,0.0003808034921638,0.2153189357663963,0.0043290704161312
1562,0.0007566555460211,0.0002311375824472,0.0298658790124712,0.0053911380541749,0.0260765473321231,0.002656078112845,0.0009538801107805,0.0002985632707549,0.0105162158240384,0.0017170266890056
1563,0.0007579351837061,0.0002317073058032,0.0286598554141818,0.0054474585721772,0.0253463645858378,0.0026082753279281,0.0009318780853777,0.0002986410871409,0.0101221579047052,0.0016914016611099
1564,0.0007687843664495,0.0001289041830265,0.0267806385258334,0.0039056448693553,0.0111265581294963,0.0020754551499486,0.0006701314247106,0.0001585654925854,0.0072449457209578,0.0011425823217589
1565,0.0007592621342608,0.0002084008794406,0.0289667684270647,0.0046924347399084,0.0112458511431118,0.0017046051614902,0.0008719216868489,0.0002664456549614,0.0074550268337099,0.0012030574127441
1566,0.4552296228724907,0.0502423993176213,0.0001088732499243,5.958610773399461e-06,0.1663279419652698,0.0033177092255142,7.647140829122298e-05,1.5586150679709666e-05,0.0002375103396497,7.464548474266181e-05
1567,0.0007955561565635,0.0001323395869605,0.0288123802424225,0.0034649445176761,0.0059590696363388,0.0015275205126651,0.0006602007753686,0.0001634430389672,0.0078342586475034,0.0010565425018811
1568,0.4954621913702965,0.0397769511910276,7.339236838534797e-05,4.424116205854546e-06,0.1544382795952999,0.0056628964499579,0.0001065778204465,2.455531681643122e-05,0.0002250233663169,0.0001027074088497
1569,0.0007805984893082,0.0002453441067277,0.0257110595291657,0.0033488972264654,0.0113679331769208,0.0026248540309143,0.0005522740936167,0.000293817732954,0.0067529852376287,0.0014643562763213
1570,0.0014294976164091,0.0009630095722457,0.0252971204251786,0.0065964522741589,0.0196822474433209,0.0060793048537243,0.001338447144455,0.0009927012759868,0.0105016073880423,0.0031064852262221
1571,0.4629298495263018,0.0499216773272452,0.0001111276945236,5.926803126176567e-06,0.16680337850894,0.0030739650399538,7.777607609650816e-05,1.379262542731539e-05,0.0002318051195428,7.100679691136848e-05
1572,0.0007595153310375,0.0002507118795183,0.0374475070325415,0.0055482871498617,0.0333370549406279,0.0029413297095567,0.0009430594502877,0.0003268058899335,0.0126279711552961,0.0017419354662442
1573,0.0007350545058934,0.0003280203792535,0.0262724720086496,0.0035396063528416,0.0120033999699314,0.0027440586309965,0.0005873583234678,0.0003875061424304,0.006890498614154,0.0014809098869651
1574,0.0007458805321463,0.0002761996638942,0.0828588082918699,0.0059375665935309,0.0796028150335757,0.0041477734351932,0.0010908855712561,0.0003678582139034,0.02439129729034,0.0024243804246365
1575,0.0007481386371905,0.0002735905167095,0.0908604865248357,0.0059039612355231,0.0876020323676535,0.0041901163069466,0.0011006192101241,0.0003649330393599,0.0265246766932381,0.0024762651849236
1576,0.4752238169405262,0.0423151908270047,0.0001004396852894,5.38154462882695e-06,0.1646863961991744,0.0039208375108425,8.841940812411063e-05,1.710641805951416e-05,0.0002440531244894,8.352136714669025e-05
1577,0.4833684020335056,0.0454594006144828,9.602666949673734e-05,5.200718896354376e-06,0.1635564553372811,0.0037640355223697,8.754209895112985e-05,1.998150485027286e-05,0.0001931414400014,7.028901705864741e-05
1578,0.000732686976593,0.000274560992386,0.3373982547816402,0.0055547943630078,0.3341092293459298,0.0038850118414804,0.0016668955397749,0.0003760497772798,0.1619050540835587,0.0040453676403028
1579,0.0007464597596869,0.0002772089920191,0.1668941535054558,0.0057983053915404,0.1634270498232668,0.0042170948904986,0.0012420645128158,0.0003747015810872,0.0539694540081784,0.0030319883862179
1580,0.044260087169963,0.003949945858887,0.1525260314952025,0.0495637846639618,0.0979509511409595,0.0445897877418181,0.0233867348201925,0.0033960708525894,0.1319185486082609,0.0485463682390025
1581,0.0007427441691787,0.0002644821798667,0.3043385621142098,0.0055964796468987,0.3010860710506985,0.004008524118672,0.0015354001402828,0.0003627679913987,0.1377142214834595,0.0039105475186465
1582,0.0007651696597743,0.0002274012171642,0.0394482112700721,0.0058268656287858,0.0365729677269324,0.0029503181565671,0.0009380778199399,0.0002932302967687,0.0130258823035449,0.001800774053094
1583,0.0014958745080279,0.0002758205548673,3.967643126002311,0.0053912798175802,3.9574599622793873,0.003416521785092,0.0039521147312582,0.0003841902960027,1.6633235750135449,0.0044616888003964
1584,0.0007411648688209,0.0002590358382639,0.0743175508453823,0.005859978862242,0.0710298646100487,0.0039344995668062,0.0010699153629184,0.000342940121134,0.0209596740822134,0.0022795513504763
1585,0.0007417019213889,0.0003675587759874,0.031451451459182,0.0070941335743802,0.0151783363771228,0.0042427111542502,0.0009038069159803,0.0004316551132991,0.009664727412923,0.0025794074920096
1586,0.0007504489422122,0.00026394197298,0.0690576891203219,0.0056681491211823,0.0657256088351059,0.003742969029099,0.001098412965164,0.0003522004006123,0.019724767413534,0.0023485291835162
1587,0.0007504251973846,0.0002242325597191,0.0290658097195682,0.0052038786820777,0.0212433486388697,0.0024336043324322,0.0009263537916358,0.0002890214193127,0.0079746627188947,0.0015854822581397
1588,0.0007409820154924,0.0002761585591604,0.0359653836031152,0.0054904804773915,0.0328383299700268,0.0030868923893763,0.0009617402091711,0.0003598732803053,0.0117184934987819,0.001794227031489
1589,0.0007235845373805,0.000270598996494,0.51474280863544,0.0054761943852567,0.5110738765520697,0.0037130699870956,0.001999362994404,0.0003737686812312,0.2628927521108051,0.0043753881620846
1590,0.0015937179291493,0.000271775560428,4.32732282344432,0.0054119958008754,4.317022609473393,0.0033798783691522,0.0041953233642742,0.0003772571166627,1.7831222163777738,0.004392947049354
1591,0.0007868643450037,0.0001192883297785,0.0283270210028235,0.003784352557974,0.006160426396117,0.0014132281068088,0.0007297042109744,0.00014679548891,0.007384154490547,0.0009330468832199
1592,0.00073461164929,0.0002771635675916,0.3398475926905786,0.0055044187137124,0.3364148313584254,0.0038310673687324,0.0016431447845576,0.0003783718721879,0.1580556320104016,0.0040037493298696
1593,0.0007765256946442,0.0001658699802544,0.0288314677582726,0.0041960897856693,0.0109004833768257,0.0012804781160246,0.0007569020255918,0.0002071433443379,0.0074650018015256,0.0009772117902729
1594,0.0007757130443864,0.00026106473203,0.0287206773121605,0.0032412141362012,0.0101467486030221,0.0025548626506617,0.0006593771411119,0.0003150974555134,0.007577165935534,0.0013824960239589
1595,0.0007437838582863,0.0002393530941252,0.0286376632342713,0.0053208453745739,0.0223653684510077,0.0026222654097508,0.0009573666041457,0.0003112176083403,0.0087483015559219,0.0017216221868057
1596,0.0007302941373782,0.0002768686085093,0.5303084937373076,0.0054062901377446,0.5267106315847541,0.003683432087836,0.0021443989626889,0.000380926264716,0.2784702198498617,0.0043873513987211
1597,0.0007736436373813,0.0001372159236368,0.0292495267253068,0.0037246627035374,0.0109861964762815,0.0009723389160613,0.0007436484983847,0.0001700237695426,0.0075729715826709,0.0008001009606317
1598,0.0007805395827391,0.0003115728824484,0.0290581693830265,0.0036597303154342,0.0150286808532978,0.0032877831753561,0.0005363111660756,0.0003723162953087,0.008140360919081,0.0018423466437177
1599,0.0007581552680506,0.0003159507855918,0.0275289349829831,0.0043822317745056,0.0124877408136694,0.0033159875254416,0.0007682984247274,0.0003755229609301,0.0071454403206248,0.0018431898492086
1600,0.0007378285032611,0.000266230373758,0.1971586426232577,0.0058125419263944,0.1937875009591878,0.0042752949369548,0.001275631424432,0.0003597952977607,0.0661230966245239,0.0031931929453687
1601,0.0015572814649377,0.0002786656160565,4.428669383590749,0.0054026993315991,4.417087219471407,0.003390712706019,0.00410832053906,0.0003868780878816,1.8148751010075284,0.0044315315377981
1602,0.0009975610817147,0.0002700354102395,1.1735256172081208,0.0053675120765142,1.1683266201087448,0.0034943935160284,0.0027933618928843,0.0003750901708432,0.5803024885820693,0.0045416225534619
1603,0.0007693409657528,0.0002154982990062,0.0338385059610757,0.0056365409047806,0.0305176288794873,0.0027527564169233,0.0009291931132846,0.0002769669547329,0.0116641535984474,0.0017036029254321
1604,0.0010350355865399,0.0002706081175815,1.342987080311148,0.0053938693415221,1.3378241974862666,0.0035258100163608,0.002873532566583,0.0003760311528731,0.6568379272087093,0.0047228001860304
1605,0.0013275522171224,0.0009061984028705,0.0235427740631175,0.0048585969511435,0.0196937153830709,0.0055657618176958,0.0012776879480506,0.0009694233277032,0.0100030861638993,0.0027006217619462
1606,0.0766792211992342,0.0041062910768925,0.1841015084009347,0.0227260304890757,0.0844174401498696,0.0365942379053211,0.0138967648816955,0.0032412771858797,0.1696119289847648,0.022586927305566
1607,0.467350796877319,0.0427282840833647,0.0001060086783162,5.651187757853537e-06,0.1659568229442357,0.0039768412862915,8.405359046896142e-05,1.5114133190589537e-05,0.0002372779514409,7.954341284355994e-05
1608,0.0007846786336994,0.0001210466416054,0.026506364053877,0.0040602766658357,0.0091940531100386,0.001682615911626,0.0007669725846333,0.0001494256363233,0.006976891141014,0.0009971072596603
1609,0.0007689555660451,0.0001622587788765,0.0274878699402061,0.0032939204171141,0.0085829798315352,0.001812974148206,0.0006024316222311,0.0001979362298119,0.0072882647746953,0.001108432170816
1610,0.0007839793086191,0.0001292912049834,0.0278760833552175,0.0043232296041118,0.0131097550362241,0.0020088253342398,0.0007164889329394,0.0001605867272026,0.0072318435685015,0.0011635512849745
1611,0.0007800116725634,0.0002276376514912,0.0287854674806546,0.0033341803001765,0.0104662001135449,0.0021837427746713,0.0005896779383265,0.000275098867446,0.0074023208420184,0.0012069340257672
1612,0.0007422829397728,0.0002796872138094,0.1104042516171626,0.0058403007761646,0.1070190791905322,0.0041845438857961,0.0011799723714152,0.0003744530526351,0.0347083112337505,0.0027173843640829
1613,0.0013588050526225,0.0002780533382149,2.715219843616504,0.0053735705168062,2.7067665864979,0.00342453141861,0.0036332355004888,0.0003862747534546,1.2044781406817229,0.0044772827016223
1614,0.0007805742311668,0.000226150031884,0.0291034433506273,0.0032187586875288,0.0097591620359274,0.0023100658862105,0.0006577278618929,0.0002720554287575,0.0076000913136986,0.0012958973426969
1615,0.5194396022331649,0.0340142086039726,6.72488760170139e-05,3.7173206338571785e-06,0.1462144021787306,0.0075454507357021,0.0001127040134603,3.62540001856514e-05,0.0002608574279316,0.0001202237789205
1616,0.5218303717532234,0.0371724943929154,6.628605675755502e-05,3.577599141537016e-06,0.1482802744943539,0.007364604612592,0.0001193200472428,3.006394553940783e-05,0.0002628526707077,0.0001186813811934
1617,0.000740926062658,0.0002727714462091,0.083744892150335,0.0057594153115902,0.0803838851676629,0.0040144577106949,0.0010983913758978,0.0003631641991099,0.0246292505863901,0.002409733481759
1618,0.0007489255267467,0.0002668951235815,0.0598828528071398,0.0057244034615328,0.0565724485496086,0.0037145293733929,0.0010633931786012,0.00035468941809,0.0179560128494961,0.0022252909747977
1619,0.0007676465115486,0.000208046228233,0.0274897235159851,0.0033604019254582,0.0082687307916021,0.0022000775639416,0.0005847816357365,0.0002497853489186,0.0073176595212014,0.0012090569854609
1620,0.0014948808839278,0.0009704465460476,0.1794024008278412,0.0696960204880787,0.0650761553320647,0.0134046735484555,0.0024304676568612,0.0010103642124703,0.0890367430730551,0.0186918904054982
1621,0.000811215551182,0.0005712698341459,0.0266484924699157,0.0043988280386871,0.0146565749780258,0.0041824622868582,0.0009068100811784,0.0006433217296407,0.0074081791934604,0.0022283354970047
1622,0.000735136767609,0.0002740245196338,0.5372785435283512,0.0053978524180315,0.5331897344378578,0.0036140781187908,0.0020943167978634,0.00037797857842,0.2787614236587282,0.0043090585934447
1623,0.0007836461090183,0.0002359948807918,0.0281997981157081,0.0034200750020914,0.010527342583274,0.0025149041150947,0.0005224899919929,0.0002826306592168,0.0073726846100968,0.0014418920383375
1624,0.0011180075788198,0.0006450635131514,0.0657527770949793,0.0148737219526311,0.017445620603605,0.0049750995909875,0.0010061669789259,0.0007207545728277,0.0179512951678861,0.0032916576715186
1625,0.0007400296790282,0.0002716350425681,0.1191684368798051,0.0059647828337263,0.1157257628370506,0.004304125698834,0.0011437570284498,0.0003627852685971,0.0333172081004055,0.0026285090664186
1626,0.0007277469263219,0.0002801506704141,0.3230733564455732,0.0055506522951942,0.3199636087456999,0.0039850991367475,0.0016341060112555,0.000383040449939,0.158154712152979,0.0040799651050118
1627,0.51080309719208,0.0401773180983823,7.313111250961128e-05,3.959243175525216e-06,0.1516975826009893,0.0058425708248298,0.0001127258571522,2.377223533601329e-05,0.0002643760226501,0.0001040357185796
1628,0.0007467551030297,0.0003530447002963,0.0274740776279043,0.0033962168129091,0.0112779267198833,0.0029644640026455,0.0005959240053556,0.0004142213465808,0.0071125501030951,0.001544728734669
1629,0.0010401634107983,0.0002705319862355,1.3103323211112592,0.0053685737922446,1.305189004629991,0.0035086990195123,0.0028867451625485,0.0003762939912796,0.6381067640357396,0.0045899898307175
1630,0.5322410044124581,0.0346961006784221,5.87129224327005e-05,3.2423495615557497e-06,0.1420156235155078,0.0053034462008149,0.000107017901038,3.358216708853852e-05,0.0001736830371911,0.0001032329893119
1631,0.0007393450775566,0.0002574332591097,0.0365599712875095,0.0054914322664345,0.0336229598239949,0.0030244214979817,0.0009770431910168,0.0003373919109711,0.0109555786505245,0.0018091925761939
1632,0.000760812730498,0.0002273711802916,0.0288218507187134,0.005543205866924,0.0265918832426617,0.0026582075881925,0.0009604789721794,0.0002934943417188,0.0098578994338042,0.0018009663518443
1633,0.0007783057393581,0.0001930432193595,0.0289037143593395,0.0042567821783955,0.0088657299434104,0.0012458076479448,0.0008042210968347,0.000244175841295,0.0076449532209335,0.0009279132694224
1634,0.0007738921043932,0.0001232173628997,0.028951771654545,0.0046143319238853,0.0141527938156717,0.0020592905294985,0.0007807497948916,0.0001516746727706,0.007348335276817,0.001202054560691
1635,0.0007448783224807,0.0002698128920211,0.0692577087959284,0.0061031272199104,0.0660836594182136,0.0039921957015607,0.0010747751000781,0.0003548506062689,0.0217298322708307,0.0023644765076817
1636,0.0007420578347768,0.0002778482222117,0.0425303287818844,0.005503406931844,0.0393309991484952,0.0032920826726891,0.0010112396985844,0.0003655468388393,0.0123710185842112,0.0019523247060204
1637,0.0007465686868259,0.0002542568353736,0.0349082806595604,0.0054514223880753,0.032303184004377,0.0030107433596778,0.0009595527363579,0.0003315311839386,0.0108085521576707,0.0017459833217268
1638,0.5030376322783393,0.0387795545437466,7.973273663065955e-05,4.298380358495112e-06,0.1559710297860077,0.0047055495772896,0.0001068187022348,1.995038864397432e-05,0.0002360439627232,8.94394329347602e-05
1639,0.0007353769312755,0.0002687435813338,0.3482154647156962,0.005494882927275,0.3448436560160298,0.0038091033488999,0.0016943415548679,0.0003694309632157,0.1695901642007711,0.0040517751401642
1640,0.0007799846934214,0.0001424945890448,0.0276380840873826,0.0039935932536691,0.0112524270653432,0.0016016989863528,0.0007311684341725,0.0001768672942358,0.007190247236385,0.0009979485769965
1641,0.0007475772161384,0.0002533811568703,0.0443176782012584,0.005693396926884,0.0411322497250301,0.0032484971050692,0.0010210516547933,0.0003320008965031,0.0134916085717407,0.0020080949604991
1642,0.0007489856284621,0.000266499548122,0.0409981591052484,0.0054623427296211,0.0381011707037602,0.0032444129447077,0.0009734859355127,0.0003505146354063,0.0117014585872794,0.0018475412320858
1643,0.0665396563880771,0.0043086679763064,0.2142365746274485,0.0534934408089391,0.123748721847771,0.0582159166028206,0.0276847095134153,0.0035971370791439,0.1790920193921063,0.0527902789078938
1644,0.0007747739748068,0.000166422453706,0.0292692576878375,0.0045724119840623,0.0157467253930848,0.0018530099487722,0.0007868799918487,0.0002080825685858,0.0077984876172443,0.0011176293882945
1645,0.0007800649429857,0.0002224325995615,0.0280430705065406,0.0051819319409514,0.018766084016486,0.0022335363412278,0.0009147020702909,0.0002838462919806,0.0076877492501261,0.0015020429162094
1646,0.0007768613997141,0.0005417991736629,0.0257178447946843,0.0037927430968166,0.0135928160379575,0.003670225003268,0.0010544594981205,0.0006095563611943,0.0077467780050565,0.0018191730087925
1647,0.000747022306268,0.0002796971430701,0.158539754411759,0.0058091919299001,0.1551387169628812,0.004284794792307,0.0012218814138257,0.0003779377856912,0.0509540190035804,0.002984692157739
1648,0.0007552781137627,0.0002593276538115,0.0280850931549955,0.0052921610827458,0.0247613092282891,0.0026777405778765,0.0009356457588103,0.000338140343509,0.0092337996145608,0.0016630607886556
1649,0.0007794155120924,9.479641855443108e-05,0.027770426529796,0.003888997255771,0.0072840040792995,0.0013452116655278,0.0007249513545194,0.0001171836445855,0.0071153697088774,0.0008857734898047
1650,0.0007879319750522,0.0001829378360998,0.0263042426250272,0.0046812053470897,0.0184646433136941,0.0019141026514881,0.0008209859818529,0.0002296126039208,0.0071314157141058,0.0012097405539951
1651,0.070513326029784,0.0064162160672705,0.2286135769001809,0.0293513003620404,0.1034648286824481,0.045767954175409,0.0197531948541385,0.0053584200835545,0.1571640379377676,0.0292133487918964
1652,0.0007069488639441,0.0004195732679666,0.0262994874743386,0.0034948358945845,0.0125560148288016,0.0031186756706155,0.0007206917284997,0.0004870517079624,0.0069321909339543,0.0016426708652019
1653,0.0012112085625499,0.0002692037403131,1.9398888670643135,0.0053727210467916,1.9348628577586044,0.003431850113998,0.0032913905597981,0.0003749223011543,0.8963166086079132,0.0044679322790691
1654,0.5282076698731248,0.0357676660640217,6.112752487683095e-05,3.3447303017196977e-06,0.1428880159191741,0.005503677971863,0.0001093990318958,2.937794884381844e-05,0.0002078238021835,0.0001026156302517
1655,0.0007379062106615,0.0003618547001475,0.0268211892424485,0.0034877310017079,0.010042123934663,0.0031363031543919,0.0005996907989409,0.0004214046674746,0.0070447381801387,0.0015873865344222
1656,0.549841609336792,0.0316114839454327,4.3440508038041815e-05,2.488965001007834e-06,0.1292894685632451,0.009609694486448,0.0001523924933826,5.726971791387703e-05,0.0004208235586127,0.0001636113456956
1657,0.0007592477355788,0.0002286585444758,0.0302888100640555,0.0055772306295449,0.0271251430422972,0.0026157180657838,0.0009325756046316,0.0002944501841537,0.0105204476357883,0.0016684619897736
1658,0.0007279886867441,0.0004525502280239,0.034747225445038,0.0064900807592812,0.0180638600360225,0.004327964883722,0.0007576066424099,0.0005206699347338,0.0090453735916437,0.0026249623693712
1659,0.0007382126966055,0.0002575586905143,0.0615142687823005,0.0056496779338782,0.0582589458389737,0.0036095255146733,0.0010515121236138,0.0003406231426954,0.0171044683099186,0.0021491427747268
1660,0.5109726317829885,0.037347890721123,7.318574244448336e-05,4.046998109517104e-06,0.1510688872537689,0.0068355177981702,0.0001074365763632,3.529984345044153e-05,0.0002697024728528,0.000113674518908
1661,0.0007813699337741,0.0001744043720664,0.0294747043367398,0.0039147459123033,0.0087638699606435,0.0009935059888043,0.000775871124341,0.0002200775375748,0.0078964117699072,0.000840945937901
1662,0.2882933912211316,0.0068269291498024,0.1521694804961754,0.0164814703616549,0.136235886252607,0.0461771388096861,0.0122445813362123,0.0040600535473523,0.1219356700806695,0.0164476604495207
1663,0.0007423196355146,0.0002753123009085,0.1509291502723908,0.0056469830897506,0.1474507231017855,0.004050200709786,0.0012427218869358,0.0003738060196169,0.0526434989311693,0.0030033738351103
1664,0.000733966209208,0.00027317028231,0.2670845126415689,0.0056151891593333,0.2638407239497333,0.0040943789205846,0.0014507285671688,0.0003715845672486,0.1129133884491728,0.0037281580827205
1665,0.0008134575957738,0.0002766005579685,0.7250355862624126,0.0054122127135371,0.7207051040505269,0.0035991702093643,0.00235841579348,0.0003819000312538,0.3809275537501762,0.0045149629983101
1666,0.0007951597519603,0.0001793625628223,0.0284639292486698,0.003553091128431,0.0108370487465474,0.0025366976419775,0.0006350748281849,0.0002196844236372,0.0074503179153238,0.0015187376914993
1667,0.0007664888918215,0.0002295582059311,0.0283896857626814,0.0051115244883047,0.0199115925902336,0.0023076641792549,0.0008995545539288,0.000296598897589,0.0085557940529448,0.0014307674233982
1668,0.0007251553794014,0.0002725841031617,0.315043093411434,0.0055139123139046,0.3115623835898808,0.0038576449596342,0.0015862524060086,0.0003733841801047,0.1446002856546172,0.0038962983780176
1669,0.0007626594693665,0.0002276095200202,0.0288006893827834,0.0054019870475167,0.0221609733459891,0.0025293713602321,0.0008957012873177,0.0002911603320724,0.0086813701013243,0.0016250094809078
1670,0.0237721129440753,0.0030647002621628,0.3084488671066485,0.0537695211274626,0.1329132260830107,0.0561352716674511,0.0187356279810232,0.0028216963934361,0.1921309523751868,0.0533929129180907
1671,0.0007534055040348,0.0002840996023043,0.0735371333013276,0.0057896634337307,0.0702108266076979,0.0038603369439552,0.0010923870423484,0.0003762964587226,0.0205353746908759,0.0023594858453135
1672,0.3835487595691912,0.0062158171558646,0.2505380011977809,0.0233104903664989,0.1253944274605312,0.0557720287530209,0.0108827973681598,0.0043117967059473,0.1507590824667185,0.0232427070315905
1673,0.0007489502673669,0.0002689975829531,0.0813223334872147,0.0060423375967606,0.0782773492372223,0.0042197385828489,0.0010467247544491,0.0003548928103753,0.0226018063774919,0.0022849015769398
1674,0.0007700677058527,0.0002297565525002,0.028163364126344,0.0053919602576094,0.0234878581428337,0.0023880646109972,0.0009344637742292,0.0002950787934642,0.0097641862089048,0.0016271563891897
1675,0.4879487315628375,0.043365783805916,9.208765425147015e-05,5.053413168232916e-06,0.1608933835854724,0.0041548541685518,9.44267426367116e-05,2.2918749773938536e-05,0.0001697585575453,7.43922361061799e-05
1676,0.0183169372961985,0.0025007428957348,0.1616550538401969,0.0421410026499766,0.088510798207217,0.0386203390868317,0.016552796502833,0.0023748398804565,0.1496989217200413,0.0415419540229127
1677,0.0007405398141198,0.0002744954329323,0.2901523333967704,0.0055122445089024,0.2867935898898036,0.0039000454658848,0.0015714684139767,0.0003755145127587,0.1340113179068034,0.0038661663414912
1678,0.0007384999277158,0.0002774967160018,0.2763796825811936,0.0056017675066698,0.2730648175241916,0.003937874462267,0.0015427274139305,0.0003781631944093,0.126089220733511,0.0038284524663521
1679,0.0007557128894821,0.0002315514803139,0.0311282862828259,0.0053677671029705,0.0275000877785404,0.0026499429965349,0.0009486928133388,0.0003009454752623,0.0105689144436337,0.0016970324111583
1680,0.0007529209364066,0.0002516989146356,0.0423032190890474,0.0056433057550901,0.0393828013880091,0.0031551360284691,0.0009843473710777,0.0003287556875668,0.0129176700526878,0.0018771142746328
1681,0.0007789799864532,0.0002611637084503,0.0259543755700096,0.0036042564056077,0.0106354378685229,0.0027433341645416,0.000520989625995,0.0003117512354638,0.0084763829735181,0.0015508301445424
1682,0.0014543377687959,0.0002756255290664,3.4033062873687774,0.0053769588504076,3.394243543143033,0.0033977984362265,0.0038633188123358,0.0003832787916516,1.4622170020289464,0.0043817618472561
1683,0.3024757099067989,0.0079252495536234,0.1684233629592419,0.0178864561346425,0.1253344908821719,0.0511807964564536,0.0213688542995783,0.0049157953130199,0.1540973989946471,0.0178421707951961
1684,0.0008578133286988,0.0005310238099803,0.0265294754692764,0.0038542400897851,0.012610339093461,0.003709540158449,0.0008335011353206,0.0005998205767932,0.00709130115516,0.0017963289716894
1685,0.0007722798219578,0.0002011809981947,0.0272309691067292,0.0047407434079568,0.0144304909040256,0.0018537185390693,0.0008530290777936,0.0002559502622274,0.0069855204972141,0.0011865480510537
1686,0.0007679707631629,0.0002459385247893,0.0410078742936176,0.0056232495574721,0.0381687821820735,0.0030472700627598,0.0009913362489755,0.0003199734552853,0.0122790082908959,0.0019269670322035
1687,0.0007560759945773,0.0002230047375183,0.0278717678136971,0.0047652840899371,0.016995719276385,0.0020512272056981,0.0008376699194149,0.0002860985528081,0.0073276346900402,0.0011919923990638
1688,0.0007450883896045,0.0002650063443745,0.0845860333272186,0.0057061561351916,0.0811355315548305,0.0038308982480477,0.0011435312368405,0.0003541556199768,0.0250568279956402,0.0024979849878289
1689,0.4813175575012008,0.0435202440627697,9.698724370565972e-05,5.253469206821907e-06,0.1649436917598387,0.0047608085506133,9.12116663984043e-05,2.0659668586173366e-05,0.0002174651883188,8.511299820911651e-05
1690,0.0013092606676402,0.0002683720248867,2.5430628918752225,0.0053981219539153,2.5375700121439486,0.0034317338777121,0.0035155978964154,0.0003747729526758,1.1454420113323789,0.0045065972914733
1691,0.000745661750519,0.0002624571589429,0.0468709105642224,0.0055992141181702,0.0435762945577154,0.0032656869547775,0.00102700151015,0.0003449169826835,0.0130591958222477,0.0020376356750108
1692,0.0018703968168399,0.000274901657858,6.241217418000045,0.005500528262066,6.214606496757096,0.0034363302299527,0.0048501299134979,0.0003779820407577,2.4162790746534903,0.0045795828656628
1693,0.0007363843817926,0.0002709830549446,0.203570523710058,0.0056485962216259,0.2002521080889218,0.0040048533087067,0.0013756015606768,0.0003676454653066,0.0807499083864359,0.0033804376345142
1694,0.0007422514794017,0.0002720832469082,0.1813155185870699,0.005865114443305,0.1778584283569315,0.0043395753512938,0.0012450675145249,0.0003668179557751,0.0595985316036321,0.0031112682278711
1695,0.0007460358241495,0.000274743473967,0.2570250981548603,0.0056690162792692,0.2539063754923952,0.0041220837524685,0.001459269042771,0.0003735426991673,0.1108889582834948,0.0037402370812083
1696,0.000783287606569,0.000128465193266,0.0291735733858067,0.0039727572688886,0.0101710697028889,0.001170605044056,0.0007601849112254,0.0001592377502135,0.0075772406358465,0.0008538149901725
1697,0.0007442809844818,0.0002745687810176,0.1229318701827105,0.0057295380955636,0.11952237711994,0.00399541110283,0.001225626929925,0.0003705085242101,0.0412130229632835,0.0028540309793396
1698,0.001750084572743,0.0002695928694766,4.541675275952786,0.0054829607299165,4.525886312718242,0.0034400735969631,0.0045604422815597,0.0003709899714907,1.8666427699180943,0.004556160668208
1699,0.0007428885545037,0.0002612166777818,0.0601385656534797,0.0058738661713758,0.0567743689148914,0.0037204781519158,0.0010695405086792,0.000344039541688,0.0184315274413564,0.0022434274313406
1700,0.000728119484373,0.0002839418861011,0.3333424251080898,0.0054939195124575,0.3301193720857338,0.0038923339964087,0.001652048489037,0.0003879235372277,0.163066170319289,0.0040628580985363
1701,0.0007466344382099,0.0002368530296598,0.0280187469722317,0.0052796205055382,0.0229411358980855,0.0025550738439844,0.0009174858967609,0.0003071075147106,0.0093814199144173,0.0015792095565891
1702,0.0007420810481501,0.00028079598727,0.1533759375148711,0.0057971126111454,0.1499227324355067,0.0041679631900071,0.0012553374094246,0.0003792553490112,0.0530728702882514,0.0030291253831268
1703,0.0007440345149865,0.0003613815587907,0.0269126957916648,0.0036564521217318,0.0112795261508148,0.0028645091304649,0.0006134277851875,0.0004233414009056,0.0070240831370173,0.0013370510966893
1704,0.0007311042980754,0.0002639374978748,0.2862182370039625,0.005554452934486,0.2830718915234286,0.0039328798768402,0.0015581775693293,0.0003605180686748,0.1315192111858107,0.0038633348382098
1705,0.0007496779467191,0.0002630240918543,0.0384977498830178,0.0055133256876879,0.0349195885092677,0.0030703932992769,0.0009523442828406,0.0003438203887178,0.0125466457000458,0.0017616150523949
1706,0.0007329758134941,0.0002767289116302,0.3407625816404958,0.0055566337950489,0.337630171570036,0.0038557815878476,0.0017405745775606,0.0003790326878074,0.1711975313781941,0.0041161692382423
1707,0.0007497460345221,0.0002592743007006,0.0533211733617378,0.0057172296933378,0.050284773715944,0.0035604229290166,0.0009996790816742,0.0003410544944403,0.0148556248823391,0.0020023089243582
1708,0.0007724566190425,0.0001953070788205,0.0292133666638993,0.0049876468143711,0.018270671519318,0.0019792982394244,0.000856209284915,0.0002475400804091,0.0076671914215124,0.0013105176500922
1709,0.0007403654618306,0.0002675963584172,0.0719427658303428,0.0058820312746654,0.0687259473077606,0.0039823332132767,0.0010502672972149,0.000355388717722,0.020003331607635,0.0022185324581986
1710,0.517469187223962,0.041023439191142,6.792407694504866e-05,3.657042171825917e-06,0.1454020250862343,0.0045827508038584,0.0001138141933283,2.4276243696103515e-05,0.0002513575419393,9.690526443518154e-05
1711,0.0007413211895166,0.0002638605576696,0.0431975623969381,0.0056513939536524,0.0392904271528094,0.0031979704972462,0.0009684472422473,0.0003435313641158,0.0141913792357641,0.0018466996011696
1712,0.0007624410184857,0.0002753943311014,0.6784218039518445,0.0054288504961653,0.6741937254563476,0.0036050834038824,0.0022396494944421,0.0003798883633244,0.35676988859015,0.0045283243588066
1713,0.0015568055302647,0.0002690334985017,4.402690792241848,0.0054041158699842,4.391892135850791,0.0033905053993407,0.0041010450268123,0.0003746568629966,1.807810862331235,0.0044310492945257
1714,0.0007541226704911,0.000234464559217,0.0357636037399418,0.0055114172128489,0.0320062780243194,0.0027993929265073,0.0009555199623529,0.0003041772101173,0.0119769535091529,0.0017784147224204
1715,0.0007215505557961,0.0002758295138137,0.3682482157221976,0.005501499510676,0.3648970541326264,0.0038060704505994,0.0017871949222418,0.0003791252714267,0.188278773598521,0.0041803443159688
1716,0.0007451278542479,0.000271638842746,0.1097821624592782,0.0058203659725473,0.1062434556577425,0.0040545665577238,0.0011532433020899,0.0003626126860114,0.0319728843392349,0.0026039376688454
1717,0.0007569340246689,0.0002598039762453,0.0335508994134902,0.0054127604465487,0.029966629580708,0.0027991918305097,0.0009447566276349,0.0003383847711605,0.0112995616969795,0.0016998125106204
1718,0.5042580644747897,0.0399247520255849,7.889803139783778e-05,4.2410730934391405e-06,0.1550846874318726,0.0046207474960724,0.0001062746025436,2.1846460411122795e-05,0.0001947782378384,8.54511847829674e-05
1719,0.002110503704879,0.0002771989347966,7.376011877635393,0.0055412164622287,7.320345337989797,0.0035599574617759,0.0053985098734333,0.0003783906074884,2.755832414994653,0.0050818285002089
1720,0.0007550757425037,0.0002774216186396,0.0978711238525877,0.0058110291201679,0.0944543625417091,0.0040275170750235,0.0011389497649435,0.0003705680925391,0.0279919127357937,0.0025534428449003
1721,0.0007362649660284,0.0002732224759153,0.2320583003613283,0.0055953630745532,0.2289028273544553,0.003959041296271,0.0014953802107357,0.0003708242881574,0.1041289052835745,0.0036451659050935
1722,0.0007356739689876,0.0002725723747794,0.0856434939732318,0.0057741518009218,0.0822595655863209,0.004028262868477,0.0011214507892175,0.0003641204182259,0.0255449750393369,0.0024825917848037
1723,0.0364428478712394,0.003029430608081,0.2370283076855526,0.0844903750334591,0.1080607831619041,0.0429590542499212,0.0300001240843929,0.0026710020712698,0.1900839683055229,0.081697252099271
1724,0.0007524074359419,0.0002277593661658,0.0272075155502958,0.0034945071502742,0.0108096132949197,0.0027048002568382,0.0005813779233268,0.0002745614287433,0.0077948180470242,0.0015517526217795
1725,0.5174664898436308,0.0365934741640023,5.9172503916503904e-05,3.5182057084640635e-06,0.1445902927532661,0.0071645524216803,0.0001138002980153,2.8844575429860096e-05,0.0002913442327988,0.0001190514928842
1726,0.0015688547929164,0.0002752698077434,4.159274720198077,0.00538211310629,4.147841007914389,0.0033814762558969,0.0041346170012729,0.0003809223832524,1.7263703841356677,0.0044250000138193
1727,0.0425019454694051,0.0033169439051116,0.1924886680421492,0.0535373871676534,0.1117861877954803,0.0499978222564698,0.0254559612635178,0.0030652189095227,0.116867877229343,0.0524041561557771
1728,0.0012823810103747,0.0002774470766922,2.2389114644220096,0.0053914446262962,2.2338434903443813,0.0034282048027446,0.0034602317275734,0.0003867357944423,1.0210617258095482,0.0044546887929467
1729,0.0008330363758329,0.0002659453621836,0.922301242524124,0.0054217639496188,0.9175923744362856,0.0035942802792141,0.0024060855856642,0.0003694423723776,0.4735733802659692,0.0047160465483507
1730,0.0008272222851286,0.0002658293032175,0.7976249210421725,0.0054138389840974,0.7932852800795603,0.003606518042974,0.0023876384901837,0.0003688329245107,0.4088049023489873,0.0045519693448584
1731,0.0007542819864232,0.0002434069534525,0.0279845431968867,0.005330807813408,0.0226696743358138,0.002639879426472,0.0009609727489761,0.0003157726371801,0.0087800780226477,0.0017110339884322
1732,0.0007883857197538,0.0001180085087649,0.0283259335474365,0.0038384783569768,0.0088324361183204,0.0014478290970444,0.0007225261127186,0.0001454559146109,0.0074265067744281,0.0009272544835793
1733,0.0007230867142924,0.0002702977066199,0.4156182644521706,0.0054753552252369,0.4119577036829581,0.0037021987310419,0.0018867732019066,0.0003730224592316,0.2093571705198482,0.0041591644409789
1734,0.0007372178178035,0.0002540867394339,0.0444528095618588,0.0056737227131713,0.0414590494001212,0.0031957499202202,0.0009962226788741,0.0003315000852324,0.0132728392169662,0.0019130787605552
1735,0.00074492689437,0.0002741355727279,0.0638723228149522,0.0056051690253456,0.0604371914937716,0.0036788237210572,0.0010857459509606,0.0003658985860848,0.0179226225365943,0.0022728291561629
1736,0.0007308298875619,0.0002693312962705,0.1267091356122321,0.0057262444128048,0.1231686122977181,0.0040411391563439,0.0012002481873677,0.0003622323923334,0.0383148627053005,0.0027567882522428
1737,0.5374694955474293,0.0345461839817845,5.465739571046243e-05,3.0132753504474576e-06,0.140458632982014,0.0064778609718104,0.0001078386029634,3.939845227945612e-05,0.0002319201460859,0.000119729580369
1738,0.0017171840062462,0.0002815499343084,4.7317156304348,0.0054080952018469,4.717443307405847,0.0033889348809334,0.0044895715026566,0.0003863608579123,1.9453798095722687,0.0044434072136649
1739,0.0007538967739815,0.0002536124479043,0.0448389645989624,0.0057650138618006,0.0417960752131015,0.0032247217187089,0.0009909774112303,0.0003312982356612,0.0135738429962423,0.0019169110606932
1740,0.5411230126663794,0.0347160586425047,4.734469526554384e-05,2.7587711081536268e-06,0.1365017962942262,0.0071687489271702,0.0001057217930835,3.890824786907416e-05,0.0002693425843235,0.0001265529271608
1741,0.0007833898360142,0.0001438614250948,0.029112290161073,0.0034302949929631,0.0074061467887115,0.0016114619935383,0.0006625518619069,0.0001767685402921,0.0076507530826547,0.0010167758151085
1742,0.4358839080510894,0.0526482064398803,0.0001454761885729,7.366502717900288e-06,0.1997180869733429,0.0044398904574276,5.713606633414135e-05,2.0392008139474098e-05,0.0002531840755746,7.533148263361447e-05
1743,0.0008370668537109,0.0005257005405346,0.0261303956082086,0.00359591070433,0.0116110337934383,0.0033430734282899,0.0008100192829121,0.0005958480951418,0.0069214052602549,0.0016512118085113
1744,0.1813615877537085,0.0087332760155057,0.2813995829009783,0.01050693049809,0.184489115802182,0.0954731610131967,0.0107646955007911,0.0037522898001698,0.250712689087945,0.0104892862612138
1745,0.0007477256735918,0.0002328005161172,0.0282597475995525,0.0053326320363639,0.0231664071636193,0.0026468223792359,0.0009736501212516,0.0003025635533635,0.0090610696375009,0.0017366699008201
1746,0.0007444097340157,0.0002633783446079,0.0540882164762162,0.0057875345682896,0.0508441904806336,0.0035512582938402,0.0010275842792403,0.0003465563178621,0.0160747538264008,0.00207871558435
1747,0.0007485557300609,0.0002744221179012,0.0381322025416416,0.0054345428020066,0.0351522361445202,0.0031216607053068,0.0009770491532371,0.0003618408717742,0.0110081019114766,0.0018154971577095
1748,0.0007340031643449,0.0002777231865811,0.5054201459759612,0.0054707780384988,0.5017510708198502,0.0036907141708386,0.0020607274155672,0.0003827366355503,0.265792363694754,0.0043826836373364
1749,0.507349561937349,0.0368256420838478,7.563293425061212e-05,4.166710534274448e-06,0.1520879656668277,0.0053080658745673,0.0001041506135236,2.612368765810651e-05,0.0001934155353214,9.33762005654139e-05
1750,0.0007637139248983,0.0002720173355018,0.0498523087619358,0.0058455169450892,0.046693288103115,0.0035806017035211,0.0010308900987233,0.0003576852714894,0.0154227464396089,0.0021637057128899
1751,0.0007321827958443,0.0002746031310667,0.1346684670150551,0.0057365167185162,0.1311281416402129,0.0040675028371499,0.0012111823429252,0.0003705916423181,0.0425078676206241,0.0028276790594791
1752,0.4401008036865122,0.0501292293599042,0.0001236248002351,6.890401558910838e-06,0.1783842062880363,0.0041262767891866,6.395950589279391e-05,1.792551279588687e-05,0.000222610796802,6.698487240318848e-05
1753,0.0007433459584635,0.0002451001217866,0.04191815744083,0.0057581684054679,0.0383429896453745,0.0032000414555725,0.0009214946212503,0.0003184859171984,0.0135864590540101,0.0017520701104568
1754,0.001543709606441,0.0002720242055807,3.9448249170241554,0.0053850606833948,3.9344465662509274,0.0033785116529048,0.0040784461256888,0.0003773015744277,1.659340841103867,0.0043929454813737
1755,0.2033497406540499,0.006368402771661,0.238794415035649,0.0165557882554343,0.1266094369238291,0.0407585790125629,0.0132430111697487,0.0042402701444676,0.1477107537100554,0.0165204735102351
1756,0.0007394133592406,0.0002677807152157,0.1259524813926692,0.0058284077591937,0.1224496359522544,0.004149753422288,0.0011975939836003,0.000358909298917,0.0388886661969666,0.0027757194576664
1757,0.0438344484107102,0.0038852059122759,0.143860437872938,0.0387452590500217,0.1063298768817596,0.0509384925470779,0.0203037748074655,0.0033368596323916,0.1001871816486142,0.0384139827319215
1758,0.4569102912215487,0.0468635346548317,0.0001056793094858,5.859440359895897e-06,0.1654372073293741,0.003370962887108,7.757210815585715e-05,1.4531699997871035e-05,0.0002357601182904,7.553580454614806e-05
1759,0.0007707168408687,0.0001533997292939,0.0281273639957317,0.0042890402267878,0.0103306961045485,0.0015728189280027,0.0007794491123697,0.0001916102284349,0.0071408756667235,0.0010032850375622
1760,0.0014011075218968,0.0002803640830238,3.0540381496140854,0.0053634553902043,3.044099316784899,0.003422456733223,0.0037310937980187,0.0003890430882939,1.3292364668747287,0.0044899858058421
1761,0.3886174137320861,0.0705233084882025,0.0002339370745855,1.1252226096291934e-05,0.2629289880069822,0.0034158168401538,4.258870667311071e-05,1.7043584305999682e-05,0.0002668067901331,6.618671022682583e-05
1762,0.0007692063724709,0.0002175621801756,0.0285009381129131,0.0049852589219092,0.0209394241042467,0.00202302394328,0.0008563482170182,0.0002783662976642,0.0089786862283997,0.0013261614512298
1763,0.0007397554501806,0.000273566666926,0.2344042117438076,0.0056068158437471,0.2309206743452641,0.0039904572442982,0.0014108213882872,0.0003719493533936,0.0955657065165366,0.0035351330905857
1764,0.0007371460575021,0.0002808945717181,0.1094005146438624,0.0057499304183659,0.105893995558947,0.0040324427134762,0.0011636984322561,0.0003754875363033,0.0318329857778584,0.0026214531464251
1765,0.0007307383333597,0.000272396390274,0.3239509673191615,0.0054900133275915,0.3205957650846912,0.0038260807809575,0.001637375836534,0.0003724267385431,0.1514377066081299,0.0039251809941938
1766,0.219197947907732,0.0129657494102386,0.0094591333083708,0.0011915801785374,0.2757379817552379,0.0050561661667258,0.0021331350166119,0.0002350246378127,0.0093963879536533,0.0011876454068124
1767,0.0013123614659819,0.0008692437087992,0.0269831725821806,0.0059845205336771,0.0180106760328533,0.0053231074142603,0.0012488546605667,0.0009211737329021,0.0095891563394312,0.0027910204613108
1768,0.5120167833994992,0.0376418230250744,6.1302287955473e-05,3.712513628876146e-06,0.1436333162091577,0.0052145353771362,0.0001079131255649,2.380040559781037e-05,0.0002367394243557,9.92398997817578e-05
1769,0.0007493238622446,0.0002600776436756,0.0579333524992049,0.0056817626782148,0.0545219823985144,0.003506218892743,0.0010490955212184,0.0003432164638068,0.0166310751980265,0.002129376284369
1770,0.0007503955967103,0.0002413488164394,0.0448972032724853,0.0055230948662375,0.0419191157194486,0.0030919712855022,0.0009864344439949,0.0003156844958743,0.0128137672672058,0.0018552445261844
1771,0.0010758835248152,0.0002630616191914,1.3298984742789677,0.0053414093937013,1.3249467784718685,0.0034552106432267,0.0029720488531735,0.0003657224143241,0.6509490458808952,0.0045141585049374
1772,0.0035914753071503,0.0007748628236359,0.3148888632361361,0.1498650427653384,0.1608508312429731,0.0368511438537497,0.0068220838980365,0.0008921434103384,0.239141967496522,0.0748816267638683
1773,0.0007936286580967,0.0001138453705189,0.0279435917853547,0.0044309484345168,0.011822557213125,0.0019842617361677,0.000802428676481,0.0001397386888406,0.0074828107710189,0.0011420291221757
1774,0.0007810098972946,0.0001474290711176,0.0296795736498677,0.0034084728281439,0.0068927791157527,0.001613494090006,0.0006633923600323,0.000181785667918,0.0078060606628445,0.0010123610731506
1775,0.0008389915430938,0.0006009002761959,0.0263110980128467,0.0048137281543948,0.0183740980426225,0.0049441134843835,0.0009556273690204,0.0006761791868287,0.0090102197208382,0.0026444132974772
1776,0.000744935690101,0.0002823925203782,0.105477183148404,0.0059348553396323,0.1020962265572709,0.0043530930175102,0.0011043688428467,0.0003772379889952,0.0294169355778996,0.0025155470045193
1777,0.0007586343474973,0.0003720998278519,0.0272740725403762,0.0035483307683084,0.0102309829263241,0.0027077751032396,0.0006243203686689,0.0004341338432294,0.0070600465182832,0.0013004484695718
1778,0.0007351705923967,0.0002689228457002,0.4226565046559025,0.005486018373217,0.4192679421057453,0.0037955459359524,0.0018146917225197,0.0003701617194521,0.2109431256107923,0.0042704381590538
1779,0.4766226569458677,0.0421684500082562,9.974179729313836e-05,5.354478775026898e-06,0.1639515887819691,0.0048806105794223,8.778679600475078e-05,1.9681869362367655e-05,0.0002187957033258,8.484162021503166e-05
1780,0.0012608033626567,0.0007949294288795,0.1426307008198641,0.0431835977469551,0.0406835336090519,0.007571380794836,0.0016189456390304,0.0008721811969201,0.0463493637416677,0.0078988546392148
1781,0.0007470221355664,0.0002783439725358,0.1595896338663211,0.0057322272552054,0.156239867149231,0.0041995525376553,0.0012988994554492,0.0003766067462846,0.0627358810162018,0.0032088069297484
1782,0.0506093923650523,0.0035739402907662,0.1476994344098851,0.0698482711214201,0.1113455096676977,0.0453585203956439,0.0304253976974112,0.003350627353509,0.1404720731072983,0.0680369826116423
1783,0.0007422069993065,0.0002716123284405,0.107435443448434,0.0060018265483943,0.1040871686542149,0.0044724292374614,0.0010860933047614,0.000362759212294,0.029242079170304,0.0024819887212502
1784,0.0007406194100854,0.0002671479367162,0.064708038669862,0.0057120774084518,0.0614653509379107,0.0037324368663249,0.0010914315880874,0.000354334771657,0.0192238742434772,0.0023074981485171
1785,0.0007301758129389,0.0002786094641168,0.4318467575363259,0.0054773465070757,0.4286739502351347,0.0038719741854469,0.0018028985612225,0.0003815751710491,0.2155946622434746,0.0043416759911564
1786,0.0007426397076817,0.0002628342884059,0.0444994986742534,0.0055651986166745,0.0414484349270981,0.0032540127926573,0.0009896370374631,0.0003455024804353,0.0131093163466639,0.0018863359799237
1787,0.0007610716620632,0.0002585434625081,0.0390159980116175,0.0056057198597408,0.0363510669611836,0.0031676318235805,0.0009589525419365,0.0003382547618043,0.0120565967024587,0.0018114065428185
1788,0.0007841068252345,0.0001625981817285,0.0280512676545201,0.0033180337419474,0.0081842835660774,0.0018147835834785,0.0006401462201717,0.0001978276223825,0.0072381983909143,0.0011488103267467
1789,0.0007684633403027,0.0002819028188112,0.0262444793217425,0.0034829234323236,0.011097037943708,0.0024979353755454,0.000551628175991,0.0003359147891345,0.0071143093071508,0.0013032173431645
1790,0.0010223676541389,0.0002704159937636,1.2644415962951745,0.0054120794922592,1.2592853846704224,0.003511504077326,0.0028471442940651,0.0003772899764224,0.617707523460442,0.00455965664273
1791,0.5132280539603081,0.0385140555120978,6.404303859074283e-05,3.7758791403966734e-06,0.1474598984815432,0.0051273890271044,0.0001137645365043,2.478075390404117e-05,0.0002662454867478,0.0001041030155427
1792,0.0007297852727835,0.0002816539508977,0.4739667712615957,0.0054261974720427,0.4703408747633148,0.0037604665388721,0.0019147424421143,0.0003868930356039,0.2388074731972023,0.0042960531761822
1793,0.0007425941464057,0.0002533992333181,0.0615784438974742,0.0059723370860473,0.0583508924149383,0.0037267647627944,0.0010232175544791,0.0003327277052552,0.0180567269186697,0.0021243735266942
1794,0.4204977417364512,0.0583961045184259,0.0001688874473033,8.418813541458126e-06,0.2280934014502947,0.0031187611365281,4.5866871837850494e-05,1.311754693569005e-05,0.0002783121442943,7.150118929778303e-05
1795,0.0007805477282283,0.0001943754362567,0.0288164964516652,0.0033166486106981,0.0085877606182377,0.0020626302116844,0.0006241770413755,0.0002358040528766,0.0075078843557613,0.0011615389414908
1796,0.0007838383211879,0.0001206091448046,0.0292727700851731,0.0042819814036815,0.0125354229381951,0.0018997078094167,0.0007430187081233,0.0001483416983104,0.007781179826999,0.0011311596747783
1797,0.0007390955154316,0.0002701610232377,0.0835103948718022,0.005760398132776,0.0801080039515452,0.0039323718125331,0.0011248437091029,0.0003607101469096,0.0253372732280045,0.0024759378226214
1798,0.0007433474682381,0.0002803931185515,0.1425955750279831,0.0059688839533627,0.1392050816986989,0.0045092053640233,0.0011692920986806,0.0003773634588778,0.0432243192118858,0.00284460403344
1799,0.00084875935815,0.0005706299530056,0.0236512463876481,0.0036959934038346,0.0148909440238314,0.0034961441374065,0.0009364054382041,0.0006420441333412,0.0074132066319515,0.0017337114771048
1800,0.0007473707565832,0.0002600214656333,0.069651857646412,0.0059502312262075,0.066497783245792,0.0038913929717749,0.0010588189380881,0.0003414866378404,0.0205106895623321,0.0022391540402173
1801,0.0176194274410382,0.0019525516940352,0.1507399728690315,0.0662146994622863,0.067537637203931,0.0283077292348114,0.019388405831836,0.001945917099381,0.138780366606987,0.0630276901197219
1802,0.0007410217858902,0.0002758689817974,0.1645651228289808,0.0057929050287602,0.1611265962883025,0.0042573767437618,0.001248238807436,0.0003721293867757,0.0538550285225609,0.0030278202903798
1803,0.0007396678724313,0.0002777530818689,0.3625860182619118,0.0055092878847945,0.3593385739578655,0.0038277573676389,0.001747743731245,0.0003797095292021,0.17910624918968,0.0041413689998883
1804,0.0007280432765775,0.0002741116322356,0.4310053615328945,0.0055591797932767,0.4280054457667951,0.0039727077748169,0.0017489867974843,0.0003758983792354,0.210078012461562,0.0044126253801428
1805,0.4171422012749857,0.0546730107953166,0.0001508152525786,8.198984103927317e-06,0.2149454832839237,0.0039181979306507,4.8862510978694735e-05,1.5580356284597667e-05,0.0002757995275806,7.429142363457834e-05
1806,0.5495494362112822,0.0338678467561787,4.4629729720913255e-05,2.4758193538772075e-06,0.1330678458504986,0.0081247349736862,0.0001126689969153,4.951591408604162e-05,0.000330487744636,0.0001435792491496
1807,0.0007311444684077,0.0002831478004937,0.3353014186894298,0.005505290265303,0.332082568357409,0.0038523597341559,0.0017040597387402,0.0003867692142018,0.1635943449592791,0.0040464264411703
1808,0.5304335377194845,0.0374785406106469,6.009021983423209e-05,3.249815216060784e-06,0.14314449720424,0.0047616338237574,0.0001127337915662,3.067382934290703e-05,0.0001741233692509,9.589916827254156e-05
1809,0.0007689302802567,0.0001652759805595,0.0281449850280394,0.0048369428693024,0.0168384026403626,0.0018437124384031,0.0008218772637699,0.0002067266353116,0.007189343098334,0.0012438390292037
1810,0.0007672979231243,0.0002010517310492,0.0284951525106204,0.0053025915783016,0.0264897932390113,0.0023717982330159,0.0008592051422855,0.0002562093436051,0.0100849905148278,0.0014249525995478
1811,0.0007853386393321,0.0005164662400987,0.0822365224596216,0.020819641755326,0.0229501649788152,0.0055087865735984,0.0008809190295377,0.0005920238648716,0.0240671086424902,0.0041500276138465
1812,0.0007968381857996,0.0001505862367377,0.0280391703092788,0.0039907946937266,0.0119165416296258,0.002058027794795,0.0006876501855469,0.0001831451364606,0.0073036671343528,0.0011733590243198
1813,0.0007325986947005,0.000272863434939,0.3754776206958796,0.0055328421942646,0.372122609313101,0.0038367347945847,0.0017164889332475,0.000374222029783,0.1835683422857474,0.0041611066061074
1814,0.1810884278464147,0.0075494902159152,0.1835084127372143,0.0116720497474458,0.1978017638023349,0.0989812306257369,0.0139774259932896,0.0037346165787369,0.1670016387037672,0.0116452101767627
1815,0.0007525546009883,0.0002462598959737,0.0289313862201483,0.0048775421969705,0.0144616110058815,0.0020871674378807,0.000892379267656,0.0003174423244755,0.0076040184626199,0.001356706522749
1816,0.0166697131176283,0.0019776511410118,0.193448935768409,0.0526567457124147,0.0873187955979022,0.0330396729090105,0.0175284754870273,0.0019343048298358,0.1166950377576514,0.051207660776344
1817,0.0007835558995256,0.0001892060164385,0.0290427575181304,0.0035009485805217,0.0099376391933542,0.0019974201517867,0.0006655375853816,0.0002315724687908,0.0075485013525043,0.0010105639777375
1818,0.0007503898380132,0.0002496626175779,0.0341846509264065,0.0054307784332727,0.0310429848306635,0.002944076009542,0.0009044826164227,0.0003239879690838,0.0113579181458855,0.0016022271126661
1819,0.0007327612571785,0.0004710561508807,0.0277066914091977,0.0037705626157263,0.0130569280297332,0.0034240054863001,0.0007682506160505,0.000541866568552,0.0079347572631909,0.0018666479617059
1820,0.0007720435080679,0.0001949332706819,0.0338710964865717,0.0057532409253784,0.031199955840729,0.0027229872801917,0.0008838469604036,0.0002475506246986,0.0118689032173272,0.0016679175065394
1821,0.000769786909639,0.0001714906038204,0.0289603486695728,0.0042077830368208,0.0075684534465778,0.0012505704464776,0.0008089241866053,0.0002156742206722,0.0074009295835484,0.000939597576613
1822,0.0007822801503899,0.0002370075405434,0.0286079935291576,0.0035555799003371,0.0134632507010554,0.0029581916561071,0.0007588174290376,0.0002865222096991,0.0079204954164567,0.0017835279052442
1823,0.00080534873623,0.0002708603622122,0.7030400696447282,0.0054056686610856,0.6988803784712373,0.0036097599233644,0.0023347968749185,0.0003744600777646,0.3626533352160933,0.004457750454247
1824,0.4272613764387119,0.0521867733262646,0.0001546288268316,8.015944446105024e-06,0.2134292181650318,0.0039627065603945,5.066584976664043e-05,1.4299661922938544e-05,0.0002697688797233,7.352749349182548e-05
1825,0.0007904383520664,0.0001211870030675,0.0290213870481264,0.0038033153789146,0.0067677800460398,0.001007224316579,0.000751551875727,0.0001496152051632,0.0075773679866075,0.0008043761975093
1826,0.4294708327689966,0.0579399001810123,0.0001548415056227,7.84697214906375e-06,0.2122282999254887,0.0030366404806462,5.070701856102404e-05,1.4063979226648788e-05,0.0002554308199746,6.569911354224587e-05
1827,0.0007330942816375,0.0002620502068609,0.059439138951401,0.0057143961303464,0.0562164011469645,0.0037085189685886,0.0010349097460503,0.0003470016194166,0.0169058330926764,0.0021104656288688
1828,0.0012973852166136,0.0008519002502114,0.0411287232421633,0.0072874633818464,0.0187979948297119,0.0052072199568915,0.001206588512444,0.0008914023607768,0.0125446800794508,0.0028439031763772
1829,0.0007322772815207,0.0002840258641034,0.4732272954226423,0.0054367655476597,0.4698040237467693,0.0038189095959546,0.0018523610497801,0.0003890322558035,0.2390510670453448,0.0044075242978516
1830,0.0007367796521886,0.0002738117241543,0.0767259585372633,0.00591018010383,0.073567988498842,0.0041396954856813,0.0010404123993139,0.0003643769536159,0.0207108125130595,0.0022273847805229
1831,0.0016002989919275,0.0002703306285947,4.414490608194148,0.0054479804702712,4.403776602328149,0.0033941092155554,0.0042064291170592,0.0003748549522747,1.826233731770814,0.0044346792388476
1832,0.0011556579785712,0.0002697330291245,1.6260438506929598,0.005364121475624,1.6210849767173672,0.0034734570113213,0.0031556148385556,0.0003754945031403,0.7718100746307001,0.0045381809878338
1833,0.0286619080285948,0.0026236960131242,0.238035662817285,0.0745549162836574,0.101959568265785,0.0386594190738765,0.0248358718205026,0.0021759692816667,0.1820353584621582,0.0720872345371443
1834,0.1386863541962414,0.0075381324806895,0.1524365915663645,0.0142340509003617,0.1484332761681956,0.0727098937177597,0.0126059981031868,0.0042711883645414,0.1298089826206934,0.0142122924789133
1835,0.4290789180211333,0.050479977643596,0.0001367092311338,7.740810664884092e-06,0.2007475251069161,0.0034075113913609,5.58412551920555e-05,1.4119548206872063e-05,0.0002738077236296,7.775785663087227e-05
1836,0.0007728208822391,0.0001588778485856,0.0290770469957845,0.0040549122849029,0.0124067439471573,0.001180675693375,0.0007924977065375,0.0001996617167065,0.0076154559274176,0.000837389921813
1837,0.4905093619786831,0.0419864320904551,8.122650165130285e-05,4.62151791721699e-06,0.1578213836593338,0.0038352601135636,0.000101393603506,1.7730786050445465e-05,0.000251936578311,8.680561800305993e-05
1838,0.0007450208179785,0.0002579216694075,0.0306670628547844,0.0054056955934388,0.0275118023212658,0.0028727809347314,0.0009990784033892,0.0003376652983387,0.010001791353867,0.0018555166768686
1839,0.000788594403835,0.0001050401348651,0.0291692713253053,0.0041075107986347,0.0106072031652815,0.0015574074506989,0.0007509750706502,0.0001295867404606,0.0078116548881614,0.000961598884612
1840,0.0007687563766895,0.0001654734529148,0.0272590440531147,0.003302408374452,0.0076070589292742,0.0016636336706356,0.0006631393984325,0.0002035528554704,0.0071171136077689,0.0009335092837197
1841,0.0015993981386103,0.0002785193379263,4.770175446536192,0.0054271665912791,4.760007921991539,0.0033977381081399,0.0042039043059777,0.0003868335305518,1.933932324967591,0.0044095182822631
1842,0.4727894174564594,0.0410341213253697,8.943725031365315e-05,5.358755856204901e-06,0.163664526154827,0.0042369083259087,8.892810750428325e-05,1.5479400787860953e-05,0.0002397468009261,8.56194648462649e-05
1843,0.4931387452613646,0.0428907897178947,8.788676832128172e-05,4.732644910678448e-06,0.1608345662804537,0.0040680286696817,9.809969737310402e-05,1.7869745310240856e-05,0.0002282546429517,8.646675400494666e-05
1844,0.000795004335069,0.0001213996963631,0.0273712265521024,0.0035774600343472,0.0052936718548906,0.001330582664795,0.0007222611923404,0.0001491866230237,0.0071805487356344,0.0008164743786802
1845,0.0007451133094671,0.0004821984476024,0.0236676263438076,0.0034840740994551,0.0136245080576678,0.0032356843585389,0.0008168171055815,0.0005515451620024,0.0061641162292936,0.0015537590021785
1846,0.0013608810307261,0.0002800372128791,2.795040731724488,0.0053376378729817,2.786467041923844,0.0034302253449956,0.0036369921652053,0.0003887369631374,1.2404215464540738,0.0044936989440915
1847,0.0013829722498979,0.0002685326046877,2.9528756222151697,0.0053909244472193,2.9434275759222994,0.0034176612448829,0.0036880362317863,0.0003746807765617,1.2998327432411,0.0045025643814012
1848,0.000751950815254,0.0002684361549692,0.0372789536119941,0.0054872209152711,0.0341336115921279,0.0032357988035945,0.0010077534993628,0.0003535218340106,0.010880393886231,0.0019550748023675
1849,0.0014313612180101,0.0002774572396809,3.089095437573407,0.0053563534269572,3.0781860038316613,0.0034014037799841,0.0038056237620435,0.0003846174102701,1.3498846689526507,0.0044690930306045
1850,0.0029597869680654,0.0024024380550131,0.2484326594061164,0.0920551491554181,0.1088315460165377,0.0273271049098153,0.0025991672545992,0.001769134992994,0.1733481754485707,0.0376520023487198
1851,0.0007606205765763,0.0002047074556054,0.0267567743815496,0.0032916238021032,0.0083811172017305,0.0019288247971417,0.0006442896648614,0.0002458154253593,0.0069707071585821,0.0010576359032366
1852,0.0007884558916892,0.0001294212724692,0.0289315039147944,0.0033331194138901,0.00656015600598,0.0014693402586984,0.000653015204595,0.0001585927022556,0.0076138167902733,0.0009907077994297
1853,0.0071781499381899,0.0013896124723998,0.2764056342876912,0.0664037543859361,0.1346109392580652,0.0275873803700999,0.009991833045419,0.0014044588592849,0.1801882362508584,0.0614792255461853
1854,0.0007726024505573,0.0001249113677235,0.0293965830376511,0.0036963222462849,0.0078237186270114,0.0015943793064718,0.0007156611074505,0.0001544706068163,0.0076431812851793,0.0009094860542504
1855,0.0007827749214508,0.0002000226022222,0.0280873271340787,0.0046424645294491,0.0132330087208488,0.0016302932879794,0.0008707018251256,0.0002546656844843,0.00740468104841,0.0011371215502935
1856,0.5236522143885405,0.036254418138364,6.390753693681628e-05,3.441318304459024e-06,0.1434487097194479,0.0062307635235022,0.0001111626797009,3.0208176149298398e-05,0.0002110291345843,0.0001060869500429
1857,0.3983055387666662,0.0645607586093613,0.0002111894674969,1.0522171381550195e-05,0.256083399191012,0.0035108261536816,4.3626863445859135e-05,1.3235966963748026e-05,0.0002496435124872,5.803628197497489e-05
1858,0.0007419622762164,0.0002615539833193,0.0723682677311178,0.0058233541085972,0.069064849309922,0.0039597247594077,0.001073414784096,0.0003477843191398,0.0208477750065015,0.0023017446656947
1859,0.0235259194081572,0.002442572062212,0.2267731959997867,0.0561840207955267,0.116740515962286,0.0297644551562414,0.021496052130667,0.0025082462306863,0.1602791857046804,0.0543025543316612
1860,0.0007417047380831,0.0002535390469377,0.0867046383519597,0.0059966273262555,0.0834045707723836,0.004079832041979,0.001076957994034,0.0003357468813589,0.0235717933393556,0.0023365160045885
1861,0.5240004507912466,0.0345301064566285,6.055056214986387e-05,3.453561844067656e-06,0.1456353208885817,0.005596955037922,0.0001135033629239,2.762551351033342e-05,0.000210391163009,0.0001009225531196
1862,0.0011047178176309,0.0002660291209295,1.504913262495163,0.0053599483422994,1.499806585104524,0.0034667154228318,0.0030420209055333,0.0003713893024955,0.7171195907859351,0.0044835069318753
1863,0.0007472622814265,0.0002562409229838,0.0561814165207185,0.0058066214144992,0.0528695949812098,0.0034889042964651,0.0010272677721802,0.0003360731388507,0.0167683836223633,0.0020690595776667
1864,0.0016083187812637,0.0002810858857305,5.074987680764334,0.0053695328993626,5.063624080670524,0.003390498813366,0.0042274242206298,0.0003894339593934,2.0342569636931764,0.0044071245241595
1865,0.000782052254521,0.0002732512882358,0.7433619356422217,0.005427208022702,0.7391866645755801,0.0036346333125306,0.0022825803858096,0.0003781349984861,0.3825836402281714,0.0045861415894453
1866,0.0007782564831793,0.0002013881425043,0.028509711687199,0.0043593033579222,0.013682677504414,0.00155317826919,0.0007746691673331,0.0002550754067154,0.0073642627496899,0.0010771749483973
1867,0.0007866289458595,0.0001089222334651,0.0291208384983909,0.0040500541479235,0.0101935949298791,0.0014700710624073,0.0007346632771032,0.0001339295204165,0.0076132200850812,0.0009929769234256
1868,0.0007552639042606,0.0002548025085643,0.0339422940287982,0.0054488214063476,0.0306609263888035,0.0029676508566146,0.0009218348349165,0.0003316018802603,0.0114383673706365,0.0016668169543014
1869,0.0007507889359506,0.0002774193200363,0.0798185693459402,0.0057064160923968,0.0764773010902806,0.0039364000696768,0.0011009441115719,0.0003717421795678,0.0226306204483957,0.002428212455852
1870,0.0007527038188152,0.000224433452599,0.0271977291318681,0.0043296578748486,0.0131753442385185,0.0035519009407604,0.000441059212535,0.0002711721538399,0.007242119044762,0.0018325858357268
1871,0.0012340088824132,0.0002627814764898,2.204300253860414,0.0054177672399162,2.1991645131360227,0.0034488614842479,0.0033372042963455,0.0003675054316288,1.017976589447944,0.0045743765196897
1872,0.0026133489510253,0.0021244491685624,0.3263872348967712,0.0852449484513527,0.1169236910884345,0.0224708184488018,0.0023755963143143,0.001669044117409,0.2012152024537628,0.0360014774210907
1873,0.4580072376495465,0.0467135346552428,0.0001070539491692,5.950599650453023e-06,0.1666040944359182,0.0033241079017705,7.859411246497104e-05,1.4548190680305288e-05,0.0002261386606407,7.156449287436444e-05
1874,0.1117090692330706,0.0053094901594213,0.1970081302487246,0.0779493639129623,0.1619171404471784,0.0779242209541545,0.0418039690278986,0.0052023557540282,0.1608176873921738,0.0772266983687954
1875,0.0007755765653684,0.0002094606414272,0.0283747862309846,0.0050180985892184,0.0182945895531095,0.0020473484482776,0.0008696919871816,0.0002669538720186,0.0076194974380361,0.0013385235738564
1876,0.0007470949664117,0.0002603333140914,0.0278894914252284,0.0051786842011344,0.020183969350315,0.0026238554650705,0.0009426362611271,0.0003406876130446,0.0086399742806635,0.0016072465598053
1877,0.0009821532992989,0.0002647254039616,1.2601900857452109,0.0053837428283236,1.2549067276485866,0.0035250509178672,0.0027519266913517,0.0003687480560121,0.6257848490225023,0.0046811696225417
1878,0.0016495178844779,0.0002775346636788,4.737903923454329,0.0054068825794771,4.725659295812108,0.0033850926433685,0.0043301173038787,0.0003839901045486,1.9110999096806316,0.0044133068840808
1879,0.0007310547159422,0.0002739762499374,0.2945205312911309,0.0054851018857841,0.2912799877487134,0.0038646731196886,0.0016175209178312,0.0003749898325975,0.1440707222039089,0.0039141674901189
1880,0.000796158570116,0.0001447517687452,0.0292622055137962,0.0033346003396442,0.0069162509145926,0.001916391144077,0.0006002790329981,0.0001787747992321,0.0077835671544716,0.0012512346418137
1881,0.0007348621961702,0.0002803733384328,0.6531078345945099,0.0054311620235188,0.6492708202189207,0.0036986255269934,0.002166625913702,0.0003857247220671,0.335334898020138,0.0045519979149262
1882,0.0015653399200442,0.0007626980351358,0.2672099340517369,0.160454924815337,0.1095785935500378,0.0210445235103425,0.0039399309963429,0.0008447447734993,0.1200133265400181,0.0220608291701453
1883,0.0007601649095799,0.00034402549925,0.0256720944433722,0.00362786031893,0.0119971109769799,0.003124643362894,0.0006244166900104,0.0004026317640283,0.0069798052887771,0.0015392068333985
1884,0.0007430963009144,0.0002709618066464,0.0964091985307497,0.0058343032236499,0.0929132730236309,0.0041309787766103,0.0011231732295818,0.0003625571346759,0.028174467992853,0.0025127641542119
1885,0.3691923299993686,0.0068546161622812,0.1549268595911265,0.0174930488802898,0.1273609895211188,0.0583790726971867,0.0151282881868036,0.0043493622591578,0.1500712413286208,0.0174707378258071
1886,0.0007500332219793,0.0002817331497826,0.1829539425662299,0.0058769636326585,0.1796093639712701,0.0043862263035971,0.0012653617009261,0.0003789689843166,0.063596494622132,0.0032039263143487
1887,0.0014513753400958,0.0002773471563169,3.662171320012257,0.0053623616923836,3.650853960099444,0.0034133425725586,0.0038514555136715,0.0003854677745151,1.5602997285980955,0.0044786646921892
1888,0.0007557299795641,0.0002624066865356,0.0284487880351643,0.0051977293215556,0.0228765049971609,0.0026834439653604,0.0009444583160641,0.0003432725140854,0.0085824835488808,0.0016520628148801
1889,0.0007401251623479,0.0002691980848553,0.0855209474327765,0.0059028017317941,0.0821600735982696,0.0041586321237724,0.0010580032500864,0.0003581620042346,0.0224909814004535,0.0022871419181454
1890,0.0037354064828005,0.000721949106298,0.2470848418374699,0.136500977175162,0.102607948767777,0.0304400506254599,0.0073330096588921,0.0008501592130062,0.1918834543396546,0.0684527688597757
1891,0.0044844794659976,0.0010043613529837,0.1674615557068105,0.1041137692833591,0.0628880430679521,0.0290634550360682,0.0076226266021652,0.001131135853512,0.1512645202116908,0.0792515534588498
1892,0.0016016561730148,0.0011174859007739,0.346043865580082,0.1264350074671167,0.1096710493575779,0.0165663598348983,0.0015868702705445,0.0010967492120441,0.1141826377086242,0.015794433302488
1893,0.0007824648178131,0.0001749560983993,0.0267077186515705,0.0032699137458704,0.0081159002511106,0.0020110161825267,0.0005900422656831,0.0002144436000418,0.006985258047413,0.0011730732985958
1894,0.181580433734344,0.0078250364283036,0.3102359802359783,0.0290685338455564,0.1502078232174176,0.055368849616875,0.0164804323598964,0.0052309688679927,0.2462729641325526,0.0290212563924032
1895,0.0007625562955313,0.0001713673240237,0.0263049612749578,0.0032319519321089,0.0080661640375407,0.0020437190204891,0.0005843948553119,0.0002085152703545,0.0069606079538248,0.0011956049611086
1896,0.0012774738455129,0.0008072807982702,0.0999525187189288,0.0289028037533056,0.0202242261792927,0.0059621075521424,0.0015255050811792,0.0008819942240911,0.0253148966966116,0.0065148163353379
1897,0.0007319145584894,0.0002742923618093,0.15031807818989,0.0056533253696479,0.1469201827359414,0.0040799514510814,0.0012403756072101,0.0003692496669431,0.0501807631043525,0.0029546896587358
1898,0.3894855875592548,0.0079004479276081,0.2701101505232186,0.0256462981270862,0.1452832280502692,0.0646221721411264,0.0168716354756706,0.0051885380409826,0.1585071180196822,0.0255820895776258
1899,0.0178047566132079,0.0026582288401602,0.1760209826887852,0.0477319233557798,0.103419983015395,0.0515741294745947,0.0160742917631607,0.0025842257290213,0.1668876090816984,0.047151997398844
1900,0.5175207069762884,0.03863509396056,6.86344003711938e-05,3.690213786233605e-06,0.1478050997064702,0.0068306246666396,0.0001176792239074,2.729082868250272e-05,0.0002641045653475,0.0001120045722882
1901,0.0007686358631088,0.0001833668284336,0.027655060917466,0.003289184038954,0.0082900528903204,0.0020546096225793,0.0005930363949816,0.0002214486163789,0.0071821024021543,0.0012469266830335
1902,0.000764556173056,0.0001938941215099,0.0285656049116312,0.0043094828772743,0.0096788184725078,0.0013748197545143,0.00081208213504,0.000246622971593,0.0073414082361601,0.0009253224063399
1903,0.000764246917872,0.0001858372511583,0.0298180562115776,0.0052567909016471,0.0231099040394388,0.0022105135084924,0.0008540911707257,0.0002358533986302,0.0093003675043788,0.0014231623982986
1904,0.4907587036882684,0.0426447524499969,9.075866143177112e-05,4.857876798843017e-06,0.1639611773098653,0.004412037505588,9.798499343840008e-05,1.6974083452120177e-05,0.0002506105449178,8.704925760018013e-05
1905,0.0007373484666943,0.0005849675311128,0.0267929132323055,0.004455423306663,0.0187822863255662,0.0043911998445579,0.0009644420265667,0.0006610833982507,0.0114698047119344,0.0023702809704161
1906,0.0010385941296391,0.0006771650943564,0.1151386993781964,0.028451405825982,0.0251900664285978,0.0054702536556386,0.0010682187074131,0.0007486116020739,0.0297836968537446,0.0043424982103323
1907,0.0007381687711238,0.0002727434133602,0.0646927480355429,0.0057444713278143,0.061455104488327,0.0038725398426026,0.0010232294146426,0.0003621080895343,0.0175813233468308,0.0021078006048862
1908,0.0012670914441585,0.0002708101193853,2.119761766857349,0.0053324644748472,2.1146173169542504,0.0034615982826765,0.0034145806325492,0.0003772847248833,0.972315559266444,0.0046005615925696
1909,0.0016438236611395,0.0002781075277007,4.927450475640273,0.0054035223935277,4.915891224947283,0.0033856664207471,0.0043172655313348,0.0003854234282904,1.996739709226078,0.0043920588908372
1910,0.5144667313045086,0.040718320818313,7.061273878845762e-05,3.8003404636337e-06,0.1492383364461418,0.0045045301006409,0.0001142054410547,2.2798616732109e-05,0.0002481472985012,9.328466706857918e-05
1911,0.0007450188491974,0.0002611301876705,0.0440532905954659,0.005761529437589,0.0411870819232073,0.0033655606532461,0.0009905202131814,0.0003414918169779,0.0138196673253807,0.0019374313428349
1912,0.0007673987650766,0.0002327125545442,0.0380519643187886,0.0057196945435748,0.0347774316316401,0.0027511096818447,0.0009242166213411,0.0002980370456267,0.0128658679969761,0.0017403149161499
1913,0.0017908153554406,0.0002712339290395,5.54910392951311,0.0054854167631539,5.533274169557592,0.003412247929393,0.0046595707405563,0.0003744859925749,2.19900584688044,0.0044661592972466
1914,0.0183324168985766,0.0019011942201674,0.176074428881791,0.0554655174186924,0.084334298482028,0.033488171497403,0.0195968248981811,0.0019893635766413,0.1315602654708676,0.0535817882521741
1915,0.0007715369218742,0.0001330123975001,0.0293261507031845,0.0042605010999785,0.0118985341483373,0.0015470111905904,0.0007534572438958,0.0001651915881868,0.0074406242793273,0.0009913111907076
1916,0.4147870313703856,0.0618885499111728,0.0001748096677012,8.866118467936244e-06,0.2317172494621606,0.0031803099670611,4.2510093179694834e-05,1.5024954548817304e-05,0.0002618138281529,6.472851963223906e-05
1917,0.0007371991094977,0.0002623559944577,0.0331427178643176,0.0053750283429853,0.029967769221438,0.0029456525543824,0.0009972091936419,0.0003442576284885,0.0100367732301928,0.0018380650349633
1918,0.0007768017914897,0.0001432197479629,0.0285551106875752,0.0043907131341408,0.0115816497290773,0.0016770100279775,0.0008070409011939,0.0001765460159635,0.0074805674774863,0.0010675600257208
1919,0.0011786771706671,0.0002754312967276,1.638036061800526,0.0053616217777041,1.633306900489783,0.0034592902095441,0.0032118627199711,0.0003827283380688,0.7720491477606717,0.0044684426122074
1920,0.0007586248926252,0.0002633229414792,0.0365975995779013,0.0055612445810221,0.0333082865550438,0.003148018410671,0.0010195387264804,0.0003454770022177,0.0115146907706303,0.0019798067245076
1921,0.0017629150877798,0.0002719303128516,3.94679500395751,0.005530190263593,3.9267116835721,0.0035209022364333,0.0045697777827092,0.0003719426362561,1.6605857536384667,0.0047313748379389
1922,0.4383418928973615,0.0500208035652073,0.00012278402156,6.831147304693807e-06,0.177857313513421,0.0038899188474158,6.410704944414152e-05,1.642853784145548e-05,0.0002606294562954,7.872478367571761e-05
1923,0.0007453881003357,0.0002747030555896,0.0766341515816922,0.0057250810032348,0.0732196168412474,0.0038882889457361,0.0010684576463613,0.000366199025573,0.0201818314924169,0.0022635091370114
1924,0.0007440144781672,0.0002695091267214,0.0426208144433159,0.0054841467055553,0.0392279868877683,0.0031462653821411,0.001026615601516,0.0003550014415395,0.0120514274848794,0.0019625109464279
1925,0.0007520725165751,0.0002372814221903,0.0289669750414999,0.0053736289634938,0.0267478954786813,0.0026728364319814,0.0009084924608627,0.0003061271272855,0.0096737377489036,0.001581631112386
1926,0.0007444725765932,0.0002632367196007,0.0838070169214923,0.0059538323530188,0.0804234411055492,0.0040276366501965,0.0010904273678709,0.0003484194131085,0.0237678560991689,0.0023919021983819
1927,0.2911236312420298,0.0073125457962941,0.21898712978612,0.0282084852562929,0.1212059458173487,0.0626396494011086,0.0154795342913598,0.0054410258514481,0.1460231689262324,0.0281517443331095
1928,0.0007860675878691,0.0001092293686868,0.0293338865327185,0.0040678914603505,0.0073303560321805,0.0011968659778654,0.0007834972079433,0.0001342700093471,0.0076533747899494,0.0008802146525534
1929,0.0007298917571868,0.0002676043680692,0.3463286868080075,0.0055079553612938,0.3429736438828158,0.0038222242759894,0.001691728474388,0.0003673771619438,0.1674719250612358,0.0040316959405095
1930,0.0007519666226363,0.0002562390591723,0.0331068880456259,0.0055854318814396,0.0297313248213556,0.0029030808732388,0.0009242300443182,0.0003320998603247,0.0113065540010997,0.001734432249211
1931,0.0007571802804707,0.0001963947758425,0.0290733594946501,0.0046278993278205,0.0128498852757285,0.0017580908821145,0.0008430589990961,0.0002490687663247,0.0074248339447731,0.0011322503322304
1932,0.0013036291958253,0.0002647975476531,2.524544858446225,0.0053719549395118,2.519185068432108,0.0034307983814037,0.0035021815833266,0.0003699579679609,1.1320896340638296,0.0045365844398482
1933,0.0010748920473379,0.0006810823978105,0.0421171660263758,0.0096361611142434,0.0173452412348058,0.005389775414963,0.0017786013303253,0.000754474665825,0.0131939976619808,0.0030937156419718
1934,0.0685947768917641,0.0054709305639464,0.2605736555715708,0.0378388595377947,0.0976542430642384,0.0438170972556823,0.0193630745657761,0.0043889328236553,0.1566903633721676,0.0375880706050648
1935,0.4697426111878291,0.0439246117439266,9.539368300615108e-05,5.36481582285775e-06,0.1645185884433125,0.0038225959632927,8.575321517614797e-05,1.5211611743116928e-05,0.0002265495892847,8.107731566507559e-05
1936,0.4782168166517099,0.0434236565525994,8.954720066404623e-05,5.1632137383282266e-06,0.1593558813559726,0.0039990202564093,9.161202361501025e-05,2.111338954624864e-05,0.0001812302995201,7.245179278691447e-05
1937,0.0007419814642908,0.000273088350453,0.0806548025607885,0.0056405304781587,0.0772155666671512,0.0038185964442121,0.001119756176876,0.0003642704648332,0.0227340855212911,0.0024144817655407
1938,0.00842471339553,0.0014211834885232,0.1522946303873939,0.0611480638512189,0.0659844026380758,0.02199128185302,0.0113366814053697,0.0014847532897069,0.1242423954564022,0.0567206991484179
1939,0.4339861820437053,0.0572067391957582,0.0001473635045373,7.509324149083373e-06,0.2017345445127355,0.0031740027827449,5.514210239864745e-05,1.4649372168785908e-05,0.000245773835606,6.370699484071125e-05
1940,0.5067855350700455,0.0417156313060161,7.640023926898768e-05,4.075809499536989e-06,0.1533721119959831,0.0048299035755429,0.0001106868852057,2.226234307556604e-05,0.0002602645985515,9.783967993782064e-05
1941,0.0007376788524781,0.0002716228487064,0.1891460408432852,0.0055861979561585,0.1856375324475605,0.003945164178847,0.0013445913343585,0.0003701048974245,0.0757109307453798,0.0033034556776094
1942,0.0011373946120801,0.0007082969161534,0.1122366154752703,0.0253340463515912,0.0254162724299356,0.0050729280244904,0.0010807786575746,0.0007769074246775,0.0278551778404225,0.0042843393130529
1943,0.0007662262667665,0.000220416905234,0.0288806719376299,0.0049634695017229,0.0185110495000171,0.0021302517167102,0.0008673807091512,0.00028287427816,0.0078902028033923,0.0013485874806811
1944,0.0010981970294493,0.0006961578050949,0.0677482089122044,0.0213177376392004,0.0231350460110359,0.0059468136452984,0.0011008576939193,0.0007712517088061,0.0235056536261327,0.0045602101044797
1945,0.0007407642204051,0.0002784111683961,0.1875223255380949,0.0056903501947461,0.1840679177305641,0.0041659771361553,0.0012898258181963,0.0003763263733325,0.0662750217079918,0.0032001206987573
1946,0.0010540198888815,0.0002657753622436,1.2726266620072886,0.0053947043932369,1.2676087640666072,0.0034938581192295,0.0029199939507137,0.0003708463238725,0.6220602673710188,0.004581362682067
1947,0.0007450847795768,0.0002589133173775,0.0598037977120638,0.0057126032277649,0.0563711704362651,0.0035278068313764,0.0010399133924642,0.0003411994310903,0.0166139746210082,0.0020902679760272
1948,0.1081524935301259,0.0303238915884355,0.0002608535589023,6.571297450099412e-05,0.3420804805916943,0.0089791272036091,2.9808337000625983e-05,7.88848939353615e-06,0.0002600458804737,7.259550978940614e-05
1949,0.00191358532342,0.0002721856604592,5.804276801088244,0.0055319822724823,5.769833694031679,0.003520603750494,0.0049382351357277,0.0003729604082355,2.309686725250546,0.0047682195824489
1950,0.0296673273017004,0.0026291070300614,0.2005202276783123,0.0934669846243278,0.1015768444800825,0.0392243436247037,0.0288048983514964,0.0025062800951358,0.1952426751263331,0.089622936704014
1951,0.0007532849240718,0.0004644107153564,0.0265060556004056,0.0034908596506044,0.013832597772207,0.0028673996131088,0.0007823857277601,0.0005337229949584,0.0069816874894388,0.0012832975796047
1952,0.4612740381501729,0.0464645129904511,0.0001048469448101,5.77894418941331e-06,0.1664129163287167,0.0035956049768646,7.576147945483163e-05,1.6837355148602904e-05,0.0002303278523835,7.601269984917377e-05
1953,0.000725948497777,0.0002729274296486,0.3892112845708889,0.0054603249005065,0.385935587170476,0.0038285806493426,0.0017863854629809,0.0003751634451168,0.1963340100651703,0.0042144516706584
1954,0.0010737532242484,0.0002680098489888,1.4379574034007114,0.005377725276999,1.4325820242743124,0.0034832192259389,0.0029686269392405,0.0003729833046236,0.6957733555255017,0.0046198855305516
1955,0.0013762513091236,0.0002733340920943,2.869551454993229,0.005361528060209,2.860666665732207,0.0034150369741949,0.003675793640059,0.0003803168001351,1.261678273629528,0.0044683116673438
1956,0.0007573759379172,0.0002014423633857,0.0290657864007317,0.0048052723700911,0.0141721000572831,0.0018577095279581,0.0008628381766469,0.0002564744955768,0.0074425802419024,0.0012516633945524
1957,0.4475810651846561,0.0514599515063712,0.0001275484228661,6.596633612368948e-06,0.1787927258672939,0.0034538188590541,6.678681589774332e-05,1.50591461257749e-05,0.0002464161402968,7.157029990516988e-05
1958,0.0007558870246619,0.0003979522311349,0.0282464853423769,0.0043104048088242,0.0118736636633807,0.0032155033495255,0.0012350848636596,0.0004625419444599,0.0073948049002149,0.0018323334340418
1959,0.0282169194443286,0.0029758600158887,0.1832154365420182,0.0499822634602613,0.0848216506780209,0.0390829149872004,0.0201187452978011,0.0026412036622445,0.1024263388658158,0.049024510088691
1960,0.1082228221873707,0.0151838583554866,0.0001910544045364,4.307773529535551e-05,0.2766940819607493,0.006581200841951,1.8925821620800305e-05,6.197398423657811e-06,0.000236403909248,9.750223844906335e-05
1961,0.0015944536852759,0.0002727172770277,4.114711296817368,0.0054484995682822,4.104230456659335,0.0033902432145735,0.0041956801726397,0.0003781834660124,1.7188920719514906,0.0044157052493551
1962,0.0007699167242931,0.0002176857267458,0.0298241956078637,0.0053211856037028,0.0262318288345168,0.0024093456936636,0.0008802777166728,0.0002790328659868,0.0106722072702206,0.0015107298231701
1963,0.000743222415715,0.0002758173654945,0.0581712011654041,0.0056418966234053,0.0549213144190727,0.0037632173893024,0.0010256403351135,0.0003666607451967,0.0163727300526901,0.0021142281152617
1964,0.0010300256084494,0.0002731692131915,1.2317934422260075,0.0053515570621998,1.2267573417673012,0.0035069191536197,0.0028652256718119,0.0003795907072369,0.5992937883576301,0.0045603776174012
1965,0.493734712554659,0.040953582953449,8.890857570383165e-05,4.832539213732284e-06,0.1622381410649467,0.0050584132869377,9.20310115519038e-05,2.5895227526175352e-05,0.0001685042062045,8.263646007638858e-05
1966,0.0007642309062362,0.0001854145368684,0.0278372379844501,0.0044809917067,0.0126558465086176,0.001607972737343,0.0008554358806005,0.0002315734085709,0.006977740407815,0.0010827311418314
1967,0.0011990637466955,0.0002708195265013,1.8867321096848155,0.0053356475206781,1.8815341669496692,0.0034461702785006,0.0032611525530888,0.0003764907898916,0.8919861821723747,0.0045351495754029
1968,0.0007885763471915,0.0001159011837579,0.0277011743506545,0.0037351183277047,0.0086217926400963,0.0014347109120732,0.0006949622493331,0.0001423252801464,0.007266887328044,0.0010376690230304
1969,0.0007405750058451,0.0002643920257213,0.0378677065080884,0.0054189010930923,0.0350185330904999,0.0031786906034242,0.0009708941834117,0.000347222953404,0.0110825251515313,0.0018184929062761
1970,0.0007435808549407,0.0002719919588509,0.0526939718176695,0.0057281376767799,0.0497536811094206,0.0034762297790819,0.0009931498284538,0.0003566227741738,0.0148858106455638,0.00195024168031
1971,0.4469297563558682,0.0521252533593056,0.0001299220295864,6.631186368853303e-06,0.1835600696290736,0.0031162748013088,6.444434697503611e-05,1.3839425916500205e-05,0.0002634488351409,7.706874470998988e-05
1972,0.001457250791388,0.0002702954514599,3.286952866707725,0.0053740386746105,3.276648332406153,0.0033916701534358,0.0038701254992242,0.0003761825488059,1.4160535813646666,0.0044145728887912
1973,0.0014267901264429,0.0002751308347373,3.052701558396022,0.0053592897464481,3.042969315254662,0.0033964624826125,0.003796121510617,0.0003816409415361,1.3259227402765366,0.0044240252072095
1974,0.0007795078154208,0.0002179788305954,0.0280591643020769,0.0036088724255333,0.0145049987656639,0.00324170893365,0.0004309001868446,0.000264508375966,0.00760341379154,0.0018464556523588
1975,0.0007264794302289,0.0002727737292473,0.5999328139358562,0.0054587817462251,0.596549536479391,0.0037700767497004,0.002054652762075,0.0003757248044859,0.3101183847260791,0.0046125806933779
1976,0.0007649185200847,0.0001865434250838,0.0272004831031599,0.0033573380894305,0.0110819020765376,0.0024773250000206,0.0005381352378054,0.0002284245788012,0.0069285372394673,0.0014752257775797
1977,0.0007353414245074,0.0002830483175886,0.1833976134056452,0.0057849914293172,0.1800770179947588,0.00433011800282,0.0012705449949419,0.0003809819523437,0.0636406144083816,0.0031821333052555
1978,0.0007421123544011,0.0002808341505005,0.0917890128097351,0.0057125444141881,0.0883214213724448,0.0040050390703691,0.0011146183954121,0.0003765971395925,0.0256704690954467,0.0024793284560648
1979,0.0007686438250859,0.0002181421480525,0.0287287324345104,0.0047057821708871,0.0124402686728901,0.0018143772856697,0.0008646229958689,0.000278430913759,0.0075263453355809,0.0012059780203726
1980,0.000748021736368,0.0002699527108468,0.0633578663469836,0.0059526858017385,0.0601902000981026,0.0038067520734153,0.0010302072435546,0.0003554658472356,0.0183994489972912,0.0021641884470497
1981,0.0007483167190555,0.0002255522320132,0.0294613516179214,0.0052939118224483,0.0263107164826663,0.0025448214612074,0.0009053688801612,0.0002907114123565,0.0101538927148713,0.0015103999541396
1982,0.0010687310331352,0.0006182810666613,0.0347453600914766,0.0076595277234383,0.0137262538382127,0.0044554098550892,0.0009488978546167,0.0006873400311931,0.0114565807196027,0.0025935831806815
1983,0.0007897156003773,0.000149237130247,0.0278786352731563,0.003350174301338,0.0077496498835483,0.0020607093723209,0.0006270328642039,0.0001826963171403,0.0072680331353991,0.0012694263427292
1984,0.0007561847511342,0.0002786956664696,0.0283118476985913,0.0033653478946036,0.0125557541845731,0.0027225613863569,0.0005990008224154,0.0003326792816037,0.007584188191068,0.0014218271953803
1985,0.0007975976498702,0.0001292396569404,0.0290471987869664,0.0036180461724172,0.0059387569839637,0.0013798093554471,0.0006902883966616,0.000159244808746,0.00764901519228,0.0008997002634652
1986,0.0007502446198229,0.0002674769304526,0.0904382028391653,0.0058481376519196,0.0869809195239708,0.0040228761399663,0.001098014309021,0.0003572912503427,0.0241271308957507,0.0024075147017397
1987,0.4731983469113248,0.0436658924567742,9.209674122773116e-05,5.30461613358129e-06,0.1636809808345441,0.003576222389468,8.877678067354354e-05,1.629862319140165e-05,0.0002185469682156,7.510089909182924e-05
1988,0.4995549794052848,0.0430877571706537,8.332191835218583e-05,4.417306433184275e-06,0.1582357350453708,0.0051187523088153,0.0001060719011868,2.2028502234245528e-05,0.0002207376725146,9.58778183600782e-05
1989,0.0007334015518691,0.0002753012995386,0.2829973132383911,0.0055961884692257,0.2797352413393667,0.0040208752942055,0.0015014994377414,0.0003755018189151,0.1256880383961402,0.0038337629537839
1990,0.0007422537375736,0.0002782519290694,0.2034180884815482,0.0057390492792496,0.2002499697296942,0.0041473596548466,0.0013704194636508,0.0003760477975637,0.0816108107563936,0.0034339468394123
1991,0.0008879489302039,0.0002652591387684,0.9385258899280154,0.0053627088622814,0.9336007103825946,0.0035624819364715,0.0025342544841316,0.0003695162852605,0.4828473448503284,0.0045787221461299
1992,0.0014519455740107,0.0002729064135872,3.4278063032304256,0.0053868654671569,3.418122499717747,0.0034032402027032,0.003852804761856,0.0003798676658882,1.469269694866986,0.0044117166522029
1993,0.0007427171777757,0.0002642978344073,0.0290514284636259,0.0052250376783204,0.0262933254983487,0.0028008302658729,0.0009330669580319,0.0003460643346118,0.0094880369726543,0.0016284074093367
1994,0.0007636770061196,0.0002578268417762,0.0366822708328505,0.0054491989950662,0.0338412627972063,0.0029704492808395,0.0009679867995099,0.0003370799151177,0.0111330968898852,0.0017708611185314
1995,0.0008073266901056,0.0001091628935301,0.0262697278752119,0.0042183736430665,0.0102990965691878,0.0016366624507371,0.0007818242084965,0.0001349986297907,0.0070207797719044,0.0010289649041675
1996,0.0007643029997588,0.0002266405868335,0.0278566877036409,0.0053549722939228,0.0241962429674341,0.0025376688432569,0.0008954916896126,0.0002901391086025,0.0096890707266655,0.0015495405380256
1997,0.0007940670802352,0.0001577199635649,0.0290606959395299,0.0035102437697138,0.0107813884111243,0.0021884235323332,0.0006055271162332,0.0001941162131465,0.0077632467326603,0.0014189998345908
1998,0.0012965537791239,0.0009041916604184,0.3474939262796035,0.1144243766310069,0.1388364663408497,0.0241368678372959,0.0014342172751143,0.0009766110105704,0.1224592435170031,0.0170306810519813
1999,0.1321096772112685,0.0080904086363626,0.1820753157696972,0.0150924519139249,0.1599847230030854,0.0773531818713186,0.0164486443926553,0.0044919400398742,0.1469541304019309,0.0150640659429813
2000,0.0007872405204601,0.0002657090190798,0.6475217325967879,0.0053948950026873,0.6431844507231037,0.0035819657056028,0.0022984215376252,0.0003685397642571,0.3345978099840841,0.0043844271555839
2001,0.4909912297707166,0.0439879738312921,8.97966922252552e-05,4.729612717133937e-06,0.160643193540503,0.0040086565913828,0.000100514065473,1.8058126180854e-05,0.0002340986439734,8.135333185661657e-05
2002,0.0007425520738437,0.0002778155491282,0.2482991233180784,0.0055428101951325,0.2448486842445995,0.0039355772829063,0.0014684221432618,0.0003784085215515,0.1068851344995046,0.0036266013346727
2003,0.000735001360942,0.0002775317741768,0.38323993779003,0.0054303029010002,0.3796739842464294,0.0037141869187578,0.0018561480296726,0.0003812190698558,0.1989544772691751,0.0041422894426021
2004,0.4871311210873676,0.0470371533401591,9.255096258585484e-05,4.938367905911681e-06,0.1616165675622679,0.0034017126827052,9.748270982889615e-05,1.84964160899925e-05,0.0002200299235923,7.644280876372592e-05
2005,0.0017365743140087,0.0008871667736319,0.1176442583410196,0.0697020048523057,0.039325426354457,0.0133639918722546,0.0036013132959429,0.0009440139225775,0.0782293802224762,0.0241119535629398
2006,0.0007410128505334,0.0002720556373458,0.1135718995445315,0.0058309871297369,0.1101741132426194,0.0042010656187775,0.0011680065227038,0.0003634164285923,0.0343195634630287,0.0026800699658638
2007,0.0007339979882548,0.0002705776768752,0.388664226731454,0.0056063511283597,0.385500901493343,0.0039451931501054,0.0016781489414429,0.0003711110922133,0.1867181951260292,0.0042208056437814
2008,0.0087538915750902,0.0015721045098665,0.1947215324251778,0.0885066634851788,0.1007685612973311,0.0370040350999516,0.0114976028716769,0.0014755299906919,0.1798473959388683,0.084114538592294
2009,0.0007438415092781,0.000273837842821,0.1413328535346661,0.0059138678381338,0.1379289226833323,0.0044215996441195,0.0011532323792611,0.0003688825236766,0.0410523250349136,0.0027752722530851
2010,0.0007111043553714,0.0004127082016518,0.0250870382522682,0.0047586766331798,0.0128270789745417,0.0041971301531703,0.0006815380022753,0.0004785364274799,0.0079400388249013,0.0021940244493059
2011,0.0007770493878527,0.0003027356425053,0.0255142911221569,0.0032717113094307,0.0120496547567959,0.0026711652957476,0.0005769279742606,0.0003587358010406,0.0070583834631335,0.001429103286465
2012,0.0007799100385515,0.0001775994102959,0.029203734953896,0.0049153557051205,0.0188878926903318,0.0018499412631847,0.0008565474701547,0.0002246161341792,0.0078267777428658,0.0012632631620608
2013,0.0007311002668884,0.0002761056231894,0.5102806177527704,0.0054846515689909,0.5070700478350028,0.0038171197687915,0.0019418897970544,0.000378960241371,0.2629976564316666,0.0044896591885676
2014,0.0007376475848847,0.0002677615548138,0.1923181173936417,0.0056129520065816,0.1888263979413531,0.0039790905785344,0.0013291343413996,0.0003632397517975,0.071690693066741,0.0032465914639273
2015,0.0013725867554631,0.0002671692450953,2.7301390968848835,0.005387915083919,2.722363642810354,0.003392995173844,0.003672596904564,0.0003726130495315,1.212638640502206,0.0043996919175668
2016,0.5412733383230337,0.0345670034980113,5.030478524848222e-05,2.80944406232596e-06,0.135411906946056,0.0067457534818128,9.847588396699132e-05,3.9803923436480885e-05,0.0002504452233404,0.0001243038135153
2017,0.0007619889687136,0.0001991573569248,0.0294677523428226,0.0054987408697448,0.0260085058752628,0.0025100189058,0.0008823316355204,0.0002537157212795,0.0100860955866865,0.0015735833633809
2018,0.0007380902054985,0.0002836847513444,0.0258849599438484,0.003346008982409,0.0101481050876439,0.0025989928747108,0.0005895500523435,0.0003357997835558,0.0067141918883014,0.0014396946698301
2019,0.0016215215812933,0.000269735190419,4.796721909842359,0.0054374427139162,4.784469140233452,0.0033813221151306,0.0042621282728255,0.0003746689276521,1.9396862088365636,0.0044310180451565
2020,0.001280638784198,0.000815034107965,0.1427581023807836,0.041923932898327,0.0377510794784492,0.0074750619624152,0.0011933971585456,0.0008753521364666,0.0368521911210716,0.005538635525273
2021,0.4186097807397228,0.0536029572574539,0.0001680321892016,8.460132425262217e-06,0.2259854610147644,0.0032497895052535,4.5751365310627976e-05,1.2208919860534267e-05,0.0002947174079331,7.809733515989011e-05
2022,0.0007490992884296,0.0002580276259879,0.0561655641952536,0.0055879130587712,0.0527525160595172,0.0034132226837641,0.0010545679574942,0.000340779583676,0.0153756311263543,0.0021194772758469
2023,0.0013291860579664,0.0002717417389447,2.5114871589551027,0.005355582527364,2.5048040014839668,0.0034395409583931,0.0035610100347429,0.0003785501198325,1.1317608275298383,0.0045269566197562
2024,0.001525262550069,0.0002686914184414,3.9458166982248617,0.005405571744244,3.9347028361336016,0.003382153652683,0.0040310456287809,0.0003739817312168,1.6497187667518316,0.0044312790316542
2025,0.0007363449989633,0.0002789795314511,0.3233107200310003,0.0055599873477391,0.3200917810221916,0.003968273463731,0.0015989158637605,0.0003814506300735,0.1523475478221119,0.0040271323896957
2026,0.0015363725577957,0.0002684656215562,3.523611269308123,0.0054372606438385,3.513106522959496,0.0033797793177814,0.0040605757435644,0.0003729900174976,1.510251230728784,0.0044142053452318
2027,0.0007352019685822,0.0002754049294347,0.5666609364559732,0.0054935416121611,0.5635748494164088,0.0038305375681905,0.0019786221947996,0.0003780895763067,0.2910566428975402,0.0046763809958036
2028,0.0007850406528743,0.0002140329744956,0.0325877985128871,0.0054856890343244,0.0290925075860254,0.0024249892474042,0.0009060419130709,0.0002731232451076,0.0114242700200376,0.0016052795514166
2029,0.000785241781264,0.0001685614706889,0.0279433451426627,0.0032784110999826,0.0103428769527615,0.0022431043812451,0.0005824165807905,0.000207240685055,0.0072930496024974,0.0013975801346385
2030,0.3960259107648831,0.0502769828621776,0.0001799162130726,1.0078365447498664e-05,0.2444124042708535,0.0052053579645652,6.257259450403085e-05,1.8375944855318263e-05,0.0002905903682936,8.653813080534273e-05
2031,0.0007935552108387,0.0001537709739128,0.0266858804615173,0.0039228847828142,0.0100950800162111,0.0015329844651233,0.0007160539975766,0.0001912258274727,0.00706500695129,0.0010636252295719
2032,0.0007541426124004,0.0002570719553854,0.0437586303941017,0.005641987453906,0.0406165354828653,0.0032629287775501,0.001016355446992,0.000336931105674,0.0133325860587824,0.0020026731945847
2033,0.0007452177235344,0.0002698495407837,0.129332904824796,0.0056191346854216,0.1258299147955118,0.0038720804064521,0.0012541052118137,0.0003657803625443,0.0456262952301988,0.0029177515421787
2034,0.0007932998481815,0.0002358449468901,0.0280025914329826,0.0037767577421584,0.0110512275076699,0.0029564946009548,0.0005525871910295,0.0002852297341692,0.0073676006037436,0.0016811748931355
2035,0.0040539276363978,0.0010314518970365,0.3378481348824256,0.1905534036503113,0.1722937795343585,0.0457897846830221,0.0076428057307179,0.0011088692328149,0.2647603107868765,0.0921770370277929
2036,0.0007426432125622,0.0002641923500241,0.0417213238980282,0.0056408776095506,0.0388727908749864,0.0032774062925355,0.0009745066730282,0.0003463161722183,0.0124317447229414,0.0018735486415242
2037,0.0007418998772153,0.0002576043874742,0.0377943152050972,0.0054194363766979,0.0346849907895614,0.0031193263631612,0.0009905606973645,0.000340330318624,0.010892057103487,0.0018580616163065
2038,0.0007425442884471,0.0002621090193789,0.0743714551220641,0.0056884413126758,0.0709926588037561,0.0038706271501945,0.0010802825396858,0.0003509335117188,0.0211086964348743,0.0023304174234983
2039,0.0015598698448177,0.0002761270005853,4.121564095339447,0.0054619770085839,4.11092263966764,0.0033893285903237,0.0041156044664821,0.0003834635338754,1.7217213569970051,0.0044179935995644
2040,0.5452526513075332,0.0351961177682798,4.7645918884838216e-05,2.627981767171824e-06,0.1343038245124557,0.0066950731294913,0.0001012217548637,4.080555669316306e-05,0.0002898378115978,0.0001272939244744
2041,0.0007403266367136,0.0002755364647412,0.1730075232788966,0.0059024946230953,0.1696315352353953,0.0044347430591825,0.0012328964252978,0.0003711461133742,0.0556111141169781,0.0030562515193257
2042,0.5011133949479835,0.0368003636108798,6.825377736076739e-05,4.159674092870021e-06,0.149278999252941,0.0055499256661219,0.0001064675083135,2.504995849178953e-05,0.0002018000525968,9.661286424814824e-05
2043,0.0007811882786545,0.0001437838162454,0.0275293005409286,0.0038384475332531,0.0119382370402177,0.0023322932892918,0.0006373265119359,0.000176900464178,0.0072097778313668,0.0014569292532327
2044,0.0007733125895481,0.0002972774780461,0.0247977957188391,0.0031790804014408,0.0111808589404497,0.0026591207930922,0.0006951218714938,0.0003527189007458,0.0064766142902466,0.0013938736310674
2045,0.0015378571964904,0.0002773502096782,3.680555987380653,0.0053741033041707,3.669824781009348,0.0033821721528957,0.004064413000387,0.0003840242335654,1.5691066831241545,0.0044029536535521
2046,0.0025484028887655,0.0008572929439277,0.2403323983409766,0.1231229103505556,0.1009251775173526,0.0212105638803149,0.0051854526558283,0.0009541788131858,0.1578418925568468,0.041480843689077
2047,0.0615179788944158,0.0044754870100797,0.18040427463164,0.0308805737715657,0.0976919688465035,0.0452758185266446,0.0167571896485806,0.0035934495582415,0.0997606305993494,0.0306357046804852
2048,0.0008669972500906,0.000265129862377,0.9160565555019538,0.0053804128937408,0.9113356005971844,0.003575673496742,0.0024831700174448,0.0003685369272316,0.4739111534382501,0.0046417766420313
2049,0.0007650659845732,0.0002162120652058,0.029018232051477,0.0052171052067057,0.0220201859271568,0.0021898540519629,0.0009026325377492,0.0002762831929663,0.0091955137876383,0.0014750449650077
2050,0.0007495985566032,0.0003599601087031,0.0276000546795685,0.0035026266711938,0.0099057366093279,0.0025295293071949,0.000590996289005,0.0004202600674643,0.007214683626664,0.0012907538736592
2051,0.0007359118902824,0.0002795760378151,0.4047316769275604,0.0054617376804225,0.4011898353559684,0.0037235192772833,0.0018729221170101,0.0003837486246344,0.2105052238131169,0.0041899199401925
2052,0.0007466384646826,0.000279230544902,0.085211695579982,0.0057158431473773,0.0818556927185444,0.0040705683181677,0.0010961760730514,0.0003740490702232,0.0239773029344847,0.0024308674406393
2053,0.0007610138226049,0.0001993137536,0.0292620786020644,0.0046759833035775,0.0142772892466087,0.0018244706767922,0.0008375567516823,0.0002521418065673,0.0075650164710632,0.001154907723159
2054,0.0070033609795114,0.0015997850347569,0.2427650843574917,0.0483355409544585,0.1114502049625732,0.0323303335652838,0.0083140570252103,0.0014844713303068,0.1544919421004041,0.0460797566591399
2055,0.5039178029764217,0.0406658748447622,7.984710000344613e-05,4.305745844164534e-06,0.1569668324590618,0.0046717619373249,0.0001049840958301,2.077401184641576e-05,0.0002217353436454,8.721742940651572e-05
2056,0.000760977007871,0.0003080840816519,0.0278725518160009,0.0032836442713827,0.0119026491883829,0.0024990607993734,0.0005957744255654,0.0003647791905944,0.0072715645058392,0.0012708864685302
2057,0.0007656338825674,0.0001791994965086,0.0290682921960967,0.0050200921840743,0.0198851836900463,0.0020257038945219,0.0008543051994696,0.0002261892103899,0.008210810895734,0.0013292258578414
2058,0.0007727482824264,0.0001590986857237,0.0270717373794169,0.0038212846906692,0.0083846607069269,0.0019893977388795,0.0007076331706351,0.0001950605942817,0.00695029817607,0.001117718652167
2059,0.0163021366584623,0.0017308346205291,0.164661854634741,0.0960804108892993,0.0579480302318433,0.0226499998945454,0.0208328852210979,0.0017918218932503,0.1522713708804305,0.0913761866404681
2060,0.000780222069535,0.0005201485769796,0.0276810661841339,0.0036563343164251,0.0147896609490498,0.0034576860947033,0.0008686534853171,0.0005914720118224,0.0073054037179959,0.001631173849621
2061,0.000789273480917,0.0001490162205228,0.0277448500652739,0.0042599728151397,0.0101376788244951,0.0014298573230852,0.0007887640214322,0.0001861264003945,0.007499357326878,0.0009739527969805
2062,0.4087854878481659,0.0468117977590525,0.000135649801958,1.0493398223194164e-05,0.2505965793795018,0.0036435839865292,4.6843715142598045e-05,1.2233312175315267e-05,0.0002410947014748,7.093379294400764e-05
2063,0.0007477135992004,0.0002721227927395,0.1265399253702293,0.0056937403769035,0.1229772074798938,0.0039867924948384,0.0012231653151321,0.0003669839839342,0.0420178474935457,0.0028429583314356
2064,0.0007525002217855,0.0002218365694311,0.0356747684296469,0.0055731181260562,0.032403260734545,0.0027937460613947,0.0009343031973578,0.0002860884379782,0.01202670391321,0.001702849700056
2065,0.0016400670986347,0.0002783530151432,5.404274364947555,0.0053852697044964,5.391742262189275,0.0033869686498139,0.0043032759895505,0.0003861782158098,2.14435719275687,0.0044136635645632
2066,0.0007509131776905,0.0002372516106843,0.0273346871405804,0.0051452285817367,0.0199781884772065,0.0024750348780069,0.0009124183406885,0.0003061066545738,0.0084523939117411,0.0014969884824699
2067,0.0007479329299416,0.0002721964983451,0.1028547021514088,0.0058696108235386,0.099505963521844,0.0042168433245938,0.0011147129648978,0.0003648183298006,0.0289293476297697,0.0025374353230136
2068,0.0007817865065843,0.0001221926604379,0.0282703757375314,0.0035908267582958,0.007100544404254,0.0013922288446337,0.0007065926593604,0.0001505957890021,0.0071211848181972,0.0009627761396005
2069,0.0007260683057718,0.00027659769823,0.4589431936084706,0.0054528973403792,0.4553118680272061,0.0037109489949456,0.0019672967549471,0.0003808720744829,0.2402798821990163,0.0042931481523426
2070,0.0007411705002942,0.0002571239646649,0.0713305578154076,0.0058860473286719,0.0681683154385377,0.0038730652115146,0.0010689476357414,0.0003401394828365,0.0206396317168561,0.0022709621874034
2071,0.0019296879895516,0.0012675071377729,0.1156940527871392,0.0181352575055295,0.025067817888754,0.0069814896818762,0.0016225342264323,0.0012499330728052,0.0280989437403876,0.0042389503060212
2072,0.0007496925240553,0.0002474630480708,0.0418390928910023,0.0057174825385934,0.0388838608203101,0.0031162742816557,0.0009926865391783,0.0003226093991778,0.0130848176326898,0.0019117717642688
2073,0.0007452784242451,0.0002747475116211,0.3034190492189347,0.0055565312046224,0.2998854116467958,0.0038983538483096,0.0015461097817105,0.0003757057322918,0.1330050544988284,0.0038273238666013
2074,0.4373771778662959,0.0511206179214414,0.0001257508505399,6.864039743762513e-06,0.1814201876189578,0.003786318199284,6.314122559708184e-05,1.5365834316171654e-05,0.0002461211093739,7.156179909234325e-05
2075,0.0007532684505652,0.0002910003907205,0.026515228054196,0.0031585407332462,0.011435743998078,0.0025597142230437,0.000659517592193,0.0003457202678717,0.0070603184393318,0.0013188952754382
2076,0.001681178107392,0.0008510259187959,0.2217461435607924,0.0961504647146469,0.099113026688617,0.0223318520065984,0.0036742512717588,0.0009450185472829,0.1192032194279856,0.0254695284839407
2077,0.0015852021276828,0.000275468207352,4.1621349387908495,0.0054118423563621,4.150687868195842,0.0033776847400336,0.0041767430755654,0.0003812971716964,1.7250783648569714,0.0044132837410239
2078,0.0007319291772906,0.0002720577882213,0.0804933986048748,0.0056814381455647,0.0769575642923121,0.0038356554508956,0.0011129745804242,0.0003623188252,0.0229131367686175,0.0023893498012669
2079,0.0007302085774966,0.0002717807881552,0.4267360041498762,0.0054655269204869,0.4234450777506662,0.003776983374392,0.001876872239581,0.0003734934218826,0.220282373479553,0.0043032451303426
2080,0.000763185563127,0.0002065256648189,0.0289520065871658,0.0045556013438755,0.0130744539587284,0.001738328146212,0.0008184381376,0.0002632119813676,0.0076216533496673,0.0011170724969323
2081,0.0014967691201398,0.0002675374199785,3.963419173911261,0.0053629841811611,3.95197576146042,0.003394520026375,0.0039603271491982,0.0003728730873529,1.669142233168819,0.004454928601034
2082,0.0007355584195377,0.000266896996354,0.483393262593936,0.0054419573865681,0.4795545463239398,0.0036788538272335,0.0019959692732236,0.0003696163391336,0.2484999878905022,0.0042878054863394
2083,0.0007556020069878,0.0002380365911181,0.0282608655161609,0.0051611751891788,0.0194634776077584,0.0023963296337439,0.0009228914752956,0.0003089949338963,0.0082100964804051,0.0015383853498721
2084,0.0017937385410204,0.0002732437867798,4.307671606287191,0.0055456333298345,4.288042854831359,0.0034977768013111,0.004658660711877,0.0003754484215846,1.7754509135446803,0.0046500212163756
2085,0.0093802005818717,0.0015435523103369,0.2053921031244076,0.0687290307676671,0.0825066855528542,0.0227095401362926,0.012643548825647,0.0015993651315076,0.1269123982170704,0.0638794252249348
2086,0.0007767094805473,0.0001169775275273,0.0292066820182435,0.0041175461495794,0.0120891958479585,0.0021573972470036,0.0006263089806817,0.0001441940439944,0.0075077564896035,0.0013022611925558
2087,0.474616584526173,0.0444004364625845,0.0001009995760352,5.5064390095216536e-06,0.1648380666182274,0.0035085245547985,8.72220948599686e-05,1.5716085429150248e-05,0.0002097121982965,7.146357558336292e-05
2088,0.0007302836003854,0.0002777651351214,0.4152080012755887,0.0055043172365817,0.4117637966676933,0.0038390242308161,0.0017520859046356,0.0003817218177364,0.2024816919652826,0.0042326367515811
2089,0.0007817300450025,0.0002076503025082,0.0282551673581882,0.003291521469088,0.0098274057827816,0.0021838049384111,0.0005952648896955,0.0002512643182163,0.0073734694169535,0.0011570030731726
2090,0.0007772526295946,0.0001936988552022,0.028767385206398,0.0040341539932046,0.007459246335826,0.0011881032960471,0.0007712146392637,0.0002445979911508,0.0074928598355471,0.0008972712131478
2091,0.0010803804050371,0.0002726664657258,1.371760485955033,0.0053785156789186,1.366766650902911,0.0035132172186967,0.0029787319708673,0.0003794854598584,0.6646850068377379,0.0045947647597282
2092,0.0265229502514798,0.0027921881528392,0.2664380448622695,0.0565695451913852,0.1471517366906162,0.0390458788003606,0.0215283106338321,0.0026375549099513,0.2161772436625745,0.0545515737842096
2093,0.0007631534921568,0.0002480413596792,0.0386094209699226,0.0055981057860248,0.0351263620181156,0.0029469927625116,0.0009466636308279,0.0003209063019117,0.0128048216176785,0.0017653310541961
2094,0.0009155687719647,0.0006285105541822,0.0265060448359647,0.0042743204439122,0.0165986569841745,0.0047965272865143,0.0009500478159391,0.0007048469138581,0.0086450924462537,0.0025045839182498
2095,0.0007533779019582,0.0001679008332185,0.0266722761700871,0.0032506073290525,0.0075972156035319,0.0018668918179229,0.0006325503637572,0.0002050398080785,0.0067442734702301,0.0010338641567878
2096,0.0007479548867086,0.0002713753947231,0.1326085306437836,0.0060005152396207,0.1291642515013322,0.0043030909338937,0.0011834352916311,0.0003626791593865,0.0399962324781115,0.0027954606453352
2097,0.0007436043186008,0.0002611426760771,0.0726977775895931,0.0059393901455465,0.0694907316148303,0.0038421473694363,0.0010665648059699,0.0003436849367187,0.0208540349755292,0.0022526991123264
2098,0.0007445834379312,0.0002592229513696,0.0280821901410578,0.0051998659091111,0.0231333311633931,0.0026445107047165,0.0009429908261517,0.0003381265921222,0.0094152115971854,0.0016290104563433
2099,0.0007912292835293,0.0002562077329188,0.7044320405630433,0.0053776211991248,0.7001187990194868,0.0035862071382047,0.0023056060833699,0.0003566222256652,0.3693181578532913,0.0044847734223914
2100,0.000727028066698,0.0002748614750896,0.3307429654661764,0.0055479499205895,0.3273762140735373,0.0039824702591952,0.0015618227894163,0.0003762715819888,0.148500211564183,0.0039749748023326
2101,0.4495242456144942,0.0496536521880431,0.0001114979214053,6.2993827177917845e-06,0.1701734203177474,0.0032242299474493,7.13470479235792e-05,1.5210063316383554e-05,0.0002516751413209,7.944581998018279e-05
2102,0.0007724207777494,0.000199687692639,0.0289600295987327,0.0046906475067235,0.0128377680262225,0.0016809935111116,0.0008672415454932,0.0002522840191862,0.0076089884726134,0.001172118862479
2103,0.0007590337015226,0.0002881538312713,0.0279503233319611,0.0037716749845805,0.011153089098357,0.0026426163586301,0.0005264785223405,0.0003420963299207,0.0072467146743788,0.0014486284397432
2104,0.000708195541166,0.000380179369003,0.0266434950048892,0.0034476946476261,0.0114704236197093,0.0029627501295647,0.0006873264081503,0.0004413538821726,0.0078539433724074,0.0015192576709601
2105,0.0007499931481066,0.0002722242701648,0.1331114012868187,0.0057262002463347,0.129606342802329,0.0040325198725536,0.0012219928351443,0.0003664753839854,0.0412677333957035,0.0028314769743697
2106,0.0015181858665885,0.0002791964440669,4.154182416596742,0.0053506956423022,4.143352602764112,0.0033954197373136,0.0040112990078108,0.0003863631882789,1.7347687182804412,0.0044245215577498
2107,0.0016505122645563,0.0002800095661594,4.7630029772022695,0.0054568893031892,4.752738389184446,0.0033943659331921,0.0043297372498826,0.0003863108371738,1.9444743545651657,0.0044056096461053
2108,0.000744313976437,0.000271068189296,0.0500645816407245,0.0054401285393411,0.0467521524474317,0.0034631726742601,0.0010458395825855,0.0003617927491863,0.0137719640918594,0.0021620449787244
2109,0.0007405606444698,0.0002680671342448,0.0851955763324672,0.0057872232494161,0.0818328532323035,0.003950832670845,0.0011337235216879,0.0003570987828808,0.0251936751311836,0.0024846683577832
2110,0.0007459688591726,0.0002779261969862,0.1951622012353992,0.0056691812442612,0.1918778199161934,0.00405949615141,0.0013866747968594,0.0003761239614689,0.0806743421134471,0.003414614025168
2111,0.0007448740214393,0.0002603686291009,0.05054498245336,0.0058631913870537,0.0475286332914299,0.0034118487745023,0.0010083659654285,0.0003398583896168,0.0155692991755124,0.0020291752843039
2112,0.0007884018871824,0.0001288212759217,0.0288833711180687,0.0043287592084955,0.0099991530510682,0.001578495481477,0.0007876757311931,0.0001598961147544,0.0073810850679229,0.0009926616786181
2113,0.0009278761940648,0.0005730069821015,0.0269203197725438,0.0045568909299853,0.0130849714549539,0.004426743069233,0.0008644793835816,0.0006401729217002,0.0073896509310722,0.0021359456301451
2114,0.000729950104702,0.0003917879069882,0.0259939252618979,0.0033447662794862,0.0120685237452084,0.0027762600785683,0.0007649642353441,0.0004553246919215,0.0068707891838544,0.0013826756113021
2115,0.0007817277788437,0.0001246495031606,0.0268439856009631,0.0043109168090663,0.0111754318784237,0.0019799729507127,0.0007958091883512,0.0001528684541007,0.007036717122001,0.0010589585282674
2116,0.0007485373122379,0.0002666351831485,0.0696832367727535,0.0057555412109279,0.066394926262105,0.0038504921089892,0.0010664063877191,0.0003541401697863,0.0199428394522972,0.0022624322721548
2117,0.0007122149678027,0.0004567075175431,0.027992669701669,0.0035983913866829,0.0116251929692034,0.0033187356410823,0.0007353734231906,0.0005262968876755,0.0071435053396852,0.0017057950065632
2118,0.4628073174749541,0.0466796732287125,0.0001104565510903,5.943353456447158e-06,0.1675920096915812,0.0036950248323389,7.66673338898824e-05,1.477020448509776e-05,0.0002333493286026,8.327125355187631e-05
2119,0.0007694751434867,0.0001885115952729,0.028206218141176,0.0042402563490653,0.0125402348712588,0.0015202071754359,0.0007718861696406,0.0002374113318453,0.0073473023436803,0.00103646929781
2120,0.0012190218277207,0.0002703259324232,1.8314008593240112,0.005368016821665,1.8266127775516512,0.0034592937491026,0.003300707419595,0.0003759273103958,0.8562501611858259,0.0045556357777579
2121,0.0007562436638445,0.0002042127113033,0.0284776175782,0.0050658102312403,0.0218993456016405,0.0022889144899027,0.0008357468993176,0.0002600376408946,0.0088545427300005,0.001343667848567
2122,0.0007465742214219,0.0002758611018006,0.0972468058835938,0.005942738379338,0.0938760737449516,0.0043463688059763,0.0010891432205391,0.000368881240777,0.0268418696255384,0.0024524774987088
2123,0.0007854197492912,0.0001255739779754,0.026936713734943,0.0037606332678688,0.0076100960865809,0.0015861951211975,0.0006868056351337,0.0001550019279134,0.0069592256498957,0.0010084199068735
2124,0.0013389078427522,0.0002738282146821,2.652370239878433,0.005371137958839,2.6448025417942147,0.0034264153341792,0.0035869488338451,0.0003813459702895,1.190395494275417,0.0044894532241274
2125,0.0007380435621299,0.0002719796702527,0.113077965585145,0.0056714948573918,0.1095174197217988,0.0039545485857395,0.0011944059204735,0.0003651539333754,0.0351311315159573,0.0027132262075209
2126,0.0007450485908967,0.000269146660677,0.1667761311967347,0.0057850979291053,0.1634117310324672,0.0041830426739081,0.0012678978052038,0.0003627422513431,0.0579877762660418,0.0030958123120702
2127,0.0007435601779182,0.0002712700734851,0.191973183951661,0.0057427384246255,0.1886085649562188,0.0041463634393831,0.0012984146462204,0.0003676141355382,0.0699454425499043,0.0032386724504829
2128,0.0011546493853207,0.0002690472327362,1.6948457640063874,0.0054059476397254,1.6899249374881469,0.0034815317149441,0.0031506246144956,0.0003748774636734,0.8006738057477232,0.004573462599624
2129,0.0015539711476661,0.0002751867244993,3.9509330299093066,0.0054543627468437,3.9398509174329934,0.0033900337354607,0.0041019350666695,0.0003820595084043,1.655797193633128,0.0044288888747841
2130,0.0007183206728527,0.0003704288827873,0.0257296063028543,0.0033086027507546,0.0105859130069532,0.0029451036547685,0.0006255001208032,0.0004316457178043,0.0069687403232396,0.0015205943164209
2131,0.474473238454772,0.0440088966638055,9.321976456152216e-05,5.452548631849633e-06,0.163769092602925,0.0041213184893566,8.749134428817548e-05,1.56161144401402e-05,0.0002431130093459,8.720876050693473e-05
2132,0.0016499806490645,0.0002672440957269,4.574542692203003,0.0054506325727773,4.5641420386857625,0.0033924416501363,0.0043226154043919,0.0003703812448721,1.88328088886182,0.0044154229435444
2133,0.4329939013002861,0.050533670985352,0.0001466276381773,7.548170936074696e-06,0.2037713440506939,0.004135923291986,5.480930496195314e-05,1.6630742187539713e-05,0.0002853830240125,8.355392798802277e-05
2134,0.1237833991797032,0.0305078647303956,0.0004481773980262,9.246639966497396e-05,0.5312308962277553,0.0072559680258928,2.849779327300293e-05,7.72726600496968e-06,0.0004487383355248,7.581543292230227e-05
2135,0.000726868262459,0.0002759201825472,0.3353193744496482,0.0055189368870946,0.3322309631194071,0.0039136699110426,0.0016961686255915,0.0003771024383413,0.1653854526590128,0.00409982095291
2136,0.0014666287339607,0.0002719883452206,3.47718436324075,0.0053685619119568,3.466796587934733,0.0033954618658394,0.0038883823653586,0.000377806914858,1.497144104549666,0.0044316521317496
2137,0.0007298816610414,0.0004198731455956,0.0244858671683455,0.0033994446516146,0.012776540826787,0.0031629577060118,0.0008518630664556,0.0004855346235306,0.0069901346356596,0.0015637488725636
2138,0.5346176308069042,0.0340125649329824,5.43687348067105e-05,3.1179773507260625e-06,0.140665094428291,0.0072520089063364,0.0001065427898833,3.458269816272185e-05,0.0002633601194003,0.0001216313960025
2139,0.0007367746489491,0.0002853622408912,0.141473504002518,0.0057631021054865,0.1380215371208559,0.004251914604961,0.0012062301163541,0.0003839528116138,0.0444321244300299,0.0028748400561108
2140,0.0007819661289051,0.0001347636746835,0.0285594717247339,0.0036666163081121,0.0061607349815557,0.0014882411127711,0.0007141506190086,0.000167479856164,0.0073627266611599,0.0008590329387308
2141,0.0010919097763777,0.000266103210846,1.3595132292041603,0.0053531477309644,1.3545828645347249,0.0034846669241333,0.0030071427319551,0.0003700510481874,0.6518234624914653,0.0045329612172049
2142,0.0007324770355427,0.0002673337987642,0.394487981941843,0.0054737971822204,0.3911180273010919,0.0037889436167182,0.001789873304754,0.0003678013062061,0.1955642564257132,0.0041576763335158
2143,0.0007598978221918,0.0002354865756515,0.0275824923175641,0.0034255829483456,0.0104130485549206,0.0024142561741844,0.0005458744279577,0.000283510280136,0.0068982170765649,0.0013050034272747
2144,0.4855136505536748,0.0445273720041193,9.451745284610576e-05,5.065591440010786e-06,0.1626661348605128,0.0038089620418808,9.677460806908475e-05,1.885991365396731e-05,0.0002022837524779,7.264292274812819e-05
2145,0.0007415724202033,0.0002730145277738,0.1769626083344306,0.0057576127784008,0.1736029345133083,0.0041790545090287,0.0013090993141068,0.0003686201996645,0.0650364930951638,0.0032182566294452
2146,0.0007373191676653,0.0002685671052212,0.1975099692244673,0.0055464604937025,0.1941364684176511,0.0038567856113279,0.0014431867354989,0.0003646994209039,0.0842596703722455,0.0034178513572212
2147,0.0007267210345652,0.0002778110724011,0.5990370375045199,0.0054177589330745,0.5953605972820668,0.0037263247467961,0.0020944430704772,0.00038287280402,0.3094351014047794,0.0045429793715929
2148,0.5390500595508207,0.0369364331543068,5.345934700269888e-05,2.9107411448606576e-06,0.1403196617798747,0.0065732540983288,0.0001111717679251,3.671516307806981e-05,0.0002406512411684,0.0001189555238013
2149,0.4510393083296192,0.0486931964563851,0.0001224667466068,6.435700979603244e-06,0.173072252400814,0.0035489313235092,6.746945297904091e-05,1.3084761753650394e-05,0.000261178413846,8.026929422226222e-05
2150,0.0007571694306658,0.0001821985877089,0.0265561755478279,0.0032163968721873,0.0084286580062181,0.0018346155758588,0.0006603740191661,0.0002212080321603,0.0069655474164489,0.0009687722755153
2151,0.0007468651451849,0.000277224980733,0.1272959659756445,0.0058925698378112,0.1238996762705989,0.004399326931578,0.0011481799777108,0.0003733620307102,0.0365174307164597,0.0027135827193055
2152,0.0246559296907872,0.0020869389259598,0.2941608429492151,0.1646950136051207,0.0650865556964604,0.0241314240242158,0.0305138350250085,0.0020832749775287,0.2824079535047855,0.1538164971249504
2153,0.000741121934032,0.0002807363587109,0.1448676724324069,0.0057374355849568,0.141410430746208,0.0041744290862149,0.0012379397649891,0.0003780454100677,0.0488822531814883,0.0029595200656986
2154,0.000772748886404,0.0002386842896355,0.0271333896149417,0.0050861453327309,0.0209358976236592,0.0022509047863132,0.0008952772956464,0.0003061947185737,0.0087692654830869,0.0014012254262503
2155,0.0007737917356194,0.0001273422992169,0.0291951483869025,0.0039987031518527,0.0098581354360248,0.0012849403844973,0.0007742917393616,0.0001575618875947,0.0075500626981686,0.0008318817472157
2156,0.4618197509785117,0.0479315756008404,0.0001117056969107,6.009453841467509e-06,0.1665551754917498,0.0040027714734409,7.762948948371413e-05,1.7754732543042108e-05,0.0002292117070124,7.27269974947957e-05
2157,0.0007596669190713,0.0002122647536542,0.0291469223371799,0.0051879899051774,0.0208189862532428,0.0022299467420359,0.0009247962926946,0.0002726522275995,0.0087882052546576,0.0015091169324692
2158,0.000769725970659,0.0001391138179266,0.0287028198789153,0.0043243449962666,0.013427006547939,0.0017308378291706,0.0007572929786877,0.0001727458325663,0.0072771273933991,0.0009942795148269
2159,0.000744844736676,0.0002731764658465,0.0523566163985828,0.0056825039133225,0.0491653974167038,0.0035211710389994,0.0010130631794558,0.0003608098591725,0.0149331818316018,0.0020330631126029
2160,0.0011244652649736,0.0007214806590437,0.0472192353217694,0.0147669235159,0.0172624714243033,0.005195355503759,0.0010927308428751,0.0007970119045434,0.0159255625346631,0.0033539787982844
2161,0.0015611371950803,0.0010048579989617,0.1285407348876094,0.0526240694493148,0.0310701352800946,0.0085415287892238,0.0021515377394496,0.0010552643308089,0.0403637648507362,0.0121102540912004
2162,0.0007614826560694,0.0002547233473272,0.0286898736905516,0.0052945154421932,0.0216438845443392,0.002620255266387,0.0009483108884279,0.0003312829910078,0.0084818851757909,0.0016574002096056
2163,0.0007445656814152,0.0002707655205629,0.1550124970941507,0.0056825340689069,0.1514560963111878,0.0040841313291536,0.0012508495066457,0.0003644689484761,0.0498132050739931,0.0029613466893122
2164,0.0016841863563392,0.0002682323166346,4.331362198388658,0.0054688600400801,4.317488503064334,0.0034060501949668,0.0044014376639486,0.0003697955409085,1.8008287008854886,0.0045182290965425
2165,0.0007348333396018,0.0002732770907669,0.2126526728816188,0.0056729326030899,0.2092406894113044,0.0040945880572171,0.0013493936904227,0.0003709938576406,0.0818245118109819,0.0034019433461397
2166,0.0007567245258852,0.000237321105637,0.0288788641189178,0.0049943840025643,0.0162513752510553,0.0021248388225442,0.0008988356703451,0.0003056076519623,0.0074143206215916,0.0013823014767749
2167,0.000734732485333,0.0002842955218288,0.1849097104634667,0.0059136439709298,0.1815785282344535,0.0043539269676461,0.0012693271590577,0.0003826184321735,0.0622038598780503,0.0031654687306859
2168,0.0007743894252363,0.00023417703056,0.0275143409666167,0.0051836119125228,0.0196117466185541,0.0023080668695303,0.0009341264777379,0.0003008541869395,0.0074191215969959,0.0015538034616207
2169,0.0011767605701844,0.0007581190669927,0.0259253043198163,0.0047204334203131,0.0161469886536614,0.0051689682987494,0.0010719670623496,0.0008190989980826,0.0096430538068271,0.0026416383157641
2170,0.4275328406290157,0.0559941099510822,0.0001540389614541,8.070230106783944e-06,0.2126572236423315,0.0030793477208204,5.171516140450202e-05,1.321189265150013e-05,0.000256898001111,6.756521312232099e-05
2171,0.1840269801175051,0.006883511188953,0.1741882453443926,0.0150516992654888,0.2085246074236072,0.0619475006707791,0.0122174619311972,0.0039076350760205,0.1278204490399345,0.0150180873451524
2172,0.0007450374889741,0.0002665943718789,0.0857532987779311,0.0057172482429037,0.082320945279749,0.0038912005020013,0.0011102301121338,0.0003564437908751,0.0238059540217223,0.0024084536568774
2173,0.0006880173545506,0.0004673072694573,0.0255896584166566,0.003530414548265,0.0140800540170091,0.0033509621232114,0.0007676969232296,0.0005364420008987,0.0068007101694058,0.0017575166394786
2174,0.0016719601218983,0.0002675181533106,4.549026046554923,0.0054856333892147,4.537904595390393,0.0034070458761747,0.0043755501469113,0.00037025405993,1.8744787049384024,0.0044610214755593
2175,0.0007920383434581,0.0001428928461721,0.0283496598973296,0.0036957170741449,0.006462408281005,0.0016775523119228,0.0007115644921207,0.0001761332569179,0.007326932629541,0.0009674236550748
2176,0.0007870072724833,0.000127222904574,0.0283859913010841,0.0035502072349414,0.0071846436220189,0.0013588332359667,0.0006873707838014,0.0001572691772236,0.0074352250462062,0.0008895949842381
2177,0.0007570652750282,0.000251711972694,0.0282010089233892,0.0033697051951149,0.0093253001402602,0.0022237491934346,0.0006290339403348,0.0003011840326138,0.0073705736759264,0.0011356764184684
2178,0.0008354214931282,0.0002727397045523,0.8219872131584439,0.0053837216011012,0.817633978238546,0.0035946457299878,0.0024096558581841,0.0003773282386623,0.4250528412072783,0.0046438527533615
2179,0.0007716012193212,0.0001547143521381,0.027347163097111,0.0034926685262103,0.0074774549682214,0.0017011963854306,0.0006645390423061,0.000189985724511,0.0071169116108587,0.0009654521721544
2180,0.0011362934417271,0.0002724047095947,1.629469198776018,0.0053702642775726,1.6242697650789455,0.0034758361924144,0.0031126014334226,0.0003790769898117,0.7726030978528624,0.0045412049800826
2181,0.0014081118745046,0.0002782956011652,3.2913647072315846,0.0053740388438232,3.2810254313554634,0.003426088338254,0.0037477596256256,0.0003869757065445,1.433076582779474,0.0044920148591831
2182,0.0100200714139668,0.0012751674460243,0.3877583605360066,0.2288571780438603,0.1579779607978964,0.0585063484869982,0.0156880154071304,0.0013245770595298,0.3575125316071416,0.1866774609507868
2183,0.0007495770749464,0.0002819390356521,0.2586025796520795,0.005771324843947,0.2552768325768423,0.00433819318574,0.0013746989397358,0.0003817084460323,0.0985600162165556,0.0036396783388252
2184,0.0023843507255771,0.0020584859037669,0.0502232335876337,0.0112327141682676,0.0345547631585063,0.0150757585666967,0.0023754501345758,0.0016551182820746,0.0179275966514141,0.0064184554988252
2185,0.4770666642687,0.0409545922269674,9.248774581448936e-05,5.196077704017354e-06,0.1625446404852573,0.0048474125533352,8.843667088478327e-05,1.7928565094426563e-05,0.0002284993256065,8.436176754744001e-05
2186,0.0027840590895816,0.0009642036617286,0.1890023531696675,0.083777980076112,0.0832040853402385,0.0212975883085066,0.0050486087121273,0.0010410707368068,0.1510033443086074,0.0496716696844696
2187,0.0007539551547715,0.000265034000898,0.0286414860806654,0.0051722380787235,0.0202934982139162,0.002619355022652,0.0009552491043879,0.0003475354615252,0.0076946388042711,0.0016534129104453
2188,0.0007443365821722,0.0005114885089284,0.0246433224233714,0.0037861198168467,0.0127094150355199,0.0034492300140322,0.0008680647089063,0.0005858882827243,0.0087703473133835,0.0017836975907846
2189,0.0007425905269228,0.0002704700031061,0.1142871091388744,0.0059023337384931,0.1110036325139175,0.0042460171045654,0.0011411838193593,0.0003620996924669,0.0328317915786116,0.0026336071668964
2190,0.0007791619523194,0.0002288116847339,0.0284788758580327,0.0033932337205521,0.009404849696607,0.0021981487447004,0.0005858449781132,0.0002772458875212,0.00751297262257,0.0012129357545784
2191,0.0014088347939579,0.0002676854866739,3.0811497535733445,0.0053795922692378,3.071192084817543,0.0034087237312085,0.0037500826089267,0.000373475726548,1.338769106043353,0.0044759792002431
2192,0.0007697921839327,0.000267077079579,0.6552803222514915,0.0054354834817028,0.651121322375666,0.0036295433542072,0.002254377242254,0.0003705055373519,0.3425241564460114,0.0044816188329444
2193,0.0008969681564427,0.0002730524658644,0.9379816307412316,0.0054017065820777,0.933899924358602,0.003602935141665,0.0025458465118017,0.0003768565932609,0.4748318514286334,0.0047475068922716
2194,0.0386231146046293,0.0049861731243773,0.0028702296631285,0.0010857809370845,0.418502674789696,0.0062767008057853,0.0004104686956497,0.0001107927626819,0.0028382338147283,0.0010953720830503
2195,0.0007449001772946,0.0002672422442416,0.0540866209829957,0.0056405897281854,0.0506380075840668,0.0034483777568757,0.0010640083871647,0.0003532673276099,0.0157272155729107,0.0021669547461924
2196,0.018942138701707,0.002071458986959,0.2288594318402902,0.0684813780901513,0.1028585757215958,0.0381825977549955,0.0192099007605652,0.0018665832368039,0.1452737527412206,0.0661279025220461
2197,0.0007508456349058,0.0002587041103919,0.0844904556899249,0.0059869522230564,0.0811376350261914,0.0040832982682261,0.001076980198368,0.0003417165354819,0.0238780852381188,0.0023506089322426
2198,0.0171271782263167,0.0023094960157388,0.1905783612104488,0.0549179068320401,0.0911136619459265,0.0364758572560558,0.0169004397349749,0.0021979413575126,0.1196844357676787,0.0535401186581293
2199,0.0007517065619954,0.0002616208717668,0.0841341611692447,0.0061447366866448,0.0810617464520965,0.0042264750704347,0.0010678300690663,0.0003454483940688,0.0248413180780805,0.0023857154327632
2200,0.0007278939176162,0.0002836017335171,0.4071898715744249,0.0054417331199244,0.4037411408805129,0.0038347762458995,0.0017827681375712,0.0003892384677591,0.2039162748454216,0.0042584030161529
2201,0.0007572056655335,0.0002583328718156,0.0512242156094659,0.0056461466195086,0.0481575613217398,0.0034517000515382,0.0009993906080123,0.0003401614320315,0.0140398453967011,0.0019601458870087
2202,0.0007572422130758,0.0003194724648406,0.0277155509995573,0.003800855010056,0.0114916011832404,0.0031390898008963,0.0005666314910508,0.000376737275356,0.0072452392141508,0.0014660828968012
2203,0.0008694437141445,0.0002701952501352,0.884183646369278,0.0054058675214253,0.8795377650989286,0.0035822683232587,0.0024896493641595,0.0003755774872166,0.4520169759309594,0.0046082213184943
2204,0.0007412125964723,0.0002751872273451,0.164320695292445,0.0058673260501765,0.1609964220928856,0.0044144321561396,0.0012295119736479,0.0003698372641656,0.053600414551322,0.0030306698500816
2205,0.0007495318510553,0.0003438329162637,0.0287340269082148,0.0038440335551487,0.0121466878621237,0.0031516221718176,0.0006345577204291,0.0004040539694905,0.007475473568688,0.0016600714670687
2206,0.4311675118931062,0.051067874393027,0.0001312526611212,7.3456423542617244e-06,0.1925911081646116,0.0033046946842048,5.436293925928169e-05,1.380894834940434e-05,0.0002781095792695,7.791476774119241e-05
2207,0.0007664446289063,0.0002062608771636,0.0271530263484879,0.0032554739942273,0.009443932481394,0.002301271565305,0.0006153639549956,0.0002481928779473,0.0070596292458233,0.0012902938613135
2208,0.0007353559490358,0.00027436897918,0.3112338473079226,0.0055579938583834,0.3079535546807819,0.0039275636653421,0.0015862793386435,0.0003744163939361,0.1437070630298752,0.003943198042835
2209,0.0007448557091074,0.0002721898932074,0.1680969950448305,0.0056876869324566,0.16474168073864,0.0040660191187655,0.001287846484673,0.0003689959911557,0.0618855809661006,0.0031460572784977
2210,0.0007411611501081,0.0002744888302352,0.2294381613011124,0.005703122535583,0.2260950176029373,0.004183256406232,0.0013658514748207,0.0003736757296269,0.0884341578327798,0.0034940596448724
2211,0.0008057786893632,0.0001498182363948,0.0279721400751695,0.0033581168767969,0.0069821161708712,0.001596981858544,0.0006635193897428,0.0001832903361242,0.0074443909875674,0.001017728951872
2212,0.0007395762974883,0.0002756562101175,0.1984601435016695,0.0056580180055116,0.1951018538421942,0.0040038142769501,0.0013781276282698,0.0003747231902348,0.0802713017087585,0.0033844475740178
2213,0.0007877008572705,0.0001209386627962,0.0284935321547023,0.0045362787876074,0.0149165433409899,0.0016874506520642,0.0007841669598785,0.0001498407741466,0.0075007442428045,0.001056423285588
2214,0.000766051121266,0.0002101027961347,0.0282606822109989,0.0050144553514843,0.0186768397333792,0.0020011087082939,0.0009032473729155,0.0002684096284959,0.0082616964829081,0.0013981409014737
2215,0.000754256311741,0.0002364524486541,0.0283509804257762,0.0045462659090972,0.0094950603624517,0.0017895250473251,0.0008356403452502,0.0003048790486692,0.0073735809782761,0.0011561447549174
2216,0.4894928060940885,0.0360265666561513,9.1380091085825e-05,4.9213097743751135e-06,0.1610414512126629,0.0047762816269974,9.64655098374146e-05,2.1678303560699284e-05,0.0001825115642,7.585838064726676e-05
2217,0.0007897640400587,0.0001265761496397,0.0278889346623398,0.0038715378153895,0.0104173349447405,0.0014217986551973,0.0006891402549209,0.0001567876007881,0.0073508947337255,0.0009901258528913
2218,0.0007826870610051,0.0005013609704591,0.0254547446711452,0.0036775124753531,0.0123409882427355,0.0034618990602832,0.0008019651836565,0.0005723881062947,0.0081723162514453,0.0018288245093831
2219,0.4101862808902821,0.056333172892299,0.0001827489435445,9.131791242184934e-06,0.239558026925144,0.0034683480250661,4.2372496028879504e-05,1.2672083120577016e-05,0.0002849473645856,7.39959805212383e-05
2220,0.5060756417879851,0.0394747947247718,6.972656866832146e-05,3.933820268674338e-06,0.1507851098897619,0.0050155439045883,0.0001115583302607,2.220531296693388e-05,0.0002394770391401,9.424026358107674e-05
2221,0.0007524886987272,0.0002610080424819,0.0793808380864472,0.0057795151170923,0.0760088893560923,0.0038460614076157,0.0010854254922152,0.0003453448493656,0.0217165911202975,0.0023138107244351
2222,0.4767762485258858,0.0448069366350273,9.992990887278084e-05,5.356967355421024e-06,0.1645221657073436,0.0038524612924564,8.927484370934443e-05,1.6661232054843547e-05,0.0002131501475371,7.356656798020087e-05
2223,0.0015124880942264,0.0002776811885004,3.3623742024479832,0.0054139265688062,3.3519682852233714,0.0033868859213945,0.0040058787998912,0.0003844525606526,1.445548455562162,0.004405913195659
2224,0.0013437943196443,0.0002721969780893,2.713693324084031,0.0053549468642625,2.705547783907189,0.003427203082745,0.0035981874918465,0.0003794991259169,1.2037737107118478,0.0045221491925582
2225,0.0007319275739523,0.0002791762479252,0.3773536055256997,0.0055446158193278,0.3741445401663176,0.0038804507355993,0.0017402733767793,0.0003823188137272,0.1855439812601763,0.0042063110823542
2226,0.4899705429150373,0.0427214775956975,9.020916017885792e-05,4.833717272401471e-06,0.159676956670457,0.0040854669568059,9.528062526855328e-05,1.966407462960515e-05,0.0001839305765972,7.542863537402157e-05
2227,0.000787427277931,0.0001226121822775,0.0289230186164954,0.0034549001686403,0.0063045052198018,0.0013006088148918,0.000694754639983,0.0001510011134285,0.007665426030888,0.0008489788177783
2228,0.0386157680449884,0.002931141443666,0.202560393753516,0.0726955368304527,0.1182767791613964,0.0485636877871514,0.0291452436422568,0.002774595325258,0.1590695329712493,0.0704493065732099
2229,0.0009391259119074,0.0005979956626472,0.0989824949579276,0.0350309449634615,0.0260230818949237,0.0057842036467932,0.0009600418905572,0.000673687059349,0.0351083424200206,0.0053138972027
2230,0.0007827404248107,0.0002328635387908,0.0281211867131272,0.005222250873078,0.0236959745770751,0.0023987452439907,0.0009053390105471,0.000300134542671,0.0094616179500634,0.0015203421599772
2231,0.0007468845389078,0.0002682911783798,0.0567019937794237,0.0057635501596116,0.0534728429925138,0.003668203903166,0.0010428721421604,0.0003549063444041,0.0165773883708969,0.002153665342234
2232,0.0011454487920094,0.0008290176465071,0.0254717175360648,0.0067033618365803,0.0240806884609779,0.0072091548357315,0.0012145510281954,0.0008961238182303,0.0122281311110122,0.0035743026182541
2233,0.000789783888355,0.0001271701956144,0.0283423656960888,0.0036164969388355,0.0066088230327691,0.001462204410502,0.0006975428662413,0.0001561520852779,0.0074698714371684,0.0009944779604434
2234,0.0007496046273099,0.0002911766340609,0.3570702844890184,0.0054967983590696,0.3537254764501064,0.0038533720605651,0.0017260496555364,0.000397858339966,0.178009966312327,0.0041175014329017
2235,0.0008511147440013,0.0005945185797129,0.0695100547443127,0.0189945180581471,0.0190295421082038,0.0050278323037473,0.0009908446826168,0.0006771746980827,0.0215169764638345,0.0037429629261823
2236,0.5034796994834873,0.0326578839720073,8.073443897125121e-05,4.411229033751211e-06,0.1577705380999816,0.0074291453943116,0.0001037652593215,3.2724736763113484e-05,0.0002415536404679,0.0001096229130785
2237,0.4486089349832973,0.0483345461053297,0.0001260871914377,6.515629766276735e-06,0.1793983328615367,0.003690956163168,6.57132709908611e-05,1.4276284681743426e-05,0.0002693296956848,8.231938890956262e-05
2238,0.001619175358909,0.0002820890802775,4.5767679775181085,0.0054055580024692,4.565300275590344,0.0033878219078815,0.0042576894234947,0.0003904215502819,1.8783025680497965,0.0043985367541523
2239,0.0007360630044932,0.0002742455559057,0.1431539450380808,0.00573653113559,0.1397900858216215,0.0041004260958796,0.0012698454574051,0.0003690669600476,0.0507899350076822,0.0030072496378773
2240,0.1455421952304963,0.0079712821821231,0.262788542866847,0.0118815550845403,0.1699188588445954,0.089267462319627,0.0136320187046064,0.0038055951901612,0.1716713408612574,0.0118556661958157
2241,0.0007591501133475,0.0002416333238575,0.029300929137005,0.0053934635393154,0.0262094246610885,0.0026233297139895,0.0008881513643796,0.0003113304814282,0.0103441130597849,0.0015615503230381
2242,0.0007409896168803,0.000259727219895,0.0389554705853231,0.0055969932610643,0.035769275279903,0.0032191465251937,0.0010243744416381,0.0003405497119481,0.0117912526405502,0.0020177580980778
2243,0.4993490849584763,0.0422749549858433,8.291417590866627e-05,4.423103004271822e-06,0.1574827907408949,0.0041046112586601,0.0001043246232744,1.8834502224254703e-05,0.0002344606551979,8.359777280952076e-05
2244,0.4240135864282482,0.0547959971485071,0.0001587554014364,8.35862867564474e-06,0.2192688443280471,0.0034309866221346,4.840611604070799e-05,1.4493862869885349e-05,0.0002582323949834,7.247135518160513e-05
2245,0.0007699890724693,0.0001647879860816,0.0286655196155002,0.0038610943912929,0.0069585997104893,0.0011225989997944,0.0007622377996069,0.0002051447201608,0.0071939136982854,0.0008238978434852
2246,0.2392876531820943,0.0070290828216209,0.1625553680226311,0.0222870693044794,0.1188528847287936,0.0513595836538216,0.0161323332710243,0.0048836225584078,0.1295749457408612,0.0222200949377927
2247,0.0007520073339503,0.0002657334635936,0.0788503364240758,0.0058210332668522,0.075501792482293,0.0040766544109347,0.0010661123344935,0.000355358796697,0.0222976654830243,0.0023306201785586
2248,0.0007379316278733,0.000267560919223,0.0519099358851816,0.0055688196781787,0.0486357230639392,0.0034479307610233,0.0010145453053023,0.0003531984469651,0.0141616781503569,0.0019768998725018
2249,0.545350742096723,0.0351513682612121,4.742172089133365e-05,2.614436215908403e-06,0.1338427018084812,0.0077074493870381,0.0001019801496625,4.544095183741252e-05,0.0002934466727556,0.0001353212021335
2250,0.0007818406985591,0.0001351101291428,0.0283423596938393,0.0036962865955817,0.007934314472904,0.0011506700917491,0.0007156844364467,0.0001674656979311,0.0073642872838983,0.0008495530395223
2251,0.0011540116641288,0.0006908601730274,0.0516420555488087,0.0142942048724515,0.0160097975224946,0.0050910582164953,0.0010460837669196,0.0007615406227491,0.0128429686691075,0.0037170467011309
2252,0.0007497528144427,0.0002583104227005,0.0369142010857077,0.0056176570745728,0.0334075344990501,0.002957079146878,0.0009001168612795,0.0003341086203348,0.0124897185189407,0.0016273354611133
2253,0.4167057800626071,0.0562265677819043,0.000172676141643,8.563133191173984e-06,0.2302824016102292,0.0032706633891817,4.512480847194988e-05,1.4829859212349155e-05,0.0002961712517875,7.851004908674677e-05
2254,0.3747236900076907,0.0630414275622111,0.0002669294150699,1.3097541675713602e-05,0.2815173214566072,0.0046970619005465,4.30697391886458e-05,1.990099798291308e-05,0.0002955765814966,8.1912270411105e-05
2255,0.0010948745671833,0.0002734940380127,1.44787685717235,0.0053364127435186,1.442709450296528,0.0035005588164122,0.0030139401445193,0.0003796842384842,0.7024712028877806,0.0046502522170834
2256,0.0009850307218399,0.0002619775420052,1.1412088158226736,0.0053971644400682,1.1361277408065935,0.0035073089281265,0.0027598517151521,0.000365822107041,0.5598404234261382,0.0045442356528262
2257,0.525955197164999,0.0383773450592552,6.295724343586244e-05,3.3723256329768493e-06,0.1454021880357213,0.0066828048042332,0.0001196223330176,3.078138743275836e-05,0.000283130010422,0.0001161980897436
2258,0.0007877934403729,0.000191274775913,0.0286701583972222,0.0033579196110696,0.010344608353059,0.0022409022336758,0.0005767584506524,0.0002315959259115,0.0074323176132945,0.0013458103683222
2259,0.0007852284487378,0.0001076720640089,0.0271378584259465,0.0036145256106065,0.0053335359287021,0.0011544756705814,0.0007439683661767,0.0001320206745481,0.0073753747660991,0.0007714103391609
2260,0.0007321401154851,0.0002832205332306,0.3412247173463643,0.0055038724810478,0.3379838365692035,0.003919255632314,0.0016505417036413,0.0003868902527343,0.1662746189501822,0.0040939495254448
2261,0.5235665830723091,0.0340905876198258,5.73903631840549e-05,3.3615601032010635e-06,0.1432176930323487,0.0057718160940466,0.000111553201347,2.8994594206615638e-05,0.0002135110105276,0.0001017442664645
2262,0.0007267525736102,0.000268556204185,0.6038302519432455,0.0054115262564241,0.599746755165712,0.003635532015962,0.0021412424561319,0.0003714732135817,0.3168581858904927,0.0044544299812039
2263,0.0014979030749959,0.0002802852873953,3.5040598357970407,0.0053864097402798,3.492653611831048,0.0033939370619544,0.0039629075425486,0.000387863349769,1.5051507056666238,0.0044575894947499
2264,0.0007644324097731,0.000197027325865,0.0291642849075492,0.0051051050565235,0.0226891187612178,0.002244174828075,0.0008180034944612,0.0002491296253545,0.0088249176462001,0.0013111584955188
2265,0.0007440857308202,0.0002681432751085,0.1145385989866948,0.005726073519159,0.1110602327409684,0.0040054922765998,0.0011679854255818,0.0003612392199631,0.0346856432959783,0.0026831486883694
2266,0.0007454293619274,0.0002568207977124,0.0489353694041788,0.005649898421124,0.0455772615036755,0.0032800523051844,0.0010152926587257,0.0003378107774931,0.0135636786899668,0.0019759822844985
2267,0.0007221561237422,0.0002702089578875,0.5779655116179677,0.0054384080560252,0.574283775832734,0.0037301730498406,0.0020176170792382,0.0003728911107268,0.2973257768533824,0.0044957321830126
2268,0.0007942730993541,0.0001354326522924,0.0273374541413198,0.0042850702101063,0.0142160784238756,0.0017503306651571,0.0007561730775557,0.0001677711313641,0.007295378893052,0.0010397110376432
2269,0.0015725059519596,0.0002805604200899,4.275885902499348,0.0053794421774514,4.264697542780696,0.0033824313843386,0.0041453927833524,0.000387943412033,1.75844897274155,0.0044006846014834
2270,0.4537653810476169,0.0466172376936551,0.0001088274382249,6.068827191415398e-06,0.1692027787674203,0.0040870121712781,7.531150821611063e-05,1.9235346141199245e-05,0.0002521374193175,9.25023074645777e-05
2271,0.0007629387116641,0.0002420363319307,0.0325860421928628,0.0054938436732905,0.0291257016448149,0.0027593898272756,0.0009630718362313,0.0003141003369786,0.0110729497980359,0.0017425160787822
2272,0.0009277875958625,0.0002728847964632,1.0368867176823156,0.0053796643495976,1.0319772628128308,0.0035580063883739,0.002625550928918,0.0003783920159586,0.5206828242932627,0.0046367743881423
2273,0.0007740347766107,0.0001170351489372,0.0276564766629968,0.0034478985466355,0.0062340540050815,0.0012578512681557,0.0007084064560764,0.0001437515111598,0.0073839002645131,0.0008225865614718
2274,0.0007330009462006,0.0003581004444182,0.0254401170854167,0.0033422785233919,0.0111729540272255,0.0028900792420829,0.0005970210235512,0.0004193256029333,0.0066865548081499,0.0014971886414101
2275,0.0007346776753306,0.0002809476729515,0.1056960133005872,0.0055675816855154,0.1021465411626394,0.0039312479536108,0.0011547105420746,0.0003778850672252,0.0302059259199126,0.0025866792165375
2276,0.0007602818795792,0.0002323360990412,0.033177878920017,0.0056853178032551,0.0297525704236178,0.0028468175724699,0.00096649533518,0.0002990554408691,0.0115987899615203,0.0018296843730928
2277,0.0007704598244476,0.0002242567186586,0.0299619290154521,0.0053874627358512,0.0271236049161936,0.0025631540536445,0.0008835601549358,0.0002881685363922,0.0103620857336047,0.0015510481199449
2278,0.0007530471465248,0.0003416872324203,0.0259363039825664,0.0033433949004156,0.0121060740110057,0.0029490424963167,0.0006432746241774,0.0004003823979607,0.0068111441869031,0.0015334550386114
2279,0.0007853200264776,0.000113798219978,0.0289163582708426,0.0039904711658634,0.0100612859286106,0.0014710224244719,0.0007216776720709,0.0001406913602906,0.0074956327072996,0.001000574570596
2280,0.5107866550876861,0.0391707642299517,7.397629757420185e-05,4.010959320387917e-06,0.1533550371374368,0.0052094284861937,0.0001131046262873,2.668371274712536e-05,0.0001870101429051,9.376047887333452e-05
2281,0.4742047697596576,0.0440039980108472,0.0001011068411386,5.433575517666239e-06,0.1638198180562977,0.0040141301581766,8.296238478844988e-05,1.6925151406035097e-05,0.0002218082132973,7.500683185368196e-05
2282,0.4411853265947829,0.0486470532165179,0.0001260945773548,6.768525915927175e-06,0.1827909632789096,0.0038070161405343,6.141028288738524e-05,1.6192358025207168e-05,0.000270569089171,8.455576132441163e-05
2283,0.0088016303231482,0.0012043368693542,0.1825104827612437,0.0844888462232252,0.0858022579913185,0.0259602768382969,0.0128170526501291,0.0012865329863644,0.1612731374705399,0.0774850270925155
2284,0.1263477920038134,0.0072840488727517,0.2294791086280155,0.0136065633896453,0.236747571570295,0.0616323851109367,0.0127408881384693,0.003928678958362,0.1784003832274585,0.013579940997703
2285,0.0007675841398327,0.0002456281178824,0.0282078401312391,0.0031911104957208,0.0099409441432955,0.0023123840754051,0.0005440314612784,0.0002951564999325,0.0074611064265427,0.0012139427457899
2286,0.0007754888533546,0.0001341679509079,0.0278718066966197,0.0036758931084615,0.0080817175179175,0.0014326442769077,0.0006827200311767,0.0001657839960351,0.007033377227949,0.0009259916256866
2287,0.0007901735201826,0.0001191229681604,0.0287432390274599,0.0039463470554433,0.009779181017266,0.0017208032433516,0.0007084690506847,0.0001462558391744,0.0074927706823302,0.0010570666162141
2288,0.0007462218119299,0.0002741187159207,0.0691465905355112,0.0059009048906238,0.0661371061682955,0.0040312100017942,0.0010280280207511,0.0003634142555337,0.0191222288339181,0.0021711396174791
2289,0.110825974486173,0.0059960810126021,0.1602219574766453,0.0483083525537966,0.1116734691390529,0.0578776901710714,0.0247309603663342,0.0049152056831541,0.1181470568306695,0.0479843013552928
2290,0.0007746308685957,0.0001386137621125,0.0280558726067227,0.0044748929214767,0.0142443394939986,0.001841817690708,0.0007751447390134,0.00017178221461,0.0072277875720871,0.0011397093378957
2291,0.001433474992511,0.0002774997379384,3.352012744255862,0.0053562130761522,3.341084394625989,0.0034195918955022,0.003807269409371,0.0003855808634984,1.4534864904020262,0.004482067379239
2292,0.000747809621576,0.0002604135294396,0.0369691673486451,0.0054539270541635,0.0339253566491643,0.0031584230272586,0.0009765338214668,0.000343509277005,0.0109448611572802,0.0018332468523931
2293,0.0015146770655306,0.0002691809881075,4.124468950941421,0.0053830719277093,4.113631552285341,0.0033976536123481,0.0039996058764556,0.0003750636427457,1.7199199688509248,0.0044519177876715
2294,0.0010647392058279,0.0004906317402348,0.0712542196145363,0.012297245615833,0.0164889572905334,0.0042812527744015,0.0018306663279242,0.0005632265871249,0.0191825627156625,0.0026871610602096
2295,0.0007564434285156,0.0002000889757523,0.0291429268952568,0.0043703352079552,0.0101803502442766,0.0014934970088383,0.0008208761361921,0.0002556051937117,0.00744292118591,0.0009749865390081
2296,0.0007650434289798,0.0001546359081705,0.0291492622159347,0.0037925560880844,0.0060837996677297,0.0009618716164853,0.0007341617835884,0.0001935661664258,0.007462675733373,0.0008113482948211
2297,0.004725591910538,0.0011309489925303,0.4015395604586545,0.2758118417538426,0.2216877283852093,0.0628087942613053,0.0091734491255463,0.0011858059116262,0.3110920498926785,0.1108800144840534
2298,0.0012116387668562,0.0007147673109364,0.0246907021069951,0.0045979257388771,0.0151718710208571,0.0041899812412275,0.0010658988176437,0.0007849157383418,0.0072613781270536,0.002129856819783
2299,0.0007592570849613,0.0002155981941178,0.0285122090491357,0.0053389907074112,0.0257141528893017,0.0024914898818948,0.0009172720728327,0.000276218949937,0.0098835214325328,0.0015714641312322
2300,0.0011610644233265,0.0002711679321135,1.8104930450151024,0.0053644195214712,1.8052314354404844,0.0034836359749487,0.0031689774257166,0.0003788426147662,0.8459224343230057,0.0045940340862021
2301,0.0007343237167956,0.0002817268581535,0.1316929832360223,0.0057146111518122,0.1282035457283471,0.0040484134145981,0.001222970755753,0.0003797627857621,0.0446207439229072,0.0028744379724226
2302,0.0015788202583187,0.0002842013052263,4.730972933389991,0.0053716764821714,4.719884021525854,0.0033962741931964,0.0041542382522188,0.0003930348499218,1.9220945281802235,0.0044184262948347
2303,0.0017004593471102,0.0002717564598496,4.356221996526673,0.0054922400567271,4.34193321590441,0.0034122398004342,0.0044399305325115,0.0003738497454717,1.809496116883092,0.0045204560904117
2304,0.0007320382348712,0.0002694279440434,0.1656282885296336,0.0055848887226901,0.1622199389679181,0.0039172472773369,0.0013338205179808,0.0003657125315225,0.0641400520068303,0.003165963905426
2305,0.0014207145793904,0.0002809409912173,2.9965451479051004,0.0053482717901745,2.9867247903320533,0.0034106330871268,0.0037800643150609,0.0003893831467653,1.310204418773348,0.0044515108608538
2306,0.0008840636576494,0.0002621725915101,0.9387607624214528,0.0053533478432281,0.933921768486749,0.0035673626858295,0.0025241996883774,0.000365230267943,0.478489924374127,0.0046044098271346
2307,0.0007347728279238,0.0002693803200488,0.1193730361819576,0.0057707627001589,0.1159751839374281,0.0041033190054151,0.0012054482769766,0.0003620906435404,0.0388382196736301,0.0027906802482445
2308,0.0014092630077448,0.0008814196808457,0.1946392786627513,0.0932080483565396,0.0676007852606217,0.0144162791482591,0.0031646301808863,0.0009594584879802,0.0850991733849677,0.0176134538869956
2309,0.0007882646586153,0.0001234227323041,0.027492813161666,0.0037247404269347,0.008539223959898,0.0015359433645829,0.0007021934155043,0.0001528244099654,0.0074622129085408,0.0009833112820923
2310,0.0007855503467952,0.0001763588213708,0.0290869753012847,0.0042252808665035,0.0077563642683794,0.0012513789603905,0.0007794472088657,0.0002225698742109,0.007886054918467,0.0009685325710415
2311,0.0007352118389772,0.0002645788993941,0.09220017089517,0.0057569319673948,0.0887903963732095,0.0040629512575349,0.0011133643217894,0.0003533806997721,0.026075060786409,0.0024470626778574
2312,0.5420029647681129,0.0272917073037265,5.015049822150173e-05,2.942131317488007e-06,0.1362560680025558,0.0108766536490566,0.0001642259865407,5.157472628643131e-05,0.0004100134260998,0.0001502014194726
2313,0.5258864818391236,0.0357878875178355,5.6919605789896153e-05,3.2939014196802844e-06,0.1417672633943106,0.0076144894886316,0.0001090740039714,3.2863966619258066e-05,0.0002731622992705,0.0001235178807529
2314,0.548395743700274,0.0331593082378232,4.418502061167003e-05,2.537369292448314e-06,0.1293758436620906,0.0078821352205254,0.0001072540777173,4.7510919544377136e-05,0.0003222950480482,0.000144067185016
2315,0.0007631901968442,0.0002171377217376,0.0290306416152747,0.0043530172090691,0.0158668088043385,0.0015889557135646,0.0008255165002103,0.0002774603683455,0.0077832284644064,0.001027040306592
2316,0.0007304991816666,0.0004553038842484,0.0252777134393305,0.0033299371836523,0.0141783854884837,0.0030874272011317,0.0007749567868577,0.0005259749394095,0.0067023229823947,0.0014316177823753
2317,0.0007835941217484,0.0001538646312331,0.0293343362186836,0.0047261921916528,0.0150043196265163,0.0020842475504974,0.0008040164461469,0.0001907481000998,0.0075121739926465,0.0012221774984439
2318,0.0007408709719632,0.0002785408199173,0.1331925160087015,0.0057718879406646,0.1297147107512143,0.0041221708011437,0.0012061510973582,0.0003752554612164,0.0418867203215613,0.002831517390771
2319,0.0007672056025562,0.0001863912189763,0.029313009682642,0.0044509469132652,0.0100770647416783,0.0015035525229666,0.0008353001847496,0.0002345540425292,0.0075970613634887,0.0010380535529167
2320,0.4621614311570398,0.0500955059845281,0.0001115423364535,5.91782664053484e-06,0.1665453985134095,0.0030685512642307,7.779514015014875e-05,1.4141483882030912e-05,0.0002345500345008,7.376705479993232e-05
2321,0.000718513863375,0.0003306526743692,0.026277721459701,0.0033472075847118,0.0087700593731682,0.0025892477926613,0.0006505381908587,0.0003886762961692,0.0068913748454391,0.0013615694175324
2322,0.5359490452409944,0.0324707458238428,5.530265518200212e-05,3.054706135730155e-06,0.1399276282500011,0.0070299836341202,0.0001053869040878,3.610488083233205e-05,0.0002157914125345,0.0001195067150618
2323,0.0007536928832009,0.0002748709428323,0.05371909297778,0.0058210352475386,0.0507012194173286,0.0036089150273541,0.0010045079136323,0.0003616988998248,0.0153314431924905,0.0020555955035479
2324,0.4468244887817293,0.0532154054706006,0.0001286621432613,6.664195208557673e-06,0.1805410083012612,0.0032087688978406,6.526216357446757e-05,1.485169486515734e-05,0.0002433641571782,6.724574822323928e-05
2325,0.0007798522529008,0.0001367185913343,0.029366104383863,0.0038067499636437,0.0076543052099326,0.0017371214977133,0.0006620878682933,0.0001700005270728,0.0076173301898603,0.0011717332922563
2326,0.0378794484645347,0.0037209485729554,0.2844964478722659,0.0316186201073219,0.161014048581815,0.049388722677653,0.0170631425336955,0.0031342311717533,0.2239253936673766,0.0314127346115199
2327,0.0007212647800163,0.0005070625658265,0.0287487086969454,0.0070411508028501,0.0143948458955355,0.0040481260182722,0.0008588459276127,0.0005817704133991,0.0097056746872055,0.0024457457941094
2328,0.0017034334337507,0.000263380612167,3.517424193495556,0.0055211672526021,3.504006542522406,0.0034626813336725,0.0044376901054725,0.0003629094210138,1.4963382170811863,0.0046005733468082
2329,0.002399598247524,0.000852108917336,0.1958723653624353,0.1192176695123047,0.072206674286962,0.0181451047289111,0.005249489914572,0.0009445662752368,0.1199862529212465,0.0296191529103462
2330,0.0007549261688811,0.0002122988243562,0.0289998404723201,0.0050754337319055,0.0169408212863387,0.002179117099595,0.0009061167489731,0.0002712268492787,0.0076322944378896,0.0014461193674869
2331,0.0007809626628042,0.0001868644282834,0.0280605131271948,0.0050861265633397,0.0179115733707997,0.0019963615353123,0.0008977391530781,0.0002362169987128,0.0076569566400568,0.0014008763346868
2332,0.4399661290042381,0.0479192582178983,0.0001207436594953,6.76144088505599e-06,0.1745942581614164,0.0035313657781714,6.714838494510884e-05,1.4187840767901e-05,0.000246248749569,7.018796930252519e-05
2333,0.0007783085356563,0.0002281347411008,0.0272292493612857,0.0054150300942318,0.0256334382912382,0.0025223473244578,0.0008609946782429,0.0002900233087997,0.0096036955900223,0.0015323617188526
2334,0.0010513266230781,0.0002716503926705,1.281503411539907,0.0053861660555444,1.2765833958056372,0.0035192863194787,0.002910910176519,0.0003776454588509,0.623455545564161,0.0045948875671938
2335,0.000751910997771,0.0002740920856025,0.1836389198047171,0.0058544134593309,0.1803885812941585,0.0043813651300281,0.001263226281302,0.0003698700924383,0.0646359060138359,0.0032134153731138
2336,0.0007707251409691,0.0001322573442249,0.0296737289214065,0.0041308183226589,0.0120410598876633,0.0015345838057143,0.0007516496758423,0.0001641912012127,0.0076946811786203,0.0009344369944089
2337,0.0014167249288481,0.0002724925154749,3.372887870792296,0.0054056592189413,3.362746048489188,0.0034125910268297,0.0037685093506656,0.0003801371039697,1.449035283946477,0.0044664356161403
2338,0.0007441581450641,0.0002729883842014,0.1172857965147468,0.0058998401390093,0.1138909974638358,0.0042849183296503,0.001142389684323,0.0003650355944568,0.0340178007333653,0.0026491904990896
2339,0.0007732106438923,0.0001856462629788,0.0294268233240345,0.0050620342801279,0.0185436448342595,0.00203791499006,0.0008446444146853,0.0002356910113088,0.0079005123103376,0.0013373146031798
2340,0.474012819403069,0.0461925548449277,0.0001013451782524,5.454045371378426e-06,0.164788435863062,0.0037579081494305,8.667557736976697e-05,1.7134195225127214e-05,0.00022422928837,8.021255923740565e-05
2341,0.0007262168899878,0.0002736887903206,0.3184738067720089,0.0054885114637732,0.3149619174232428,0.0037346516210325,0.0017174999716562,0.0003754675221149,0.1579225866761156,0.0039327979152114
2342,0.0007371556025925,0.0002754822374629,0.118112960701696,0.0056900603997756,0.1145975195298621,0.0041220602055104,0.0011651327576056,0.0003713250304982,0.0351589715723975,0.0026894790404937
2343,0.0015039463739122,0.000269734635096,4.220743034418019,0.0053655861075149,4.210005793492559,0.0034034876274295,0.0039727964466509,0.0003758436055433,1.7528299402228842,0.0044526307439527
2344,0.035691453869311,0.0029221593817287,0.1478788222194672,0.0723890744933734,0.1218868098002821,0.0468657670887543,0.0290090444391832,0.0028187909971792,0.1394931249530752,0.0705732349267381
2345,0.0007654836195957,0.0001616966123107,0.0293257906696126,0.0041565869888503,0.011412522391174,0.0013438432639883,0.0007485467675176,0.0002022638294652,0.0073933454993569,0.0009350011623878
2346,0.0012711069771165,0.0002712997572965,2.23023600141354,0.0053704869287867,2.225343246791077,0.0034407579783657,0.0034260900378457,0.0003773855117453,1.0183808138077408,0.0045367813413429
2347,0.5057099574523434,0.0399707995593084,7.873051736752667e-05,4.216951613611957e-06,0.1566018991756871,0.0052684275161795,0.0001083820672394,2.287365477440947e-05,0.0002023719131065,9.212645085681708e-05
2348,0.5373534837221453,0.0374131526344802,5.505298359486607e-05,2.9666566288134368e-06,0.1412166138050248,0.0062385154007221,0.0001135653944058,3.24280243362714e-05,0.0002590950911293,0.0001111182413089
2349,0.0007692328873866,0.0005634042403941,0.0593997653568796,0.024044283722175,0.017297549611194,0.0055317335938427,0.0012836825041196,0.0006463641354506,0.0225727196272664,0.005554967489752
2350,0.5227042239014821,0.0356574263521843,6.419933474446244e-05,3.5125386171555754e-06,0.1438078804547482,0.0071074679408968,0.0001101488220788,2.908323109027853e-05,0.0002758637045896,0.0001136101295102
2351,0.0007457076954944,0.0002817834317657,0.1892081647199973,0.0057266779071757,0.1857778173869941,0.0041548615951377,0.0013075765526215,0.0003806293641897,0.0686671501966366,0.0032467032040154
2352,0.0007300159288849,0.0002723156380915,0.5896059039501493,0.0054223993046136,0.5856808232763301,0.0036744334880933,0.0020990716433773,0.0003760933246434,0.3067636976632834,0.0044471355627887
2353,0.0007494690305716,0.0002678672774031,0.0718742803386815,0.0059058453035065,0.0686595823980032,0.00403478509881,0.0010493349146665,0.0003554330468646,0.0203544151475921,0.0022515131070689
2354,0.4710935400156087,0.0448504679090567,9.796348990817257e-05,5.408001370546609e-06,0.1655642339413258,0.0042944673434806,9.02987637599292e-05,1.696142439392027e-05,0.0002610752256645,9.206067127200902e-05
2355,0.0007693608312202,0.0001308652175285,0.0286185759865983,0.0036509161929008,0.00593770225342,0.0012656177880289,0.0007113050873826,0.0001625019025231,0.00739602033654,0.0008805733996884
2356,0.000793054783242,0.0001232589014324,0.0294280206365986,0.0033726111429476,0.0075648038834085,0.0015611128747888,0.0006410093026286,0.000153219243527,0.0077022532920445,0.0010743379427323
2357,0.172620936393451,0.0084624599624021,0.2561066270481902,0.0524353458766838,0.1453368856618124,0.0790256013196169,0.0231672651402809,0.006273903528964,0.2330452298176299,0.0522704714783614
2358,0.0007415788804103,0.0002765538886832,0.1122492386008723,0.0057357833923572,0.1088520502106769,0.0040837989356865,0.0011827620103335,0.0003716303034236,0.0346513980206472,0.0027218632828525
2359,0.0007608572695317,0.0002119013283935,0.0287455511657562,0.0052986552408857,0.0248429431865866,0.0023879110951919,0.0009335709547486,0.0002719049764217,0.0097901929928755,0.0015699764869555
2360,0.0007843528742686,0.0001252262186951,0.0284370804430939,0.0034041621073814,0.0076211973264397,0.0013823307041385,0.0006529153727069,0.0001543539946542,0.0073586731261672,0.000898355802295
2361,0.0007831126795012,0.0001095785673286,0.0290843647190139,0.0036141937342473,0.005375588158433,0.0010945361318752,0.0007384932470779,0.0001342294865412,0.0076045404313338,0.0008102827947895
2362,0.4752649951347469,0.0447608240756342,0.0001004913070405,5.34230251176604e-06,0.1642780826295133,0.0035450884571018,8.705535096725293e-05,1.5504041800761755e-05,0.0002385930636434,7.819363671220872e-05
2363,0.5067407227068985,0.0394158348737781,7.62651082667082e-05,4.0512090688522165e-06,0.152698512532195,0.0053359530012363,0.0001062102031882,2.2971792479814492e-05,0.0002356681549644,9.457998242238e-05
2364,0.000737853555524,0.000272132294279,0.3007498604034915,0.0055551230078191,0.2974470240473257,0.0039371131753802,0.0015690377845896,0.0003726148923327,0.1393199237013312,0.0039095332317234
2365,0.4709615379787926,0.0469882214197999,9.956578791194549e-05,5.496117757248079e-06,0.1641137456192488,0.0034521825024535,8.635684797168138e-05,1.516141288430035e-05,0.0002295912957563,7.765551117465687e-05
2366,0.0007482965076584,0.0004057375289534,0.0275823409782648,0.0046256497980488,0.0146603573778775,0.003886863663541,0.0007698476546028,0.0004731822477035,0.0085693691850379,0.0020766410536452
2367,0.0007379850088376,0.0002713008089327,0.0744261439806286,0.0056677686381909,0.0710886315380225,0.0038464976257179,0.0010723532892854,0.0003618899328189,0.0200802561297651,0.0022863153059963
2368,0.0007295163954745,0.0002711798209705,0.1277005707891609,0.0055972353711917,0.1241258085881382,0.0039302366638168,0.0012325062110661,0.0003670483276617,0.0424272463901378,0.0028423279579897
2369,0.0007367055223618,0.000273801886198,0.4057610590549114,0.005522406141873,0.4026449917118883,0.0039019197394011,0.0017441632764832,0.0003753636765011,0.2008347784663034,0.0042993801085329
2370,0.0007568696969494,0.0002488035383898,0.0288561599254307,0.0051590040790181,0.0224010489707991,0.00241058840334,0.0009360473579226,0.0003222154483848,0.0092307339201951,0.0015302936597372
2371,0.0007698880091921,0.0002072764875122,0.0276384275183535,0.0049349516782443,0.0202572271576428,0.0021778219953456,0.0008198317141062,0.0002633773078565,0.0087651134607048,0.0013253104724494
2372,0.001681583687684,0.0002689200698021,4.360970376698054,0.0054529406253401,4.348380049830239,0.0033932027713639,0.0043996291612461,0.0003711736269922,1.8096987742466573,0.0044539095369383
2373,0.002755185909449,0.001475141141469,0.2464899629548892,0.1199622077900564,0.1134355694391055,0.0499026053929531,0.0051658113703116,0.0013493494960805,0.1736145675610959,0.0653993400544647
2374,0.0007689255413903,0.0001395048388316,0.0290495076211177,0.0043202320211968,0.0136270601051866,0.0016289409059347,0.0007911010761067,0.0001720576609845,0.0073335489932062,0.0009754164991178
2375,0.0007523634555421,0.0002772948478859,0.0948390683567691,0.0057809501795601,0.0914266301982226,0.0041155547133587,0.0011046801032216,0.0003711264772398,0.0270072117444937,0.0024792209562224
2376,0.0007798515237724,0.0002658398780048,0.6347052460416236,0.0053910507292234,0.6307591296806709,0.003631520862524,0.0022749735312764,0.000367960331057,0.3344330444721175,0.0044781377124923
2377,0.0007479205799929,0.0002679981165994,0.0407627955153409,0.0055649083690203,0.0376842826360688,0.0031521607049003,0.0010079436129549,0.0003506837853759,0.012056157683338,0.0019716707543689
2378,0.0007654613877546,0.0002110532537729,0.0288417199890485,0.0040053956137871,0.0084553970984911,0.0011415200696348,0.0007712492889971,0.0002669316920901,0.0074045861325515,0.0009243334684749
2379,0.1789264028633249,0.0064773401971391,0.1660631969886254,0.0290121862849434,0.1028696075661238,0.0481159292055198,0.0162020696723803,0.0048684209401743,0.12769383296699,0.0288829481123591
2380,0.0011193506108534,0.0002689124282736,1.5450137688001424,0.0053812680053047,1.540130307183219,0.0035001592945954,0.0030673172463927,0.0003746230397933,0.7341112721462679,0.0046026315603505
2381,0.4564112194632891,0.0466746428333272,0.000115970733739,6.221816591551689e-06,0.1682378632888133,0.0037265338151831,7.3589667719448e-05,1.3922868582263134e-05,0.000253131106846,8.338472442260856e-05
2382,0.3404228625760165,0.0065178309883396,0.1736950758099162,0.0166140163908276,0.1363109927579457,0.0510189773667976,0.0126270965009243,0.0041583797876733,0.1257876486660134,0.0165844796555164
2383,0.0007766777577464,0.0001181180942565,0.0287976089657533,0.0035874710611613,0.0072660841039801,0.0013422591815315,0.0006902611752888,0.0001461356062597,0.0073530536550094,0.0008710585085784
2384,0.0234771190256561,0.0027562742277913,0.1844001685307852,0.052109439474946,0.0825580437037708,0.0360034908240841,0.0199213289403987,0.0025698123083487,0.1367145215691108,0.050749159124737
2385,0.5269828821181503,0.0287203119171761,6.255619794302063e-05,3.553799661345074e-06,0.1455004122021282,0.00928590476683,0.0001195666888357,3.340991225864976e-05,0.0003037510912699,0.0001140001092908
2386,0.0007533293772884,0.0002355788419085,0.0619591233687836,0.0060215186144064,0.0588817971172278,0.0036311331791325,0.0010107523413255,0.0003079936889985,0.0185450050803876,0.0020779343896305
2387,0.000743755015078,0.0003643135370133,0.0246949493775583,0.0033772199963351,0.012883884663201,0.0029299906439876,0.0006532990198732,0.0004267187090166,0.0069149952621741,0.0015970887878522
2388,0.0253598113490402,0.0028380592125507,0.2527695427997506,0.0663365158054971,0.1035891086596066,0.043566165946699,0.0211764727167724,0.0022125653085738,0.1645024486608658,0.0649826106463467
2389,0.4993275777518503,0.0417562891390446,8.322373777850997e-05,4.445888670799208e-06,0.1584791437128326,0.0047943754862298,0.0001070430344569,1.9795546185277578e-05,0.0002662312099888,9.419420217716692e-05
2390,0.000911754407334,0.0002729952579298,0.9653164872762564,0.0053816549316254,0.960483187901109,0.003545966984421,0.0025901529014128,0.0003788590990315,0.487537249765244,0.0045944072855171
2391,0.0007331923648623,0.000275537903652,0.6660796918160093,0.0054010898364144,0.662029639926908,0.0036677421095367,0.0021428538490957,0.0003795905493375,0.346866886783478,0.0045632240374103
2392,0.1578897109778385,0.0058219986176275,0.2535298173689601,0.0345749533797413,0.1035080745339024,0.0496421608276822,0.0178824573019619,0.0042168587589461,0.1990024290411446,0.0344236853649815
2393,0.0008050858636965,0.0001271405768503,0.0248965587203821,0.0033604471593082,0.0062911042086219,0.0012672010909649,0.000723734960954,0.0001560501573301,0.0065861131529588,0.00073978181651
2394,0.453741672997402,0.0480181418234419,0.0001078448827736,6.202248298029812e-06,0.1675524695398133,0.0041863707663099,7.561921671804447e-05,2.016946036676714e-05,0.0002506179346488,8.592665620626306e-05
2395,0.0007441443630339,0.0002748139566132,0.5331300031048997,0.0054890954055142,0.5295233187978556,0.0037257949663412,0.0019920670360507,0.0003787565943011,0.2709131557553762,0.0044479448770834
2396,0.0014378783106486,0.0002738658131434,3.247425257195872,0.005394039322603,3.2373258692578286,0.0033996386253184,0.0038213367210021,0.0003808129611279,1.4011135435788022,0.0044285237906789
2397,0.0007468994232738,0.0002579154135782,0.0313075640688854,0.0053920468487944,0.0279211604206253,0.0027912609560998,0.0009389500902504,0.0003362519776409,0.0106323536664521,0.0016655708000385
2398,0.0007242748259965,0.0002782153679138,0.3610383829626112,0.0054872343806991,0.3577355572811517,0.0038511395338762,0.0016962392122211,0.0003810301652584,0.1785326076321847,0.0041582127786289
2399,0.0007559144257653,0.0001976505202879,0.0290807217114862,0.0048787406573503,0.0196366878930094,0.0022081277917304,0.0007924289831932,0.0002517481639364,0.0076876867885989,0.0012155173955629
2400,0.0007720751590757,0.0001819351199264,0.0293966483917882,0.0038426344835337,0.0107567794104056,0.0010135408096148,0.0007621273931263,0.0002290091826898,0.0078568045491287,0.0007888274283138
2401,0.000740271068893,0.0002799052255049,0.5079361444100315,0.0055107666803853,0.5045485125796321,0.0038056828826923,0.0019436002364092,0.0003846843201051,0.2592822837510956,0.0044401385134141
2402,0.0007398003811191,0.0002853577872303,0.1079303917034221,0.0057982850918897,0.104426564745081,0.0040507789504626,0.0011699385148078,0.0003813253065695,0.0316960584454834,0.0026344172491143
2403,0.0007413838177677,0.0002702058903726,0.0753025742420274,0.0056547687825555,0.0719674196571048,0.003807034910726,0.0011083329683039,0.0003607560083137,0.0217377917120607,0.0023964862118674
2404,0.0007848477551231,0.0001267080378599,0.0291666639947186,0.0038802229484911,0.0071028827984033,0.0014284295212158,0.0007071269969207,0.0001570546816812,0.0075680001839322,0.0009727878841753
2405,0.0020605605939591,0.0010619016536106,0.1992307916833774,0.1183838005305801,0.077431589135087,0.0237594892231787,0.004461280371145,0.0011130632195422,0.1118188796438886,0.0308785324764626
2406,0.000744592433546,0.0002519594743051,0.0337369976813992,0.0053399123816403,0.0304166444533685,0.0029528776156225,0.0010062283195435,0.0003337772518824,0.0099134349121832,0.001897883948662
2407,0.4902586478577375,0.0416272522546267,8.066046907986103e-05,4.667765776191261e-06,0.1568264915156006,0.0044217074589265,9.426745551389009e-05,2.2809264756651367e-05,0.0001685962111028,8.231620130793064e-05
2408,0.5278486404291561,0.0387903383590556,6.109531516037615e-05,3.311051498565007e-06,0.1425231212305489,0.0047923213857945,0.0001089325551348,2.724539816045825e-05,0.0002180456608956,9.797820151323584e-05
2409,0.0007684222172628,0.0001551434204585,0.0282443532337328,0.0039302821743525,0.0089072093350153,0.0011004047556938,0.00074779552426,0.0001946605162824,0.0071038880693808,0.000837318146934
2410,0.1545619168565127,0.0059823013297195,0.3468098882623139,0.0330186009062884,0.2169874844674123,0.0475967110059825,0.0161247233831614,0.0046742354848749,0.2974652730231251,0.03286796543362
2411,0.0010948926403364,0.0002621299543168,1.513858613118238,0.0053777257987253,1.508760925993349,0.0034989623289255,0.003010834243696,0.0003657289434874,0.729130320693922,0.0046455530379277
2412,0.0007725518237388,0.0001540549166209,0.0274381810216542,0.0035955629342437,0.0076421794290715,0.0018204702826867,0.000671440106847,0.0001883488373906,0.0072956374028588,0.0010427526785843
2413,0.0007379541835849,0.0002690615720269,0.2383981803900817,0.0057107089599738,0.2351736782753204,0.0041195974667654,0.0014220656160313,0.0003656942843773,0.1000624975134562,0.0036304620404648
2414,0.0007307653789745,0.0002712589181323,0.557928883248372,0.0054641206389089,0.5545014333343591,0.0037559437255042,0.0020203970678968,0.0003735140371733,0.2819498466869282,0.0044878522648333
2415,0.0007609561934308,0.0002297863043718,0.0284340561776799,0.0052845261194436,0.0222513462329281,0.0024112257645825,0.0009170139688375,0.0002961625817337,0.0095374284298467,0.0015882045027518
2416,0.000760155881741,0.0002421006664505,0.0286078976654024,0.0052474979391427,0.0248391336826227,0.0025685187446136,0.0009313425931373,0.0003135521980554,0.0097925004372419,0.0015594964242463
2417,0.0007318973053162,0.0002752096088239,0.5648235944549964,0.0054585867989038,0.5610674709606716,0.0036899807582883,0.0021174744349482,0.0003796454256036,0.2955782019271282,0.0044530543632141
2418,0.000789388943555,0.0001251973613916,0.0289960611551482,0.0037270479094382,0.0074558124214803,0.0015763732888121,0.000707991274096,0.0001536331333453,0.0077390742274494,0.0009799803419639
2419,0.0179286151990817,0.0020028380352021,0.2727995395997134,0.0652897838962291,0.1074128752595376,0.0391278319951042,0.0195524013178599,0.0019641198050358,0.1663249904659993,0.0627306906116433
2420,0.0007757506927931,0.0001777836311179,0.0285665261490233,0.0044686145572525,0.0121887485655738,0.0016049220576253,0.0008016010836297,0.0002237980848809,0.0075664731453655,0.0010785474624522
2421,0.0007853835405695,0.0001361940510359,0.0285175273631327,0.0044126397022445,0.0136895281837727,0.0016846048809532,0.0007882941921675,0.0001689685863962,0.0074238944132606,0.0010450609741447
2422,0.0012253131767637,0.000275662239893,1.8611833996865748,0.0053344614393636,1.8563795430580647,0.0034619291655936,0.0033168185970362,0.0003824764744555,0.8697371373474041,0.0045513850587512
2423,0.495681311468627,0.0424299958795149,8.482837456601682e-05,4.664461452854435e-06,0.1594855238779653,0.0040528379835449,0.000102843274577,1.8258568179803516e-05,0.0002338003684806,8.627175335632448e-05
2424,0.0057419982245685,0.0011176395423845,0.1439918864483318,0.0938364243209772,0.0554011544843938,0.0243137954655452,0.009114748553387,0.0012053167678584,0.1301327110392472,0.0794767383490756
2425,0.0007487044066397,0.0002439783034675,0.037911650791478,0.0056251826201797,0.0339366021730071,0.0029898466154737,0.0009922261086563,0.0003163562698874,0.0126250154272834,0.0019316127515773
2426,0.4400899014857592,0.0494716186077765,0.0001192119704273,7.078822188728627e-06,0.172384371058325,0.0033899572973592,6.916792284857402e-05,1.4846237150232636e-05,0.0002357916226083,6.676992966599974e-05
2427,0.0007416516702647,0.0002848749914123,0.4644720742667736,0.0055607599811221,0.4615008370300423,0.0038954537634204,0.0018518208769188,0.0003891447325516,0.2335416905785932,0.0044915186839984
2428,0.0019890788855551,0.0002706145370201,6.771596131814047,0.0055486505789952,6.729638379096572,0.003534022584324,0.0051250139383427,0.0003717920602222,2.587833320155555,0.0047385087262554
2429,0.000781194771806,0.00012392620715,0.029513073565893,0.0034295854173757,0.0084130877947666,0.0015041695119398,0.0006438386990604,0.0001526610565831,0.0076759008392675,0.0009810642026037
2430,0.0007612830803222,0.000219879335812,0.0269724404511826,0.0032099670388169,0.0091774826784818,0.0023559625747417,0.0005290248679026,0.0002661343798912,0.0070609618154605,0.0013619133474665
2431,0.0011050744017182,0.0006705644678208,0.024708188035095,0.0048539647720901,0.0148450009854753,0.0039640992094699,0.0010658079891937,0.0007401110162027,0.008410697000462,0.0020504905272578
2432,0.1269984791762236,0.0074018010169343,0.1577097954435766,0.0134867242763566,0.1372687745037739,0.0650473506141347,0.0121348858533562,0.003989840203631,0.1132481582532228,0.0134588138679326
2433,0.0007432435176842,0.0002677147108799,0.0413888210356782,0.0054895119432978,0.0384256801976089,0.0032872225834349,0.0009705902133203,0.0003533679962992,0.0117730459985629,0.0018574427407746
2434,0.5273983744728817,0.0384423225713256,6.222782190745614e-05,3.4014242634647435e-06,0.1450003400526802,0.0055993361579674,0.000115436265819,3.0219518108449027e-05,0.0002454088061313,0.0001081928621727
2435,0.0013767565497721,0.0002736029535958,2.822501889302941,0.0054124049647487,2.814167314053061,0.0034160042014322,0.0036755659604802,0.0003810114142541,1.2470546395611275,0.0044560591035546
2436,0.000744010041162,0.0002549365402349,0.0708723965259271,0.0057703614732751,0.0676614233784141,0.00380789631426,0.0010561032014023,0.0003390693429609,0.0193480120082012,0.0022301696581845
2437,0.0007361790071412,0.0002719001994922,0.2178265100512068,0.0055975363668613,0.2146240587200348,0.0039591093939948,0.0014726296606668,0.0003709948954505,0.0980220151631847,0.0035794958944183
2438,0.0011155739266147,0.0007595545227423,0.0226876697942375,0.0047566661410181,0.0174678928513357,0.0042908206312608,0.0011668434147798,0.0008282075447048,0.0074862801164436,0.0022960864393455
2439,0.000748914392747,0.0003479350465523,0.0260755135863704,0.0032673172069417,0.0118232950546947,0.0027536347723301,0.0006122610904814,0.0004092603536984,0.0068369340037811,0.0014251870255036
2440,0.0016454682885579,0.0002769879816224,5.528450678159835,0.0053879395208879,5.5175123024839445,0.0033929572036248,0.0043135379896208,0.0003850725388398,2.178216688608873,0.0043991969076265
2441,0.0007316291731613,0.0002542886938728,0.0270488325537973,0.003513330653439,0.0110485131983622,0.002321296700233,0.0005934409943892,0.0003028276809296,0.0070413966866754,0.0012850917655283
2442,0.0007330728886387,0.0002778373993776,0.4683043745606504,0.0055585466535246,0.4653859184306153,0.0039128037614267,0.0018409586163531,0.0003799026867749,0.2369847735199571,0.0045502505342631
2443,0.2175602384623468,0.0067258924260655,0.1747278120760799,0.02286560323204,0.1352909583125831,0.0403865370112414,0.0144108203628789,0.0046365851920668,0.1223405881196065,0.0227940078399287
2444,0.0007499213181694,0.0002452951852575,0.0349867830614423,0.0054796475509195,0.0314826497157564,0.0028563450387777,0.0009551359054917,0.0003173385977737,0.0117434117379658,0.001750400107899
2445,0.0007764415318732,0.0001328630813371,0.028590316181964,0.0041636120791748,0.0092862033195621,0.0014884849145787,0.0007674512959144,0.0001649636597403,0.0073843700211376,0.0009327080523113
2446,0.0007911147225428,0.0001139028122472,0.0289832848312493,0.0036639196666818,0.0064944472765479,0.001170951978036,0.0007091324940723,0.000140575108882,0.0077318591044775,0.0008542880626335
2447,0.0021854307010031,0.0015844722917328,0.2977459232850278,0.1559289087491088,0.1553452158955549,0.0417048047160673,0.0040266889974245,0.0014145450957596,0.2096308101727171,0.0565009972503229
2448,0.5402806477245711,0.0316531002454897,4.385817589264285e-05,2.747739401991446e-06,0.1323403925283064,0.0083233392140798,0.0001072920428094,4.6572346374899446e-05,0.0003380266832623,0.000148535631244
2449,0.0007319501460889,0.0002687665466977,0.1089261448409315,0.0058311536839894,0.1055120788401769,0.0042115430429941,0.0011221640086548,0.0003604369853407,0.030412203045413,0.0025495475402741
2450,0.422569136731535,0.0501545104032509,0.0001662922690628,8.274984285088472e-06,0.2223094378505763,0.0037041803227807,4.980306706783297e-05,1.3245831059655002e-05,0.0002689803191645,6.642265385759159e-05
2451,0.0152547447595581,0.0021073680733894,0.219868832178167,0.0650306813284535,0.0934445232156603,0.034958834362839,0.0167778456090039,0.0020415784426145,0.1845330374952264,0.0623395825882437
2452,0.0007853367661797,0.0001274241047269,0.029318211962295,0.0037501150815367,0.0112413779962498,0.0021151436530103,0.0005915921071047,0.0001576191162003,0.0075900132703135,0.001229697273698
2453,0.0007887062665541,0.0002375924369645,0.0287351560660505,0.0033489141961956,0.0102190225574579,0.0022922057902166,0.0005461786079033,0.0002867822683453,0.0075516875636369,0.0013265143696378
2454,0.4154028477679898,0.0538136150808801,0.0001726728978951,8.600382983028775e-06,0.2301644162669539,0.0032393117533006,4.473903773155874e-05,1.214664182767305e-05,0.0003003963464983,8.007815194257875e-05
2455,0.0012650777755311,0.0002689170334745,2.110677436500319,0.0053622235526281,2.1060682049942376,0.0034368705856984,0.0034116913045831,0.0003741214091226,0.9771646038281672,0.004478915645786
2456,0.4821065153249037,0.0397923215526253,8.495073252933307e-05,5.0050472328280185e-06,0.1611929968230175,0.0038739732435958,9.059317177047376e-05,1.8522428541387624e-05,0.0001960484726479,7.270578646110306e-05
2457,0.0206339089296427,0.0020764063281853,0.129839727342449,0.045691278489968,0.0712535435285218,0.0282056136481867,0.0185227380171463,0.0021125182409684,0.1043262803910801,0.0439701037121087
2458,0.0014090371914576,0.000275324012264,3.05030012853266,0.0053704399384977,3.039973685484532,0.0034022120628389,0.0037538833045846,0.0003821244513508,1.332359674903776,0.0044673477092814
2459,0.0007735585335932,0.0002028091972106,0.0284209833275464,0.0043909272308632,0.012503054467225,0.0014796014682697,0.0008199593041257,0.0002573346012437,0.0072600142458451,0.0010046732603495
2460,0.0007779949895773,0.000176313281931,0.0290020346817327,0.0047088583412215,0.0181956818154949,0.0017064091834798,0.0008210610209191,0.000222348104947,0.0077788165620243,0.0011320428798824
2461,0.0007231079019983,0.000471051787484,0.0277876824290616,0.0048742931118789,0.0140231954408711,0.0040428064161167,0.0008041233080534,0.0005420262594012,0.0077203480962417,0.0021937797901993
2462,0.0007448734140085,0.0002726995658658,0.0690630886467259,0.0058581330732718,0.0660792654026623,0.0039078857358676,0.001045113336625,0.0003597922155559,0.0196405233618669,0.0022280090910049
2463,0.0007363386473349,0.0002722142031122,0.4277823021878726,0.0054547649580017,0.4240414425840333,0.003705160243191,0.0018624294791622,0.0003743923348876,0.2153220892704856,0.0041737980907996
2464,0.0007318472360139,0.0002661932478417,0.3817428235790664,0.0054239288129363,0.3780649269974586,0.0037068268884542,0.0018259326188364,0.0003670230730146,0.1901347158897347,0.0040587420177585
2465,0.0007518509928923,0.0002755356416589,0.0621109753507788,0.0057614236832055,0.0588685458657928,0.0038057181871224,0.0010456069710558,0.0003648325605239,0.0176286753847998,0.0021773992630135
2466,0.0007342291473234,0.0002729532763436,0.1831903944453518,0.0058757000712134,0.1798249261170057,0.0044066662841428,0.0012511907980506,0.0003681366844572,0.0626882014514487,0.0031699343260602
2467,0.0007672426560862,0.0003424876095818,0.0281206746721033,0.0033627769740734,0.0128400480594912,0.0026795997084743,0.0006115001463942,0.0004023682137001,0.0074773481671652,0.001253294986028
2468,0.0007551770731963,0.0002801986965848,0.1389505240052402,0.005932804365283,0.1355949845162849,0.0044058957597084,0.0011835171183926,0.0003763824366039,0.0432029230922579,0.0028640700272913
2469,0.000775776565698,0.0002330469751006,0.0278197786167103,0.0053078200352456,0.0237570850304723,0.0024835247772376,0.0009387580067277,0.0003001563483412,0.0095835062131495,0.0016374757895673
2470,0.0265849067582168,0.002094353509103,0.2268513328212164,0.1238875335493489,0.0688537690432772,0.0248292718223041,0.0313459046304715,0.0022444811687417,0.2184813669960398,0.1173527827110623
2471,0.0007498826643201,0.0002605378211578,0.0347202502932373,0.0055256565242571,0.0312882018353539,0.002944127309267,0.0009171658614132,0.0003374563591313,0.0118018359986791,0.0016831882417557
2472,0.0007463220589727,0.0002552700121658,0.0783822805563331,0.0059859516075347,0.0751915215580855,0.0040614506034626,0.0010524136951963,0.0003386377076667,0.021905644164172,0.002281775557624
2473,0.0013351031959847,0.0002762168640392,2.538973807356524,0.0053740942555749,2.532134044030087,0.0034206639323665,0.0035783640138571,0.0003839060864307,1.138262367209821,0.004498446845388
2474,0.0007642828814753,0.0004954723166707,0.0268396253946925,0.004617561587192,0.0127494032998883,0.0035589465233846,0.0010447459353894,0.0005664109264924,0.0081721463626594,0.0019073535126613
2475,0.4911259227781765,0.0404612947999684,8.613145006308792e-05,4.772523758159329e-06,0.1603771020751418,0.004985186830861,9.880285278676789e-05,1.8924558837837548e-05,0.0002163440993635,8.793080351788025e-05
2476,0.0007288461914092,0.0002823069230038,0.2168887602533942,0.005533390129529,0.2135892164874409,0.003866262996655,0.0014943332154527,0.0003833984789702,0.0973796497273914,0.0035514635517134
2477,0.0007339534722867,0.0002754246695598,0.4189078134937453,0.0055425954421752,0.4157982126665288,0.003892152402306,0.0017590679068966,0.0003770250772146,0.2051475699910754,0.004347338027873
2478,0.0007387998892593,0.0002784880452791,0.2137924166478792,0.0056540231466026,0.2103926351284076,0.0041195161185544,0.0013573244612563,0.000377101863627,0.081061079617529,0.0033873769128125
2479,0.0007639053168405,0.0001908327186774,0.0290060337811378,0.0050450419128357,0.0204172601956285,0.0021133885492501,0.0008439516596315,0.0002427956778704,0.0078423461463233,0.0013382251740762
2480,0.000753085358722,0.0002422912188123,0.0321350144124921,0.005494143573319,0.029216664447249,0.0028421147539094,0.0009545529472274,0.000313570841515,0.0108206406324111,0.001728091147485
2481,0.0068249577021862,0.0013545675056039,0.3675841906759343,0.1549157272355611,0.1423162183619397,0.0503508779885543,0.0105562320260503,0.0013652729294377,0.2714093262272436,0.1266601853993966
2482,0.000731783094346,0.0002691126966293,0.082997663358822,0.0057664910323591,0.0795006454932938,0.0039298291613384,0.0011314924986598,0.0003587737316892,0.0249005461247642,0.0024585218741938
2483,0.001144059901232,0.0002677786885419,1.6613153209766434,0.0053471762110048,1.656099502066221,0.0034730846677449,0.0031300723919092,0.000373356771555,0.7844144340691381,0.0045977328017619
2484,0.0016137908362211,0.0002729825902985,4.567402086580394,0.0054095442968962,4.555600824080576,0.0033786916567038,0.0042449810753479,0.0003785380261867,1.86002586019026,0.0044113486562712
2485,0.000758591970796,0.0002000924487478,0.028525979794362,0.0049963283127594,0.0168730763647252,0.0021462780938728,0.0008730562115176,0.000256493572903,0.0074797268505525,0.001360341947452
2486,0.0007443200108383,0.0002836461126529,0.2286542469784474,0.005543407939911,0.2252378907592407,0.003934102574993,0.0014485791293288,0.0003865691906751,0.1001604472035933,0.0035658974397497
2487,0.0016277090701463,0.0011694734696988,0.3705028224214942,0.1541452926045799,0.1564016337453025,0.0240815444476595,0.0027786907270173,0.0011270602199306,0.1772140637177675,0.0270027403825375
2488,0.0007822628582415,0.000165576439796,0.0287896740028656,0.0043698550726159,0.0138025321834599,0.0015955304903863,0.0007880510999145,0.0002072900773019,0.0076020517721517,0.0010419579229511
2489,0.0008028364865306,0.0001336159638139,0.0281032968104545,0.0036666296289707,0.0077230406479442,0.0016686236568006,0.0006861277587858,0.0001640168821239,0.007421091879969,0.0010174203916747
2490,0.1005384570840526,0.0058160474626538,0.3180255690117631,0.1083827763746542,0.1949630699289527,0.0791857898376754,0.0471411807785093,0.0052341255915163,0.2808697313618757,0.1067331497129445
2491,0.0007383274140628,0.0002796356970533,0.1693779380133522,0.0059161801564543,0.1658772900244118,0.0044285747743733,0.0012186494079614,0.0003763973112648,0.053837215519084,0.0030201498339277
2492,0.0007459184890513,0.0002705886487913,0.0906362666237941,0.0058904576078219,0.0873861359858947,0.004238449890593,0.0010723974289546,0.0003593370137333,0.0243378050209891,0.0023633521518259
2493,0.0011662277275187,0.0002608392436585,1.5885020033322583,0.0053541360319314,1.583518250490963,0.0034563655080053,0.003186378702493,0.000365762710238,0.7582167606059979,0.0044665969636086
2494,0.0010889602841804,0.0002752705307402,1.4436139632376934,0.0053629866990927,1.4383330649894706,0.0035025252250304,0.0030013927968775,0.000382936339763,0.6933121658099224,0.004596488158833
2495,0.0007523591866853,0.0002706342961305,0.1075094758196938,0.0059526725255543,0.1040048309371446,0.0041525214789205,0.0011355674141125,0.000360894409815,0.0299094597182109,0.0025699068995497
2496,0.5165827519065097,0.0360970059522657,6.405805756358214e-05,3.7010481444969216e-06,0.147988185166581,0.0062909846860265,0.0001162548633879,2.5689203942909887e-05,0.0002589223007811,0.0001089012281285
2497,0.0007680563912979,0.0002048981916968,0.0284692999642843,0.0050643694840209,0.0202865506270408,0.0020837381677786,0.000840489891095,0.0002589486265911,0.0080745226384314,0.0012925823058834
2498,0.0007730194183168,0.000198912395342,0.028997009186571,0.0046041853041335,0.012694441475226,0.00160259431824,0.0008462680802768,0.0002523147308331,0.0076864078615785,0.0011349081047902
2499,0.0007348634078372,0.0002790046496636,0.2075177905055479,0.0055613798501625,0.204119017373013,0.0039401858546973,0.0014431791344328,0.0003801214527021,0.0907054505254101,0.0034990234300564
2500,0.0007699564792541,0.0002361907343914,0.028265586800083,0.0052493711199628,0.0249804157894286,0.0024233880857976,0.0009277956419688,0.0003044069382063,0.0097882899457468,0.0015483327068849
2501,0.0007802316581339,0.0001284067065079,0.0291269698316904,0.0037283372279316,0.0068841884933305,0.0014999666979589,0.0006846690317445,0.0001588317408491,0.0073212122183159,0.0010077893537316
2502,0.0015418944789904,0.0002738933628319,3.9714648711204954,0.0054305737617104,3.961974174347663,0.0033883627388236,0.0040730354003813,0.000380830901267,1.661570641116494,0.0043863684613553
2503,0.0008704831084824,0.0002725632795997,0.8954492487998903,0.0053829177694188,0.8906184901916823,0.0035745082531078,0.0024935787556901,0.0003784554499853,0.4633773455759118,0.0045927378128499
2504,0.0007635657464948,0.0001828578369441,0.0292337809977541,0.0042389859429184,0.0114233923754017,0.0012970206743035,0.0008077866852657,0.0002316146234296,0.0077140418564449,0.0009734763914693
2505,0.0007497623809319,0.0002721592138024,0.0639582670125672,0.005741290051164,0.0607530622873943,0.0037591594528992,0.0010430791183242,0.0003605374854818,0.0181640354442163,0.0021867392726915
2506,0.2103536412533817,0.0069316570843039,0.1856172949980362,0.0124851028843218,0.1665580161429867,0.083654358235305,0.0093651593837836,0.0035253549346312,0.1416030953546991,0.012456186363286
2507,0.0320582084995072,0.0030809956241238,0.2562372290052385,0.0317106612194858,0.1104734375254434,0.0481403724728572,0.0171220898247208,0.0026192243330766,0.1232327021652096,0.0314538942379346
2508,0.394260755016117,0.0583314428948742,0.0001832877404627,1.0018735190137443e-05,0.2470275087926862,0.0038136236320111,4.291239641117836e-05,1.5719385037201666e-05,0.0002880962778832,7.436984229912721e-05
2509,0.0007375550587206,0.0002509767187742,0.0835329384897941,0.0061047455820827,0.0804374582366787,0.004212732313043,0.0010489106348702,0.0003320592736786,0.0232499606775348,0.0022739033342675
2510,0.0775099494119244,0.0041881714774807,0.1739979998662965,0.0647213959333068,0.1252483406709771,0.0572539774310082,0.0334195969723597,0.0038663158296536,0.1717982754567532,0.0635827726057294
2511,0.0007337578222177,0.0002614937780969,0.0701560140962954,0.0058031249668385,0.0668755498512529,0.00377055018918,0.0010747916913448,0.0003461203410785,0.0196393475144528,0.0022723780036943
2512,0.0007630364367718,0.0002363524535634,0.0378138773383565,0.0056416688533323,0.0336407336406115,0.0028907430369278,0.0009574096967864,0.0003056738216209,0.0129530149485658,0.0017913455879473
2513,0.0007282700170639,0.0002725979567643,0.5976516622632965,0.0054075615216546,0.5939929994770664,0.0037062005273867,0.0021079959560504,0.0003760605199086,0.3129368822243419,0.0045498415115965
2514,0.0007394373093786,0.0002764036384338,0.1076824922635448,0.0059254611912318,0.1042546599359413,0.0042037514106044,0.0011379418086347,0.0003674505906228,0.0310346435047408,0.0025765528920747
2515,0.000746880013036,0.0002695373903628,0.0341679608265312,0.005529364681846,0.0316089423005318,0.0030801804514799,0.0009449276349642,0.0003519074122479,0.0108364841925188,0.0017520318869104
2516,0.0007954622390171,0.0001377285205101,0.0269046639360929,0.0036560706087136,0.0098219281797137,0.0020312677321841,0.0006191018447799,0.0001702796051909,0.0071985655180052,0.0013358123555891
2517,0.0007454526523524,0.0002620463041556,0.032322661692206,0.005355364357446,0.029361084919599,0.0029435132276122,0.0009871811607596,0.0003430579232138,0.009738530473532,0.0018315442942243
2518,0.4206427715361729,0.0584951916085218,0.0001674985886944,8.41330939289307e-06,0.2238071630543078,0.0038351707154764,4.742461540771498e-05,1.785327441863001e-05,0.0002690253769293,7.202745072121555e-05
2519,0.4226849471606142,0.0498532312902538,0.0001435678068176,7.922767467999286e-06,0.2079340724921341,0.0043079870453604,0.0001084467019526,1.529717785423377e-05,0.000327195563948,8.233540883251963e-05
2520,0.0007456470148309,0.0002657029149749,0.1461644343010934,0.005712910802757,0.1426223993228227,0.0040485876325848,0.0012483462597376,0.0003598853504196,0.0495098211142345,0.002963724945743
2521,0.0015050987177,0.0002794770897601,3.803108724113049,0.005367090139334,3.7932738903163687,0.0033997383607418,0.0039780110741914,0.0003872693765955,1.607789881565946,0.0044103221630642
2522,0.0007361525156566,0.0002800436092705,0.1698955722642819,0.0057020195942806,0.1664821255945074,0.0040994958174972,0.0013079680339555,0.0003770955037952,0.0622884783028447,0.0031691152231638
2523,0.0007607946874836,0.0002154731972879,0.0289292408417092,0.0053151180814596,0.0237819098831941,0.0024628369840195,0.0008883987731646,0.0002767404072575,0.009616663896095,0.001509036108224
2524,0.0007372227983415,0.0002798417923696,0.1318954657593321,0.0057114803542398,0.1284806874263744,0.0041609864784421,0.0012029019249377,0.0003768894417216,0.0420770327729744,0.0028323254688515
2525,0.0013327701706327,0.0002757246268841,2.6733859306623926,0.0054188810453028,2.666228294721708,0.0034300002375727,0.0035718864667734,0.0003841285326547,1.1949714505407978,0.0044994380351205
2526,0.000783418968079,0.0001407831796301,0.0294926280653764,0.0038790082572131,0.0073015703701322,0.0017999078738735,0.0007066668415242,0.0001732249800453,0.0075753486031915,0.0010557957765255
2527,0.0007739874972037,0.0002254329166314,0.0275560423727259,0.0049884993702765,0.0171344410057734,0.002017927884682,0.0008890379419184,0.0002882062159146,0.007514357789578,0.0013599256303541
2528,0.0007721443258509,0.0001676185534547,0.0283440749811899,0.0048712058839852,0.0182292414227127,0.0019322552301141,0.0008267366028972,0.0002109404299637,0.0074361670719026,0.0012395507207263
2529,0.0007516149318185,0.0004195539203552,0.0281158347354118,0.0073724549394658,0.0150687715583927,0.004453002728615,0.0010699121592619,0.0004860052956996,0.0102319790041031,0.0027791899206473
2530,0.3890104322856217,0.0638733306777763,0.0002324912748561,1.1195826461839903e-05,0.2654358165852069,0.003268949097517,3.677822637597509e-05,1.3317076891041394e-05,0.0002940787152915,6.883160127964277e-05
2531,0.0007611836356485,0.0002038143983924,0.0288005226328723,0.0050127135192786,0.0182745610262313,0.0021907416712619,0.0008303292681661,0.0002597388910775,0.0074912847302634,0.0013253230347522
2532,0.0007763958392395,0.0002573441490821,0.0286067672185316,0.0033027581804217,0.0092587186355029,0.0025303013031177,0.0005051428972892,0.0003094446992092,0.0074040726130686,0.0013931349750248
2533,0.0007555830109898,0.0002449718782802,0.0281535186647445,0.0046031958972453,0.0137266960193188,0.0019882740589069,0.000885409496613,0.0003179633993054,0.0074130647142049,0.0012177198381272
2534,0.0007678248824893,0.0001501798135242,0.0286468000515395,0.0039156185970819,0.0062823909830509,0.0011539910316394,0.0007319502965397,0.0001882378371809,0.0074896753557808,0.0008377378930681
2535,0.0007360022448566,0.0002769591428858,0.1798523606334874,0.0057026889275276,0.17643833168602,0.0041498946255527,0.0013000040408856,0.0003749861172404,0.0679062718067708,0.0032141626413429
2536,0.0007666971606536,0.0002272024726024,0.0298788809666143,0.0052394631973117,0.0267208324700651,0.0024602385238366,0.0009010206754632,0.0002922154380467,0.0101960496354956,0.0014829675455134
2537,0.0007757009223844,0.0001651131811215,0.0281253441570472,0.0046588892582834,0.0162648592743805,0.0017425855631343,0.0008146764896872,0.0002083406940186,0.0073472580601456,0.001120036876188
2538,0.0007857143887305,0.0001151558094884,0.0288474702969076,0.0034719287663469,0.0091209140994713,0.0012871753213898,0.0006769567074197,0.0001414187603832,0.0076365007819202,0.0009220025158508
2539,0.0007551553917423,0.0003350635655906,0.0244092196973505,0.0038096685548821,0.0121914029005113,0.0032078532554289,0.0009423569651264,0.0003948165374152,0.007509717761315,0.0018552001800362
2540,0.0617575858072756,0.0041873190071488,0.1457124637289308,0.0757573200755014,0.1150104057608646,0.0543345177579618,0.0350791050424592,0.0039705059674562,0.14118895714881,0.0744469311406245
2541,0.1888759723291951,0.0373337618642955,0.0002303964478843,2.935632344141489e-05,0.5446914738754867,0.0046991682314667,2.7444166889683625e-05,8.754370333864113e-06,0.0002553592488106,7.285427806508419e-05
2542,0.0015878064595256,0.000279465746349,4.714756340168716,0.0053799819071269,4.702751656718221,0.0033892017988875,0.0041789130412734,0.0003870384372623,1.9169980785635892,0.0044282019695877
2543,0.000773631712845,0.0001108081183131,0.0279613076943534,0.0050583677317158,0.0212800299796765,0.0024134298411571,0.0007750607050895,0.0001361559673265,0.0071913865108043,0.0013214567857481
2544,0.0007328895949783,0.000279348632379,0.29532659483002,0.0054930957740654,0.291881871208705,0.0038727776225455,0.0015709406901395,0.0003814779692917,0.1364169914231259,0.003845656861044
2545,0.0011179009583292,0.0002692042525568,1.4734089595225466,0.0053978803559085,1.4685371429959035,0.0034962566407503,0.003063963436837,0.000374905056367,0.7043735127198936,0.0045910288110487
2546,0.0007448788771517,0.0002703352001162,0.4432223819667312,0.0055041251400425,0.4397656255636247,0.0038119011474555,0.0017893225854785,0.0003721392007966,0.217096193224891,0.0042974019465937
2547,0.0153292713952807,0.0018912626086595,0.3163059778970956,0.0793524448273792,0.2049080918864949,0.0396011126686061,0.0176253769982798,0.0017510888121338,0.2688320003529085,0.0746539271674536
2548,0.4447882220783886,0.0519284703734382,0.0001291258894922,6.876088665550959e-06,0.1832651646894025,0.0029362272520726,5.904286534229027e-05,1.2850459877663108e-05,0.0002534761298713,7.308944134499595e-05
2549,0.0007324179925992,0.0002841578603751,0.1778774292811755,0.0057419294952277,0.1744891322256136,0.0042465149824684,0.0012784170449714,0.0003846101458201,0.0646358970507671,0.0031812848343214
2550,0.0007768843241108,0.0001623084173196,0.0280939174232568,0.0043012811496674,0.0104109928254579,0.0014082167285775,0.0008119376308675,0.0002029679511267,0.0073612387882442,0.0009736644620435
2551,0.000736104466125,0.0002772125660558,0.4466627613145724,0.0055201689569564,0.4432009663618533,0.0037873815120458,0.0018460792460626,0.0003802950612466,0.2246416427717032,0.0042973064852149
2552,0.0007784058844313,0.0002748256293194,0.7415960665143879,0.0054538615341153,0.7374663282047484,0.0036621009089215,0.002270978192876,0.0003802460048544,0.3820702795643944,0.0045865970392875
2553,0.0007279068391095,0.0002705897157153,0.5175454844675677,0.0054238982328421,0.5136105227035651,0.0036318418932014,0.0021178943941529,0.0003738248966281,0.2698456228504089,0.0042806094698599
2554,0.0007384588487811,0.0003752067002171,0.0271626290995857,0.0033593819566426,0.0113089948641326,0.0027395070421852,0.000638142342123,0.0004373206443316,0.007068097012585,0.0013650268626886
2555,0.4928551887083487,0.0379013140110169,8.101816088430695e-05,4.632860204593206e-06,0.159471404430605,0.0046055826767679,0.0001018884162226,1.9175531487080304e-05,0.000244054863447,8.546964655834504e-05
2556,0.000748113380562,0.000270143333442,0.076927419894485,0.0058121330669621,0.0735201627592298,0.0039537744304672,0.0010693381746225,0.0003592042569614,0.0209903665088796,0.0022684194932236
2557,0.0010038145919101,0.0002653246994004,1.1408287373040658,0.0053911960458635,1.1358905830851211,0.0035116560606312,0.0028029958918847,0.0003701118299641,0.5563219112801012,0.0045448092535243
2558,0.0357011402862049,0.0033166037893937,0.1559614920579771,0.058365136626683,0.1193376468057546,0.0515547532251956,0.0251326566844085,0.003230865314239,0.1398587060321127,0.0575546204210508
2559,0.0007760384663113,0.0001701105730644,0.0283895974669653,0.0048635945951636,0.0204068621215541,0.0022009625766303,0.0007643542170292,0.000214115469427,0.0075098378699889,0.0012639064405003
2560,0.0007705576530568,0.0002056205118714,0.0278960979741551,0.0049004982266144,0.0164606475855209,0.0020037293794806,0.0008971287514067,0.0002617062066737,0.0073624365174995,0.0013265617277392
2561,0.0007896812010522,0.0001451377823796,0.0296578951150767,0.0045989841769037,0.0142171997187175,0.0017456471922436,0.0008062795932959,0.0001805407565078,0.0079970691378116,0.0011155705290804
2562,0.5070926536159323,0.0389636078431998,6.585478542681079e-05,3.886735901255054e-06,0.1463638610374162,0.0047830963025149,0.0001085792011032,2.393795158906235e-05,0.0002225217353029,9.585390587169588e-05
2563,0.0007312464328273,0.0002803002198975,0.1448035885203745,0.0057722197216285,0.1414393758456095,0.0042159464922773,0.0012081145831992,0.000377401958135,0.0445123572763729,0.0028733403007706
2564,0.0007445573037368,0.0002537093229619,0.0533655165239029,0.0057191858426461,0.0502383351046871,0.0035951736025969,0.0010202560097887,0.0003339687368716,0.015827838731187,0.0020633738135956
2565,0.0007732747670772,0.0001279627637579,0.0285561367449977,0.0033964526343155,0.0076821575601098,0.0016388147269311,0.0006159336976598,0.0001573096666366,0.0074065983438428,0.0010954577835986
2566,0.000754652755911,0.0003604911696497,0.0281452208752298,0.0047058064902935,0.01496195959238,0.0040552455007299,0.0006318189969308,0.0004236423688402,0.0077703208725557,0.0020867756275396
2567,0.0007655381940033,0.0003727379028377,0.0262438944403537,0.0034530095891897,0.0131845688770842,0.003203442833508,0.0007354383587349,0.0004362143761497,0.0087911890023954,0.0017605894394245
2568,0.0016208805033316,0.0002751155407086,4.969167452353538,0.005394118931594,4.957259303066012,0.0033850110885305,0.0042608607391707,0.0003817463800235,2.002282669765392,0.0044098431233046
2569,0.0007604313156491,0.0003967032767918,0.028258299177994,0.0037101006704177,0.0118247819162797,0.0031989647521369,0.0006644643187155,0.0004621417587472,0.0074673363242283,0.0017157655038071
2570,0.0007692538008294,0.0001934175371765,0.0283508030091809,0.0049380399423349,0.0166258407728311,0.0020156544828676,0.0008671420781915,0.0002454339916809,0.0075771860305252,0.0013152095031148
2571,0.0007371952747279,0.0002762853553785,0.5710022936030067,0.0054532168000732,0.5672562460065852,0.0036897942519415,0.0021241094297265,0.0003810953622919,0.2996359101784349,0.0044490126107964
2572,0.0013171220564901,0.0008823911559052,0.1295717447928935,0.0506181908272026,0.0371676218180514,0.0092821312407285,0.0024475725465364,0.0009581107612965,0.0410085142100811,0.0106275131139113
2573,0.0007305344419314,0.000273682966954,0.2900487949607229,0.0054808933002107,0.2867882395508104,0.0038136455078408,0.0016527341146116,0.0003729963723605,0.1407406690103927,0.0038849959047367
2574,0.0017723989283983,0.0012162362654776,0.3029629450581705,0.0907906550300934,0.0680991263474004,0.0128911412126999,0.0017227283028382,0.0011912665445081,0.0756157758412699,0.0131719804689912
2575,0.0012465615350613,0.0008144080004004,0.0964218325109328,0.0359663707304901,0.0248482732361803,0.0071929006625672,0.0012916592807862,0.0008900801025059,0.0261625981216452,0.0063210958122555
2576,0.4565810165562166,0.0506333298671367,0.0001194666767686,6.095430608576056e-06,0.167188267785051,0.003274401617597,7.276513011493772e-05,1.435091637299296e-05,0.0002538148779878,7.904384575350944e-05
2577,0.0007349901647636,0.0002820502735117,0.2788504819356817,0.0055683238935933,0.2754902136823021,0.003891058968794,0.0015644360678966,0.0003846270474774,0.1282149136037517,0.0038054513120584
2578,0.0014810294578683,0.0009305956345763,0.1467329316343257,0.0542933864380695,0.0482384726514508,0.0099854341681012,0.0025895945063388,0.0009983373943498,0.0644944242674122,0.0133542322490531
2579,0.000736180151815,0.0002705159248666,0.2516554434252928,0.0057138119897116,0.2484440337133957,0.004133738918596,0.001437385856191,0.0003675377263785,0.1046315113916409,0.0036695422081643
2580,0.0007813021553939,0.0002612165340736,0.6704028048947127,0.0053990531347288,0.6657898177222974,0.0035807004131176,0.0022869013359246,0.0003643116323324,0.3541725882225846,0.0043894613379041
2581,0.0007067310208225,0.0003819288804637,0.0258830170281036,0.0035385357728586,0.0111993482997097,0.0030366944824359,0.0007387062437162,0.0004443488999703,0.00689900462537,0.0015478680644891
2582,0.0007864471410091,0.0001519488092526,0.0286394155410533,0.0048655137601779,0.0144326718531984,0.0018842846544867,0.0008468991624406,0.0001896002612838,0.007550966966757,0.0012768353054746
2583,0.0007587428055037,0.0003216028492874,0.028857798957358,0.0041039246699657,0.0114335519040583,0.0031507827434912,0.0007721649512315,0.000380426164963,0.0076702757904517,0.0017390617604112
2584,0.0009971736355882,0.0006387086581699,0.0273018355592348,0.0067066401828203,0.0141034681720971,0.0042980853949513,0.0011948653077271,0.0007080222737102,0.0114858638982276,0.0023576430927784
2585,0.0014606197211803,0.0008740570059659,0.1013646246765819,0.0168277477521257,0.0212863254427944,0.0051116685719008,0.0024345919265658,0.0009291700101681,0.0242184573875147,0.003235895119245
2586,0.0007537298009588,0.0002578625476057,0.0269546682410444,0.0034974311416491,0.0095409143245534,0.0025546749558932,0.0005671339061041,0.0003092443830355,0.0070070962891176,0.0013696687563853
2587,0.0007880013398475,0.0001269135668909,0.0287337779996491,0.0036229600023603,0.0048410669036504,0.0011985160976312,0.0007031625754869,0.0001566202051161,0.0072737511110135,0.0008917439233722
2588,0.0007522613409404,0.000213222407875,0.0282743013531559,0.0048722060325952,0.0177619904435472,0.0019131472109563,0.0008674770378439,0.000273546573433,0.0076741351046292,0.0012521773522695
2589,0.0007773010919719,0.0002712074706591,0.0283414652223794,0.0033904646862783,0.0101542056982192,0.0026572702333362,0.0005520611947054,0.0003234288133991,0.0072595396673199,0.0015045361756279
2590,0.0704047145151624,0.0047771437458043,0.1904628787567489,0.039373039081663,0.0993863699083768,0.0514337363023831,0.0207336244796345,0.0039320795291652,0.1321664014307294,0.038869513611395
2591,0.0016727935074662,0.0002742583021414,4.140343468498864,0.0054204020497073,4.126782689670432,0.0033908632813183,0.0043807718305593,0.0003769879436852,1.7277073396792608,0.0044790750816281
2592,0.0007609613399174,0.0001704216460999,0.0288161735446497,0.0042668852339131,0.0081794529599253,0.001342101624405,0.0008187411219079,0.0002140266827548,0.0072078290262173,0.0009297716942318
2593,0.0007510831708636,0.0002725846955362,0.0718033319836453,0.005677410351422,0.0684174013856651,0.003864456198983,0.001100730936967,0.0003643066656943,0.0208276117591312,0.0023672839216266
2594,0.4767374925461543,0.047421897389717,9.529230457381428e-05,5.343087649265826e-06,0.1656631461387498,0.0033073703605199,8.632002644078912e-05,1.5792003740126438e-05,0.000232035322549,8.198621845194826e-05
2595,0.0022324249902024,0.0014586668546322,0.1422234425346746,0.0609959389662999,0.0717107996283133,0.0281938838962359,0.0036819798787378,0.0013743972366636,0.1144232040874344,0.0466776438314462
2596,0.0007686668420766,0.0001909463776673,0.0264458077559466,0.0032765538735554,0.0090821691294951,0.0019545388659718,0.0006563436518779,0.0002317504323742,0.0069500756614332,0.0009892900261671
2597,0.0015643105714069,0.0009879326681513,0.0255029081381986,0.0051966760675492,0.0189274625399818,0.0056652217867242,0.0013309669393696,0.0010319136237672,0.0091206849955134,0.0027327879582708
2598,0.4911219080233028,0.0405656805779371,8.111298765687274e-05,4.635856210608857e-06,0.1584806409511445,0.003754847667067,0.0001022104426781,1.902064968131824e-05,0.0002177406913809,8.108744183222737e-05
2599,0.4904289520745691,0.0416911936804008,8.036120293161716e-05,4.777995696678113e-06,0.158516691556666,0.0040845798421354,0.000102220149692,1.882571646500424e-05,0.0002144341768556,8.369768472831667e-05
2600,0.0007279774014306,0.0003540487645783,0.0263821889555424,0.0033681768746961,0.0102130569297684,0.0026014913904233,0.0006585331596568,0.0004129904024395,0.0068779804192997,0.001338878480345
2601,0.5094585760605922,0.0342412949543427,7.345571380309651e-05,4.027807752185396e-06,0.150573449340166,0.0053611997911013,0.0001080466474507,2.231288952482496e-05,0.0002363070380359,9.332202572605628e-05
2602,0.0008259955706284,0.0002722156970406,0.7463272595164313,0.0054035283930003,0.7419369035494359,0.0036094393166835,0.002385546300853,0.0003779758985982,0.3874257474410609,0.004492689249223
2603,0.0008122572120774,0.0001367204083339,0.0251629203375134,0.0036200956085245,0.0074635017682721,0.0015482983348061,0.0007195475020684,0.0001688820724548,0.0065532112742787,0.0009821951291707
2604,0.491686301078341,0.0429078945402072,8.93150426412874e-05,4.744835908720048e-06,0.1607457917197138,0.0043398830921341,9.578118528689898e-05,1.91062453694208e-05,0.0002183893083563,8.580621935084818e-05
2605,0.0007363479385713,0.0002734685671284,0.1233856229908476,0.0059398906658636,0.1199488204971764,0.004379115951506,0.0011380506010374,0.0003664307791053,0.0352766163540844,0.0026493016853007
2606,0.0007452211526377,0.0002655902390665,0.0419010593647053,0.0056606875820631,0.0391326343039773,0.0031996037682917,0.000964892839341,0.0003475807989104,0.0128545579303768,0.0018562480081651
2607,0.0007605045944371,0.0001997260042519,0.029145668343435,0.0048603925296434,0.015612784177407,0.0019316468546542,0.0008530284641099,0.0002554845919089,0.0078330737774991,0.0012833895167649
2608,0.0008009989511571,0.0001767570435142,0.0278544091528669,0.0042214795075809,0.0140836971303095,0.00348108003371,0.0004843013055224,0.0002183923940932,0.0077898148200186,0.0020322824073218
2609,0.0012811880692006,0.000842501036522,0.1734399517608122,0.0530647607798062,0.0529396869456117,0.0084959782577976,0.0016886892542944,0.000907670528289,0.0589938033424104,0.0089918306461788
2610,0.5319046479839042,0.0366733532525446,5.4961934420820686e-05,3.116441417810095e-06,0.1434792386818745,0.006604237695138,0.0001154044154876,3.1476182950218534e-05,0.0002525831211648,0.0001131798168
2611,0.483953079239897,0.0450080483507514,9.543788003555372e-05,5.044735352789143e-06,0.1625010064401419,0.0040765672031379,9.36384244378558e-05,1.693900342066285e-05,0.0002126956790574,7.72706291667658e-05
2612,0.0012576900658449,0.0002776202841707,2.1032500787470303,0.0053566077998981,2.09841211715407,0.0034428420502351,0.0033970093436402,0.0003855780340948,0.9654001712706884,0.0044873390755161
2613,0.0019301857719704,0.0013153060043354,0.0762559646774399,0.0177400815463591,0.0250278402653957,0.0075704481048435,0.0016652932142864,0.0012763093457347,0.0188991580745121,0.0045308803107543
2614,0.0007452296456733,0.0002666764638529,0.6607644264742992,0.0054315570310361,0.6563323361871092,0.0036075035846345,0.0022007216873842,0.0003708256132472,0.3480596898185174,0.0044476742855164
2615,0.0007522916776383,0.0002430747867614,0.0428981939911931,0.0057836497207823,0.0401277278121149,0.0032004789840804,0.0009860462104046,0.000315739916962,0.0136983146114125,0.0019721639343417
2616,0.0007319693365525,0.0002765131279908,0.3377361650001013,0.0055464435346685,0.3344466046775197,0.0038875594234212,0.0016557290529132,0.0003780210107727,0.1617641217090134,0.004048613387113
2617,0.0007722187786328,0.0001780938253244,0.0278921760630286,0.0046915303028393,0.015604766425275,0.0017526171409202,0.0008604942022694,0.0002241492178807,0.0071709680981401,0.0011919892858458
2618,0.5289166048104794,0.0371832569195597,5.32904959381658e-05,3.249904061562853e-06,0.1378130223495498,0.0059176782137583,0.0001028718458275,3.235243672949676e-05,0.0002404355489487,0.0001131350756137
2619,0.0014421875048972,0.0002799551288027,3.4263457164204554,0.0053419734571624,3.4146741310845283,0.0034054969686266,0.0038322893513863,0.0003880819797591,1.4770296866094403,0.0044777191849241
2620,0.5391478265621997,0.0339018008330351,4.8939062408234274e-05,2.8436292095749297e-06,0.1387553188095782,0.0077582578260441,0.0001077356958341,3.93414931560973e-05,0.0002990358787239,0.0001339569681386
2621,0.0010523286211652,0.0002677638654332,1.316821256807002,0.0053602564426207,1.311618280318042,0.0034848444051487,0.002918917146981,0.0003728408190587,0.6358048681692129,0.0045331800877815
2622,0.002609607037023,0.0007477196115054,0.2350337986659698,0.1217468523241644,0.0958203138115137,0.0225433034706898,0.0056330820690294,0.0008559429709774,0.146582307141766,0.0361991826593834
2623,0.0007411261933749,0.0002746945373112,0.1200423301900994,0.0058321667701427,0.1165471264845701,0.004156366893777,0.001178756847896,0.0003683242409774,0.0359199725485808,0.0027223258590417
2624,0.4707933207975399,0.0463539657479955,9.774317755127298e-05,5.314474811931551e-06,0.1631692684246131,0.0036663432741859,8.838293881059809e-05,1.593120660408515e-05,0.0002405488579143,8.111116241813048e-05
2625,0.000755106294073,0.0002578322072263,0.0270200528117808,0.0033423609722498,0.0101592836758583,0.0021796267334242,0.0006042969099868,0.0003081654865904,0.0069374947370212,0.0011452471597212
2626,0.0007646698016902,0.0001712243166681,0.0293167567805999,0.0047521831900839,0.0182055788705197,0.0017616044729186,0.0008228206718063,0.0002145325523954,0.0073992107917973,0.0011476375220389
2627,0.0007317165389143,0.0002751772254631,0.2240500299137985,0.0055270263059664,0.2206553234252917,0.0039386734981293,0.001446837792689,0.0003754713528358,0.0994086073396378,0.0035727155680399
2628,0.0007649709940838,0.0002275270068712,0.0278641488575634,0.0050353093329674,0.0200769532344079,0.0021202003672838,0.0008893132235558,0.0002925930300988,0.0088108945535406,0.0013811010931978
2629,0.3218885656881255,0.0161070733193975,0.0005769669577102,0.0002006961955185,0.3241495292228295,0.0175310848505243,6.630082077114549e-05,2.1811184917575923e-05,0.00054627859007,0.000210543530208
2630,0.0007340168350955,0.0002795634428946,0.1877038996379673,0.0056917105853933,0.1843874759939467,0.0041132227790164,0.0013321588545577,0.000378143528257,0.0720561800023293,0.0032859636185905
2631,0.0007415033769748,0.0002722290321575,0.0469393048259265,0.0055578116256369,0.0437409772280824,0.0033744108953616,0.0010311818187286,0.0003589164431967,0.0133235798271622,0.002047751872625
2632,0.0007477437193368,0.0002616397216379,0.0731994836043728,0.0058777398241149,0.0698597958178109,0.0038818276498149,0.001093429183299,0.0003453266404455,0.0220285110194423,0.0023494356761786
2633,0.0007482388402743,0.0003893741712242,0.0272207665988355,0.0034493460134196,0.0104168475861514,0.0028814628639459,0.0006400501221621,0.0004542118083811,0.0070562139961567,0.0014919094182538
2634,0.0007517832288908,0.0003383913455148,0.0283566033745497,0.0035716432223194,0.0129723030928125,0.0033013849501025,0.0006363135224265,0.0003997752635479,0.0074184000700837,0.0017770735470104
2635,0.0019879247721796,0.0013378599231626,0.5302394178771727,0.256643730301669,0.2146260878946364,0.0516251933505664,0.003290648333726,0.0012479764106276,0.2355566998097386,0.0575694957389243
2636,0.0007686104952675,0.0001576157602803,0.0282454264271834,0.0042273341076422,0.0095925065750353,0.001353386749269,0.0008126332671017,0.0001975059642744,0.0073757663170582,0.0009254053973915
2637,0.0007124704622787,0.000451339832983,0.0251921423108801,0.0035061436402258,0.0128877575544541,0.0032969415172888,0.0007636210853227,0.0005203977361525,0.0064638388811863,0.0016799966202872
2638,0.0007817159811314,0.0001610872770598,0.0292734917609778,0.004050176824629,0.0077145269384249,0.0011130833303924,0.0007879599078129,0.0002020028335406,0.0077374274282073,0.0008373690773621
2639,0.0007543193437781,0.0002047208218692,0.0301677995677578,0.0056858732253959,0.0291830760987337,0.0027428852934719,0.0009536059345199,0.0002629228477475,0.0104231593094501,0.0017966544710393
2640,0.000790887244194,0.000135041838017,0.0287000952418758,0.0033824826173657,0.0072778637845099,0.00146000202145,0.0006701238435528,0.0001664397954136,0.0076262175358616,0.0009186224078471
2641,0.0007557284229955,0.000272764590163,0.026642022889815,0.0034226684350251,0.0109730196755799,0.0029041680291526,0.0005054752435548,0.0003265177975659,0.0070348073236732,0.0016804399023268
2642,0.4972243376757607,0.0391031768089854,7.377039153725938e-05,4.302319111126362e-06,0.1553234830134686,0.0050707861908603,0.0001078400745635,2.0698302223660144e-05,0.0002520583993623,9.613678609202625e-05
2643,0.0011364598579382,0.0002584933919433,1.6722428159093556,0.0054102813415831,1.667034684316069,0.0034474177539813,0.0031155595076241,0.0003622908392103,0.7847274634268409,0.0045280509720882
2644,0.0007232348345038,0.0002729847961484,0.4662735827243318,0.0054844131203001,0.4627778014704116,0.0038045511731198,0.0018340033415094,0.0003750899400909,0.2293229626044159,0.004333701407761
2645,0.0011600677629081,0.0002645684344784,1.6666768189637264,0.005381579002274,1.6617478994840884,0.003442260737279,0.0031713165751358,0.0003691669550873,0.784760561727343,0.0044592703628093
2646,0.0007451698481881,0.0002739671832338,0.5783991772691714,0.0054151676561585,0.5745047356803968,0.0036450310965997,0.0021952567489422,0.0003783518468752,0.3023447237174035,0.0044069105017006
2647,0.0007887366336555,0.0001305392546833,0.0291203824257403,0.0035109479768205,0.0075550669782138,0.0016815861400573,0.0006833148674797,0.0001615859769391,0.0077827245207473,0.000996119370984
2648,0.0007640681991211,0.0001894724685703,0.0296121536486714,0.0045498776988658,0.0129212665631863,0.0016898765233414,0.0008407010335896,0.0002406564446483,0.0076730140837321,0.00108910635118
2649,0.0013071483285839,0.0002769574399923,2.428428447892378,0.005346507201307,2.4231977306155867,0.0034404675099728,0.0035106580590057,0.0003847803402574,1.0965719668336913,0.0045131758738442
2650,0.0010167494189429,0.0006803537116218,0.0795150973533663,0.0172084616311471,0.0194595640656043,0.0049016365507253,0.0010976558979108,0.0007580537295766,0.0207016310608482,0.0031951182897955
2651,0.0010894272531399,0.0002680585215495,1.2806035347448648,0.0053671569180898,1.2758516256904926,0.0034497737601421,0.0030087639674995,0.0003729429084335,0.6179067978662829,0.0043767177258601
2652,0.0007913373130928,0.0001401426763104,0.0279192568788158,0.0045112126022255,0.0121562946842008,0.0017833755195613,0.0007983939131967,0.0001740040363739,0.0074499559114454,0.0011261321337767
2653,0.001073905481059,0.0007113946681433,0.1089163421302021,0.0285416751716751,0.0248495615536572,0.0051371242590509,0.0011899410615638,0.0007901924923973,0.0311485524820786,0.0049389463304548
2654,0.0007766738464675,0.0002234924907807,0.0297077088479783,0.0054895639933345,0.0270352276185562,0.0026797360291002,0.0009169223095426,0.0002863100137759,0.0102715936303404,0.0016560283050081
2655,0.0017563188502095,0.0002808296874653,6.576335933024269,0.0054428984003942,6.5597505114458965,0.0033937815600216,0.0045823385257191,0.0003877155902993,2.494527014809705,0.0044428561164448
2656,0.0007760438049218,0.000144641442806,0.0270668595751048,0.0033253348359729,0.0069783831882495,0.0015138570111277,0.0006680979839641,0.0001774559884047,0.0069344384089773,0.0009455351500179
2657,0.0008254243820563,0.0002692144824583,0.7708809210374274,0.0054213695462233,0.7661160305625936,0.0035615586908143,0.002389626721907,0.000373925813549,0.396600335202261,0.0044408876664393
2658,0.0007289245477998,0.0002751644420934,0.3131552651497893,0.0055565314038274,0.3098962592654568,0.0039511931776021,0.0015976368040056,0.0003756503518425,0.1454959450363173,0.0039793230549548
2659,0.0015057299856012,0.000281662502718,3.868429426437928,0.0053784686369391,3.8584889262716415,0.0033946596567999,0.0039820625478424,0.0003896020800055,1.6296918168505574,0.0044079071345505
2660,0.0007628127453878,0.000181544280229,0.0290672655062359,0.0049961995088986,0.0201058437051503,0.0019666873561173,0.0008507068782444,0.0002283456579956,0.0082342942078347,0.0012959590009828
2661,0.0007829563188153,0.0001074637901117,0.0278267236929423,0.003603219942322,0.0068854828883609,0.0008569749153885,0.0007119028686361,0.000132838589893,0.0073958886039139,0.000764317894119
2662,0.0012835342404372,0.00027514091762,2.351878675410915,0.0053381294434708,2.346769957422508,0.0034231154833985,0.0034615113143441,0.0003821669773715,1.0657660997453042,0.0044880794598107
2663,0.4447992891029985,0.05034998207197,0.000130594724776,6.872726697785677e-06,0.1856653992657136,0.0034388943430117,6.463738987303007e-05,1.4669604154546508e-05,0.0002629893405783,8.037694226718361e-05
2664,0.0007790435649906,0.0001288528251622,0.028456081366886,0.0039432843516292,0.0086446683119566,0.0015885597126392,0.0006850486399066,0.0001608169762956,0.0073102488549705,0.0010404717041832
2665,0.0007886619082495,0.0001476325390213,0.0274560439348548,0.004303880076776,0.0122545747050948,0.0016825657548195,0.0007781825277964,0.000183137564797,0.0073009465241082,0.0010477424032442
2666,0.0007419499504871,0.000452488250402,0.0248419486392209,0.0034128153051151,0.0138579031272614,0.003395020566036,0.000747246655524,0.0005221978409581,0.0075346327256052,0.00172547594821
2667,0.0007741478230408,9.581608744237508e-05,0.0273999019402761,0.0040578686126943,0.0101873461696875,0.001637695003384,0.000759781644835,0.000116693841343,0.0071472485935477,0.0010387029340163
2668,0.0007848246517452,0.000178403536212,0.0279347341094252,0.0044571584340124,0.0164588272525061,0.0018411769019259,0.0007733455154554,0.0002229887203104,0.0075239182660898,0.001121019235459
2669,0.0216064046101147,0.0019786586924548,0.1670018520895519,0.0916849033263621,0.0870633208459409,0.033685129526819,0.0245978474987095,0.0020740314878643,0.1617748664905255,0.0873271585048914
2670,0.4994035721696591,0.0416560025142939,8.376631650183772e-05,4.427209721913274e-06,0.1600189685752518,0.0053313388815848,0.0001076499891916,2.0789853306819125e-05,0.0002926800737586,0.0001011119766944
2671,0.484489383582704,0.0426897312587819,8.484892683523304e-05,4.856958025647727e-06,0.1612446803209476,0.0045653258510182,0.0001004382456225,1.839671789268492e-05,0.0002789220306297,9.334765038048048e-05
2672,0.0007383607585234,0.0002640783558685,0.217806327044922,0.0057734876442756,0.2146555374715676,0.0042346906511121,0.0013534555752467,0.0003572269076109,0.0858205625159846,0.0034866157657609
2673,0.0007294110515849,0.0002726455070238,0.3777162292772295,0.0055028140386784,0.3742803245534934,0.0037532253954171,0.0017914175710006,0.000374440982581,0.1904915157070435,0.0041282255415958
2674,0.0007635973372266,0.0002364777676695,0.0385585643775111,0.0055545025147987,0.0340377799355341,0.0028447020957287,0.0009706573067446,0.0003057610305077,0.0131152409930024,0.0018476709013176
2675,0.0007505240490573,0.0002103846667659,0.029134396505452,0.0052411506202452,0.0220863392704891,0.0023783249058968,0.0009180726364698,0.0002702610424345,0.0085260904934194,0.0015194791638885
2676,0.0122129345387255,0.0014973271689691,0.1798466202764116,0.0847977400940787,0.0573469652929539,0.0248544763692708,0.0161806524033927,0.0015779712991303,0.1686840825581871,0.0774433294057513
2677,0.0007438571850853,0.0002555691623332,0.078228058686638,0.0058517358776521,0.0749257614799669,0.00392181633047,0.0010594741766228,0.0003388899624161,0.0208810512096839,0.002248563606048
2678,0.0007832127881203,0.0001414368864684,0.0289439655900602,0.0037467266526734,0.0059289548493923,0.0011440137758527,0.0007430039710613,0.0001749998933759,0.0074753498763217,0.000813939452366
2679,0.0016260648393432,0.0002709217614612,4.638201782814769,0.0054123773900265,4.626591243527332,0.0033810854582457,0.0042713415212333,0.0003765441176345,1.8840479317286027,0.0044100502674053
2680,0.0007455867720093,0.0002774251721381,0.6231100767379949,0.0054066286520433,0.6193984870158438,0.0036676594196259,0.0021936931225385,0.000381417834074,0.3251124805617733,0.0045177981882107
2681,0.019918123772424,0.0016801707272553,0.3156902858280981,0.1896456473798785,0.0450380733523519,0.0264084582324347,0.0273537199774524,0.001774689276652,0.3008205735878149,0.1736701873206299
2682,0.000749282188962,0.0002685902159304,0.0687923775135517,0.005733177309914,0.0655957805176598,0.0038498010215342,0.0010573024685353,0.0003569810295169,0.0191062473700886,0.002236479431406
2683,0.0015953199163322,0.0011865365004866,0.0835954643015469,0.0145991979856014,0.0221035207433633,0.0073540233652617,0.0016445797632697,0.0011619505394804,0.0228411318525346,0.0040958487670735
2684,0.056422661607194,0.0189309624718572,0.0016525082975158,0.0005091811128456,0.2788589240689811,0.0222859544077911,0.0003615922963098,0.0001078214313778,0.0015730093585397,0.0005098854443488
2685,0.0013057067666982,0.0002707160958794,2.471489151890966,0.0053564577663637,2.4664219752384087,0.0034313152039641,0.0035099173452546,0.0003775944691393,1.1123222815878682,0.0044798254838366
2686,0.0113590761039161,0.0014711440210892,0.2846995254108916,0.1834469322673701,0.125166529464097,0.053504552162178,0.016873230003127,0.0014630175042152,0.2732253721144117,0.1664475940635622
2687,0.1697860966743937,0.0078037555650387,0.2109408861748724,0.0107778409016592,0.1557546149900275,0.0749633442656516,0.0119118835316744,0.0036500942222825,0.1770755239445967,0.0107465034736125
2688,0.001366321887109,0.000937041168864,0.0258876700895887,0.0062794232409952,0.0210571056920965,0.006933258032302,0.0012936498056411,0.0009920081267463,0.0113094540827784,0.003501351563159
2689,0.0007698824062338,0.0002266174114271,0.027816194885117,0.0049461904320916,0.019065432500373,0.0020904200337713,0.0008587687441245,0.0002897887999042,0.0077628563291577,0.0013122337387329
2690,0.52869169599733,0.0317514231500525,5.2617683116500135e-05,3.2065549871102386e-06,0.1400332527377981,0.0070822660094576,0.000106196269459,3.441735468392295e-05,0.0002165204315146,0.0001165230294069
2691,0.5252339604881255,0.0368234565896559,6.376452708418307e-05,3.4327847756724738e-06,0.146189084538808,0.0068035727873673,0.0001171382033018,2.809114379869701e-05,0.0002472974520166,0.0001095436954502
2692,0.0007473405918334,0.0002698153347585,0.1045772541493206,0.0058762256052181,0.1012323134241764,0.0042140569269084,0.0011252956195995,0.0003601602083181,0.029794945483556,0.0025563768521709
2693,0.0007446326821914,0.0002782685401844,0.145557327130205,0.0057334076582846,0.1421591558241006,0.0041571261415178,0.001218987129688,0.0003752164414651,0.0468716161577139,0.0029152985853982
2694,0.0011071374655743,0.000272526307425,1.539755353185751,0.0053524609193409,1.5346148178999508,0.0034938168486134,0.0030414393478962,0.0003786046045271,0.7355482339400046,0.0046370769951919
2695,0.000744061824006,0.0002866296306885,0.1907606671352602,0.0058353535629555,0.1875063862680198,0.0043410591549702,0.0013030260748587,0.0003855611597047,0.0703708644756072,0.0033012155941069
2696,0.0007512138815346,0.0002734405779355,0.0436582485444545,0.0055791545811481,0.0406221725382136,0.0032245281417874,0.0009932761634441,0.000358203020498,0.0127042891709573,0.0019024484286215
2697,0.0007292109298274,0.0002694327878579,0.3849473195741376,0.005447299249772,0.3809819586895244,0.0036336834610136,0.0018598120855221,0.0003718437708714,0.1959395859258334,0.0040099668471477
2698,0.0007272701589799,0.0002659582134251,0.3832730093779283,0.0055171868931087,0.380100272380289,0.0038687096950548,0.0017358672523167,0.0003651896531683,0.189554762338702,0.0041859551946801
2699,0.0017242015518077,0.0002739754368922,4.225557968007732,0.0054584644111785,4.20928990664499,0.0034237296299935,0.0044990367276168,0.0003763677028504,1.756592093128573,0.0045634386529871
2700,0.0007337879566246,0.0002817888566435,0.1014021373162708,0.0057886862412831,0.0980659496683584,0.0041391031451393,0.0011357385245463,0.0003754216589986,0.0296250238858722,0.0025579003918997
2701,0.0015235716773391,0.0002768129296037,4.349702796607425,0.0053795371884677,4.338581372160956,0.0034310387510521,0.0040114738231175,0.0003853463100245,1.7895535883844056,0.0045304601778186
2702,0.0007821305250216,0.0001505657035123,0.0289197086065699,0.0042593204082034,0.0100800216291796,0.0015841650165824,0.0007445007700088,0.0001885095862785,0.0076977573626074,0.0010655596111992
2703,0.0656593820810546,0.0050094198455835,0.2417334408819745,0.0332521570337706,0.1363318490904783,0.0538608211592723,0.0175689418846354,0.00411736690893,0.2109049023016812,0.0331357272939082
2704,0.001753849126293,0.0002694898729951,5.147951260623525,0.0054339700929227,5.132202720152717,0.0033952830357201,0.0045732085423746,0.0003718331677444,2.0744854179851355,0.0044630416638698
2705,0.0007684257964058,0.0002713117872282,0.6889181709605582,0.0053668219761299,0.684265282446462,0.0035792880630904,0.0022598234543294,0.0003763093722815,0.3586194473139281,0.0044336534648117
2706,0.001654531796711,0.000268712418746,4.634069728843533,0.0054147949615903,4.623503408836499,0.0033839166701449,0.0043376328026126,0.0003717964207461,1.8925417254357977,0.0044003341015402
2707,0.0007345532024389,0.0002789162157111,0.4296954876304708,0.0054555932539721,0.4262890210853005,0.0037403602124386,0.0018824740988486,0.0003821887858557,0.2207057610655599,0.0042713086918235
2708,0.0017775315520129,0.0012650375491833,0.0421101666057422,0.0098798048607717,0.0231028458931406,0.0074562601036827,0.0015832098574374,0.0011999416721612,0.0151222881394186,0.0039713311623773
2709,0.4298101133542344,0.0478151991441993,0.0001320154703628,7.67019708695593e-06,0.1929004116525185,0.0040648564918973,6.183512840357093e-05,1.7195264884504115e-05,0.0002324756409011,6.951107411700915e-05
2710,0.042383912587554,0.0034990147997516,0.1383312115366793,0.0432386183804752,0.1086848453560628,0.0508741959461155,0.0223043988145283,0.0033803484813661,0.0937908895000267,0.042691435761606
2711,0.0007605367648476,0.0002237906348578,0.0281271710747676,0.0052704749564433,0.0244410228045196,0.0024178336295702,0.0008801321209241,0.0002857295288339,0.0092815760973996,0.0014777394605634
2712,0.5085101135948644,0.0400258462409061,6.840950611575934e-05,3.903032352331759e-06,0.1492554236121316,0.0043299698794046,0.0001097518037999,2.1052393596462745e-05,0.0002461435051028,9.009704694193626e-05
2713,0.001169961793601,0.0002726139008114,1.6728006599175107,0.0053814421469256,1.6680123917853074,0.0034976532794149,0.0031829674116189,0.0003791668932109,0.7922526260891476,0.004631806576985
2714,0.0007791764280185,0.0002870767622156,0.0285938197315307,0.0034467664490912,0.0098262902040022,0.0026670962260906,0.000504711962265,0.0003421573909516,0.0074168928821351,0.001455807256282
2715,0.000785892754033,0.0001648142404708,0.0286510731116149,0.0041032283060038,0.0090609264759798,0.0020578307395574,0.00070390566156,0.0002016978513256,0.0073655854708341,0.0011510137118362
2716,0.0007949898534247,0.0002234466642539,0.0264509142127058,0.0031715915174476,0.0098006437091404,0.0021453963476263,0.0005941904801136,0.0002711302955332,0.0071430135399713,0.0011931589389148
2717,0.0011528984479261,0.0002587486843442,1.7139294594550656,0.005383868059531,1.7086727978858776,0.003461065433635,0.0031532843680559,0.00036330494946,0.8047612787071623,0.0045471829048897
2718,0.0012551495085406,0.0002694233464326,2.18057819458305,0.0053257239763736,2.1755274756588787,0.0034423785029568,0.0033877147541023,0.0003743500217874,1.0013225192178412,0.0045848458307462
2719,0.0007397162868401,0.0002599985226243,0.0321867204024823,0.0053570981897048,0.0288491132539298,0.0028011024011277,0.0009335378948359,0.0003379777654746,0.0107889979613133,0.0016280553862281
2720,0.0015979091893883,0.0002749040799728,4.391165994859806,0.0054171878915504,4.380625506868582,0.0033807823599673,0.0042075045397365,0.0003815775778299,1.8007929862875565,0.0043885891465418
2721,0.0014573561367476,0.0002690896304589,3.485273495524734,0.0053326229140887,3.4741243460995226,0.0033998031789296,0.0038649416807482,0.0003743509544749,1.4928728446153745,0.004466533714116
2722,0.0007737853177948,0.0001553340824683,0.0286439652192757,0.0041775940339362,0.0103963165796696,0.0014589084438445,0.0007575683131055,0.0001931674503742,0.0072152756444028,0.0009632980185108
2723,0.0007324667112037,0.0002744811851945,0.516266521036485,0.0054421292668573,0.5123740874128982,0.0036765932655208,0.0020860048224578,0.0003797422657532,0.2728513350130975,0.004352345480578
2724,0.0007563853493593,0.0002434980339047,0.0386323639199451,0.0056001128298604,0.034678644818938,0.0029622605889576,0.0009729633927337,0.0003169247579922,0.0128828185717953,0.0018380403303949
2725,0.000741146141281,0.0002719088433554,0.0852840146617111,0.005752655160303,0.0818867608954476,0.0039484574646138,0.0011241658810049,0.0003628366923406,0.0247383344989282,0.0024646416224602
2726,0.0007328512005494,0.0002764304502361,0.1501691281832872,0.0057855258119663,0.1465733104291479,0.0042155860997481,0.0012092268654473,0.0003715673902009,0.0448378193947456,0.0028533983203241
2727,0.4070979951123664,0.0590873750101423,0.0001652849627609,9.009004688170358e-06,0.2289163775224152,0.0042019859802791,4.727382447974756e-05,1.9385602733990293e-05,0.0002773412923442,7.827059012362173e-05
2728,0.0007297703519425,0.0002677900869828,0.2206135903214981,0.0056950291223722,0.2173529461547947,0.0041316083490881,0.001358383076587,0.0003640888773398,0.0848557066987094,0.0034180210349586
2729,0.4569790895249424,0.0485407811069465,0.0001175514740141,6.182425498504192e-06,0.1686537042024901,0.0035782255557465,7.301067235521044e-05,1.50423621675621e-05,0.0002570702796129,8.105808245498324e-05
2730,0.000730294367317,0.0002774048950347,0.1668503124996447,0.005687229975699,0.1634065688214921,0.0040746026265142,0.0012819373442053,0.0003758773281301,0.0609168372424568,0.0031186527190281
2731,0.0008143474826576,0.0001456764867025,0.0254321538262859,0.0039825074716179,0.0088168200029688,0.0014660021449399,0.0007778508436805,0.0001802921497095,0.0068288027440568,0.0009732033408004
2732,0.0007314908772302,0.0002707485066917,0.4551580183904776,0.0054144926072543,0.4513145712492297,0.0036633705109053,0.0019597427636513,0.0003734171107235,0.2321301436024491,0.0041852870862726
2733,0.0007607191880267,0.0002323976491382,0.0273484484191368,0.0031583569634075,0.0096961464242307,0.0022899117180934,0.0005915291968165,0.0002802050754907,0.0071186021259437,0.0012415875857972
2734,0.0007602249522619,0.0003979306946895,0.0276434248864926,0.0037191795803504,0.0137446112683168,0.003691592081699,0.0007004549985563,0.0004644248354889,0.0083033308035227,0.0020260801169172
2735,0.0007688892290271,0.0002023796558694,0.0276102855574613,0.0035465022820815,0.0129901915687631,0.0027792733824834,0.0005548444186355,0.0002441092979657,0.0071886506151564,0.0016144040793397
2736,0.4571993527828913,0.0504348115984809,0.0001063123028907,5.839604913288284e-06,0.1671653816797569,0.0032348226612488,7.610177440620024e-05,1.5204551548297628e-05,0.0002449239023333,7.707361416568418e-05
2737,0.0007950957747585,0.0001240221520509,0.0278065743889128,0.0035527932270573,0.011496080921186,0.0011930099711905,0.0006748447692578,0.0001536478415509,0.0073137947580444,0.0008820586299896
2738,0.4067359866578184,0.0074217744945022,0.1965293701004179,0.0181044764784116,0.1305698423073991,0.0565908200784018,0.0146811363961256,0.0045206775550526,0.1636738057592763,0.0180824586835962
2739,0.0011750962572756,0.0002649849607416,1.775315797239647,0.0053721092257277,1.77028965540968,0.0034566114201609,0.0032019342117542,0.000369736979015,0.8429857822839437,0.0045517128984561
2740,0.0013268561008792,0.0002715703693631,2.7392749778813754,0.0053732109892482,2.7312776565261623,0.0034435101914876,0.0035560513540045,0.000378999927756,1.2230129121274864,0.0045610351693515
2741,0.0007414363627595,0.0002603689346761,0.0326345753634094,0.0054022134238984,0.0299586993823784,0.0029607434691517,0.000955658265633,0.0003404018380494,0.0102264454210639,0.0017476773728023
2742,0.0007339272294334,0.0002780268568144,0.5789412274453568,0.0054801171162242,0.5756717948848558,0.0038455336800163,0.0019575806647398,0.0003826009470568,0.2954458327007296,0.0046825000466984
2743,0.3924495027253072,0.0601027180662663,0.0001889492602344,1.0343542118327692e-05,0.2477396675114394,0.0040733566963649,3.904756363264416e-05,1.5735513407277792e-05,0.0002708347326543,7.037150956705203e-05
2744,0.0007885788287387,0.0001143909392066,0.0285759965632453,0.0040491284448576,0.0122269394674792,0.001661391594989,0.0007061985244568,0.0001406273455267,0.0074304330825111,0.0010658704856516
2745,0.0007463704136998,0.0002835169766848,0.1607311246964253,0.0057611614419817,0.1572598743867292,0.0041935029317349,0.0012776784476843,0.0003825857788394,0.0572089590848999,0.0031074891514213
2746,0.4380463500330087,0.0487497887006994,0.0001233837202922,6.8852480675407904e-06,0.1797483912586546,0.0038154620314725,6.346889264689828e-05,1.594171357951556e-05,0.0002648757795077,8.278619572988766e-05
2747,0.000755149819882,0.0002080111904401,0.0289586812879069,0.0047388151816314,0.0164371578074034,0.0017411663412396,0.0008576011607869,0.0002644643458959,0.0075405811520307,0.0011869994722806
2748,0.0007271251403856,0.0002696511887051,0.3897330787263722,0.0054231914238708,0.3855915656451456,0.0036286878666177,0.0018329202059161,0.0003728223904477,0.1969812679148967,0.0040233838800626
2749,0.000741908396583,0.000310685447577,0.0267132473076913,0.0047440672616752,0.0133630695887748,0.0038728381890514,0.0005291311811305,0.0003670666650428,0.0077488382589603,0.0019575770730334
2750,0.0007328206500108,0.0002677704888027,0.0579255792094691,0.0055757073410788,0.0545335892223731,0.0036004333518659,0.0010235717807396,0.0003561563780451,0.0155386494813397,0.0020481595490648
2751,0.0007374433558225,0.0002764173107581,0.1493955704190567,0.0056394991357825,0.1460292974970171,0.0039611367051283,0.0013151595298497,0.0003738219773307,0.0591684492611621,0.0031333580421312
2752,0.0300431537627781,0.0025776628038895,0.1774191248548197,0.0636508185539214,0.0936635229445912,0.0379966003810207,0.0253327433913171,0.0026280624476215,0.1294667132009695,0.0614471298609938
2753,0.0007838033371429,0.0002747859858992,0.7408487153604947,0.0053943764330584,0.7365564514850911,0.00363412269868,0.0022878192676457,0.0003801278759788,0.3866858565139836,0.0045869625500853
2754,0.0007429843005036,0.000267263719254,0.0295994128696853,0.0053618936842474,0.0263608542065787,0.0029977933306213,0.0010088417057309,0.0003534547624079,0.0096052645613938,0.0019170388270775
2755,0.0010385148377382,0.0007083124886314,0.071730525881606,0.0199136128587174,0.0232878513792219,0.0072035580295329,0.0010623895637579,0.0007831289095706,0.0206463590276462,0.0044325919190268
2756,0.0007388527332947,0.0004187487661996,0.027252670630207,0.0033689352984327,0.0109481082409276,0.002985036354098,0.0007242430485426,0.000483111390087,0.0072743350359889,0.0015202241048389
2757,0.4862904739451343,0.0398912002382181,8.694258513809452e-05,4.838342879591062e-06,0.1617237979134275,0.0044020101752747,9.693217020507884e-05,1.7311955376458474e-05,0.0002652148678548,8.820015442550487e-05
2758,0.0017933674071414,0.0002739667156907,4.5239383288356665,0.0055172062431381,4.502734817357441,0.0034914960503273,0.0046555206362542,0.0003758761878377,1.864640929081256,0.0046646175395845
2759,0.0007320295476158,0.0002707073741889,0.2432010753300096,0.0056172884891918,0.2399298231844495,0.0040291059445801,0.0014385304258712,0.0003677220885314,0.1028441882070962,0.0036242117095741
2760,0.0007218881991376,0.0004139421440652,0.0266052239376347,0.0041739026507013,0.0131152035940046,0.0033223203211226,0.001106674535314,0.0004802435721436,0.0070506220599385,0.0019511914543201
2761,0.001031925783523,0.000671240707769,0.0258596091753582,0.0052780474623894,0.0170866359480677,0.0056959273199318,0.0009827869122756,0.0007405849466449,0.0090757351366121,0.0028056860476846
2762,0.0013844281515954,0.0002777645627415,2.88631322910479,0.0053861734611048,2.8773218079566942,0.0034261946425495,0.0036911442437374,0.0003860196733678,1.2761088591197012,0.0044725726083089
2763,0.0012633044496745,0.0002726005959249,2.251661683669836,0.005351790318514,2.246481780024432,0.003433601595559,0.0034106342867369,0.0003791182250874,1.0341786166728852,0.0045378607565674
2764,0.000771025508699,0.0001590468444851,0.0292684060455359,0.0044611075171734,0.0137457079854266,0.001554869569979,0.0007848699351295,0.0001989192607434,0.0076884899089028,0.0010289327659559
2765,0.0007418640113403,0.00025716330538,0.028904996331221,0.0052290541952221,0.02211757904,0.0026748343342435,0.0009916493267853,0.0003354781233188,0.0080348718389516,0.0017736727036412
2766,0.4623733488360697,0.043411738788018,9.93953173769589e-05,5.673384840283247e-06,0.165157239227305,0.0039309134966926,8.619088651298039e-05,1.6214945294152953e-05,0.0002353700735827,8.53583774177369e-05
2767,0.4397427573024311,0.0529895650276408,0.000139499691266,7.064360560880715e-06,0.1958162790372818,0.0033056659142516,5.960544344773771e-05,1.4414521589415725e-05,0.0002767282367135,7.816333978707452e-05
2768,0.0007795694856713,0.0001968953976342,0.0268925901808135,0.0050158598959143,0.0193079765247664,0.0022510451164409,0.000819650533836,0.0002491934821335,0.007466019497339,0.0013420170646518
2769,0.0007526764407285,0.0002469807493452,0.0288480334032052,0.0050273259669899,0.0177458788363776,0.0024192996955465,0.0008671036933491,0.0003192239413535,0.0074672987639394,0.0013952982525006
2770,0.001785976891503,0.0002732010705669,4.555172419540964,0.0054704131122219,4.536572802673191,0.0034398246820438,0.0046437733211555,0.0003751810963487,1.8787321044007637,0.0045575096727485
2771,0.0007608075279838,0.0001993261243491,0.0288027311627124,0.0051499239878977,0.0183474275721134,0.0021052909611213,0.0008961574544852,0.0002540920771371,0.0078481424095013,0.001446267492291
2772,0.0344128379076951,0.002710772232627,0.2041631152947806,0.0716741075386916,0.1314328148492534,0.0556481401321003,0.0299501137865408,0.0027309950850648,0.1762386327734042,0.0700893155275096
2773,0.0012625233952412,0.0007715461775462,0.3059893628931391,0.0816931626479801,0.0868492271963476,0.0122343629987248,0.0018145375793808,0.0008418810425002,0.0767397621066704,0.0090297737976291
2774,0.4391938073590739,0.0521692609004775,0.0001390766574488,7.310483493625768e-06,0.195801581756282,0.0030638958156985,5.99216960457906e-05,1.2632349100688602e-05,0.0002455055016142,6.624051038568789e-05
2775,0.0010035937611971,0.0002657191107293,1.1978648029158834,0.0053678399227829,1.192864469070522,0.003514011469629,0.0028016239265411,0.0003699344663906,0.5837983139595067,0.0045855107955267
2776,0.0016991669619258,0.0009882510159975,0.2427256097900927,0.0579819657977507,0.0636557030809063,0.0104838414656968,0.0025442465675934,0.001009999118366,0.057824782826174,0.0076835815863287
2777,0.0007459754852136,0.0002738976632274,0.0929491477240166,0.0056637700321142,0.089454385035583,0.0039105372251547,0.0011452284104629,0.0003679605772108,0.0271125355955247,0.0025543123539159
2778,0.0007377963413896,0.0002773553860579,0.4797337546898422,0.0054682060240289,0.476252286568618,0.0037960973073315,0.0018698130282224,0.0003812696587083,0.2412944845692729,0.0043809127874366
2779,0.0007374523248321,0.0002813046432846,0.4203990676527963,0.0055254609855254,0.4171512657560516,0.0038799817446772,0.0017598350051611,0.0003850457842856,0.2079049536947797,0.0043028512094296
2780,0.000785615023439,0.0001221363804333,0.0292026753996962,0.0038166074363708,0.010126106709225,0.0017881979695464,0.0006958896010397,0.0001501817390492,0.0075564211876287,0.0010334251928896
2781,0.0007402381550803,0.0002583500436311,0.0383729578092848,0.0054715503737839,0.0347521185639379,0.0030106550599879,0.0009435500276513,0.0003362709050492,0.0125698713192882,0.0017178375787045
2782,0.0013535318606924,0.000270511432499,2.7423952935513123,0.0053826452035541,2.7345663521178465,0.0034225118657225,0.0036189627587234,0.0003769956061722,1.2233668747987694,0.0044719072599417
2783,0.0015748368302269,0.0002753099645468,4.601025555710253,0.0053897009638625,4.590697886891995,0.0033947802110967,0.0041438781244505,0.0003828615986438,1.876650456726728,0.0044219464401021
2784,0.0007276525069505,0.0002823561924951,0.4405790984396158,0.0055080207144828,0.4372273464120539,0.0038188404403859,0.0018495102808079,0.0003872042470286,0.2205120225435612,0.0043036107909242
2785,0.000764798134817,0.0002835291526366,0.027973593131821,0.0032243389815308,0.0118398144309262,0.0025447875850853,0.0005447671917721,0.000338217771785,0.0072489789495355,0.001363484363505
2786,0.0009680789762667,0.0005935619706019,0.0264890596581034,0.005550291140489,0.0167642831479377,0.0041601478276433,0.0009371722378736,0.0006654644094428,0.0096995120361058,0.0024265733915239
2787,0.0014328042176367,0.0002711843926513,3.3130989562352875,0.0053950317139747,3.303061370570858,0.0034051119668666,0.0038080027090847,0.0003779236664561,1.432340949938567,0.0044436677098205
2788,0.0007303336358571,0.0002724122290606,0.5638597441456218,0.0054154772550017,0.5597730929978927,0.0036317804073031,0.0020378858549117,0.0003750778181679,0.2851105518908784,0.0043486320613805
2789,0.0016034301413021,0.0002704832244803,4.423571246768934,0.0054356927988611,4.41232682880757,0.0033848474391609,0.0042184843223954,0.0003758368125818,1.8277455331711048,0.0044135654544996
2790,0.0007957701376357,0.0001655870025679,0.0277705700952229,0.004522518654381,0.015113594141851,0.0016850197076619,0.000780967383012,0.0002072612931066,0.0074893712660766,0.0010965186343612
2791,0.00112377150996,0.0007484639288957,0.1813020543546726,0.0507752192173651,0.0369128915064415,0.0068859693912981,0.0011414686044443,0.000819729771359,0.0352089825942155,0.0053509946792448
2792,0.0007799463766481,0.0001990296501245,0.0279253545386128,0.0043765481609339,0.0105264425660917,0.0014499609827358,0.0008332177332194,0.0002513263857501,0.0073735366046707,0.0010432673019943
2793,0.0017424600541282,0.0002726436664317,4.784231480012042,0.0054598923075789,4.768016661539199,0.0034064318735895,0.0045427677385651,0.0003749739722973,1.948637709688768,0.0045065896106676
2794,0.0017636179642189,0.0002732872759793,4.479715537290773,0.0054904565817379,4.462830365474325,0.0034400739367672,0.004593083342213,0.0003754140953782,1.8561215562166509,0.0045451823464461
2795,0.0010745663971865,0.0007068067951218,0.0250589444937263,0.0047837501564725,0.014427608178644,0.004392921444782,0.0011204427847329,0.0007716032381934,0.007723023418314,0.0023203955902127
2796,,,,,,,,,,
2797,0.001292774819965,0.0002732085313701,2.3432635566436164,0.0053910533154409,2.3382177846251357,0.0034452113987507,0.0034729459392181,0.0003801648982489,1.069890968079932,0.0045858547440188
2798,0.0011141741489616,0.0002828030383496,1.5329410746418388,0.0053500673244982,1.5280350401098055,0.0035074745555929,0.0030556542913481,0.0003910485609011,0.7275029719144719,0.0046006560987326
2799,0.4487974984768295,0.0518247397222525,0.0001246328875657,6.604021956656248e-06,0.1763368127025795,0.0030145408233206,6.514277303092384e-05,1.46680544177703e-05,0.0002349547956803,6.825979727547995e-05
2800,0.0013202956414202,0.0002746199817833,2.628778051106522,0.0053655874984192,2.621605151069716,0.0034459124355735,0.0035411239003642,0.0003829728582217,1.179275714356062,0.0045566644381135
2801,0.0010972629123951,0.0002599550247331,1.473662416972001,0.0053679743553229,1.4684879569291598,0.0034819096762094,0.0030212532663368,0.0003639864641315,0.7133424869302384,0.0045788588741089
2802,0.0007513177244651,0.0002543058043567,0.0743824795444372,0.0059552058842086,0.0711408745308483,0.0039184153466203,0.001073358007763,0.0003354055640633,0.021452743983229,0.0023269240663605
2803,0.0007886383751901,0.0002099025578466,0.0253716104848101,0.0033627001409777,0.011275416264317,0.0027392237848016,0.000493747951665,0.0002541628603414,0.0066842269264999,0.0016042998616657
2804,0.0007355436362689,0.0002613056282314,0.0472563495863533,0.0056180855832542,0.0438442280300407,0.0032619046949657,0.0010441249948912,0.0003435946806302,0.0135724894190832,0.0020645847284159
2805,0.0007738211260537,8.864199512681104e-05,0.0276935776285085,0.0039981698688886,0.0105501755589753,0.0013208435707805,0.000750318472151,0.0001077386016149,0.0071781011429273,0.0009449068983496
2806,0.00128450985333,0.000861338829463,0.1007579045421658,0.0487001212841868,0.0286254108397632,0.0072343152480077,0.0017063401754295,0.0009422823041705,0.0385499991495151,0.0078583191321196
2807,0.4601898248007704,0.0365735868161941,0.000115022882298,6.062375543109346e-06,0.1666761801130752,0.0045971207280055,7.657752699082467e-05,1.6173630705841475e-05,0.0002282923621807,7.173001228551446e-05
2808,0.0067661813051841,0.0018293791899985,0.1452961434495447,0.0624522892896083,0.0769728611913944,0.0281275752914206,0.008712710091759,0.0016619569513862,0.1302139721271948,0.058831092220468
2809,0.0007382015547094,0.0002696973332331,0.3428811184315192,0.0055984526643768,0.339819536835402,0.0039522018687934,0.0016763072365414,0.0003693808531157,0.1672011256245712,0.0041289732914259
2810,0.0007392813193551,0.000273737946016,0.1069031886546059,0.0056344254488423,0.1032773728877993,0.0039125587294814,0.0011640366434796,0.000368307111622,0.0302456142350391,0.0026018819764591
2811,0.0007427627440047,0.000269388459921,0.1764451186517631,0.0056357423304332,0.1729696884555944,0.0039806673592979,0.0013114300274095,0.0003660344404603,0.0651845052737802,0.0031823760773901
2812,0.0401449091942309,0.0029037774481528,0.2639296710910703,0.0856958541598517,0.1286844283944338,0.0509940617201442,0.0335512449276299,0.0027574704656381,0.178417230158372,0.0836970550727465
2813,0.0007332967051494,0.0002743259912501,0.1721438103839625,0.0056101288385432,0.1686621578526074,0.0040233744946137,0.0012970156773656,0.000372259948575,0.0636537568873888,0.0031580705491995
2814,0.0024767973884032,0.0015808167987027,0.2538617324101245,0.1471372685871517,0.1280929425295306,0.0410875196133646,0.0046909793774283,0.0015013154650945,0.1814631162663567,0.0575563496658579
2815,0.0007500657380565,0.0002699390610641,0.0392013927350396,0.0056190302104282,0.0364626299865386,0.0032332316741385,0.0009734228782371,0.0003531456156487,0.0119998643167292,0.0018623212065189
2816,0.0007679720169916,0.0002779455488041,0.0274954193635589,0.0032939593519222,0.012553203778076,0.0025900808708204,0.0005179342923724,0.0003327244735513,0.0072269459601575,0.0013827806859015
2817,0.5307009746902904,0.0375345818097252,5.9926403128793126e-05,3.233055563210241e-06,0.1429476791005575,0.0055165549254886,0.0001132131039049,3.059279659235861e-05,0.0002074675297508,0.0001030493484542
2818,0.0007668011238125,0.0002096805379964,0.0287408874773837,0.0046460281701561,0.0128776525950728,0.0017205999846546,0.0008539730209148,0.0002662893683966,0.0077149889467762,0.0011870888086475
2819,0.0007768727294865,0.0001946112436767,0.0281313709777039,0.004415678203188,0.014551960103613,0.0016732456264018,0.0008022743943573,0.0002449319966039,0.0075911085241964,0.0010822673115584
2820,,,,,,,,,,
2821,,,,,,,,,,
2822,,,,,,,,,,
2823,,,,,,,,,,
2824,,,,,,,,,,
2825,,,,,,,,,,
2826,,,,,,,,,,
2827,,,,,,,,,,
2828,,,,,,,,,,
2829,,,,,,,,,,
2830,,,,,,,,,,
2831,,,,,,,,,,
2832,,,,,,,,,,
2833,,,,,,,,,,
2834,,,,,,,,,,
2835,,,,,,,,,,
2836,,,,,,,,,,
2837,,,,,,,,,,
2838,,,,,,,,,,
2839,,,,,,,,,,
