tracer_number,CO_max_error,CO_l2_error,C+_max_error,C+_l2_error,O+_max_error,O+_l2_error,O_max_error,O_l2_error,e-_max_error,e-_l2_error
0,0.5595379604865856,0.0293592885177744,3.304145328391838e-05,6.300960626946431e-06,0.1233230660312246,0.0109333401060042,0.0001868669597161,7.795307858306867e-05,0.0005444713289572,0.0002597044994053
1,0.0163152106339221,0.0070449751561137,8.556984326073144,0.0893414618606057,6.004067918545407,0.0079478536135593,0.0508824684052565,0.013345168735854,112.2103973065765,0.5689792849394026
2,0.0165094610839146,0.0044854209187247,0.0116690143923539,0.0047603296995784,0.2929080846782853,0.0039852453083921,0.000304610104949,0.0001145208238861,0.0114968257909392,0.0047215206385225
3,0.4962670617769051,0.0237673676811665,0.0384020031051543,0.0065089761137584,0.4159465843008767,0.029631426503424,0.0001138911250705,3.718514527902803e-05,0.0359237690690352,0.0063156758874457
4,0.2386298817668622,0.0098467286289341,0.2011748504772831,0.0071953724069362,0.3609330885433792,0.0316000166948775,0.0086879451872136,0.0032204872307714,0.459081846336321,0.00716182471813
5,0.130309370269678,0.0094716146784355,0.0811849967310722,0.0114672708437721,0.7313820568554179,0.0249654973325137,0.0004191896363275,7.673227462069322e-05,0.0686944109935252,0.0111601463757429
6,0.1883296496384491,0.0347600496341297,0.0021251845936083,0.0003817481001444,0.4869820523781779,0.0144869663024088,3.660325071784815e-05,7.417434343362852e-06,0.0020535523669909,0.0004211980566421
7,0.3959256109080376,0.047233102675544,0.000481029887668,5.6737927933979136e-05,0.2438931177324262,0.0099836717387172,6.133585831750052e-05,2.1067693059464507e-05,0.0006581507244274,0.0001980527546128
8,0.0057044643242186,0.0042970874958399,0.198282128273094,0.1419638551594261,0.0185594526356327,0.0053179574156879,0.0140659770201198,0.0072778559106987,0.4162453324943682,0.269668822292651
9,0.3970529886580042,0.0495687637849257,0.0002078878616213,1.1174508822991958e-05,0.2609633398135885,0.0056788133689812,5.173302059118498e-05,2.0987623759950732e-05,0.0003975617675474,0.0001510197885751
10,0.441285168766386,0.0067593614003439,0.2232538542180274,0.0068184071417463,0.2693545963121294,0.022958669647131,0.0031270935097868,0.0007054346629008,0.2896072739477818,0.0067513029299289
11,0.1920964921662079,0.0260279109062126,0.0996411392294335,0.0101173429015076,0.5638403996433676,0.0321498814609839,0.0005771547124138,0.0001571803853698,0.0737711829206692,0.0098301977364117
12,0.0161291795647144,0.0080488594286494,1.209700867867148,0.0864906253926951,0.5989960963989962,0.0065303963997439,0.0527924140754624,0.0151109915989271,18.11134381859198,0.6138501824204384
13,0.0119398681947407,0.0103566064555088,0.2155892705429302,0.1357215051527996,0.1009639931615412,0.0687694163423878,0.009103286742671,0.0061109941591498,0.4676811714939587,0.1100315992402234
14,0.2763767646780603,0.0379427433043943,0.0004587216680201,6.782320099723577e-05,0.350842406041252,0.0130814244716398,6.0874662946383005e-05,1.790091107935734e-05,0.0005834011665041,0.0002193881658901
15,0.4854743686737485,0.0571220612010704,0.0068172967069328,0.0010843673808121,0.3007205119539301,0.0144379838550099,0.0001422052220082,3.280197265896582e-05,0.006762115188787,0.0010750183940832
16,0.309988316077413,0.0079296759352128,0.1464147101521853,0.009553997316892,0.6023679721064193,0.1456920347600637,0.0024872754657846,0.0006680722222069,0.1335752715080172,0.0094736771125133
17,0.4515373629545346,0.0208734761959133,0.000444296261995,0.0001144798398098,0.1688714889048163,0.0219403670079421,7.681433365878826e-05,1.8789774844198477e-05,0.0005437826523475,0.0002201670150667
18,0.1681945627005789,0.0213255284768671,0.0041404881652688,0.0008930921150435,0.5267275752344535,0.0168530878710785,6.69823679007878e-05,1.73221019007858e-05,0.0040154927360756,0.0008839064216214
19,0.1026765788067688,0.0247993958892377,0.0016355657480413,0.000365042664703,0.3429900710510706,0.0252587043402152,9.59634306056119e-05,1.956577714536811e-05,0.0016853929552434,0.0004454219643521
20,0.3388418196535623,0.0278259254248722,0.0404696787375593,0.0066345395771693,0.5797756208881568,0.0438025186082254,3.978600383444418e-05,1.9230978066776157e-05,0.034711043090152,0.0064338368233956
21,0.0051435302643558,0.0039897786851837,0.1888407812405976,0.1402405585622162,0.0148728560829977,0.0038943362110422,0.0119962360499931,0.0064706940439708,0.3815740959191738,0.2217146411000791
22,0.0099043279555029,0.006716266781491,0.2733217706637448,0.0915080727245498,0.2746772514451326,0.0244710250858043,0.0346693297270538,0.0130647238246163,1.1437451571194877,0.5353896144633894
23,0.1840053918532669,0.0269939417055357,0.0510171772063407,0.0086589362494495,0.6200772439819338,0.0399584509032915,0.0005005050454255,9.238445674536304e-05,0.0431201941791571,0.0082931211875539
24,0.3038186075901565,0.0482225468589584,0.0001186153036991,2.4878939322381888e-05,0.3785829944222844,0.0113561279828666,0.0001111546739564,2.952868972863529e-05,0.0004859554387899,0.0001818832016842
25,0.4170902414121742,0.0206742721777705,0.010602207618907,0.0024017673296926,0.3246545849374417,0.040453626502919,6.654459919575523e-05,1.6509527225531452e-05,0.010443040981599,0.0023428769416608
26,0.5059669599252159,0.0352313877093134,0.0001616701723122,4.5388139887328446e-05,0.1515272471326813,0.0229633840963169,0.0002466021104006,4.686346138270544e-05,0.000588531063464,0.0002198593768061
27,0.4858706061112262,0.0349724615630901,0.0155976681075076,0.0035652276017806,0.3259418508303779,0.0252796206721282,0.0001023952610202,2.1040142520456627e-05,0.0154120410588718,0.0034723859543286
28,0.0752755532882715,0.004796603599796,0.0600048680252455,0.0094647844067164,0.4012561209005055,0.0152879233455352,0.0006427803993394,0.0001273490127887,0.0575576089817272,0.0094401143854129
29,0.0194707188691709,0.0081154681868581,6.507946861406094,0.0879285269295346,4.578832874776361,0.0054755957580276,0.0605149655839548,0.0148503444918416,105.17474954143488,0.6130435796243714
30,0.3020680559258543,0.0762867343422862,0.0006446330430801,2.6088980496271544e-05,0.5593697045430878,0.003425405690755,3.9385300472525885e-05,1.4180476112019963e-05,0.0006435433974531,9.293479545485432e-05
31,0.1851194088734801,0.0093308216143548,0.1838965744771007,0.0085039355622346,0.3421210923794601,0.0854955622784362,0.0024600676439876,0.0008088017529059,0.1651444188842115,0.0084251244414594
32,0.5257346345387168,0.0595923250435156,0.0020008077290701,0.0002629649979066,0.2479154724824493,0.0128699696822972,0.0001243297421046,3.796677165572145e-05,0.0019930454814559,0.0003464576301239
33,0.1990272205780968,0.0235911667298326,0.2497304184555389,0.0077197137304843,0.2461461299329891,0.024975794061979,0.0091130324346334,0.0035349921336236,0.7693486682396263,0.0076568935450239
34,0.5002107575406066,0.0344419561632332,0.0057521341072589,0.0011550662246535,0.2220636343221235,0.0254293451225464,9.09682131498584e-05,2.5837860263828767e-05,0.005391210130313,0.0011408105157182
35,0.157228767999781,0.0086288174959175,0.3730962768663046,0.0107039209570959,0.1910211421129432,0.0970754679100917,0.0087835166155303,0.0045070243949523,0.4339125213146493,0.0106887330491839
36,0.5058460210444252,0.030475069543741,0.0078202262321236,0.0013304300884666,0.2909232426732275,0.0261100416966117,5.410951970880197e-05,1.1101661966366456e-05,0.0076572089921299,0.001304683266648
37,0.5417128527295917,0.0356294307633603,0.0014096680375548,0.0002432997870177,0.1299932476511364,0.0159714203573942,0.0002115654194753,6.001686292486063e-05,0.0016312953335042,0.0003916504682585
38,0.0102340660412223,0.0068675899465363,0.2794972157556617,0.0903357086583174,0.2797639077747837,0.0225920480897657,0.0358513549747707,0.0133447776540819,1.2915217434479738,0.5444712048013454
39,0.1717298991729162,0.0073344952738672,0.0447322249931832,0.0083986917670008,0.6056408255182014,0.0263090982311328,0.0001814995517459,4.614760504775259e-05,0.0420841827180531,0.0082123092319494
40,0.0196368373002399,0.0019275031897051,0.0318827874802881,0.0070464808723137,0.32447780996996,0.0147567116850757,0.0001448853168795,4.538537310058408e-05,0.0314686912201207,0.0070318256664252
41,0.4287134343466589,0.029722092196803,0.000892570072694,0.0001366241453531,0.1924118878296409,0.0136838935872191,5.8881919964372125e-05,1.7309255221371265e-05,0.0009214023427965,0.0002349643702457
42,0.4969985131049531,0.0303424461635448,8.249190646093292e-05,1.0080100141372962e-05,0.1603281945628882,0.0095548522434777,0.0001031333399862,2.8387130092664076e-05,0.0003253099790381,0.0001668041228342
43,0.1654398135630887,0.0187285488227027,0.0347361476881126,0.0070626898573579,0.5260543081252603,0.0158566970373986,0.0001741199727902,6.753857045103343e-05,0.0319367292445455,0.006925622816132
44,0.2029127258052339,0.0070840298889421,0.0274599439150775,0.007021338134667,0.5201225747002896,0.0840480663280532,0.0002726854041349,5.991653059543875e-05,0.0266251609594253,0.0069639629420649
45,0.1787078151763524,0.0120000382189466,0.025976649170325,0.0075018877794209,0.4633910223900255,0.0501673864276329,0.0006461829929527,0.0001394919793934,0.024350499687442,0.0073629585160125
46,0.5221721365907829,0.1084123198037669,0.0001815754379035,2.2153832676525647e-05,0.1399210361990393,0.0082381544851567,0.0001037052818457,4.2028045527241046e-05,0.0004343268105516,0.0002269316481954
47,0.1696970953471201,0.0504043950538489,0.0196480513574783,0.002615360005922,0.4513360386059111,0.0159660485366248,4.007581577360001e-05,7.495335090862244e-06,0.0190233982817528,0.0025551887823111
48,0.2535345809529018,0.0262273619664709,0.0043772917330975,0.0010442562577434,0.4695503051972612,0.0210753081635377,3.8796481696483454e-05,6.681371620952431e-06,0.0043568267802675,0.0010409502443997
49,0.0201159496202866,0.0023768229716683,0.0395887106063304,0.0085812333231486,0.3795476823414167,0.0192099496279313,0.000152415074527,5.389179352851989e-05,0.0389858531948079,0.0085653541625851
50,0.0183514444086124,0.007429001576272,6.577835155917995,0.0892530976852139,4.6470408821529,0.0061236518233697,0.0564479784883345,0.0138354216866218,102.0258984866162,0.5871110114707533
51,0.1976896786105773,0.0150693269497053,0.0967716966031253,0.0079873976953338,0.5238396334273084,0.0236350396450187,0.0003395369412673,9.736676519478333e-05,0.0878129255459049,0.0078783528498112
52,0.0856028938525948,0.007061944687564,0.0388559843807387,0.0063936794220244,0.5755058430593953,0.018946279048441,7.53658778933741e-05,2.6023785408596854e-05,0.0339867932557284,0.0062563135090113
53,0.47761498303325,0.0602620751083971,0.0013711075512059,0.000188683229493,0.1620426128772411,0.0143434590089925,8.451359547178644e-05,2.216611887596472e-05,0.0014830859562098,0.0002873201863867
54,0.1651887052247566,0.0082895214966466,0.3181866092962507,0.0063579802323277,0.1392165535589327,0.0198687736066041,0.0091968630078123,0.0028960337333252,0.4158029224707387,0.0063382327681777
55,0.2131317590416044,0.0074757049738096,0.0909279661639726,0.0110757326405519,0.6732192415527829,0.1414899168151637,0.0006440461978814,0.0001354378388718,0.07907146592413,0.0108890761889804
56,0.1731090638316627,0.0305658291118111,0.0012896421542044,0.000278116671347,0.509601369376709,0.0236386270898985,3.672724398301748e-05,9.777289495684193e-06,0.0013620344790575,0.000358376200819
57,0.4385175485769284,0.0365263122393902,0.0001264248736285,2.097961944783662e-05,0.1872318086105622,0.0117457633892301,5.650303279910426e-05,1.890374521652881e-05,0.0004519289018878,0.0001759837994361
58,0.4029159219186721,0.0226024430046201,0.0002067014881797,7.893878599485352e-05,0.2466308498540774,0.018427764010919,5.064656966972999e-05,1.0490886994564025e-05,0.0003448293443458,0.0001812649437843
59,0.2909468240529428,0.0150952799126988,0.0006486519627632,0.0001605902817906,0.4740725321280121,0.0144881868371083,2.729299648871129e-05,6.806306211639923e-06,0.0006741251598558,0.0002623848071211
60,0.2240986042871885,0.0044215905465386,0.196780339712976,0.0056520121618166,0.275622479290963,0.0513188147969222,0.0018014489088968,0.0004391933351258,0.2481284385373549,0.0055806900960654
61,0.2168913669951729,0.0114722021902788,0.2211212145496106,0.0077980117508219,0.2496856867135113,0.0245059422481466,0.0083201507254203,0.0033641261216683,0.4666352808552594,0.0077595238932143
62,0.0185956788810839,0.0076151330568996,4.062308764979215,0.0890792941150069,2.7832267432255,0.0057432767852368,0.057343415311759,0.0140949902694136,69.62245070344679,0.5946279862895754
63,0.3611527407442376,0.0151789823387318,0.0079423660499706,0.0016365505390612,0.3036865346140477,0.0249299481754284,6.248566239702934e-05,1.7600739816240653e-05,0.0077087948224058,0.0016597220531516
64,0.0183007532453697,0.0074997931295121,4.371246971914895,0.0891091133270659,3.003316997361688,0.0058715666287576,0.0564190709455547,0.0139160098236166,72.68290187988869,0.5899507972735903
65,0.0101195255718482,0.0084400868498402,0.3272230416550062,0.1383621465799016,0.0958272802340879,0.0745365649207171,0.0082198579275386,0.0053514255255223,0.424043718093226,0.1132938893231488
66,0.4426682507182874,0.0399290436202596,0.0001144337313302,8.711315382762588e-06,0.169142935039916,0.0050660076799405,6.47962493280811e-05,1.8417923882235316e-05,0.0003287385368724,0.0001546143886862
67,0.5605180989633025,0.046702811478354,0.0033001387460298,0.0003820762177172,0.1985124515129237,0.0276715362157931,8.728515498412134e-05,1.752025355549465e-05,0.0033552287923486,0.0004341241023696
68,0.1576654276410994,0.0097264219396943,0.0053260323960531,0.0014180960104471,0.4779611874549285,0.0191030203341486,0.0001725180108551,2.4907615284940985e-05,0.0053189135156762,0.0014154975671602
69,0.1296387651146124,0.0140947419459279,0.0956549157830556,0.0086643688434854,0.4231916175057262,0.0306093121259196,0.0004952530630208,0.00020211153625,0.0859217062888426,0.008782965830968
70,0.0060981940853344,0.0047980321365858,0.2199496216941801,0.1311048796937881,0.0743537784280615,0.0210864922167401,0.0168525969469698,0.0087673025581476,0.5148749702891233,0.3342214008927647
71,0.2823249286457176,0.0273976348784564,0.0689526143173131,0.0096356235418958,0.6278244796535407,0.0376301605935629,0.0018067312650907,0.0001730664583452,0.0619731523796805,0.009424716289794
72,0.4002624774767867,0.0272237356000216,0.0009550256989979,0.0001703601859794,0.2236627186177699,0.0171309164543386,6.187081123270195e-05,1.5307944654971276e-05,0.0010551152881982,0.0002752780059049
73,0.1330821585143875,0.0137691668882628,0.0480836867692481,0.0087314133858661,0.472014221180945,0.0386003417834622,0.0004936171627327,9.932414648572406e-05,0.0425410651290999,0.0084014113734576
74,0.156060070743941,0.0095280239937869,0.2018095268243407,0.0055512277633332,0.32555293782031,0.0226571223480879,0.0208470658986902,0.0033029373432519,0.465947016469758,0.0055214724863079
75,0.4970362934736032,0.0779767347805685,0.0002405104749506,3.0424283967775173e-05,0.1510080747501032,0.0101166437593768,0.0001066147493434,3.242762474951455e-05,0.0005035344206571,0.0002143268598849
76,0.1140281756648225,0.024513743023176,0.0087463633163029,0.0019844478177059,0.5090018659586272,0.0248482417158072,0.0001110757832702,1.7369341618770184e-05,0.0083080650127719,0.0019327519941185
77,0.4870535734831071,0.0256425263047808,0.0036671637554348,0.0006619233716628,0.1940112420062984,0.0303260392734927,0.0001129226155171,2.4448524398911644e-05,0.0035884851227758,0.0006617245249921
78,0.0046349340702392,0.0035184098433409,0.1798978851119956,0.1452161346134607,0.0263137702168878,0.00725630539889,0.0091706654684637,0.0050367854703719,0.3181663195726473,0.145589911873447
79,0.1293323660010506,0.0258257169140994,0.3017504030167607,0.0052878074717371,0.1490351451643325,0.0250984820636548,0.011086920741171,0.005094102141508,0.7513336744329818,0.0052565582702408
80,0.5463082816254806,0.0575994846743863,0.0016007359698506,0.0002029514408422,0.1407231478717659,0.0173718553733753,0.0001635277298356,4.772890544615924e-05,0.0017627917824756,0.0003305914686994
81,0.5345262488812681,0.0580207707399742,0.0006742736438125,7.35255133113257e-05,0.1323674302712379,0.0140085699623653,0.0001962613427411,5.418828925209669e-05,0.0008433038139103,0.0002616366756242
82,0.3588426096039716,0.0383556911951854,0.0338816497583869,0.0052047509676018,0.4269599899636007,0.042733680145853,2.963381270612993e-05,8.729477347972867e-06,0.0322908415053936,0.0050777205864005
83,0.1767818998937136,0.0057407562512458,0.2292149221338799,0.0421677117213264,0.0983112567644367,0.0320376301961626,0.0255694754456338,0.0050649567910892,0.3368801049308461,0.041792057367113
84,0.5659526830838044,0.0447427615454155,0.000945113212291,0.0001633128782215,0.1513425412219754,0.0211830104001232,0.0001743877821177,4.787496014573063e-05,0.0010697856735708,0.0003042598773003
85,0.2871565707718876,0.0343420417228842,0.0350818104672824,0.0057861443624059,0.5492207559829639,0.0309146607843507,4.3368533757384085e-05,1.968345191777841e-05,0.0328154127117071,0.0056001889101305
86,0.115358687286706,0.0075150790948186,0.1904709399008937,0.0076195953044128,0.2981127977983279,0.0451015440373845,0.0037886269849537,0.0007854102323964,0.2452155215820865,0.0075400358377534
87,0.2514509578505242,0.0318031392398051,0.0049444307416613,0.0007459971687903,0.5245069682621893,0.0213865180335728,6.44237769525646e-05,1.1427608728947948e-05,0.0049093838255406,0.0007190563306338
88,0.104052173012515,0.0116875684385619,0.0396920797297414,0.006738251679088,0.398204989748157,0.0185584310128042,0.0008665329180537,0.0001542709455336,0.0378208923134135,0.0066249565949372
89,0.2696771994999767,0.0082783192963498,0.1976060601243549,0.0310338452358102,0.1400855292032647,0.0529367010010351,0.0235719805534362,0.0050655995837954,0.4192283745985146,0.0310085999704645
90,0.3846735487757992,0.0477730847943802,0.0001994973481681,2.169377203822585e-05,0.2579839861136253,0.0128666490623602,7.889335986489475e-05,1.840054981396004e-05,0.0003541065440016,0.0001565301511783
91,0.0074193151352189,0.0055634798243812,0.2397123835305496,0.1068309641561169,0.2175242713584257,0.0493752997981499,0.0229797264386016,0.0105600658218255,0.5816211000942209,0.4350043597522195
92,0.2404447018719486,0.0390523127953579,0.0432599893950115,0.0032328208277652,0.6474482667948375,0.0180497994325537,1.207824291832415e-05,2.628602206836244e-06,0.0422376546046151,0.0031650548090236
93,0.0142060869449504,0.0078494788660971,0.3829775678246355,0.0865097054209849,0.3281231007421542,0.0081605805416264,0.0478704674556493,0.0149410665752811,6.842764082219915,0.603993671503177
94,0.201850887611177,0.0108599373254802,0.0246441062743296,0.0070223199900226,0.4925299586566334,0.0681832605680833,0.0003615969837727,7.740493396622481e-05,0.023773547537176,0.0069065478719081
95,0.0390378458508849,0.0070612296522199,0.0132444253149311,0.0047311065964119,0.4042271519381237,0.0099885815718001,0.001167389249039,0.0001416857166617,0.0131477263362818,0.0047262185535093
96,0.2175104742933993,0.0105953256214618,0.288683228058244,0.0073190604455298,0.2102455509587217,0.1117136540498042,0.0086133465757382,0.0045855455079211,0.4787699793389121,0.0073010304343954
97,0.2320809106760412,0.0118392284916661,0.0237350247666681,0.006477913843927,0.3475863883007755,0.1101212851044542,0.0005601649643209,0.0001295668625751,0.023189807766421,0.006395365451415
98,0.4706326732455801,0.0445225661092299,0.0082130758602904,0.0018406935036063,0.3598918648219805,0.0251073723848808,4.123751148876061e-05,9.872370193543956e-06,0.0081695725824985,0.0017988386237074
99,0.1800436422575916,0.0091774125496635,0.3097347231543229,0.0109736558259079,0.2135481653229211,0.0780661264159305,0.0160024455448572,0.0041933971228115,0.4231664579062489,0.0109258197681174
100,0.4796264224291192,0.0863604408674001,0.0016513173296387,0.0001357865994631,0.190465082394174,0.0121544510214024,7.633617702689103e-05,2.1736251947503083e-05,0.0017924919737289,0.0002518800264
101,0.1284861000633802,0.0097634002144454,0.2977972695363814,0.046220797066783,0.1493810855048544,0.0639208356954939,0.0240129061020603,0.0060225395249117,0.4431381153465955,0.0462242974474837
102,0.400486513325185,0.0312047331537036,0.0030147305944768,0.0004770229492878,0.2478322090502931,0.0216761959291565,5.3573266715933536e-05,1.0977824192569851e-05,0.0030500186073259,0.0005012280707371
103,0.2362555198063015,0.0115274750303791,0.2675697408328698,0.0170061204508014,0.3361672162040074,0.0874211482073297,0.0228809816359869,0.004905021189846,0.4300066682909146,0.0169286411107107
104,0.4664964263371796,0.0451075245792175,0.0005369080191389,7.923512277681913e-05,0.1590289419795325,0.0135651365906984,0.0001036297221462,3.199023063614239e-05,0.0007478463349198,0.0002290774288303
105,0.2620668853951037,0.0105683129991601,0.3073610793958509,0.0101708912760009,0.4409910191835737,0.0191436894989249,0.0132652638956395,0.0036551775010919,0.4470975080436027,0.0101091024167031
106,0.3686325702848069,0.0095019109815819,0.3449256795625584,0.0074906618266983,0.2981336777380207,0.1529039088870246,0.0083931691044081,0.0044206647159302,0.4620107121734541,0.0074797976197815
107,0.0088098869179195,0.007525316949753,0.2017722429558679,0.1369451951099458,0.0951696751242926,0.0623306518711541,0.0075670453473912,0.0051884005077086,0.4188866800006109,0.108610680146949
108,0.1534676809505936,0.0214692581999989,0.0045552587912505,0.0010860978356523,0.6038651252667543,0.014815446630588,0.0001170329520066,2.426770821228706e-05,0.004387129360164,0.0011027893446805
109,0.3450967822415886,0.0114642696058703,0.3879165576104713,0.0187647740301938,0.1547689960060947,0.0664217652884337,0.0135193958387809,0.0055419523474263,0.4697509512742757,0.0187732701832114
110,0.1305691329044568,0.0063255551353093,0.1899896254293447,0.0087222426589634,0.1220458152405065,0.050670960800416,0.0078839501952557,0.004020618925006,0.3741808457264382,0.0087040490689429
111,0.018784491408571,0.0078432869692988,3.1171826049949445,0.0884940475772209,2.065758265019383,0.0055094737008534,0.0582317427155885,0.014410924110214,57.8717949222168,0.6031118273640123
112,0.16630021782225,0.0080737397167978,0.1846573005519964,0.0060781609337955,0.1821960147321491,0.0257632412252782,0.0077316223441558,0.0031720930892726,0.4151490953374696,0.006070178759685
113,0.4999938382749003,0.0209313001732718,7.913347476668873e-05,1.3417749478011447e-05,0.1562884090316953,0.0116319478678279,0.0001006169502812,2.5815415093065768e-05,0.0004004500490159,0.0001714006014307
114,0.0050270133072722,0.0038237640023417,0.1917762045696902,0.1439826028770728,0.0158071282951017,0.0036870597796419,0.0117460348426594,0.0063590340898327,0.3924441187016279,0.2038565774521725
115,0.4152416773053489,0.038981383573288,0.0015603491856115,0.0002298962644239,0.224556626350609,0.0238728561015323,4.101543929430445e-05,1.0628161779485843e-05,0.0016827968844697,0.0003227744879347
116,0.1429730757826634,0.0313462944557965,0.0126222814966457,0.0025108327509627,0.5844206404808852,0.0173690211175466,1.4458580717132043e-05,3.69672174608874e-06,0.0120538042701991,0.0024460320520154
117,0.1161911662549872,0.0086046961377115,0.3124125328805242,0.0156959255962423,0.1000352200363068,0.0390688050427969,0.0096279759814308,0.0052048876732474,0.4400014751633333,0.0157095583301497
118,0.1668699006848578,0.0170816702387544,0.0358837406854736,0.0062989323842479,0.5161960688605353,0.02284801967425,0.0003416939709663,6.591763021561671e-05,0.0335349616605957,0.0061052186677906
119,0.1069706328730584,0.0119017616424532,0.0335721146066437,0.0071035943342365,0.5430862390072269,0.0410368130880219,7.607601664588149e-05,3.3912759833263145e-05,0.03258551877902,0.0069086766743476
120,0.2123131256840478,0.0084166241389822,0.2310935689347797,0.008123602044169,0.1400548009127151,0.0421458916569441,0.0083111783316212,0.0035406356386627,0.428499719623815,0.0080874272157281
121,0.2273781439866465,0.0089939292913541,0.2690283807495112,0.0103931495710492,0.1278624333740631,0.0391219776999116,0.0078764766746485,0.00444493512563,0.448941189270577,0.0103335753493751
122,0.5394930982224877,0.0313979041201753,4.481353040320852e-05,6.79899582671984e-06,0.1364904008365217,0.0102072360814882,0.0001401860073409,5.515033797959536e-05,0.0004437641184996,0.000221343766408
123,0.5061441806483193,0.0561908730611593,0.000525058638857,6.822513028936674e-05,0.1481452097275619,0.0160571094840625,0.0001074580635284,3.5484040915866684e-05,0.0007324603578382,0.0002383729244851
124,0.0057440407516171,0.0045227137944946,0.1840413445219898,0.1559611851621867,0.0237411099504967,0.0063201744429984,0.0104321809778508,0.0056720836151939,0.3494829558191024,0.1689855277150196
125,0.5330579000105771,0.0700589674239479,0.0022778330100647,0.0002073633426876,0.1911924207763889,0.0171595872272095,0.0001172004477363,4.235185915039943e-05,0.002415664519756,0.0003235846690651
126,0.0765617924554294,0.0100250201611478,0.0606420558993889,0.0100298981027084,0.3694387301301766,0.027756026170363,0.0017445922503825,0.0002027071463253,0.0569784998777393,0.0100483087179249
127,0.0173241931089923,0.0072444532636185,4.203307692344893,0.0893693705284653,2.860530814275819,0.0066881549503283,0.0536164381107482,0.0135961120808091,67.39469819828024,0.5794375049064014
128,0.311592272761123,0.0083046083713823,0.2726604637881619,0.0131887074660174,0.1807892619732652,0.0959329583017813,0.010451291519989,0.0040526062814233,0.4123764277035213,0.013149771112072
129,0.1616301913190254,0.0099370972890215,0.1949601458443438,0.0079303276302977,0.3843732339011205,0.0179860328603085,0.0116743954412936,0.0036264319555485,0.4512720848569925,0.0078870293473499
130,0.0086776225328974,0.0072009907667156,0.2417961873215617,0.1388945715647397,0.1008679600369311,0.0714402820871325,0.0084623059393865,0.0054273713722615,0.4111301235719434,0.099770423907464
131,0.0120283248688808,0.0073611022867298,0.2952069453153427,0.0876393713311016,0.3017133072581772,0.0126312370539537,0.0414375283185515,0.0141514426304462,2.852178089605303,0.5750935727370055
132,0.0477597935727866,0.0040629032334047,0.0112552857292193,0.0051268534548702,0.2673514552091973,0.0087233010526268,0.001036900109616,0.0001019429417854,0.0111351419589716,0.0051071816761017
133,0.1993796268359755,0.0107305170398422,0.23225157454643,0.0175343247797312,0.2132263438814587,0.1047620134632171,0.0213687902540035,0.0055480512516357,0.4280878617861658,0.0174941551627605
134,0.1768665714708703,0.0124382780382396,0.3136309031527948,0.0097917517859804,0.1393379436787848,0.0615637574429757,0.010281644707859,0.0051650540341586,0.5019540665329268,0.0097500816418225
135,0.2443392066186776,0.0104691512601666,0.3373017933882354,0.0159823660736419,0.1187400702904801,0.0527509777871824,0.0082449984492032,0.0052073902303904,0.4620426783522746,0.0160262992817379
136,0.0140101195043327,0.0031718488697307,0.1343624548915435,0.0101444780844488,0.3628688390255033,0.0155703733491853,0.0001930866999919,5.313303883433466e-05,0.1193642264897302,0.0102188016781916
137,0.0081136390450487,0.0062671363046285,0.2799085438546297,0.1422838939694671,0.0919116671262592,0.0647937907726494,0.0080392920128774,0.0049417712456752,0.3893052946762271,0.1211882584826952
138,0.168099679378576,0.0331326264755312,0.000387866301405,9.196766719396054e-05,0.5364290711264523,0.0119080077255392,2.6115913012768768e-05,8.063452760327538e-06,0.0005838206543407,0.000216275212472
139,0.378445408889769,0.060597387498263,0.0037569433893961,0.0004583458948463,0.2638389360262751,0.0165472882697744,2.5899231677219496e-05,6.697399006445448e-06,0.0037860907585678,0.0004925435580347
140,0.0720473878486503,0.007805777758313,0.3089517039594852,0.0513800290309306,0.1072311325127422,0.0360860803786202,0.028188790875381,0.0051378021431753,0.4233694885699597,0.0511782704542516
141,0.0808138494730331,0.0124278766957159,0.0199134820328791,0.0047146529426737,0.5232055424598606,0.0237854797314381,6.971358040688735e-05,2.2465365051281185e-05,0.0194356812239403,0.0045859871075681
142,0.4125656643311387,0.1122190914724702,0.0003356517003341,4.126177767807899e-05,0.2200096573949228,0.0089996233780091,6.48659272411223e-05,2.117788557786747e-05,0.0005317444169734,0.0001906116477819
143,0.204622103149775,0.0108565496615768,0.2594408855951568,0.0096322322996304,0.3145464459126362,0.0168153372218973,0.0230175879874745,0.0039476146053807,0.4145943675673731,0.0095819645518088
144,0.1624724994664903,0.0104246288219406,0.3165920131305838,0.1318686906206358,0.2139856533899489,0.0897522272099656,0.0513185679346182,0.0062089303046035,0.4229701891757986,0.1311167757268833
145,0.4507545156636082,0.0336643351249169,0.0003926830658199,6.240959154542672e-05,0.1668558379811442,0.0245909340686376,7.935836814538223e-05,1.9247438634784436e-05,0.0006392255338845,0.0002172414699727
146,0.4815383050869641,0.0440312388238986,9.340769248244912e-05,7.1528618028668085e-06,0.1629722229508285,0.0047806485220052,9.048291137687176e-05,2.2532428937822507e-05,0.0002917337811633,0.0001607273072312
147,0.1866766325062312,0.0077994563375692,0.2397109135066615,0.0065691602453354,0.2328175300972904,0.0193952274626125,0.0090840837415419,0.0030054124937665,0.416795949566166,0.0065272168650212
148,0.1580801439132299,0.0071019641357947,0.2468469598935063,0.0064623409316015,0.2293505304253114,0.0401352720197094,0.0073467747585942,0.0027609815871274,0.431378893333114,0.0064212392568562
149,0.0052556894623394,0.0039569689855108,0.180883932043239,0.1490638235566439,0.0231843029510591,0.0051951861790105,0.010544721391188,0.0056061620913646,0.3291924118587203,0.1748670804479075
150,0.4569679448188008,0.0621833918053385,0.0020813060225613,0.0003368116639801,0.2610397245607756,0.0207712323806179,5.52280890530329e-05,1.2733587998906457e-05,0.0021998509350654,0.0003971309096394
151,0.5728850473782575,0.0088351912792082,0.2066898229689731,0.0058431537632433,0.2990249397487189,0.0229974896132306,0.0073140122877977,0.0030306270241183,0.4497780406232635,0.0058365581642636
152,0.0072909963417817,0.0054763775780447,0.2323158317131359,0.1077229191499649,0.2137809852654086,0.0448362003395074,0.0223725925047941,0.010305445069954,0.5685343420933715,0.4299238179626307
153,0.030967535130977,0.0089341255922368,0.2655066585470061,0.0234884540859792,0.0938828283119053,0.0214276361984626,0.0091202381946324,0.005558809674955,0.4319454625912874,0.0233358136536145
154,0.190999649084023,0.0069085908010653,0.2152851820695866,0.0057701436907537,0.2946923157099094,0.0201520351455235,0.0086146026164927,0.0028249430522801,0.4008934644508033,0.0057724682715341
155,0.0142528505257999,0.007735242333144,0.2406823673551318,0.1502161597594701,0.0900130635470741,0.0387969840164362,0.0101329987550006,0.0051807979979654,0.4256383265208913,0.1449694110708902
156,0.5248693783067451,0.0259451789589855,0.0048751145136144,0.0011868406004671,0.2508217733415225,0.0222308425805874,0.000184624447607,4.71840847150017e-05,0.004904270230276,0.0011895119043408
157,0.0187708951181291,0.0081676691420679,3.399440778071253,0.0877878124298627,2.2453916722926976,0.0055511926132093,0.0590403295203395,0.0150347321032926,58.804873556894414,0.6170501158157723
158,0.2244405424001241,0.0093260955980835,0.2280428835062578,0.0121877270229477,0.1828887769503993,0.0874079166871245,0.0151467734260597,0.0044743767786887,0.4379828244525546,0.0121810988539061
159,0.0930317647348337,0.0103045370042985,0.011167659499158,0.0030885810573343,0.4162786765981114,0.0331198427837932,0.0002173794917565,6.468080776514385e-05,0.0109448769249299,0.00305019719629
160,0.0096363467867427,0.0082669726798599,0.2121818630763363,0.122309835615918,0.0870326395673029,0.0538427991422323,0.0077748230214777,0.0052649799636778,0.4300236734617597,0.0992641901919928
161,0.1188150208259781,0.0066659382657564,0.1858658967681389,0.0103714602407965,0.0805725026719598,0.0287529514530387,0.007448208895273,0.0041159287334257,0.3741783741533968,0.0103466849955303
162,0.4442383072960036,0.0310989674910038,0.0001242327488968,1.7656957027731265e-05,0.1777058529439003,0.0122970763902252,6.861152698355476e-05,2.1635536287860947e-05,0.000303150633594,0.0001558096357825
163,0.0118536070423324,0.0101476280779096,0.248536736200081,0.0594335232117816,0.1045921222055778,0.0367180986694585,0.0095445786491219,0.0063832645969236,0.4651035689612585,0.0592274811216135
164,0.0665259372174293,0.0075593925211219,0.2272680451357831,0.0070784081729453,0.1216897499316302,0.0430455785113729,0.006559584271404,0.0037521132162118,0.4222780619571257,0.0070632358828072
165,0.218789160534941,0.0090993282614841,0.2531683657965989,0.0072388044490276,0.2823487490805584,0.0216400342361,0.0076018221513949,0.0033832648679345,0.4450423415389131,0.007216667366731
166,0.513570181684862,0.0368120247821488,6.876724702896708e-05,6.875140694745664e-06,0.1491382881902549,0.0064280656776008,0.0001091285624153,3.067259408169727e-05,0.0003161152354759,0.0001795700244864
167,0.3464434791782441,0.0108963152443498,0.2151896543970903,0.0101932316311326,0.502295841766284,0.0278987984540258,0.0092819373197304,0.0037212632741982,0.4926512353047907,0.0101335114132095
168,0.3458755583389559,0.0099799202019513,0.2601361357024399,0.0378654653451705,0.1613980074590835,0.0610692862349017,0.0236777158690235,0.0051800667510471,0.4448736094169911,0.0377552243827693
169,0.1416682835292132,0.0078211086318246,0.2405356164213093,0.0102042226134142,0.1577293901082376,0.0614681311173122,0.0117217283007699,0.0039732591944584,0.4153124048839742,0.0101955043424824
170,0.3443058980888149,0.0091246517118447,0.3625665221420189,0.0102084605294351,0.1718652641713723,0.039055847610907,0.0093324338040088,0.0038992971057639,0.4390291099898661,0.0101519153496216
171,0.1931343760028842,0.0224936938256764,0.0012164793784334,0.000329277812909,0.4634481130880498,0.0090782385086066,0.0002374490420665,3.26860379741823e-05,0.0013063530442335,0.0003625573525046
172,0.2255993439295159,0.0122315397421968,0.3033506434843476,0.0162207517996913,0.1488199130791856,0.0623149289521329,0.0176185247582297,0.0058105259319434,0.4763305767542971,0.0161940107419313
173,0.2065099830248972,0.0274511439176141,0.0005848119368679,0.0001143883772177,0.5296406511473295,0.0156584551954923,2.1868815564321756e-05,5.333732666614211e-06,0.0007548008568997,0.0002469669183923
174,0.1329985546702315,0.033584203261892,0.0028579406912854,0.0007856011750158,0.5010329758589457,0.0250367956947978,0.0002385113018119,4.267445778112926e-05,0.0028453993096945,0.0007896680014363
175,0.349124411597982,0.0084583019111961,0.3433931923105672,0.0133404046989621,0.118413235208061,0.0487993377008812,0.0089435313175648,0.005205285726758,0.425639104246921,0.0133432871860371
176,0.0097646950396202,0.0079040592734074,0.2334929949126429,0.1541668585063386,0.1037803078626692,0.0761830100743957,0.0094095563401099,0.0058134995831869,0.4280700986368621,0.1105412852646019
177,0.531724908349732,0.0273016284248371,5.18108774819228e-05,1.3713167070272744e-05,0.1417244317641596,0.015170231801352,0.0001668974064979,4.923495872527828e-05,0.0004894434243826,0.0002080854310893
178,0.2464633618460622,0.0081418532849689,0.2589571894878588,0.0061041907529186,0.1458250741753162,0.0277310691068467,0.008675015539597,0.0033290765849349,0.4302965942376033,0.0060920437513943
179,0.375004563560414,0.011660536165664,0.184983665343993,0.0393864387136426,0.1437221067307501,0.0809942494510475,0.0242298917990879,0.0065707891076695,0.4080707771162458,0.0394036146171659
180,0.6205805868335146,0.0091993926130368,0.2156823081405752,0.0187868443973049,0.233368012200559,0.1284298565614874,0.0159069015607346,0.004939035419397,0.4228919015927521,0.0188157574488874
181,0.0053812267623575,0.0043860586762805,0.1747270098447165,0.1566972067696986,0.0301251806760088,0.0126968560360896,0.0086632110692113,0.0050186911904038,0.3461837882927659,0.1334044638614983
182,0.3327819101611034,0.0380900429929614,0.0004637777325026,8.246773360209188e-05,0.5420869903003293,0.0097977961857308,3.737200193044715e-05,1.181554310286048e-05,0.0006545417127399,0.0002049410947316
183,0.1538898814781404,0.0087844939664534,0.1849192952218495,0.007458501384805,0.3126748567262653,0.0212574605034085,0.0113826170905787,0.0031947557571374,0.407387786556818,0.0074227935491137
184,0.3931793186915071,0.0322186214113665,0.0002202767914673,1.4706299853053514e-05,0.2585695188365188,0.0059864829703223,4.378822872068379e-05,1.286116952768478e-05,0.0003705817703149,0.0001309225096811
185,0.4411067311496823,0.0101845995519177,0.3461272052612377,0.0086079005296734,0.2193450612600785,0.120348082058114,0.0089097605978635,0.0046795193924836,0.4563105676836099,0.0085916471370417
186,0.1536284405237336,0.0094569842721232,0.2857921877520392,0.01021058734934,0.1610321223337726,0.0814786083117527,0.0104664916334418,0.004095465090551,0.435171633731793,0.0101785656293699
187,0.5423650725953592,0.0300988672026751,0.0004182189669599,7.724824606697345e-05,0.1278779649976492,0.0143874945472515,0.0001554370666607,5.735360377992135e-05,0.0006180249708523,0.0002755337933039
188,0.0050184691148625,0.0036206876748094,0.179961290916039,0.147695681984077,0.0221650693820371,0.004671098590873,0.01055892571997,0.0054556409236626,0.3342001231688785,0.1830022549777464
189,0.0177759121613098,0.0072772565896585,6.825638871392181,0.0892899883407966,4.80597170214958,0.0065766512181754,0.0547963185968954,0.0136292141379371,102.26176946846054,0.5806047357785091
190,0.0719506077910041,0.0078497673952452,0.0335739061096699,0.0073617450918407,0.3189821622198257,0.0148032198751341,0.000727375614424,0.0001959462039375,0.0326333340654263,0.0072773284679745
191,0.1510763970025002,0.0142720167550966,0.2394450203519652,0.0096255088167809,0.1811712273760132,0.0226977236180981,0.018344858758743,0.0046040585190125,0.4532872519976469,0.0095914793644299
192,0.5359975027249624,0.0838451454645387,0.0001990838523611,2.515943995351854e-05,0.1388821193568802,0.0111947967362697,0.0001063452530539,4.786175915283869e-05,0.0004529697657952,0.0002386821594742
193,0.1361361753978392,0.0073080583559736,0.1751199745851504,0.0074323163527399,0.1816975787370484,0.0499778590129646,0.0087252050817442,0.0033158968468555,0.3989869297482631,0.0073977913593802
194,0.3161744099884093,0.008622090135413,0.2015766686682936,0.0083675495672687,0.2345093743215484,0.0280469418386406,0.0100782549538645,0.0034654840817796,0.4350853316890343,0.008337063475645
195,0.0953766221712284,0.0116038142493706,0.0015634699393051,0.0004531596021508,0.3984821092453092,0.0142399196818361,9.117870289145728e-05,2.0028654148070044e-05,0.0016554505639257,0.000494733047775
196,0.1452192428994995,0.0222611855155758,0.0055220360963663,0.0007855103674633,0.5874788842003268,0.0177503656658471,1.2663750529000369e-05,3.3880141787554577e-06,0.0052275762027408,0.0007775269309981
197,0.0056451185773241,0.0040908621411184,0.1851510465393087,0.1515610277259336,0.0177901427673925,0.0041069799546965,0.0124175809696125,0.0062365568559593,0.3525252223403712,0.2210212401258465
198,0.2934258059142026,0.0390597407628904,0.0133310546098445,0.0023943490094658,0.5819203029306282,0.0215746570743481,2.0337205760106624e-05,4.5827996325257575e-06,0.0130408505283679,0.0023226444176346
199,0.2262979359627479,0.0092600307509466,0.3173536705935295,0.0121036392500879,0.2551479704650388,0.1362885723541641,0.0133974328958843,0.0048104925353274,0.4365930892388281,0.0121133983748753
200,0.2402721625004332,0.0090057462909448,0.1843596261919425,0.0074508381625146,0.2489134933026521,0.0156566149081686,0.0122797912073648,0.0033606828700519,0.4198680327569842,0.0074279227977811
201,0.0289624367232388,0.0021850044057483,0.0119965391188659,0.0049027157215224,0.4269557925199506,0.0070657184390144,0.000309151574063,5.287944896842222e-05,0.0118768643444061,0.0048951859742311
202,0.5001142202281293,0.0529832156111547,0.0004396131646452,6.467929575863267e-05,0.164483213999307,0.0108770560521392,7.527156220220728e-05,2.2094105143077908e-05,0.0006096768004679,0.0002110093530234
203,0.2650348556655319,0.0082091487625037,0.2215092236935044,0.008852660299793,0.1837256739835718,0.0230938643482128,0.0085009196569336,0.0031451617923827,0.4084882499130897,0.0088298979379248
204,0.1968327674827869,0.0093111391693695,0.2538076414639215,0.0064117740820878,0.1752577929847539,0.023463706877905,0.0087846954581597,0.0034548273441392,0.4460867544613714,0.0063928587889553
205,0.0098860999725413,0.0085883276391643,0.2926798586887364,0.1417554663208388,0.0809716557490871,0.0577933281649961,0.0086808251570802,0.005815666091231,0.4270284108722977,0.1131553860778239
206,0.2667844706288068,0.0078782796826792,0.1885986543217984,0.0062636224277791,0.2054335169393874,0.0214109948041028,0.0073711886585849,0.0029375175679693,0.4273186476048771,0.0062532257251558
207,0.4329038244601043,0.0215388517564354,0.0001257571546515,1.6627718243436716e-05,0.1848692053570875,0.008101593849392,4.905226994139469e-05,1.2317398542227045e-05,0.0003615466001754,0.0001532367651705
208,0.0062968284980481,0.0048503867255694,0.2746805453588957,0.1667029009075776,0.0850940132097544,0.066897477638768,0.0071072790883397,0.0043225103050805,0.3641530055143681,0.1065957618469644
209,0.4733545265957588,0.0604352637649797,0.0003503472294391,4.455068167540662e-05,0.1609982960967024,0.0139571502014341,8.538791496962538e-05,2.5868990138398423e-05,0.0006452484656421,0.0002091302920671
210,0.1885569758078754,0.00704152857387,0.2612606523253897,0.006557369666236,0.1528966098329462,0.0619754918396274,0.00696458107072,0.003179876226585,0.4209267337877356,0.0065423004214678
211,0.2402141070522644,0.0071300354878772,0.2028906505409305,0.0082771855194287,0.2669695484552107,0.031233903844305,0.0096153628399758,0.0031426651122423,0.4128623747729192,0.0082414746360063
212,0.4454462775230541,0.0784065622307948,0.0003005455663126,3.879229271167289e-05,0.1670906315844877,0.0076904468628876,7.309830991073181e-05,2.2519813600359155e-05,0.0005148442160736,0.0001969387175647
213,0.1840550859045532,0.0110724963065542,0.0223884687440097,0.0047372546018163,0.3500133474498744,0.0164089469508004,0.0056844858647155,0.0003148524082545,0.0219466764252172,0.004731796985959
214,0.0171948718370296,0.0082007573362207,1.4669883858566213,0.0866108214136707,0.7919971163538516,0.0060073960401782,0.055583488021612,0.0152667980738498,25.660239476431457,0.6192591409950413
215,0.1293219544901753,0.0067228484491032,0.34511894161553,0.0074892206378235,0.1539855919249751,0.0726836488047674,0.0077997888889125,0.0035943100733789,0.4095261363765918,0.0074538985577951
216,0.2276103752840631,0.009005632184288,0.1943605495102541,0.0090372130437533,0.1699131329449474,0.0365128354277631,0.0107332440731566,0.0038787223503399,0.4338012099143589,0.0089890264714241
217,0.4095750201891304,0.0081128586820171,0.2920396767584623,0.0187085693490169,0.1581097932958051,0.0723830028315656,0.0171928466582361,0.0050091700304394,0.4103680454083137,0.0187704537081893
218,0.0085901932542842,0.0075778733604114,0.2293036724189704,0.194029209348473,0.0518691771632431,0.0322644906509381,0.0107256908541202,0.0065705841719138,0.4266552768696753,0.14442455797416
219,0.4702365206878448,0.0398756128631142,0.000296833933823,4.969500744468906e-05,0.2269317641982071,0.0109428790218039,6.232175169007927e-05,2.269876850503372e-05,0.0004501030144408,0.0002007382376872
220,0.5326017560989037,0.0085166777094834,0.1960702991163173,0.0072242758786961,0.2531932399844129,0.023875213052691,0.0075889203300313,0.0031587829933494,0.4402719716055209,0.0071997495097383
221,0.501405530073082,0.0246562888872084,7.903497386495877e-05,1.0164355986202631e-05,0.1585332880064153,0.0099266063491233,0.0001067044497802,3.0999638421611454e-05,0.0003229453862669,0.0001735710348583
222,0.0059619549637782,0.0048764892963794,0.1831064811661715,0.157984917802246,0.0248969819795107,0.0089050403374164,0.010122534376453,0.0057335309512071,0.3679521210976499,0.1567331511121894
223,0.4190239693039474,0.074489696702372,0.0005201357275483,8.849488356734774e-05,0.211718173682547,0.0098071277962435,5.212139218562541e-05,1.5627177245695387e-05,0.0006262673013862,0.0001962640807635
224,0.4493788187376567,0.0318095371228484,0.0004497488617059,7.047835522298313e-05,0.1680815454528036,0.0132292164136344,7.140886887784746e-05,2.092144686427635e-05,0.0005641578494106,0.0002146241692726
225,0.3796681063707569,0.0067090254488257,0.3260864271822057,0.0075900129776103,0.1213020245347942,0.046106172419793,0.0072396922769408,0.0039865391758445,0.4113840040615226,0.0076227895575616
226,0.0093555939452014,0.0076613511510559,0.3090338364421184,0.0309280515021177,0.1070957106287015,0.0335901889688232,0.0084586403067816,0.0055167671448459,0.410640180943586,0.0312052945129359
227,0.2496290530572701,0.0098538435920733,0.200069203536896,0.0062436932973264,0.292953424818348,0.019479143796662,0.0082198505866445,0.0033056251145445,0.4614223425336133,0.0062372116363307
228,0.3569718016988333,0.0059124126708124,0.1742669646945647,0.0156573421903556,0.1301075717400339,0.0437541080842392,0.0094421303828182,0.0043675304691354,0.3566847790828423,0.0156028901295743
229,0.2328437617174225,0.0077870915108947,0.4736327708322421,0.0124473149439921,0.1237822413577221,0.0502490946546686,0.0107617591513483,0.0044205348730107,0.4032704420147061,0.0124434061017332
230,0.2004915729990383,0.0070831207680355,0.1633748730015695,0.0064943800263627,0.1969184094426634,0.0210325233791898,0.0102815766468006,0.0029689643433657,0.3829657459407718,0.0064800582614344
231,0.3533419461056207,0.0097448217684527,0.3325551146289415,0.0142098349631216,0.2288161638598603,0.1265786038952085,0.0122259537347212,0.0046511615510017,0.4283289851126828,0.0141633759448549
232,0.5195947280032023,0.0533522664419302,0.0005321848428433,9.104635479169748e-05,0.1414318599815557,0.0103428094869112,0.0001049775409448,4.32271201084399e-05,0.0007084197687943,0.0002569982436666
233,0.1935249353552696,0.0088142447462728,0.2583052510590415,0.0087336674674681,0.1643640829738672,0.0785748712268738,0.0086887608020315,0.004038814237589,0.4394944402246643,0.0086989090617994
234,0.1327413181092012,0.0067004589002181,0.346767034225893,0.0308929582537305,0.1732475345264247,0.0535349571215785,0.0189024596761091,0.0056854069925161,0.3707615127833102,0.0309185777796613
235,0.0197241180442199,0.002229864243109,0.0142421964898871,0.0050128682833454,0.344966651487962,0.0086011495640824,0.0003893767411042,5.094211841372397e-05,0.0142940532535057,0.0050124381424306
236,0.2524033907489186,0.0084833204410968,0.2277463805358241,0.0089001649895357,0.1996386219488454,0.0281273345151592,0.0094261639317269,0.0037263971236885,0.4232240025448261,0.0088670858691929
237,0.4338036286963636,0.0781140078829616,0.000215566004427,3.3819894769816964e-05,0.1818141428082625,0.0098489173968881,8.99500759213946e-05,2.98076902367132e-05,0.0004565258883483,0.0002047059236187
238,0.0051590556582754,0.0043589960273921,0.1724972361600812,0.1543197031458342,0.0400242853102493,0.0251650985984768,0.0079024631093295,0.0048417407997702,0.3534243449991195,0.1073889386874725
239,0.2111547277846771,0.0098335931725407,0.3439626632167422,0.011205853757133,0.1748182520304744,0.0847072184152651,0.0129989635635997,0.0046054350772322,0.4488477095851784,0.0111758139491251
240,0.220223673211854,0.0251398586648149,0.0012770276488044,0.0002741014423833,0.4227567635993492,0.0116085940923084,0.0001091006037794,2.547530843057068e-05,0.0012381038482328,0.0002760869441634
241,0.0051026881549717,0.0039448988126234,0.3758500045405146,0.0755799608085689,0.1817938202609578,0.0723649699552036,0.008675474374189,0.0049249418387582,0.343379514356933,0.0746140719208727
242,0.082894050455333,0.0097775942186403,0.0074930888501035,0.0032040860275581,0.4346044139828863,0.0153678448077035,0.0006368390693081,0.0001483429203098,0.0075969176037921,0.0032504628407249
243,0.5051964285511181,0.0392953133073424,6.655098695053675e-05,6.4923197005804585e-06,0.1473681075010793,0.0056694005640994,0.0001051507487044,2.977635348104039e-05,0.0003047517499765,0.0001780759333833
244,0.3875805574057368,0.0080601901409426,0.2456310118874268,0.0083015273782514,0.2097288350784875,0.0286906415534511,0.0123008204856277,0.0036375469693601,0.3897071379863537,0.0082839810455186
245,0.1859147200571338,0.0082074740633658,0.2645042815081975,0.0072161946530362,0.2247451408170312,0.0237809266543352,0.0082309008319756,0.0031411917430254,0.423074350099555,0.0071849933099525
246,0.2981154928115356,0.009495748252128,0.228254800107808,0.009587038906116,0.2699899559426063,0.0374038295329193,0.0099918762135165,0.0037674573008805,0.4409992435605491,0.0095545781519721
247,0.5438586979513819,0.0305596502353135,4.824789220188745e-05,8.013280864618343e-06,0.1392376149672028,0.0121438838010404,0.0001328464915445,5.08979260479606e-05,0.0004791750522419,0.0002128165600873
248,0.4119652331487116,0.0096386954471913,0.2771936599459572,0.0570828374050204,0.1602482975870968,0.0654520859684714,0.0324792915779283,0.0062235750750416,0.3990586990492022,0.0569364687363215
249,0.1847916344661698,0.0059940519471631,0.2116995644940332,0.0083605371331347,0.151600965098391,0.0664751066717567,0.007768138143109,0.0035438121411511,0.3843414632792637,0.0083407542210206
250,0.335096121271811,0.0097671240206412,0.1975611942165017,0.0086111965875696,0.1867971690151235,0.0265788135288005,0.009454246996505,0.0036671767739636,0.4410650159037045,0.0085905518008853
251,0.2129313101900855,0.0073926122044205,0.267815094813058,0.0245982517610145,0.1237603710064875,0.049314561273096,0.0132663439662474,0.0049867533779663,0.3993481619712692,0.024598968565991
252,0.005029865231769,0.0036734212727595,0.1825466564381675,0.1458260718609405,0.0202092212660551,0.0044455162013998,0.010908603874967,0.0056996864225582,0.3511246925945826,0.1891389813713233
253,0.417981379927848,0.0839850692385355,0.0001461534692006,1.8821205795201252e-05,0.2108757042437992,0.0087138710360825,8.538221788494442e-05,2.392531308775928e-05,0.0005359389846616,0.0001833704273676
254,0.2329694998458007,0.0078199215549119,0.2700315519441836,0.0060174215540837,0.1533038613452406,0.0258249782016886,0.007205252404632,0.0029914468918985,0.4335498812115625,0.0060052568875901
255,0.2443501631019325,0.053684915724269,0.0023117269657078,0.0002170023901576,0.5379286650854794,0.013184096143947,1.9167349923932896e-05,4.579593599824308e-06,0.0024155437768286,0.0002912473433694
256,0.3901014205233908,0.0103097938928799,0.1819265753953104,0.0090933167019156,0.2353711337942199,0.039207813980288,0.0166172226056104,0.0038217320032841,0.420259350920084,0.0090631277684047
257,0.0097911150355586,0.0081453055728358,0.333124785277667,0.1732223742783368,0.1015270267452655,0.0859319111177853,0.0093960038691049,0.0058896422885954,0.4217131198167557,0.1261077619535801
258,0.171083108905216,0.0055251727694265,0.1796793484719363,0.0049796098077008,0.1676877694112948,0.0285341982525077,0.0072700048992787,0.0027026612071114,0.3919420305685996,0.0049684287343656
259,0.1744461693559952,0.0089202323232838,0.2002074612593389,0.0071437080503181,0.2006627486645485,0.0223810321486948,0.0087478713115642,0.0035890129114048,0.4402209649420609,0.0071208707262704
260,0.493548844647414,0.1008990807869526,0.0002667322547802,3.3762239609666065e-05,0.1482902496507089,0.0088871651014287,9.670035736743796e-05,3.1074994830991885e-05,0.0005188325213628,0.0002149214934622
261,0.16334490733783,0.0344963857465044,0.0003658779584828,7.469960832988683e-05,0.504202631888451,0.0108720934266427,2.493040493356076e-05,9.477362072444164e-06,0.0006376449961237,0.0001968151104672
262,0.0153059474000331,0.0079695023851488,0.6731769478961833,0.086434249891382,0.322781699123434,0.0068375391378737,0.050654411679448,0.014995140039089,10.901824067288214,0.6089676674990183
263,0.5333200965343837,0.045329606622247,0.0005252292361847,6.224675369403351e-05,0.1287490227710636,0.012908755693287,0.0001189249639574,4.852235344586259e-05,0.0007324174383906,0.0002613526448412
264,0.006167035623219,0.0052614871257622,0.2619478222544724,0.1516060179149424,0.0956185531161689,0.0400103527536827,0.0076650361377885,0.0049596400187876,0.385617752987396,0.1409983815697077
265,0.0069197568938087,0.006176055287759,0.2549233146617863,0.1530935853259609,0.0963555344496973,0.0503570484933182,0.0084195219508639,0.0055387230092551,0.4018598226161985,0.1047539849442819
266,0.1330272559785215,0.0064162725343898,0.1951604157266094,0.0077397098181334,0.1703103544960659,0.0912774332804407,0.0077536660199354,0.003073739283195,0.3850167777581595,0.0077146689918431
267,0.1778591561491478,0.0084476736973082,0.1813233571838401,0.0063991877430748,0.2113468656332444,0.022173796797448,0.007959904335663,0.0031652991715692,0.4075291773403481,0.0063867197852831
268,0.0099783978889247,0.0085139992198477,0.3977112953126185,0.2627976946601959,0.0946938575032261,0.0511481706470229,0.0082806165676461,0.0055274602521977,0.4357693863753639,0.2399177659606631
269,0.0050084458586817,0.0037601618574548,0.1896011129746923,0.0729687701600386,0.0754682265242595,0.0188901922349662,0.0115888719950431,0.0061419477526434,0.3802305392799397,0.1859483106468378
270,0.4970720929904197,0.0395317133394953,8.160447987097183e-05,7.220583364841639e-06,0.1595743716441066,0.0057019386002625,9.971207168346812e-05,2.4096419918424527e-05,0.0003136462661568,0.000168087227729
271,0.1524528207075828,0.0084719863104667,0.1793517363993209,0.0058368546966751,0.1481009678392831,0.0218422805179771,0.0093089390294988,0.003117874397495,0.4230048140708522,0.0058277005140495
272,0.1946037620583495,0.0065557123171246,0.1888115438465978,0.0075739563860157,0.108071628925105,0.0392119848140201,0.0068389546959037,0.0030641095158022,0.394924384123764,0.0075392669926812
273,0.0191146130531533,0.0081142234088616,4.494735627390005,0.0879958917618246,3.0728927739348726,0.0054880976360392,0.059666156115857,0.0148773498179593,74.24457388788326,0.6137096115506032
274,0.4488121089709828,0.0255720295996125,0.0001228827372119,1.7562549186134773e-05,0.1763679643387899,0.0126401638079151,6.760622661735469e-05,2.0428256859482727e-05,0.0003159177424235,0.0001521484486483
275,0.1689965057414302,0.0101003299532821,0.2008839278378082,0.0080952087328981,0.1924467017143521,0.0185070324746306,0.0092134672957669,0.0037581048190028,0.4468707025127272,0.0080679939991817
276,0.1326137805982892,0.0075497055233927,0.1954679974991453,0.0047989151974378,0.2109116283182735,0.0217045579392237,0.0077164843587802,0.002752598624835,0.4177762919900008,0.0047907092592457
277,0.5200370506252417,0.0189743553800509,0.0001655862130979,5.9181847619247145e-05,0.1462712029885413,0.0185679794707811,9.971058198771904e-05,2.4309669325538672e-05,0.0003946943993632,0.0002159806799217
278,0.2591585838774442,0.008175154658381,0.2179037877151081,0.0083874049407501,0.1981847581562666,0.0404711815454346,0.0087699146686819,0.0036196189157243,0.4148840831468115,0.0083609813019027
279,0.2802818422662114,0.0072151230028023,0.2739659279103063,0.0100026783083049,0.1579050735161832,0.0635310841737939,0.0089355994489522,0.0041387894558823,0.3931562096747773,0.0100011163371252
280,0.3240194981038905,0.0081566619521,0.3051715890855012,0.0070895710801056,0.1724989777153554,0.0835513562623014,0.0078219699707077,0.0038412441874064,0.4430979158297915,0.0070627879337457
281,0.5192311810114952,0.0699170624400235,0.0003951556150066,4.51074766393137e-05,0.1446537889537096,0.0105021856031392,0.0001108630966625,4.0115676998639736e-05,0.0005871840984211,0.0002345074079287
282,0.0181476537928134,0.0073956779979721,6.209879110156518,0.0891744935160491,4.365227530706525,0.0061279933922382,0.0558852152749673,0.0137762434294978,93.07131871839267,0.5857880017245811
283,0.0059921932560844,0.0047437710829818,0.4342183494323153,0.1789958274561095,0.1113733822363023,0.0447951747248304,0.0073088846316116,0.004514160629503,0.3687474569903937,0.1057462098034788
284,0.3592254139239628,0.0098843529850053,0.2973102519529192,0.0123849531916339,0.1785627340504439,0.0635010768543918,0.0148819243237434,0.0042925226439396,0.4385072024352545,0.0123314019168442
285,0.3837663123949423,0.0233073369832888,0.0006499690651619,0.0001370178523278,0.2628640846512056,0.015971194210329,3.295198602644669e-05,8.078348206513204e-06,0.0008315527453723,0.0002554656186617
286,0.4223283679144852,0.029640424716041,0.0001411469990432,2.2301522217354014e-05,0.2088847589104143,0.0097642233840212,4.6799658179602925e-05,1.6009573486121132e-05,0.000316982902352,0.000146304071965
287,0.2308381332511176,0.0064365044941019,0.1859008404195778,0.0104874659262483,0.0961788558752252,0.0316267753302942,0.0119311499887031,0.0042659242385867,0.371775989380436,0.0104583305530548
288,0.1616161555380964,0.0091167129501959,0.2992668214045827,0.0084060776194899,0.172826838522092,0.081188428043084,0.0086314931657814,0.0039950966755154,0.4393864425241292,0.0083781103068178
289,0.2330464048736326,0.0067992727972174,0.1864698219942713,0.0103089596808062,0.1347984773225686,0.0559573740570763,0.0091549117482881,0.0042723942604547,0.390534761593553,0.0102829252846266
290,0.0048881654486949,0.003772435451766,0.1954302432980558,0.1260475591510951,0.0350896040593061,0.0073315572479083,0.0118305409857387,0.0064064147213,0.4042563632976189,0.173599852565967
291,0.005209158165537,0.0038171430432011,0.1773276102179287,0.1504771372203431,0.0282729998810409,0.007767117410432,0.0093737536369991,0.0049610448195805,0.3266026777991455,0.1475447714929479
292,0.1905926119453406,0.0094207746146842,0.1794506076672723,0.0065024534482395,0.3270061549496402,0.0165020088656759,0.0084167651253435,0.0031193417366297,0.432728368675733,0.0064825594574401
293,0.4646360531050924,0.0968763814555017,0.0002410006978311,2.6939194972905246e-05,0.1615707061428831,0.0086011760285067,7.830770655612376e-05,2.5491782127865908e-05,0.0005590122624088,0.0002012830321307
294,0.4275076391607403,0.042940006053047,0.0002574487740228,3.919511120350913e-05,0.4598654639705944,0.0090629492054654,6.009289049278857e-05,2.0578503802388217e-05,0.0004533501871596,0.0001798622812195
295,0.0055480605463322,0.0046642473269035,0.4248329070807582,0.2387686204377872,0.2498311426707267,0.0802650674144587,0.0079564445625447,0.0048874094799571,0.3892559180160779,0.1770116854287602
296,0.2403084646786535,0.0631643795615243,0.000304893213242,5.4317588263776906e-05,0.559015587117966,0.0086592538938372,3.725584750062576e-05,1.3003043598698937e-05,0.0005050591717158,0.0001775009820751
297,0.2797616316040109,0.0080552500138601,0.1834535125849015,0.0068450774657347,0.2505325958013273,0.0294846163602203,0.0077871813420938,0.0031232480931697,0.4216245038013615,0.0068336229957072
298,0.4572141133528068,0.0366066843453195,0.0001292379153599,2.855068762662366e-05,0.1682144601700059,0.0165414894894797,7.309702609015641e-05,2.0736891995331005e-05,0.0003432246047857,0.0001695005553931
299,0.4694889578539624,0.0801862335654067,8.972126690158954e-05,1.1745041958436852e-05,0.1610014652873115,0.0076297315678857,8.546245194778377e-05,3.6437809042262096e-05,0.0004965469751963,0.0001957702972524
300,0.1912297886130454,0.0090718797806858,0.1908947129546886,0.0070523488342263,0.2364776503685791,0.0260446837528204,0.009395152939352,0.0035014555039949,0.4342849753142903,0.0070353585451321
301,0.1349794280894991,0.0073986693027981,0.1852533176091829,0.0062500930984677,0.1795193918483514,0.0818503962826293,0.0083124278854046,0.0035119587580374,0.4015396203196279,0.0062227917613052
302,0.1418935613181739,0.0101764127036399,0.2906517584619418,0.0164093682379384,0.1775703462593131,0.0401559321549307,0.0128737148859152,0.0051789147593771,0.4438968046868826,0.016428377176255
303,0.3986435241400117,0.0394335758397673,0.0001733881055551,2.0908115945747168e-05,0.2384061706658629,0.0072317409704538,3.956210167129424e-05,1.1010551372706372e-05,0.0003967448508647,0.0001430264559939
304,0.1863991108408424,0.0152712806726801,0.0007485814102731,0.0002893845722515,0.327884392195564,0.0133404604411022,6.422848550192836e-05,1.992889202498192e-05,0.0009148017763696,0.0003670602132974
305,0.0199669486168383,0.0020432582671785,0.0115073879375164,0.0042377640123851,0.2476783854023056,0.007932787111923,0.0003809351712675,4.460040698143107e-05,0.0113395462101154,0.0041703695203696
306,0.0070691149740647,0.0053716790786593,0.2297558661406763,0.1132901971912609,0.1886432534025261,0.031416043383979,0.0211651118548331,0.0100349758976553,0.5608704990201819,0.4179302214471589
307,0.19522015988364,0.0075304746864031,0.2599021733126364,0.0137559802855261,0.0839739103786813,0.0388679056310793,0.0100742724708777,0.0042697692465903,0.4190483711790009,0.0137651359532914
308,0.0081516517757635,0.006514730015254,0.2509540999708828,0.0552484882490776,0.0942721417712155,0.037558358228577,0.007671345797212,0.0051671515717582,0.4037036203043666,0.0524505575666114
309,0.4750584997075791,0.0265782392834164,0.0002623705974377,7.868926814801325e-05,0.1649394265232118,0.0203896053692363,8.864593143569342e-05,2.4261981552393343e-05,0.0004532026399748,0.000206277006019
310,0.4971349083517509,0.0361653177923774,0.0003253095640078,7.955433191431961e-05,0.1496511468280473,0.0172200024982968,8.412341390305764e-05,1.989704096255544e-05,0.000579524788473,0.0002471776004944
311,0.1774631049441757,0.0085402163576105,0.2831943298756087,0.0055483917455829,0.1339401409645054,0.0569144513595071,0.0077202674421257,0.0036062490458354,0.4525478693984945,0.0055510801913818
312,0.0071258842244588,0.005667565297818,0.2572323088226053,0.1585924584524158,0.1056374124478943,0.0816130389640523,0.0072478537482543,0.0046031864863425,0.3797920169274593,0.114627963605955
313,0.1517446798221054,0.0193189178516217,0.0019195109200657,0.0008016701498505,0.2976102075538996,0.0235558608883878,0.0004640522586194,8.320809052727844e-05,0.0020100881048147,0.0008651491016508
314,0.0062391558462818,0.0047883409740323,0.4434320651943857,0.0591766487460849,0.3065652232473924,0.0685552683539526,0.0080778562937746,0.004953139189633,0.4144593809536577,0.0599053308923326
315,0.2951345619280653,0.0113859039732465,0.2805649500270474,0.017046710642173,0.2128018063125696,0.1015312123852053,0.01957167623133,0.0054992128198704,0.4121794491414193,0.0170153060596744
316,0.2631396417785037,0.0380967713109229,0.0002850216140255,5.9277224625800506e-05,0.2875231258897794,0.0113619438921553,6.019838599876983e-05,1.6338013775212072e-05,0.0004883456124239,0.0001761553877406
317,0.2001782205820199,0.0096806193154234,0.3215170473908238,0.0077851362363334,0.2104762591783757,0.054757707239301,0.0115694336841202,0.0041265746714587,0.4537721113004634,0.0077570173109544
318,0.1516253096679042,0.0344276505649629,0.0005838526872302,0.0001645152462534,0.5077575653574007,0.0118315445292665,2.841684051380083e-05,4.509586766460758e-06,0.0006628359664446,0.0002443727496417
319,0.0186333770271915,0.0082365503532814,3.7733079041328175,0.0873034124179333,2.5039513445733865,0.0055928904612654,0.0589127113645158,0.01516284110519,58.79853152031475,0.6192363575807284
320,0.1261087859639103,0.0155694333703618,0.0014636864162174,0.0003023120941776,0.5065529299795805,0.0139351606510421,3.4047041558213584e-05,7.309089163398255e-06,0.0014789058881557,0.0003831717271312
321,0.1466337356348577,0.0137964178171555,0.0018290804811442,0.000712582660875,0.4421351268877813,0.0148858149692718,0.0001441674319474,4.273361085082991e-05,0.0018988119399138,0.0007905844741589
322,0.1315826663164996,0.010056298093375,0.3120788534923235,0.0636687563956062,0.1075663644597074,0.0335368706025629,0.035673374509112,0.0061836453949798,0.4432264147352656,0.0632354898310906
323,0.6619521931834207,0.0101844962538672,0.2645317125654384,0.0365001195448243,0.2027694736981809,0.1057281699973028,0.0214367228645536,0.0064409897653232,0.4150941368504794,0.0365476051847141
324,0.5561183989515771,0.0105101165157082,0.2643455106412169,0.0191157831180179,0.1559882666670388,0.065450315884839,0.0104913235096732,0.0055984315543523,0.4665593686720615,0.019158887880892
325,0.5036918069021864,0.0509482283755089,0.0001563780616865,2.408544322948876e-05,0.1460569874502241,0.0091129335469389,0.0001144897675557,3.913785548091453e-05,0.0004105747244627,0.0002217426800634
326,0.433940127547153,0.0460249295975642,0.0001430836320805,9.009534701221154e-06,0.202861983673234,0.0056720024930441,5.174774285807144e-05,2.368827685584093e-05,0.0003483289978669,0.0001567056553008
327,0.0138454125429014,0.0068653649744231,0.2999981801762256,0.1028375009116052,0.1026194295387735,0.0273237674414768,0.0111549118388479,0.0055137581152187,0.4090896139977678,0.1018476278975489
328,0.5414958265107293,0.1042077048635788,0.0001100102002585,1.4737034793450176e-05,0.1325102743588149,0.0100396333554109,0.0001297280585807,5.626649755034891e-05,0.0005800406132252,0.0002426724919367
329,0.0057750581328215,0.0040611012748983,0.1902506195811661,0.1479670940033208,0.0169869060823724,0.0041793652989969,0.0129802849957639,0.0063991915416899,0.3596629650359942,0.2311729073562096
330,0.0088274277714718,0.0063099312533671,0.2623049438773691,0.0951858869379635,0.2571000543830418,0.032708435304438,0.0308768923253564,0.0122424657359856,0.8051170172203796,0.5071970939800228
331,0.2971414415756944,0.0093179704450524,0.2321914831081529,0.0097671523357684,0.2106707615227171,0.0279980926098134,0.0142818928344325,0.0039045903268177,0.3870673085411097,0.0097336705149232
332,0.062433173653523,0.0045465588628257,0.3077907877517844,0.0510609222985916,0.1404665967727582,0.0336868645663881,0.0314544684309145,0.0039617360471266,0.3472417153473334,0.0507747885626521
333,0.1970296622351482,0.0093398305705288,0.2660532715941156,0.0152956624575317,0.2669634604276176,0.1399278893162284,0.0191077059509038,0.0050701930552977,0.4149957434428278,0.0152481709014498
334,0.1741832816757625,0.0072551841231928,0.1692459668445469,0.0098607142640112,0.1855495413213677,0.064611482111392,0.0158232676463966,0.0040746032911686,0.3596145225581809,0.0098335592107143
335,0.1151337936675287,0.0117564535411779,0.0036824361640832,0.0009575831315538,0.433611954911866,0.0108671820528134,6.950417046247374e-05,1.8788387385778936e-05,0.0037023939032724,0.001025116786191
336,0.2276638970860012,0.024451809215981,0.0023168342926188,0.0004513194947849,0.5211744160346223,0.0095077269853687,0.0001728109484493,3.136901854195793e-05,0.0021891645616577,0.0004484126975348
337,0.0732838958851921,0.0077790821608691,0.3040066417497289,0.0643130371362213,0.1235734896275699,0.0429303675084062,0.0309933342016433,0.0057068441429416,0.4182966138347763,0.0639288625183805
338,0.1833761163778257,0.0099739305272164,0.2211283865697753,0.007967854129072,0.2444517430657785,0.0377358753678457,0.009130012295173,0.0039738909192487,0.4653321340902031,0.0079384134788077
339,0.4648933748729893,0.009074554315753,0.2814289746729732,0.0170706416515582,0.1364176341474576,0.0614593365789703,0.0142940582042163,0.005082870008905,0.4269971994953219,0.0170880701583212
340,0.2519865560486158,0.0076182187364479,0.1866367607714425,0.0063299237679001,0.2105181181698591,0.0203396201097964,0.0072679894945886,0.002925085848214,0.4229555541027167,0.0063089979056693
341,0.2068044081735561,0.0059925996941387,0.2424427188494075,0.0384053325216154,0.1237594612738005,0.0464493940304632,0.0233049468724307,0.0049866603079605,0.3711205990233491,0.0382381114369778
342,0.4727335538874032,0.0382121321377668,0.0001026427369785,2.4349535658617628e-05,0.162503376238477,0.013562035090045,8.27278887732969e-05,2.51010809669041e-05,0.0003099549057832,0.0001724905921148
343,0.2030260496346065,0.007775784468641,0.1789980816905095,0.008094486102166,0.2446755577396414,0.0287187796808794,0.0100331080243563,0.0033046447905083,0.3934277014649899,0.0080666749942858
344,0.2029090242116613,0.0093498923960281,0.2325595374953569,0.0051256003478693,0.2351488212059203,0.0231483562527798,0.0082538770198046,0.0035709524629123,0.4716107763502191,0.0051197412149074
345,0.218969318928296,0.0092965326715367,0.2088952357501483,0.0065844161026553,0.2906726341042308,0.0192503798220653,0.0089995221889487,0.0031094714877406,0.4509847349416578,0.0065651535018652
346,0.2397249150896442,0.0122670782091051,0.2549878762037675,0.0096717139994164,0.2072687770336261,0.0210297145780106,0.0160596124504931,0.004253718187883,0.4459304703528645,0.0096405945316734
347,0.0697457076047442,0.0056450650093983,0.2501892140398398,0.0423554412638468,0.1183369528312884,0.0440476269268555,0.022910248148389,0.0049772226226093,0.3650014263210077,0.0423286824382406
348,0.1714780002729022,0.0089285915010306,0.235158519250737,0.0080629377363952,0.1796262929086168,0.0299750155072921,0.0087072137134432,0.0034432570149436,0.4428391195368801,0.0080237258950202
349,0.1289792760904374,0.0070480797694138,0.2513537395815064,0.0244949175947959,0.0998092265517942,0.0408330390681363,0.0116622091372703,0.0047813642009485,0.3841596444639155,0.0244882495859337
350,0.1810426565153198,0.015027673979751,0.001079996472656,0.0003352832700145,0.3813983009029432,0.0195258868084673,0.0001080550975228,2.2959111452945253e-05,0.0009680819623768,0.0003716082139662
351,0.1515256990297334,0.0070372289543587,0.1714166882102607,0.0085963789686065,0.1790693835246861,0.0904220984360752,0.0114236456472337,0.0039835783008988,0.3598441732404,0.0085847917976207
352,0.007227809554856,0.0059621560070348,0.2497454673178049,0.1712944816803722,0.0984824080323846,0.0809420770460094,0.007987329554336,0.0051168165625817,0.3884292291773078,0.1133461174238209
353,0.0089441030818115,0.0072195395517357,0.2311587353273916,0.1473890821433287,0.1032930187561329,0.0790108507835822,0.0087091585783554,0.0054532517210675,0.4065939396315627,0.1076873080476956
354,0.3864046782121542,0.0564160228896837,0.0002329497763058,1.14384043144349e-05,0.2689970290445374,0.003113956491577,3.134375386485689e-05,1.0646606753209714e-05,0.0003906184550068,0.000124324612694
355,0.2757218169911083,0.0075646793813992,0.2162653482224271,0.0072568093253604,0.1866120397702893,0.0355417525591135,0.0084476110886048,0.0034037311207423,0.4185852947513683,0.0072441642172021
356,0.4262421459121585,0.0552060537714635,0.0003027161239624,3.935647995264072e-05,0.1867072657956777,0.0086053562158144,0.0001140672287143,2.955008279184824e-05,0.0005062479051783,0.0002056883400836
357,0.0108336087278162,0.0070901750934194,0.2863508592871615,0.0888308627915222,0.2892458088246251,0.0187463238895621,0.0378891456743804,0.0137523492695324,1.655570697192801,0.5575792427181345
358,0.0114896443112171,0.0069743811113488,0.2454594218570944,0.0316733872493114,0.0810516590077499,0.0254645342758494,0.0080347326702742,0.0053174318022679,0.4138600842226101,0.0312957366680032
359,0.3478979237088697,0.0241436508126099,0.001513477642427,0.0006369669777418,0.3425852560334333,0.0265360819754096,0.0001657625804663,2.960991437210845e-05,0.0015708055465472,0.0006826037411148
360,0.2370320850063585,0.008551006236564,0.1992935469747718,0.0079684051903367,0.3981714267620615,0.01672164402849,0.009276141558619,0.0027316120579836,0.3801713319980691,0.0079259670347401
361,0.1224116557031048,0.0113579811478151,0.0195423622413026,0.0047375563691647,0.3169062138684264,0.017777572103683,0.0053341761577635,0.000323630753722,0.0190575372857868,0.0047471179364972
362,0.0235233281816865,0.0044974689090713,0.3577566050643304,0.0326039642582938,0.0993811705337365,0.0269128367336708,0.0163110545617726,0.0044005846417163,0.3658024467712288,0.032452576573302
363,0.1618985247069762,0.0078958669052908,0.1738099592259198,0.0063745925031218,0.1904658292541007,0.0266128708573697,0.018634809162009,0.0031786516461452,0.4059257790952793,0.0063600312934869
364,0.1145501934577275,0.0102218162511475,0.2049422863536488,0.0057303182705004,0.2213376436602445,0.0176921850580934,0.0088802899531163,0.0034963620474732,0.4768660539287453,0.0057127731874896
365,0.1645862614351606,0.0070361538677293,0.2412935784572497,0.0081510782188045,0.1559066926654309,0.0694636437934996,0.0079164173964002,0.0036193286984275,0.3785804190953425,0.008120217513077
366,0.5164055291150664,0.0227911062000202,5.721636925962049e-05,1.1293972744416563e-05,0.1421513479834679,0.0092352314309775,0.0001054655888808,3.0558703080038905e-05,0.0003161481820378,0.0001906818217446
367,0.0154092904302615,0.0080296976659297,0.6450649046274114,0.0863037323582223,0.3284451482371706,0.0069684757374563,0.0511159739161679,0.0151590054559287,11.636048103467283,0.6128729885805426
368,0.453743761371811,0.0432192898067066,0.0001098793135161,8.046791805129801e-06,0.1696105897829407,0.0041337238606905,6.944877495866787e-05,1.74321337174689e-05,0.0003045925615944,0.0001523549101334
369,0.2276553736359863,0.005079155944742,0.2854258431953815,0.0183195435153626,0.0997144498655113,0.0321343953281679,0.0127105622765595,0.0044592139716896,0.3692453280817357,0.0182697107979544
370,0.0189653882164893,0.0078725303269453,4.36677595199683,0.0885618382619452,2.9975515908641883,0.0055236003033421,0.0587612061201707,0.0144791146121068,75.16624017598106,0.6046364067006053
371,0.4440709784150936,0.0225763339483484,0.0001297606198162,1.2548916955426491e-05,0.1844986742161629,0.0073510962947986,6.173500093561391e-05,1.6315680773252582e-05,0.0003238795707879,0.0001439925977178
372,0.467141679431982,0.1220643059325063,0.0001480703084171,1.6770839276871813e-05,0.1609692211251704,0.0069693530376597,8.371583918484453e-05,2.616119834048256e-05,0.0004797245366132,0.0001915293267741
373,0.1257874396073966,0.0126616672762519,0.0031385450270455,0.001368016378983,0.4444494866547863,0.0386450086802129,0.0002992685679376,7.427800196089124e-05,0.0031504690334425,0.0013688049444773
374,0.0370337168986482,0.0089584772404031,0.2721038844609194,0.0447524863890077,0.0929511272690622,0.0308828027298297,0.0188499415685966,0.0060587864571466,0.4312307694754839,0.044366889582688
375,0.0161604023838654,0.0070296866517108,8.949479769733578,0.089119138203258,6.275469378690385,0.007901738167119,0.0504301689891454,0.013276035219963,110.92503430484504,0.5669251045344118
376,0.2360170232473004,0.0403970784656814,0.0002858269709005,6.409132582001093e-05,0.4858727237434276,0.0126363065003799,5.724843468376925e-05,1.2221506436889192e-05,0.000534781423594,0.0001775821809042
377,0.2143435889656066,0.0079977216936426,0.2193121919447714,0.0077350765810379,0.2214433415505607,0.0562735555106005,0.0077155219307037,0.0037835018408351,0.4223409894216872,0.0077293566505114
378,0.1599702553922375,0.0073545768785333,0.1788332030966005,0.0059389440942371,0.2114996299799716,0.0239711234496494,0.007317055260948,0.00274724542144,0.4058277783403137,0.0059208498181245
379,0.176432269769296,0.0127050330999325,0.0009882755293644,0.0002653496370985,0.2609842009626126,0.0060232447972568,7.900404249909541e-05,1.525156551502436e-05,0.0009492961202246,0.0002657675651558
380,0.006081752368842,0.0049014582628806,0.1944325602478444,0.1686541541121748,0.0572795140952013,0.0398923027437648,0.0073700457263439,0.0044297830936158,0.3617420101705895,0.1144946785528233
381,0.2426606317991266,0.0055561979234283,0.1819701690334692,0.0121338393285424,0.1507820796433338,0.067326104665149,0.0090722528237325,0.0041174781131953,0.3346018243992039,0.012115533019479
382,0.2346621320510857,0.0079611795224149,0.1950246913066215,0.0074772639111631,0.2217411997114894,0.0278987762376374,0.0080223610020285,0.0032825759598189,0.4199919171555487,0.0074581894282447
383,0.0455771037191041,0.0020240123106874,0.010787172722812,0.0049590185052839,0.2464589224283951,0.0103815596717813,0.0004878816233072,5.11473426504364e-05,0.010708062955423,0.0049527919473561
384,0.090341212286033,0.0085309416455264,0.0127084718073225,0.0046202030403433,0.3508231614652477,0.0112910157634507,0.0008030937764604,0.0002048665774294,0.0125379076699699,0.0045889011234186
385,0.4021599882976946,0.1017956325834479,0.0002534557190497,3.395489530654925e-05,0.2282353634397546,0.0078188414042766,7.333858810928009e-05,2.278878002140821e-05,0.0005218828680268,0.0001884187236151
386,0.1386516083230874,0.0072804326727875,0.180525983257753,0.006851987481431,0.1922486976649497,0.049909141521212,0.0100356952467566,0.0031781357132974,0.3884185517082253,0.006833063103193
387,0.0075123740368002,0.0056133380770236,0.2394534643249524,0.1057750470473578,0.2218851473678988,0.0472875196195985,0.0237677985973393,0.0106991438451802,0.5828104320716052,0.4438773878892529
388,0.0927997773651348,0.0087409204437733,0.2366346062969233,0.0052609358163391,0.1324305682372731,0.0222002188504161,0.0079833976181236,0.0032269934998532,0.4541252376125916,0.0052467116127919
389,0.1934225793496599,0.0082706980948576,0.3359127110956754,0.0276954561173446,0.1193859067329379,0.055891042378451,0.0124710307612391,0.0053033944710665,0.4026101947117786,0.0277313134877899
390,0.1398727594222765,0.0083167940468117,0.3030872926787868,0.0858592907245741,0.1297889573543195,0.0475830880918178,0.040243100393294,0.0063464863404762,0.4017427929777676,0.0850441858100794
391,0.222007709362375,0.0066242634248637,0.2055700251176737,0.0090741438686444,0.1753655471416427,0.0749005211667075,0.0089044056253712,0.0035641227484392,0.3767451688627757,0.0090435033658296
392,0.0053875820256338,0.0038939112116071,0.1868322121502666,0.1478563222417518,0.0156049869531625,0.0039047845589709,0.0121565191357568,0.0061889012230089,0.3665530400474501,0.2183059950213083
393,0.1590282860984252,0.0102304855376971,0.2007378242821044,0.0061006656780341,0.2062644065089877,0.0174851685331163,0.0100730270862429,0.0033801200506626,0.4629892124185315,0.0060862219660784
394,0.0060310675112657,0.0046337023959574,0.2088150098682864,0.1356575916406706,0.0362679129881485,0.0085209608778176,0.0156697779289586,0.0081966523976778,0.4682553810912167,0.3231772615416222
395,0.023613696752866,0.0040371639917768,0.1879499074712593,0.0230752831446595,0.0974049845660741,0.0195720962215156,0.0168339940338879,0.0044194398588022,0.3457934516837731,0.0229513212805586
396,0.1728868277578058,0.0380595836930089,0.0003904326663108,7.075354568831272e-05,0.533503304059387,0.0079835329538091,3.564462719520864e-05,9.272814282514276e-06,0.0005948319391862,0.0002014876561281
397,0.0043300375112799,0.0035650660428224,0.2189425846457222,0.0825799343621001,0.0948176866617357,0.029448269397828,0.0075911944866718,0.0045458722103079,0.320120987819291,0.0801466261039729
398,0.2278820181573593,0.0095198812899795,0.1963727313356816,0.0067945295222443,0.2397196209355483,0.0330296244097814,0.0095979583885348,0.0032600967795593,0.4503872764994155,0.0067781574454012
399,0.00499980343965,0.0039789315437951,0.2834333214196536,0.1613366057601795,0.0687540359335914,0.0197087109760685,0.0099084727980816,0.0054822173466425,0.3276382221631193,0.1349804875141366
400,0.1516278269620259,0.0064062357001279,0.2182465249016946,0.028490593173678,0.1233834059242558,0.0212980825449667,0.0178720251311791,0.0053045856096173,0.3810827918577502,0.0282442479327063
401,0.4942254322069169,0.0347090052117993,8.55015836755278e-05,7.732864221707904e-06,0.1622438617926981,0.0062920443259596,9.261124943300512e-05,2.69204408501936e-05,0.0002665360860346,0.0001683848961633
402,0.0115625863095562,0.0099631140285523,0.2605598312003605,0.0916696778649391,0.1108153413767622,0.0581817724127882,0.0099563089945423,0.0065569568314897,0.4565759929137259,0.086837144393082
403,0.2010721555394244,0.0089469235511422,0.0133123156026536,0.0042337061187495,0.4774727284971665,0.0254727823156431,0.0001366812800203,5.129102378761001e-05,0.0131085216002922,0.0042292351796385
404,0.2030136041148802,0.0098446975764058,0.2484379409111586,0.0083576952827811,0.2036585005473836,0.0357438217870924,0.0096740169625973,0.0036090053447277,0.4459200295849973,0.0083319060439072
405,0.0143863714291186,0.0078776865970017,0.5343830127598963,0.0864026923986687,0.3259954853786105,0.0078641254355803,0.0483321632836682,0.014941660124001,7.834384044293257,0.6041971670971998
406,0.1751657461143698,0.0072250315749254,0.1752511192848193,0.0067064659591157,0.2277903199326493,0.0322927570438228,0.0110056601494205,0.002627099344121,0.4070605478700481,0.0066779714709256
407,0.2256978777343557,0.0104702454680977,0.1910307780585327,0.0096434983725462,0.3183991610178583,0.0311615793445479,0.0152457982482144,0.0037978308070333,0.4247908201227407,0.009604691470679
408,0.4106958970401068,0.0625820151723005,0.0001778768785075,1.1208995163617169e-05,0.2392731982975309,0.0041597911264181,5.674414595984416e-05,1.3869084099437743e-05,0.0003899295148422,0.0001441339869859
409,0.176950973439277,0.009352153585895,0.1963885735365732,0.0060593118287142,0.2217938151039824,0.0235047264354603,0.0084542027962184,0.0033738821495176,0.4473461458997129,0.0060445777587037
410,0.3497938175764418,0.00755834381988,0.2204271143063189,0.0130727293296167,0.1617535004233673,0.0745818634446989,0.0143896609884149,0.0046355255642562,0.382263650461936,0.0130813680548019
411,0.4946857081781601,0.0268587064044572,7.370896238517292e-05,1.108527135835576e-05,0.1566133952713534,0.0095901200562954,9.68097970450996e-05,3.4756319390303624e-05,0.00033805377473,0.0001829337501739
412,0.1706824346034318,0.0064475133248806,0.2716126531805594,0.0082867882727799,0.2195288151257117,0.0740365045795466,0.0108029427417976,0.0031860700794383,0.3707681423971104,0.008261277027024
413,0.3500001807937948,0.0061532647080622,0.1678769848817776,0.0122580341443266,0.1094881245709321,0.0396449644150228,0.0082607137706105,0.0041503948423992,0.3643438574214686,0.0122320024477582
414,0.0072314384093477,0.0054548965165726,0.2322387367413321,0.1101184362960602,0.2089944891591639,0.0340091916466853,0.0223620399336374,0.0102609190713997,0.5697362263030599,0.4311811496067234
415,0.221217156754791,0.0072092258764112,0.2233981586023441,0.0083573415191116,0.1564694263328084,0.0758451129339405,0.0067747645504742,0.0036233730380878,0.3999392009180285,0.0083396749455805
416,0.2240596300268767,0.0391323482715404,0.0003427790563621,8.464970393769253e-05,0.5534014805791913,0.012903672877572,3.2034083073314577e-05,8.084747278005865e-06,0.000553196150613,0.0001964450007376
417,0.1602656865476165,0.0071058075617921,0.2681067650906185,0.0088395884391443,0.1643718055963638,0.0725577280387321,0.0097491253447257,0.0038320309106294,0.4033278201554427,0.0088053314943038
418,0.0187113096827722,0.0080783798669088,3.5158328258499583,0.0881388467266117,2.33903602751846,0.0055479006780622,0.0586884108902844,0.0148943383231942,59.54445859250086,0.614147825248661
419,0.5136286829164595,0.0302682869597794,8.127897270929209e-05,1.989124427404523e-05,0.1492159691226995,0.0156433818371555,0.0001091197951816,3.1138603660867704e-05,0.0004377192717843,0.0001889242492113
420,0.1707450003059626,0.0064898422072506,0.2421169586003005,0.0074781855413457,0.1519493085681227,0.0622984577291241,0.0076434718044015,0.003161467018666,0.380112844687431,0.0074574883958977
421,0.168772663317963,0.0067276866520829,0.1738201007963321,0.0072833846589316,0.2140680489165509,0.0374866886084446,0.0077517904112969,0.0030986118817153,0.3793139432631399,0.0072575694419966
422,0.1178277573675823,0.0089052589024225,0.0075253399770834,0.0032974581203266,0.4367297945597449,0.0044924769918771,0.0013528784249653,0.0001576963867425,0.0074180333576665,0.0032711498022776
423,0.0054557838474263,0.0040009775879547,0.1886170434104537,0.1470535346489491,0.0165717281593388,0.0041459769704569,0.0123565942572894,0.0063141133057185,0.3631017533907196,0.2203148784216933
424,0.1566492166690611,0.0092383706448021,0.2027079800727847,0.0073092907780306,0.1705123343223964,0.039854271224036,0.0083889554111955,0.0036053374988019,0.4556369110448892,0.0072802647633492
425,0.1628157433651358,0.0087485718327742,0.2094695121602753,0.0084130633710378,0.2880240310091535,0.0195450489923559,0.0116554548196811,0.0031665866407161,0.3871991265389973,0.0083756591647321
426,0.2867435970724654,0.0078659820052969,0.2794092149706708,0.0191198824566058,0.1035804908406924,0.0453697051365021,0.0132088515521094,0.0049782445347328,0.3959278881818991,0.0191156464206771
427,0.4569186834066327,0.0929840597333563,0.0001864997185131,2.444818123792232e-05,0.1628990793716823,0.008777769015512,8.551776443597927e-05,2.742196668433297e-05,0.0004372122589462,0.0002025033954786
428,0.0099945660171041,0.0068709341000233,0.278753288127636,0.0905349262633075,0.2807486525679082,0.0267920348791016,0.0353627600893662,0.0134482930443387,1.1398388976753886,0.5428284246481665
429,0.3965159385469884,0.0306059293860215,0.0002063983895881,4.715798822724415e-05,0.2568143036527578,0.0170232974241408,4.7744353896965344e-05,1.0229800249603564e-05,0.0003621038689375,0.0001579540613309
430,0.1554050066395695,0.0082165197022966,0.2300349602361248,0.0060153817441785,0.2061384297893704,0.0208292454748267,0.0066202355363896,0.0028885287314044,0.4172702216835131,0.0060038311478109
431,0.1081310239221657,0.0243748511031646,0.0051475786397344,0.0020618293477325,0.2860039438054666,0.0656227641541529,0.0012178277576725,0.0002852960018654,0.0050893490696298,0.0020563847728792
432,0.1638082958834532,0.0066199084279817,0.1752632505509873,0.008062727352028,0.1455985475004524,0.066574982807838,0.0073929345706535,0.0034743834696458,0.4014974855683923,0.0080170495879718
433,0.0841594011459291,0.0091000807876777,0.0013684292832204,0.0005803079719574,0.3855695793787685,0.0200154405317229,8.332914907756681e-05,2.252148382288623e-05,0.0013789677819607,0.0005955057059939
434,0.3074855915727428,0.0068317911263794,0.3050950620804587,0.024930198163142,0.1239788517911481,0.0504950397061622,0.0114877327196334,0.004799316251593,0.3918042203106235,0.0248989522933571
435,0.0077016276122059,0.0063235929407798,0.2575182417847891,0.1788661920907401,0.0734642867844987,0.0563835075480399,0.0088065111826768,0.00539020288128,0.4016840624506517,0.1155828497131371
436,0.0081397798374615,0.0044070909942357,0.1739304643089511,0.1385897727669308,0.0363361908151282,0.0124426254527992,0.0121665736870332,0.00501732087608,0.3516485430724514,0.1301657465440444
437,0.4328019754330267,0.0885135430945758,0.0001221036428456,1.412578460433888e-05,0.1809027950665429,0.0068078077838835,9.046975979783624e-05,3.107688942457706e-05,0.0005785405265808,0.0001875275947299
438,0.2481339281803789,0.009732578795996,0.2230583106680087,0.0077816904247144,0.1850470969341402,0.0295853593629233,0.0086958353501045,0.0037718175233796,0.4439477094821505,0.0077667579132442
439,0.1140619603218183,0.0059733302138774,0.2499718438658058,0.0100610499554648,0.1213485408634106,0.0509526202111895,0.0098166442221972,0.003630910514889,0.3819972036765821,0.010011081653316
440,0.2611780504905024,0.0080796509748138,0.2213832073070998,0.0064152052890998,0.1851271954191428,0.0233971061408051,0.0085453215033832,0.0031755167991105,0.4252133950356705,0.0064016635430399
441,0.0173617358395505,0.0073038195007464,3.356593080333902,0.089275897788473,2.2357361429960902,0.0064170700708738,0.0538002031911961,0.0136745887898682,54.420258980000725,0.5822264213309388
442,0.0656583263195559,0.0069757696057133,0.2751498564458868,0.0794411055924563,0.1126841439509857,0.0351537598524651,0.0368205273331018,0.0057999723850072,0.4029050813211375,0.0784647784533323
443,0.1449130321200108,0.008048051999951,0.274160009359882,0.022066356586528,0.0989142288061759,0.0357389650100334,0.0127565583746543,0.0050416015001058,0.420573523364757,0.0220182904894278
444,0.1426891532806488,0.0193883975285652,0.0022163023911327,0.0008790625044537,0.2016671936875511,0.0314682299516482,0.0005079287201819,0.0001266999855511,0.0022297307657528,0.0009156568273997
445,0.2871772754159875,0.0094399011917318,0.2646285475273753,0.023345120482473,0.1128007247632808,0.0513196329852308,0.0188194605056238,0.0055897057869076,0.4155429246734631,0.0233488211293041
446,0.3102078972068057,0.0063217774310549,0.1723536897469897,0.0060563968848151,0.3174453537572776,0.0279235216614709,0.005910503037079,0.002493838805306,0.3878059021047863,0.00603645055601
447,0.5037467612722588,0.062800296339728,0.0001725803144697,2.830928680136893e-05,0.1451144798344459,0.0109899807528554,0.0001084459340237,3.722316504990659e-05,0.0003983464532835,0.0002218910247182
448,0.2778148975512436,0.008671966387736,0.193859422877776,0.0088172967284438,0.248387259418586,0.026395479766396,0.0130498641988082,0.0035210635810227,0.4242663190832074,0.0087722843362612
449,0.1396763935628194,0.0069363713590776,0.2300114494752562,0.0091423421806065,0.2037745088835352,0.0559858622162755,0.0091856424614752,0.0038952506135131,0.3884454854486688,0.0091203789006816
450,0.0165906981440008,0.0070916735404,6.172984788289781,0.0894104168157931,4.280405019984109,0.0076254254704702,0.0516190641813286,0.0134141296964353,89.57721319701857,0.5719240759528771
451,0.1274037370548687,0.006430459309162,0.1698997396080701,0.0062759049801216,0.2261885421674999,0.0718142257065476,0.0090697382311741,0.0032821760185329,0.3812505592079234,0.0062473332824863
452,0.2072252878502262,0.0093827496341621,0.27606940128778,0.0091711756709539,0.1647458555840097,0.0865238790348549,0.0100175345247823,0.004367116585693,0.4456947399036869,0.0091699963270474
453,0.2049523722802928,0.0087573210694527,0.2040900910509975,0.0053351486523882,0.1860708941123754,0.0191503048479003,0.0076899268424287,0.00297464327716,0.4588266176905798,0.0053366500720951
454,0.2398505680560839,0.006494517782203,0.1775780049667275,0.0090825295594154,0.1592588068507765,0.0686737418210764,0.0084554584084996,0.0031984026203659,0.3733963453364333,0.009039845003337
455,0.004890389234778,0.0039420871057681,0.2659587818773535,0.1176272810444964,0.1034802837083724,0.0257957894400555,0.0079073755014338,0.0046993348720359,0.3353631119732299,0.1114911201571224
456,0.1909436664130408,0.0521264859497691,0.0002930876653894,4.7938899712552704e-05,0.5221846638674589,0.0046627996136983,2.0533422352018184e-05,7.133495612146461e-06,0.0005313517646284,0.0001714741936347
457,0.0730264410374242,0.0066879766197412,0.2504475267836708,0.0324761684288311,0.0980104211675931,0.0242690794503835,0.023945417678382,0.004962356785587,0.4000438545250134,0.0323326233744712
458,0.3037447896602923,0.0074319140117816,0.1753318912517562,0.0075161432806773,0.19321254477755,0.0191778753426364,0.0086076835021845,0.0032826151141412,0.3902817388038528,0.0074983705176095
459,0.3254823590460877,0.0278198186086698,0.0020882688470759,0.0003342095966516,0.4699239945441565,0.0067916553147183,7.851809029448018e-05,1.917569467293631e-05,0.0019781600640669,0.0003383923646025
460,0.0080536502499013,0.0067674671907318,0.2263740865876166,0.0712451446993244,0.1062049412543289,0.0228463082311702,0.0090074894405477,0.0056069506498697,0.4103694635464164,0.0712210612783022
461,0.3017506143909432,0.0084338672196854,0.1906811823888235,0.0070170344158005,0.2265869436936055,0.020998618995595,0.0079199061418476,0.0033750932934813,0.4237211364781711,0.0070051215511641
462,0.4978910796547935,0.0418707621369879,0.0004275905723579,6.370943288541834e-05,0.1479261880277653,0.0152546297104691,0.0001213991626391,3.4258919168346846e-05,0.000662626084792,0.0002416558243837
463,0.005922922435847,0.0049710668971093,0.1755522252543546,0.1559372644997883,0.0372718795211989,0.0224987577394572,0.0086546218843299,0.0052164332471032,0.3815319864269796,0.1163446882659199
464,0.2157719679002237,0.006898273084204,0.2641391266563965,0.0079999947393195,0.1661465906353176,0.0696639531790987,0.0080554305164991,0.0037260283683496,0.4037795730228894,0.0079720771478204
465,0.3928323836709683,0.0056914671140419,0.2016244059840436,0.0103695136745776,0.1347398826963264,0.0543010254516601,0.0112598958164104,0.0041304204964245,0.342976941612975,0.0103679167693465
466,0.501494065063701,0.0224637934934685,7.516490698527409e-05,1.0888609265519544e-05,0.158711341145462,0.0079041240370077,9.269011183676224e-05,2.2458448268065145e-05,0.0003893762046136,0.0001663497083813
467,0.2185284437048035,0.0054985629515719,0.1977789114442848,0.0119419574447814,0.0856913220686353,0.0250431738956027,0.0081416845262375,0.0044461826721546,0.3528005814425128,0.0119155888611682
468,0.1707145913477453,0.0080207092287093,0.1805812858768466,0.0058986862562184,0.1651091626272404,0.017113196533381,0.0072835727304512,0.0030284546489676,0.4152864510889223,0.0058877916837804
469,0.1086100012236012,0.0072666820891055,0.2813282654157621,0.0737174697565056,0.1413298450882807,0.0587196066454106,0.0369385343726391,0.0060152878240866,0.3918604920248935,0.0734330464419226
470,0.0113360741512893,0.0062100770696881,0.2502230255379717,0.0575930071349914,0.0893894337259353,0.0294934866754375,0.0087687150124277,0.0046180241379101,0.3912229955210884,0.0570217817755779
471,0.0879108762776589,0.007962076604991,0.0025949563250226,0.0005141666252177,0.428337181561154,0.023029593102261,4.48368567565111e-05,1.4923025558390767e-05,0.0026153657644949,0.0005768363791335
472,0.0075038805569882,0.0061849636923516,0.2101782523437247,0.0994611950889279,0.0636094475611025,0.0355909860890363,0.0080244394455934,0.0052923970604402,0.3932897105235147,0.0898998729262401
473,0.2729766346268645,0.0083746277578798,0.3452993443407125,0.0167331334402939,0.1111946733363645,0.0463635204184258,0.0170572871198145,0.0053264328881688,0.4156127437123783,0.0167053331667038
474,0.4050226889449378,0.0068931055035508,0.263935143066195,0.0345864760838295,0.1420219618304163,0.0583117144917211,0.0161386727753176,0.0054274265939924,0.3708427841306408,0.0345061321005612
475,0.3311786037287927,0.0204021503302275,0.0031036264364785,0.0012120601053585,0.3162428021479112,0.0417932445782998,0.0007625159728475,0.0001509668179217,0.0031035956591025,0.0012396151021884
476,0.0057198392689815,0.0048244663280311,0.1766911639698181,0.1602346841664819,0.0299427194650499,0.0175332231071732,0.008783029961395,0.0052520257862033,0.3622789035047366,0.1266535980512907
477,0.5631622466491338,0.0181395277304724,3.234426078634262e-05,1.0190415893130157e-05,0.1230007362509804,0.0105270957726355,9.383628820655012e-05,3.873741594014048e-05,0.0004752097663543,0.0002343388710056
478,0.1915118160604899,0.0062519847440114,0.238991322840378,0.0111432409874291,0.1013690717519963,0.0443918131330707,0.006894447561744,0.0036762179928244,0.3862552387557098,0.011108075518168
479,0.4992927163843925,0.0365994986255166,8.193486971129314e-05,7.732822004915713e-06,0.1620724969859441,0.0069754260331583,0.0001005298077363,2.733663365835172e-05,0.0002946687912379,0.0001686256883298
480,0.0054372371657914,0.0035952451260584,0.4183308310240219,0.1204891878862484,0.0725126763742756,0.0157768658049023,0.011001004577262,0.0053636419456765,0.3315507235963949,0.1535128276620979
481,0.0292107182945539,0.0042696127992816,0.2744418761827513,0.1062404643716807,0.0727097754617197,0.0242619699823947,0.0282842398362848,0.0049735075893307,0.3448474593632905,0.1002323176251473
482,0.4196435746102303,0.0474595709640929,0.0003180577526977,4.77237445539032e-05,0.1942057926367795,0.0088298394167847,7.60901299491756e-05,2.4741615189255643e-05,0.000571649014995,0.0002051164180627
483,0.1296092269232875,0.0068680454808026,0.26707745784677,0.0073370364182118,0.2102345522883903,0.043425423960196,0.0083435190074269,0.0034661170464122,0.4018907920543119,0.0073182125566639
484,0.2884724427198448,0.0103581765979501,0.2313113848608831,0.0113015654420872,0.1530251562107887,0.0905221052380301,0.0107154006164115,0.0043645479996463,0.4335634144826544,0.0112710231887829
485,0.2156056538364581,0.0082542865823919,0.2090229969524076,0.0089717835236184,0.2187220455562792,0.0310649397214387,0.0115607733096499,0.0036069705265022,0.3966830065577513,0.0089459425626797
486,0.0824985850109366,0.0063608747530187,0.2830917257814104,0.0449361370070376,0.1248357565025715,0.0427671342400793,0.029897644085473,0.0051918298936144,0.3825331556622054,0.0447560461479323
487,0.0179394553148106,0.0073807238632574,4.296408843520384,0.0891346729476253,2.939625502738529,0.0061036773630671,0.0553026189021105,0.0137286138351023,69.96694973488701,0.5844468025837076
488,0.5425235107315908,0.0169313367952127,0.0001950168423401,5.797565074316725e-05,0.1372864644337579,0.0175348337836612,0.0001156073227109,3.264844858129374e-05,0.0004738144055399,0.0002321528284776
489,0.5079383008062932,0.0551399865071133,7.601791260336652e-05,1.3144664869302678e-05,0.1435557620900893,0.0099077878714043,0.000103936551313,3.7086104494527936e-05,0.0005206640815865,0.0002021069232644
490,0.1407446742062703,0.0075376833077861,0.1836830844540472,0.0052752546920422,0.1306933764787196,0.0164299512785891,0.0074185760081234,0.0031208686282723,0.42316928662517,0.0052752471406249
491,0.2461428448008649,0.0069919895856303,0.1862743886884381,0.0121258811898019,0.1111348557252614,0.044162229505751,0.0079041915459816,0.0043927244309771,0.3798871353969932,0.0120981717034758
492,0.1538192797567026,0.0067046754401871,0.2466557900301128,0.007603388610878,0.1507318635483092,0.0690927663931321,0.0078977760271956,0.0037522816039443,0.4009647954739572,0.0075887000842018
493,0.1679694117989707,0.0094007663272916,0.284810561572574,0.0110268267471382,0.2161883221722146,0.0786082716940494,0.0188833463528526,0.0046802929393439,0.4217372975229105,0.0109918240838311
494,0.0050692246072227,0.0038743642794275,0.1858926944069623,0.1212589744210118,0.0560989515425055,0.0082370372756603,0.0113899585174467,0.0060479374647044,0.3525767550601906,0.206192847572193
495,0.141322067287874,0.0066816927546088,0.2057843278231234,0.0089661915636136,0.1676554968063726,0.068674591071873,0.006739329773178,0.0035278230569856,0.3914370055623122,0.008929151960417
496,0.2025795475157846,0.0085092704443557,0.209826502554715,0.0131589440477679,0.211095739950909,0.1074878528570427,0.0156344865905753,0.0049159544075074,0.3809288544141858,0.0131403522874976
497,0.5064714625363417,0.0394094004819197,7.468425927370906e-05,6.99643375665502e-06,0.1545224818638206,0.0060101822510803,0.0001063939500244,2.835532935936856e-05,0.0003185306183102,0.0001708451433617
498,0.4419646783349444,0.0347783438301284,0.0001154235342691,1.1666170876155615e-05,0.1679696389015146,0.0078244249403477,7.036563106187227e-05,2.948925736344258e-05,0.000432990013235,0.0001766531909451
499,0.2354110872311574,0.0068604779015368,0.2101141072221926,0.0091413882127757,0.2219329812062188,0.1155029825313221,0.0090762829940581,0.0038517793061579,0.3903598914514144,0.0091406794710949
500,0.5493186367252187,0.0206217263681945,4.173572216482702e-05,1.351067566241215e-05,0.1268441293183118,0.0142074121477749,0.000108326487684,4.0955083476524064e-05,0.0005072375689384,0.0002260150284808
501,0.3751076839517414,0.0065153875767844,0.2474880333338998,0.0106422399442727,0.1190535047320881,0.0436821486817945,0.0102778597497762,0.0039815790043581,0.3791041184346193,0.0106276810661279
502,0.0056984257544251,0.0038884314784898,0.18289238344755,0.1492584284572303,0.0207648475835349,0.0043940458888285,0.012250182737994,0.0059054817612023,0.3436917886472074,0.208940059285372
503,0.262383165354219,0.0052778533205883,0.2295134408712154,0.0121527925089678,0.0872978112942092,0.0273619724572365,0.0096545093604182,0.0041246640663055,0.362736026291707,0.0121390626308126
504,0.0192833632737572,0.0079829841520927,4.963453980058625,0.0883383524554625,3.4450227730972416,0.0054581130455172,0.0597415974051006,0.0146304900281144,84.1339182175931,0.6083394156097142
505,0.0066258899974225,0.0057728472341903,0.2335488596208347,0.0411823430294317,0.0741387465705471,0.026089183115602,0.0079967726037619,0.0052764087879722,0.3907968068192236,0.0417549180049437
506,0.4873732793498878,0.0125292414992858,0.0045283182263901,0.0023039871289568,0.3745243713231719,0.0238388064007647,0.0006234645776758,0.0001577097607911,0.0044436902356603,0.0022515761867485
507,0.2354729480410224,0.0063279201087842,0.231610853437126,0.028370535914625,0.1302629060677629,0.0518778273314681,0.0177595019643756,0.0049986424382902,0.3789028134230404,0.0283520928535282
508,0.0187739290107026,0.0080544984832,3.987954548550984,0.0880340103423622,2.690253244054359,0.0055635520082672,0.0587787237460228,0.0148376849107177,66.27371564581658,0.6126465464954506
509,0.1633686079231917,0.0078984935182908,0.2122305911346499,0.0087240491503019,0.1906120746183295,0.0327344372308254,0.011207465873448,0.0037465781034428,0.3783137849420712,0.0086949887424824
510,0.1127158902593108,0.0063020678191711,0.2918163573461503,0.0367019391521419,0.1092068791994604,0.0351554896860696,0.0270430555486617,0.0045760724824798,0.3799238826096469,0.0366134545393884
511,0.1242020307659103,0.0086260176312775,0.2202133396047019,0.0064686724302477,0.2261178314981498,0.0633426692167342,0.0080337519356457,0.0035029026458896,0.4281973748923752,0.0064437292044093
512,0.0064676534023709,0.0049882447229049,0.2189140578297572,0.1227643196063216,0.1010133320182567,0.0193909585896989,0.0179126466262834,0.009099340505663,0.5163168018309514,0.3728660681572818
513,0.0082551458628917,0.0068642211196484,0.2458978871843267,0.1926259559392552,0.0784314833377354,0.059918823441817,0.0092057022368953,0.0056858058669688,0.4075917387679043,0.1289204478493674
514,0.1509206810746451,0.0079272507302723,0.1876977347852161,0.0062073748861296,0.1511663803447314,0.0198879596892399,0.0073715726278525,0.0030660142595042,0.4170236568030887,0.0061862873379533
515,0.4847479717662807,0.0419648038760901,9.188338534385952e-05,7.49501659672265e-06,0.1645494960698714,0.0051535686151636,9.06771662384306e-05,2.043703445007677e-05,0.0003142011231304,0.0001582847058998
516,0.0051999021004613,0.0045539328574722,0.510663596354758,0.2600227466808041,0.2366919866388883,0.0545565777207442,0.00792576845237,0.0049688216244011,0.3538045693085491,0.1294633050298311
517,0.1983998025575966,0.008747199799191,0.2038755763723782,0.0114125695208732,0.2254646046004789,0.0790458051068359,0.0131651071696579,0.0042852299040381,0.3969522250278137,0.0113847492248925
518,0.351603070479935,0.06572051960246,0.0003303106688156,1.3910912529357706e-05,0.3160661942908123,0.0043433297516073,3.705373651304313e-05,1.851680462503223e-05,0.000358224016791,0.000125673046429
519,0.5048051145357711,0.028202942218311,7.553885546408876e-05,1.2103795033805856e-05,0.1540029147775106,0.0136155275253725,0.0001673005241497,4.124570451316441e-05,0.0004478129475136,0.0001879252679755
520,0.2144127317302391,0.0086737142089474,0.1823204814346933,0.0065503270824856,0.2489412800537871,0.0159592612891911,0.0096347053158864,0.0031113459947257,0.4263062708634054,0.0065308559036576
521,0.0147670977955955,0.0078827734712991,0.5433162848230526,0.0865302530775964,0.3225005273323496,0.0073106878010232,0.0492077171823668,0.0148967910555669,8.767173417662393,0.6053896874592035
522,0.0061591704537829,0.0039436621041121,0.1797756849379928,0.1393884273054267,0.027752424109142,0.0067604785314877,0.0112596438101538,0.0052990361967752,0.3212760195253825,0.152026524919071
523,0.0183886575283826,0.0075021139073673,4.285223119648616,0.0890861221581331,2.9430684370942224,0.0059046321503071,0.0566306046294,0.013915903314209,74.54211719847513,0.5898598806708178
524,0.201638683384021,0.0077809816210555,0.1894499087715098,0.0071311045425663,0.1777956550052815,0.0366788097920605,0.0087989000674787,0.003323890924965,0.4098003108335843,0.0071177287529522
525,0.0108499730180913,0.0010858909631474,0.0108533137237116,0.0048918579170533,0.4510536949432623,0.0051660990699461,0.0001012095276295,2.4551439648287397e-05,0.0107903496076096,0.004876549473155
526,0.0176621633291477,0.0081959254682304,2.2394374516242386,0.0868633548562098,1.362959305656417,0.0058553946224837,0.0566474432973732,0.0152234131630179,35.620421352295764,0.6192214835391306
527,0.3599350095579675,0.008096173516295,0.2154082273339385,0.0232915120701747,0.1218133863390298,0.0409893823781305,0.0146430666151345,0.0047862551201072,0.4236650542589343,0.0232739823551061
528,0.1711350714365146,0.0062716188282535,0.2178102151826387,0.0107033127770653,0.1574767593205173,0.0662555020259674,0.0144917525951899,0.0045336100044238,0.326252449039303,0.0107037598075932
529,0.1507164350573324,0.0066928689487747,0.2062429396854441,0.0071500080067536,0.1178572238846798,0.0520587961128909,0.0081501334800084,0.0034994432695245,0.3978687945684717,0.0071315035990858
530,0.2414339000554124,0.0092877931804656,0.1997563560203044,0.0072270076000579,0.2254708661519669,0.0184601580384674,0.0083319115533602,0.0033806058410336,0.4595037625166603,0.0072039822278328
531,0.5407170325376498,0.0061210704261878,0.2199691052298608,0.0135047178217502,0.1335436143190958,0.0555756328613829,0.0079509676659104,0.0042362568028518,0.3657722783219332,0.0135120099931803
532,0.0146020027933239,0.0079200480790748,0.4054598151679064,0.0864353345976002,0.3279590835497362,0.0074558459518611,0.0489129631036276,0.0149839752876737,7.377703332276681,0.6064925397060786
533,0.0996035234324198,0.0096113055162022,0.2878565990949966,0.0073872318107815,0.1752579936962316,0.0855300765462804,0.0085338456592427,0.004516625230461,0.4513984170781602,0.007358930867502
534,0.1132756340067997,0.0083439832741863,0.2383473234893332,0.0693565729975843,0.1408910874044427,0.056427998411201,0.0411080643349544,0.0060657366585964,0.415454491963183,0.0690409536832059
535,0.4353259718588976,0.0321377063063789,0.0001663654276849,3.5675294505429355e-05,0.1839907633582967,0.0153449564958996,5.922108140960801e-05,1.4138642797438872e-05,0.000351325255198,0.0001612120191511
536,0.1486623095291102,0.0062818022558251,0.322881839752243,0.0118125496483903,0.0715193821620675,0.0259799744725112,0.0096983765877393,0.0049000692840896,0.3741127548068191,0.0117964639433574
537,0.3129338724372247,0.0089765254638708,0.292477046682168,0.0143132196694636,0.237852551425298,0.1174697505344043,0.0132357761701399,0.0045660882264991,0.4116927383039355,0.0142505428017145
538,0.3677371185155406,0.0688618884575723,0.0002384045983921,2.1594418180932398e-05,0.2775018553839779,0.0088635995867192,6.580598452681742e-05,1.851995830145976e-05,0.0003771395776104,0.0001626203956072
539,0.0074576382490101,0.006372356565183,0.2834046027003113,0.0902486266870951,0.0681837375087509,0.0325394714153313,0.0086798410581728,0.0055812435496518,0.4005565164948452,0.086883970137858
540,0.3912762673722569,0.0309819355593697,0.0003421814348764,4.94168192281286e-05,0.2460648546047455,0.009042268292033,5.000541972344328e-05,1.664082130968047e-05,0.0004839629047094,0.0001854264068657
541,0.1303010858693761,0.0051793761660703,0.1884403164832036,0.0147266663109788,0.0833308134646805,0.0280597819086262,0.011866601219627,0.0047889112421843,0.344400902706479,0.0146669354500607
542,0.4860018904442007,0.0311868589944066,8.963864888535582e-05,8.46665482127223e-06,0.1614183591387316,0.0067075067734672,8.707117855476713e-05,2.733902025294792e-05,0.0002772884167475,0.0001721584290094
543,0.117188108777987,0.0060143658893906,0.2788923904529653,0.0090851418737435,0.1098495870418494,0.0465856908434576,0.0083551509712283,0.0035950142787425,0.3777095366492607,0.0090461635744281
544,0.1911279753007458,0.0141766001205862,0.0013528982202904,0.0006496389001607,0.2684174239499541,0.0386216657921013,0.0002889856682392,6.049738109157023e-05,0.0014556036040784,0.0007182341161035
545,0.1102590615353167,0.0086221160161827,0.2197110174749488,0.0076466572258698,0.2052151953041245,0.0401928787552558,0.0110465775089872,0.003865927418601,0.4144912050571222,0.0076110059155032
546,0.5249150604691808,0.0222969330997194,5.4403193768154205e-05,1.3345321935327048e-05,0.1439408593970027,0.0141808689367749,0.0001738173805426,4.875489432958127e-05,0.0005114195820147,0.0002084025388725
547,0.1605468740504,0.009006594499245,0.1893840558463011,0.0062084444338983,0.2030411181980997,0.0182122712439896,0.0074758785903888,0.0031412766121621,0.4448680962115798,0.0061939123043486
548,0.4430808271122361,0.0446799027695562,0.0001303636171458,8.649990941802491e-06,0.1859546530815453,0.0037276874062316,6.200689729756911e-05,1.3545120675059733e-05,0.0003372132106181,0.0001441192570695
549,0.0180904782369385,0.0081617095833794,2.3653848291704023,0.0873365946881012,1.4670574627078896,0.0056393708517215,0.0574360102692991,0.0150389587599013,38.55153028215194,0.6158503097270184
550,0.0060254742172085,0.0051000911177293,0.2623644204142424,0.0735996071813536,0.1107720881093971,0.0504185592126331,0.007935871340473,0.0049371508150798,0.3686180649069591,0.0740764034386083
551,0.4348944181814798,0.0066079861730599,0.330027116507196,0.013478210757275,0.1376285610740504,0.0556727478140052,0.0116520662589632,0.0042968584636366,0.369228397827858,0.0134595760623198
552,0.1231871755850703,0.007667231283933,0.2037618076469539,0.0088734151707435,0.1502973250190747,0.0518591817239202,0.0080771450088626,0.0039995035939053,0.4155924762372064,0.0088348475001319
553,0.2365771632193914,0.0087538507531082,0.2587946864116087,0.0088668801391809,0.1629296387410899,0.0882043350321796,0.0093628349122026,0.0040813290950915,0.4312019617561038,0.0088503202318913
554,0.0080202107986079,0.0056460355938848,0.2711828836845011,0.0314971333493554,0.060492382403695,0.0185309412524033,0.0077919614801214,0.0050724308328641,0.3903759804185028,0.0305978072483471
555,0.0933879115663009,0.0051917958935282,0.2626582466505884,0.0247798646266876,0.0782267621381944,0.0238890860099028,0.0186637515024019,0.0046409954970549,0.3691276395178923,0.0246008125412808
556,0.0054552409020555,0.0041534457524991,0.1957279277468788,0.1413626988004142,0.018708039296937,0.0055718251560168,0.0132239193398665,0.0070062812540242,0.4061693047011921,0.2437049234573966
557,0.4311773579429223,0.0910983646570601,0.0001258268649221,1.5257932576676938e-05,0.1860280904086612,0.0064661028157147,5.7138332486802834e-05,1.912391248808672e-05,0.0005264985145876,0.0001684037955003
558,0.1601760285788808,0.0277494313581855,0.0003030625002797,7.586998080706357e-05,0.4780546409452804,0.0137106839404424,3.924647945722142e-05,9.895375119438873e-06,0.0005657856072388,0.0002175379094988
559,0.3778295619478,0.0339959614990322,0.000214632157587,1.581231446171488e-05,0.2660149805358467,0.0075536458735974,5.936737086288136e-05,1.6229745997585564e-05,0.0003614205541125,0.0001382103222431
560,0.0228356517103669,0.0048428544713308,0.2910147929157875,0.0305707487982178,0.164048070123186,0.0346671626528795,0.0147373882657162,0.0048895977250818,0.3728244963586474,0.0307243287955657
561,0.1439695523805729,0.0067610527441611,0.1753967315739015,0.0068211064338672,0.1741069750821882,0.0720717399113905,0.0078803799996838,0.003454961763542,0.3990515476299649,0.0068103571533308
562,0.0055231588264321,0.0040434663003114,0.1896165740630571,0.1466335839965186,0.0139804919893472,0.0040332755212225,0.0128946551553187,0.0065631329593166,0.3775862031916362,0.2377543290959494
563,0.0189871287223685,0.0081314054860514,3.839340165188937,0.0877118256696822,2.5780212188371583,0.005493670493913,0.0594257695841309,0.0149073954620325,66.01028444210827,0.6142829434111587
564,0.336942344281111,0.006304664357731,0.2118234676912837,0.0140610084160532,0.1003991767460507,0.040173489180788,0.0078212849846905,0.0045589488223813,0.3858266843641871,0.0140616892793454
565,0.4368487703400583,0.0330738059023349,0.0001303179902904,1.0194306649764068e-05,0.1932073801817199,0.0056086998263055,5.489948047724081e-05,1.6978779985916654e-05,0.0003193409194086,0.0001482269061174
566,0.1938436857600126,0.0072943871832449,0.2475378108895769,0.0093726480290925,0.2343876174861218,0.1270404802807887,0.0105180647513292,0.0035915223141981,0.39993320258504,0.00934526054615
567,0.1286928471175767,0.0225030946005387,0.0004669593055101,0.0001393017681995,0.4900019394726049,0.0120300663362357,2.8170594446376844e-05,8.33734618993955e-06,0.0006779930927593,0.0002496093121858
568,0.3859518054847584,0.0073859776257574,0.179710381976184,0.0144355436373415,0.1192185217418218,0.0497996401766609,0.0173288865339863,0.0048225890208098,0.3614610516808611,0.014390601664252
569,0.5160197182030727,0.0254065330895979,6.227713182142042e-05,8.926138993096059e-06,0.1457329617133264,0.0096740802514433,0.0001195717937696,3.262564810632051e-05,0.0004592570596319,0.0001868169201412
570,0.0061650023972182,0.0051778909197492,0.3397608072558047,0.0983297735689948,0.0802654866534134,0.034948046346205,0.00731927572868,0.0047677278223657,0.3695273767157894,0.0924677684629789
571,0.0164442048542056,0.0081012530944989,0.8949369849549984,0.086735071314798,0.3737583972286397,0.0062256967919874,0.0536029723700309,0.0151533582938286,16.67886122190589,0.6155799272041678
572,0.4256132194969134,0.0369533027223688,0.0001537139064664,1.0327691323413196e-05,0.2143620832110806,0.0049972519114197,4.775915697950853e-05,1.580748320001352e-05,0.0003405882312667,0.0001457672734693
573,0.2288007079165503,0.0089866254102175,0.1973301918802806,0.0076738068942318,0.1846434153356248,0.0425179774025537,0.0126447274066368,0.0039295571311986,0.4175717206217536,0.0076451015546634
574,0.0075742945671209,0.0063604213948208,0.2524296004156325,0.1880043821882307,0.0743047017884866,0.0565976440937313,0.0086882476022656,0.0053928383015684,0.3971795990331252,0.1204688486128033
575,0.2552138805359776,0.0083781946000839,0.2468808000076932,0.0149983977398475,0.1298375704293151,0.0595650655974893,0.0092131482959206,0.0048780051338296,0.4194117504697388,0.0149877222025654
576,0.0367423826714399,0.0080858289373288,0.0029221054224323,0.0016397351099727,0.2907452493901626,0.0035088086093147,0.0004290660918139,8.155327183431932e-05,0.0028817841045729,0.0016407644470681
577,0.1510045422718253,0.0065171924922488,0.1945134354473598,0.0080642361638938,0.2395776714606638,0.0941212055016975,0.0077768890528215,0.003541265860401,0.398055202960425,0.0080282842232808
578,0.4708340984569069,0.105401083759363,9.549938197781657e-05,1.3252174308965082e-05,0.1616513999329215,0.0077845051320647,0.0001071806871501,2.5903590120721328e-05,0.0005409252204855,0.0001872454716359
579,0.0116035487205879,0.0072973685703036,0.2917010407692103,0.0877657131915107,0.2980444006381695,0.0143254946980316,0.0402601364181335,0.0140732434493619,2.177618786586001,0.5707515651880434
580,0.5369065639295597,0.0218071650809776,5.7794804420810334e-05,1.0674466291603912e-05,0.1442646795332254,0.0086739428509596,9.758260235604897e-05,2.738948685545416e-05,0.000338426732086,0.0001895884890937
581,0.1643149466370297,0.0070407079260009,0.2149737373763917,0.0058042216129217,0.1467171033963152,0.0678498823020107,0.0075161136649901,0.0033826469744489,0.418983903290918,0.0057977223209409
582,0.5272931294333117,0.0352593137980582,6.021126690188425e-05,6.59935660536208e-06,0.1448716318552183,0.007877992609893,0.0001131614877635,4.235668245685391e-05,0.000327738461843,0.000197985924849
583,0.0062756947345901,0.0041130490022381,0.2225597903664533,0.1508868726180712,0.0249169818242022,0.0071940447707693,0.0113702294465453,0.0054234412144169,0.3318735222824704,0.1547571484320048
584,0.0059857196181492,0.0044454568500084,0.2242642303763563,0.0868158551289854,0.0693943445701031,0.0257499545680831,0.0099756432521527,0.005370482947301,0.3508241247852252,0.0788659547018709
585,0.015486621783209,0.00699262054047,7.017574442622668,0.0893067879145943,4.86464377737996,0.0083141188644321,0.048748013737345,0.0132717044870451,79.6925827893594,0.5654430026266521
586,0.0227306309531462,0.0037580679122697,0.1771554779398617,0.0239941260976224,0.0744560135573676,0.0218495914930364,0.0112725751694936,0.0045224218817777,0.3324191215334937,0.0235713111820199
587,0.1805397335103105,0.0080464099432394,0.2313840144392296,0.0124039062454494,0.1585844186414125,0.0744644893060691,0.010578220664645,0.0045599726422564,0.419485287526701,0.0123658484616585
588,0.270500794142459,0.0094275278444545,0.3600865823814533,0.1140105828322216,0.2078473751662696,0.0957421479343001,0.0638515348132862,0.0079738132654715,0.361951028278728,0.1134349019044668
589,0.1729345202961779,0.0092739456837218,0.2987349038332391,0.0110340081670456,0.2429717948855796,0.0657865020949734,0.0190496468386151,0.0045050802272492,0.4138537714920563,0.0109998708133939
590,0.0062447891909947,0.004837912805027,0.2173898885071393,0.1267493491300875,0.0847997331747001,0.0173140598455749,0.0171328960264148,0.0088085984403972,0.5125676562127109,0.357853991780289
591,0.188078471984321,0.0071221192093422,0.1783382076473547,0.00993918998512,0.1973411757081917,0.0479331869805084,0.0131985796754042,0.0038434337867535,0.3695201583607483,0.0098986740117324
592,0.0897966096108365,0.006223366857516,0.2241790657936102,0.0365394285525651,0.1047204944697385,0.0342328859093962,0.0278502069598948,0.0053596411871498,0.3894474349347008,0.0363503665644734
593,0.2455019967356059,0.0346731491307989,0.0001132070858107,1.3915963909045892e-05,0.4668255073573824,0.0046419745736427,4.306870676607165e-05,1.0782613552396295e-05,0.0003329171293502,0.0001557060851638
594,0.2545562539692078,0.0094017916785656,0.2462422343724844,0.0197666727634054,0.1636339391858863,0.0759982966967278,0.0230064497423265,0.005107366674155,0.3939770264898335,0.0196879494103177
595,0.1704266282432473,0.007418601004956,0.2440068676666837,0.0127400862094773,0.1264635942088314,0.0581898299313662,0.0121069335276742,0.0042061659118656,0.4010307824364737,0.0127259043071949
596,0.4760117304689976,0.0820179710564126,0.0001300064079288,1.986352577150669e-05,0.1616515932663728,0.0075278097827673,8.733456188845142e-05,2.944830498634973e-05,0.0004191238522292,0.0002005005743409
597,0.010489388078671,0.0069933415695714,0.28404484709466,0.0894598932670993,0.2859855342699817,0.0216261982055118,0.036822194230886,0.0136101537924668,1.3829755452459227,0.5514967978962357
598,0.0499154127897167,0.0053530181061893,0.2776521734326875,0.0155518259868926,0.0997144250382219,0.0238093380035496,0.012688076124562,0.0044043315912859,0.3719923372209983,0.015623140442907
599,0.1981622985619653,0.0060205855892493,0.2185660236837708,0.0114392270258523,0.1422075419929362,0.0625751365303747,0.0109224498072375,0.0038220493275546,0.3725339613750059,0.0114270145758978
600,0.1117977125157539,0.0073308946908575,0.1962846260611984,0.006757480696092,0.1882319679203181,0.0493827647615553,0.0081083221504735,0.0037439501909312,0.3973491980602871,0.0067439595555631
601,0.0049592588865752,0.0037634611183421,0.1795447885046326,0.1476278714337799,0.02208667352721,0.0050137410633223,0.0100344271203531,0.0054348478477246,0.3322359271077738,0.1718389139551065
602,0.0444309832502191,0.0083680330665958,0.0075348977978236,0.0033218951231836,0.4260813416197164,0.0025365173386021,0.0012534425892688,0.0001589755987234,0.0074701813132757,0.0033059972462859
603,0.042009590086682,0.0051349643742593,0.2381718548302497,0.0506190172759979,0.0867333705799355,0.0268630776272581,0.0264038118357116,0.005243455152417,0.3638663574010267,0.0498571072430353
604,0.0187777519349286,0.0081457872469198,3.5735292244506174,0.0877352109543502,2.3751901253538725,0.0055358829703038,0.0589990462034863,0.0149831470700364,59.48809569186447,0.6159553827152219
605,0.1474902204112053,0.0066379677004486,0.1969615034537226,0.0105724730001068,0.1505512918468523,0.063719354527748,0.0113897090175531,0.0042196317423409,0.3663306762069223,0.0105617660081758
606,0.4532529738404528,0.047438045794868,0.0001183832039084,7.898811578461276e-06,0.1678582294664085,0.0036175323897211,6.70108174445608e-05,1.5204389376711792e-05,0.0003091619736711,0.0001454256280161
607,0.499699932566213,0.0385306375672785,7.945549792150159e-05,7.362399995465784e-06,0.1577396054559413,0.0062657719775506,0.0001022046818062,2.5284022630622667e-05,0.0003226606047015,0.000171141634183
608,0.1318240970452731,0.0074361390385398,0.1852502127100475,0.0065321036110285,0.2577780435487999,0.0399202878376648,0.0079034121215549,0.0031958148704464,0.4043660694333186,0.0065142810582382
609,0.165788838887187,0.0280528206254928,0.0011296139684425,0.0002295680462486,0.4640272513783698,0.0056036421557358,5.316571878627991e-05,1.6224912476274345e-05,0.0012006296865435,0.0002369768598227
610,0.1744086112904119,0.0092487182001445,0.1932830264920198,0.008448866264813,0.2224962075435385,0.0280350986606259,0.0121313823873459,0.0037447362476242,0.4344397953383522,0.0084153497273127
611,0.0049177722270812,0.0036910301363225,0.1866487953411086,0.0888229482443987,0.0477524687860285,0.0109032941571515,0.0110938168955763,0.0058447193736805,0.3659677859218474,0.1034557439843369
612,0.1559090234499559,0.0087184535147388,0.2551064361943945,0.008745745169647,0.1597201140548708,0.055720102863018,0.0097524234796633,0.004182623729469,0.4296104706478792,0.0087084124491398
613,0.1431148911254235,0.0079734860508563,0.22203202747108,0.0073047105711332,0.166201148159396,0.0617775198453229,0.0094954690053827,0.0034659140250088,0.4133364135434585,0.0072889667195185
614,0.2089119802321818,0.0071829989902997,0.1834840802211322,0.0085557477715981,0.1601221174409575,0.0712434893444495,0.0083535158958202,0.0036683229209916,0.4001354537884993,0.0085189847289342
615,0.5539885818925414,0.1074363632330352,6.465387387762531e-05,9.780833587897776e-06,0.1269638518974231,0.0098882280329534,0.000145864095411,6.892368646262061e-05,0.0004937626041375,0.0002561183722637
616,0.0182452593594636,0.0081422396464112,2.5633167323249624,0.0875140610441429,1.6167557407819522,0.0056420503243281,0.0577766226694026,0.0150294902704576,43.7331143985851,0.6161985354873424
617,0.2890773007911694,0.0221070711200525,0.0034639033350097,0.0013082513677412,0.3609358342073741,0.0239914656617226,0.0007788701058457,0.0001397856639814,0.0033151372806342,0.0013433261165638
618,0.1558329977851766,0.0054409346044481,0.176107240725948,0.0065825916616001,0.0874687600788586,0.0161401833178373,0.0075462381865593,0.0039883915081459,0.3514230039961452,0.0065871458421876
619,0.1173928705727356,0.0068521665973733,0.1936630552826616,0.0096606965492913,0.1498030596922934,0.0645191553674392,0.0104156420232593,0.0041579425543761,0.3869717444556492,0.009649605354903
620,0.1851413075123013,0.0079753765168017,0.3018523349187204,0.0089892941077375,0.1880004851668194,0.0575966554981345,0.0099760554804734,0.0038317367531815,0.4086552946805377,0.0089728226922142
621,0.1371330468334278,0.0060265642907739,0.1945203173281419,0.0094016057274859,0.1517445899418583,0.0561463982128738,0.0083841917018455,0.0039931376858611,0.3666217467984154,0.0093945832257741
622,0.290511855869723,0.0079613138896893,0.2235975035830628,0.0101176116476322,0.1712749525747229,0.0834120051013521,0.0176190684266451,0.0039215120461335,0.4060343350538471,0.0100749319134065
623,0.1405062471892851,0.0086082116607684,0.2017328549908582,0.006570172498527,0.1887982441728319,0.0204949935400746,0.0087175691380675,0.0036617562668051,0.4272110007571966,0.006560859046144
624,0.2098952239447121,0.0068845406682778,0.1819410045842529,0.0105286979358981,0.1552678277881049,0.0750498180784143,0.011708359326968,0.0044848523059781,0.3828372248125105,0.0105063681212662
625,0.1910309602682698,0.0066418238583755,0.1798299637920425,0.0067004217798408,0.1295795599996766,0.0447817051277016,0.0073518783922308,0.0030807156816418,0.3820131469036725,0.0066802744272533
626,0.005467946521925,0.0042218391253986,0.1800285083798096,0.1541563423406865,0.0256996790025329,0.0072135908456967,0.0100002433431646,0.0054275807981787,0.3402906025992607,0.1617807875473436
627,0.4896559505777305,0.1024059730883571,0.0001065693768588,1.3901813719919812e-05,0.1597730978935571,0.0085570440365552,9.926098760376028e-05,2.8079762209552496e-05,0.0004552280961477,0.000193253215035
628,0.2406273414370246,0.0075242331313595,0.1901046733109796,0.0068896680245359,0.234912070804421,0.0309297717016641,0.0076831510684875,0.0032061052362304,0.4007991877679482,0.006872701215516
629,0.0168139504789923,0.0081104467967561,1.2831031689658152,0.0869979565376661,0.6587912976616225,0.0060531247106029,0.0544413320527113,0.015112177883167,21.36511019293258,0.6152411352718941
630,0.1701646060745217,0.00753480044086,0.2216777667830163,0.0098710550226953,0.1185531171576416,0.0544654422127202,0.0105444919212229,0.0034521692624533,0.3992704236627518,0.0098248141660202
631,0.4842000561741315,0.0331666628706387,8.061136027408157e-05,8.336731417344892e-06,0.1585589108105922,0.0065793541876784,9.423770593608472e-05,2.441441037483848e-05,0.0003052818328818,0.0001620458479723
632,0.09477386526982,0.0083235822244481,0.2274086916860185,0.0055299503832447,0.1574934557224312,0.0677198063349066,0.0082542974359648,0.0038244222527263,0.4326360052494211,0.005514817019238
633,0.3857710267592198,0.047770085773185,0.0002342218660469,1.2327401499080108e-05,0.2662971484579092,0.0032508939936336,2.903772767030264e-05,9.856834259488138e-06,0.0003761291857458,0.0001262450376144
634,0.1276244723220373,0.0241593092693758,0.0019110937809619,0.0004510668348308,0.4006636501755759,0.0053926557874785,0.000145038235057,3.095449569289789e-05,0.0019848026689246,0.0004707872683035
635,0.3856589641177397,0.063514090293342,0.0002375410398946,1.1243790728378771e-05,0.269855650015066,0.0037812635287102,5.004129636664066e-05,1.589727587096802e-05,0.0003725227786888,0.0001312463296964
636,0.2922097607252597,0.0094322879210938,0.1914822534754889,0.0069551330739798,0.2099013595732547,0.0223435804922726,0.0094548832535407,0.0035195733231716,0.4430160471890201,0.006940583362291
637,0.3928273161421719,0.0065763342380192,0.2316806651128045,0.0106574439491743,0.1182423393878984,0.0467373874801392,0.0076572828744138,0.0042837242602204,0.3812832646903178,0.0106538659080018
638,0.4391231609058527,0.0569398564812247,0.0001489741879257,8.391131231899643e-06,0.2081669083541543,0.0034465730025607,5.051503846621779e-05,1.5605735767272142e-05,0.0003251495409556,0.0001382727481792
639,0.0952986779133212,0.0079194869334294,0.2681521070776665,0.1123851372541778,0.1593577402261129,0.0613951746779784,0.0389520727177255,0.0060874560192726,0.3941511330247504,0.111537369859942
640,0.4972582555647448,0.0916458631231737,0.0001360100689533,2.042900048890585e-05,0.152148001678834,0.0091551590459301,0.0001052720344469,3.516219693306768e-05,0.0004635018954798,0.0002126039045367
641,0.5468731167603469,0.0319037375289455,4.6121643144786106e-05,6.542882481983822e-06,0.1370544329761667,0.0091205063121115,0.0001090106309255,5.278570763326891e-05,0.0003969128543297,0.0002161705842291
642,0.0058355612134823,0.0041804670186564,0.1822433787654401,0.1514458770989127,0.0237495718453267,0.0049369963246211,0.0117664074607102,0.0059432037050858,0.3411518544840832,0.1883249895287625
643,0.2256015367859929,0.0100060011009437,0.3163372063443282,0.0076176650404903,0.1809060601553219,0.0653281763588423,0.0094649946909039,0.0041133438073394,0.4598243218441925,0.0075909393640264
644,0.1279527658727128,0.0051646839548531,0.216596454767891,0.0156764413386593,0.0613024182002913,0.0153423018683095,0.0114531091519885,0.0043780977624793,0.3539207746257602,0.0155301153575251
645,0.1739766451153557,0.0067143550414068,0.1816444125713393,0.0088767200629227,0.1785034488700881,0.0766333352056794,0.0079792922949439,0.003484680093221,0.4010679668293079,0.0088151961349458
646,0.1335679264459031,0.0072244762925667,0.2669453242697057,0.1136149155757844,0.1497773307822389,0.0476476528434591,0.0547320734409075,0.0057883127086414,0.3717754356769103,0.1125301875662639
647,0.2515698958527597,0.0127664313045814,0.3006919097372916,0.0161903165321606,0.1930605598387412,0.100390141009861,0.0224087507293996,0.0053438769643569,0.4497268329957187,0.0160931935604381
648,0.0189875759283594,0.0077593370758435,4.77147922178032,0.0887468293014078,3.30960272324901,0.0055568853079319,0.0585619542880048,0.0142806716001702,82.4797109396252,0.599869985454154
649,0.1546908070436425,0.0176421396913445,0.0022031610302995,0.0007066306078562,0.2669541080424975,0.0109446849038144,0.000141137526596,3.6741372331684174e-05,0.002160038251844,0.0006974662610662
650,0.0079921694909184,0.0059384995959708,0.2537079108823297,0.1004862358833876,0.2387502185453438,0.0445651295205146,0.0270376039380757,0.0114918646827501,0.6159112017131061,0.4752981979897466
651,0.0104163043898087,0.0069055530781417,0.2806668567741362,0.0903152917666356,0.2848508185605273,0.0211516235366729,0.0364142855513118,0.0134514693916868,1.388911870180685,0.5485805704270046
652,0.4968902758913433,0.0445110644413782,8.373997194925301e-05,8.836738276318861e-06,0.1596822283258643,0.0084337943065804,0.0001186457498683,3.213958169462513e-05,0.0005577068503573,0.0001865598813716
653,0.4358691461887981,0.0742358082265844,0.0001324847085385,2.0608038737316374e-05,0.1860051552380962,0.007644028813006,5.760830424317958e-05,1.9365953017129563e-05,0.0004349204701307,0.0001831831923068
654,0.2441762390779422,0.0085036510653163,0.2903695544715814,0.0115535440034056,0.2152259907168775,0.1042510468512279,0.0132761740141685,0.0044320486008436,0.4317983033544805,0.0115269217570113
655,0.1435819472003359,0.0083115501151552,0.220367080373034,0.0056440909753299,0.1450982847413282,0.0493670501677782,0.0076204105636702,0.0035320417890774,0.445696829865677,0.0056390102362728
656,0.2632701296182502,0.0060837605616981,0.2207616435048687,0.0095509607669937,0.1063772295648578,0.0316026787752931,0.0088009075095576,0.0044120004175208,0.370804588421801,0.0095382479017934
657,0.0049706350049282,0.0035054338098377,0.2268549408326628,0.1170695347762123,0.1042778276456958,0.0350906556934429,0.01074245580216,0.005450737488771,0.3498912310991655,0.1053076582568091
658,0.3630518184188597,0.0640265320974046,0.0001226058949701,1.102887703931824e-05,0.3013479066977946,0.0069869434254156,7.504703215957101e-05,2.7721264125259944e-05,0.0002949693254087,0.0001624226444308
659,0.2834238921965698,0.0071495449165854,0.2608355417389713,0.0143204903688132,0.0870937725604465,0.0359818114738989,0.0123380532236102,0.0046181875978012,0.3629563677781052,0.0142873645624383
660,0.1756853558173941,0.0057468356366631,0.2471224717671813,0.0107284749062382,0.0624290981928666,0.0215162222319188,0.0083163480082016,0.0042200031044701,0.3498141740461599,0.0107103072513116
661,0.2448380000527977,0.0077864973016098,0.2305084074961951,0.0080402935468416,0.1600652573313627,0.0550233159337776,0.014262999893336,0.0038209517546776,0.3853396804451899,0.0080334708690709
662,0.3945446399385433,0.0402813799332093,0.0001588041266213,2.8556786313149526e-05,0.2455576748052206,0.0110039740322608,5.071246174720984e-05,1.6301481608041694e-05,0.0003998103906093,0.0001812522122859
663,0.1750431055397549,0.0120424874701625,0.0014802464492396,0.0006218142183548,0.3055338084653561,0.0435753280111359,0.0001320257883109,3.682550212264244e-05,0.0015091520164231,0.0006357542681628
664,0.0072552836068732,0.0042567513644834,0.1868929258650857,0.1468436373624769,0.022382186380226,0.0057690846385157,0.0138154568841098,0.0059129795396371,0.3388464661685385,0.1750813444491925
665,0.1831642122715065,0.0096595555708635,0.1936860732283547,0.0082410000222336,0.186129117157098,0.0174775851838317,0.0086139560745124,0.0034732365554023,0.4432240530321631,0.0082063208447042
666,0.3117137015593093,0.0792079512233452,0.0005438448259948,2.197610565489865e-05,0.4906234677078451,0.0045185087482348,4.180630202756229e-05,1.894105556206348e-05,0.0005427905343227,0.0001058404307855
667,0.2386834079921014,0.0079681824955609,0.4415738088607411,0.0412755065961194,0.1369298539201318,0.053570020978751,0.0243700664999018,0.0059190624623673,0.3952876152734936,0.0411650848243601
668,0.1175726096575695,0.0194860387606778,0.0020374347076163,0.0005218350152942,0.3353415387131691,0.0082625701742743,0.0001607679863506,2.7077675494119284e-05,0.0020958662649576,0.0005510997292137
669,0.0054466294744919,0.0043450656441777,0.1785058998575499,0.1515784007933642,0.029613810964531,0.010082203136361,0.0092695566833413,0.0052004407138223,0.3443519120865567,0.1425619663278749
670,0.0056051209181023,0.0037208460081612,0.206583468877471,0.0941898355359146,0.0989823697970846,0.0194302341561747,0.0107184256338579,0.005182887657813,0.3153306623206855,0.0856572477289795
671,0.2085001310309052,0.0103334177812875,0.2540858568628305,0.0134199994327805,0.1718845360464653,0.0882723894479761,0.0205397092475728,0.0050405562165463,0.4274746177899305,0.0133827167207646
672,0.1708630493212719,0.0131153104932863,0.0032013547629477,0.001456273286551,0.3033500458572205,0.0474521189808896,0.0006244864778068,0.0001023961041217,0.0032009897014505,0.0014750334383648
673,0.1241445060145409,0.0165326729770534,0.0013378578339771,0.0005387455500171,0.274229566845214,0.0140259948595411,0.0002631298666638,4.48668485950854e-05,0.0014569323774904,0.0005888541430842
674,0.0225425453819563,0.0044802773621055,0.2604273368747383,0.0872206177833831,0.1504536397840002,0.038225793620295,0.0199630171616112,0.0048088764267934,0.3571375627160396,0.0866407676332876
675,0.4866162024066848,0.0240834482287494,8.951916204142312e-05,1.0588843127447285e-05,0.1623671860952616,0.0089416700929611,9.134061977715352e-05,2.456327361547764e-05,0.0003212240050067,0.0001679865449917
676,0.3468449648436231,0.0069115156605748,0.2870456674906137,0.032711987593535,0.125759656730247,0.0549041299652123,0.0196246868228972,0.0056517983927,0.3332348710735939,0.032630417477075
677,0.0063293570544189,0.0050147341019424,0.1803267692728443,0.1286363271156069,0.0375731426801782,0.0172904980108233,0.0092538655853934,0.0053211431995042,0.3636651228418933,0.1206189185508573
678,0.2199100836940271,0.0073029114039818,0.2524610164259933,0.0101290369312005,0.1384900610709103,0.0653345111326216,0.0103495808905519,0.0040570894805713,0.399143543003951,0.0100936891423843
679,0.197984235694954,0.0327800609306251,0.0002792063792084,4.96142488402279e-05,0.4130768426147272,0.0097979856995562,3.1307701350718025e-05,8.718253925896152e-06,0.0005606544674681,0.0001898277457012
680,0.0182607183502237,0.0082040936182641,2.6078628227640936,0.0873310491538345,1.6452313727693435,0.0056413694550198,0.0579761494031904,0.015142013750479,43.3380512935204,0.6187326989753744
681,0.0082647726373864,0.0067663401552426,0.3001634727963969,0.0479633939445665,0.0874387012802837,0.0241672506997853,0.0087119473628526,0.0054843759905779,0.4059942233888903,0.0479269988275513
682,0.1334493120847835,0.0054480190883314,0.1629096061464152,0.0085253425036614,0.1354467649206453,0.0592188217146318,0.0069676878859828,0.0034164209928383,0.3578791693899378,0.0085034654515467
683,0.2347391339773206,0.0092587595581591,0.1908318783269735,0.0077483031747483,0.1896353168254461,0.0278188581110113,0.0086677792841048,0.0036119624775172,0.4317669007296565,0.0077312442075666
684,0.170332725454454,0.0067650015505977,0.1978508074382383,0.0087054833911543,0.1536741339922788,0.0691789445417228,0.0076685712834435,0.0036966447157347,0.3857493488503333,0.0086797102179619
685,0.0061144512996928,0.0053246034224625,0.2579586802365272,0.1296965337489086,0.0816093657778969,0.0278573635415454,0.008648684921426,0.0054455570240841,0.3804538850367706,0.1068153068592955
686,0.5208843648200254,0.0074258328363661,0.2447857841757941,0.0157167380667136,0.1386707471832139,0.0583440803868392,0.0084315964786008,0.0048183714857235,0.3996062742065878,0.0156869804689512
687,0.0320751266084806,0.0067861887614132,0.2522491347632277,0.0636887060131442,0.0862181238423606,0.0275729159971822,0.0196001970230127,0.005140586003404,0.4015727204420503,0.0631015008023759
688,0.3299510354461027,0.0061447567583426,0.2393153177138325,0.0121245630196697,0.1150894142801001,0.0425416109589624,0.0113069876732684,0.0045765334789041,0.358115526946183,0.0121099852744126
689,0.431191231258723,0.0736137419635219,0.0001745303347617,2.882357139262266e-05,0.1843648940612606,0.0075998984943317,5.984311384726707e-05,1.8709654820724293e-05,0.0004029115227969,0.0001824815873242
690,0.1272656596180399,0.0074207881648634,0.1920908402708286,0.006775313974417,0.2067015362119988,0.0713376855596485,0.0082054605314567,0.0038428029917049,0.4102647740076182,0.0067576373767826
691,0.4786608974643815,0.0297737455731171,9.542856340754244e-05,9.969202422640328e-06,0.164959029007469,0.0078615748444266,8.962511931471574e-05,2.249208783562089e-05,0.0003159062086345,0.0001609807468105
692,0.0049787372756772,0.0039723792924516,0.3435383081204343,0.1118037651797607,0.0611801277598976,0.0222431353676256,0.0089925622108591,0.0051683404543624,0.331506366579647,0.1087756614316738
693,0.0182659024796945,0.0073373989617575,7.008791041183026,0.0892359106330614,4.958632199690731,0.0063901192861417,0.0560751467540084,0.0136844855265285,115.27726616826884,0.5824963041413157
694,0.292250629505473,0.0105430577188455,0.3356604214517726,0.0186141599932475,0.1610304425853403,0.0836720325132585,0.0227808791470946,0.0053563114561714,0.4345943671631405,0.0185573741023727
695,0.3735475253292746,0.0069278961161538,0.182770355293503,0.0133409130247999,0.1236651886728784,0.0378722922495672,0.0136849305299732,0.0047694654005026,0.3705128475544005,0.0133081594688043
696,0.4649046004126513,0.0370603716966721,0.0001072268160173,8.73079111621978e-06,0.1675188284082077,0.0055263470401522,7.731367179854976e-05,1.8697219531822128e-05,0.0003146850009733,0.0001511183681851
697,0.0055610311978111,0.0041419869547865,0.1924063211727884,0.1458284965038865,0.0130465289015681,0.0039311217533322,0.0131654615117479,0.0067889007651591,0.3912087047180745,0.2422432067013005
698,0.4295946803793148,0.0379267384838751,0.0001479139172889,9.887102422540644e-06,0.2089489995131377,0.0054313983523694,5.048738943913824e-05,1.977594175816279e-05,0.0003395425021245,0.0001538934597805
699,0.0075625636180726,0.0058972062635002,0.2579610379753902,0.0222457485601995,0.106715340338534,0.0272742134730834,0.0083086883712595,0.0050411498229823,0.3863863004845366,0.0217722085387949
700,0.3255693169648399,0.0081725769875512,0.21965830051328,0.0087625848768657,0.1810013546412746,0.0586497668353329,0.0085996655412294,0.0036158229315923,0.4257375171708898,0.0087336340173495
701,0.0131406909360725,0.0076171303878755,0.3059417928248263,0.0868843746917279,0.3154705297142245,0.0096187704103669,0.0447430245215601,0.0145602770516306,4.293621685218213,0.5908722611227369
702,0.0715904983041098,0.0068826088702707,0.2428121677188066,0.0349901564589797,0.0824781335484257,0.0270317220481374,0.0221382070631442,0.0055771445241405,0.3982395423912753,0.0347766994037079
703,0.0109193505207588,0.0094010783687371,0.3559035118808189,0.170577371645854,0.1055527708243617,0.0801689293403571,0.0095058239921396,0.0062366849521963,0.442557557440298,0.1296517281889942
704,0.3089707667666492,0.0066537991833568,0.2286423389324235,0.0148905062349798,0.1132611402009576,0.0498370249608302,0.0135785703094201,0.0046678165829428,0.3722004741864279,0.014883784510828
705,0.1747603527390356,0.0104895279424837,0.2281340592309272,0.021315248078105,0.0972640646856147,0.0501097030705779,0.0304399262299731,0.0059243586266428,0.3907171995342043,0.0212654221995165
706,0.1859047607635786,0.0066742417393677,0.2372537949614007,0.0077559985226717,0.1447973202061731,0.0685090311255851,0.0091298790954163,0.0033049079535358,0.3771190716248184,0.0077304721014315
707,0.0186548677323496,0.0081225030296765,3.023120523559582,0.0878627471971385,1.9700311717781736,0.0055430838442762,0.0586519186445599,0.0149563670737691,52.67187480882795,0.6155533555069204
708,0.189507330857939,0.0086215609558316,0.2406334682410555,0.0070658204758857,0.2021475910343736,0.050867118204558,0.0080246303817217,0.0034829126215654,0.4434660955637072,0.0070471778029179
709,0.1236152393183468,0.0075236094817476,0.1934502200498897,0.0094256305910158,0.1239886573359805,0.0478002244340066,0.0091366977493092,0.0044944917068132,0.4007856815851489,0.0094121459232975
710,0.0232168455981671,0.0037569833364767,0.1890011530493189,0.0313567199202232,0.0898039040147322,0.0195066772892022,0.0183678744257295,0.0047338762862074,0.3330491061200719,0.0298862836479552
711,0.0297754646462304,0.0044644342131431,0.213391917974047,0.0249472483370124,0.0649088956644622,0.0160343835131781,0.0165919792786833,0.0050271084547955,0.3276647746174349,0.0246602973843462
712,0.0050648501947436,0.0036816745076753,0.2441408397712104,0.0641919023588911,0.0549242814233337,0.0131344713786727,0.0104349156652289,0.0053820541733145,0.3352706531187919,0.0585051523777562
713,0.1929650152544247,0.0077247580295621,0.1801969370737038,0.0054015241516529,0.1432064432443363,0.0174202208664458,0.007522010187579,0.0028297259689017,0.409544615355599,0.0053932087210545
714,0.1612347595231524,0.0085742968018255,0.3329959131383238,0.0098242635736586,0.2063068997492335,0.0547677929205187,0.0152112634052218,0.0043694748218613,0.4107807743166008,0.0097912828192404
715,0.0424858158328905,0.0043501920196622,0.2037078420789112,0.0704757160019017,0.0782413233097942,0.0280088998862337,0.0319303120090856,0.0051477043914452,0.3352967984792236,0.0682648585385549
716,0.4133769295035897,0.0076884619426866,0.216410673620406,0.0176308446043049,0.1769778047705881,0.0577931650708107,0.0151539618999721,0.0056337099374792,0.3568017387063716,0.0176288770642228
717,0.2680788404148806,0.0130194345964082,0.002167629761617,0.0008509037381922,0.4294056046183623,0.0228027806771858,0.0001015378035809,3.356802496131312e-05,0.002187078080529,0.0008923919628939
718,0.2764820377012164,0.0087015709886601,0.1902337144162916,0.0071995141384417,0.1672216527921938,0.0224657723616073,0.0075668983955143,0.0033694328142634,0.4360746639764028,0.0071881414466271
719,0.0627244954516129,0.0045668648292877,0.182086538523959,0.0372805129038502,0.1042154936760188,0.0317018154180376,0.0302078526613827,0.005354060853918,0.333947314245814,0.0369847756435749
720,0.1599520658629002,0.0078317266691542,0.2440461125872946,0.0105611063942579,0.1749078405287848,0.0836340725871793,0.0083235560666266,0.0043899045235513,0.4158037195096066,0.0105420898662821
721,0.11445776687194,0.0268548410261527,0.0014868258720301,0.0002148743159126,0.3661891764132646,0.0057800266546026,6.233529235361285e-05,1.1420131185897798e-05,0.0013953582276704,0.000211958390115
722,0.0190279882621239,0.0076088986747016,7.271756385141965,0.0890709689187038,5.182149076178561,0.0057630092022931,0.0584198630858889,0.014078143139158,122.8542454400874,0.5942257567444293
723,0.4298821447038085,0.0252406117022358,0.0001491083900717,1.203429016661985e-05,0.2081113273894791,0.0054921177681293,4.966932115262892e-05,1.3651080703158447e-05,0.0003369996824539,0.0001475973392581
724,0.1147890673064103,0.0060674465796093,0.2325147851914069,0.0428843291180578,0.1181239309501161,0.0385734783937808,0.0304842239491681,0.0047904079264932,0.3804879205687759,0.0425991368504985
725,0.4620788765770767,0.0080649239724267,0.2432137050123407,0.021303319845717,0.1186589475327808,0.0492643945803047,0.0129140550910678,0.0054498850883861,0.3987112377305559,0.0212567225070965
726,0.033724228851762,0.0037599273574776,0.1950388438678263,0.0132492149945335,0.059966605975439,0.019878222466761,0.0172166781550937,0.0045116734767493,0.3159449131509919,0.0130942173607171
727,0.1550253235518183,0.0071832551991163,0.2626803237265864,0.0076160977850276,0.1175881992741313,0.0507755530784579,0.0074677827723936,0.0036195372456396,0.4181554562590099,0.0075831415304671
728,0.4855396395097878,0.1174941666790853,8.9602808483072e-05,1.1700368113477376e-05,0.161239337114319,0.0076628591766797,0.0001554046783181,3.196849509179485e-05,0.0006802177055792,0.0001931515609864
729,0.1902683520951878,0.0243590859095646,0.0012894818889685,0.0003092508612151,0.3828825130836361,0.0044700164704758,7.584902335185651e-05,1.5380832254435962e-05,0.001217606684598,0.0003139775762657
730,0.1924625708088768,0.0084353275347282,0.2137388517872989,0.0102250870887067,0.288725271528764,0.0819747176010517,0.0088723169631313,0.0037485381207924,0.4371990058086635,0.0101644385367329
731,0.2372191159170904,0.0077995068051613,0.1791333058532292,0.0059164181545176,0.186512837244461,0.0203872994569666,0.0080485921404914,0.0029806249709913,0.4080411173126875,0.0059154153328598
732,0.4714520070912341,0.0405530175521309,9.139368380709969e-05,7.644252750833204e-06,0.1626902260967329,0.0051085943044022,8.36123695739624e-05,2.198583959668736e-05,0.0003912155722314,0.0001630798320826
733,0.1558636952292787,0.0062676587361274,0.1889617512198241,0.0067157413504408,0.1249181327885733,0.0597251630974094,0.0077726978814951,0.0033655138007234,0.3930051314319106,0.0066849680867034
734,0.0158071350357872,0.0080235569388781,0.8718520716401532,0.0865541513872366,0.3540031708184441,0.0066394009072277,0.0519984275367486,0.0151084248154886,14.461399425196245,0.6130448503042476
735,0.1441823844777456,0.0058406212305039,0.1685141786084278,0.0085916611702103,0.1733687431380857,0.0688456835456427,0.0082326821325466,0.0034101964422516,0.3589428712961925,0.0085602513044274
736,0.1255076160977618,0.0097734666507314,0.2761463984574683,0.0060713578931129,0.1242860369509921,0.0268697763724158,0.0091845839941786,0.0036513386374811,0.4575809717630216,0.0060659543676303
737,0.0075103925482439,0.0056260496381885,0.3730053253232404,0.0453271118093884,0.0830323458910088,0.0182269144319878,0.0102594810934887,0.0058631767209729,0.3824559915985491,0.042614281935914
738,0.3965433014887808,0.0608027651682234,0.0002056273219416,1.034075096815938e-05,0.2533619184976706,0.0028324453885649,3.727015204100231e-05,1.1725528216188116e-05,0.0003668263745236,0.0001265932872453
739,0.4552030225925736,0.0477105330272212,0.0001184452925681,7.874723775591197e-06,0.1722130452687495,0.0042839207999646,6.748040068659457e-05,1.83678615160935e-05,0.0003316924334392,0.0001513441250463
740,0.0186637162349861,0.0081030878775412,2.954333407537546,0.0876865182371627,1.918246588751591,0.0055579688643951,0.05861428249082,0.0148968497832762,52.93500824543798,0.6137971276152343
741,0.0627344486579977,0.0069353351229191,0.2950133521678164,0.063053619770204,0.1179618629310546,0.0450672267752549,0.0244988015350021,0.0051334875613793,0.3928727349888484,0.06276059229129
742,0.0591073192360039,0.0048049419971471,0.2588997976020357,0.0165714771535464,0.132001728449585,0.0308875994847026,0.0133425795547113,0.0047697081113769,0.3556909033714567,0.0165502733376826
743,0.3015951580645931,0.0062315273209926,0.181901367356531,0.0094612725915304,0.1146126908458283,0.0322253661031592,0.0088706295841045,0.0045603034309879,0.3711438785149097,0.0094814164255056
744,0.164399926226857,0.0059172168149021,0.2392553643676377,0.0104167611353333,0.1466490004488892,0.0659974495825547,0.0070571085833809,0.0034263089902582,0.3688438712397815,0.0103578520382017
745,0.1783279409613266,0.0056860008658875,0.2449640161481441,0.0175525406571401,0.0730491832895906,0.0220522237446508,0.0133566307842011,0.0048301236479451,0.3332015476461534,0.0174884517914379
746,0.1380832313828315,0.0062386343503827,0.2469449567061764,0.0152928193928148,0.0826681820478832,0.0271858090145707,0.0118917046899399,0.0051275059658495,0.3412127548422395,0.015285604543135
747,0.1059990763893394,0.009126660310395,0.2994853526021797,0.0064312743029973,0.103480846442878,0.0400235485284854,0.0085268670982357,0.0045848315505582,0.4488084335575831,0.006420806217198
748,0.0126340636943759,0.007530102417782,0.3339848340896714,0.0871771949956953,0.3140144787349377,0.0114098213229199,0.0434095464086653,0.0145130431931801,4.074442653286038,0.5869045541880574
749,0.0173400835994223,0.0081477687594329,1.4156559932217674,0.0870917843166698,0.7607574988601606,0.0058315918170072,0.0557181908252603,0.0151151644101905,24.996582111994684,0.6166229244006509
750,0.1717225613772394,0.0075132137570251,0.2195332660426073,0.0056838234224927,0.1927017196878128,0.0205072790820131,0.0076122161980441,0.0031341348144532,0.4234721188830562,0.0056669041062057
751,0.0110713682231673,0.0071661369460525,0.2868075782987858,0.0885464201277917,0.2940371668369185,0.0175010132892619,0.0386817676539133,0.0139009639057923,1.6780527693727008,0.562150057705469
752,0.1265064201172886,0.0079581097136857,0.3278688818146876,0.049480006794455,0.1138342551134888,0.0454027339040029,0.0303986844200591,0.0056331792750583,0.3979518914431986,0.0493062019710181
753,0.111576256861044,0.0069542749630086,0.1910959383231212,0.0096309371853361,0.1196929597242644,0.0517594288434992,0.0094594153045242,0.004268679458982,0.3814962648337581,0.0096081291519425
754,0.1857676941157089,0.0081741690875781,0.2028244947417988,0.0080179076757188,0.2171682608460418,0.0241833685114547,0.0103353062225854,0.0033346557150583,0.3874729803165305,0.007991821839358
755,0.1399936450468266,0.015522979451337,0.0013001440057961,0.000267930427357,0.2851232656981899,0.0089685934564951,8.883855205152913e-05,1.3035792378496504e-05,0.0012454386937811,0.0002684331968946
756,0.131269316148118,0.0081760642737543,0.3064441866081107,0.0064820447186224,0.1337512739922926,0.0550976503807743,0.0088664317823905,0.004291869337532,0.4371027637173351,0.0064826180716454
757,0.536184594464433,0.0249370723939252,5.43186191808192e-05,1.020511869871704e-05,0.1428590657937428,0.0140853210192418,0.0001995202385951,5.023345773437234e-05,0.0005583588095315,0.0002098027758981
758,0.1850571815394687,0.0063466179950888,0.2014176150079158,0.0153608608443923,0.0829713370882062,0.0342713155567482,0.0111134379580865,0.0043758469111854,0.3712741542573506,0.0153378946053182
759,0.5118744737989288,0.0291694691506444,6.14006200503659e-05,7.972417185159332e-06,0.1449166121557987,0.0076931878685983,0.0001067114881081,3.794511150166031e-05,0.0003598251177392,0.0001904123086006
760,0.093929707084883,0.0079719558250953,0.1819224830715525,0.0056784589690167,0.1463238184940092,0.0431963463475582,0.0076706929280485,0.0032591830969712,0.4170929792961229,0.0056644148701216
761,0.0190334819491004,0.0077118071038367,4.699701940186988,0.0887894019770811,3.261876766305601,0.0055809835290002,0.0585581382206998,0.0141872279408441,84.13096650045765,0.5974293179345372
762,0.0084296760810543,0.006798394176182,0.2373018102968279,0.1756499351789944,0.0850335931805794,0.0695757232245094,0.0091383721870816,0.0055046877628529,0.3993455865373815,0.1162338509103011
763,0.0410577149002568,0.005252559013408,0.3469444014279229,0.060190512615731,0.1215777814896806,0.041074510556791,0.0245342200460155,0.0047747865227953,0.3728769397346013,0.0599574081750842
764,0.0947690102975076,0.0057158824615919,0.2196690785162503,0.065104508105365,0.0976618028195902,0.0304639909800688,0.036542699335746,0.0053583591782939,0.3599923546628621,0.0642134454053877
765,0.479423429271237,0.0420350498213142,8.71641829888921e-05,7.301270862816847e-06,0.1639661607646921,0.0047429881157143,9.001700583807207e-05,2.081147278338232e-05,0.0003042447314031,0.0001594988557182
766,0.1412846086823043,0.0078374862806079,0.2423130957879671,0.0069846187418248,0.2104614680021671,0.0325140929803701,0.010400704711973,0.003615558312294,0.4101378326849131,0.0069643910058717
767,0.2110568803407921,0.0664563238571574,0.000144729007531,1.9225239874031408e-05,0.5240803605104492,0.0073115949550598,8.912363926435031e-05,2.4261603294797196e-05,0.0004871825844307,0.0001670282127565
768,0.4767251699470214,0.0278251046634406,9.625210513611636e-05,1.0555323246177953e-05,0.1637012163399318,0.0076891657157991,8.369733026051835e-05,2.2434523194395447e-05,0.0002906466303256,0.0001644219464136
769,0.1646437413392734,0.0058758364267062,0.1688121481612061,0.0094476550552454,0.1573035799606789,0.0653142867442018,0.0092087553194218,0.0038776735636116,0.3508910812295197,0.0094287877926325
770,0.2106621187613392,0.0068202780270039,0.1770143821552279,0.0085273719061425,0.2336354219946649,0.028564185878465,0.0078316105072131,0.003285168033651,0.3829198555713663,0.0084879684286258
771,0.0703042612334452,0.0044175480443146,0.1833069925634906,0.0281667420994457,0.0823824001412326,0.0255410720376571,0.0247272281529815,0.0050290567370963,0.3302624320602302,0.0278471804394484
772,0.0462466679071786,0.0040827506680867,0.1854297540913713,0.0429018975407779,0.0954262388157537,0.0288132341997136,0.0302286141426972,0.0053971824460344,0.3365197413492564,0.0423820299841807
773,0.4031001522633516,0.0070800707939634,0.240388547281895,0.0153029447376009,0.1325402811159987,0.0559494411537416,0.0087080426196416,0.0045257460807216,0.3909220851417398,0.0152833033989952
774,0.0533541104365631,0.0049944584547931,0.2517771144189421,0.0246687489095552,0.0724562974928079,0.0209319663856853,0.0214005153148413,0.0050406116860981,0.3621705441698956,0.0246622186046599
775,0.1488794850491184,0.0223484357062957,0.0015614328729517,0.0003394642554455,0.4821962557554645,0.0091312615550246,0.0001101305730019,2.458561878244565e-05,0.0015923264755426,0.0003534334688701
776,0.0467466348728788,0.0044224618233633,0.2006280240321147,0.0164563968655902,0.0669753286973837,0.0217133142011459,0.018044008787911,0.0046847170536346,0.3401636618335003,0.0164346399385317
777,0.0057458184924753,0.0038632478049837,0.1863753443441024,0.1433806231277386,0.0172534367627145,0.0041604015129203,0.0125510270548331,0.0060761233176972,0.3604167807266736,0.2017418393602195
778,0.1913107648622539,0.008835341723092,0.1993738707864055,0.0063989100530195,0.1889252769593707,0.0463701898646371,0.0080554733079261,0.0033767202614115,0.4550329873893122,0.0063755696471048
779,0.3229009236472775,0.0065188023958334,0.1704286252208162,0.0143413715289409,0.113968905308703,0.0467298649957964,0.0123179934269649,0.0043509475952941,0.3471593576085604,0.0142773785887547
780,0.0192376716758751,0.0081103755882425,4.445094944667021,0.0878826079555152,3.039929375070402,0.0054452804535005,0.0599069497950741,0.0148193394409376,73.8840169771147,0.612391494159656
781,0.2368200781337144,0.0082962841951041,0.2534322526105139,0.0124847400458772,0.0960728905883632,0.0391031305340036,0.0086054952654259,0.0048324695513195,0.4238340801903239,0.0124210926336134
782,0.2064255199594817,0.0537111286942662,0.0001151306453334,1.8463803979948903e-05,0.4949900380911495,0.0096662376129975,7.549578482188159e-05,1.7776277108948334e-05,0.0003326083969461,0.0001559109650141
783,0.4510740075292377,0.0236596332017871,0.0001191171750865,1.359224530200066e-05,0.1723597318098003,0.0083315637054953,6.723881631799666e-05,1.614947063765345e-05,0.0003334652415424,0.000149649509295
784,0.0051484392494309,0.0039566899098476,0.3006111908379387,0.1352309506722326,0.0636148736912282,0.0151037642385576,0.0108651435639691,0.0058463437487484,0.3421307719665366,0.1649412484422166
785,0.4188334524596329,0.0722141854171136,0.0001741882262565,2.6823763624638885e-05,0.2118907916563834,0.0088219209165923,5.029765800800849e-05,1.884688146918586e-05,0.0003569803975308,0.0001761211240411
786,0.5392581688382652,0.0277197417303212,5.140246871705074e-05,8.416418206629688e-06,0.1401629566497561,0.0112212351511468,0.0001134230770545,4.622593015079184e-05,0.0004370820189424,0.0002012634248054
787,0.1580672044657411,0.0067050509979366,0.1774800463714567,0.0066458142174834,0.2370500385611954,0.0301943184066025,0.0079275796414164,0.0029301971073121,0.393931126264206,0.0066188016012385
788,0.4803391865231972,0.081881622563604,9.624623181063804e-05,1.163199948583294e-05,0.1610636422186766,0.0074625637235302,8.705016779839912e-05,2.992833817229405e-05,0.0005914477558366,0.0001887697910872
789,0.0056874365147622,0.0040970453911125,0.1850842053885873,0.1502376119570367,0.022262591256577,0.0052197483670707,0.0113912739148743,0.0058172610343038,0.3356487365066419,0.1776904583288832
790,0.0188607473472166,0.00772980098207,4.803947295513294,0.0888188690620585,3.3298953906510715,0.0055888414903716,0.0582101996172214,0.0142480366526799,81.1923692513653,0.5989870294101154
791,0.1751512592880946,0.0084974950141958,0.2002877743834134,0.0081212020006957,0.1847859991646595,0.0411928508141903,0.0124126889040913,0.0038796774032746,0.4157045679290529,0.0080930635984897
792,0.1001455364819925,0.0056188586391517,0.2415544800483627,0.0403112361066842,0.0861031335368504,0.0268228621911697,0.0283803976096484,0.0049457450172865,0.3651320836745618,0.0401034730650888
793,0.0052631370474528,0.0040583861767332,0.1936463133773741,0.1448237800022291,0.0121975474569858,0.0036298587954886,0.0124937332665522,0.0067175184522134,0.3933948307482163,0.238211804848223
794,0.0056698233072787,0.0042745982275404,0.2607333805653412,0.0258108745812303,0.1158004565570495,0.01929935116071,0.0088736621801198,0.0048969884184053,0.353956871448302,0.0251167649783457
795,0.056324696471854,0.003530624206357,0.0104640112002212,0.0048508004044629,0.4302625014287871,0.0152033331178556,0.0005307637273015,8.996490748769027e-05,0.0104102886064516,0.0048790402691313
796,0.0188906206120703,0.0079994587937214,3.8826814689351954,0.0881270076873149,2.6214243414644742,0.0054985605355402,0.0588648751632669,0.0146827012729901,65.16537390274401,0.6093447231012706
797,0.1275278800568824,0.0083537397745416,0.1921611401725315,0.009403915737208,0.1568590085852954,0.0670499123840105,0.011544023299727,0.0043005803292748,0.4132916481399902,0.009370814969724
798,0.0318815242892828,0.0035181469031138,0.1780208188844973,0.0419065543761709,0.0631106304029154,0.0428778312259618,0.0228907289288756,0.0044732270353685,0.3173552322255502,0.0396959303844558
799,0.1099005024324109,0.0074237796551771,0.1963621524138281,0.0092931065665648,0.172531433493195,0.0315797387116424,0.0113351381477797,0.0042471643187466,0.3782268945629478,0.009263066757517
800,0.2595972420713622,0.0508645880641294,0.0002091856184195,2.309913034946833e-05,0.5560880954802214,0.0063451498039727,0.0001038867130546,1.5984920165916924e-05,0.0005674139987112,0.000158164277046
801,0.1622117364664103,0.0074063695751812,0.2104291164119945,0.0109229837846691,0.1635947480847457,0.0713316476024032,0.0121470458523424,0.0043119803790239,0.3832950768385531,0.0109012809359089
802,0.017235289471263,0.0081834149236244,1.718214733220028,0.0866721270937889,0.9756001786106602,0.0059385149274021,0.0556262704912103,0.015219504588644,27.39014107090449,0.6184504832149622
803,0.2436989985564853,0.0090769994918148,0.229716225474416,0.0415593309285768,0.1297920254763348,0.0652537989481075,0.0270072254032076,0.0069344740420714,0.3633465098611501,0.0415395528723839
804,0.0061998542015785,0.0049132526923244,0.3328076414277834,0.1562812738848957,0.1399898738760549,0.0260196748280918,0.0089172728272715,0.0052691074828375,0.3649800198790298,0.1252810666845307
805,0.3730337603873929,0.0643222920589541,0.0004035748940299,6.669790589967276e-05,0.4931832035371455,0.0050932850160361,5.987229186139712e-05,1.407695908330124e-05,0.000297038297001,0.0001115505519457
806,0.5493697659924146,0.0311413657306329,4.307455584602906e-05,6.85249225340862e-06,0.1326364940725834,0.0107695304159255,0.0001463915825694,6.06282001241261e-05,0.0004616843480594,0.0002288608090701
807,0.163716349896878,0.0061738726629481,0.1893053466529981,0.0063934648337686,0.1583449964952526,0.0727759235157231,0.0073354119560372,0.0033004437808305,0.3771874588060522,0.0063719744033146
808,0.2004691134835022,0.0071909455276998,0.1811413479557994,0.0060351021217775,0.1424237359868984,0.0348861152929423,0.0094372112983821,0.0033389841673964,0.3975050624709262,0.0060390394421609
809,0.0189120519358287,0.0079513471373408,3.665457598810474,0.0883145297923904,2.4677305067929503,0.0054960816127079,0.0587899429900275,0.014595190214451,63.50836194606224,0.607349825110796
810,,,,,,,,,,
811,0.1148690877802849,0.0068093939178406,0.2270435269057111,0.0065374270742568,0.1345185731905347,0.0592893840857634,0.0077669693813369,0.0036030719436088,0.3969254349031095,0.0065287123549252
812,0.1376850313015954,0.0076756394527896,0.1966143360448855,0.0101681544054642,0.1864234885156896,0.0419337774235954,0.0090579926449948,0.0040798117323642,0.4092567168811805,0.0101330158403834
813,0.1217713284185075,0.0186922623319596,0.0008336698817177,0.0002552808902642,0.3052390759713433,0.0072626385316943,0.0001124608470773,1.9125286566015164e-05,0.0009357734651224,0.0002985425920861
814,0.1335041050603019,0.0181193494957688,0.0011942166650928,0.0002737196650791,0.4550319452843704,0.0090890671182857,8.637665359335418e-05,1.9565484011559503e-05,0.0013076304155844,0.0003344200601903
815,0.0104772106874305,0.008073629557274,0.2724313325624735,0.0567135118214642,0.0949849775593576,0.0320083255230802,0.0084652216012754,0.0056944389870591,0.4269224655462161,0.0557458673926071
816,0.3113456873985227,0.0068830466682027,0.2263694553685653,0.0142365511071496,0.1111101527612876,0.0428437558357674,0.0087570418655593,0.0047190200790767,0.4014465615774357,0.0142526678007765
817,0.1815112183428925,0.0069188291930005,0.2433748273896652,0.0070670178336198,0.174885202605054,0.0622016106761501,0.0074285094913607,0.0033533522492505,0.3845096605623526,0.0070504807119475
818,0.0247504872269798,0.0042410243645114,0.229575024202075,0.0403893497557593,0.0876281247492869,0.0263090861639139,0.0190174671418275,0.0049662252376874,0.3376223763338993,0.0398724452884138
819,0.1782864580237071,0.0050801307780667,0.1989488671677134,0.0097692243920539,0.0694171259381414,0.0213465372693929,0.0081414660809499,0.004414382165205,0.3464088486524855,0.0097595466834617
820,0.3063123198584961,0.0093344287039094,0.2678605383063452,0.0180092788911196,0.1494678340333452,0.0720753606063462,0.0174867717567583,0.0050743081278563,0.4127574741954099,0.0179711739317369
821,0.1610229408827405,0.0065988526352046,0.2198881518125632,0.0075027267784334,0.1517706600328602,0.0628350938904354,0.0079299155007995,0.0037597341293336,0.3939969326768832,0.0075007846164328
822,0.1970263707290693,0.0079549122523196,0.1788831349077411,0.0088123949182896,0.1527897330989245,0.0815136275192251,0.0104536064476155,0.0039486173777372,0.3894695453614086,0.0088009558391828
823,0.3548271929037705,0.0061180350651443,0.2354151252951804,0.0158695079437966,0.1079214336359634,0.0452982006706422,0.0099357160888253,0.0044025949123593,0.3708386253579627,0.0158173490710746
824,0.4653175677654396,0.0559119231594057,9.339515424243836e-05,9.060518103343464e-06,0.1645196451981863,0.0057777252517038,0.000122007563641,2.558334364423153e-05,0.0004899971583973,0.0001683287655564
825,0.0665078015583155,0.0056562230135181,0.3434109095372278,0.0119054575624544,0.1323622087905414,0.0202446052845621,0.0094048150442833,0.005020937615098,0.3783217305088667,0.0119073149001453
826,0.506840858427291,0.0381642419952764,7.392913840357441e-05,6.912162514697753e-06,0.153746377747999,0.0061910021852572,0.0001079783750184,2.7613316119200933e-05,0.000320351207118,0.0001742096439313
827,0.1853343630868105,0.0378285113305056,0.0006741587654259,9.639129281095386e-05,0.6204991597332492,0.0056137355091578,3.709200012189391e-05,1.13048696181002e-05,0.0004990795197571,0.0001227953474335
828,0.0049058485839362,0.0037761370184538,0.2303883857349344,0.1244636223405147,0.025665731365184,0.0061034121429843,0.0107089646221546,0.0057452853420779,0.3425512825388418,0.183102577313323
829,0.0055212753498242,0.0041780917451561,0.1973594871221523,0.1436023597928537,0.0146780409728497,0.0045095875795792,0.0134152019057831,0.0070531363847412,0.4074758940639545,0.2506174538339811
830,0.0903789273812749,0.0312400744859719,0.0010157661045636,0.0002862106356385,0.4682962880779449,0.0058476020436739,0.000127506856516,2.2592532383576663e-05,0.0011329133705121,0.0003356281504315
831,0.0056422645929623,0.0039842703247266,0.1874047181628709,0.1460838361328998,0.015659454612147,0.0036203476372054,0.0127747983826729,0.006380176474586,0.3689202281464405,0.2208475447765379
832,0.1998834324607685,0.0062054968764993,0.2305047930252589,0.0082883403985401,0.154573193811871,0.0496617375993098,0.0064054134861251,0.0034110517922615,0.3830370257236347,0.008256890906499
833,0.0174266814685334,0.007197029489079,6.271215939808145,0.0891290897613659,4.377713562360233,0.0067700655927127,0.0537414526566555,0.0134608442071327,92.82890370885588,0.575406492301989
834,0.3699147423207802,0.0810484851492929,0.0002362255844917,1.594655604874888e-05,0.275464867424783,0.0066144428978412,7.24547947524756e-05,1.926221488876463e-05,0.0003847409969064,0.0001508338524103
835,0.296963392781097,0.0068808687319242,0.2180052380958599,0.0195059231624787,0.0969019904906219,0.0358638558810106,0.0107149017232657,0.0048324844888603,0.3780160060080682,0.0194206238345953
836,0.010764664807848,0.0070501032117272,0.2858697316437977,0.0892507979074351,0.2894031644907339,0.0190483480789832,0.0376270171543133,0.013699208641521,1.6147821439468215,0.5568455326919795
837,0.4804738439227089,0.0303310463584759,8.18498934923647e-05,9.61070113012879e-06,0.1616087742947574,0.0071987695227399,9.39316749978316e-05,2.2556312784863747e-05,0.0003267169947416,0.0001678582998103
838,0.2462686685562155,0.0074442560216312,0.1856198916591711,0.0075481569521984,0.1589262515441989,0.0241826958704515,0.0095812222868797,0.0033273590123961,0.4000588578272051,0.0075351786416179
839,0.2151092220112296,0.0084179105421415,0.196222526570762,0.0066681221562171,0.1490524639454898,0.0248853331321516,0.0087513606095995,0.0035794235590247,0.4490750374146297,0.0066559157683936
840,0.5317582052352222,0.0262107346016048,4.720734706450399e-05,8.292037814173852e-06,0.1369669149484692,0.0101917217239327,0.0001132143520124,4.654134203392213e-05,0.0003784722824036,0.0002087948813324
841,0.4771780986733722,0.0219281309342175,8.865098737291912e-05,1.2364078949085215e-05,0.1621707003038939,0.0098868760010791,8.978107462204826e-05,2.8615539835684905e-05,0.0002812223315662,0.0001698493623399
842,0.2469183402739402,0.0076964912034311,0.1775004102609847,0.0068250422226214,0.156527222368791,0.0276034221862104,0.0085260864412638,0.0032485855708266,0.3968257898941529,0.0068164909368752
843,0.2279917310398997,0.0093077259072138,0.2109607539716159,0.0098689612394595,0.202313644089446,0.0702367460598769,0.008144682671995,0.0037926529325927,0.4464012987412511,0.0098031278007928
844,0.462931538071077,0.0246287208775716,9.69019404709874e-05,1.0959365915472782e-05,0.1640110941104083,0.0072351095290797,8.436034353373095e-05,2.0179468367887573e-05,0.0003010350931879,0.0001575884338288
845,0.1630453123736581,0.0060356347851015,0.1770211329356789,0.0057577630190386,0.1283161138450086,0.0590116031944458,0.0072397973373772,0.0030483376332135,0.3780218499894356,0.0057374780070072
846,0.0083720769614475,0.0040331797492484,0.3086397446984489,0.1376524305576434,0.0898842205440371,0.0284587127856484,0.0109885648236177,0.0050493179968297,0.3373586719062397,0.1268729139875894
847,0.0286734930813749,0.004574743799383,0.280144903354987,0.03229042257519,0.0780438859833116,0.0231136519471089,0.020018211493473,0.0049266767090776,0.3613935985727046,0.0319952014412973
848,0.5270349058061685,0.0324753905073468,5.469122923550454e-05,6.534666516207142e-06,0.1414348600501259,0.0066188274066777,0.0001033656500374,4.209195075788241e-05,0.0002856776259223,0.0002014018412389
849,0.1178532711819049,0.0073577786456397,0.2516765248840949,0.0091838089864729,0.1398074808276157,0.0588881914660938,0.0122349674494506,0.0042678845050891,0.4072164080653719,0.0091593311591641
850,0.5281834184662071,0.0359696647340188,5.90201377676692e-05,6.371194044959103e-06,0.142661999536183,0.0069776110923475,0.0001071135569479,3.8514126591616487e-05,0.0003090266949875,0.0001942934071751
851,0.0153363897666444,0.0079924724026843,0.5686756432425321,0.0863718583078812,0.3238899986070563,0.0067213380464907,0.0507767665171172,0.015021684392275,9.957190192270296,0.6098590743174567
852,0.0066041189860374,0.0050769994416197,0.2201114214758791,0.1198795653850953,0.1273275637999429,0.0231655647693779,0.0184321944715324,0.009279993691045,0.5221690857108227,0.3812636716869784
853,0.5077124073977878,0.0269415695791798,7.455074601139404e-05,1.0130356949482506e-05,0.155814986855068,0.0093980457386464,0.000106986200815,3.095582527941256e-05,0.000321898614346,0.0001772944419637
854,0.0618351175343404,0.0066883647162611,0.0086295758946814,0.0039971786577099,0.2565775600900284,0.0057648863640792,0.0013669641995636,0.0001354965668318,0.0085463538163178,0.0039802981811931
855,0.2347579880416402,0.0095902962635805,0.2012109119233074,0.0077894437076563,0.2261757405139794,0.0236776858338214,0.0084709580774687,0.0035312747842485,0.4480027749178324,0.0077605172163779
856,0.2557404829822826,0.0079218389187225,0.2162644071570332,0.0082527424632016,0.131018728156491,0.0663696844543542,0.0076342678839531,0.0035494084953522,0.4228705936431678,0.0082197987827299
857,0.182100661771997,0.0058098300732519,0.2571751305464178,0.0320729970970451,0.089259681319615,0.022451829481826,0.017749137991906,0.0046294553500366,0.3653701812636695,0.0317668773076555
858,0.0357865094145196,0.0040817044932027,0.3251187982325359,0.046603410160037,0.1248133840120321,0.0439001966762745,0.0263750195556062,0.0049856121028842,0.3263248197838323,0.0466862676793324
859,0.4857080478995981,0.040489176454215,9.139379915772734e-05,7.483579689804671e-06,0.1649208411867769,0.0058908420833359,9.225185284612568e-05,2.457805724299312e-05,0.0003165073410007,0.0001676796373352
860,0.2810459568057795,0.0071349636456558,0.2007770579111673,0.0111306721776444,0.0844481637990475,0.0295067832641355,0.0131428122781238,0.0046284548003959,0.3811253214683429,0.0111156746818394
861,0.0048862482598804,0.0035747190590743,0.1815294672486751,0.1452508487007596,0.0197264476234287,0.0045735373974049,0.0105558069192145,0.0055937423367575,0.3500637091522732,0.1772183998745686
862,0.0609598961344356,0.0046811484578345,0.1855604528483492,0.0093216958662025,0.0588310675767585,0.0147257063448102,0.0122560498806701,0.0045288787378323,0.3368298732566658,0.0092532898327227
863,0.4752391085993514,0.0579083705357154,8.023177820477927e-05,9.020623100223545e-06,0.1566172283570271,0.0064440024658371,0.0001044317397363,2.4391424443935613e-05,0.0005676838162124,0.000180273115367
864,0.2954508130175255,0.0067281261392674,0.2334792240031901,0.0122263757103414,0.1570652784721205,0.0449183116059977,0.0074952858437578,0.004017580025335,0.3939253215616892,0.0121907413300986
865,0.4196476344317108,0.0055286979341337,0.1825083072218065,0.011152147470966,0.1075472623001288,0.0396876263299024,0.0082170353576103,0.0041620979976987,0.3567679943099012,0.011137233218514
866,0.1722584145107459,0.0071039883402912,0.1734664524749204,0.0074149046357723,0.1741930407586223,0.0568674666298103,0.0102821610214215,0.0036026439639352,0.377620147984296,0.0073988380996758
867,0.0151328139258892,0.0079885619805764,0.45750025519992,0.0863774186701411,0.3282907150906244,0.0069993518188964,0.050349517428768,0.0150831118977546,9.12962464149236,0.6105426882894704
868,0.0189571398357558,0.0078645133861853,4.299474448382411,0.0884355675164949,2.9456193854452675,0.005512554913068,0.058708644193645,0.0144437743411294,73.91994043578794,0.6037637467362579
869,0.5282326528330971,0.0346079834842881,5.440304742193841e-05,7.294421385344562e-06,0.1440786386359747,0.0081153379268967,0.0001130476808636,3.753568863229351e-05,0.0003568921231053,0.000191526169309
870,0.1171702047857844,0.008264751418931,0.2396108344231872,0.0104340561503589,0.1319899654262877,0.0568358185226607,0.0087978124394899,0.0044317270345663,0.4170103316431146,0.0103772074338405
871,0.0172103178442662,0.0081448020854536,1.7352309277455584,0.0869075875170719,0.9908360229889508,0.0059492169355536,0.0554541691737709,0.015148934666656,26.915806837413967,0.6167605843210868
872,0.3758747719633364,0.00680226173285,0.2236059921825037,0.0114412095024869,0.1160270987010544,0.0490249977494415,0.010044461713065,0.004143638540991,0.3892679770930208,0.0114070781234435
873,0.1388327301685711,0.0304139996252774,0.0004793480787653,6.744455567805786e-05,0.6121968723181652,0.0046246420058948,3.491907733754055e-05,6.2399997720514e-06,0.0004802727515279,0.0001329014936283
874,0.0050661739088752,0.0040127122521407,0.191825896615266,0.1424013803904604,0.0128543403234139,0.0040221701661187,0.0120726584658708,0.0065958837360006,0.3883881161921788,0.2250087196414939
875,0.3196170349098881,0.0067144747570557,0.257482833957624,0.010895314783185,0.1027230075999899,0.0371672669620033,0.0098859683351487,0.0044302993358286,0.3981126525444881,0.0109023508441223
876,0.3965270568787871,0.0547596975527476,0.0002074252489766,1.0756060473163318e-05,0.2581592699027411,0.0035360883624533,3.464433706288186e-05,1.2465586591590057e-05,0.0003804214477587,0.0001334035996041
877,0.1536727745254897,0.0294767087444389,0.0004708673986629,9.266980651897554e-05,0.3795842175291911,0.0093862769310545,6.161589398964074e-05,1.280006222488063e-05,0.0005529703779583,0.0001525323340656
878,0.0195022840730879,0.0074511715156995,0.3001679911390881,0.0644483762708374,0.0908537871561986,0.0314248969984205,0.01049661854088,0.0053722498100528,0.409786877463256,0.0640163178452677
879,0.1754458637599675,0.0091630946368383,0.2294785368951643,0.0124708582203,0.2017752548135722,0.0741819211472086,0.0168847067637231,0.0045044304646191,0.4008426702412505,0.0124140039000204
880,0.4712936611469031,0.0522193108645438,8.821384412468156e-05,7.945167692185205e-06,0.1607977348092492,0.0060482604408003,0.0001899485621354,2.798941786470193e-05,0.0006395977827099,0.0001743151370689
881,0.2455104126139824,0.0087791614135259,0.2636509122675865,0.0081368171203019,0.1688405351400889,0.0269510640357786,0.0095114711384757,0.0036966425491951,0.417824764008377,0.0081209729469254
882,0.197839478468479,0.0057030229920016,0.255768920216556,0.0146423313107609,0.1005852107623479,0.0352460373976512,0.0093830331180615,0.0045933846446933,0.3802000328132266,0.0146589525424402
883,0.1584574528547125,0.0081389048012408,0.2006700577103099,0.0067920882222101,0.2581597053322274,0.0201037355547139,0.00920540492619,0.0033608519018293,0.4038630000325436,0.0067790078764065
884,0.0055066756886314,0.0044049282083885,0.325344704032138,0.1261383039985052,0.100956065343178,0.0252060707927283,0.0103211353374909,0.0056773189794697,0.3389257487406165,0.1100552275831467
885,0.2417662827516249,0.0080061548190549,0.1793894261872038,0.0104433551545662,0.1431935578448623,0.0591269669587825,0.0143638747434304,0.0039666080074956,0.3803677822760252,0.0104078483954537
886,0.0153541074535421,0.0079807439281014,0.7457980763652042,0.0864993098867138,0.3245452935996971,0.0068493517543845,0.0508052805897091,0.0150248109822299,11.423894028633452,0.6098994207019831
887,0.0052698485782838,0.0043594621770792,0.5274742814948047,0.2900569397131691,0.311936303310748,0.0835115867229281,0.0084081133121941,0.0050339435807531,0.4683836083852988,0.1881178264130323
888,0.0177640711046683,0.0082339082615627,2.098464499403246,0.0868730800742005,1.259751585427528,0.0057784408309964,0.0569427375731475,0.0152554482211817,34.200483637207235,0.6201979549263339
889,0.0534957030703167,0.004612505139644,0.241023554739466,0.1071983389619626,0.1425529417346032,0.045465072875346,0.0416441896436825,0.0049673044933546,0.3610896130255461,0.1058645758400579
890,0.006059048416285,0.0037815392908032,0.1885859525120469,0.1377665854018422,0.0223838527464191,0.0054753159218427,0.0134887905279497,0.0062415394118331,0.3932493158416359,0.1975465086772035
891,0.0190373629628234,0.0079839738359589,4.28581215163227,0.0881623678811659,2.92608338342052,0.0054789483949078,0.0591600341175928,0.0146304009805296,72.15623634915714,0.6080523334578597
892,0.37621496204777,0.0573872111811263,0.0002600476337438,1.249834870585596e-05,0.2817457114435021,0.0040695613613017,2.909702722839955e-05,1.5310734919205713e-05,0.0003602167588207,0.0001312368987367
893,0.1426038204254788,0.0461935447593708,0.0001646856542441,3.4189092867139835e-05,0.4454240521216064,0.0111952762908252,4.77241438293101e-05,1.3094226940063584e-05,0.0002907413951785,0.0001478369133146
894,0.1198371712765195,0.0162028454338364,0.0009351350547121,0.0003465558341009,0.408503278198831,0.0176529947291382,7.850722405172966e-05,1.9517274228840404e-05,0.0010832087718587,0.0004448731501773
895,0.1538112067987784,0.0081080785225337,0.1853264386962039,0.0074652832800613,0.1748033432247479,0.0275868291727436,0.0087527925507694,0.0034260439678273,0.408775187003705,0.0074412500920707
896,0.1388550353152211,0.0062364364205803,0.3123438503133578,0.0090824101280312,0.1155130990346269,0.0491560978276784,0.0074060917652397,0.0038004163045705,0.3891781541241085,0.0090751008947389
897,0.0087446575413518,0.0063062055418416,0.2632188160416008,0.095513705009678,0.256567854684434,0.0349090231727777,0.0306372209633068,0.0122533768741083,0.7712124073277375,0.5061256214608296
898,0.0179042914361935,0.0038146025770954,0.1920857775768003,0.0176947637006794,0.1039895998047115,0.0204487793083165,0.0120386434126767,0.0045685456300176,0.3306959719334169,0.0171013855110525
899,0.2082323212271701,0.0083714227156894,0.20415779262915,0.0069899701771898,0.1854565986699658,0.0312943729686159,0.0078926137449505,0.0033109491531801,0.4420550692866904,0.0069678416634136
900,0.0056810737419413,0.0043041695189655,0.2014626937992139,0.1424542211016772,0.0163905281083447,0.0053961202104154,0.0140951989229569,0.0073727848014724,0.435049348670922,0.2732239051791878
901,0.0055623734808338,0.0041475489091585,0.1803432434704409,0.1505454864821284,0.025472393258731,0.0056560834300782,0.0105316243613291,0.0055160232390834,0.329059425284898,0.1701923918009477
902,0.2884652280769267,0.0344616791713187,0.0001047989375151,1.242510707702832e-05,0.3690452259170645,0.0035925217733074,4.288413613221657e-05,1.0602924513612043e-05,0.0003500317040323,0.0001589781518585
903,0.1571666799786105,0.0096232475355392,0.2673396502830605,0.0064557923627406,0.1507189220034121,0.0284870534936737,0.0115171572602673,0.0035874736757742,0.4321029104993544,0.0064429005455571
904,0.1936091191928323,0.0078895467898986,0.183248582480835,0.008342190016134,0.215367164867465,0.0244852564912378,0.0098469433576849,0.0032529603939927,0.4100032465402504,0.0082922579633505
905,0.007669154731474,0.0057367726947306,0.2416461997255578,0.1044137391506507,0.2370263751572386,0.0356298875942995,0.0254206674245446,0.010975662795789,0.5928613349231139,0.4602568083463921
906,0.1374649896787943,0.0071681783554791,0.1765463536179686,0.0104788163340844,0.1412755008422545,0.0635771413174908,0.0125101093138414,0.0044118208625555,0.3679966635203136,0.0104596418903289
907,0.0056322288122736,0.0047913971272537,0.1759558777054405,0.1560617291205163,0.0416751401181111,0.0254297040497832,0.00830225665098,0.0051029845403827,0.3662425977775755,0.1108121210411614
908,0.2557025010974806,0.0131415541754666,0.0073280099895936,0.0034021526154161,0.2468553740638524,0.0088675066811648,0.0012920456043133,0.000248868680867,0.0072842710168919,0.003403683053948
909,0.2561713141613482,0.0095629480015607,0.3586066347412017,0.0148483770650241,0.1984634844167351,0.1049939293086116,0.0145516636542389,0.004643356945332,0.4234704061617838,0.0147627067187545
910,0.5039925895485605,0.0415833550620744,7.636702870609904e-05,6.530816444866955e-06,0.1555203600347749,0.0058230994957286,0.0001081275137052,2.988721995254989e-05,0.0003179868579036,0.0001768436914788
911,0.2045595955977135,0.0066550559118824,0.1804983364192441,0.0082919052645154,0.2586103760486332,0.038365325398133,0.0078630278654404,0.0032762694212069,0.3817798290258798,0.0082624354531876
912,0.0057766502068833,0.0042041169542178,0.1929093445326837,0.1483193664870514,0.0134295101253424,0.0041282213598974,0.0135939573859773,0.0068422622653716,0.3837894675948508,0.2526382434305749
913,0.1305948369277019,0.0061389821809911,0.3221013108756891,0.0377937284184939,0.1663141867686766,0.0472368368745619,0.0264184252631303,0.0054560758393289,0.3588242652141544,0.0377477443874418
914,0.0061363945421334,0.0047745449814362,0.2129791147472947,0.1285024528323393,0.0615184366910484,0.0141158554320529,0.0166198086016117,0.0085614792497655,0.4861530986631788,0.3423482672383012
915,0.0132039129005594,0.0032529851559031,0.3175230306231,0.0814312875891925,0.2569273824663491,0.0586789437276354,0.0158013034152448,0.0043680286470918,0.3089503436755354,0.0768308435929842
916,0.1073818181187342,0.0079293142239654,0.2866340172089301,0.0246532280891317,0.0957593254246469,0.0349874988511081,0.0105226136160186,0.0051597905323685,0.4173974100238209,0.0245756079546691
917,0.393933771950681,0.041676422189733,0.0002229693002115,1.2314301810422895e-05,0.2607034431364783,0.0042999801742088,3.341236056759109e-05,1.0727576724042304e-05,0.0003533704360602,0.0001268335202443
918,0.1516097394541848,0.0058356555220472,0.1825031862534733,0.0166090320773107,0.0877533663779332,0.0313830965600968,0.0112320661320651,0.0051128961365597,0.3533971357198558,0.0165299234386759
919,0.0059774235146879,0.004796332584237,0.2344191347618396,0.1373154141324574,0.0910498673998035,0.0169257971211879,0.0093579772825881,0.0054414290047339,0.3607707375702684,0.1310052920672462
920,0.5142016314039155,0.0291618905816602,6.931312957230841e-05,8.666129298797895e-06,0.1521290394192386,0.0090198638123284,0.000112527214419,3.175278831581347e-05,0.000341083891612,0.0001816419563407
921,0.1403372340350967,0.0061440121578473,0.1721248241064001,0.0067007994280315,0.1333736112509687,0.0642638019316276,0.0081139469931441,0.0033321488254729,0.3755466134231824,0.0066840770877516
922,0.277569630651591,0.0051627993772159,0.1875029739702302,0.0082865421530891,0.0747871855023447,0.0249228061411897,0.0083561887527506,0.0038978214477976,0.3541137933961299,0.0082520621344315
923,0.2609344829530185,0.005563073874646,0.1876679329351731,0.021004973928378,0.106787722329717,0.0324151467036703,0.0097240299307916,0.0047324141110688,0.3270564698086627,0.0208816273307316
924,0.0052624184672177,0.0046619483982504,0.3191341819520363,0.1067420704044531,0.1007431334227823,0.0286227021427358,0.0077460338148527,0.0049991435453299,0.3739548605773831,0.0965190642222242
925,,,,,,,,,,
926,0.0170755636667955,0.0034909217200934,0.1808614972792127,0.0313070953246734,0.0333982827088283,0.0126676234948678,0.0161715827778116,0.0048426745313313,0.3275941039785695,0.0293605454584447
927,0.4280936443717673,0.0473775687857415,0.0001489426649663,9.379059907021383e-06,0.2125677821088886,0.0043840666485718,4.833489484365136e-05,1.5887272790537408e-05,0.0003244184141482,0.000143954704086
928,0.0047382128082597,0.0035541076971824,0.1885852263183179,0.0947758838448628,0.06990544785955,0.0158534969211626,0.0107922622347968,0.005764458151569,0.3706658327601103,0.08005418533955
929,0.1881908223578693,0.0082320291585601,0.1984382532573678,0.0053852200064415,0.2388156915116957,0.0217265349748143,0.008733681303798,0.0032746828639182,0.4453018186068496,0.0053777324101011
930,0.2494877280297945,0.0079331388641263,0.2496621657393634,0.0196171208421859,0.1098673876095497,0.0444217135221291,0.0110712444302506,0.0050908435383327,0.4006892327959315,0.0196073439779189
931,0.0119646425954558,0.0074020673428203,0.2955755175848104,0.087487946747898,0.3045315512655751,0.0131213304314438,0.0413883719295803,0.0142465686547061,2.4381886035018443,0.5762383021357778
932,0.2038520303658298,0.0076904615544168,0.1853512972241625,0.0132256759129323,0.1350957395946556,0.0465190799864432,0.0138243441991154,0.0048867355303131,0.384738645713713,0.0131995883943949
933,0.5192407721065456,0.0311135470433364,5.5175136029685935e-05,9.09437345538919e-06,0.1425262090130476,0.009620525778752,0.000144976353913,4.588937769632618e-05,0.0004542617722449,0.0002083104163362
934,0.4021695265395707,0.0592266764697492,0.0001938800972697,9.88924196911332e-06,0.2463521856456532,0.0038471666999889,3.787995380059815e-05,1.6590760842270644e-05,0.0003486239774696,0.0001382322861008
935,0.3908191093705821,0.0589701007489116,0.0001323749755786,1.1192499345044074e-05,0.2588588990186779,0.005246542952494,5.245587664399729e-05,1.941955577119956e-05,0.0002949920638698,0.0001462656319839
936,0.1185808239822172,0.0059726019348409,0.2594296436492874,0.0246738884102265,0.1341478112462901,0.0231446400825267,0.0190609291921432,0.0052466902622561,0.3584489426531727,0.0244649784503747
937,0.5115725808609588,0.0406755870318391,5.371817235763212e-05,8.078213966397524e-06,0.1461060530100832,0.0089222522849533,0.0001123658524803,3.4750283903689746e-05,0.0004289256929815,0.0001943169922869
938,0.3675300903511894,0.0071182071093209,0.1855292219734102,0.0146280580477988,0.1344217695881993,0.0410191591291243,0.0155216740217291,0.005369705775983,0.3653014738480586,0.0146333072621975
939,0.1901542161068417,0.0090121123292997,0.2574825857445096,0.0067007098923817,0.1791002701136763,0.0300229140523805,0.0081359455798364,0.0035376994411826,0.4581799762622683,0.0066838846056744
940,0.5111681479466837,0.0372250540544496,7.007952195649424e-05,6.868406790254801e-06,0.1495968388037502,0.0064996759774493,0.0001078735192948,3.1581211786235604e-05,0.0003096091295592,0.0001817137461973
941,0.1616906430488313,0.0065721940606813,0.1776141491331413,0.007787581300408,0.1581794700688752,0.069712770800393,0.0088372302906796,0.0036046127855945,0.3753112582004258,0.0077529318077196
942,0.013013803355729,0.0076411700397713,0.3070963254142496,0.0867136940913065,0.3170081883916487,0.0101439981706641,0.044527229244291,0.0146314005605926,4.152784141776124,0.5915046907854651
943,0.2019710062465594,0.0091424418692628,0.2022738554713302,0.0097757158508066,0.1988269546427215,0.0279680011794967,0.0106633727967262,0.0035352488341249,0.4019231134115281,0.0097188347207385
944,0.349435026836629,0.0445572479049884,8.576814917052613e-05,1.0971294846349778e-05,0.2698005529055062,0.0096444278924041,0.0001042347930626,3.976250431738667e-05,0.0003531823984071,0.0001852106211318
945,0.0063688237620725,0.0042315766460829,0.1767636430647136,0.1394875932997161,0.0315087257994674,0.0134955340909437,0.0099599323633701,0.0049005723710916,0.3414261685015257,0.1228977724041978
946,0.0407448931061418,0.0050956312028987,0.2445218064663152,0.0217578054507718,0.153941558202862,0.0266148395598543,0.0157091442892821,0.0048726043371305,0.3488974352728826,0.0219836968583281
947,0.3639676389492271,0.063109106709416,0.0002881829968373,1.3124882163940784e-05,0.2960046965626652,0.0032140242442633,3.33158775173533e-05,1.0868445528641222e-05,0.0003316012908286,0.0001177348365644
948,0.005631131188194,0.0039930032911562,0.1914581670688036,0.1424462734116375,0.0170825197259185,0.004436844098644,0.0128749765097845,0.006473766049348,0.378745561121263,0.2249632815264351
949,0.4776235924283928,0.0271182822239172,9.564371554357794e-05,9.408550175298573e-06,0.1633123659864828,0.0070226648038735,8.450772860777018e-05,2.3259514103441857e-05,0.0002659453871359,0.0001630303636251
950,0.3740557898644325,0.0062368276430456,0.1942557386574699,0.0102265036733908,0.1213316166930602,0.0482542933752162,0.0077550203553056,0.0043413676497688,0.3849720560827699,0.0102340697592004
951,0.4506141297230915,0.0486906521498335,0.0001202764542735,7.987619831223599e-06,0.1730228121829541,0.0039065547521216,6.266404222442248e-05,1.6417537666369633e-05,0.0003130309247079,0.000148671039767
952,0.2950003595177772,0.0069567772383751,0.2413647672455227,0.007022912681914,0.2372238365323207,0.0433436833362376,0.0076250275701644,0.0038448646772932,0.4074874785418992,0.0070217092955455
953,0.2209578616754751,0.0056703504226513,0.1790207313719281,0.0206520527206472,0.0917659973366846,0.0248129548362837,0.0119203103911335,0.0050899268465272,0.3390388334658323,0.0205594134428946
954,0.1001065690602611,0.0064950943074864,0.2406984604673163,0.0533417999057184,0.1243290057156933,0.0505339969174602,0.0319734413919883,0.0056289063789856,0.3550234605562949,0.0532038753950264
955,0.00759727640368,0.0056873869864458,0.2411556783572535,0.1047586627872821,0.2255736380115341,0.0446766566271294,0.0244517237485003,0.0108647970437714,0.5919108156971401,0.4526288719453105
956,0.1970163945355443,0.0074470106064776,0.1797531074631445,0.0085927691907915,0.2299747642446921,0.0588144488416012,0.010844394433107,0.0038867894956884,0.3742748307125175,0.0085750647020889
957,0.0182308353688054,0.0074968694651276,4.429235803841291,0.0890717928566695,3.0429760031511486,0.0058599570555229,0.0562339496999758,0.0139055288844116,71.07631488046444,0.5896752496089154
958,0.177588468437729,0.0376369368909614,0.0010153029702023,0.0001766535516742,0.4678731574234554,0.0038282179790719,8.477776980618366e-05,1.6368775279206196e-05,0.0011509755559582,0.000208820523414
959,0.146066894379658,0.0060369745169934,0.2945982697911107,0.0150504042722643,0.0692986677413868,0.0218141370996297,0.0107438094502874,0.0048698003288598,0.3539374759651189,0.0149839916265517
960,0.118620984596236,0.0069673081817014,0.1907548543498713,0.0058962637811771,0.1685137716012025,0.0736139551447791,0.0077171793251032,0.0034737254446531,0.3993925146507039,0.0058922745343162
961,0.4732103999189722,0.0296030829527731,9.2179962936825e-05,9.609780725994752e-06,0.166194305936886,0.005518478837468,6.594884468045591e-05,1.6474280194258693e-05,0.0003069826616459,0.0001607305386886
962,0.4875936116136058,0.0228772603379838,7.536241807021105e-05,1.2468425483290414e-05,0.1581106931521081,0.0110266545374266,0.0001000583450474,2.553453786132761e-05,0.0003535559137786,0.0001724019683685
963,0.4145952052549979,0.0551123805424684,0.0001759643325551,9.62730550945255e-06,0.2336206574461314,0.0028213955985962,4.29380288641446e-05,9.901667109133292e-06,0.0003411304579805,0.0001289195693563
964,0.0051347140084689,0.0039224542120128,0.2869788362104684,0.0677963405746251,0.0549795194582088,0.0191318401913698,0.0083108713288881,0.0049399860341954,0.3446112920294709,0.061276600373361
965,0.2017017530475652,0.0652581415112536,8.150334784169782e-05,1.3536018444551524e-05,0.39933223514284,0.0079348546214694,7.944686349957077e-05,2.928901748545508e-05,0.0003386246775222,0.0001838461322759
966,0.0052887083084105,0.0039920990892933,0.1930679636635537,0.1403961403522535,0.0239663361733766,0.0062374645714304,0.0125715943007859,0.0066596932853891,0.3989186703930265,0.2251979154063105
967,0.1518292034800377,0.008107291549338,0.2556936491996905,0.006364142189412,0.1799013668265827,0.0328576322083307,0.008436626241929,0.0035711101049407,0.4239903674034602,0.0063452765732753
968,0.0067038350703288,0.0039425780479951,0.1815611757085092,0.1421407359390192,0.0243715860670169,0.0050779820270473,0.0135954542145253,0.005862130826586,0.3443154949563892,0.1912823560544912
969,0.2039509243281616,0.0099517598215547,0.1949403758771203,0.0072605883536529,0.2319077483088781,0.0233169467181337,0.0092747858207085,0.0032504959814163,0.4526112945342911,0.0072438481518618
970,0.1987964951069551,0.008737398504128,0.183158750222288,0.0078473797435922,0.2246115260313472,0.0294704531134508,0.0123735556402191,0.0036177065007233,0.4011899688301577,0.0078318750388653
971,0.2274298966513279,0.0060428408147873,0.1695311195248146,0.0050950785130019,0.1787197775207815,0.0195255155468113,0.0062141617245295,0.0025794585451406,0.3892755662199471,0.0050924515471243
972,0.5296991208329206,0.0360919842149545,5.8243169965650825e-05,6.570278080499814e-06,0.1428234354382715,0.0074757842518289,0.0001115750164919,3.789134077951759e-05,0.0003366873116807,0.0001919938241192
973,0.1782460640185345,0.0062512189220162,0.1937638181843461,0.0283214539019118,0.1022016261841379,0.0374386490729836,0.0190756300458792,0.0052952317407259,0.3654319313335449,0.0282073656115324
974,0.0149036615489946,0.0079182049250698,0.3804883685632708,0.0865577959794311,0.3236611616179946,0.0070166387646344,0.0495798874032338,0.0149223895695989,7.901559040832758,0.6060402339604634
975,0.3809147946822402,0.0628024101852647,0.0002154792679245,1.1093592063771332e-05,0.266189074573157,0.0044836713647308,3.65799028256902e-05,1.8978499329437837e-05,0.0003549696208528,0.0001377829448554
976,0.0176188956718901,0.0072527643965315,5.444442653491962,0.0892415123817799,3.779024742667131,0.0066696082519301,0.0543567776841967,0.0135885757936863,88.82412131507292,0.5792709957543312
977,0.2607628980394971,0.0059879872854027,0.1797240522260713,0.0103234286469797,0.0799913944258334,0.0248610759085042,0.0092879461855508,0.0045095024534996,0.3582389408287638,0.0103174072063862
978,0.3426549217014037,0.0663975436674467,0.000307507439742,1.431017745491671e-05,0.320222768647938,0.0054965418869754,5.425827850469043e-05,2.706810356343816e-05,0.0003465065293994,0.000141062379604
979,0.1146678485301473,0.0060323237607367,0.2881886195865413,0.0095183545801196,0.0749839687718475,0.0156558410525344,0.0101849228223904,0.0050357935665452,0.3690926295383525,0.0095345590345291
980,0.2574553657318307,0.036100894806136,0.0001250308104131,3.967269888551092e-05,0.4421174789968113,0.015809466227644,7.659158144256006e-05,1.6906243603765473e-05,0.0004556519652671,0.000184517550837
981,0.498149797329013,0.0385621252783218,8.045282501332592e-05,7.192821491869302e-06,0.1573841393105919,0.0058721160609052,9.77003822358572e-05,2.5965082130425517e-05,0.0003073585101109,0.0001715743025231
982,0.5204603124853509,0.0482446813748035,5.33804130744366e-05,8.243533533504009e-06,0.1418758143325708,0.0083298391240612,0.0001165067394012,3.727295561328247e-05,0.0005315846434366,0.0002066378131447
983,0.0055275244089549,0.0038007489142876,0.3457798343657177,0.1999035735718415,0.2532943411767729,0.0690511631975553,0.0110273580760413,0.0054865734012174,0.3327302078615637,0.1674990494086722
984,0.2211130453341285,0.022086959814429,0.0006340796831172,0.0001777295563588,0.4283512566700848,0.0064563810747842,6.90079117719921e-05,1.6114025411509443e-05,0.0006505413894564,0.0001978361218203
985,0.4152930259477495,0.0069705488760155,0.1815483454730446,0.0122200651237383,0.1357095206926973,0.0579034416397589,0.0122125945446023,0.0048757647091853,0.3722751589597055,0.0122284446563992
986,0.1645570676431298,0.0065204660210839,0.1935175596795205,0.0086078198325791,0.1676430969996943,0.0677082494482008,0.0103463726971298,0.0038142774933035,0.3758116822560151,0.0085858039855624
987,0.0071411230980905,0.0053878637566764,0.2295406758795699,0.111220491259258,0.1999540356296732,0.0334492291688492,0.0215608405345982,0.0100493849186879,0.5541248945064742,0.4219064534670853
988,0.0054292501015472,0.0043625796958804,0.3053840339151617,0.0736176486735755,0.0744151844361771,0.0258599092905367,0.0075189625329993,0.0046655255194775,0.3458870098698234,0.0666534648243188
989,0.3905530205694326,0.0503136223957727,0.000194497036249,1.2092030979922196e-05,0.2599486585467332,0.005794745843377,4.238812608747148e-05,1.7619633199627604e-05,0.0003575492245784,0.000139493138614
990,0.3662981284382334,0.066956815390186,0.0002822889329937,1.2449194608910566e-05,0.2859445098214438,0.0043825144591082,3.545301542436087e-05,1.7546065231778747e-05,0.0003614192284604,0.0001306340463658
991,0.3800788108508054,0.0680318657169719,0.0002017694869731,1.2516873153859296e-05,0.2586202293495958,0.0063159827940052,0.0001297966507674,2.126753840056372e-05,0.0005821228353977,0.000157760754371
992,0.0270509319257762,0.0038070589039995,0.1816627271447089,0.0290473253559669,0.1015782422436836,0.0243261712514988,0.019523151616802,0.0049693403346129,0.3339520292885989,0.0277426075448823
993,0.0060201468978343,0.0040082085636851,0.1882121978099308,0.1449521478240895,0.0164529594861545,0.0045056114927323,0.0134762354670192,0.0063888863138503,0.3684017862386425,0.2221649892150467
994,0.1116869345239788,0.005643632494718,0.2662808701127778,0.0216950232458348,0.0954276463970401,0.0313234500264588,0.0187738704102331,0.0045794200373093,0.3708597322889556,0.0216313321014074
995,0.0052313727449101,0.004072735524182,0.2234532236467816,0.1529477205500136,0.0244600148549275,0.0062210377680829,0.0101841181394206,0.0055333815399346,0.3325538071060515,0.1645121055763588
996,0.029622369197887,0.0035360845966301,0.1770067958387636,0.0511536451180229,0.1489913104276208,0.0250540372275092,0.0253136969204614,0.0046701551016375,0.3125134299186197,0.0492735641494114
997,0.3027989811856909,0.0061907097744068,0.222653077974027,0.0097446159861348,0.1086263726882418,0.0319973067622564,0.0109227771873401,0.0043487906417168,0.3690844045402457,0.0097374187374054
998,0.1868370407653475,0.0379537438661283,0.0001420579371685,2.4562494030548668e-05,0.5140953811973523,0.0042301101158546,3.3765254120358273e-05,5.977451233632569e-06,0.0003645043219813,0.000152955727622
999,0.1292523411988493,0.0071318536776163,0.2562517680700263,0.1158867151383295,0.1598501179719375,0.0526934045662188,0.0573597598947637,0.0058210519895258,0.3747912134923933,0.1145752695643091
1000,0.1369829513994635,0.0072263909078021,0.2048010158070993,0.0080461408505136,0.1646716167539155,0.0746018982481009,0.0081832589407193,0.0037953779862498,0.405203458004149,0.0080244928610933
1001,0.156898049602242,0.0070529812642308,0.1829550225888959,0.0063111907173782,0.1371049487008319,0.0252564037194023,0.008138660597568,0.0033194969705148,0.3966096572173368,0.0062972152123993
1002,0.5174803643093814,0.0241741539270254,6.688758698174081e-05,8.594981683985759e-06,0.148497136360691,0.0087917361100708,0.0001080927899322,3.406828930868359e-05,0.0003687737335029,0.0001835898236792
1003,0.4290922732168308,0.0524493178351517,0.0001512607061383,8.7593226697179e-06,0.2123891160479177,0.0038844144612172,4.986636709615418e-05,1.665105278788906e-05,0.0003343886850318,0.0001486851331364
1004,0.1127379152007711,0.00636498555326,0.1719193365806453,0.0093366996984254,0.1253755050871696,0.0475861772863302,0.0125245357869527,0.0042947867138698,0.3532239006379225,0.0093424189667378
1005,0.1209310045871879,0.0062376904793458,0.2624358211265346,0.0182582682384719,0.1265741014805532,0.0332204182551002,0.0119096051657077,0.0050746649531917,0.3740292316587921,0.0182630679406726
1006,0.2764124739655635,0.0054809228655773,0.1721401128071546,0.0154684586249206,0.0994897247898633,0.035961007430961,0.009281806056855,0.0045304622264741,0.3569892589247324,0.0154459810357841
1007,0.3969736675579845,0.0073278050030604,0.2848060532665327,0.0137967067278517,0.1131564635305752,0.0461648595133997,0.0170283377154532,0.0050276145605738,0.3600480558828898,0.0138228504480366
1008,0.4182711418927086,0.0606326308498315,0.0001642899974717,9.04074248586671e-06,0.2243419250310884,0.0036957122513056,4.363854564587432e-05,1.7079755610140684e-05,0.0003377055452173,0.0001384498735513
1009,0.4406477598764709,0.0323429646133623,0.000118374421966,1.0727785217923562e-05,0.17445036052166,0.0059324860904852,6.235402880122091e-05,1.940047039973192e-05,0.0003162911999024,0.0001550334355513
1010,0.4734534852383599,0.1017514241854841,9.05789071357154e-05,1.0448751403385995e-05,0.1608800048760683,0.0066322504468193,0.0001336430380289,3.32358898795818e-05,0.0005122098897123,0.0001904807662055
1011,0.3597677945551508,0.0656148588967904,0.0002977693330648,1.357048032272012e-05,0.3055085168849065,0.0029737066351902,2.69237278735969e-05,1.0757517254040847e-05,0.0003187107457058,0.0001141799545226
1012,0.3626644323130144,0.0067679675248083,0.2143429706823322,0.012871833576534,0.1085595512453115,0.0411843634486196,0.0092406953821886,0.0045235459550288,0.3926517340628538,0.0128157003771539
1013,0.1786617329267446,0.0283909160616326,0.0004305179087481,0.0001203676579041,0.4623387779395935,0.0099003535670962,1.3867453809361423e-05,5.24262622010543e-06,0.0006268698260968,0.0002434542990101
1014,0.1367690553580685,0.0074573544031893,0.2006042999150487,0.0062020377310819,0.1399606177819947,0.0641130450737786,0.0085988782810642,0.0037778716818866,0.4302661896122015,0.0061713050400266
1015,0.4012041174404302,0.0055771195995932,0.1756368617239133,0.0085438480880722,0.1072207423374454,0.038442554686784,0.0080852172307482,0.0039078409614734,0.3720133659892057,0.0085159361692754
1016,0.0329114986689414,0.0055112545227998,0.2448471664580445,0.0367631306607873,0.1062732462189209,0.038046346221968,0.0151318632331974,0.004716404383252,0.3781942017367368,0.0367078153359878
1017,0.0055208696216866,0.0040964068112945,0.1960839289237061,0.1430163744895214,0.0137793982593127,0.0046034510562355,0.0132543864114596,0.0068952968198717,0.4029318169940575,0.2437441116041519
1018,0.1854917765339694,0.0051504442780765,0.1675679508261541,0.0074626111455633,0.1437055354384092,0.0650234530532322,0.0070225883267273,0.0030333276219009,0.3584049403318002,0.0074305498721288
1019,0.4459290079911612,0.0444555072874773,0.0001109863028798,8.293760067109325e-06,0.1649303155373503,0.0050179090480885,8.51943987990862e-05,2.2988742910555984e-05,0.0004283832398233,0.0001646093114163
1020,0.4109260628594776,0.0073702730079731,0.2621910920060345,0.0170718890540331,0.127221903041104,0.0544268411932756,0.010159434233296,0.0050407804522012,0.3941906558062998,0.0170272914733158
1021,0.0065326042736771,0.004695604055548,0.1847475292268323,0.1556873792109495,0.0234453281487057,0.006254766614741,0.0118398138884008,0.0059081483900553,0.3503636205290137,0.1743587300576949
1022,0.0181903956679384,0.0074785126443391,4.328364278434541,0.0891483863409788,2.968855065633942,0.0059435978032945,0.0561130323963377,0.0138932776472635,71.42579777825597,0.5891237194395419
1023,0.004918936973239,0.0036153762068762,0.2373085467411448,0.1321705156225439,0.0394932692386266,0.0098202076464555,0.0097952200777098,0.0052541518190898,0.3303674823339575,0.1457536883120868
1024,0.2540995255245216,0.0582688510569417,0.0001135868464739,1.3027999532678944e-05,0.4909410230313951,0.0048205338262833,8.276030173181468e-05,1.321703073459756e-05,0.0004076518073085,0.0001542426978884
1025,0.0171286959763401,0.007149739768982,5.69464529879638,0.0893254534228627,3.942444430973269,0.0071862643298078,0.0529996659334216,0.0134570604766975,93.56732186175738,0.5742882405149973
1026,0.1759057037272655,0.0579634345619147,0.0001537925032882,2.170529090240373e-05,0.504938608465417,0.0061963705308437,5.952050516986274e-05,1.611335529150529e-05,0.0002953020942832,0.0001453704716015
1027,0.4389237535929441,0.058613428857673,0.0001194636296893,9.946110735605592e-06,0.1788185201969074,0.006361513885767,0.0001508851756544,2.4203115037264537e-05,0.0005978288634882,0.000171133970219
1028,0.4205066081243314,0.054301982234755,0.0001608975454711,9.15847134544466e-06,0.2211217216505466,0.0043993525789181,4.562282064162703e-05,1.8055081904967582e-05,0.0003405736795854,0.0001437614048025
1029,0.0179231715031257,0.0073681356174071,5.420586863899085,0.0891684816785516,3.7735671741152976,0.0061728238436191,0.0552653635537376,0.0137270345823101,79.59445884029411,0.5842857441042258
1030,0.1922028263411536,0.0075250434838588,0.1794189846003687,0.0067861208390762,0.1583990197509538,0.0282061285735737,0.0076766364326653,0.0031819051076695,0.3996388541814037,0.0067758974971534
1031,0.1207149890096292,0.0055754816035162,0.1680245196270016,0.0071615221338519,0.1368526794977951,0.05253293078058,0.0082558561786537,0.0034302174993171,0.3484946875344942,0.0071446625982113
1032,0.4793607524177063,0.0375270121215592,8.649380278317563e-05,7.917672316490671e-06,0.1627528987291434,0.0055016959716897,9.092780071934112e-05,2.008173358293632e-05,0.0003368457053189,0.0001598823376602
1033,0.429153803061336,0.0515178991587034,0.0001306818925801,1.0175308075458727e-05,0.1942739234448238,0.006465958817151,0.000133569280495,2.200286501361652e-05,0.0005695496933554,0.0001666958434259
1034,0.2476488934458881,0.0065309421838714,0.1697189170170346,0.0095918272913205,0.1943550391637779,0.0981530351851323,0.0087809418732399,0.0038630168018196,0.3688764442312063,0.0095793015121999
1035,0.3967082066066607,0.0067185558803511,0.1801451163477998,0.0107506353371034,0.1259971701773682,0.0493706070276937,0.0099498554167398,0.0044217390197385,0.3681893107995977,0.0107462785165306
1036,0.0056981650937301,0.0045842277989,0.2332720167131328,0.1450758357691159,0.0685919524525367,0.0159308727787137,0.0090742625295906,0.0052586657532612,0.3474731118339354,0.131676503108521
1037,0.1672033672436478,0.0074559723836374,0.3140677082303429,0.0138189211324755,0.1276046555722163,0.0532992867004414,0.0129390873696964,0.0046539393701375,0.3902668205740104,0.0137816337428458
1038,0.0133414590187553,0.0039086040391869,0.3795713710706099,0.0287033583398427,0.1058360693756002,0.0256932716662578,0.0125788106686028,0.0049037330423846,0.3400079865078559,0.0270812273609686
1039,0.2097908914038337,0.0079946028113225,0.2687751197196935,0.0089182772378199,0.2805644277022898,0.1497033054837387,0.0086165892921137,0.0040367270652301,0.4201246152577331,0.0088922023722151
1040,0.0052565400882491,0.003881067026919,0.1890152271589482,0.1391204401443208,0.0133404491089389,0.0039220139126532,0.012229469744039,0.006357386269055,0.3844947915719966,0.2158140199150047
1041,0.423751049259724,0.0449609476328349,0.0001571330861649,9.878500568390892e-06,0.2183173248145714,0.0042063138677708,4.734875548620425e-05,1.3280604236758876e-05,0.0003620521510601,0.0001429940580574
1042,0.4453862659155415,0.0465976968283653,0.0001207121507419,8.260746642955901e-06,0.1761860380633129,0.0044551090033798,5.862730901681684e-05,1.8424377050714485e-05,0.0003249239528159,0.0001551907909861
1043,0.3312658163072849,0.0732976023017027,0.0004062255352602,1.6711878824894293e-05,0.3711249184880015,0.0043676433154901,3.3993563456608734e-05,1.8151562712444965e-05,0.0004051450705502,0.0001202596081467
1044,0.5400314023066097,0.0308570316586211,5.10962034589839e-05,7.364133468043137e-06,0.1406683135162283,0.0100512049570766,0.0001145203675084,4.521579081523675e-05,0.0004203964842641,0.0002024181511533
1045,0.1526504460414998,0.0076963467193734,0.1906470983284068,0.0066968433935738,0.1921142762506567,0.0710227239630113,0.0084908259550039,0.0037002356711712,0.4110091119634506,0.0066796235839669
1046,0.3637634416044303,0.0639248019708609,0.0002865403276275,1.2630197994995058e-05,0.2914954747591112,0.0057088204274493,6.049935037011329e-05,2.868944895792288e-05,0.0003749374581219,0.000148708790044
1047,0.4903690342047518,0.0255351812599104,8.70902993144963e-05,9.398827440856147e-06,0.1626521386841102,0.0073343772431413,9.77334364687922e-05,2.2860236468488133e-05,0.0003201616869101,0.0001615888298778
1048,0.3746401469199397,0.0053631344363504,0.2264792542964693,0.0112207746394623,0.1266608796545576,0.0486124716863118,0.0093064417336091,0.0040267923742693,0.3755849704474488,0.0112030411848348
1049,0.4112006887102696,0.0525378046665896,0.000163342448735,9.627016821118804e-06,0.233877996893245,0.0043699527450928,4.1403808700989e-05,1.6801658328570742e-05,0.0003576077986867,0.0001449659955439
1050,0.1964962725790492,0.0071636803068275,0.2771166112190579,0.0794901982026931,0.1343846882315412,0.0464573501694372,0.0480607687857028,0.0060482372022772,0.3681695567395374,0.0788250112367978
1051,0.0052978252406013,0.0040708219752856,0.2005630372381552,0.0885553274696611,0.074638327558682,0.0174091290152405,0.0096940014386374,0.0052714861677048,0.3259242764247004,0.0767389702803431
1052,0.5515589360660816,0.0346052807698617,4.060704351746862e-05,8.25156500135195e-06,0.1323049314906622,0.0100304757639832,0.0001332392442078,4.844606269813938e-05,0.0004932883310004,0.0002261332283997
1053,0.161259362949437,0.0087212447373517,0.2264110847723424,0.0105142175465867,0.1762333139037031,0.0540682207970835,0.0146333567396792,0.0043611146676979,0.388505252014636,0.0104908376469341
1054,0.4363289567412351,0.0504392066065304,0.0001390712763884,8.724594091267908e-06,0.1980778514825786,0.0040926796227943,5.334344889494449e-05,1.603792488239311e-05,0.0003175767565797,0.0001456153762927
1055,0.4108673892351931,0.086996692907841,0.0001549577778573,1.3269428096868824e-05,0.2224168190731832,0.0065740173054839,9.6228610707984e-05,2.392286581301655e-05,0.0004233804728316,0.0001702856128034
1056,0.1696450568057938,0.0077592793196609,0.1750548486446209,0.0119114520359412,0.1794629377548367,0.080741130281678,0.0173338503002684,0.0045646478683865,0.3640458849675389,0.0118737346290672
1057,0.0063814179190752,0.0048095066202696,0.3466289176358977,0.1697514834013976,0.1950871662391479,0.0399630333545246,0.009792146946559,0.0053824105045473,0.3616521449457014,0.1251090680131095
1058,0.4364785607765536,0.0427099915835001,0.0001210067329748,9.150133247390068e-06,0.1804093453450363,0.0051450468452286,6.966349137274704e-05,1.7625360464900494e-05,0.00034375156361,0.0001559479599093
1059,0.0365187888775885,0.0038540103621033,0.23033347002049,0.0324627955412731,0.0798298083011129,0.0242785357083995,0.02464762589653,0.0047517258793526,0.3198078052689422,0.0319180709332915
1060,0.1169466061270479,0.0067130643477507,0.269518858608627,0.085002320999693,0.1348179634177977,0.0533742706448854,0.0385834440444028,0.0059089753529053,0.3506957342785821,0.0842355319130177
1061,0.1767803609584156,0.0071225403484772,0.1822521849953833,0.0061164548579973,0.1222719894510466,0.029114344496954,0.0074634309894543,0.00311805994215,0.4070470366657233,0.0061088313036125
1062,0.148005043995023,0.0088188045189071,0.1968726007082608,0.0066145275221314,0.1793372029772012,0.0182582206606602,0.0095564904728179,0.0034443189457023,0.4293990179442065,0.0065985289347333
1063,0.4394187399887067,0.0559174116335955,0.0001375691402375,8.008665166469594e-06,0.1928422081717635,0.0042698236540271,5.712691255386438e-05,2.220043258474225e-05,0.0003176313779124,0.0001526214947975
1064,0.5304881687541602,0.0248201213309442,4.97633603680946e-05,9.226377820374554e-06,0.1393386285738823,0.0116060409141086,0.0001269346465421,4.571877450336938e-05,0.0004394061009262,0.0002062588234706
1065,0.2393667758891715,0.0064930776853823,0.265131202579379,0.0130695045131932,0.0999008003882049,0.0365995739020566,0.0092314920481975,0.0048182640108736,0.3850783640037939,0.0130786955834444
1066,0.180558474050317,0.0079110232521363,0.1921862926056089,0.0106506183347377,0.1655097702711838,0.0673079592277179,0.0117111865555865,0.0041100825456018,0.39344377127988,0.0106156426476285
1067,0.0748642452103213,0.0055120730662666,0.2865197096143275,0.0787372638626147,0.1186294355333022,0.0385313948439261,0.0409765840505739,0.0056004237824772,0.3460105021526102,0.077911593082826
1068,0.4750742051656822,0.0290670130900068,8.811281642402548e-05,1.02465752653503e-05,0.1684602824083901,0.0055755546785668,5.846990612965908e-05,1.5307909426717456e-05,0.0003050240548517,0.0001668414882638
1069,0.1717067776339342,0.0350440307866581,0.0001242684920643,2.813382901231641e-05,0.3527218298139883,0.0067141488206747,7.558631639207834e-05,1.691805418199865e-05,0.0004164421331771,0.0001599281987794
1070,0.4065116959798948,0.0621029746321366,0.0001840592019864,9.580050632718251e-06,0.2403594693224044,0.0036850839889385,3.919500383267641e-05,1.628237742354367e-05,0.0003453157814187,0.0001381884536043
1071,0.0108300822472448,0.0070301096531968,0.2849941928493577,0.0894033044017263,0.2879346635793592,0.0182305721802131,0.0377065247278485,0.0136246654318636,1.759734309509766,0.55579369929403
1072,0.4073423555124472,0.0549087484281409,0.0001609637804471,1.0351137681662108e-05,0.2321619555128464,0.0052338033777467,0.000117586652737,1.852746532016709e-05,0.0005055819823635,0.0001521282223867
1073,0.3905782060650185,0.0551048451897559,0.0002231975408567,1.1222363541138111e-05,0.2671151939563717,0.0031440429721998,3.21285322456674e-05,1.1693853615512408e-05,0.0003810178081278,0.0001282318995829
1074,0.0166812928090398,0.0039559372669842,0.1999759194649562,0.0941079911480988,0.0413305896169331,0.0090412268883208,0.0200463168600806,0.0053311044011806,0.3282104575988742,0.0906335144843186
1075,0.2523581988235808,0.0072604600644118,0.1784804213420694,0.0187970077490277,0.14402545438719,0.0432328972644917,0.0123258293388552,0.0056469860715579,0.358760159103156,0.0188145919553672
1076,0.0048822524880263,0.0035826942762332,0.2719737554383563,0.1463336740634445,0.1711183268229969,0.0328604388787707,0.0108685378355966,0.005730374353263,0.3614510027155889,0.1739894919984225
1077,0.3930320003049376,0.0602632778084368,0.0002164070107477,1.0744270589171438e-05,0.2603106439573956,0.0035134195019885,3.148059487889932e-05,1.3581386433228455e-05,0.0003712714543146,0.0001348516887006
1078,0.0046761867783801,0.0035745621682263,0.2483964364360334,0.1669892240837194,0.0578042174572563,0.0204735083374242,0.0096344436439292,0.0053147672045495,0.3345958751760902,0.1311232303092795
1079,0.3897051493546751,0.0534066663591475,0.000227310826932,1.1766234554242611e-05,0.2689752819986061,0.0032984913163456,3.062724111801638e-05,1.029783365605886e-05,0.000364553186556,0.0001232181178748
1080,0.1540420484685766,0.0080766536828845,0.1740350338582129,0.0070732831865556,0.1617329211579055,0.0311422931498485,0.0122373705901159,0.0035834670688759,0.3857572816640355,0.007067822611352
1081,0.3715871683350796,0.0629415500732686,0.0002306942329906,1.2377536201110751e-05,0.2797435992762587,0.0036438864551615,3.1548310991994415e-05,1.3158455549179586e-05,0.0003244441646767,0.0001213198442944
1082,0.0173527208429401,0.0071969240350673,6.507164312093791,0.0893074067282752,4.553916367568856,0.0069529638024262,0.0536250570946986,0.0135229721969561,96.58569002862468,0.5766369900849064
1083,0.0441399818916947,0.0042295372017672,0.1844275623183519,0.0096510981970382,0.0387458360083779,0.018286133706111,0.0168793994956869,0.004877891549426,0.3426615264255554,0.0094438453294102
1084,0.4352864191965587,0.051855496158743,0.0001421516106626,8.543681656738243e-06,0.2006450062575406,0.003752932542614,5.211800291178921e-05,1.5442044241760787e-05,0.0003320588091962,0.000144957791099
1085,0.3912382070461453,0.0070180374434898,0.2083122489969459,0.0099859664216489,0.1689920547293232,0.0479481878241033,0.0089593910345163,0.0041692345095608,0.3910366128946515,0.0099692840878126
1086,0.1718433855144558,0.0196877646062839,0.0006885807931164,0.0002662467506839,0.3360123742428892,0.0128678184421477,4.832178353943737e-05,1.5479808314726427e-05,0.0007961468965011,0.000365839001481
1087,0.4758597348303712,0.0407944277994363,8.68473914094273e-05,7.511971788054369e-06,0.1643158516662944,0.0051657602423274,8.863833144796967e-05,2.188532603037353e-05,0.0003279432242965,0.0001657278688398
1088,0.3175708619231562,0.0708536039324352,0.000488726468529,1.947794661010818e-05,0.4488499792436911,0.0047596563170103,4.422819155007669e-05,2.021917672674917e-05,0.0004876474614649,0.000114604895061
1089,0.5266914707809633,0.0333255642321142,6.036935519584223e-05,6.755304161874308e-06,0.1446011324319238,0.0078623302631242,0.0001121808555272,4.113551974314387e-05,0.0003518548511644,0.0001957867523297
1090,0.4341398173686814,0.0729986477976609,0.0001221532523334,1.4231738826717769e-05,0.1824613296883977,0.0069125834458907,5.964007462332064e-05,1.91715923711592e-05,0.000419556072394,0.0001716406268532
1091,0.5455481422777888,0.0322082701425748,4.6884348130477774e-05,6.96768050012449e-06,0.1373370150365427,0.0112322544719034,0.00014775695573,5.506167819545948e-05,0.0005079052414254,0.0002194567357694
1092,0.4876811229737556,0.0423963995438696,8.899835598598298e-05,7.234976589731555e-06,0.1616060485448314,0.0050455347222499,9.22808744007052e-05,2.2648532691388145e-05,0.0003210803163538,0.0001662033948066
1093,0.1232477731232584,0.0064533396820646,0.1849648566054735,0.0090163780932884,0.1333701578059729,0.0542791709122604,0.0081862165380601,0.0038721926689138,0.3879184057627218,0.0089764734261341
1094,0.2446268257569515,0.007504704452581,0.1815714070207741,0.0082191440740454,0.1689211978984939,0.0495868381149794,0.007661736331672,0.0036009128872522,0.4009468539380497,0.008192192826354
1095,0.0048556116888921,0.0035807322262039,0.1827283318723926,0.0934379826747551,0.0338032445566347,0.013255369835298,0.010696126292209,0.0055679468406844,0.3567373626762087,0.0820831860264447
1096,0.3945615848390475,0.0580955224553026,0.000177578531938,1.0068137249695598e-05,0.240822359269754,0.0038117339104717,3.865712740120021e-05,1.4394579351487049e-05,0.0003422668455104,0.0001367340881752
1097,0.44600483269807,0.0489418417732978,0.0001150029967805,8.065988383570553e-06,0.1677291706583019,0.0054625812459858,6.154827364575094e-05,2.653566701245127e-05,0.0002987435817141,0.0001592136505468
1098,0.0056176297230993,0.0040704796162704,0.1909330626362644,0.1453353385270713,0.0140158043344825,0.0041048477798769,0.0128860689173175,0.0065280712903134,0.3745781022526468,0.2372414932543579
1099,0.3772128812435983,0.0601993727544496,0.0002208825422931,1.1539532959221176e-05,0.269696003654158,0.0055429910065584,4.702769361844511e-05,2.3325609948609525e-05,0.000384721099478,0.0001442462719857
1100,0.0171559370272351,0.0039411817702227,0.2156308933305672,0.0230079420515379,0.069946055285702,0.0184445977159622,0.0153797339570258,0.0050334873445616,0.3373669721327076,0.0218018422015878
1101,0.3560860228384733,0.0637915170239899,0.0003077501623408,1.3463283788523893e-05,0.3051435944543596,0.0036029093500718,3.265219404308146e-05,1.408751891581673e-05,0.0003599639899557,0.0001207787440144
1102,0.4514064206427525,0.1181697315165127,0.0001099928428663,1.401408776734906e-05,0.1635072464975711,0.0069862901826208,9.491711620282858e-05,2.5305503749821885e-05,0.0004951337242316,0.0001843480030914
1103,0.0184393159013192,0.0047581723210381,0.2655317987532233,0.0231025844860835,0.0726736600381943,0.0210953919409092,0.0116180133456456,0.0046575796660723,0.3707223825588329,0.0230184055222693
1104,0.4481851357062499,0.0504604853533399,0.0001211935771621,7.982815846158195e-06,0.1747710251556098,0.0036690836326457,6.130869807565635e-05,1.556279607462115e-05,0.0003174789803324,0.0001482977269739
1105,0.1516474466306406,0.0076904477296612,0.1983326407356208,0.0109089335132864,0.17809387523557,0.0782101333035348,0.0082698135007175,0.004118987164031,0.4121033393923745,0.0108548567601135
1106,0.4918142299618397,0.0396801337947638,8.5358172763643e-05,7.289964380459559e-06,0.16001030802301,0.0053325868680078,9.49352003105244e-05,2.477182302893828e-05,0.0003389877934424,0.0001697647455224
1107,0.1354218545289006,0.0066002127315907,0.1846561892059696,0.0085927525431743,0.2417430917524759,0.0409012866806517,0.0083321046305684,0.0037471194127238,0.3928265272427871,0.0085479683968173
1108,0.0047481574382154,0.003609588846921,0.2416656080776347,0.1719475405474202,0.0403731985983445,0.0106411234401695,0.0099508693341644,0.0053779589720321,0.3321916705493794,0.156806687217106
1109,0.1928720912847967,0.0074734438507687,0.2764475913387222,0.0363397416809514,0.1273514044220017,0.0558341761586364,0.0204890599054202,0.0055916848294216,0.3864227575676777,0.0363347222555922
1110,0.1475715020916178,0.0245669037013888,0.0005126776644806,0.0001210449360249,0.5323824783238688,0.0062131114759786,2.230374235085196e-05,5.971029881049593e-06,0.0005736012419201,0.0002068184732377
1111,0.5640712889070234,0.0081987097034146,0.2424417904205514,0.0192876760272643,0.1628284642125813,0.0744038051874647,0.0111449631966078,0.0049736560745194,0.407001228712631,0.0193125626010971
1112,0.4380978093198351,0.0449610986027268,0.0001357739236503,8.993389343709037e-06,0.1947049804806448,0.0041192069374028,5.531024677682223e-05,1.490544089271083e-05,0.0003317258144894,0.000143942865346
1113,0.044471336188577,0.0036741986695961,0.1904321541936272,0.0587743300020945,0.0745876370060217,0.0197805051870637,0.0341417614473181,0.0051134085299145,0.3438977166586139,0.0574534373704387
1114,0.1472293012222272,0.0051773296926209,0.1742042759126781,0.0100636082633292,0.1021709877226824,0.0201578113983269,0.0080655747683223,0.0044490672381936,0.3291283207731935,0.010060121183326
1115,0.1158332242575153,0.0108469165962374,0.0063983934591067,0.0033775371502317,0.4324426763884758,0.011275093849083,0.0014106060664824,0.0001851089616231,0.0064220910018017,0.0034095839399239
1116,0.3995890801254269,0.0579532674209941,0.0001979910502706,1.0545472453949936e-05,0.2524527545394902,0.0040924015307676,3.461790056188529e-05,1.4809488650574268e-05,0.0003377051328546,0.0001342981148096
1117,0.1847404403777424,0.0059520013042095,0.1843726631547542,0.0365551172328115,0.0880461837942692,0.02653070501435,0.0240421359289571,0.0052978596396882,0.3633798966609654,0.036230051074113
1118,0.0052137990499729,0.0039135820599779,0.1850490315454276,0.151136110785564,0.0213638231726998,0.0049519488232191,0.0105986005878719,0.0056098703559863,0.3308354416624613,0.1817525982563106
1119,0.5095205029630913,0.0384634577512554,7.356331815589162e-05,6.883771124734515e-06,0.156180646612972,0.0065188698414256,0.0001111022908747,2.9407913303738607e-05,0.0003215298184308,0.0001761353849482
1120,0.1321695325233856,0.0148639824413872,0.0009517101638745,0.00038076951273,0.3020853703456189,0.0261002796141212,0.0001060605971992,1.97869724440763e-05,0.0010193282036334,0.0004800909455717
1121,0.3072268937279721,0.0759876077214611,0.0004888252865596,2.287126403857649e-05,0.5031971119952315,0.0043545348086605,4.232627851302233e-05,1.8264460573212405e-05,0.0004929688094296,0.000107335486951
1122,0.4809218825241887,0.0417144753579041,8.426241291572563e-05,8.511367453443162e-06,0.1590229868356277,0.0060923945486097,8.575380345438342e-05,2.996670500432116e-05,0.0004494261042464,0.000183694946365
1123,0.3946025713361026,0.0622333692969061,0.0002146820031827,1.04062500267612e-05,0.2592270968748483,0.0040722185820225,4.107237895517117e-05,1.9556470412289797e-05,0.0003721192696291,0.0001401823160089
1124,0.007148429211326,0.0053949130093797,0.2306684210622726,0.1117006337446912,0.1983011424336327,0.0355026585674653,0.0216498194407159,0.0101323126940476,0.5592245321852081,0.4219493129162996
1125,0.0048991931907183,0.0039116670260391,0.2478881100342249,0.1748236427714548,0.0730239059496758,0.0232280457175283,0.0098927787725095,0.0055222382302118,0.3319538002998206,0.1438857218946808
1126,0.2119305561013025,0.0047993700924544,0.1751115722183878,0.0311664728029233,0.0815962201468817,0.0248734519092355,0.0204142267353993,0.0047115410711603,0.3135478827383878,0.0309054824457139
1127,0.240503207400556,0.0058613641114644,0.2358042498985964,0.0131932220860033,0.1021838257871518,0.0380049002384002,0.0094208910335536,0.0046693647807189,0.3720606727147354,0.0132138488208301
1128,0.4338976563577422,0.054308733407054,0.000143095936175,8.397560858976237e-06,0.204030461113466,0.0039446803634765,5.143078712039395e-05,1.8595890774410902e-05,0.0003345591280471,0.0001483690711782
1129,0.2180968115084573,0.0048398826186755,0.1779439937494662,0.0149179720579774,0.0787874415705885,0.0250597602545713,0.0083071980711261,0.0044140688576715,0.3262105935888064,0.0148639380663473
1130,0.1894180057812361,0.0072143404459618,0.2790709981159964,0.0103901803611135,0.1701038366337901,0.0542856789170678,0.0087651204782681,0.0042832859769426,0.3948465262652645,0.0103806291228732
1131,0.4301188319736765,0.0476572133828602,0.0001488397230432,9.423280538663015e-06,0.2136139045960066,0.0034096653099977,5.187486129638312e-05,1.0799712923980295e-05,0.0003539567804505,0.0001369394230392
1132,0.013405923055596,0.007721528016996,0.3062911755919777,0.0866553378823341,0.3214556049113538,0.0094052790755348,0.045660204965338,0.014756673676524,4.740229353785889,0.5960981820450815
1133,0.4306424561920119,0.0551631225862578,0.0001477417930974,8.564283534110878e-06,0.20831392544114,0.0033339095999964,5.105492843560786e-05,1.4170050771400264e-05,0.0003431752904754,0.0001376217077123
1134,0.419654965958668,0.0565878353561532,0.000150670273277,9.163077503936342e-06,0.2193482518592579,0.0046742143670153,6.111110618673313e-05,2.215260375485808e-05,0.0003237859371318,0.0001475401436198
1135,0.0129489363962607,0.0076482153781732,0.3063745152229982,0.0866354644532628,0.3150954683258241,0.0099120583322392,0.0443269997803154,0.0145948647041874,3.148598388959462,0.5897734767772691
1136,0.5394266716814017,0.0258810731021039,4.468222470519354e-05,9.387736068673008e-06,0.1354309534416895,0.0129123621183617,0.0001631802150072,5.392844433375832e-05,0.0004777725441182,0.000219731048771
1137,0.0053105110136299,0.0039431052661439,0.3191296833994242,0.1954275651431773,0.1308343702562653,0.0741569919397095,0.0096467948242997,0.0053425858224863,0.3422988641055709,0.1783173200309672
1138,0.4985431339329066,0.0395623413008989,8.192676661200916e-05,7.38213064999148e-06,0.1622289996824629,0.0064609073621266,0.0001056275999793,2.507889977885788e-05,0.0004167884267325,0.0001706431517997
1139,0.3283783041577915,0.040281336209319,0.0001751353485831,1.3108098314571362e-05,0.387684469000375,0.0035096014500917,2.841442551142128e-05,1.0586965206891953e-05,0.0003712379934313,0.0001385492474674
1140,0.5081512569830929,0.0380554831032865,7.438577095974253e-05,7.124006900642845e-06,0.156357926506521,0.0067459314813531,0.0001094616729447,2.7580068446077904e-05,0.000346451042259,0.000175072237317
1141,0.4917820099856806,0.0325573557667507,7.675974130960223e-05,7.978307670626959e-06,0.1574790301060039,0.0066699631096994,9.651525909403549e-05,2.7073845117660603e-05,0.0003169002053681,0.00016923142971
1142,0.1554651788039258,0.0356456038061912,0.0003508792324692,5.324444325191111e-05,0.376146227526613,0.0054773774549126,5.150940431477103e-05,1.1208766613687814e-05,0.0002657854351628,0.0001234876087202
1143,0.5562171834167465,0.0300287750111737,3.7919644645668336e-05,6.658135826929923e-06,0.1280370854327782,0.0112289761189908,0.0001515706856292,6.445186166926597e-05,0.0005257793837194,0.0002362759328872
1144,0.4599925348627147,0.0808315403046179,9.754585943206072e-05,9.81011084117358e-06,0.1650888664305612,0.0061912487099485,0.0001528702752151,2.602456577041345e-05,0.0006051317832853,0.000177323207527
1145,0.1827570665675014,0.0078562576579245,0.2072179967599989,0.0072813995128302,0.1676898956865704,0.0285544148226268,0.0089667154234722,0.0031879204866995,0.4205231111873492,0.0072557896378729
1146,0.0058732275472213,0.0043078824360256,0.2502785440073206,0.1558574858748569,0.023749801969511,0.0073693798812782,0.0108606986327631,0.0056131710636322,0.3445596352592686,0.1630179369053894
1147,0.4067721470486306,0.0543466033907164,0.0001816675315827,1.0171430550048364e-05,0.2417631766837761,0.004229538930601,3.895033272639641e-05,1.4904975919542785e-05,0.0003352820793096,0.0001380310859325
1148,0.0115496658606767,0.0031201872907276,0.1809418810212963,0.0270374377051778,0.0419904385716964,0.0156103277061572,0.0125273288275771,0.0048826631290941,0.3520000034494067,0.024064691812801
1149,0.1775589838008825,0.0067258515644303,0.2035647725500892,0.0104016015638888,0.1617913202040474,0.0769578233560041,0.0078058605806846,0.0038386841599643,0.3950541051751125,0.0103501231979668
1150,0.0213501679565511,0.0041308762705469,0.2628983221947739,0.0203900383500424,0.074626524624948,0.0217700433232476,0.0140711308380884,0.0047605309682302,0.3464014164415824,0.0197544730631554
1151,0.435063631710278,0.0373339820017679,0.0001405800480723,9.696378208838097e-06,0.1985238702820291,0.0049196816968677,5.770451049852788e-05,1.629773947019408e-05,0.0003177220673364,0.0001387831938685
1152,0.1703257782928354,0.039232052843116,0.0008035818082518,0.0001374644137863,0.499691150304245,0.0069121365461562,8.329337279500181e-05,1.7655168302018277e-05,0.0007504590946777,0.0001579119793967
1153,0.0063451280029074,0.0049336143258657,0.2191203315766447,0.124674680835335,0.089240736429284,0.0220548785242576,0.0175586025347297,0.0089897633864108,0.5151990990849296,0.3561795575787793
1154,0.0062214874477475,0.0048310162986453,0.2138943228445823,0.1266604412190825,0.0613126964130919,0.0157838848017673,0.0169330214288224,0.0086681358991605,0.492682652617763,0.3457983198024809
1155,0.4537699488301922,0.0445812139338899,0.0001164020129329,8.168111942219946e-06,0.1680333200210126,0.0042411643785104,6.7106624504616e-05,1.7450566781729738e-05,0.0003064382839514,0.0001536288550434
1156,0.0069762423388027,0.005070424910553,0.2212336387482851,0.1561363902801033,0.0219282745137675,0.0062192387868716,0.0122156581260125,0.0060895813388597,0.3669007391319017,0.1739551370198608
1157,0.0119302893397863,0.0074132817931762,0.2957873306197445,0.0874371177952846,0.3054070297683208,0.0136125480601841,0.0413624000292276,0.0143019467255942,2.605805769103739,0.5776579228697889
1158,0.388867430701714,0.0665002313422999,0.0002294258037871,1.1063098770519787e-05,0.263263678681998,0.0040717181829509,4.2030931535244574e-05,1.585334381466215e-05,0.0003464507205392,0.0001282546304852
1159,0.1996998564166024,0.0073256829217978,0.1795934478995014,0.008456847720298,0.2282014279447227,0.0666501346391907,0.0097145549541647,0.0038256051481063,0.3843454038451117,0.008437507777487
1160,0.183370552749326,0.0060135435270443,0.2172425192929298,0.0133688390083948,0.0845302353292534,0.0254084063517231,0.0103564926600697,0.0048803355187223,0.3585036941360216,0.0133784976552658
1161,0.005673718391473,0.0047386292800636,0.2053981115765704,0.1342543998809896,0.0792186543084472,0.0350988029109357,0.0091485159623193,0.0055190186162266,0.3738631812702936,0.1045892233799743
1162,0.3999603940904294,0.0532052317266396,0.0001983807346986,1.052080754257496e-05,0.2521533690655311,0.0028216180417117,3.604227936722417e-05,9.50897509797832e-06,0.0003763445095494,0.0001311781915789
1163,0.4315980988510101,0.0526568201466163,0.0001461738918122,8.660597904649223e-06,0.2073356849149396,0.0043580093801059,5.167609277753479e-05,1.9093767589918024e-05,0.000351733170048,0.0001487733948084
1164,0.4395071791805707,0.0549370344864875,0.0001345592801072,8.121917148238597e-06,0.1913054387631535,0.0046704109718937,5.507703973994031e-05,2.409383906225369e-05,0.0003018869673013,0.000150732246987
1165,0.3888124003771515,0.0617319751672536,0.000220220893622,1.1192075077295616e-05,0.2612906674044834,0.0044973861142242,3.747650703835353e-05,1.7738329188882203e-05,0.0003382811586357,0.0001285185057511
1166,0.3018931255515046,0.0269120189845443,0.0006893711770887,0.0001607294112203,0.4176159613039006,0.0096233544527376,5.677344473027694e-05,1.1801291200329816e-05,0.0007333971808283,0.0001956384974012
1167,0.4539749036459266,0.0084412333048445,0.1994368047233147,0.0179727525618587,0.1255508587884669,0.0563033330614464,0.0214030119305595,0.0059359874634915,0.3632152482654457,0.0179716621466351
1168,0.1809986149430367,0.0062870125489829,0.1882285619713179,0.0069972134085739,0.110760894788892,0.0493761074860469,0.0077322452977003,0.0035354584498819,0.3952842377967713,0.0069637383596591
1169,0.4316076882661805,0.0471049946558225,0.0001441163798453,9.08844404942975e-06,0.2066403492151806,0.0046504500850955,5.03577652478277e-05,1.9324358840870646e-05,0.0003330643322151,0.0001466855282037
1170,0.4743279594710294,0.0434101698990369,9.787585874010497e-05,7.452273789219238e-06,0.1641477584845384,0.005207611533869,7.638884808988153e-05,2.5207012971236323e-05,0.0002795829753655,0.0001625566390415
1171,0.2538294313707732,0.0082472052151733,0.1905658107661811,0.0060406330065728,0.2323149390269155,0.0237290967603726,0.0076206446036391,0.0031444274025823,0.4266966134234705,0.0060228597555742
1172,0.5406206477686247,0.0331459235879123,5.066458325348576e-05,6.669062289325689e-06,0.1401101054011508,0.0100074114048676,0.0001324707285399,5.027260761402838e-05,0.0004769202847027,0.0002126141022672
1173,0.156101014837599,0.0066855681615954,0.1730359859908657,0.0089304427055921,0.1396230257091965,0.0528653950143576,0.0101675109037995,0.0037454177999852,0.369053447494882,0.0089092755899435
1174,0.0246263080445007,0.0012587144218094,0.0131231810257292,0.0051084974939881,0.3763940740695098,0.0096299655841492,0.0002351817737839,2.87544340059602e-05,0.01298094566068,0.0051061236450497
1175,0.128393464014331,0.0058252192280858,0.3170205196158592,0.007821957974508,0.1464251700653357,0.0646237266497041,0.0070284927788258,0.0034456310401731,0.3808468231990254,0.0077960266071665
1176,0.4939086010004904,0.0325651788818853,7.063712920122739e-05,7.8599151451996e-06,0.1509802266316331,0.0069471801592821,0.0001000014418153,2.8482439392878814e-05,0.0003215386427099,0.0001731495733121
1177,0.0080852164875811,0.0060154528244708,0.2482298853920337,0.0996100115772553,0.2468680806251597,0.0383104827531798,0.0280959694847586,0.0116657270520974,0.6413309592311786,0.4843754294167923
1178,0.0082599797009097,0.0072494887387663,0.2060637865108427,0.1759000717570867,0.0665399933729249,0.0494617279085828,0.0096822886667568,0.006044377319536,0.4148472123618595,0.1190027949721428
1179,0.4441489059429792,0.0434158748372892,0.0001136018413799,8.440591608308289e-06,0.1687050337257551,0.0042678052697516,6.739460296715621e-05,1.5498526985545743e-05,0.0003291502596869,0.0001458760686254
1180,0.4218658303645518,0.0073139963171077,0.2083156677469258,0.0136142958668999,0.1404633917342235,0.0569439739932403,0.0134248786877445,0.0050693590504556,0.3455593855388973,0.0136321899159725
1181,0.4837019623153794,0.0746981066907,7.743803124532687e-05,1.052024247791908e-05,0.1603139327074864,0.0081328918573904,0.0001121433828042,2.756297921327916e-05,0.0005342772459839,0.0001883910953789
1182,0.0073088360546645,0.0058379078296107,0.2143858762518054,0.1647201276913362,0.0665140891002014,0.0478837683916311,0.0090325884312694,0.005342301477639,0.3894413741296842,0.1060053243727669
1183,0.4220691882437687,0.0586212458866752,0.0001600124488276,8.940795588874338e-06,0.2205412756373733,0.0029464414127336,4.5994332665762986e-05,1.2593320274609848e-05,0.0003375937536784,0.0001320432508121
1184,0.0995530403188814,0.0067415664717866,0.1774500600207852,0.0049863820194601,0.1296078377585199,0.0632313306735249,0.0070103327305825,0.0031652888222923,0.3996351997430302,0.0049850899266587
1185,0.4170013935570671,0.0575629541566593,0.0001670917957577,9.144663826450265e-06,0.2254260527229771,0.0047121062363773,4.305038503770376e-05,2.1195513575741087e-05,0.0003340742140093,0.0001473481301177
1186,0.4406105024998563,0.0523317918475322,0.000133936551048,8.136060241055731e-06,0.1897849819096633,0.0032245969396954,5.565791582156381e-05,1.4167809530330437e-05,0.0003321616275904,0.0001411784256369
1187,0.0048304189968224,0.0035646050564405,0.1797258662355927,0.1432922927755267,0.022622454914907,0.0047180812363686,0.0103096867338108,0.0054616785329737,0.3348685791707443,0.1746464433770696
1188,0.4790267697907343,0.0345428181632256,8.224630399373447e-05,8.22078562532925e-06,0.1603431487512767,0.005875072654168,9.044038115506856e-05,2.0365601997662944e-05,0.0003397352829761,0.0001624456476419
1189,0.4562636939462937,0.0489068789906688,0.0001157032988962,7.66046385546196e-06,0.1674130674290627,0.0044225871835372,6.969557955395798e-05,2.2683192900307984e-05,0.0002905791673763,0.0001578773163452
1190,0.428825355372682,0.0513559081983169,0.0001333446697818,8.753071788729945e-06,0.1974843794553175,0.004658136020813,4.961501829451409e-05,1.9431610809427e-05,0.0003169280158478,0.0001500390417179
1191,0.4793085933297785,0.089683195265205,8.786941467659373e-05,1.0821429660630452e-05,0.1615466342041746,0.0065815906379766,9.45902633033073e-05,2.855318918821277e-05,0.0005427742765834,0.000184620280271
1192,0.1555606744831162,0.005582833913103,0.1809339152863832,0.013419729601524,0.0679332053989528,0.0226339675150653,0.0104839961832556,0.0048058702985012,0.3443241097341351,0.0133512046775053
1193,0.5358190056506419,0.0324647667151684,4.965003918247229e-05,6.779476473786067e-06,0.1416439767563404,0.0081690821166449,0.0001130027907554,3.984675603832334e-05,0.0004011168343621,0.000197362453128
1194,0.4156909783441537,0.0545748822489629,0.0001696220395538,9.283445430350764e-06,0.2303163812708927,0.0032875824101935,4.347753358416402e-05,1.3970493711731593e-05,0.0003640306419368,0.0001380233314873
1195,0.4578187022357108,0.0404686467888698,9.92347622898957e-05,8.259070312996004e-06,0.1629624160186748,0.0049672894913621,7.778230558701707e-05,1.945724448236402e-05,0.0003103027366886,0.0001563663567676
1196,0.0094066904134103,0.0066056168867559,0.2706538598101442,0.0927150309560278,0.2696840321887217,0.031740999232956,0.0331833742823185,0.0129215961269955,0.9067315892374304,0.5269711944673129
1197,0.0054774878513387,0.0039895328971911,0.185832431619331,0.150237900777817,0.0209391764315414,0.0041926384427414,0.0117887987070649,0.0060099817506774,0.3431696623299097,0.2053187092910131
1198,0.457733375010466,0.0379209047276573,0.0001118067336159,8.948965922699647e-06,0.1674745420514182,0.0052572091418513,7.05129872533963e-05,1.6507970973911323e-05,0.0003291686817446,0.0001547460703789
1199,0.0080820987183862,0.0060107526751648,0.2518629597510805,0.0996512669207002,0.2426889073248934,0.0427153490686768,0.0276457422400587,0.011646498919038,0.6264033467283271,0.4811251661563129
1200,0.5568803253755413,0.0292480242047485,3.2022620975396225e-05,7.069263447726033e-06,0.1254171112011888,0.0122076270116586,0.0001866248143052,7.369723729496475e-05,0.0005732686392579,0.0002507613426683
1201,0.0909154593386581,0.0061804588301802,0.2109411025187572,0.0205184777861347,0.0826463386885893,0.0314738430961264,0.0153500260581564,0.0051735761089186,0.3453512402058036,0.0205486559185017
1202,0.1505526596474831,0.0067546632106368,0.1827592502857837,0.0113371320440029,0.1271283318239209,0.0570497359350351,0.0085533310392825,0.0038501048057169,0.3691175118615361,0.0112861328334176
1203,0.0051959024257427,0.003862815372869,0.2215666656442443,0.1083024573162639,0.1552450934154209,0.0413002657977216,0.0108758680318063,0.0057138650723003,0.3427360435788428,0.1404905183434828
1204,0.2233557556277114,0.0330512109637773,0.0011974272269781,0.0002455813985669,0.4021822848660342,0.0062839821051372,9.523815272770751e-05,2.124557489462346e-05,0.0012827931328143,0.0002585850431916
1205,0.4834342320402273,0.056946305691077,8.095209072739532e-05,9.138600439475815e-06,0.1613717904806076,0.0080488284453186,0.0001978171563922,2.748365177670568e-05,0.0007279300058166,0.0001848763776721
1206,0.1810074203064288,0.0055227520450236,0.2736319899629846,0.0209535388229429,0.0745743685061153,0.0226807498029572,0.0136031193530497,0.0048835558467197,0.3462293843281527,0.0207980910064321
1207,0.121888762246459,0.0071739919019099,0.2004721761397129,0.0049164163841281,0.2079170192840717,0.0660829472338051,0.0080878945000602,0.0033147623195076,0.4227674093043087,0.0048961947486642
1208,0.4000371437615161,0.0569374215559583,0.0001728807471731,9.804542206144096e-06,0.2393968055146574,0.0039140679592002,3.920914272177225e-05,1.5388531367210475e-05,0.0003436654653612,0.0001389460617235
1209,0.4356161907944429,0.0538705688070059,0.0001388240510994,8.288979902484812e-06,0.1995567197902992,0.0038965507959248,5.247954690064818e-05,1.9030530345920536e-05,0.0003341436037379,0.0001506076320028
1210,0.4483858925039808,0.0489191501450457,0.0001276658011067,8.149965430270713e-06,0.1886207928222504,0.0036624406391266,5.635367226222154e-05,1.5107583257062198e-05,0.0002843097622695,0.0001393198674314
1211,0.4537624239248004,0.0460423233909928,0.0001139625915044,7.97735363689383e-06,0.1690885835978927,0.0040595639778947,6.606070838300535e-05,1.6784745633891985e-05,0.0003175312617786,0.0001536478747413
1212,0.1789569792203997,0.0061865454862224,0.2520166921618487,0.012429070855856,0.0926582548180344,0.0329772474291071,0.007396211934226,0.0043875955111016,0.386408956794015,0.012469658711651
1213,0.0352046739010831,0.0043487172396822,0.4604229875145721,0.0129964188357846,0.1654490887314116,0.0171575092084677,0.0127432212764792,0.0046807120628676,0.35673118859931,0.012876135323644
1214,0.477216133133545,0.0437143907778127,9.59951409372865e-05,7.389720452828129e-06,0.1640731527098698,0.0043915735982645,8.386140368658258e-05,1.898379687085115e-05,0.0003260450601302,0.0001574425726912
1215,0.0938806550876919,0.0051817645250682,0.1847088295788087,0.0215500585745519,0.0713225525792069,0.0222538473050266,0.0199504985050526,0.0053349450344446,0.3415695543379863,0.0213742308222198
1216,0.005066791606484,0.0039764238094218,0.1895678012603467,0.144569169109655,0.015375427108233,0.004097432038759,0.0117885646035333,0.0063968175949608,0.374359879615308,0.2253748902630503
1217,0.4033139784753142,0.0588443301025512,0.0001694241730216,9.664680895934488e-06,0.2364517124653055,0.0031735378507259,5.949193746543834e-05,1.3552993052142958e-05,0.0003470373667055,0.0001364663741287
1218,0.1816303417594978,0.0258408143728863,0.0001784674952269,5.8198043752906376e-05,0.4621509069491539,0.0107915165515981,4.656042757592117e-05,9.185944482154284e-06,0.0004337973602349,0.000195290396675
1219,0.3618711667984801,0.067557283996164,0.0002938115224169,1.3250647331277152e-05,0.2979466134303585,0.0033578494522882,2.6914621528157127e-05,1.2807389934952132e-05,0.0003150516635783,0.0001190987054115
1220,0.005252348270296,0.0040008465075242,0.1889842348235719,0.1350601599441335,0.0185007510746345,0.0051570076082583,0.0119424903347327,0.0063125895810003,0.3677781522516019,0.2176647460998612
1221,0.0189861153005163,0.0078741059188828,4.450480376416101,0.0885430613157857,3.060976930804653,0.0055383645374492,0.0588175733000356,0.0144844981733652,76.59826568705301,0.6047591395723444
1222,0.0928129591092258,0.0109070829547444,0.0009563846891054,0.0004852514485576,0.3493070651254188,0.0214908214468,0.000120627031184,2.912529798037652e-05,0.0010221888549753,0.0005597549859464
1223,0.4852323433120906,0.0397847752280206,9.077022723705918e-05,7.688911379045662e-06,0.1629212988753412,0.005316618619632,9.29116088822905e-05,2.0433534173377737e-05,0.0003395273618096,0.000161869368165
1224,0.5288749002505775,0.0358098625194564,5.916935956903847e-05,6.5377191222406825e-06,0.1443182777611311,0.0077193184526128,0.0001174646044916,3.694679330184673e-05,0.0003901942009707,0.0001891384041127
1225,0.4682108040860115,0.0456537462109661,9.516038811720845e-05,7.467038305838014e-06,0.1637054377887035,0.0045235188211943,8.08573189191232e-05,1.972166217243876e-05,0.0003288004470648,0.0001578390191635
1226,0.5194689727958434,0.0423189593289797,5.7364557358963766e-05,7.264576725836461e-06,0.145170203908325,0.0076174459992475,0.0001231006192874,3.934566452766544e-05,0.0005367932056201,0.0002001081542534
1227,0.0051475062515154,0.0039619482198371,0.1877107579331456,0.145707221425594,0.0197796489317379,0.0053082017621348,0.0109333577004866,0.0058813342699514,0.3472934656281698,0.1791074759678592
1228,0.1430411000010675,0.023029840524946,0.000380980482396,0.0001071650587778,0.3891908047975689,0.0050846590007813,3.189779933737203e-05,9.490223361665812e-06,0.0006271800272309,0.0002193328351265
1229,0.4443428037105819,0.0364456490953212,0.0001128969861673,8.973041989806672e-06,0.1646701085390067,0.005905944698913,6.796631829797782e-05,2.2207661435969228e-05,0.0002897323054096,0.0001554349504484
1230,0.4342146567056142,0.0500300609360856,0.0001436509016644,8.653212105425024e-06,0.2041837188110646,0.0046244185418722,5.35081908015576e-05,2.010959580462796e-05,0.0003464540583529,0.0001553886387911
1231,0.443484295930827,0.0453325335625501,0.0001133712920912,8.165383212698618e-06,0.1683878148540551,0.0038824035784623,6.81760589514793e-05,1.5487215738120635e-05,0.0003206713753268,0.0001492667871912
1232,0.1768443955370841,0.0065556642039869,0.3577984035890159,0.0407708735354183,0.1257234491684101,0.0501190668261331,0.0263767524456718,0.0057387127198473,0.3697706686371896,0.0406261469883023
1233,0.5075336330347971,0.0341738706595722,7.360503270531498e-05,6.965052661964954e-06,0.1527698448402722,0.0074837363818567,0.0001035575906268,4.189520048804985e-05,0.000334975237303,0.0001906150494941
1234,0.0500648538862203,0.0044674616749204,0.2203996209599671,0.0096358624690045,0.0986286678975624,0.0146379111093862,0.0158079366846161,0.0050136677071683,0.3446618280167236,0.0097378043684017
1235,0.0055384423237227,0.004197223800493,0.2744898353663031,0.1713308679914633,0.0484569306152346,0.0119137294674588,0.0114434883031215,0.0060294729080702,0.3442563989224035,0.1767635750021851
1236,0.4540477210586202,0.053553741987444,0.0001035219245259,9.120979610967085e-06,0.1683083444062147,0.0070611098236863,0.0001333589021832,2.520226208358052e-05,0.0005287920013465,0.0001724376885278
1237,0.3794961504661339,0.0612444745907333,0.0002555726377045,1.1859808409730402e-05,0.2758174293985722,0.0055721669412131,4.768843199480614e-05,2.3923065118690663e-05,0.0003796948877541,0.000146882985842
1238,0.0045339099306023,0.0034385800722115,0.2006840180624903,0.0706009027626732,0.0668967474929419,0.0182157742457117,0.0102072017197899,0.0054777612509257,0.3634408671074102,0.0699905087808349
1239,0.0142558134781121,0.0078506352993949,0.5071690574209541,0.0864103825507503,0.3251149918872075,0.0081182494362446,0.0479920461691841,0.0149251056749795,7.645745730493294,0.603740635738702
1240,0.0053290622776277,0.0041577175119837,0.344150390811707,0.0590274447569483,0.1049772172340623,0.0489049424177731,0.0098934639727868,0.0053949366341495,0.335992162605557,0.0610986133877168
1241,0.4316145896863346,0.0516263298014967,0.0001488160319064,8.83471600169702e-06,0.2099499981499627,0.0041083524590183,5.100735557853448e-05,1.6429390620838323e-05,0.0003380853549405,0.0001438422765695
1242,0.0187544700640445,0.0077009569536343,3.653257619233116,0.0887631587562928,2.472982667840312,0.0055739367698693,0.0578460213983527,0.0141695073771708,65.85938970983123,0.5970648611093547
1243,0.5782858974628929,0.0069703817908855,0.2036435341719318,0.0199964754683094,0.1501724200172944,0.066213035581166,0.01296617854615,0.0053114388916502,0.3786398693016227,0.019995772217168
1244,0.4504347008168031,0.0417081578796757,0.000105562688387,8.233599791646661e-06,0.1630547633736811,0.0043068462098955,7.357535796512747e-05,1.580349739270465e-05,0.0003107070470236,0.0001499658342293
1245,0.0521257232727245,0.0040003217711225,0.2494424637614911,0.0063578181770413,0.0615049621848839,0.015072420067743,0.0130095202533377,0.0044655658757457,0.320022397640558,0.006361520185258
1246,0.4662010123882786,0.0395072726820639,9.477645776246354e-05,7.777114987517147e-06,0.1626517409600898,0.0055756457738822,7.85715395705163e-05,2.5664288826418752e-05,0.0002625932216758,0.0001621274375755
1247,0.0047825652858683,0.0037240464819017,0.5663730342076224,0.259390223645234,0.1328650694533726,0.053083907062481,0.0086563123507473,0.0050010462334046,0.3263884822447838,0.1354148853089199
1248,0.0049041873684241,0.0037302187400282,0.1875706875554978,0.1214428841981079,0.0402999631132698,0.0084918298328668,0.0107292511678084,0.0057114795494112,0.3479710480205595,0.1693325191401608
1249,0.1137448694167028,0.0050811427512748,0.1801983584289992,0.010608902031351,0.0647915566428064,0.0195588238567762,0.0103385747297843,0.0047987080401688,0.3195700863424477,0.0106217699499683
1250,0.4276599530982664,0.0378839226869504,0.0001326202745904,9.878764552804724e-06,0.1955829459619827,0.0044079779276294,5.29234685031594e-05,1.3188688302907796e-05,0.0003385507606756,0.0001435418790642
1251,0.0048577177150452,0.0035798480996272,0.2105717804067173,0.1220247573763885,0.0305226228344804,0.0079029396703114,0.0102418808741371,0.0053829489255648,0.3333342587158126,0.1550976355828069
1252,0.0141973383094493,0.0036758712435952,0.3053070995061973,0.1761539056391106,0.123633432834359,0.034734224487504,0.0183234090001221,0.0047895510348443,0.3210394099827114,0.168221813767994
1253,0.4645546570114959,0.0450878289488521,0.0001019808827229,7.689505271319973e-06,0.1665865101196552,0.0046981864726163,7.298838700893418e-05,2.0141859963482924e-05,0.0003133263066421,0.0001573368215333
1254,0.5403211913098489,0.0326310610767362,5.032750882740357e-05,7.017920828702423e-06,0.1392146397867218,0.0094828240713264,0.0001091035967862,4.56568889689146e-05,0.0003925658781361,0.0002074987919548
1255,0.5344684720701375,0.0332837051203889,5.593480455370502e-05,6.718078257233137e-06,0.144799095084387,0.0081411378151735,0.0001191252507472,3.89219842989865e-05,0.000400419600169,0.0001934352382143
1256,0.0216468878471492,0.004191166816132,0.213324367635198,0.017574287129712,0.1029908753927623,0.0309368455710294,0.0159239723166707,0.0050527562993891,0.3499220211690776,0.018135670005689
1257,0.1397508487727286,0.0069714393663513,0.2120797188268834,0.007818085340783,0.2443224232149513,0.0540430203550529,0.010035950691915,0.0036995783068551,0.3799631437960307,0.0078047382607471
1258,0.5454099022316179,0.0299520380069462,4.6369349024461645e-05,7.01783043586899e-06,0.1349829402307383,0.0099141341569209,0.000130206096391,5.799315824660334e-05,0.000439018612221,0.00022802910889
1259,0.1193932502423301,0.0055900756842191,0.2070362201267659,0.0088057983574926,0.0678859649933313,0.0203171970229681,0.0092757876256326,0.0045414279838499,0.3672471266961963,0.008814414122447
1260,0.5165456458147644,0.0297498487042037,6.690014552385761e-05,7.227989113914141e-06,0.1477247119733014,0.0072560229589691,0.0001077416239273,3.5346163926107e-05,0.000282583811937,0.0001820403416919
1261,0.4561411392004905,0.0497786955920655,0.0001148706024941,7.66793133037503e-06,0.1681173206188438,0.0039127285788125,6.447880531554285e-05,1.845938825568308e-05,0.0003094432701605,0.0001491008072536
1262,0.4920493827802278,0.0351276027705323,6.476607203279379e-05,7.428684530484253e-06,0.1455750116432894,0.0062986432033984,0.00010104955216,3.367161386485078e-05,0.0004585361687967,0.0001920927547449
1263,0.0505781638239586,0.001244037255748,0.0131123506369819,0.005082106740795,0.2740287778673268,0.0118299921278418,0.0002896415979328,3.717628896607048e-05,0.0129583034347613,0.0050759589342386
1264,0.1498251966540095,0.0070762100224625,0.2090191482976858,0.0092519030610099,0.1977215985423911,0.0538838125921924,0.0125361072974036,0.0042178483129369,0.3677517098285669,0.0092209266471418
1265,0.5534253807435091,0.02996001193794,3.937470929442657e-05,6.750237854886174e-06,0.1266655625935854,0.0109823715719298,0.0001480425237951,6.319989715197866e-05,0.0004920862160614,0.0002339266870794
1266,0.5217201705400051,0.0347131742573731,5.7219319799615136e-05,6.482082974188843e-06,0.1433336673891166,0.0071466393062792,0.0001044354675423,3.97849443446844e-05,0.0003353643693355,0.0001906476124591
1267,0.3934466011154551,0.0637790244574887,0.000186136623929,1.0253207733826792e-05,0.2517251378537289,0.0034352222665756,3.762678043564161e-05,1.3703341333424467e-05,0.000327430536762,0.0001269018916327
1268,0.411898410687517,0.0515284954910463,0.0001731856697497,9.901097273837186e-06,0.2391932459088085,0.0029583293307483,4.075413439514636e-05,1.067229045864434e-05,0.0003426255629064,0.0001331945296394
1269,0.3798290412197684,0.0632837776627546,0.0002502854358599,1.1652078059325549e-05,0.272292703473022,0.004287689866644,3.1577967926102515e-05,1.7357177454122712e-05,0.0003749124572026,0.0001338597285991
1270,0.5007572156877553,0.0370086127958199,6.811739971185526e-05,7.216342347210924e-06,0.1486742797540952,0.0062866296930986,0.0001003274776575,2.9043864580358213e-05,0.0003164623570736,0.000178715757457
1271,0.2314392513987105,0.0272445918331686,0.0001121319674271,2.124336759123721e-05,0.5131454477847022,0.0050702980138382,3.689407922753182e-05,1.067475769812584e-05,0.000381204819206,0.0001652475226874
1272,0.0760927662011961,0.0052541167178022,0.2644543140550003,0.081400334611008,0.1379281236809123,0.0513178906234772,0.0428510132290626,0.005338686578278,0.3380743455476888,0.0806550289147599
1273,0.0470304644022357,0.004286427800178,0.2176411940648352,0.0552935974628087,0.0742220903759601,0.0238964294333559,0.0309627592363066,0.0051572273801173,0.3367801223683881,0.0537204637415924
1274,0.048424059371382,0.0051379037441772,0.282211783934187,0.1632602537850128,0.1793684726886758,0.0435109254224655,0.0399067722082818,0.0051737288973712,0.3563643772309703,0.1598715183025906
1275,0.4518715410804852,0.0418492878937041,0.0001089378668038,8.317922566065069e-06,0.1691742726871614,0.0047008762279138,6.876403702563868e-05,1.884204841879553e-05,0.0003086141921856,0.0001558112278142
1276,0.4249901561123342,0.0481763722225432,0.0001550020918814,9.51816239953037e-06,0.2188464555526711,0.0033028284585469,4.968068824787969e-05,1.1278395745179377e-05,0.0003519509502588,0.0001317740365174
1277,0.0054002472776335,0.0040057496183629,0.193157771161786,0.1443257555171637,0.0127381498829373,0.0037675520142964,0.0126638822731638,0.0066263187757623,0.3900369758343072,0.224598301628455
1278,0.2794886959046557,0.0055410338647734,0.2228832245192721,0.0415967264681431,0.1285713662744211,0.0469418984665705,0.0247930335628761,0.00501931207939,0.3485856687982844,0.0413528751061802
1279,0.0192785870743315,0.0080037036373385,5.809426212520669,0.0882484602434319,4.067076199455443,0.0054803912225525,0.0597969978900526,0.0146720552885417,92.95027152009202,0.6091558562145845
1280,0.0056019262386079,0.0045822138964835,0.256049181513402,0.1122569851840038,0.0632001159908472,0.0214599700397999,0.0093427083335496,0.0053898134910158,0.3567988074809275,0.1053916203922063
1281,0.5323295926262575,0.0335469713241057,5.048762529816591e-05,6.485714123074527e-06,0.1419037025799635,0.0077052121338861,0.0001133107481521,4.232999552893077e-05,0.000348836387286,0.000200850642616
1282,0.0060775118030965,0.004672504652817,0.208805004836997,0.131919121789184,0.0430907847949949,0.0101454383288685,0.0159124926820347,0.0082614766046729,0.4678325230300971,0.3289154028966044
1283,0.0073477456293318,0.0055184801032364,0.2357633172974294,0.1087835809869263,0.2189743740292283,0.0331393113559082,0.0231341939697541,0.0104053830830789,0.5691037038037418,0.4380686260416886
1284,0.1790032366473372,0.0068910133569869,0.2332544610249909,0.020202661701971,0.0967112778351597,0.0383214366219999,0.0160443298856836,0.0053429017581729,0.3518164923700237,0.0201744127303873
1285,0.5315644672505339,0.0348591298823307,5.736538412133474e-05,6.576770682912712e-06,0.1433573230018821,0.0077834196176335,0.000114615070359,3.950537933819062e-05,0.0003306861957263,0.0001936311820704
1286,0.1303885012150454,0.0068584322331776,0.1849909560814335,0.0075534670311346,0.1576420942664691,0.0428313758414435,0.0085959433917618,0.0035614320485068,0.3863194143323012,0.0075319419080615
1287,0.44344022313818,0.0532224609484417,0.0001319796160994,8.03339442685437e-06,0.1891210246698139,0.0039917997690699,5.729286020402855e-05,2.0013197380424684e-05,0.0003005078900175,0.0001471154840367
1288,0.3859500475734893,0.0590119112283755,0.0001961209556022,1.069202690593417e-05,0.2558799098216017,0.0048336863325866,4.0734062952180185e-05,1.91278214098052e-05,0.0003779322523422,0.0001402575401869
1289,0.460923743198508,0.0432499527963504,9.697876580780993e-05,8.04778369315163e-06,0.1656772783328756,0.0049961204447492,8.347658756806098e-05,2.000455431234645e-05,0.0003690582863073,0.0001594051155181
1290,0.0049135319029975,0.0039495714410217,0.2320828725753516,0.1543058745079053,0.0374215596616844,0.0099557644450357,0.0101135674287106,0.0056901025566305,0.3396799613157323,0.1592158081174068
1291,0.4376366443517819,0.0458947843725799,0.0001373316308566,8.995111300804442e-06,0.1968238620636394,0.0038755095119882,5.533918077617359e-05,1.349363616908906e-05,0.0003395936240457,0.0001431935025369
1292,0.5077652922742797,0.0392815159973964,7.421841550423113e-05,6.800693343343405e-06,0.1556383084534851,0.0061957057288499,0.0001137026962504,2.7840351111377045e-05,0.0003827666259645,0.0001743608068214
1293,0.4067919349491363,0.0520450040169181,0.0001627247841988,9.799705580555144e-06,0.2309971692109664,0.0046864561503973,3.883353276173296e-05,1.7195169473817576e-05,0.0003535447446853,0.0001392108480048
1294,0.3903668445569902,0.055651443667872,0.0001864121218485,1.0463722549328129e-05,0.2534690989916013,0.0042720054761875,3.2428433890933736e-05,1.772128216726203e-05,0.0003574334627596,0.0001402393619321
1295,0.1440804236862683,0.006997013426346,0.1882300247216509,0.0097192546089284,0.1552706732222465,0.0582202645724815,0.0109702610330899,0.0040929112020414,0.3667884787504945,0.0096988454075466
1296,0.1537886662341666,0.0167615790636356,0.0013274234572145,0.0005113065599508,0.5022159631529418,0.0193099592460149,0.0001495846217428,3.5445904576884924e-05,0.0013965081673013,0.0005423644467599
1297,0.5352312001133894,0.0318057659411885,4.828771032464668e-05,6.310993509711005e-06,0.1350482734269345,0.0079638983191255,9.719347925647027e-05,4.608339777769829e-05,0.0003545456297399,0.0002058957255754
1298,0.4821162855650675,0.0405704888931557,8.287147616416645e-05,7.348077598144222e-06,0.160186697804267,0.0052300666150608,9.356124464041724e-05,2.1171769181004183e-05,0.000311972620372,0.0001608945716815
1299,0.1880987232630677,0.0075435228642601,0.2234313370726048,0.0494913991411447,0.0777515940713367,0.0269021252920154,0.0291995490160032,0.0062781774683489,0.3551783588480857,0.0491646298555623
1300,0.0129391235655757,0.0076079902226675,0.3032369856631293,0.0868821665821639,0.3164811396743328,0.0103464630296167,0.0442776584279423,0.0145876422116803,4.033328691810899,0.5900187779091628
1301,0.4189745808682719,0.0502680868164198,0.0001652812230198,9.51416593995296e-06,0.2245855873119659,0.0036023143709591,4.553334844885699e-05,1.2694321191909174e-05,0.0003540756654786,0.0001351342054758
1302,0.0046367273640475,0.0035931015583643,0.2000281344812923,0.0923434782382603,0.0613367417220881,0.0102978014988371,0.010030665641899,0.005496050444691,0.3483352635425449,0.1547941453344427
1303,0.5118929601203591,0.0402678992378521,6.405026347691754e-05,6.893902334581184e-06,0.1460814828711987,0.0061802931891289,0.0001353388622178,3.187819856257154e-05,0.0005101165228205,0.0001873188296534
1304,0.0145153764007983,0.0035028655462397,0.2862076031087037,0.0496196717070607,0.0829536025406451,0.0162996501284806,0.0175959579770985,0.0052330862219725,0.3426099238644339,0.0487403741768931
1305,0.3803905841233739,0.0593160979789169,0.0002474982384757,1.1847191398974429e-05,0.2767704399446498,0.0036203872398182,5.163034091824954e-05,1.4419676945705953e-05,0.0003730250640494,0.0001303462549229
1306,0.1542194530987688,0.00650411337098,0.1772498763358952,0.0081973567219588,0.1364973496773843,0.0636031680652745,0.007631839632073,0.0035323482831314,0.3831142515784604,0.0081592337366587
1307,0.0062833266109875,0.0039842964779666,0.2869675209280602,0.056930694235497,0.0862796381016302,0.0222286793806228,0.008634109750099,0.0049325666204201,0.3315157895759555,0.0526157232320967
1308,0.4490121519303342,0.0486783934685854,0.000124538995818,8.158223572013218e-06,0.1766811714583844,0.0043099004184978,6.414199669511753e-05,1.7241821841925463e-05,0.0003016324660905,0.0001430216263958
1309,0.0068343326192627,0.0047463766980513,0.1793373032405801,0.1490831698776569,0.036215469762792,0.0107322047504633,0.0108036690452711,0.0053974897388855,0.3509923293654516,0.1427347862147993
1310,0.0119961060267155,0.0074271241026683,0.2974308060611158,0.0873259942657803,0.3058486155692802,0.0131597270890743,0.0415486074577514,0.0143133354533382,2.582750359916392,0.5786654752850553
1311,0.4149025690728752,0.0559573306308576,0.0001710247082419,9.453625408961133e-06,0.2313851700164448,0.0033755788340049,4.2791272295345794e-05,1.375482066446073e-05,0.0003365365222173,0.0001335558192601
1312,0.0057630854233469,0.0043508795043772,0.2005063155551192,0.1427762241642451,0.0149308193618748,0.0048976013673366,0.0143377178850971,0.0074787916379618,0.4301766959502144,0.2816413667826237
1313,0.0054836901712525,0.0038487215668079,0.1838359086942208,0.1470803650782118,0.0216357892092323,0.005007899575247,0.0112511329163078,0.0056411221158162,0.3338821107653222,0.1817833123985418
1314,0.5014078510614643,0.0302432406323492,6.95734567504748e-05,8.106345246230464e-06,0.1518865309617806,0.0078058165336077,0.0001043277272478,3.495488504027629e-05,0.0002843698214607,0.0001821518474428
1315,0.4136049583684698,0.0575938310503218,0.0001509738089076,1.046396291001514e-05,0.219882245018347,0.004991235852089,4.629443267093242e-05,2.28278989561577e-05,0.0003449250734072,0.0001504541009377
1316,0.5147749696715327,0.0358994057230978,6.894186040088669e-05,7.018977374519945e-06,0.1517169158491679,0.0072132795281542,0.000110029917996,3.0698658770316614e-05,0.0003411666399581,0.000177384133695
1317,0.0048601289878857,0.0036238401826126,0.1865851031567067,0.1177545649698652,0.0587347317988728,0.0089729049373958,0.0111013754635452,0.0058906417826128,0.3725510124555392,0.1786417506562555
1318,0.472257384757776,0.03374812950298,9.022347922705136e-05,8.76935349783287e-06,0.1615602036333421,0.0067924861520688,8.854451866471886e-05,2.3521507671308733e-05,0.0002969186802366,0.0001606992805409
1319,0.454235571554562,0.0348672311859663,0.0001147353232611,8.791379320612848e-06,0.1670101899223875,0.0062109340637058,6.483917662529307e-05,2.84238497485665e-05,0.0002901107287437,0.0001657267831658
1320,0.039545650521575,0.0036115911473053,0.1866059847079714,0.0474736613190339,0.042249501045027,0.0279015543684346,0.0267384590566925,0.0047014152431477,0.3191997865764669,0.0456035673237749
1321,0.1295569905206531,0.0077189253684054,0.1996557264220516,0.0058379181023456,0.1423235888474989,0.0595549132587338,0.008008352859701,0.0035621651452693,0.4224116947630432,0.0058194212697285
1322,0.4453026508221517,0.0489565485011705,0.000112912682572,8.09030925866826e-06,0.1659761581934268,0.0036223246834391,6.636301261261644e-05,1.534022406529525e-05,0.0003165294487428,0.0001468656292408
1323,0.4661140665032098,0.0355947173055284,0.0001047677777836,8.617183343638422e-06,0.1663313789620527,0.0059064826997263,7.922012746444165e-05,2.154620575995604e-05,0.0003026069929925,0.0001560114357559
1324,0.0062338358539212,0.0047768529619109,0.2112246076933724,0.1315395103990554,0.0481889539425341,0.0092186794397024,0.0164580982418122,0.0084838889300826,0.4789126443452494,0.3425216552662948
1325,0.4490063609929773,0.0792345421883777,0.0001109511691095,9.868168106216548e-06,0.1645947086518392,0.0063289442123841,0.000169244721636,2.442420299506112e-05,0.0006167606546663,0.0001709666279305
1326,0.1147083763099592,0.0049533309261993,0.1807068150596805,0.0145169520369546,0.0589742286816147,0.0116601303731712,0.0113270370656445,0.00479690039284,0.3287224367094673,0.0144411826043039
1327,0.4722413745823871,0.0413842417177187,8.85511753709883e-05,8.0141059807815e-06,0.1611492988224708,0.0051647349749043,8.571258106719209e-05,2.0110083047813796e-05,0.0003074147555557,0.000160912979289
1328,0.4834946317449877,0.0316047097978046,9.235555439759962e-05,9.026999822299117e-06,0.1646857313327393,0.0071939229180693,9.077632610369265e-05,2.4268867371599697e-05,0.0003099420529574,0.0001619094189983
1329,0.0987829268623453,0.0048384380756785,0.2080763576172863,0.044557096874935,0.1158340540680631,0.0409153185161939,0.0306081775098937,0.0052505338009654,0.3160968905991111,0.0442746979830776
1330,0.0051243139663268,0.0040093156785077,0.1915751183058925,0.1454960526831409,0.0194381816783901,0.0049627706190908,0.0118642993786543,0.0064159111123515,0.3767778677088394,0.2222988461354769
1331,0.3984630470570095,0.0632658518896921,0.0002033607313975,1.0107191799671468e-05,0.2517576910928153,0.002687917060385,3.5213513966040514e-05,1.1541816789103484e-05,0.0003448738996234,0.0001266673842753
1332,0.528029483527364,0.0419806780177959,4.588198450059966e-05,8.570775293350347e-06,0.1394056417745128,0.009403625169726,0.0001365362940518,4.278135857258627e-05,0.0005532270900119,0.0002106463127314
1333,0.4191135884619372,0.0051747131229299,0.175320391560621,0.0105702575641901,0.1129067083849069,0.0401243074511523,0.0076980761521203,0.0038850486098493,0.3495778443402318,0.0105331198620192
1334,0.0182472877239785,0.007448300890317,5.866830172646663,0.0891796564760279,4.113006570961088,0.0060209361036573,0.0562285506707478,0.0138632677223368,90.12029043887172,0.5882070736846108
1335,0.0183894177760617,0.0074338315184308,6.992768533804422,0.0890345023025404,4.947497412333005,0.0059960081497449,0.0565111826280458,0.0137917643449664,104.07357923130049,0.5863665193750461
1336,0.0055551078231104,0.0041603262978483,0.1956463604586786,0.1442325552750005,0.0156774322811542,0.0046042359708838,0.0134599755170512,0.0069987437456938,0.4020817477115554,0.2550023216263367
1337,0.3816434691181344,0.0674230836735717,0.0002473624590404,1.1672747618007649e-05,0.2708111890939839,0.0033291013657461,3.29032653962286e-05,1.327734434247194e-05,0.000340279090091,0.0001226874270919
1338,0.4872018362891741,0.0363127107418798,7.804647412343756e-05,7.69807923629609e-06,0.1597410772217388,0.0076633677457858,9.156445548227187e-05,3.247792841043689e-05,0.0003169806845,0.000175085907771
1339,0.4786571921021049,0.0336386152893798,8.487139599056802e-05,8.30660863617978e-06,0.1614858534038039,0.0059964586464539,9.109917190805904e-05,2.219892794975094e-05,0.0003425044010059,0.0001634682221712
1340,0.0050931920326464,0.0039122569072026,0.1884016479569396,0.1466050528186787,0.0158947543534003,0.0040967303199722,0.0115100826255635,0.0061674312114314,0.3688810941891454,0.2016313330596569
1341,0.8714207346260069,0.0214405235701528,0.0090391920598141,0.0031260582590648,0.2847293822732978,0.0208000733614047,0.0020005267319404,0.0003281567390417,0.009104893912705,0.0031051372160393
1342,0.5193821124867086,0.0377623629469288,6.575696472043587e-05,6.409958676398965e-06,0.1482884475262637,0.0064493271873646,0.0001169752586311,3.308960252744206e-05,0.0003515436392861,0.0001833538211463
1343,0.4697801663700554,0.0427743956499791,9.028733446380307e-05,7.623369104383777e-06,0.1631382466491609,0.0052146510656154,8.254831231773699e-05,2.1752263279885805e-05,0.0002848486649699,0.0001571403352347
1344,0.0059429796862895,0.0038852823773581,0.185885552518129,0.1419304416400336,0.0192392009965489,0.0043502424689066,0.0129094782092371,0.0060797967618317,0.3591201127702227,0.2086344421888842
1345,0.0047215788227032,0.0035731699443632,0.2193899907260427,0.1535695511348536,0.2015488720718363,0.0878508125969421,0.0106762766785926,0.0057736109221879,0.3706776040256517,0.1661813709678826
1346,0.460843302058198,0.0452165962055844,0.0001093028493391,7.764517342899696e-06,0.1647275139761204,0.005531104787382,7.222693888249402e-05,2.6181225724542057e-05,0.0002900256458338,0.0001631251752201
1347,0.0060418305676309,0.0046992523049085,0.4002979714568101,0.2217125503294415,0.2566820203393629,0.085949203271427,0.0091146823235797,0.0051830295744205,0.3703866202554079,0.1699015396695903
1348,0.4629020383736015,0.04701256701669,0.0001070550654638,7.54863552495608e-06,0.1681558067872849,0.0043880056386267,6.987345317727805e-05,2.1385139420223497e-05,0.000295910298967,0.0001514932438398
1349,0.4942986127432733,0.0394770599674992,8.358359677313577e-05,7.061716472038261e-06,0.1601245544849829,0.0060603337085575,9.839912896853936e-05,2.9050220586577448e-05,0.0002659203100638,0.0001684217668014
1350,0.0602276635314424,0.004899503623208,0.1889731239682117,0.0109606218768733,0.0671740352421195,0.015322030768596,0.0149775049718836,0.0047162331972055,0.3496364930439223,0.0110300757888777
1351,0.5510002159034392,0.0305104420989465,3.7867828182822846e-05,7.077253443403012e-06,0.1289981133594202,0.0119640183304391,0.0001665524245664,6.18099725030535e-05,0.0005521886484178,0.0002329287260245
1352,0.4278612564785129,0.0366794219162502,0.0001309052338087,9.8855124554336e-06,0.1940993478168602,0.00455350180708,5.329504113726809e-05,1.3674899394749936e-05,0.0003366729921001,0.0001439674859178
1353,0.4165582856863772,0.0595495446528895,0.0001698855611716,9.039792799814072e-06,0.2286044380351768,0.0036961258330283,4.286247877628698e-05,1.757241232213902e-05,0.0003429208372249,0.0001399924332881
1354,0.5136625875938966,0.0364854748202339,6.042760638958576e-05,8.257068170548344e-06,0.1444496654533397,0.0079599957487957,0.000108999845083,3.4487281632659336e-05,0.0004550626641061,0.000192375134524
1355,0.005269317821748,0.0039178819779975,0.1882496879389078,0.1327885668588537,0.0154974771597682,0.0043231691355738,0.0119561724197642,0.0062296456696774,0.3693315230168683,0.2055852674101989
1356,0.0613428465565272,0.0046761702656949,0.1861647425752299,0.0145312985101583,0.0342236409012608,0.021054418929755,0.0149553108340692,0.004584429555386,0.3537376182606725,0.0142662836970127
1357,0.4825717420311063,0.0441824206351744,9.276454757315457e-05,7.109815486866412e-06,0.1631388774549409,0.0048769059472614,8.817123004033955e-05,2.436932360456517e-05,0.0002868612576034,0.0001660582386285
1358,0.5471731235327547,0.0320035256649742,3.89944936860387e-05,6.383352044912585e-06,0.1264271557591783,0.0088021273889786,0.0001085644093375,5.466456329700201e-05,0.0004193581903737,0.0002251515941187
1359,0.0048014419686798,0.0036613166754478,0.2234270917169176,0.1441071317901477,0.0240801368387176,0.0053724037965093,0.0099790207440634,0.0054108075414967,0.3299706146705688,0.1663553343428344
1360,0.0063383258864107,0.005533751561466,0.2218084844786927,0.0689261759347014,0.0731275180743408,0.0261917056279654,0.0084560060737147,0.0053721271636506,0.3820322772110806,0.0741507460931478
1361,0.4617856310623895,0.0422627241823181,9.833210760394544e-05,7.923277953341697e-06,0.1648448864776251,0.0053881145840887,7.602944466477665e-05,2.0918657649848216e-05,0.0003222153925122,0.0001572988017611
1362,0.1142830283471572,0.0069363952041836,0.1920610707885617,0.0152597310148359,0.0723050845994113,0.0246633504926545,0.0095516206798093,0.0054230347897298,0.3907054555454538,0.0152398720252536
1363,0.1311670936937043,0.0254834948008071,0.0001062209410753,3.119176818236577e-05,0.3210031970883374,0.0121923221358141,4.68409657441457e-05,1.2348594073842388e-05,0.0003573324858391,0.0001898984904704
1364,0.0073958980862619,0.0039492730354109,0.1893310597310371,0.0325770000863566,0.0802278080486152,0.0173125081323568,0.0107210304022295,0.0053155718695525,0.3386977524160355,0.0299550116632924
1365,0.4145048952811728,0.0059877247022781,0.1797158466066991,0.0150135008225844,0.1229052696953953,0.0499303792169995,0.0096638736015875,0.0046130158123048,0.3649662249083749,0.014979777162563
1366,0.1188198988132203,0.02606209269951,0.0005328434770113,0.0001307574246347,0.4660253879449004,0.0160583929406363,4.970279413025535e-05,1.2126386774193e-05,0.0006938494372233,0.0001962026399658
1367,0.0051658873308133,0.0039712897674474,0.1878356674159597,0.1153198906870043,0.0371827698669193,0.006435262687068,0.0112298072328245,0.006007051278795,0.3523674898555874,0.1746471520519641
1368,0.0289453525532868,0.0009838253326068,0.0142130476531611,0.005540256668192,0.3317067537282993,0.0071580610983213,0.0003189835575465,2.504584309782561e-05,0.0140563420388328,0.0055207967752766
1369,0.0855453105102764,0.0056262147533376,0.1992211981477451,0.0208433520015367,0.0938883701963503,0.0309950784373393,0.0200686296049036,0.0055629122527587,0.3559673473161441,0.0208643256640092
1370,0.1985984305805058,0.0212354198977593,0.000104347976224,2.647100147473784e-05,0.4793253295641009,0.0068350260384512,2.3611471978779933e-05,7.8572497252402e-06,0.0003869368510878,0.0001742550277143
1371,0.4216098582609291,0.0434310137226316,0.0001389681707996,9.97506678801121e-06,0.2041095178181463,0.0051676763759523,9.282275646033232e-05,1.7391217283068396e-05,0.0004386848929128,0.000152846397967
1372,0.1485533327480968,0.0059993264861659,0.2305379423922654,0.0182367023699023,0.122443093316086,0.051107485170642,0.0110349813514916,0.0047818649905555,0.3814534603536311,0.0183129882604908
1373,0.4921805452765179,0.0394484315939727,8.560062074068122e-05,7.533966039325437e-06,0.1609876504625609,0.0058695341013506,9.817422035776095e-05,2.2016391970885007e-05,0.0003380725620533,0.0001634418625953
1374,0.0052561186532056,0.0038380016031749,0.1857712083628321,0.1459758967834148,0.016620524159449,0.0037924825791412,0.011880141480501,0.0061470273111964,0.3713545975363848,0.2104638519691235
1375,0.0837953757823603,0.0054065371742238,0.2143469376805531,0.0679476847086017,0.1152654679881718,0.0373122754907761,0.0376536438702656,0.0054386135828469,0.360521217617219,0.067066540261805
1376,0.0057829012135297,0.0040408206685797,0.1890825449006578,0.146409858342463,0.0139295227216983,0.0038858190058162,0.0132361554391498,0.0065332151322271,0.3780812235997245,0.2289108981781364
1377,0.4917002580177083,0.0423895999330913,8.69618346114701e-05,6.983033643071753e-06,0.1617255619318119,0.0055491981362948,9.137927579385368e-05,2.7535456229552424e-05,0.0002591719989796,0.0001693901156283
1378,0.0050298337578193,0.0038969466276924,0.1884402106392271,0.1405129166898301,0.0221176605038213,0.0043088125396377,0.0114620339080997,0.0061886424861192,0.3685321434735958,0.2124377556959438
1379,0.5440532368970775,0.0295967822068868,4.056635001409304e-05,6.278508256611723e-06,0.1269143331069073,0.0089542312939854,0.0001285640021686,6.214552280196906e-05,0.0004165604222221,0.000237730871025
1380,0.0700684979688428,0.0127396481208245,0.0010277465462409,0.0004767543055545,0.2837534395343677,0.0135468574578248,8.272586751717442e-05,2.699665279948978e-05,0.0009832223046452,0.0005052106818799
1381,0.0060322257037994,0.0040802953729938,0.1904700125343342,0.1470761525713124,0.0155817549408287,0.0045032769081533,0.0138586275669649,0.0066066978989448,0.3800288626052466,0.2409713925541401
1382,0.4703927413212932,0.0387214673975905,9.545439175581366e-05,7.804228802009498e-06,0.1640602794399593,0.0050443720738779,7.954032134139071e-05,2.2984277388647143e-05,0.0002970589883672,0.0001600453112317
1383,0.5127457130436159,0.0371793462735873,7.001000365672168e-05,6.723439867546259e-06,0.1521326926035895,0.0063230449746277,0.0001120527382916,2.950236828127461e-05,0.0003418242113306,0.0001767806722372
1384,0.4409389788357812,0.0322104002649121,0.0001299020856495,1.016617228908304e-05,0.18425051083561,0.0049508273304437,6.212664228735105e-05,1.4923927237163305e-05,0.0003097033054888,0.0001417513784557
1385,0.4540989327567233,0.0407184402408763,0.0001191940654598,8.534648608004352e-06,0.1714949485351251,0.0051723067225913,6.676851155642767e-05,2.037070655410713e-05,0.0002944807353645,0.0001536146575281
1386,0.0837651694142884,0.0050203485887772,0.2006599552828021,0.0576820724644097,0.0882211226743874,0.028596323503665,0.037025814264686,0.0057187086716651,0.3299762306607845,0.0567749410094455
1387,0.4164659989990722,0.0526178027665168,0.0001515924752132,9.031820942708588e-06,0.2218717523315244,0.004243891990704,4.431419483757252e-05,1.8511322299308176e-05,0.0003476427351674,0.0001482163236317
1388,0.4902485217712938,0.0318137758733225,8.705207112849779e-05,8.185421006473705e-06,0.1611124885976953,0.0066579825919641,9.44203516966324e-05,2.5266240424956035e-05,0.0003185739546245,0.0001637923548463
1389,0.2043253834279881,0.0055114503357531,0.1739046081191606,0.0083978631145811,0.1507793000967042,0.0639182091117574,0.0073291548325369,0.0036631174144961,0.3409316519818243,0.0083851690873464
1390,0.1962135692561277,0.0069404113415432,0.2767845260481488,0.011482905689669,0.1569021346126755,0.0685682376640226,0.0110912676225648,0.0042134324521952,0.3817124819441428,0.011447119111876
1391,0.3020826340414391,0.0054498624696148,0.2335999600498062,0.0140691215523201,0.1149696579391974,0.0307033788402749,0.0079442238082529,0.0040545200480088,0.3557811963211182,0.0140085732205913
1392,0.0049909633621773,0.0038429175946335,0.1901166895428045,0.1251646806379547,0.0447550236931512,0.0063609842754047,0.0112067001152931,0.0060765131241423,0.3673314648415306,0.1939308210931791
1393,0.3579187148099271,0.0063233265775494,0.1827520301481808,0.0175214306188438,0.1054556455978288,0.0411435345694144,0.012596121310592,0.0054031976394301,0.342655859479525,0.0175285729735677
1394,0.5435442905163919,0.0319881482743969,4.807348555731123e-05,6.518187061896831e-06,0.1375902759746445,0.0097630936853202,0.0001243624437252,5.2797341112853787e-05,0.000458525738101,0.0002167623262182
1395,0.5047768048490364,0.0271973064830771,7.146828666599258e-05,8.346772993144682e-06,0.1524435891205626,0.0076681113189021,0.0001045015444898,3.498556591897688e-05,0.0002728702319021,0.0001846266863206
1396,0.0319359628501396,0.0045680146322472,0.2628589492117017,0.128024938827349,0.1091381276814723,0.0281648187624762,0.0315739786597905,0.0053763593537195,0.3424882586957748,0.1222189939600081
1397,0.0053893403196182,0.0040482434103944,0.1831351994887849,0.1511715739972424,0.0223489018028166,0.0048661836694504,0.0108554326647982,0.0057271209332546,0.3318215969911086,0.1838125244467938
1398,0.418644898991731,0.0562849391585041,0.0001661824537576,9.24630890469628e-06,0.2272248914255427,0.0040181316421696,5.464071287171115e-05,1.8095001256548975e-05,0.0003464265747496,0.0001433005250037
1399,0.0174525328920214,0.0072128801436572,5.948144355659744,0.0892252201262562,4.142383971725778,0.0067989541907868,0.0538783467540448,0.0135253485934998,93.65657417893492,0.5771878549153294
1400,0.4403666874007143,0.0540508531322017,0.0001316153682769,8.249547249251252e-06,0.1882187676449876,0.0035124980867292,5.531763177511887e-05,1.590993573851852e-05,0.0003221008670608,0.0001445013951022
1401,0.4368740552043192,0.006908010174802,0.1916675442959467,0.0145514361162736,0.1166972313875693,0.046052316039914,0.0108326244340901,0.0050173039374556,0.3690333355423322,0.014544732915762
1402,0.1312506606821742,0.0051817319319652,0.1967111404832009,0.0087134359241613,0.0825073242702527,0.0169437010572702,0.0086179578263137,0.0045525233437159,0.32982692975228,0.0087481738377336
1403,0.4743382316570621,0.0426387450891092,9.812648347660227e-05,7.432801225649927e-06,0.165005171599388,0.0042044171792502,8.475214831655385e-05,1.885880635170781e-05,0.000307739038629,0.0001545470879491
1404,0.0052575490797062,0.0039775692561501,0.1840416900895699,0.1498730353586912,0.0210915831286514,0.0047063086489841,0.0108287234878339,0.0057541116203887,0.3412650802585011,0.1840549254352036
1405,0.5369436073467938,0.0334472984222026,4.7772124735110894e-05,6.568674307564893e-06,0.1370133355500776,0.0082150131334472,0.0001051716489648,4.3853244978480496e-05,0.0003688475006261,0.0002017030236118
1406,0.4623746920779126,0.0415751974240449,9.575263050792585e-05,7.780172010347438e-06,0.1637925367510353,0.0048977359372263,7.991585902586994e-05,2.1419552462988225e-05,0.0002874728796923,0.0001559804181163
1407,0.5295041117425076,0.0335836166845649,5.822588259512567e-05,6.830976376535914e-06,0.1423814788377487,0.0081522094582317,0.0001081034410815,3.883989565025868e-05,0.0003433667312856,0.0001960970981174
1408,0.509565235525167,0.0360544743763728,7.095504253817567e-05,7.247153456522966e-06,0.1502302686870648,0.0068491818153734,0.0001075984769513,2.8275436120644728e-05,0.0003238848626788,0.0001780587639773
1409,0.0056184704740206,0.0040089240872985,0.1881826169281303,0.1495668318172472,0.0194058150068027,0.0040717974071646,0.0123832634596798,0.006176919437857,0.3629413879292744,0.2117328418766182
1410,0.0046319132694203,0.003539190585801,0.1860975628966706,0.1091696187816369,0.0563638304622328,0.0102936321308869,0.0104825886871954,0.0056387931220469,0.3595383771851565,0.1388473771070859
1411,0.0073749030299647,0.0055254151341777,0.2337898544977608,0.1078624413464315,0.2216276874737459,0.0381606494730611,0.0232257116456781,0.0104444820581113,0.5727731073175933,0.4386122312372212
1412,0.0050523960179349,0.003930536652952,0.1913906541521653,0.1377038772606835,0.0156285559470789,0.0044529523157782,0.0117832305413486,0.0063560836718096,0.3769466365448273,0.2131548732531386
1413,0.4660056133347223,0.0455999848921364,0.0001056745401413,7.59675979773136e-06,0.1669384272416849,0.0043091392911933,7.935260963660645e-05,1.8726753328676674e-05,0.0002952973896667,0.0001537584398617
1414,0.0148148240887158,0.0079221285137045,0.6064096383136574,0.086321837730009,0.3241110565845275,0.0073979056571075,0.0494414489755994,0.0149811321956624,9.271970014692243,0.6070644814518231
1415,0.018271031509113,0.0074791680621479,4.900612109086013,0.0890536105409644,3.390697124402962,0.00586819783342,0.05629079967384,0.0138632085124161,78.56106991978004,0.5885989930985038
1416,0.0164372707877913,0.0081094982248774,0.9547766604384458,0.0864169087372872,0.4155780956981691,0.0062556699912504,0.0536238654098364,0.0151613736137115,17.547277021410938,0.6154850486600215
1417,0.0065649107083857,0.0050673439854932,0.2205386304744627,0.1200905620123319,0.1207039473568578,0.0266028786148898,0.0183414482362653,0.0093059630209708,0.5277003926571746,0.3754442722195042
1418,0.0189943585238312,0.0081105557269484,3.443900162983252,0.0879523742263868,2.2909305306338466,0.0054542952269483,0.0593324785873891,0.0148413070354811,59.2510438312814,0.61290228292003
1419,0.0184080708113456,0.0081689777248795,2.831106755473536,0.0875262111507596,1.814628283996416,0.0056052286468623,0.0582138728753894,0.0150582726529388,47.56996128225629,0.6169940762646073
1420,0.0093047903801347,0.0064716857621786,0.2673695428089356,0.0937089161725426,0.2649497295741439,0.0285967419922668,0.0324895085564902,0.0125731785899795,0.9518617242460587,0.5199143946115347
1421,0.0076007697771434,0.0056904771012398,0.2418214081357581,0.1051360683972769,0.2303945423967647,0.0395181885783458,0.0247005390662359,0.0108575665790131,0.5884020509899961,0.4535001309406786
1422,0.0091487004289173,0.0064934095864567,0.2678229939140378,0.0935034387738549,0.2633219470302866,0.0324474755040823,0.032233924701938,0.0126597129569206,0.866480736211373,0.5187454518524925
1423,0.477144364356701,0.0409305975708453,9.683052690047142e-05,7.586753633634596e-06,0.1651101177661667,0.0053661952913088,8.943777172995291e-05,2.276185476555939e-05,0.0003131980657359,0.0001625799203947
1424,0.3403893643691819,0.0055582900482243,0.184582950791791,0.0125328161687248,0.1055025793704458,0.0400597070120431,0.0089788360018732,0.004596202225853,0.3577323777760343,0.0125132343565665
1425,0.0078539080076324,0.0058282178921259,0.2474947378013757,0.1015471964861307,0.2335571697809236,0.0438953133568675,0.0260682720814185,0.0112066228696851,0.6003844202301213,0.4660986263653648
1426,0.0057888452370614,0.0043990635735052,0.2030776769168484,0.139490338272943,0.0231656508044939,0.0065137964115177,0.0145865956185959,0.0076284107415793,0.4316503293251681,0.2925529093754661
1427,0.0184921761815658,0.0075177559474913,6.075090322132938,0.089065130161309,4.271339105474435,0.0058649900704431,0.0569374795049159,0.0139462610231192,94.76377507287336,0.5908279877315421
1428,0.0306099210807495,0.0040921125792176,0.1859333785415056,0.0232042508862214,0.0994899761237817,0.0202449627646704,0.0210891436326288,0.005133683330234,0.3468196248221996,0.0227206792395816
1429,0.0184696998173736,0.0080998046303044,2.934443444874808,0.0878009735057257,1.8983129242617205,0.0055586824613206,0.0581413311795724,0.0149018884191748,48.4573373239805,0.6136534794022779
1430,0.5348183395570507,0.0343265221794691,5.499188446949596e-05,6.340406491553606e-06,0.1423439843075153,0.0077973229658735,0.0001136298300252,3.967182075015111e-05,0.0004144022902968,0.0001939254201816
1431,0.0080144631328156,0.0059582588151208,0.2517658808367508,0.1000572603348966,0.2409514758396501,0.0419646446693404,0.0273597275971172,0.0115086033535046,0.6178100469550825,0.4783567605918242
1432,0.5324357462713121,0.0351084170559567,5.695028571800248e-05,6.245419981607222e-06,0.1434015127924848,0.0072770660611935,0.0001147514677683,4.106922530429588e-05,0.0003186732502754,0.000195032280695
1433,0.0190909938482019,0.0077362238849221,5.29931259900658,0.0888504591160038,3.71087363321136,0.0056026344908868,0.0587893528967294,0.0142613669321455,94.31638765074956,0.5992720581978168
1434,0.0072570075594434,0.0054718963282741,0.2342823450036395,0.1103964741388135,0.2108966956780103,0.0349819140908034,0.0223949287409326,0.0103191494804713,0.5649924742916559,0.431212946425995
1435,0.5107531642272488,0.0361481666996089,7.080415680734115e-05,7.013891866040274e-06,0.1518151871776462,0.0069322644970944,0.0001123004146873,2.993299798817877e-05,0.000344339300201,0.0001766712736859
1436,0.0191747615034788,0.0078273957191288,4.956785493441261,0.0886853602662895,3.451009884286693,0.0055140955926363,0.0591513523584947,0.014384498290275,87.74041281886836,0.602448620658485
1437,0.4154439364014287,0.0501016577220421,0.0001536526972277,9.50555872136048e-06,0.2213978840484166,0.0038066751697102,7.344881787881492e-05,1.4077186046071758e-05,0.0003443928962067,0.0001412685114162
1438,0.012558437289938,0.0074891214770063,0.3581059448458755,0.0872390478348735,0.3091494784249445,0.0112454722668332,0.0430719275827618,0.0143869107871913,3.916234634314072,0.5839864602914657
1439,0.0151798306885412,0.0080106884382926,0.6767398431606605,0.08652578259585,0.3344509615508827,0.0071956614836733,0.0505400962405107,0.0151729042190649,10.913409932912575,0.6128728095513573
1440,0.0176953866501471,0.0081710352800906,2.045096261631324,0.0870503026236084,1.223852608271791,0.00576883181807,0.0566089816960039,0.0151342898817472,32.844753229329086,0.6175407945246353
1441,0.0130323044777618,0.0075835540509472,0.3042988908973053,0.0868966679099499,0.3121516839990804,0.009814349171665,0.0444134976459558,0.0144959890751412,4.303241601831855,0.5887606613842653
1442,0.0262020206563734,0.0036188778750124,0.1823328877596254,0.0288139875511211,0.0422364526603462,0.0235688315578209,0.0186847232007335,0.0046834578761744,0.3217558880461049,0.0274444832140812
1443,0.0189540440109465,0.0077854075752596,4.616077308096847,0.0886143202073478,3.1893981688093818,0.0055531826071517,0.0585380932966532,0.0143206876905204,79.02016943996071,0.6007876705009583
1444,0.0101342749192003,0.0068326740937984,0.2810124716654434,0.0904533498834235,0.2786338746720456,0.0238957397393739,0.035509084544039,0.0132857509376725,1.209150351794345,0.5417947493226503
1445,0.0075414333663362,0.0056357002185536,0.2381582329181639,0.1055824014180168,0.2241013375527435,0.0382672336614598,0.024202136467387,0.0106935798530771,0.5828832453275675,0.4485371077509923
1446,0.4505815116479496,0.0412723084772512,0.0001092651370511,8.251873574311533e-06,0.1673484922256304,0.0050543546189278,7.018187164716433e-05,2.1142993969226e-05,0.0002954498059957,0.0001557834311027
1447,0.0190884880198573,0.0080426141133189,4.092502631149117,0.0880945425553693,2.7799943388268336,0.005471287870072,0.0594107997915349,0.0147274119404116,70.17682558589563,0.6102189218098629
1448,0.007846188930732,0.0058387056469018,0.2477974597730764,0.101930722168003,0.2375123258336214,0.0401695892577911,0.0263273765363865,0.0112339218915874,0.6031185677031677,0.4689189071148756
1449,0.0087327171116676,0.0062574402847497,0.2630336788207562,0.096181084391576,0.2573223043214914,0.0336104874098346,0.0304700247092397,0.0121629291055155,0.7887384864087721,0.5052597743161744
1450,0.0053765195913483,0.0040650805300545,0.191902056578356,0.1458263123170082,0.0140463540249041,0.0040984540363244,0.0126586456733451,0.0066233135252417,0.3851754234653603,0.2434068509270859
1451,0.0126574172081584,0.0075376178735963,0.3234215425806063,0.0872215714624134,0.3146642707470642,0.011202234646269,0.0434741674323183,0.0145217257538705,4.00525476107318,0.5872755053457217
1452,0.0058242653721031,0.0044651968175322,0.2048024710532261,0.1375262290233009,0.027486721568012,0.008017401302346,0.0148481461705113,0.0077951664785466,0.4439490534357179,0.2981331744280433
1453,0.006109085077343,0.0047262697811277,0.2115819254423174,0.1310320161942376,0.0530871190718172,0.0115856554415342,0.0162464440498652,0.0084188238447454,0.4832806976186201,0.3360986278840931
1454,0.0076308461959297,0.0056996290678775,0.2418069328385588,0.1050042893721644,0.2261668123255172,0.045339803344093,0.0245494735047779,0.0109154289579138,0.595243378040779,0.4509094657144082
1455,0.0052128016254192,0.0038124502359438,0.1872935167362425,0.1435361226148685,0.0156848307368469,0.0040042171237085,0.0118058434799156,0.0061310635422927,0.3663995821013244,0.2094902759813574
1456,0.0082076373032134,0.0060856761573022,0.2526688676706996,0.0978660173836699,0.2460384707938833,0.0385782405121267,0.0285799238311083,0.0117510932012434,0.6266900257168802,0.4887164563550473
1457,0.0066182234791682,0.0050693577984177,0.2227375814226505,0.1193114473318778,0.1252469789000777,0.026121873420087,0.0185755697838967,0.0093307147333187,0.5346159647437834,0.3842391763737852
1458,0.0121243696405331,0.0073752418349311,0.2947278119722872,0.0875827442271082,0.3037200402281715,0.0123289045765756,0.0417503324691335,0.0142091735719529,3.0301178161021003,0.577265254301913
1459,0.0057603329963305,0.0043910467277183,0.2037308880022945,0.1388732179240954,0.0257475811731382,0.0071407928207382,0.014473680583232,0.0075902910224501,0.4304568437369968,0.286342305714081
1460,0.0065185212699717,0.0050233242683255,0.2188516289293199,0.1218011368370884,0.0957844450735329,0.0184679789343296,0.0180140846478605,0.0090963970857706,0.5080715021836512,0.3741703397812995
1461,0.0054387797859443,0.0039354573616334,0.1898321165180533,0.1452456571011883,0.0153328648912096,0.0037645507534273,0.0123077689134515,0.0063190177009552,0.3735482237570151,0.2095732565992182
1462,0.537125617576425,0.0307047454855189,5.3148239787954514e-05,6.8919098138135946e-06,0.1404217734595372,0.0098398659070859,0.0001479629679396,5.627249038610476e-05,0.0004748380569582,0.0002224965458227
1463,0.011168023990818,0.0072110817433225,0.2914415221699203,0.088252206138774,0.2956797486523321,0.0172980107580285,0.0390062864913389,0.0139719343415518,1.7687435550308093,0.5641078962491446
1464,0.0066621048086254,0.0051272678701107,0.2233650718997808,0.1194029230125205,0.1322220632395906,0.0264925486171798,0.0187344178469867,0.009429858180617,0.5347960362933908,0.3852813458242115
1465,0.0188627291531804,0.0081345823334284,3.745471795554769,0.0878026546363159,2.505630219870344,0.0055202766872857,0.0591499749053909,0.0149425428877519,62.90400602855564,0.6149667368717425
1466,0.5054991888529015,0.0392681521306101,7.549843677249017e-05,6.529527542180397e-06,0.1549209428442474,0.0053225023290146,0.0001073835913963,2.989142530437068e-05,0.0002972126141378,0.0001777070373144
1467,0.0067931064442579,0.0052003500420067,0.2253494180356742,0.1175461526836467,0.1572992979807986,0.0283302713111685,0.0195086583420918,0.0096358533461947,0.5428369142405824,0.3972266554760849
1468,0.0214435926886889,0.0034028852454272,0.1805329671583104,0.0245799948038688,0.0388552626102694,0.0245097010972522,0.0172098449277825,0.0045211475422979,0.3176237519886423,0.0232613315318581
1469,0.0120426710891941,0.0073305452531754,0.2929182542175547,0.0881430810378841,0.3042997735610753,0.012684254709893,0.0414218213884127,0.0141444434474558,3.052546434484315,0.5756412786218521
1470,0.0059075429159006,0.0045070109557372,0.2048126884043082,0.1373591417498446,0.0282087321982113,0.0076865293891428,0.0150981878556832,0.0078752130889515,0.4471693069386823,0.3049740350194979
1471,0.0470412204292204,0.0038419028133567,0.1798069764556726,0.0184961119302272,0.0540905682585238,0.0198271645365489,0.0213319301428857,0.0045562091178253,0.3131457860184438,0.0181958001043622
1472,0.0058255901892346,0.0045596830165833,0.2095734577689521,0.133869944792603,0.0437658434958245,0.0124185790553134,0.0153261893782516,0.0081058328356751,0.4715221070136928,0.3085479413857288
1473,0.0070531587114913,0.0053605027002592,0.2291286201314452,0.1135720603565667,0.1931959161581277,0.0355243729353034,0.0210841207705985,0.0100632765115938,0.5623495264900471,0.4156609858768803
1474,0.0152715534269277,0.0079375412972619,0.6094074861634056,0.0866315510616076,0.3213191599593065,0.0068184262231954,0.0504870991981328,0.0149376080821835,10.40066978892571,0.6076777471455544
1475,0.461613987390334,0.043028627928886,9.786768766477312e-05,7.67800475484576e-06,0.163593335371379,0.0046960983840032,8.023935390453394e-05,2.066293724658809e-05,0.0002974433190344,0.0001594975652283
1476,0.0068323828545791,0.0052112271033747,0.224139365199363,0.1158350315683221,0.1472634857980551,0.0260789594177262,0.0195321216190172,0.0095620648709511,0.5300995005002588,0.3973589305244204
1477,0.0511328023354262,0.0046449220999424,0.1977120108937343,0.0186081153845297,0.0983268108855028,0.0378081906875752,0.0182023969497553,0.0054316904151324,0.3328981661200193,0.018775392447489
1478,0.0059123097467091,0.0044833479004413,0.2041039693917033,0.1388717799529827,0.0284808115902974,0.0069061060725923,0.0150101464805929,0.0078012170435757,0.4429100888036111,0.3027560957408729
1479,0.0055090434839384,0.0043065443961017,0.2042774393028304,0.1375214463160545,0.029659721467061,0.0091399391365419,0.013991803201892,0.0075706531384823,0.4478055070063517,0.2742785998684106
1480,0.4028191441218991,0.0526984131326914,0.0001684021321956,9.730765670128196e-06,0.2347936946260958,0.0038972232886232,4.115451802051482e-05,1.5118866808619982e-05,0.0003673458914984,0.0001397468834333
1481,0.5187504132821843,0.0328254519198094,6.143471426714988e-05,7.299291755857751e-06,0.1464773679465086,0.0086073291080977,0.0001108256583711,3.80130019651057e-05,0.0003554447286611,0.0001922984550196
1482,0.005934910947177,0.004576907473081,0.2090685085712967,0.1363006601950447,0.0377420726873357,0.0090638736905484,0.0153843421265727,0.0080971976708188,0.4673562636564392,0.3166868720357622
1483,0.0162507673131683,0.0080664742726433,1.24895463257442,0.0867093050293992,0.629159799044662,0.0063310235853093,0.0530826558953151,0.0151074677615549,18.03837150082162,0.6140519165376608
1484,0.0094910539685532,0.0065624977619331,0.2709435098771516,0.0925621700024292,0.2669478506504974,0.0276476109223483,0.0332125116715614,0.012748706814559,0.9964645726041308,0.5251942160824836
1485,0.0092653635963904,0.0065073516609915,0.2671296989928228,0.0932539568936648,0.2642944800093944,0.0304892282991367,0.0325407631276487,0.0126635344489124,0.9023297285706164,0.5206477665299221
1486,0.0056688964813987,0.0043840591775571,0.2056181194337678,0.1412140700400848,0.0250374834212525,0.0071791020504743,0.0143848262542978,0.0076964807969417,0.447624485005316,0.2843733143989637
1487,0.0069815398141004,0.0053081773044736,0.2263998524523509,0.1135054713184201,0.1839712757578733,0.0291576473089126,0.02063381269775,0.0098405272600526,0.5452076012716297,0.4121548608018682
1488,0.0058259731347524,0.004383547356058,0.2020145066573505,0.1433580761427537,0.0156901901993135,0.004885530694556,0.0144945221253664,0.0075093594507288,0.4283831527356002,0.2863464794106389
1489,0.0066943212624224,0.0051110434021723,0.2210424072808734,0.1192434084472914,0.1295518765695431,0.0174226053570811,0.0190639877723809,0.0093161290060837,0.5200567133398898,0.3933258648459174
1490,0.0057410168699452,0.004251276875416,0.1963609346475774,0.1453215199123147,0.013323367070294,0.0044039103257717,0.0138946821245064,0.0070850364009171,0.4001552479298835,0.2651132781984482
1491,0.0148108687500164,0.0079358311283548,0.5321133278583141,0.0866133889381759,0.3299606315807668,0.0073345210991302,0.049451731189,0.0150172485103301,8.832691055988038,0.6078938326580614
1492,0.0057193300185414,0.0042614904887578,0.1977955132776256,0.1425627769799288,0.0250340897592213,0.0063305492901528,0.0138756437270614,0.0071351865422238,0.4075323408354592,0.2580612309225702
1493,0.4989483860679023,0.0368790169619472,8.14091933185038e-05,7.4379813472130914e-06,0.1611326061242386,0.0058602972845811,9.876651781123948e-05,2.4877900658647878e-05,0.0003097274431873,0.0001692554339478
1494,0.0062653162152075,0.0048231660428044,0.2136602270125167,0.1279635537617253,0.0670989904591649,0.0121996832241103,0.0168202426513035,0.0085976604683914,0.4896228994623399,0.3517115209347042
1495,0.0181254653890177,0.0081779779093963,2.7237675692524213,0.0870892321280277,1.7240306665351897,0.0056903023593583,0.0575925486210313,0.015084884649532,43.10326726369581,0.6167894507316234
1496,0.0092751436537168,0.006504912877906,0.2674587320344558,0.0931541366583836,0.264076462023114,0.0299754726143284,0.032551584876382,0.012651750795532,0.9275236003500484,0.520984929005234
1497,0.0080023694981946,0.0059625588687941,0.247875145912314,0.1004545001116392,0.2387951770763612,0.0461738234978714,0.0270976027145541,0.0115572362421279,0.6266894973923497,0.4758734472742321
1498,0.0059916165785029,0.0045582510320239,0.2070964039474721,0.1360568996249108,0.0319898499541573,0.0080454922507005,0.0154239724402808,0.0079721979054702,0.4489461499513369,0.3143813543512327
1499,0.0166429735429327,0.0080985242970208,1.1119664680996837,0.0865908302643109,0.5316688658395121,0.00612031002567,0.0540211493349563,0.0150822617204221,19.058720525376096,0.6140174193744451
1500,0.0068701765553188,0.0052293256970328,0.2253310703484091,0.1154855710270476,0.1640925976990513,0.0262114080279165,0.0199430411587308,0.0096491913251171,0.5391393329117463,0.404262697695028
1501,0.0074398611119556,0.0055950734459375,0.2373580479903847,0.1074780624625283,0.2167336613346777,0.0436644574120073,0.0232675252520984,0.0106319267645779,0.5860931486697577,0.4386527624858885
1502,0.4742844312713918,0.0427512588339403,9.035600259852829e-05,7.411202853280806e-06,0.1652895476039944,0.0049536450480923,8.579128162160103e-05,2.255772664846468e-05,0.0002886271030209,0.0001645892143832
1503,0.0123006070504245,0.0074455099750375,0.2967630401865058,0.0873305983962542,0.3074155230773748,0.0119139365720188,0.0423347128237507,0.0143224262427676,3.240389308091396,0.5806817785593713
1504,0.0110483405239954,0.0071280167596291,0.286918569721051,0.0886422971268358,0.2907657973857248,0.0173039209670404,0.0384795115226795,0.0137808461916174,1.7268428844452706,0.5596918898756322
1505,0.0057798742497285,0.0043439875647421,0.2010639211596379,0.1431121257402684,0.0138702958361289,0.004866331293228,0.0143408243694434,0.0074308125811472,0.4266857255865859,0.2821532999424562
1506,0.007941219023876,0.0059171805440912,0.247589554731,0.1006972876175592,0.2417396837710448,0.0388176139478859,0.02704853476944,0.011400649595315,0.6118215237591105,0.4757897928307401
1507,0.0108750716645311,0.0070696518731294,0.2847796264946695,0.088955633187343,0.288679753863698,0.018231769981779,0.0379223594077417,0.0136943443296802,1.5786953102360308,0.5569303164757211
1508,0.6078978663378188,0.0079851390358102,0.1876734784006475,0.0184315776249817,0.1359132491902682,0.0539678640654988,0.01911625319673,0.0053164230712534,0.3809737852357809,0.0183587395228016
1509,0.006018279989501,0.0046460446572497,0.2099235536254846,0.1340189006072953,0.0404946817019402,0.0099136384082242,0.0157815777808215,0.0082585159606906,0.4719287434178211,0.3261105503883957
1510,0.0102221313442153,0.0068461515382812,0.2792924417691587,0.0904546098761499,0.2796996527190086,0.0227831303844225,0.0357570860314245,0.0133044938906097,1.2541128351109327,0.5429279898970847
1511,0.0060637135333378,0.0046014698285922,0.2072273717708011,0.1363863100984667,0.0309406574887499,0.0072536243932188,0.0155942478691551,0.0080486464460985,0.4587305937936268,0.320110852724457
1512,0.4332458988005106,0.0524808267923303,0.0001471765366352,8.615119323215952e-06,0.2086977790220438,0.0046259573061634,5.221932945753127e-05,2.0482148730794707e-05,0.0003402772147775,0.0001534340730174
1513,0.0190800450872314,0.0081657992228547,4.104328545149293,0.0877335405607813,2.7752791425778165,0.005481109122221,0.059696450646999,0.014949360937036,68.08334394728665,0.6151463408078617
1514,0.0057789137578272,0.0043805930329959,0.2020500711599186,0.1398165974487401,0.0246196890580891,0.006719120764355,0.0144808426371463,0.0075405464382665,0.4304772978893489,0.284149049224571
1515,0.5416725610386457,0.033027883253624,4.893268694587288e-05,6.728957222147768e-06,0.1372154532727393,0.0093769564771452,0.0001057973114978,4.825906230943341e-05,0.0004065763845953,0.0002112532382367
1516,0.5170470732145126,0.03688970413594,5.977012501406492e-05,6.362197476421504e-06,0.146127033475076,0.0061030033310858,0.0001139582204918,3.443206615484131e-05,0.0003154813884009,0.0001886225648541
1517,0.0050083559746844,0.0040020689246578,0.2041371761454738,0.0706368041181352,0.0397561767535469,0.0129317959322335,0.0098208948603533,0.0054565883904242,0.3321281949276897,0.0637618848803214
1518,0.005693731566642,0.0041965423576816,0.1948817107866282,0.1459520756102241,0.0113204955864456,0.0040361407871991,0.0136024292001523,0.0069606707303519,0.3992862040695351,0.2535931538749591
1519,0.0057838275787297,0.0043910050930339,0.202805524044863,0.1405618231559351,0.0213140172732305,0.0061851085020636,0.0145084288256041,0.0075573398550502,0.4335065447998931,0.2857578644621665
1520,0.5062666445416105,0.0388450689402544,7.373895424013952e-05,6.713660432827095e-06,0.1520938633296172,0.0058984049579745,0.0001039189673116,2.9509925488068853e-05,0.0003009180014585,0.000176473873846
1521,0.0073193185654308,0.0055159903711426,0.2340874124845085,0.1096298041066333,0.2142013812143129,0.0405547637422415,0.0226869052704761,0.0104573828257191,0.5753919764926801,0.4325857099191101
1522,0.0055805440108502,0.0043386096578748,0.2034291649303551,0.1406457745832732,0.0260110251265867,0.007268992876758,0.0139968882833218,0.0075622962662559,0.4419848077050863,0.2765611596810901
1523,0.0100441018276872,0.0067683834045183,0.2776878107841345,0.0908548394377647,0.2755438946396471,0.0234658709355366,0.0350709981113117,0.013125310975731,1.1979380593227515,0.5387258919695932
1524,0.4702331009032389,0.0466485908484685,0.0001026764509332,7.265666778218498e-06,0.1661067674566443,0.0045241457695738,8.310911986978633e-05,2.196963949461692e-05,0.0002943961092421,0.0001602289615009
1525,0.0077022711825553,0.0057564703310069,0.241532898013574,0.1042171224411937,0.2365506901170293,0.0398329397118328,0.0255613041046183,0.0110794383089684,0.6007315940489086,0.4611316166610109
1526,0.0078672583268339,0.0058395308133633,0.2473539019094612,0.1014656560528662,0.2328503803869217,0.044877642918335,0.0261123529711372,0.0112155805156582,0.6024859579498516,0.4672782711401048
1527,0.012657863489175,0.0075669051891895,0.3040862424396894,0.0869227541067301,0.3136748004598566,0.0112440045808267,0.0435250976146078,0.0145468598506701,3.800882602772451,0.587310912522004
1528,0.547204833873292,0.0325004470366475,4.465091447550066e-05,6.0251935795417005e-06,0.1328700019642684,0.008556556602743,0.0001058852339681,5.3211755916808473e-05,0.0003936565289569,0.0002162355021099
1529,0.0075607181765478,0.0056473895561857,0.238734170887525,0.1051097898114907,0.2269472283546304,0.0370633424783917,0.0244049874257043,0.0106944380858134,0.5744662222287771,0.4509132072216862
1530,0.0056448038952073,0.0042733194711354,0.1991868034143343,0.1426426698702063,0.0160833590929332,0.0050290529727997,0.013887013236116,0.007273202071157,0.4190877661360958,0.271575046569197
1531,0.0080680406281385,0.0059891285370368,0.2530340920120721,0.0996097674893324,0.2437522169036707,0.0389908084296139,0.0277128583970632,0.011562403977362,0.6145781548549205,0.4812378525232813
1532,0.009189402316924,0.0065501280907666,0.2699053897422755,0.0929549221225411,0.2649502909841029,0.0347995554446769,0.0325271379508022,0.0128130278651277,0.8465645468444545,0.5216487489102716
1533,0.0061790918582049,0.0039713714086456,0.1793896386266471,0.1364525604608641,0.0263556051506089,0.0103253713091016,0.0107024039438699,0.0051113121927181,0.3334385831773381,0.1309701642394509
1534,0.0146867458655662,0.0078985422270706,0.636941350855638,0.086513161229383,0.3268368400086456,0.0075422694085206,0.0490819450550382,0.0149604059320157,9.123879098241586,0.6062239378319805
1535,0.5392790074447434,0.0315157514173273,5.025200880285961e-05,6.690689108610902e-06,0.1404463415290647,0.0091582573336744,0.000122830483111,5.108863593300978e-05,0.0004123839508857,0.0002144790281249
1536,0.0125881802489318,0.0076060008922013,0.3044336614114451,0.0866330957874013,0.3131132547630404,0.0111826147779817,0.0433817563878343,0.0145633888280739,2.9555065738453314,0.5869037453624507
1537,0.0122431719353282,0.0074475866068931,0.2976363929106695,0.0873393191585035,0.3069637563189522,0.011966076307036,0.0421574584353866,0.0143040245539012,2.808592604995091,0.5796642004617426
1538,0.010973409263588,0.007127607570055,0.287102459807883,0.088773158424382,0.2919850038902114,0.0181408687034103,0.0383176796864922,0.0138160074311038,1.6638029224459403,0.5596006179220839
1539,0.0059761412114003,0.0047274475618175,0.2160593715602334,0.1326727447479355,0.0600772342103749,0.0182285850582365,0.0163180247945051,0.008591843759365,0.5074141516484965,0.3231343326670977
1540,0.0077421573499669,0.0057846148347628,0.2436483607254733,0.1030519251910742,0.233783902215896,0.042204937128794,0.0256234829561085,0.0110954183746264,0.604043692906283,0.4627299041740038
1541,0.0078574889708155,0.0058597590253038,0.2450534205121981,0.10268500810877,0.2394274245654519,0.0414770161101557,0.0264054856127218,0.011325408172197,0.6111634965874536,0.4688381085223181
1542,0.0139850557912686,0.0077904354405971,0.3149549239547277,0.0866771333893647,0.323717091529272,0.0080564705855968,0.047139708830192,0.0147902177015101,5.4527760572362185,0.5997356807861262
1543,0.0055153263286624,0.0040592690253921,0.1927149653909091,0.1478642548445419,0.0137904997374441,0.0037585602815385,0.0129628821400181,0.006632693034023,0.3804125499227359,0.2463525027075526
1544,0.1516796917346237,0.0191321012324341,0.0002276850035573,7.571680691043138e-05,0.5046348884826044,0.0084763985826762,6.44771063602046e-05,6.438649072176371e-06,0.0005062258298309,0.0001917900479982
1545,0.0181917183849886,0.0082030904263708,2.704135508956853,0.0872808623346032,1.7129310125669104,0.0056461798794483,0.0578084527492718,0.0151359056605267,42.83926817669167,0.6182894691609805
1546,0.0059960640545418,0.0046274326214036,0.2092422915807473,0.1333632859454903,0.0440291584228629,0.0107160661236452,0.0157226529966236,0.0082141479656079,0.4749878228807489,0.3234932587827046
1547,0.0057339272215833,0.0042780093307862,0.2015728770318629,0.1439816090657149,0.0177906907251319,0.0051016133289689,0.0141223509927151,0.0073501804687055,0.431196402870847,0.2735444003579887
1548,0.0150422662973138,0.0079399474793441,0.6319942743175998,0.0864443011559548,0.321526628960916,0.0070177296096546,0.0499501345036343,0.0149403398812317,9.746580005722784,0.6065878906140176
1549,0.0079300552200608,0.0058941745098286,0.2463158735775034,0.1010402269027977,0.2421560791987251,0.0362358263512048,0.0270490260979305,0.0113233913342416,0.6054453205560062,0.4748905647369392
1550,0.0178989484117174,0.0081721805134985,1.9248711929056537,0.0871329790935599,1.1402561021152815,0.0057026593144681,0.0570499133760811,0.0150910769862155,33.81320026230004,0.6166896752632232
1551,0.0081117690007287,0.0060151282086973,0.2503872763588389,0.0995057397809805,0.2476887323958513,0.0355520198986845,0.0282253503356615,0.0116354776962485,0.66843908264751,0.4849168709222026
1552,0.0062732272833574,0.0047483423882383,0.2115315227383576,0.1299439058685094,0.0551332390842008,0.0099107806966025,0.0165991095038788,0.0083967579161401,0.4745322854320449,0.3472779014255327
1553,0.0080193342382642,0.0059599771444315,0.2518990768457032,0.0995210993952556,0.2395854263428583,0.0409431329857582,0.0273783388245152,0.0114679458147883,0.6168670036812557,0.4787172088964158
1554,0.0125040466824538,0.0074918003931472,0.2988799884443412,0.0872424485288107,0.3097468367061985,0.0113374004340559,0.0429285710241157,0.0143922680280896,3.423051201250737,0.5835337068804853
1555,0.0055987163287493,0.0037193341516428,0.1817923737779512,0.0406584710346122,0.1219248677760549,0.0154471555070377,0.0099093856993851,0.0051908452982717,0.3286132661829364,0.0360877483781373
1556,0.0106211748309576,0.0070177591096798,0.2852066747819947,0.0893863562890478,0.2876308114870308,0.0207063360851632,0.0371653356768979,0.0136291990425887,1.3925805559579811,0.5534978986434863
1557,0.00509437797817,0.0038040300890075,0.3330596840279593,0.1216069751087035,0.2453539390016206,0.0452844914621422,0.0109075951722159,0.0057155513683045,0.3464880260938706,0.1312290120252056
1558,0.0109554680117965,0.0070990221686084,0.2856867593510682,0.0887785015160379,0.2895703390749709,0.0177602494044409,0.0381814767633897,0.0137350625626737,1.6274230057810828,0.558208425081224
1559,0.0055068725301864,0.0041842816117911,0.1974636295260173,0.1431122873430671,0.017092158102785,0.0050498625092044,0.0134189535963872,0.0070953131573144,0.4153777799533258,0.2596772770381327
1560,0.0124618372572901,0.0075161335069385,0.3003871379225983,0.0872661614370047,0.313678303271826,0.0116289448352109,0.0428860863661559,0.0144590496731997,3.1684063852749214,0.5848409665734599
1561,0.0131391843435589,0.0076101892240338,0.3381641399186589,0.0870291880629659,0.3164654425414801,0.0098100887839468,0.0447591271064558,0.0145746980627716,4.6877338885614535,0.5909448459475122
1562,0.0076184724984757,0.0057034034394029,0.2427349672329301,0.1046673933815224,0.2312667929871558,0.0381434372833498,0.0248825489942745,0.0108695183391147,0.5954680150395393,0.4556383015045365
1563,0.0074449873184805,0.0055944964739585,0.2346713948821942,0.1076105567782732,0.2243638097620002,0.0373553590331053,0.0237080121189823,0.0106261303672046,0.5864652326142132,0.4433175300179768
1564,0.0060107305237294,0.0046231543753379,0.2088896546951705,0.1363859924608671,0.0334203066784173,0.0083138298456817,0.015566100642132,0.0081563175418951,0.4689790569243037,0.3185647308491636
1565,0.0071920585052259,0.0054256422714191,0.2308540912948071,0.1105485522520359,0.2041809048531729,0.0377336682468335,0.0218012177962685,0.0101771902693813,0.5646611239834326,0.4231946290637853
1566,0.4552386413486893,0.0480618815843979,0.0001061464221354,7.473018020317985e-06,0.1658891028613596,0.00397567997544,7.370111450278538e-05,1.8621872904240016e-05,0.0003126614124063,0.0001519752713145
1567,0.0059581278618304,0.0046388449229513,0.2108883925044634,0.1334849310514337,0.0466941167257103,0.0114689492665638,0.0158081644569196,0.0082823144538838,0.4768344282570865,0.3239665852315779
1568,0.4952715769104538,0.0373258593253948,7.143817306367486e-05,7.087823945261271e-06,0.1546049954761823,0.0063409416501672,0.0001055113659363,2.7554570856148696e-05,0.0003146006904445,0.0001684307698042
1569,0.0057805204177618,0.0044271470890984,0.2030812870642988,0.1411275404533313,0.0223013739332292,0.0063169434194201,0.0145190218939636,0.0076542769342953,0.4329957259990319,0.2841548696510839
1570,0.0061195135159093,0.0039949831183185,0.1850485053590294,0.1493601742690806,0.020037841041187,0.0046260180195614,0.0128456906614191,0.0059693747581619,0.3442619465012822,0.2057058211005392
1571,0.4629659028092911,0.0477682599097044,0.0001084411002448,7.552875560970394e-06,0.1675748543774076,0.0040060419473443,7.554169042138405e-05,1.788316434589699e-05,0.0003027683948008,0.0001517104604538
1572,0.0078297688451741,0.0058286029349065,0.2436848225561562,0.1023729247560594,0.2335278240824281,0.044902383947279,0.0259396910916577,0.0112314085002581,0.6083346618920275,0.464837357225867
1573,0.0056307726085806,0.0042605557710058,0.1998247315962243,0.1444327476569783,0.01181857258403,0.0042588910569638,0.0138499888663534,0.0072662037817272,0.4173700646304631,0.273267769671691
1574,0.0091629359504846,0.006487297719585,0.2660955027176266,0.0939465477670523,0.2660715313041316,0.0317536769111068,0.0323063417120088,0.0126940950510593,0.9173986823155869,0.5197392767907776
1575,0.0093856556502451,0.0065932910176169,0.2688533831682699,0.0928738906266481,0.268777808201955,0.0305427834897965,0.0331194712420308,0.0128861990135166,0.9537608181318986,0.5258307796946481
1576,0.4751977698834018,0.0400737887734137,9.718394543083716e-05,7.713865216787752e-06,0.1646449382013786,0.0048459934559722,8.633083164131542e-05,2.1084356856732925e-05,0.000329436858441,0.0001593744846684
1577,0.483197623529095,0.0433067553662381,9.237049502546022e-05,7.079154022938342e-06,0.163681487285491,0.0051072956057436,8.543405479724858e-05,2.7085269787348104e-05,0.0002651359901283,0.0001660569303114
1578,0.0126804537700332,0.0075320187285446,0.3010249665151267,0.0871566763113566,0.3129334500972583,0.0109116401377587,0.0434485019235801,0.0144583651965175,3.671166471409156,0.5861405583752761
1579,0.0107409165898104,0.0070491121207365,0.283457822649393,0.0894150410533009,0.2906309868101542,0.0196185133837251,0.037563080064187,0.0137092680988524,1.5310801274377548,0.556310528369458
1580,0.0369894722210497,0.0039049261824876,0.2018183810886778,0.0230538629660572,0.041386631141538,0.0235570945628869,0.0195520650435725,0.0045463118716833,0.3305484214905661,0.0222350624467755
1581,0.0122216970542175,0.0074805419462513,0.2986129145716049,0.0872633020696947,0.3109473886962043,0.0124773084158294,0.0422588051105185,0.0144285710768051,2.9700420345161644,0.582226695815308
1582,0.0073774752713208,0.0055406437394303,0.2332703885890819,0.1088638209677963,0.2232816755773471,0.035899340477483,0.0234039215447606,0.0105173737140613,0.5767006281795423,0.4405051412503217
1583,0.0187809258639435,0.0082160600989699,3.8803890892690567,0.087489317799844,2.5923205824652427,0.005593173098748,0.0592093157255647,0.0151321495328102,64.2693790285043,0.6189148112616908
1584,0.0089690537320289,0.0063669006416592,0.2650919851732276,0.0946176638049207,0.2597498877882883,0.032856129391115,0.0313888855295436,0.0123792957119373,0.8261939294391181,0.5119670947756648
1585,0.0052645212250649,0.0041303889187287,0.1978782491663643,0.1370314682485378,0.0168966930865972,0.0056628168700823,0.0130539186121569,0.0070170244006663,0.4101185346601429,0.2445582022663507
1586,0.0094823810241156,0.0065950575381898,0.2690892149218286,0.0926438581714101,0.269891520542541,0.0294152374985662,0.0333268474607485,0.0128696395434016,0.9523325016283868,0.5275041936053531
1587,0.0075631545883395,0.0056527355036318,0.238356410698778,0.1052710388776536,0.2328096231957034,0.0397201369614365,0.0244630180201218,0.0107669128187509,0.5826679380503533,0.4505701072685034
1588,0.0079240055395738,0.0059103678016805,0.2481981198196619,0.1012414527593692,0.2378933864521653,0.0436180530898696,0.0266064158497181,0.0114066460435925,0.6189844197717479,0.4718005155342467
1589,0.0139274713500011,0.0077652279294196,0.4043069136598671,0.0867784954418424,0.3231047723523513,0.0083797005564576,0.0469865874634053,0.0147855716493988,6.224837513474464,0.5991407871469063
1590,0.019229498252928,0.0079992146972935,4.543757292835228,0.0882556294895448,3.126565397558412,0.0054658205785777,0.0596466338726745,0.0146518458414925,79.54068776329302,0.6086885029306394
1591,0.0061571861730491,0.0047729608117675,0.2131627252688932,0.1305381652362832,0.057060546894758,0.0118428575766327,0.0164923740458865,0.0085324429763722,0.4886369837720684,0.3425651934531157
1592,0.012754932403537,0.0075589505699377,0.3041212696799916,0.0870162126210686,0.3099742602433573,0.0103786418469106,0.0436256940403581,0.0144337096782089,3.5116801347149265,0.5851124198757539
1593,0.0065791454093007,0.0050724095879977,0.2217949393503364,0.1207566274450294,0.1143196529071032,0.0240840908630116,0.0183911214940209,0.0092785371495201,0.5242884527111533,0.3769666758077112
1594,0.0057058945300769,0.0043357392711513,0.2021797394502369,0.1401092462696544,0.0211260428626251,0.0063423003128137,0.014253790100027,0.0075162645571167,0.4328287579311169,0.282407388508362
1595,0.0077469890324435,0.0057878152478597,0.2435388725990562,0.1033384931848079,0.2364001915660807,0.0403470941107895,0.0257365884886042,0.0111123002628538,0.5998290501958642,0.4630721588068106
1596,0.0142825731847738,0.0078121132596125,0.4278209529841142,0.0864306299743493,0.3192634160115785,0.0079623250748466,0.0479262399646977,0.0148169383758101,7.324636670226782,0.601389687556318
1597,0.0063712629427492,0.0049330341704386,0.2187350504273062,0.123916263303359,0.0991872844401759,0.0206135589215824,0.0175746549785838,0.008961791036331,0.5164824320513118,0.3626580858021661
1598,0.0055600709544506,0.0042456006612892,0.2004815324979614,0.1413634542867235,0.0173626228729234,0.0058589120283561,0.0138222796404032,0.0073351770700228,0.4206533889739889,0.2653379137427931
1599,0.0057058866165387,0.0043051340886033,0.2001521046998131,0.1380537260092545,0.0238903364594599,0.0070938900151872,0.0141502928410866,0.0073819619984869,0.4165297084233529,0.2760723429156343
1600,0.0108767747889905,0.007075814932978,0.2858137711284619,0.0889958548111298,0.2896567306671149,0.01826168881869,0.037933374890608,0.0137110962842758,1.6434303018607144,0.5569963496245548
1601,0.0190875707344055,0.0080671934448709,4.532338535972191,0.0880552722245664,3.10443322126004,0.0054875182209776,0.0594914283584569,0.0147952027856725,74.25016917581247,0.611883003492931
1602,0.0164748863282839,0.0081141021109721,1.0284266398927349,0.0866062907875681,0.4696941063858394,0.006120487348346,0.0536662834499679,0.0151232277335385,17.015765069385505,0.6146464968116412
1603,0.0073318326576063,0.0055206054943116,0.2336538484551509,0.1091810272456417,0.2176409792945836,0.0358566142226872,0.0229411585238589,0.0104390544355405,0.5738956404095832,0.4353886962810904
1604,0.0162420534603556,0.0080636842341919,1.1824907645370637,0.0865946856261495,0.5805575130001812,0.0063441783385064,0.0530522125947776,0.0150932954076701,17.80181995648355,0.6135176137626547
1605,0.0051324167883939,0.0037153817453387,0.1827566201481902,0.1459578009260065,0.0187394814813488,0.0042836610256817,0.0112838709756854,0.0058358583409684,0.3548067410861534,0.1953263282199294
1606,0.0687906359833511,0.0041520522205221,0.1955114814813742,0.011936648105613,0.0753707795734918,0.0155049591029816,0.0124724811208082,0.0044235479871286,0.3505646620691082,0.0117731753383852
1607,0.4674117259702964,0.0404054359659912,0.0001034284241573,8.061534560009925e-06,0.1664719175926069,0.0049758771784732,8.152164363140777e-05,1.8868281104663597e-05,0.0003133000157925,0.0001567795082546
1608,0.0062267257729114,0.0048252237367956,0.214646669862652,0.1288311719614895,0.066417613391562,0.012679032519218,0.0168453698361183,0.0086784785729742,0.4968545506675376,0.3535863477322446
1609,0.0059239435702989,0.0045511296629438,0.2067260166587909,0.1356617777696968,0.0342481483926167,0.0092209280232017,0.0152934014469147,0.0079847225259779,0.4627672970130266,0.3087083736169339
1610,0.006180117246252,0.0048232838780685,0.2164922003114674,0.1295058480189079,0.0690465017640458,0.0147960096661821,0.0168905813268436,0.0087448111478313,0.508213205755779,0.3503554304096309
1611,0.0058306324733603,0.0044456929499005,0.2037096552801581,0.1391065358780067,0.0235298696697556,0.0068180279259915,0.014741111155848,0.0077117122812478,0.434644872885256,0.2950587602717506
1612,0.0099489106817147,0.0067471266778183,0.2753285596078701,0.0913998204676804,0.2769997313094086,0.0242331053548017,0.0348785108891029,0.0131587057136687,1.2118395659706107,0.5380069928029307
1613,0.0181958626615101,0.0081489503420429,2.6155851131635472,0.0874222257588009,1.652611547272848,0.0056683989544964,0.0576741586322384,0.0150400856931102,43.27292173427787,0.6161623682455426
1614,0.005785846617231,0.0044075063181828,0.202710613383053,0.1399252853862359,0.0232505468003839,0.0064170551231096,0.0145225116167595,0.0076206629598363,0.4386981576023788,0.2857715529943299
1615,0.5197606294557057,0.0315690540339707,6.495330003800953e-05,7.616065888770485e-06,0.1459069652486448,0.0091154722361698,0.0001113588072043,4.391575506136463e-05,0.0003584355846929,0.0001979559484204
1616,0.522101828262215,0.0346576585904133,6.404924854994134e-05,7.21339422866621e-06,0.1479629475701546,0.0085255185815782,0.0001180449716113,3.4879923785138014e-05,0.0003638595359832,0.0001874383046193
1617,0.0094929241050874,0.0066238374221467,0.2718977373819152,0.0920360622571645,0.2679452772940101,0.0296954377560741,0.0334045795217266,0.012893351578897,0.947203359065781,0.5274741760199788
1618,0.009051365259217,0.0064464034860361,0.266341378060564,0.0941121248185706,0.262583712141735,0.0341304779745809,0.0318549429804079,0.0125742894732069,0.8272205872501056,0.5160529986526329
1619,0.0058836145760258,0.0044939204618269,0.2044448959590062,0.1365745309598446,0.0313309994620289,0.0083303723201938,0.0150386301262635,0.0078007364744515,0.4433159127707766,0.299379887172202
1620,0.0052489891082714,0.003926382361062,0.2653752420377189,0.1660819689181546,0.0477575754781259,0.0136737730229008,0.0109499118496176,0.0057502051842778,0.3416179416931899,0.1581896932059889
1621,0.0055881810192177,0.0040493033100542,0.192404498102736,0.1452203830916402,0.012684156488512,0.0036969681551463,0.0129781217598254,0.0066257279267818,0.3861433135790095,0.2307539946612671
1622,0.0146218714548854,0.0079150231163209,0.4217829695404929,0.086431649596782,0.3251676629810325,0.0073201201920738,0.0489238907062465,0.0149402751036983,7.2987728019136915,0.6053135826000944
1623,0.0057482636893769,0.0043939761643844,0.2030209628939346,0.1398764575935178,0.0209053138734866,0.0067109567211544,0.0144895511948567,0.0076030352028437,0.4345579779041749,0.2844636851399946
1624,0.0049344263289053,0.0038805511247741,0.1907610446855296,0.138348053904759,0.0166612718442325,0.0043906084601281,0.0115953328698329,0.00631280051232,0.3827093188407327,0.2144966414368796
1625,0.0097349609648645,0.0066567504882348,0.2746348510134805,0.0919159221927598,0.2721276820853507,0.0263941217950474,0.0340597123692846,0.0129470319521952,1.0800565066078407,0.5317604989113351
1626,0.0124796633547048,0.007541267489164,0.3002298389157086,0.0869620396357273,0.3117268328494249,0.0117206616171657,0.0430329304265279,0.0145082815858918,3.4511420320470885,0.5851730779483505
1627,0.511058917717177,0.0376811111289499,7.052315445759811e-05,7.037148227876511e-06,0.1514917751373909,0.0069994323551736,0.0001113864814373,2.852191974313999e-05,0.0003524791641758,0.0001771715388223
1628,0.0056478746480052,0.0042511333717544,0.1987981953439145,0.1438251257026464,0.016431391348134,0.0047923601655648,0.013870285497255,0.0072262590088907,0.4163610954179384,0.2662180967836426
1629,0.0165033676806968,0.0081066260761162,1.1559568459883132,0.0865718580811335,0.5623809522314029,0.0061993922264339,0.0537580051423057,0.015150628310085,18.72801939939956,0.6154908300952466
1630,0.5322524957149046,0.0322229858200318,5.665516796697133e-05,6.676967466166082e-06,0.1419330259463361,0.0073282421742319,0.0001059756440527,4.660881722983076e-05,0.0002868770301595,0.0002093722456833
1631,0.0080301880813857,0.0059682992557618,0.2491078638883202,0.0999311924346943,0.2416298598674573,0.042474120840553,0.0274338489797712,0.0115549326491682,0.6217717119074887,0.4783323149507242
1632,0.0074763632035426,0.0056089059533927,0.2363873193038866,0.1069817379740166,0.2286491632991238,0.0346570093284552,0.0241006792564017,0.010643333704634,0.5789924215582872,0.4475400887854578
1633,0.0068508112493222,0.0052250729017049,0.2261491078000465,0.1153495794915375,0.1607198242674938,0.0327369264308679,0.019710707884423,0.0096723705076841,0.5408732170888244,0.3985070280827189
1634,0.0062441898810373,0.0048230383064631,0.2148601874910039,0.1294855119759602,0.0638960664602737,0.0114880234133762,0.0168398637666644,0.0086651755367526,0.4960617678238499,0.3533243826724401
1635,0.0084394343321003,0.0061405772554271,0.255461609515561,0.0982075167497899,0.2544440972799858,0.0324236748414517,0.0294494343830125,0.0119190092868599,0.7962044726558674,0.4953875035720588
1636,0.0083687341423573,0.0061966459840184,0.2596127769115603,0.096740476801513,0.249919145748399,0.0398228621075873,0.0293919275064873,0.012030236473001,0.6510078314326166,0.496563828997355
1637,0.0079454198514699,0.0059172230625623,0.2523333326396931,0.1009297201371692,0.2378558625169086,0.0438315180417045,0.0267857076324925,0.0114267376033968,0.6206699278494403,0.4731264285654697
1638,0.5028542886766574,0.0363620907449383,7.729327216770623e-05,7.269891118392108e-06,0.1561308327622598,0.006009883887086,0.0001052553690839,2.550693199275204e-05,0.0003239547068627,0.0001690117054732
1639,0.013038089246774,0.0076514271905562,0.30830839394547,0.0868250973015612,0.3190491924899717,0.0101182340727619,0.0445735170902813,0.0146406475380715,3.963385227781525,0.592193062844988
1640,0.0062439560238587,0.0048707232440314,0.2164996861690339,0.1276019872876123,0.0733704853931736,0.016331410664858,0.0170930702916039,0.0088295635322327,0.507163928065664,0.3535740420185104
1641,0.0080879754320511,0.0060014380652249,0.2493222082447931,0.0995406932042728,0.2466517499401402,0.0363070033299827,0.0281163159884982,0.0115935237111583,0.6497564437914489,0.4839753624900009
1642,0.0083189259691037,0.0061719965111734,0.2589349621444963,0.0971035970067196,0.246780448439133,0.0442289526902204,0.0290462409564456,0.0120187986721377,0.6437926327753946,0.4932014077385443
1643,0.0586506762512424,0.0044426097835318,0.1779286069780392,0.0298433792838118,0.1005607504337414,0.0256721788569357,0.0244089412519918,0.0048441253024526,0.3376770217178114,0.029357452078994
1644,0.0065223988151694,0.0050356018949408,0.2206538038372168,0.1220000049935146,0.1113564981897795,0.0212159182466441,0.0181422706405465,0.0092129594085739,0.5221255002535196,0.3779016134529877
1645,0.007127319293256,0.0053977029401294,0.2299559473694398,0.1118999686122498,0.2033183604350408,0.0312532381828772,0.0216804870419835,0.0100907287319465,0.5597408457056624,0.4242628321658886
1646,0.0059803802268684,0.0041738239099522,0.1923096954709341,0.1477006030484264,0.0127360033352913,0.0035968059749206,0.0138466223024243,0.0067975815848896,0.3922374793980919,0.2408113862172941
1647,0.0106310236694926,0.0070423574461985,0.28345313319936,0.0893967461287532,0.2897700792218394,0.0208623161765619,0.0373182669381628,0.013723554580155,1.469199313059534,0.5553257360424858
1648,0.0078106415953834,0.00583160164881,0.2452713027476349,0.1027385638928114,0.2348703217171124,0.0446450060564293,0.0258551596091296,0.0112340065081829,0.6099127503926318,0.4644204143866008
1649,0.0062233133563943,0.0047747160164873,0.2143775844784171,0.1303336516115683,0.0561038749824589,0.0116446658007396,0.0166734077728828,0.0085197444295475,0.488439689316161,0.3458603255551213
1650,0.0066418094755062,0.0051223083778063,0.2216348421844441,0.120455352752765,0.121104315396616,0.0206076196585605,0.0186433983611408,0.0093658793704168,0.5269650842639022,0.3865243045101959
1651,0.064061844018666,0.0052306273754959,0.1781919980121155,0.010033203342633,0.0821104615915441,0.0156345960026507,0.0130708059005456,0.0051731344592686,0.3115885688510444,0.0101566540139241
1652,0.0054055026242281,0.004178066578858,0.1963534469519959,0.143715627402672,0.0134070467688061,0.004329343023723,0.0131319928226277,0.007011821983268,0.4055831530099479,0.2591720716279025
1653,0.0177801549931984,0.008181970409898,1.806284606562534,0.0871933618151657,1.051547477234766,0.0057031530884351,0.0567932728163555,0.0151198732856197,30.85382790758091,0.6173692538173686
1654,0.5282429564148226,0.0333235762727917,5.9000367492739606e-05,6.595866730628923e-06,0.1428656162618009,0.0071753334355756,0.0001084197766991,3.843177185357362e-05,0.0003157387731475,0.0001900673137275
1655,0.0056850141244996,0.0042738290702106,0.1991047574251389,0.1437302938558866,0.0195351750531635,0.005290856113755,0.0139385456265436,0.0072189990398701,0.4162516305994568,0.2675923838897601
1656,0.5498975951728221,0.0291237347975079,4.207003454746431e-05,6.7853932496908255e-06,0.1290375742578544,0.0111239894554347,0.0001807400611937,6.649094299308653e-05,0.0005307225264785,0.0002396251826677
1657,0.0072806180465656,0.0054809485570418,0.2318651160495798,0.1101755885180927,0.216399285137335,0.0350435575655172,0.0227158564841569,0.0103593371701783,0.5713342573775443,0.4332898356412734
1658,0.0052196895274684,0.0041142685539281,0.197916867646267,0.1413918533496646,0.0128878818476091,0.0047142033603125,0.0127606957685137,0.0068760325046667,0.4015441264657002,0.2394114348446773
1659,0.0088905478707377,0.0063530277568185,0.2636081991898971,0.0947349768051433,0.2578966634952054,0.0342322089031245,0.031156055826341,0.0123472316288844,0.7758998782910508,0.5099412533266461
1660,0.5110015511131109,0.0349305546500939,7.058013455658372e-05,6.871859809153727e-06,0.150917652294107,0.0081871586525738,0.0001126064695455,4.236114097002717e-05,0.0003797162874258,0.0001925570177616
1661,0.0066621568691266,0.0050956538856297,0.2233240497881543,0.1180148546777434,0.1411183519334063,0.030241114912334,0.0187641332852517,0.0094183862591021,0.5332061514874232,0.3854273805152475
1662,0.2717296210780051,0.0061719243638361,0.189277913621971,0.0096861121195251,0.1093025865716615,0.0290366804938787,0.0086935329333574,0.0043393235455204,0.3722883518038797,0.0096625677333972
1663,0.0111816704333035,0.0072852436737398,0.2940358483324237,0.0878637079527828,0.2982820945704829,0.0184289548835108,0.0392106448234221,0.0141137994415365,1.6109086702505817,0.5665477999358108
1664,0.0118349039251349,0.0073893593761426,0.2962397312193627,0.0873688651178709,0.3026903228593992,0.0137826255070013,0.0410611305269401,0.0142409982518016,2.466725875321614,0.5751145367965353
1665,0.0150527293207557,0.0079202049139837,0.6023740971389909,0.0865031070589261,0.3216536589793843,0.0070826736974756,0.0499498966044255,0.0149302023934661,9.875489539918105,0.606784157611742
1666,0.0057345594733333,0.0044572884259922,0.2063371853107778,0.1351832861999105,0.0347768985862249,0.0105959075261479,0.0147954748167488,0.0078709305610795,0.4527111127944524,0.2952127586485283
1667,0.0073956174134144,0.0055492479712767,0.2360730519543561,0.1075989817159804,0.2189637667023866,0.042727103574723,0.0231928574596652,0.0105592358545225,0.5777008934110831,0.4383093905134044
1668,0.0126554784874476,0.0075587227629342,0.3028903637491539,0.0870316147065986,0.3138680606764579,0.0108179803123666,0.0434348303074266,0.0144925157009883,3.284779837262336,0.5865899114358691
1669,0.0071513714652173,0.0054219036316427,0.2309448498355732,0.1121906574681265,0.2060322539217011,0.034059787831158,0.0218465036963752,0.0102044016515129,0.5700355942591144,0.4242817363203242
1670,0.0169257482508281,0.003677877177061,0.1969831748139388,0.0193401976862847,0.1195572931706201,0.0216590317451701,0.0133477286770773,0.0046803205644481,0.3290815790429449,0.0201447189069798
1671,0.0090489271964351,0.0063966098162899,0.2620694016559969,0.0949255862441792,0.2635481954395359,0.0305837463939283,0.031705083267586,0.0124739392634596,0.8885191533015647,0.5151991110030697
1672,0.3710490663422128,0.0053603640614383,0.1788195895225445,0.0157485327122468,0.1083133936916029,0.038284415849752,0.0084444532465396,0.0045103768003058,0.3413216160313425,0.0157020121505224
1673,0.0086858431569901,0.0063016809081589,0.2625113551265736,0.0955157182831433,0.2551384167726682,0.0359147941611626,0.03052722274437,0.0122510518187249,0.758735010400583,0.5048052627718582
1674,0.0073134914794869,0.0054939901052041,0.2352454363756936,0.1091587651229697,0.213174093179544,0.0333030676886647,0.0227582219305367,0.0103323300028051,0.5654300637683616,0.4343685083026986
1675,0.4878589970971366,0.0411160961045268,8.889861288528483e-05,7.004653059138552e-06,0.1612044083715368,0.0057419965735662,9.224558819740812e-05,3.1700296881472786e-05,0.0002525835020219,0.0001743073532536
1676,0.0118707904300283,0.0034173089705815,0.176746911683903,0.0267526415174596,0.0461584979434431,0.0154009039846579,0.0107354244138372,0.0046254539943504,0.3121766020592632,0.0245004293351336
1677,0.0125774526874126,0.007591191485988,0.3036355245355041,0.0867224107805936,0.3125067496244083,0.0113718676414846,0.0433225200071443,0.0145446422417674,3.152237660175349,0.5864082596806964
1678,0.0122001653870936,0.0074212641323972,0.296624984929562,0.0875314571757397,0.3061039709243895,0.0121514647499474,0.0419969584446976,0.0142667943389186,2.906732570755294,0.5787264606297507
1679,0.0077248393114662,0.0057585838663847,0.242307287264316,0.1033995724948072,0.2336404382644247,0.0410174836514081,0.0255380402232608,0.0110396579982632,0.5962637364515923,0.461140580674207
1680,0.0079366854974412,0.0058984286446892,0.2483281266458016,0.1009714060434869,0.2395434772939133,0.0403217258267111,0.0269348013718658,0.0113689144282574,0.6130518929819657,0.4740495509586716
1681,0.0057406057706541,0.0043862636169099,0.2020132186371299,0.1406590169722706,0.0281999541456544,0.0068573001827029,0.0143717949492854,0.0075593846358674,0.4363326718291637,0.2810817961518339
1682,0.0190019190012617,0.0081566965918657,3.409416928809868,0.087863974919732,2.263041979819361,0.0054871989204946,0.0595107178069338,0.0149609752404311,61.122532505646,0.6156020440260604
1683,0.2932501582741199,0.006753960183768,0.1908221399155809,0.0129363842473081,0.0977616653830913,0.0355915757962063,0.0184207028132749,0.0046673851941885,0.3315507087435719,0.0129005314365969
1684,0.0057160303873318,0.0041690654410483,0.1929789891014708,0.146174121676489,0.0152418971521898,0.0043426330896939,0.0135658647702044,0.0068520916071492,0.3970433847253297,0.2485838148980249
1685,0.0071054120234674,0.0053806043864151,0.2327973977029497,0.1116140076224112,0.1925598418077027,0.0369970543539988,0.0212016195873583,0.0100630160825496,0.5556288047360739,0.4174463118182283
1686,0.0078607787696735,0.0058607548592816,0.2479715586747952,0.1017784824246918,0.240812082756143,0.0366701467691969,0.026711740401482,0.0112571839366741,0.6071434666788892,0.4723637130570416
1687,0.0072465399376732,0.0054601077978699,0.2340647896093765,0.1095849475850634,0.2048697850304955,0.045330714748397,0.0220301174502282,0.0103373803188584,0.5694101648662119,0.4252945190756931
1688,0.0098112648105193,0.0066718141168681,0.2735520022402987,0.0919718764014873,0.2737851854377762,0.0256271163692855,0.0342714438236665,0.012969897099546,1.089320523254674,0.533492177629804
1689,0.4812538463318694,0.0412378823531315,9.389436908031308e-05,7.498056626370935e-06,0.1650946108042441,0.0056591644449378,8.858102662374663e-05,2.453811166712734e-05,0.0002905569662409,0.0001617796774406
1690,0.0180942739143214,0.008215667317586,2.38508088343284,0.0872452053280941,1.4787103157798145,0.0056834816083704,0.0576363761433439,0.0151958488732053,39.98503933728947,0.6197788165424328
1691,0.0083616323706893,0.0061191823609268,0.2517614006651745,0.0978783091851513,0.2509339961058873,0.035433400190292,0.0291263269556643,0.0118498472594185,0.6864910999365472,0.4933225054942383
1692,0.0186258701963975,0.007516202825675,6.91310436601368,0.089123305218745,4.898072522564787,0.0058866923468994,0.0572705852958199,0.0139455887928269,109.45658282227998,0.5906380273845271
1693,0.0115244376239055,0.0072545001849949,0.2910062410886306,0.0881182938155797,0.298359293541041,0.0147214520332302,0.0399490989139032,0.0140047055752039,2.1002025401926208,0.5686114608601411
1694,0.0106396096320011,0.0069913198668857,0.2848057002664431,0.089502395791499,0.2862784557813181,0.0198644966835656,0.0371295146646332,0.0135601714819991,1.5036664240027124,0.5524716236133324
1695,0.0117390422726368,0.007336671998286,0.2940743537196945,0.0877231773674955,0.302603221943089,0.0142126212858832,0.0407302544258339,0.0141851849107083,2.5036369180962392,0.5738874222152562
1696,0.0063870827517098,0.0049238637398454,0.2170322456300441,0.1238426421506556,0.1008815043072651,0.0180310144706008,0.0175782812221133,0.0089378694937888,0.5082898570970862,0.3663718987970797
1697,0.010608108085281,0.0069792103029665,0.283163666910177,0.0897290769731048,0.2871377108889514,0.020000080124155,0.037057624884008,0.0135675887468036,1.452388762413789,0.5519807595802824
1698,0.0186412501941002,0.0075343047370727,5.069741363161167,0.0891344698273366,3.534342729200567,0.0058422769537477,0.0573095842786689,0.0139595115025764,87.07876171682497,0.5910985095117773
1699,0.0085406575003824,0.0061878942734732,0.2567384861441097,0.0971172398632338,0.254276638403598,0.0325737203585809,0.029812936332383,0.0119922681173675,0.7737959715920018,0.49830223970392
1700,0.012767454030376,0.0076163947910398,0.304630986423391,0.0866942925842923,0.3153625204024092,0.0108004812422975,0.0438733039183849,0.0146015888474941,3.637724476282952,0.5892615945172847
1701,0.0076249079493503,0.0057009199742025,0.2410383322548262,0.1051291404884964,0.2286916443875984,0.0445133420368131,0.0246888782454839,0.0109308754738595,0.5932901063162028,0.453194168157062
1702,0.0106593238003566,0.0069998395419466,0.2818544265022378,0.0896474361759315,0.2884976564214244,0.0195760711067689,0.0372638740636403,0.0136216872140923,1.5401539084893658,0.5535378859088187
1703,0.0057821857141657,0.0042902502931441,0.1977026058188394,0.1435809042812536,0.0232376309626088,0.0054556868630942,0.0142206922632058,0.0072506042139579,0.4120090506877778,0.2780952216778622
1704,0.0123163803410471,0.0074691346136208,0.298358019880297,0.0871543561136208,0.3071450148279342,0.0118550411594811,0.0424146023908181,0.01434313385445,3.030927139824907,0.5808270557365822
1705,0.0079417172090949,0.0059121530038204,0.2497960344916818,0.1009661195255407,0.237465910239885,0.0458339418147371,0.026727001463712,0.0114460500963229,0.6175884176867326,0.4725841816587742
1706,0.0128420278636532,0.0075467289215574,0.3008439521541285,0.087127773828574,0.3126205540526338,0.0105135446049743,0.0438856130190346,0.0144740534063618,4.066927059116988,0.587393035396815
1707,0.0083088096992864,0.0061632546098679,0.258853589416061,0.0973336659855469,0.2491773853928554,0.0403441677980347,0.0291363879809568,0.0119773628665859,0.6438961081981737,0.4939069105693944
1708,0.0068936804653654,0.0052466770484363,0.2267854198753007,0.115489089420281,0.1640102359727519,0.0278096035673969,0.0200405806779788,0.0097072176718565,0.540425758802633,0.4044224614220674
1709,0.0088948739592844,0.0063950319058029,0.2656342002219123,0.0944641336774754,0.2592103413975309,0.0361395663870936,0.0313498061759685,0.0124753243226476,0.7801016503427007,0.5116203079427099
1710,0.5177644612471878,0.0385953333598064,6.56202312972234e-05,6.332192733715353e-06,0.1452571323434033,0.0060492327584667,0.0001125818773247,3.2053841870289125e-05,0.0003426859094538,0.0001846749815741
1711,0.0078605181509244,0.0058627987981021,0.24653911007868,0.1018835643273497,0.2370666174468618,0.0420397574590957,0.0263010726366014,0.0112889930138614,0.6126867126380711,0.4688697316339799
1712,0.0147422073988974,0.0078601583001684,0.5590548185791672,0.0866468384794744,0.3215041089421575,0.0071803414023158,0.0490662608468831,0.0148378416138919,8.525925874114272,0.6040096867322641
1713,0.0190131053399696,0.0080953837968968,4.462098374140704,0.0879124326437919,3.044742271549377,0.0055163727989966,0.059415453039701,0.01486606162436,73.555613960546,0.613419375303513
1714,0.0077258673522597,0.0057636484050455,0.2445758765748631,0.1034809312597958,0.2327200088913839,0.0385303887838413,0.0253672760974631,0.0109928954948144,0.5906926825527724,0.4604056739187196
1715,0.0131622891767132,0.0076505825121672,0.3045979744568834,0.0868599069001873,0.3181383022493861,0.0097744601088693,0.0449040552332096,0.0146384254686929,4.472184286927254,0.5920801224449872
1716,0.0098587200934956,0.0066839299690191,0.2766535941717706,0.0915587487052964,0.2733269179235996,0.0247830972531715,0.0343794139577355,0.0129701126160533,1.1025972252338947,0.5340816075232869
1717,0.0077643392172876,0.0057950995161081,0.2450962537208735,0.1030692480573372,0.2337329966839597,0.0438859281825727,0.0256019677402349,0.0111422377522208,0.6024445535159271,0.4622302014467451
1718,0.5040515609456003,0.0375368459930716,7.642411129398863e-05,7.03585339608536e-06,0.1552149740869428,0.0062194455085781,0.0001042855038038,2.946105304007041e-05,0.0002851926077968,0.0001750676230323
1719,0.0168660304060889,0.0071044175401105,8.162563753218427,0.0892242762671211,5.73769915626945,0.0074508575726171,0.0522968082916064,0.013393575805498,114.61075583272842,0.5717248572113827
1720,0.0097076463110196,0.0066472231955604,0.2733444247601594,0.0923278936869388,0.2731313156356937,0.0265572577445467,0.0339748444041092,0.0129541625700475,1.0683755414063394,0.5321936588882229
1721,0.0118939182320324,0.007315724995315,0.2941209011691731,0.0877745828047968,0.299974995094482,0.013069454835606,0.0409935145312435,0.0140792850169087,2.6244558980010795,0.5729190719719975
1722,0.0096264667204668,0.0066618331574798,0.2721578416874615,0.0920238784149422,0.2715357152005124,0.0283708989982462,0.0338644217865466,0.0129866784356557,1.0167652386325867,0.5308226088215768
1723,0.0288217500934645,0.0043057263799364,0.2628667543859629,0.0504016765123149,0.0681661866666191,0.0198472671577732,0.0237346482091941,0.0050806504509052,0.3441958841956994,0.0486011345062861
1724,0.0057100144000581,0.0043828529695441,0.2039614326569038,0.1416762327243066,0.0192584175523783,0.0060230374672581,0.0143168622265385,0.0076069151627778,0.4424569216312365,0.2814786644308001
1725,0.5177455438953461,0.0341246991183558,5.684659492919559e-05,7.221755500060862e-06,0.1446257558473628,0.0083659232331178,0.000113012407394,3.376302717985264e-05,0.0003918137698748,0.0001865882269617
1726,0.0190577923114727,0.0079973391089587,4.330016171289246,0.0881691794040971,2.958702872588194,0.0054688874230012,0.0592251291242586,0.0146446945898907,71.94390230894501,0.60843876438309
1727,0.0355373144333463,0.0040210724600865,0.1855263060329345,0.0236964245559894,0.0591239350128915,0.0220568502670901,0.021291987403787,0.0050807155416655,0.3351097909850583,0.0229940888396247
1728,0.0180352101754545,0.0081585259662621,2.1136204297943078,0.0874783049107029,1.2837675325286924,0.0056772100218692,0.0573390258913975,0.0150845275272453,37.04654500927752,0.6171429145091287
1729,0.0151416957543215,0.0079516752284073,0.7757128468490047,0.086555257632039,0.3251984820083147,0.0069689430943694,0.0502364433932215,0.0149860122687493,10.713438816182798,0.6080133039840536
1730,0.0151294840345597,0.0079560710795088,0.6621134565006049,0.0864434618027713,0.324918666025533,0.0070910913483745,0.050245008102649,0.015014391621434,10.451427394595283,0.6087197245311576
1731,0.0077000601897049,0.0057565686223786,0.2418513436765792,0.1037561735008415,0.2345326236135239,0.0396378969428003,0.0254795156063534,0.0110285670820624,0.6004975239394378,0.4616194930842979
1732,0.0061718285748395,0.0047849701756686,0.2137089142380219,0.1288360918056605,0.0590771887724819,0.0133273831154569,0.0166842332167926,0.0085703753631485,0.4849697247760112,0.3457683375002015
1733,0.0137096315752656,0.0077353232215265,0.314151537939238,0.0868140314503811,0.3222357066191758,0.0086134525380674,0.04638515498066,0.0147386163726823,5.346433034053505,0.5971165577706862
1734,0.0079267290896848,0.0058946769894433,0.2473881122942219,0.1009991260324918,0.24099815921449,0.0383223400340789,0.0269667369451008,0.0113476425782171,0.6104508388392973,0.4746719637632207
1735,0.0094276707755018,0.0065908744835197,0.2712041039763678,0.0925190084061026,0.2682463168321612,0.031095079560804,0.0331725163718685,0.012856566742074,0.9039615131621508,0.5259801855999162
1736,0.0104082048686157,0.0069094226561109,0.2811290003509546,0.0899782910725117,0.2820195147992331,0.0212779898620612,0.0363453528108305,0.0133990993678619,1.3114147077834233,0.5468082406980576
1737,0.5373913984007662,0.032045125351412,5.287745215812966e-05,6.465052002662062e-06,0.1402803816725541,0.0083661657089339,0.0001090534458039,5.110231739561367e-05,0.0003564883225685,0.0002142778775358
1738,0.0191327355556611,0.0077510540783056,5.225840364455625,0.0886465422771107,3.649752746070204,0.0055300270353587,0.0588521444323745,0.0142182200531857,90.86532269684616,0.5982594092491633
1739,0.0078440124292372,0.0058293430508372,0.2464284877990956,0.1019162288503767,0.2396246708301241,0.0384612649285994,0.0264331196440502,0.0112161512953435,0.5980779313860416,0.4696725452658628
1740,0.5411640494419356,0.032233517432213,4.56529451155799e-05,6.577543259049482e-06,0.1362476681227523,0.0089218678878674,0.0001050864126257,4.858440003395303e-05,0.0003858307668977,0.0002112358975627
1741,0.0059676999265182,0.0045848772810702,0.2091766162172284,0.1351584776172421,0.0382234351471449,0.0092775271194202,0.0155118871842548,0.0081032512184528,0.4650474664699152,0.3192821621025319
1742,0.4357715640600887,0.0505563596581497,0.000142131055284,8.619096856457106e-06,0.1997370937114742,0.005262711637126,5.44465603617338e-05,2.419528055357132e-05,0.00032446129962,0.0001584838211426
1743,0.0056599400757561,0.0041556748003435,0.1940182662318828,0.1477728560122857,0.0127704800969501,0.0040134007769714,0.0134709662255597,0.0068457326823706,0.3948554004190403,0.2548831605718241
1744,0.16454651039648,0.0072410468260612,0.1840184619636682,0.0072967559392848,0.1705527223126545,0.0813386927728871,0.008065670613776,0.0035934361098835,0.4058103263038767,0.007275351368129
1745,0.0077761169016414,0.0058049764699687,0.2453218746612018,0.1026621314364669,0.2372948616394396,0.0386785822243764,0.0260036212643653,0.011124700865639,0.5992385889294052,0.4658259367094916
1746,0.0082980601881229,0.0061244611095099,0.2569151902463615,0.0978560931722327,0.2496458028355982,0.0376421999105218,0.0290455243295911,0.0118815025020359,0.6777204255888021,0.4923159491438971
1747,0.0082383661220341,0.0061165547693388,0.2567357567493283,0.0980655382701085,0.2468412284864389,0.044278138949145,0.0287072932095254,0.0119271755982859,0.6359708460114372,0.4908466580842287
1748,0.0140972046641928,0.0077955294653742,0.3965239552381038,0.0866703109378373,0.3226179963753492,0.0081576797932537,0.0474466464610301,0.0148127564073097,6.6870527653744,0.6001675013892782
1749,0.5071704126389772,0.0344945502779285,7.326501208608356e-05,7.214892358964781e-06,0.1520866520467063,0.0069078607842222,0.0001024577751066,3.407688297515134e-05,0.0002823842868623,0.0001817926237251
1750,0.0081642302809517,0.0060596703218072,0.250737138943882,0.0995312472871271,0.2512619573428506,0.0359977107057779,0.0285420353236309,0.0117862748738693,0.6954997099282608,0.488912715561705
1751,0.0105835451669416,0.0069853195022167,0.2836038330359325,0.0896266176051125,0.2871128253905514,0.0206741822903959,0.0370053471457715,0.0135774329650131,1.394214652500937,0.5518708548032104
1752,0.4401346403934465,0.0480228242671272,0.0001205443781045,8.338940563111705e-06,0.1783168926742286,0.0050800684447156,6.108502512488671e-05,2.208170630931758e-05,0.00029267035589,0.0001533353179498
1753,0.0076903550175886,0.0057327370432867,0.2429264605532877,0.1043864551544914,0.2296914283224807,0.0456042836337195,0.0250592856799685,0.0110284438977064,0.5993019784026486,0.4557540500959281
1754,0.0191740779889498,0.0080088793033566,4.133360848828339,0.0882378951266347,2.819442779065546,0.0054543026072977,0.0595139733007966,0.0146539326913372,71.46862171456678,0.6086851964825236
1755,0.1946583095651272,0.0052436907953974,0.1858986929072172,0.0090129244030963,0.0913036226353036,0.0222697813464174,0.0100374895917389,0.0041737038051998,0.3180183173426777,0.009010597359713
1756,0.0101155118937108,0.0067715902278978,0.2772895797923762,0.0909283575915357,0.2768664517289818,0.0225697835808583,0.0352909087312595,0.0131450797533472,1.25689936670051,0.5397688505765296
1757,0.0362381624304469,0.0043349005383737,0.1850099526563439,0.0095222657401138,0.0602379602116835,0.0196360940896855,0.0167918907995438,0.0049348098298735,0.3414543477513811,0.0096168468568626
1758,0.4567554254621159,0.044630592787497,0.0001029713913095,7.697116292540486e-06,0.1645455854110599,0.0042658728447388,7.490518246622167e-05,1.832353373708912e-05,0.0003101120629865,0.0001553251992652
1759,0.0066073066480489,0.0050999769203967,0.2227024570636032,0.120925224934052,0.1277081411408387,0.0234009155398394,0.0184765283983083,0.0093529696911503,0.5304486257201123,0.3821870014355585
1760,0.0183920796329556,0.0081832256184054,2.959929635528435,0.0873081517673838,1.9057914904111528,0.0056188880779422,0.0582155169001084,0.0150764221345727,48.33428989311802,0.6172302852213828
1761,0.3886317077423084,0.0685713439869954,0.000228831338715,1.0711206987477664e-05,0.2623952752964845,0.0036166317873772,3.845322038801993e-05,1.797003703762725e-05,0.0003444291941947,0.0001333031584359
1762,0.0071155060572845,0.0053877618698903,0.2307676118718259,0.112477022792771,0.1866573210245381,0.0386690206083523,0.0212429360250996,0.0101171929181947,0.5675093211321326,0.4158777819573719
1763,0.0117381137725737,0.0073166121894672,0.2949649645233548,0.0877605116933871,0.300514867385486,0.0138115062710318,0.0406049753910414,0.0140905068342203,2.259510628910508,0.5719993395672192
1764,0.0100490451312014,0.0067813218264562,0.277472263221946,0.0907814931127553,0.2764307989187037,0.0239408487965575,0.0351473402566237,0.0131685820615916,1.163373880601191,0.5389225407016978
1765,0.0127595554937792,0.0075454913807145,0.3027114436327965,0.0871074749296549,0.3126746048061009,0.0103708138079437,0.0436512219323393,0.0144601337963313,3.5510185116114066,0.5869681085480433
1766,0.2203211823472411,0.0131939935872506,0.0085528342489652,0.002877214197701,0.2756981869815484,0.0062491867702124,0.0021443900868502,0.0002389843127533,0.0084758038026546,0.0028841539104642
1767,0.0057430436261876,0.0038933626800574,0.185710209113113,0.1468976154003834,0.0184845106416074,0.0041493140550173,0.0124599118131786,0.0060106940164902,0.3539610281091151,0.2074642470146663
1768,0.5123151759735042,0.0352557011900845,5.8876169410073714e-05,6.999199147200918e-06,0.1436936654283158,0.0067895818556759,0.0001069043096625,3.1049267702318125e-05,0.000328739911409,0.0001841078284017
1769,0.0086635250375625,0.0062538011485608,0.2608546122837777,0.0959169575879411,0.2538655694238765,0.0344331175332937,0.0302770614375764,0.0121147518498785,0.7369867500337008,0.5021017024254861
1770,0.008076680543216,0.005987019697032,0.2539613756109341,0.0992072195134886,0.2423177532863398,0.0392365993955173,0.0277676590878167,0.0115312834276987,0.6129768640485899,0.4822147648972232
1771,0.0168822970174187,0.0081021369946447,1.2008456174746358,0.0868390345341809,0.5993520847788963,0.0059345360773908,0.0545360842588621,0.0150407580777704,20.438737849124216,0.6137954393799513
1772,0.0047744852701009,0.0036119066891401,0.1884792454929942,0.1133585531935169,0.1240882688603038,0.024099146457252,0.0109870467848464,0.0058583299584064,0.3717505696030519,0.122212755409077
1773,0.006250583932042,0.0047556375896238,0.2116347897175584,0.1317992160631418,0.0498433750290577,0.0087527189285565,0.0165029201222324,0.0084482040235545,0.4823101109751215,0.3460344016492226
1774,0.0059366251318507,0.0045637625167805,0.2076184112735036,0.1351550730848534,0.0389647679447902,0.0092812975382225,0.015404413405036,0.0080774709173682,0.4635519221792951,0.3163972769520093
1775,0.0053543696302807,0.0039043471322564,0.1909932803777025,0.1429855306978186,0.0137700187779396,0.0040861310422419,0.0124137692691205,0.0064219353192469,0.3894779811444787,0.2179380059545863
1776,0.0095920754973733,0.0066979478406763,0.2745969827796397,0.0916449102436519,0.2713206894713987,0.030114436240814,0.0338718216123013,0.0130714156468543,0.9770615314611504,0.531523149700953
1777,0.005814082555332,0.0043104349277007,0.1985131656468816,0.1461229074058718,0.0138898420454773,0.0042030331320861,0.0142028389411731,0.0072589389937319,0.4144606576420079,0.2771975141517692
1778,0.0133492039244259,0.0077143936210264,0.3280918986983937,0.0865729099712401,0.3194077779722252,0.0094068514810798,0.045484910195452,0.0147200441853726,4.712729848960247,0.5947565193541187
1779,0.4766690335300351,0.0398738345534412,9.65357973438555e-05,7.821151728165209e-06,0.1641687545821499,0.0057210879575232,8.522283203209554e-05,2.3046530094830592e-05,0.0002938285774882,0.0001585031761764
1780,0.0051876657144824,0.0038096073610867,0.1908552792231249,0.1389172260851118,0.0308345817206717,0.0058228216967175,0.0116074996345311,0.0059943681202196,0.3598085766242957,0.1919084509663232
1781,0.0109313367181952,0.0071400436052916,0.2877192187945737,0.0885731506213053,0.2911814519652813,0.0183725659469518,0.0382857628212528,0.0138590529308715,1.7228307381156045,0.5599759029536097
1782,0.0438539987430382,0.004003132205585,0.1867627495569254,0.0402357326351402,0.0554034458522111,0.0219701436827174,0.0263716124734297,0.0050669257364444,0.3378092784882476,0.0388750048731081
1783,0.0093943640666801,0.0066233694546072,0.271588042973176,0.0923022271717806,0.2683959390810226,0.0318539307668836,0.0332121018324937,0.012944444613405,0.9200931204575968,0.5270967490029707
1784,0.0091663544864994,0.0064377026551533,0.2650682441479786,0.0941803953021518,0.2639501602449215,0.0301900672500544,0.0321096710881403,0.012540067591358,0.8973391377994754,0.5174129893756909
1785,0.0131730656643608,0.0076923948821249,0.3423783348648007,0.0865024085979393,0.3170338330585842,0.0098448353346674,0.0450373911465262,0.0147021647687546,4.5609858485024,0.593378655355912
1786,0.0081947586284604,0.0060769543399385,0.2563157962449145,0.0984453989477543,0.2444365341914336,0.0425425282704743,0.0283277399142331,0.0117881559089674,0.6303916014802942,0.4863360526601956
1787,0.0079755368056868,0.0059326956447706,0.2489584712850794,0.1006444286199049,0.2393468274687344,0.0438222156782841,0.0269169439264016,0.0114704027366281,0.6126323697916328,0.4748421671235033
1788,0.0059074412614805,0.0045467427165862,0.2066906754990744,0.1373829344297428,0.0326971506347291,0.0081547829937639,0.0151808203630814,0.0079813900635276,0.4583723852685141,0.3072294863380156
1789,0.005814073790513,0.0043806019327648,0.2013579844020071,0.1425174320084656,0.0154913059786055,0.005163484350172,0.0145016590175044,0.0075299704200891,0.4270197557617269,0.2873196228321531
1790,0.0165194683416399,0.0081328058419938,1.0921178601865835,0.0867543128703254,0.5165897561224667,0.0062328981636267,0.053870663805339,0.0152279456643399,18.596469488529078,0.6173191543396688
1791,0.5135549673075706,0.0361414538385434,6.15833667635102e-05,6.645364383143016e-06,0.1471086082057226,0.0061842918665494,0.0001129342205439,2.9909412800679183e-05,0.0003547207073817,0.0001778134904125
1792,0.0137272581383289,0.0077670013336712,0.3712302552889189,0.0865379859625162,0.3219553012150494,0.0087270919396577,0.0465244941120769,0.0148022014651092,5.543291941353842,0.5987966020202812
1793,0.0081166216130782,0.0060279099383101,0.2533469980281194,0.099319485439978,0.2479398879439536,0.03667868020103,0.0282003599164374,0.011668638242934,0.662666167980454,0.4849167032012023
1794,0.4204422496910317,0.0563068489515392,0.0001649881036533,9.108178562682366e-06,0.2278172441907218,0.0031205575415698,4.5689119120321736e-05,1.3055356140292629e-05,0.0003498712662356,0.0001377878191022
1795,0.0058530407408565,0.0044719589687782,0.2052289231858491,0.1381586853649803,0.0263362748949506,0.0074556370909881,0.0149146269148268,0.0078106927618392,0.4447517846994672,0.3000503156990272
1796,0.006162207964922,0.0047280597750905,0.2111444711259586,0.1321346928931366,0.0475545258544188,0.0095777995341661,0.0162602314222269,0.0084117369670759,0.4835853201994247,0.3390235882730145
1797,0.0096466789858893,0.0066502043013735,0.2718259700250511,0.0920181115013064,0.2709565048989138,0.0274362196255921,0.0338542786706259,0.0129471077807574,1.0279844693892477,0.5302183826321439
1798,0.0101045269802488,0.0068892562580673,0.2775380822812745,0.0904525717858129,0.2814653794331573,0.0249571600612839,0.0356656399452859,0.013457275193531,1.2303158581861362,0.544340298372526
1799,0.0055244702175843,0.0041032911055011,0.191118263542704,0.1471450075915633,0.0130512049699353,0.0037326232078652,0.012899717162268,0.0066744202744654,0.3834579764467017,0.2413421138515859
1800,0.0085211851394339,0.0061880951838444,0.2614701173789982,0.096680774703586,0.252060639700852,0.0333099770193439,0.0296987005598221,0.0119531144360515,0.7496356780852006,0.4976526874955031
1801,0.0113451031271055,0.0035658760458741,0.1821677956425826,0.0318565626518948,0.0314399817424276,0.0122106347251755,0.0124920180315495,0.0050078495881689,0.3227222703003549,0.0289876629729482
1802,0.0106006791880462,0.0069845316060598,0.2822941455713491,0.0896731909553914,0.2867368670869495,0.020007289813348,0.0370606794548007,0.0135779499143472,1.5074383090255137,0.5525821424676435
1803,0.0129943670754235,0.0075986758775883,0.3040299222176204,0.0868101329885051,0.3120877531182707,0.0099663474023093,0.044343363011122,0.0145154557422629,4.116047877108266,0.5886430601096696
1804,0.0127994877815156,0.0075946852896026,0.3449231082964222,0.0868446579268637,0.3144505504504607,0.0109422059718568,0.0439116822341614,0.0145702100308872,4.155569534909761,0.5885440332464872
1805,0.4170930503786617,0.0527159854974047,0.0001469772812475,9.04901020481555e-06,0.2146422715154979,0.0043786778367794,4.665055312788642e-05,1.7410632169612046e-05,0.0003458506781118,0.0001454396447213
1806,0.5495638733620595,0.0313483286169953,4.3046458305100685e-05,6.403845083777762e-06,0.1328105934758567,0.0098286967725775,0.0001433906363284,6.01115671915981e-05,0.0004474538946531,0.0002288106326605
1807,0.0128947206136423,0.0076050756054188,0.3025014204539741,0.0868610713676555,0.3145164284119892,0.0103930906758519,0.0441353119646466,0.0145618948221163,3.9171787285186457,0.589172709252844
1808,0.5304584254475294,0.0350183506707081,5.807820345799105e-05,6.117537219956431e-06,0.1431122426516321,0.0067247533764423,0.0001116944366535,4.34958207195524e-05,0.0002822284114251,0.000201173169796
1809,0.0066860050984962,0.0051324877458803,0.2220408512022106,0.1197891580367356,0.1277953561851436,0.0211404243773945,0.0188886905076469,0.0093870323015079,0.5269954287977672,0.3892689809455005
1810,0.0070114787927975,0.0053196765745302,0.2285494079028318,0.1137310329332334,0.1813263706618541,0.0319504129722914,0.0207313869551903,0.0099286786116215,0.5491840752045163,0.412560391951571
1811,0.0048951102205424,0.0038747255138515,0.1941055690635867,0.1335032276479689,0.0233160905666569,0.0049528448400324,0.0117274924443099,0.006454333353253,0.3998038438779509,0.2105771998406023
1812,0.0060074657513393,0.0045781340832395,0.2077298999590386,0.1372264077075423,0.0297026624946058,0.0072749508206868,0.0154580304965999,0.0080360538424983,0.4589070850345461,0.3164225652959022
1813,0.0129066832683552,0.0075721462016353,0.3039728612282889,0.0870525338065312,0.3143394833165714,0.0101463256830307,0.0440776356046909,0.0145011278023945,3.9972655351446553,0.5883693634509823
1814,0.167933079014566,0.0064709135637111,0.1756094803129096,0.0083377170947442,0.1840020564105561,0.0851175368986276,0.0106024585071153,0.0036856363295492,0.3691148500999371,0.0083079328625079
1815,0.007405546306368,0.0055688260525019,0.2379188843682844,0.1075380794480941,0.2250688525850736,0.043976580311225,0.0232920188359712,0.0105910328799702,0.5811763839756808,0.4388689837832079
1816,0.010280148703264,0.00352907816946,0.1797241348849046,0.0236329720432413,0.0444464796403008,0.0140980829005991,0.0108174768813853,0.0048568791306742,0.3174134874382067,0.0215859527197278
1817,0.0059358263807805,0.0044983429308307,0.2045193907663506,0.1382913294593204,0.0271823887555104,0.0067296129891915,0.0151234161363686,0.0078600061092749,0.4449014998945705,0.3095034597043722
1818,0.007673971999277,0.0057506356499923,0.2418611909693073,0.1048663142848664,0.2279526857797226,0.0482920968894728,0.0248148077703759,0.0110616759997331,0.6055788377642756,0.4542205680845799
1819,0.0056004824777236,0.0040738666922407,0.1952196334901877,0.1474304361441415,0.0111878198488771,0.003639806480386,0.0133071883130347,0.0068051345078164,0.3981013982240253,0.2478116546171445
1820,0.006993067822173,0.0053088157821896,0.2281917066463769,0.1145195919678577,0.1842258113786125,0.0278917953362101,0.0207796999873902,0.0098851129411718,0.5493970503298548,0.413228566451813
1821,0.0067170845906423,0.0051444069136001,0.2226332214057204,0.1178244083625054,0.1423519361715818,0.0257424857962612,0.019014144633773,0.0094528584619586,0.530017806151365,0.3898705014761185
1822,0.0056250145835624,0.004286686426998,0.2036687586860382,0.1407343656409424,0.0227272880379938,0.0066962917181686,0.0140683844707936,0.0074843350973827,0.4442975049658581,0.2704937838571817
1823,0.0149766494561886,0.0079017127714286,0.581766136861082,0.086537440579117,0.3217229981999953,0.0072061533359895,0.0497480394916232,0.0149225716123047,9.68305748741574,0.6064184385465037
1824,0.427225958956588,0.0500845133518751,0.0001509162956233,9.274426158985136e-06,0.213120926382659,0.0041217533788034,4.896934985018083e-05,1.485898925735301e-05,0.0003392959958993,0.0001385078520596
1825,0.0063281550673757,0.0048921864148393,0.2158001531567165,0.1249096346917106,0.0835908600049628,0.0170157400821308,0.0173430620062396,0.0088422345680807,0.4996565839014088,0.3603221552754499
1826,0.4294827699252879,0.0559507317831106,0.0001512660952206,8.59659800425961e-06,0.2122512352377331,0.0030094853157665,4.906541963389237e-05,1.3900165589224989e-05,0.0003241461223613,0.0001349297201147
1827,0.0087459687185419,0.0063287244418945,0.264013094110239,0.095088705325586,0.2562153159129579,0.0373777855163591,0.0307890739856033,0.0123356787049206,0.7407210339418131,0.507205744008107
1828,0.0059003825690559,0.0041032853548303,0.1886327967810787,0.1494808018935079,0.0191282523863159,0.0041979816221837,0.0127460778065323,0.0062111150153656,0.3562207712537485,0.2097360423814172
1829,0.0134306557882911,0.0077392931602683,0.3776185788325915,0.0863121776451388,0.3187948729087406,0.009220362731536,0.0457463307472276,0.0147496449770842,4.950004914094491,0.5960476988780552
1830,0.0089270233945215,0.0064402883864087,0.2665799520767807,0.0940916110716466,0.2607251853327973,0.0376812085345538,0.0315820815519886,0.0126027747313403,0.7750281953813565,0.5144998352848749
1831,0.0190472602051909,0.0078823446390609,4.653839343558013,0.0886325089728808,3.216282147861369,0.0055208086947711,0.0589883568309644,0.0145053737756449,79.23066974133975,0.6053727257713947
1832,0.017156295949679,0.0081529017333298,1.4779403048761388,0.0868137935276033,0.8021352330034764,0.0059752766173246,0.0553489586139011,0.0151665495055288,25.159457539034623,0.6170721144859943
1833,0.0203433281640522,0.0047174316256956,0.2660525193885104,0.049447445219934,0.0527240933689875,0.0246173965351626,0.0176364606883244,0.0050335559794844,0.3595313028548254,0.047561918009392
1834,0.1280350893823318,0.0062082341246799,0.1980222283745624,0.0096556872775358,0.1338049720647178,0.0581479781337999,0.0086893460526833,0.0040412061273122,0.3550292154072807,0.009636872614828
1835,0.4293114119285829,0.0484126362319396,0.0001331517180735,8.791789715678687e-06,0.2007914899909771,0.0035115636283021,5.234150852679884e-05,1.4521575149878575e-05,0.0003440850250068,0.0001424367754609
1836,0.0067119709675569,0.0051188245590296,0.2227035232684655,0.1173666378278168,0.1471107467810324,0.0270291748737116,0.0190212596015303,0.0094174666278233,0.5328824967762367,0.3903837656729132
1837,0.4905295568611967,0.0396458343456719,7.820831699004265e-05,6.992628638231915e-06,0.1581212945024916,0.0047867946725211,9.952307126223474e-05,2.2082104897451412e-05,0.0003405213298805,0.0001643529767226
1838,0.0080508939679409,0.0059803171809623,0.2480754748886291,0.0997451673654652,0.2441714939043532,0.0382914810985439,0.0277393943780677,0.0115375352904596,0.612834219725797,0.4811581706109286
1839,0.0062202336133894,0.0047653160738551,0.2122312486182228,0.1294830193426585,0.0563091479134526,0.0111872944862808,0.0166134543643846,0.0085139600802723,0.4837189239713918,0.347612579105754
1840,0.0059648380550122,0.0045571075117089,0.2069499654692225,0.1354784242684343,0.0372378784152203,0.0086795237660503,0.0154042671682212,0.0080239233637734,0.4589519809135651,0.3167279678121746
1841,0.0191642431362023,0.0080456179421225,4.8951709030861705,0.0882313894935049,3.3817519313673285,0.0055136924979308,0.0596531848865437,0.0147903273605742,83.74895594982597,0.6119592659071403
1842,0.4725290167729247,0.038786777284452,8.702790665773072e-05,8.100732467209993e-06,0.1636241159506135,0.0053019912721442,8.703774335536796e-05,1.932468529080416e-05,0.0003279546206973,0.0001610623588397
1843,0.4930265302096692,0.0405211446345425,8.492076475658444e-05,7.119384515964048e-06,0.1608750408366945,0.0051170079386842,9.576543237834762e-05,2.2450014949594575e-05,0.0003168567471366,0.0001641876763573
1844,0.0061700097381717,0.0047121275927801,0.2102174865727692,0.1316780315452548,0.0473046833301426,0.0098815781874971,0.0162213023216544,0.0083383972197066,0.4737698824150164,0.3367921687727336
1845,0.0057552640554069,0.0042411623725985,0.19436420658443,0.1453373736344089,0.0117170140205741,0.0042028832977135,0.0138118589521084,0.0070171301475549,0.3951121418537757,0.2592277992828649
1846,0.0182498220627158,0.0082099315669731,2.6820061543979934,0.0871232071569829,1.6965071613115292,0.0056541499020761,0.057958795651738,0.0151382475487121,43.91205158364662,0.618199197664913
1847,0.0182971890406199,0.0081712474289037,2.8289770388469573,0.0874549474175749,1.8091532588473105,0.0056351027084994,0.0579780810952558,0.0150807193894925,46.5895667957776,0.617341392207859
1848,0.0083742903748677,0.0061917453731544,0.2583826520058369,0.0971483723113096,0.2517249893075592,0.0392792639396399,0.0294460999610128,0.0120515155899126,0.6599628962291457,0.4967511506817909
1849,0.0184894593249234,0.0081113761023594,3.060930098071783,0.0875797574361966,1.9877558055744455,0.0055713756330971,0.0582134799680392,0.0149042634015788,50.28606519693133,0.6134350997604741
1850,0.0069839455173947,0.0059710293634356,0.2088548277800864,0.1302807581743865,0.0618917709931981,0.0399349137041334,0.0082005876642801,0.0053323050844651,0.3939349497336615,0.1007388090952512
1851,0.0059550935947523,0.0045203888679471,0.2040915727726483,0.1390323511827657,0.0294440738173588,0.0067489364601726,0.0151021756288826,0.0078187379801576,0.443707344210374,0.3026778239926044
1852,0.0059883308431422,0.0046473627643051,0.2095920764385447,0.1326086694699917,0.0457082778263951,0.0115270373576048,0.0157815971974857,0.0082325758273541,0.4682102192798089,0.3215078738945655
1853,0.0048628773058823,0.0037942204388179,0.2380857405734174,0.0569712000530458,0.1031202985476686,0.0171033594321371,0.0096288653245083,0.0052892512979651,0.330866085620019,0.0486400329835413
1854,0.0060556042513531,0.0046470702077649,0.2099641041473643,0.1323093252602731,0.0447422459030113,0.0102518268840686,0.0159397833334764,0.008280810669078,0.471953765162598,0.332520141259352
1855,0.0070813161921725,0.0053367014960203,0.2328181503561431,0.1115672288083038,0.183013926396261,0.0322091405866647,0.0209685685713648,0.0098946714003999,0.5413692154926668,0.4149720705063922
1856,0.5238846798553727,0.0337674170756934,6.177902109973694e-05,6.954379681096144e-06,0.1435191978137646,0.0078835621482324,0.0001100179369633,3.8332136021190274e-05,0.0003193182017769,0.0001901871003029
1857,0.3982719766948142,0.0626483101269505,0.0002064184648974,1.0580680245441509e-05,0.2556514658203155,0.0033769373526768,3.405581992289675e-05,1.272887594041686e-05,0.0003241214376532,0.000126031708566
1858,0.0091615151046762,0.0064951141762445,0.2697426988587164,0.093288127093339,0.2621983661806257,0.032931403283129,0.0322761167315851,0.012647767018791,0.8517237485769312,0.5183386658135309
1859,0.0177108657908536,0.0032060614669372,0.1827386307388118,0.0178813032105098,0.0884254738009604,0.0242306501730697,0.016191324962116,0.004787560607299,0.351296300787675,0.0166008333140577
1860,0.0089168414553687,0.0063318773219146,0.2626807620757512,0.0951909488704526,0.2589248320796432,0.0321449894230571,0.0311356983823278,0.0122938047423567,0.8338629695366369,0.5096883453798312
1861,0.5239636983700211,0.0321013039191704,5.83340417624448e-05,7.061065337492661e-06,0.1454574570395004,0.0073550221898844,0.0001125665553704,3.642768617074818e-05,0.0003071868154026,0.0001895373756382
1862,0.0172053562736314,0.0081896274670213,1.3499710490188943,0.0868039574026546,0.7087646458505096,0.0059005729189455,0.0555485109023818,0.0152233832398069,23.48007095569437,0.6186064088529387
1863,0.0081263620515171,0.0060188619679916,0.2515636224308346,0.0989360362591897,0.2462455804654712,0.0365034899406431,0.0282251701281792,0.0116156150181788,0.6545204371211576,0.4853265334403859
1864,0.0193044354420096,0.0081219637164235,5.221323052947911,0.0878921807711044,3.616623868776168,0.0054714049490493,0.0601249130693556,0.014863486263824,85.90032608370618,0.6133476345387832
1865,0.0147903477169784,0.0079083917033237,0.608439383514542,0.0865527490392504,0.3264596202477232,0.0073902589950693,0.0493393434065239,0.0149642071861348,9.154172160929138,0.6066398208946496
1866,0.0066919276017325,0.005136093864493,0.2251136802665501,0.1196024412672151,0.1384339790196004,0.0308787587941168,0.0189530445594254,0.0095314847547785,0.5409849508626271,0.3864076025259189
1867,0.0061789261826741,0.0047977954551575,0.2130854076530114,0.129099531772657,0.0586307239206697,0.0125978874668944,0.0167145938066029,0.008605750281227,0.4894034993548797,0.3453966575989842
1868,0.0078160517473431,0.0058325547894535,0.2456563331371971,0.102982235676669,0.2324152412663262,0.0478430175766214,0.0256891188096608,0.0112634429277693,0.6131934106604168,0.4625890248667567
1869,0.0096974208979969,0.0067372786256108,0.2732334853658441,0.0915222482294794,0.2742397530171665,0.0292847287509557,0.0342771679913261,0.0131745084672948,0.9971987557990566,0.5342011298622573
1870,0.0055930461362735,0.004360502438035,0.2038396589798435,0.137583692293479,0.0341188140920152,0.0099354476090782,0.0142272407596158,0.0076251203339427,0.4482630372367555,0.2769010941186481
1871,0.0176026314945198,0.0081823402633544,2.02086775810808,0.0871521461160551,1.2047942887481722,0.0058142918779665,0.0564480779972105,0.0151918238803793,32.40371221929938,0.6187164754863751
1872,0.0063139383220785,0.0053410167587086,0.2705715956587365,0.1881216667373699,0.0875624121169384,0.0419174300074999,0.0084400950757409,0.0052360073111779,0.3795444246011977,0.1207455105707399
1873,0.4580114816471123,0.0445435207812455,0.0001034070674841,7.74961038715692e-06,0.1661745136008235,0.0042718692551821,7.609083359225275e-05,1.8621921349311694e-05,0.0002994139094555,0.0001532167214891
1874,0.1056472608197206,0.0050100533432062,0.2083718100994697,0.0577101528912112,0.1247395705403574,0.0433878177598018,0.0395422722857518,0.0058976297851896,0.3385469008348759,0.0572634468011855
1875,0.0071132496168829,0.0053714879125915,0.2297415856612239,0.1119526936860773,0.1929299508469889,0.0331618922724025,0.0213293718467195,0.010037327877647,0.5554120066771728,0.4190572253744818
1876,0.0079649089636275,0.0059249144999745,0.2497012241818202,0.1008341026240604,0.2374686564754874,0.0477665767397499,0.0267256870595756,0.0114710023186759,0.6173358676464757,0.4725362434159021
1877,0.0161214193335025,0.0080485771301458,1.096348075394442,0.0866942998263031,0.5186608855931856,0.0063495546711469,0.0527415141225971,0.0150837345947966,16.252902335321153,0.6132596515219132
1878,0.0192085180946246,0.0079022418391003,5.059313970141384,0.0884826543887284,3.518715970292588,0.0054919168214898,0.0593854043756423,0.0144941043121402,86.4276569568869,0.6049765089686988
1879,0.0127443053165915,0.0076199914337845,0.30437921386423,0.0866028277162867,0.3151018613662826,0.0108687922773462,0.0438227361728705,0.0146051154683448,3.463989782390917,0.5891746860887009
1880,0.0058255885795425,0.0045776540387251,0.2098556629574559,0.1330847583455217,0.043659243995694,0.0130358276655195,0.0154850793023012,0.0081774590876233,0.4732982330548509,0.3111003304967172
1881,0.014330651968275,0.0078243320999232,0.5371539861329866,0.086459998599379,0.3215333998749805,0.0078877838651899,0.048076269949933,0.014845858681992,7.697112538831928,0.6024017071357979
1882,0.0049870772669001,0.0037875846701402,0.1875578150484954,0.1067724901475963,0.1033067988819539,0.0194800400447337,0.0113024425038512,0.0060146310551816,0.3679578960540808,0.1983542897307791
1883,0.0057082744135175,0.0042948807459354,0.1971556037875209,0.1426337578005613,0.0231396054761745,0.0055864537420237,0.0139815128076483,0.0072672627338372,0.4176079181333564,0.2688877902580034
1884,0.009622548443773,0.0066605899719768,0.2734339432378298,0.0919326350355248,0.2714761260838427,0.0284137518956275,0.033839267327941,0.0129830115044203,1.0156376429401668,0.5307339067108867
1885,0.356473357968019,0.0061892781554071,0.2233950446398256,0.0113405600286339,0.1120475097878878,0.0435754879138612,0.0113370782050273,0.0046223119729125,0.3697467979417178,0.0113472488062119
1886,0.0105943887049059,0.0069694182271653,0.2831810212393126,0.0897048237494557,0.2857123889809301,0.0197935720116388,0.0369907471323152,0.0135389436944152,1.5735500564578,0.551850243765179
1887,0.0187184064010316,0.0082316107441397,3.5791499392365758,0.0872999924481673,2.365185502065005,0.0055546881523336,0.0590775158480249,0.0151249539807848,57.33437956548761,0.6186000464741948
1888,0.0080396538099315,0.0059650603635153,0.2508897896203999,0.0997489642476465,0.2371846830145265,0.046383184661683,0.0271198337774033,0.0115260758930067,0.6186267101303791,0.4760843539295651
1889,0.009170113674074,0.0065151207402147,0.2695061200611163,0.0930364539664329,0.2624412971619532,0.0346229726977454,0.0323153475825035,0.0126870092452299,0.8167036211553279,0.5190979792205148
1890,0.0048601138712756,0.003654587785176,0.1925102763043976,0.074926232811235,0.0709272042483933,0.0156733388527808,0.0113063552948878,0.0060112438867135,0.3905819734819557,0.1326096407393695
1891,0.0046274571651803,0.0034712899298513,0.207588522796784,0.0641458989840358,0.0457813274818611,0.0136014267602708,0.0101745898094805,0.0054541639671158,0.3605210093416918,0.0716114106390364
1892,0.0054078779144924,0.0041026271409412,0.2436321822604954,0.1471830821898755,0.0990215713181224,0.0139841557301166,0.0106814558432635,0.0056996432902219,0.3319104114125929,0.1719371535276309
1893,0.0058645643513726,0.0045246428156816,0.2072539957258428,0.1373572450431545,0.0296155227665891,0.0087591699513128,0.0150830797101383,0.0079714803475283,0.4589305759914407,0.3066403829348871
1894,0.170194854741434,0.006700888689345,0.2206712216586173,0.0188841524246176,0.1291576953119283,0.0358723642179134,0.011504371350656,0.0051299932767022,0.3626025362038274,0.018928619112927
1895,0.0058897571608813,0.0045395481123681,0.2064043558285853,0.1364400888197436,0.0322411484821896,0.0091791852957973,0.0151100093178479,0.0079411252358286,0.4575471823059669,0.3044408792790664
1896,0.0050187373247262,0.0038196848641768,0.2240430776947747,0.1603119406141399,0.0231098418431272,0.0064885774015053,0.0113081057759386,0.0059723936308103,0.3588772909071616,0.1852999682982523
1897,0.0108217851651825,0.0070750714042861,0.2864148772881879,0.0887844985650153,0.287718750675435,0.0188463360304115,0.0377836105859729,0.0136900999465674,1.5046014447306657,0.5561255897018903
1898,0.3773272761784192,0.0070080804829881,0.2048972998889698,0.0194599245360377,0.1135133041841759,0.0483695595730127,0.0121645522885857,0.0052404725518468,0.3673862866011285,0.0194184189036498
1899,0.0115749058632428,0.0034064150248487,0.2176894118214075,0.0203948370999676,0.0647610950904191,0.0215384640895915,0.0104577785821894,0.0047802447717829,0.3240656558525898,0.019478176126868
1900,0.5177821069835759,0.0361061361794621,6.630362324350157e-05,7.214646142763403e-06,0.1475846303533539,0.0079790487509191,0.0001164373390473,3.1933401887479446e-05,0.0003525306243109,0.0001817766193745
1901,0.0058373958351697,0.0044817539539696,0.2059740698636244,0.1393430432822146,0.0251116825649656,0.0072423115326889,0.0148798682381407,0.0078155819006674,0.4528587248991115,0.2962447294955704
1902,0.0070879997853765,0.0053577023151028,0.2300790281217737,0.1112003309372069,0.1839878394940655,0.0412814589860034,0.0209139884517064,0.0100042771509642,0.5560837497081339,0.4127678236118918
1903,0.0069582105686897,0.0052671124438926,0.2272029644214079,0.1146138940328288,0.1735949646215949,0.0299573953826902,0.020482640249578,0.0098078456222968,0.5468262230296105,0.4086776275234637
1904,0.4905347554619795,0.0402351808819645,8.766906952307687e-05,7.516890560455707e-06,0.1640017644693213,0.0054877297445561,9.592154098888462e-05,2.1085667310238272e-05,0.0003371840907516,0.0001632038293209
1905,0.0053848101079224,0.003904249366723,0.1883578544440549,0.1447588971592026,0.0155195994692929,0.0041458649844,0.0125107290834923,0.0064439698899723,0.3905644723559512,0.2229173906266322
1906,0.0049199196159322,0.0039054144416737,0.1890136720142306,0.1331019490802286,0.0240208419663465,0.0046807343871264,0.0114034371117469,0.0062505551861349,0.3676802885822859,0.2128749799748107
1907,0.0089005913901076,0.0064550862253071,0.2678155491962493,0.093612209928368,0.2576884255660532,0.0393538740920394,0.0315413978054749,0.0125980648076596,0.7241138369081406,0.5130640993609955
1908,0.0174957344814612,0.0081964008463302,1.976128783847355,0.0865873077346729,1.1651502799666713,0.0058849499470552,0.0562356123914388,0.0151968856460093,31.72153842329843,0.6180377546404987
1909,0.019328625840649,0.0079597487823301,5.231612286088307,0.0883699475333214,3.648375403294636,0.0054720121280493,0.0598016109751319,0.0145905365193995,90.7677112555784,0.6073898676501255
1910,0.5145285858981781,0.0382784035957115,6.818119709639841e-05,6.521418940248426e-06,0.1490094906584844,0.0059678051481856,0.000112925284823,3.0216577856277622e-05,0.0003376324587501,0.0001818510136669
1911,0.0079951405906253,0.0059499977432077,0.249858764170304,0.1005097552583081,0.2421131041178743,0.0408184969853676,0.027303710792506,0.0115064231120736,0.6187042370877456,0.4774164384087195
1912,0.0072949825361358,0.0054883366650442,0.234913647775044,0.1096523940214523,0.2093846661282997,0.03224586739824,0.0225277496041908,0.0102881674887248,0.5618990430841275,0.4317408923438656
1913,0.0190621611967326,0.0076887920808362,6.088747989942034,0.0889737971691646,4.298204488465054,0.0056699445514467,0.0586583579161219,0.0142086973459681,108.88047645509124,0.5978506591947712
1914,0.0125409777073744,0.0033356923429329,0.1859595606813423,0.0310085003431894,0.0442724063081365,0.0153220865458563,0.0134140825823183,0.0050787167480069,0.3549667159809186,0.0279848337075648
1915,0.0063944502901212,0.0049545619416595,0.2181401950624375,0.1247441492630287,0.0899989575385642,0.0179200574960007,0.017636640101678,0.0090047374268895,0.5128604065511068,0.3648289634595184
1916,0.4147231289732562,0.0599184387151672,0.0001707340957423,9.186068567727674e-06,0.2313219638426899,0.0035464121603107,4.18226174088423e-05,1.672190002646237e-05,0.0003348126496419,0.000138271962543
1917,0.0081021552262642,0.0060289686466136,0.2507087594883379,0.0991301337976658,0.2457411426454163,0.0395555099701088,0.0280851757509039,0.0116676008884178,0.6244243981686155,0.4848691809663807
1918,0.0063829335861483,0.0049388542470387,0.2168130885662463,0.1250649738405313,0.0826984126090357,0.0139751691135026,0.0175203400598798,0.008882569536585,0.5002143499822408,0.3678793960517089
1919,0.0174471580283436,0.00817453301215,1.5055025288672423,0.0868833716896013,0.8258838379644418,0.0058564886972971,0.0560480614344088,0.0151643312325262,27.194780354917395,0.6176182314142034
1920,0.0081015105310185,0.0060311618645508,0.2517696807052116,0.0991437257367949,0.2467865061098776,0.0377892151703098,0.0282563209782742,0.0116735291641489,0.6426378885304833,0.4857803426731009
1921,0.0172147578929352,0.0072275205336757,4.368066163922184,0.0892644581381131,2.9787246948579376,0.006663048545902,0.0532951430210383,0.0135460047221725,64.92136498609499,0.5781353891035349
1922,0.4384632116238627,0.0478869371448231,0.0001196379581146,8.322263859021586e-06,0.177786243479737,0.0044984060509705,6.170394839310992e-05,1.8957974243036395e-05,0.0003318982625963,0.0001536483959227
1923,0.0093262006190481,0.0065787795199064,0.2701325268002631,0.0924212265476513,0.2652416722375351,0.0334545562342688,0.0328685453739497,0.012813682015724,0.8415678076085435,0.5233745252894871
1924,0.0084736309429798,0.0061723864411865,0.2593936711281812,0.0967940939306905,0.2513331853036337,0.0370485404291788,0.0295327899926988,0.0119541199952368,0.6801396864556565,0.4973068391118611
1925,0.0074567848230473,0.0056006170971806,0.2374157660895394,0.1073904205395171,0.2230158037865606,0.0424095128564638,0.023718333557292,0.0106863013399828,0.589981156674826,0.442955158594697
1926,0.0089583604646149,0.0063491468314694,0.2616449923852476,0.0950408496480494,0.2596252249890881,0.0310093295956426,0.0313287679040187,0.0123321391130245,0.8596844392386448,0.5104603909844794
1927,0.2800795740674945,0.0063231824165354,0.178679033603539,0.0195497924917606,0.1041172679237551,0.0437150385940415,0.0118541180107255,0.0054068528159857,0.3266118887223455,0.0195571855088491
1928,0.006392114698539,0.0049208564130109,0.2169859896827325,0.1242240932402514,0.0852557642878897,0.0152998768015361,0.0175402519392426,0.0088564689595481,0.4987432461034781,0.3664069177879535
1929,0.012920657272174,0.007594274288794,0.3038441443626715,0.0868818293604755,0.3141276691006991,0.0101086251853688,0.0441749506579584,0.0145367408801145,3.872458417373001,0.5887392654501741
1930,0.0075763569319324,0.0056645794971338,0.2419704366412863,0.1057876592055826,0.2271618253462305,0.0430110701642358,0.0244342297991827,0.0108556954350197,0.590642821471952,0.4500849758150566
1931,0.0069573077740223,0.0052892431310493,0.2281674159324856,0.1141717395624128,0.1790818663120496,0.0328560162442163,0.0204113723894871,0.0098474827017091,0.5541182769109183,0.4086460201057482
1932,0.0179942551566967,0.0082085798521068,2.367072881919911,0.0871659932989764,1.4627911181687747,0.0056934761567815,0.057388005247788,0.0151782040819821,38.34258963218552,0.619182953509933
1933,0.0059552515434288,0.0039056330746591,0.18735859204407,0.1408666365150736,0.0145772983090761,0.0043827765900073,0.0131970916422836,0.0062845687775702,0.3751211530597346,0.2088949294513637
1934,0.060454592678454,0.0052112793836557,0.2052854035553614,0.0181993537419945,0.0860530860724107,0.0124608540800264,0.017071029026966,0.005200036711645,0.3534065429806811,0.018135054858051
1935,0.4692852189898661,0.0415908218700032,9.20891800214636e-05,7.63089411197403e-06,0.1643139530546903,0.004462558562906,8.371263335724434e-05,1.7727766338374643e-05,0.0003054439725068,0.0001525501507995
1936,0.4782181428013317,0.0412305397052228,8.586438409041009e-05,7.1814782197662265e-06,0.1590320623207733,0.005532039859499,8.969470468239055e-05,2.9246060107292503e-05,0.0002587813473969,0.0001720633744384
1937,0.0097268425954221,0.0066871039624963,0.273995279839288,0.0915484844560384,0.2717403844782955,0.0272470851573884,0.034123165668409,0.0130029053629195,1.0133442819905818,0.5324691191696157
1938,0.0049930881157117,0.0036331606420947,0.1868156924808728,0.0467825441378149,0.0413961121471601,0.0180763806455431,0.0103724080234886,0.0053197313350914,0.3417454943658694,0.0385829047438011
1939,0.4338875578657081,0.0551642270946712,0.0001439619290582,8.420168882987262e-06,0.2017594930555091,0.0038681376054937,5.261642949212313e-05,1.7772937272691336e-05,0.0003160240956745,0.0001455494588587
1940,0.5066036981807509,0.039258732067373,7.402220991921853e-05,6.703968029202037e-06,0.1533001689149795,0.0058771489406896,0.000109243229974,2.7111473493724896e-05,0.0003491759757198,0.0001721644632212
1941,0.0117136661277674,0.0073854332807772,0.2976881580271689,0.0874587226690867,0.3041738173091063,0.0147893711639988,0.0407224516443868,0.0142408136522569,2.045261283497366,0.5740624511299838
1942,0.0052361704686069,0.0039911196612543,0.1899008755202626,0.1378980340716241,0.0225632665029203,0.0042987832466029,0.0119209207836385,0.0063055143681369,0.3712206944226898,0.2110409819640782
1943,0.0074026000282001,0.005554562871877,0.2370696922557943,0.1076251806382247,0.2129271447066362,0.0445015174117726,0.0230081795773781,0.0105269947324323,0.57840675741022,0.4354006734186829
1944,0.0050677251550412,0.0038819776203134,0.1890527769559838,0.1341763485278883,0.02025113356551,0.0051295583580891,0.0117000830054897,0.0062024172799697,0.3674775330319622,0.2118065930239008
1945,0.0110567482230348,0.0071498860343139,0.2881352007079863,0.0885918861576504,0.292621998508815,0.0175057034698286,0.0385458868510653,0.0138382337806606,1.699302293809111,0.5614422605283168
1946,0.0165427263583951,0.0080940409299962,1.1171426955133323,0.0868188404763495,0.5356752727158997,0.0061895265856852,0.05380381067033,0.0151275631599382,19.15054982437317,0.6151300705135038
1947,0.0085504599237563,0.0061889721494941,0.2605162708489149,0.0964876987194885,0.2514101671600374,0.0355380642302041,0.0297888711186529,0.0119721988335538,0.710951642588699,0.4984298298678515
1948,0.1108527247403225,0.0307999915683415,0.0001849053607302,5.839045285301091e-05,0.3419230716110407,0.0075757135803486,3.0787287870206e-05,7.281450347705361e-06,0.000347636141792,0.0001561732483221
1949,0.0174241205677637,0.0072240413542753,6.442845090598193,0.08925662090631,4.511494850833466,0.0067132632079202,0.0538250549529346,0.0135425629043852,90.68134136992728,0.5779616555027133
1950,0.023268874008953,0.0034086343704498,0.2426873017827934,0.0559810621751683,0.0586665766834009,0.0206207173312946,0.0226012730165119,0.0045426499139996,0.3106540706083026,0.0536937065012259
1951,0.0058890321413755,0.0042476250236883,0.1963116372127389,0.1465682091138218,0.0131896841271704,0.0042471677380901,0.014185762383322,0.0070516187865279,0.3919594722654161,0.2715782140456202
1952,0.4612951482997179,0.0442700507539423,0.0001012789594867,7.684935669362414e-06,0.1668000264110978,0.0047055316845266,7.247667264895478e-05,2.2008862056525773e-05,0.00030915564856,0.0001631038862306
1953,0.013260395403176,0.0077283503835496,0.3085191205922068,0.0863956225495688,0.3200416388877001,0.0097203934365851,0.0453329157049801,0.0147698953718649,4.526431388995825,0.5953130370031966
1954,0.0167301859054471,0.0081190808156312,1.2863231240295925,0.086669744126416,0.6585869936989899,0.0060541985633499,0.054271641163038,0.0151183699472893,20.29091193235041,0.6151498798036795
1955,0.0184034302234769,0.0081961595176723,2.7748449728099347,0.0872840844936177,1.7701490519784913,0.0055951639405105,0.0582588252294974,0.0150840827960622,46.06889362408168,0.6173581565235403
1956,0.0071591465329913,0.0054054438347912,0.2327264951687819,0.1110824712663758,0.2024644994463636,0.0367799528708183,0.021627739937771,0.0101270648460697,0.5590153156816751,0.4215776955294972
1957,0.4477769672063039,0.049331724137436,0.000124547059451,8.05126218526333e-06,0.1773439884912213,0.0043863985859298,6.438607615574218e-05,1.907484651490969e-05,0.0003162388543323,0.000154297202355
1958,0.0058382133921859,0.0042277839086594,0.1974142036556799,0.1417713549865527,0.0146740068107807,0.0048878844754416,0.0140673839365459,0.0071059362272131,0.4059239444333086,0.2628291088644435
1959,0.0208765924310844,0.0040182644262455,0.1997170080652169,0.015735478568034,0.0485701068362842,0.0199991262862375,0.0148927099650168,0.0048093904847335,0.3505602609797346,0.0153505002213129
1960,0.107104480555693,0.0154566473004939,0.0001306309868633,4.469522007919404e-05,0.2766621522505108,0.0051325609265429,1.4216638364404097e-05,5.0724514854677394e-06,0.0003618178511746,0.0001795942257283
1961,0.0190405132324728,0.0078824600978239,4.3536271503108965,0.0885625885525581,2.9920450740910245,0.0055151422512155,0.0589617372144693,0.0144952610696187,76.66968719042164,0.6051631325713607
1962,0.0072276817668402,0.0054466924600439,0.2312649366574186,0.1103229951739799,0.2049267526660531,0.0371761150312791,0.0221480891022484,0.0102709694693562,0.5684738598567992,0.4280793133477382
1963,0.0090421719494673,0.0065073880061555,0.2723452258767185,0.0928853102470987,0.2599146607672687,0.0389020334590602,0.0320078673696465,0.0127012016618844,0.7503753239866278,0.5173050077881056
1964,0.0165151664415879,0.0081238177563487,1.080546893832662,0.0866055848814383,0.5073728469501358,0.0061889506558329,0.0538096867328473,0.0151667871063625,18.20570288793125,0.6156846732882629
1965,0.4935817000800532,0.0386587237920235,8.589204511322103e-05,7.264074087147375e-06,0.162489321602635,0.006684735400838,9.017300174618702e-05,3.428557652890193e-05,0.0002714755796775,0.000179888897936
1966,0.0066191712072682,0.0050756149035602,0.2203187255496679,0.1202921053265101,0.1197712898639425,0.0175888303188779,0.0185864377746049,0.0092039473871363,0.5146747300604065,0.3864704896455708
1967,0.0175663454233252,0.0081853235994615,1.7555357537058345,0.0868054665009793,1.008392860347982,0.0057698563444258,0.0563306570999645,0.0151418395470661,28.821318388335712,0.6173160203673603
1968,0.0061294598749909,0.0047821791582807,0.2156869176151064,0.1294335954161252,0.0601388669137316,0.0151402301473598,0.0166956490843345,0.0086154291610956,0.4958699759307263,0.3415924874098677
1969,0.0082752214833788,0.0061489000258688,0.2576987354511457,0.0974175806189216,0.2460123892289935,0.0445796415297634,0.0287959994986721,0.01196266689794,0.6437186037457893,0.4911391812856759
1970,0.0081679117537804,0.0060617402023477,0.2538392267518101,0.0985732401628354,0.2450659781758081,0.0405942729076491,0.0282812384478003,0.0117404703822177,0.6284441351909402,0.486022580605411
1971,0.4464923822572388,0.0499404771320998,0.0001268839352069,7.95100268018531e-06,0.1821218722784012,0.0031207223343791,6.289450428085613e-05,1.388352922586527e-05,0.0003330055626417,0.0001423762078182
1972,0.0187831069441767,0.0080853982258079,3.3088125729456106,0.0878464638472847,2.1851637772230097,0.0055210912488721,0.058835504537234,0.0148493503570122,56.99193418742293,0.6129810177473004
1973,0.0186542582906195,0.0081117011799275,3.0393308032045083,0.0877603356864781,1.9794854756731657,0.0055217725670283,0.0585788442524932,0.0148868794605957,51.86094162456471,0.6134593519276863
1974,0.0055514269102103,0.0043452254370972,0.2044485531684901,0.1394751419437451,0.0259406778806474,0.0085805158637427,0.0140668233428497,0.0076075439853499,0.448993113729062,0.270054237209423
1975,0.0138578135619034,0.0077734824047741,0.4889281588248227,0.086482046863136,0.3211169237901352,0.0086911693114586,0.0468479424805567,0.0147994775275693,6.560059574027413,0.5992159070160756
1976,0.005697688808424,0.0044317813966962,0.2060259270651402,0.1389737601359897,0.0258224594436585,0.0081822471855654,0.0145710230566875,0.0078121069720201,0.4576573782458111,0.287958521793518
1977,0.0108152024234331,0.0070885400568063,0.2865594539577133,0.0887707211435741,0.2884956680502562,0.0189486747322549,0.0378396556086152,0.0137418955374945,1.6149186334084016,0.5570845157528495
1978,0.0098953685941586,0.006804375877703,0.2781550621976058,0.0906986164958464,0.2765896394107326,0.0278215600122877,0.0348868483007289,0.0132711903735131,1.0361401474035687,0.5386455709675094
1979,0.007114309766978,0.0053813636988156,0.2310276251626899,0.1114282775064094,0.1980843541868127,0.0360871330379588,0.0213585693825972,0.0100713043981554,0.5588368255743472,0.4195800117057618
1980,0.0082869951729107,0.0061291241575714,0.2578710100382347,0.098161871086294,0.2507604769210112,0.0371625850750086,0.029063730426501,0.0119160537273365,0.691410815336747,0.4925571057662598
1981,0.0074435436509741,0.0055932470723796,0.2391203702581104,0.107260800356635,0.2191759443585612,0.0418332661449559,0.0234182217811337,0.0106220325772179,0.581307027163881,0.4408886797528964
1982,0.0051668960504169,0.0040508765063287,0.1932686392316742,0.1436308670756116,0.0158371898519051,0.0042119497887323,0.0121262648062537,0.0065411554590935,0.3860140217711806,0.2304603253110706
1983,0.0058361275930317,0.0045239662058308,0.2082960546796062,0.136916066744571,0.0368338471835813,0.0099318305829042,0.015063648410082,0.0079917522001795,0.463559433614921,0.3051159112323711
1984,0.005690686555156,0.004312126193144,0.1998948275122345,0.1404398226505348,0.0221461570822887,0.0061568636140363,0.0141458151672925,0.007413070161242,0.4345284683260891,0.2772324702835579
1985,0.0060979435897671,0.0047106061078476,0.2107704968208914,0.1313157279113414,0.0503708307708381,0.0114185873550505,0.0162085873987975,0.0083902547059606,0.4765485516422018,0.3345504556316825
1986,0.0094894690633355,0.0065885188298694,0.2725737731546767,0.0925129222409301,0.2690893985964354,0.0294768517393323,0.0332951834227697,0.0128385448341268,0.9446035517253442,0.5266667701604385
1987,0.4730847634419696,0.0414476255900514,8.968869624707384e-05,7.444910788494324e-06,0.1634817223039847,0.004609620446213,8.650722860645971e-05,2.0950972684899565e-05,0.0003006623279442,0.0001584371196175
1988,0.4994663197638466,0.0406075888716112,8.019015338771047e-05,6.997347114447161e-06,0.1583335539682406,0.0060698593489643,0.0001036057871027,2.613670018910164e-05,0.0003097572049988,0.0001683283562457
1989,0.0120948483017985,0.0074536487892205,0.2972575719378102,0.0872962222157739,0.3075226061052499,0.0128059577401031,0.0418476781111754,0.0143518593768965,2.740974071903122,0.5792040000178963
1990,0.011251060895151,0.0071578578079079,0.2877050633323951,0.0886082182846793,0.2945531224810905,0.0160056642459649,0.0390758986861378,0.0138620519091317,2.042052970688274,0.5636547846835978
1991,0.0156794225266223,0.0080555004602142,0.7855320588430504,0.086440705040694,0.3273882565447911,0.0066681788965759,0.0517536194269782,0.0151455409751797,12.813515457406671,0.6133110269776405
1992,0.0188066486873287,0.0081616013823923,3.391342841958389,0.0877230784563693,2.240645113226653,0.0055395049642203,0.0590961075504668,0.0150047543859741,58.653177680319466,0.6163367066090398
1993,0.0080323454220379,0.0059728827585907,0.2507442080438438,0.0999976625976455,0.2371408855788201,0.0500278480944714,0.0271282096474948,0.0116007195909398,0.6269532305702702,0.4755370667974439
1994,0.0080128856091965,0.0059438579122294,0.2522534535772409,0.1000275704293436,0.2396090989780693,0.0428992856922907,0.027212017350231,0.0114776850372323,0.6120091292357278,0.4771778170159461
1995,0.0063205037603478,0.0048451931300422,0.2143397693747412,0.1286848764847949,0.0673282972490968,0.0111849238534476,0.0169960885603073,0.008661103590755,0.4872554128352785,0.3569907473441947
1996,0.0072187758934764,0.0054709982408618,0.2320278862635547,0.1108401693665859,0.2072488147891396,0.035689718155806,0.0221257337164105,0.0103018989825193,0.5740099293202585,0.4280079185270509
1997,0.0057530881623949,0.0044858945702198,0.2077710073600411,0.1381923424949485,0.0320136356527196,0.0087672718236897,0.0148957679842227,0.0079561798796152,0.4676205796023553,0.2983273764924183
1998,0.004436160666233,0.0035047284754392,0.406608635599441,0.2009815422510111,0.1337517495074723,0.0248635145975793,0.0098616009730561,0.0055769370326413,0.3542760577942906,0.1596620570772772
1999,0.1245674203329887,0.007037325467744,0.1778800240208807,0.0109329560510334,0.1456936470439338,0.0631425836946899,0.0107819262500574,0.0044254826585802,0.3671068433452849,0.0109150143142993
2000,0.0150996070469731,0.0079567126229477,0.5236738674963536,0.0864013358278581,0.3249357727806483,0.0069817324495226,0.0501603056243063,0.0149984950105239,9.413366995376428,0.6084947109545351
2001,0.4908533288373216,0.0416197714911747,8.648069946994372e-05,7.142618578230562e-06,0.1605782878992625,0.0053162691449997,9.82112221014686e-05,2.391418937493764e-05,0.0003232439270212,0.000167075518865
2002,0.0121659108321087,0.0074756136519228,0.2984594202893531,0.087026171126071,0.3070155709131775,0.0124817463117783,0.0420521017670858,0.014362058304165,2.5874421766626785,0.5803094591365736
2003,0.0136345918218054,0.0077531938476463,0.3111995027299942,0.0865268294722829,0.3206423151094691,0.0087513953371948,0.0462309014884329,0.0147513203073304,5.049053214430173,0.5970601928114866
2004,0.4870143658823903,0.044799816572244,8.934146041238019e-05,6.778774512017008e-06,0.1617278098850453,0.0046295861843606,9.50635325285157e-05,2.5078387913625605e-05,0.0003080903917023,0.0001664153090334
2005,0.0058377664120388,0.0041200250044612,0.1906967141280014,0.1240241931366761,0.0243664652895612,0.0060774801895998,0.0122901302451786,0.0060606729956066,0.3518079228160304,0.1609970890431717
2006,0.009899628952873,0.0067377287572623,0.2759783748127577,0.0911854926755141,0.2740625858969703,0.0247206200920364,0.0346971346458158,0.0130968326402921,1.1585775672124283,0.5362218074173963
2007,0.0126984249360152,0.0075593006372482,0.3053032934726338,0.0871021637974427,0.3139828185423476,0.0109485941575441,0.043592029833514,0.0145202677314718,3.808890291169684,0.5867084502592937
2008,0.0054666071529254,0.0043030242326833,0.2606191437536019,0.0424025532352689,0.0722823899509626,0.0296507422800962,0.0097481050294479,0.0054513669920749,0.3497677989749568,0.041245359390994
2009,0.0101537678597861,0.0068925510962904,0.2805944207074027,0.090286481178432,0.2816902827522319,0.024953792778207,0.0357463991304156,0.0134412935471159,1.190684973085939,0.5448174354526564
2010,0.0055802263595646,0.0042033952050521,0.1965601125776871,0.141563903753379,0.0217808801519603,0.0060153480154727,0.0135681358718792,0.0070794056991549,0.4087919813177723,0.2543668040052713
2011,0.0057624918911842,0.0043683086831541,0.1995916310045742,0.1405282264779713,0.0195412955480719,0.0058502039224687,0.0142973001716568,0.0074639637196232,0.4237947017068812,0.2790439348918626
2012,0.0069455223144241,0.0052715689486626,0.2258310144125647,0.1146070243866543,0.166226790171213,0.0284690390128243,0.0203094377873894,0.0097473798254909,0.5431066701494904,0.4066172079704077
2013,0.0134868292640054,0.0076868070669582,0.4121202820213574,0.0866596110620318,0.3177528644752536,0.0091506088737783,0.0457864345939876,0.0146830513873046,5.59452401099881,0.594917663590468
2014,0.0114514529938084,0.0072502404161428,0.2920091765295003,0.0880668790941938,0.2974605028277263,0.0152928377233361,0.039732653105425,0.0139841451457648,1.908559234353247,0.5676143904534703
2015,0.0185993576746757,0.0080876283023642,2.701938962197008,0.08794544355957,1.7348176456523745,0.005518254192596,0.0584061951952941,0.0148684385924595,47.75532560643776,0.6133353135845544
2016,0.5413171761144754,0.032070932206625,4.8619621767194754e-05,6.5132130818021945e-06,0.1351743682762013,0.0086284082449189,9.779851483278852e-05,5.1122163763237904e-05,0.0003743129540128,0.0002168618747239
2017,0.0070290298126614,0.0053263054446503,0.2283889450884552,0.1138706314895353,0.1881917907401323,0.0308664097280238,0.0210030598193336,0.0099617417958093,0.5581883330824747,0.4149747984293621
2018,0.0057895307636868,0.0043868809343812,0.2014296531522947,0.139829914032119,0.0196512778848349,0.0060876013787249,0.0144488884887529,0.0075025730000494,0.4273335961439189,0.2821873153710093
2019,0.0191763759223361,0.0079407530067962,5.051558598425486,0.0884303652628333,3.5084131070123536,0.0054755713556589,0.0594048511862538,0.0145679939460412,83.76428009716822,0.6068220208605316
2020,0.0050744846731099,0.0038472887992369,0.2009405983218764,0.1343299634624082,0.0338397926909629,0.0060258961351777,0.0111996474700504,0.0059817911458242,0.3582935709600651,0.1957091142291752
2021,0.4185428337869443,0.051414172573383,0.0001640520253635,9.374584842616397e-06,0.2255494836225795,0.0023856147288512,4.546068132664648e-05,9.105351801263246e-06,0.000366174940116,0.0001322445829831
2022,0.008868437688656,0.0063063765389629,0.2629283066404386,0.0951386487613183,0.2565047811830143,0.0339197250181609,0.0309165499781977,0.0122213056395642,0.768637686032432,0.507998258082707
2023,0.0180013079414577,0.0082133111596315,2.3815526297429668,0.0869480387515459,1.4710695405847505,0.0057371444195993,0.0574186281989834,0.0151802322168784,39.37910776486647,0.618633909317278
2024,0.0189840281332651,0.008089760842661,4.012347012160195,0.0878641899985819,2.710205823330292,0.0054803286643313,0.0592966995439304,0.014821853277279,66.61108932984509,0.6123554651694278
2025,0.0124609723002191,0.0075407026666327,0.2987446017495738,0.0870214998620766,0.3122110317761592,0.0116866891859547,0.0429667752087283,0.0145000114003556,3.2913049784521564,0.5852572287294427
2026,0.0189175118627393,0.0079105839990111,3.701238495472716,0.0884333054164661,2.497723223156903,0.0054983565170813,0.0587040286717811,0.014522248344678,65.43440934641076,0.6056312083121753
2027,0.0135568674188926,0.0077313553588011,0.4643284299813408,0.0864704455725219,0.3184100670464387,0.0090945279577603,0.0460446619407168,0.0147390117039325,5.797610541491016,0.5961944730061031
2028,0.007140115829497,0.0054029201544539,0.229551313208372,0.1120071645107056,0.1929396676140237,0.0302388950231203,0.0215424069508579,0.0100722716349786,0.5613983001230034,0.4212693922339008
2029,0.0057463548214996,0.004491917443866,0.2072832824904972,0.13774690859318,0.0335136591895815,0.0095544875236038,0.0148514027172151,0.0079554252430585,0.4664556024202342,0.295271513281532
2030,0.3959444516048415,0.0481796028480163,0.0001752362662369,1.1004705003233857e-05,0.2440375457075213,0.0057644615943629,6.930641838234895e-05,2.036196239918257e-05,0.0003814351909927,0.0001565038305996
2031,0.0064074484901303,0.0049829449383286,0.2216653688268402,0.1251988993577525,0.093983014504177,0.0215010277431178,0.0178151521971478,0.0091040024636142,0.524638865471955,0.3639185538577157
2032,0.0081061952124607,0.0060285669917198,0.2529429356872985,0.0991907906665545,0.2467678905668294,0.0371627599816542,0.0281505199311443,0.0116470172483127,0.641992953747137,0.4850470653363194
2033,0.0110726203730828,0.0071557331749121,0.2888505142341334,0.0886613110367674,0.2945321143890222,0.0178449323371839,0.0386019345362399,0.0138594815848273,1.6018240542122062,0.5617590808056433
2034,0.0056501971524042,0.0043541349506615,0.2040158955030065,0.1378565318549487,0.028010853154429,0.008695496530147,0.0142804402133721,0.0075958633476631,0.4442073478851221,0.2819675503646654
2035,0.0051165609356492,0.0037185849627655,0.2714073387442296,0.1081973169650566,0.1433228837775669,0.0328790719382062,0.0108953629097832,0.0055988940617564,0.3428528831812347,0.1341117994911735
2036,0.0080890503541682,0.0060017654821463,0.253886071496992,0.0995895718081448,0.2426147577565611,0.0428138912150608,0.0276440214799208,0.0116357885750313,0.6234995488854737,0.4806082441087188
2037,0.0084418719782629,0.0062355935587504,0.261259015820767,0.0960684719324124,0.2497849239052237,0.0429077941642962,0.0297643888599958,0.0121460337295987,0.6456450433495131,0.4985308875536466
2038,0.0095723361734561,0.0066884912667946,0.2744285149470761,0.0915381269571001,0.2702818141703057,0.0312817011730171,0.0337952587124164,0.0130407673589329,0.9174550497888428,0.5304438318224296
2039,0.0190825814152063,0.0079857914574127,4.2705524157778765,0.0884166321709415,2.921226793457368,0.0054837618248247,0.0592843760728703,0.0146626166159045,73.98726402969885,0.608942370470645
2040,0.5452762144523879,0.0326820018321454,4.608733766492403e-05,6.043655630888934e-06,0.1340298060491249,0.0083974865111032,0.0001053156997128,5.134581782921525e-05,0.0004104062524588,0.0002167269069338
2041,0.0104274187327747,0.0069365536922367,0.2806961183640377,0.0900157123443343,0.2847159475047854,0.0213012365404746,0.0365379815312317,0.0135099153276913,1.4517845630516983,0.5497097704651481
2042,0.5011202877722515,0.0344614646574851,6.553205153422376e-05,7.322738593307677e-06,0.1493563944699362,0.0070579526336501,0.0001055046780197,3.1948249324570395e-05,0.0002903238366629,0.0001796861006469
2043,0.0058522017661452,0.004574673688161,0.2105307186474778,0.1368812660830462,0.0382249628803561,0.010141734733415,0.0154042814032491,0.0081544694606264,0.4697722494186456,0.3103843527531877
2044,0.0057998073759346,0.0043378918011115,0.200162309455798,0.1425354047382209,0.0168359610334245,0.005024194889641,0.0143156493184553,0.0074252223657922,0.4257500955224636,0.2750426736896779
2045,0.0190141493535553,0.0079945326257778,3.839767595384433,0.0880975771977839,2.593902794284445,0.0054727407173194,0.0591196029979206,0.0146411611482533,66.78211867999262,0.6083552799178041
2046,0.0049060233319461,0.0036581009530192,0.1877385596586567,0.0936281529262841,0.0700260812169594,0.0117280149185438,0.0109720887458853,0.0057774644672181,0.3574895659209093,0.1553961413165682
2047,0.0534290432443092,0.004769989461789,0.184330514388432,0.0073735280800061,0.0579861499608379,0.0198682433312645,0.0145595326988249,0.0049396777354903,0.3577051550716233,0.0073097164003953
2048,0.0154192023950865,0.0079966176980552,0.7702437280358502,0.0864561214660638,0.3254840226479483,0.0067960322724089,0.0510101989236568,0.0150596009859378,11.796271496945948,0.6109046310339341
2049,0.007106373970539,0.0053786778938862,0.2285134489423858,0.112413944291623,0.1919082052497861,0.0311234080010425,0.0213920234627551,0.0100380881008591,0.559518247529553,0.4196290557126929
2050,0.0058451331168942,0.0043495805864069,0.2001983244943888,0.1449820886973594,0.0156516728024612,0.0046412492968864,0.014381910172863,0.0073422317912958,0.4173421428973338,0.2814010456559693
2051,0.0136592696932749,0.0077576308315803,0.3114856926620833,0.0865127156794728,0.3214791327264533,0.0087283671033325,0.0463120088195314,0.01476792429788,5.198628030551305,0.5976081394057474
2052,0.0097637620099795,0.0068076447492141,0.2762065603759603,0.0906737992089971,0.2746698719774693,0.029760996888937,0.0346285009048688,0.0133013399462021,0.9845383555430068,0.5371145048990308
2053,0.0067540022754014,0.0051694503636691,0.2242941010449097,0.1176495888420438,0.1545105660987459,0.0268439717395918,0.0193572828268897,0.0095564566570764,0.5407321618166486,0.395574895540687
2054,0.0074379322651075,0.004081704412112,0.2524798046321653,0.0963444598130674,0.09635429298287,0.0289727610146719,0.0091120647861763,0.0050246671424687,0.3405672850938022,0.089112815761968
2055,0.5036954725249901,0.038275548980206,7.693925217556064e-05,7.092717909216638e-06,0.1569695052619115,0.0061273690946126,0.0001031004167297,2.7275476241733e-05,0.0003108491814916,0.0001724425271558
2056,0.0057740344624156,0.0043379460291375,0.2000067873492574,0.1427275188028987,0.0175993837945592,0.0049718850564693,0.0142852529794524,0.0074005963468949,0.4198434293559455,0.2798489892250961
2057,0.0069045165708187,0.0052411743314499,0.2264043423960923,0.1150295207928838,0.1630479478078975,0.0266918329400254,0.0201302233937535,0.0096761261041242,0.5408564088189244,0.4057473263250717
2058,0.0060228087346062,0.0045677511379624,0.2071487249834412,0.1374856613680629,0.0313179848376796,0.0070853630646409,0.0154934837166518,0.0080280547763852,0.4634003390296637,0.3194376669220153
2059,0.0103642738396063,0.0035682855371391,0.1836489445274239,0.0324415218292982,0.0485291007616124,0.0154408468261676,0.0132337094204588,0.0052563739941975,0.3339822040113703,0.0348944607516691
2060,0.0058813540562613,0.0041764883089316,0.1937111655179957,0.1460295554851448,0.013784515901442,0.0042337083624792,0.0139031341977224,0.0068707039455944,0.386081470986867,0.2577116018938933
2061,0.0066173292838962,0.0051018171490402,0.2205159950822734,0.1202511456039222,0.121174223878989,0.0220864107955046,0.0184629138574167,0.009313409277518,0.5247320069748936,0.3825736284216282
2062,0.4084863509910619,0.0455598994305877,0.0001279294951046,1.062863499072428e-05,0.2506825882278121,0.003810782902614,4.4672020100615246e-05,1.2881858330452372e-05,0.0003059142043145,0.0001441422298538
2063,0.0106176431023612,0.0069921724055106,0.2851755430501119,0.0894148935498596,0.2858210120070842,0.0201299824664025,0.0370613629604623,0.0135523622852006,1.409079323138973,0.5518739710845809
2064,0.0075315964711018,0.0056450224414361,0.2382452226290208,0.1064153359662211,0.2253071697085063,0.038352629497992,0.0240650188405657,0.0107166049259946,0.5868929415190998,0.4463045699912147
2065,0.0192952117066968,0.0080977786555628,5.570389558449756,0.0879652560646844,3.876244676528677,0.0054770201830133,0.0600550579463879,0.0148286801107344,90.82295212451272,0.6125410185142939
2066,0.0075007019308492,0.0056407223052963,0.2384367717702112,0.1066387998636671,0.2260066034564198,0.0433119639059539,0.0239127468328756,0.0107688527984529,0.5913489267566354,0.4457701154359785
2067,0.0097131120415469,0.0067099434837578,0.2766348029106688,0.0916020299837931,0.2748160568566663,0.0283755300954772,0.034209888015851,0.0131195188913727,1.0361639255050918,0.5346809807541988
2068,0.0060688463030879,0.004700288556509,0.2119605090127755,0.1316753422608758,0.0575785645792689,0.0120686884290343,0.0161659328122688,0.0084083512693476,0.4867460452450278,0.3360390425026069
2069,0.0138596414222291,0.0077664456394758,0.3551900399959295,0.0865586921564265,0.3222207928019067,0.0084780200477001,0.0468222435453485,0.0147815939303197,5.929561265168925,0.5991055910734391
2070,0.0088754981511975,0.0063154982614566,0.2637223149088256,0.095258139563642,0.2587669931159722,0.0330664926938972,0.0310432126414729,0.0122899424340321,0.8223681056931457,0.5088648544909882
2071,0.0052847183439449,0.0036650749860014,0.1963371468834008,0.1464350714062076,0.0256376285764105,0.0064653702752431,0.0103905382112768,0.0052408510949801,0.3208030152361152,0.1612360233708415
2072,0.0078351304496078,0.0058333897463717,0.2444541484122416,0.1022285226996857,0.2392807261793904,0.0375598996805264,0.0263767524184994,0.0112013969536877,0.5985097400037237,0.4687744754394289
2073,0.0124832691474765,0.0075312491887839,0.3021969051879221,0.0870063942591555,0.3106462251254331,0.0113832487375376,0.0429361729243164,0.0144381298203846,3.024580670334568,0.5840782496911806
2074,0.4373163695887657,0.0490163469175669,0.0001225812217572,8.225074743834909e-06,0.1813622957969299,0.0043016852340096,6.026491959889431e-05,1.7454713833980403e-05,0.0003167538823083,0.0001463411989198
2075,0.0057985420101906,0.0043324875397652,0.2003065369071718,0.1422454838892212,0.018558899483786,0.005528438882303,0.0143361587029131,0.0074201063277693,0.4256810000750054,0.2807376243018679
2076,0.0046939763294591,0.0035938217025014,0.1862747480054776,0.106029260882827,0.0756529770582151,0.0152473871686087,0.0105276692158627,0.0057110943309541,0.3564051293848691,0.1569689448542515
2077,0.0191347704692468,0.0079830038379175,4.377501203012978,0.0881919481558223,2.9987107477622064,0.0054657426691932,0.0593635335038116,0.0146055411833887,74.3607308137811,0.6074361564040355
2078,0.0095765531224581,0.0065991400700842,0.2739467553073964,0.0921084455961325,0.268284284975013,0.0281766505303195,0.0334848638638437,0.0128119567890924,0.9671956418106742,0.5277663536542302
2079,0.013425212458836,0.0076776780726622,0.3338788845705402,0.0866617029236432,0.3178838936708851,0.0092011616767864,0.0455880159379912,0.0146555657008465,5.093351382077056,0.5944957576434856
2080,0.0070126903898744,0.005325626610947,0.2294877888643627,0.1131553158399821,0.1857080636145563,0.0396177541105094,0.0206863848342728,0.0099993486662961,0.5586315812369749,0.4096232174713912
2081,0.0188680453999524,0.0081692803468635,3.9589422634141926,0.0874667837959299,2.65622049710834,0.0055261558139578,0.059261197132616,0.0149888343710508,63.44831155066571,0.6158434080968094
2082,0.0141566395333473,0.0078593204350511,0.3690259208990284,0.086513015463609,0.3269235140397762,0.0080739354573191,0.0477451089720352,0.0149274678307738,6.338932481542398,0.6031522392617976
2083,0.0076843066004997,0.0057381115220843,0.2442865511784867,0.1040507780132013,0.2307432359551584,0.0445148916435505,0.0250007320936073,0.010995126465722,0.5920184355878427,0.4557665110914654
2084,0.0179744526612633,0.0073532928958613,4.82423450553293,0.0892700550079886,3.335817141909759,0.006305860379191,0.055383623831598,0.0137259692300598,79.7389429303098,0.5839390516113472
2085,0.0056052099885164,0.0034041884732762,0.1955363493342615,0.0373080591736053,0.0449000510336327,0.0131316500415958,0.0109477446998345,0.0049701535066338,0.3306728048972204,0.0324330934462438
2086,0.0061037795225403,0.004768866331577,0.2153828806470628,0.1255141142610232,0.0753635150261742,0.0221853139270835,0.0166578290857596,0.0086349577297196,0.5014975918600402,0.335604152780066
2087,0.4745227723115215,0.0421384957850331,9.772159173474142e-05,7.59927116209325e-06,0.1648169105210171,0.0048768416528148,8.46196184221896e-05,2.1776123198741173e-05,0.0002822881917978,0.000161400098871
2088,0.0131657047857479,0.0076771159990269,0.3173907447945481,0.0868537259475035,0.3212747746985426,0.0098275889533398,0.0449762993306828,0.0147047995081106,4.3714843734748605,0.5941719791797851
2089,0.0058363243858464,0.0044330798773809,0.202674698173335,0.1376492104687262,0.0286654443166221,0.0076120321177517,0.0148137714567611,0.007709102632431,0.44236207787667,0.2980881826722031
2090,0.0066550854088292,0.0051231249143064,0.2237589736743869,0.1192301920615668,0.1369200588424048,0.0303038049636046,0.0187664312572486,0.0094619460547179,0.5353841006018946,0.3833351872136101
2091,0.0166235050388154,0.0081336855833236,1.2128522842052571,0.0865729782020065,0.6036879779508691,0.0062244059860881,0.054111899635082,0.015202041710847,20.427126506732566,0.6166355071346349
2092,0.0200348978949734,0.003358337751987,0.2039229024558589,0.0280518887367383,0.1220348530584005,0.0249103748016946,0.0162703195506603,0.0044864849203549,0.3174412141265044,0.026059006801949
2093,0.0076336960444842,0.0057095142825374,0.2432685441378031,0.1047487813287263,0.2305384236787321,0.0402345179224688,0.0249008742788787,0.0109152035419186,0.595552768455826,0.4563846100007865
2094,0.0052612541148368,0.003936755516767,0.1906931912568931,0.1447354089707581,0.0138586192813562,0.0037116823665901,0.0122680156537692,0.0064637088892089,0.3826864557103784,0.2170929263079912
2095,0.0059167145245379,0.0045261340989102,0.2064270399432117,0.1382849305378921,0.0346202116059844,0.0078175067763057,0.0151317270470534,0.0079160950863387,0.4539735989849828,0.3077290070739715
2096,0.0098753563648019,0.0066723111165235,0.2747202965255867,0.0918992200764352,0.2736636553628735,0.0238767975846381,0.0344410073727612,0.0129663220357433,1.2013606575210762,0.5336364328433247
2097,0.0085481561469049,0.0061760356978937,0.2573629653401807,0.0969688357318311,0.2531779062036389,0.0331507641646628,0.0297709125733908,0.011953945961144,0.764774228316942,0.4980646196091978
2098,0.007857631190847,0.0058664653360157,0.2471513268272065,0.1019139627973189,0.2357589637681247,0.0458132802398947,0.0262166793594738,0.0113244028065105,0.6181736598418391,0.4681851870569215
2099,0.0150329326217481,0.007938805617759,0.5773474801995035,0.0864342731390386,0.3244382871379931,0.0070359294012282,0.0499674122956937,0.0149771175602624,9.491171771274844,0.6080780546804903
2100,0.0124040341503668,0.0075329443877691,0.3005799607255863,0.0869772257922527,0.3119851483716729,0.0117427328079152,0.0428137163067826,0.0144898238059222,3.111570381359425,0.5845375742188086
2101,0.4492932915400059,0.0475251025384909,0.0001085844781893,7.67342349637647e-06,0.1706489521986792,0.0037187921231857,6.942924942452888e-05,1.7458304809275972e-05,0.0003235938748802,0.0001513426868429
2102,0.0068151062973622,0.0052009787686552,0.2241788737884139,0.1164000145334606,0.1536939649217113,0.0246099812429638,0.0195939968519238,0.0095581193190197,0.5339520146399044,0.3989836715179907
2103,0.0057972917715622,0.0043768956413305,0.2013141132881832,0.1427071103838935,0.0145639556288015,0.0050514497822338,0.0144502137153829,0.0074988858664829,0.4257326186696366,0.2824835231165786
2104,0.0056795700842232,0.0042509540452679,0.1968731573448827,0.1447641643618714,0.0156294799291995,0.0046395528641208,0.0137916283072419,0.0071380079706808,0.4122333139969888,0.2642319063067114
2105,0.0105148101287059,0.0069265821604182,0.2804394326587829,0.0900233389270558,0.2844039763294596,0.020287466099824,0.0366725022514415,0.0134485197420056,1.400981143988873,0.5494586981950913
2106,0.0190849654520524,0.0081875982992174,4.195623955470976,0.087561566912409,2.838594133570146,0.0054835296497856,0.059755788273562,0.0149739198607645,68.22224861159984,0.615533927349592
2107,0.0193373815997154,0.0078916878902809,5.13562385713549,0.0885988970990266,3.58751647961554,0.0054851665697539,0.0596686506355515,0.0144786695084611,91.64083023695692,0.6047037580531791
2108,0.0095108991043324,0.0066969670656156,0.2729687695688667,0.0912843296307836,0.2678015216501605,0.0328471108277782,0.0336847052428771,0.0130568478301102,0.8412116469870414,0.5291463675668627
2109,0.0095539399264121,0.0065870148207917,0.2696750316120003,0.0926014659739361,0.2692887292080732,0.0270846937573992,0.03347149237803,0.0128263821345642,1.0268006014579074,0.5273308994567592
2110,0.0113963299237683,0.0072113248808049,0.2889489842955537,0.0883187913977864,0.2955486787695368,0.0152918032974406,0.0395480530845157,0.013935241501495,2.1027945629355385,0.5661401753260626
2111,0.0078953159593935,0.0058807036697968,0.2464774818653923,0.1015292037161085,0.2427132284331247,0.036891032253359,0.0268917189160219,0.011326513082644,0.6098801219872289,0.4735143382838399
2112,0.0064181331028244,0.004949994873245,0.2175943360721572,0.1239249170835552,0.0966103619331372,0.0164162766235488,0.0176682021694636,0.0089754587973537,0.5085702545686991,0.370574228685945
2113,0.0056028914015635,0.0041383447325931,0.1941591110942107,0.146349310031329,0.0154296668287286,0.0046022958330027,0.0132216226115026,0.0067291793376295,0.387083264244937,0.2457714305112854
2114,0.0058457226425067,0.0042902661621011,0.19763048167882,0.1446427350328146,0.0130159298140399,0.0044795795984892,0.014188572675051,0.0072068855845688,0.4086320022596868,0.2719458319344897
2115,0.006303323020155,0.0047854944492456,0.21166739842649,0.1305429959166172,0.0509028790955552,0.0091361625123584,0.0166751218738876,0.0084808720621441,0.4654533598054858,0.3490668175160811
2116,0.0090657341349513,0.0064583551484755,0.2653907944828826,0.0939359391369381,0.2618443449585165,0.033716085420117,0.031933347862799,0.0125911010445118,0.8271242740640228,0.5166025152543031
2117,0.0056319355765427,0.0041801491405929,0.1952890866494955,0.1441540948981904,0.0113502845334842,0.0042478694022979,0.0135790618081205,0.0069886010569669,0.4016703955020322,0.2562619064215881
2118,0.462799221444596,0.0443703851158779,0.000106851136366,7.849186574855812e-06,0.1683699546907575,0.0041905449866264,7.446657117504194e-05,1.6717885996633318e-05,0.0003039127328066,0.0001522588912745
2119,0.0065786123035544,0.0050972086060783,0.2218649574465087,0.1217633930958261,0.1174603121658278,0.024762363798326,0.0184183750625803,0.0093653824715644,0.5326806899232667,0.3766090428233059
2120,0.0173316482841542,0.008132923909182,1.6940068966759063,0.0869175232969203,0.9625596506662768,0.0059122450223879,0.0556896049711302,0.0151053786755087,28.510179087299232,0.6159945455289358
2121,0.0071565465503143,0.0054142278303751,0.2332256333696702,0.1115068013463662,0.1934215134089371,0.0405850965819293,0.0215712616104689,0.010194701911377,0.5691139301734599,0.4200980052623591
2122,0.0093637477666608,0.00660888238097,0.2709358504800607,0.0926225871922366,0.2688174808586091,0.0321150492227408,0.0331354776053523,0.012943366969573,0.9240328761461112,0.526669586661971
2123,0.0060926540254202,0.0047172561548403,0.2116060101981793,0.1326219968848586,0.0460384119418079,0.0108149366074348,0.0161826399652676,0.0084052895489841,0.4819783543783477,0.3330672974734602
2124,0.0181963971174535,0.0081870650154835,2.5314815090976754,0.087331462895236,1.5887558781448083,0.0056588665451834,0.0577800542895124,0.0151125766123574,42.23584708136941,0.6177376771692489
2125,0.0103855501022279,0.0069034785431065,0.2812899442805346,0.0899549077941712,0.280697048738822,0.0216191607870549,0.0362573934002897,0.01336944933281,1.2816823317804364,0.5461948092144214
2126,0.0107120258247821,0.0069982656474522,0.2828842766070606,0.0894926755315525,0.2861221561535892,0.0187741786875158,0.0373508661435384,0.0135705619253927,1.5836599492785002,0.5530153417060736
2127,0.0111621975912795,0.0071849507234795,0.2890357256042651,0.0885300527868282,0.2957975455614433,0.0172128108624597,0.0389143244321807,0.0139213923607429,1.789541897217216,0.5636933980353558
2128,0.0171101176657677,0.0081561494724311,1.5244997890744791,0.0868807241853908,0.8361389783042991,0.0060051938211129,0.0552723345992346,0.0152042784116772,25.4669497409282,0.6178656881888973
2129,0.0189601774207646,0.0079178536298691,4.116147400583308,0.0885957287864148,2.808706661618807,0.005500432524115,0.0588381366384969,0.0145566231851931,70.46485295478946,0.6064288815276994
2130,0.0056848697044665,0.0042645228842785,0.1978490283919275,0.144474294636298,0.0148577425537716,0.0046746755805271,0.0139079118532813,0.0072124010411233,0.4169503439273004,0.2653499290901359
2131,0.4745650773501826,0.0417886106989067,8.99032744229768e-05,7.856496814932742e-06,0.1634827157364028,0.0047796599059877,8.542063267311349e-05,1.807265239989384e-05,0.0003319685580029,0.0001566872359016
2132,0.0191077038935804,0.0078456465775103,4.887222424062104,0.0886755159777464,3.394824369506224,0.0055372272758223,0.0590581041740902,0.0144433079435039,86.75157863187145,0.6038639051251898
2133,0.432988620870622,0.0485033542935649,0.0001431005836341,8.83579478927815e-06,0.2038090378914656,0.0045585100227154,5.383649716116752e-05,1.8325140397427647e-05,0.0003536517869846,0.0001490328130792
2134,0.1236405165784305,0.0311817820312393,0.0003429158209646,5.34740519550172e-05,0.5310814691377919,0.0056252149253793,2.335317037928977e-05,6.32331664345841e-06,0.0003419289841777,0.0001245564598518
2135,0.0126691065499713,0.0075396856015613,0.300268437615708,0.086977743303814,0.3096651793306562,0.0109526346111593,0.0434496540599018,0.014454402654949,3.7736944930357663,0.5851142780493687
2136,0.0188192918765919,0.0081405699295502,3.4721476702181846,0.0876853663534733,2.300331503741009,0.005514975415669,0.0590494315632132,0.0149347084675359,58.70791984127352,0.6146752589841948
2137,0.0058327058853696,0.0042285841758113,0.1969790328132471,0.1473363730631199,0.0103824880868039,0.003758706250263,0.0139756177707363,0.0070868181699516,0.4091609865875852,0.2591210170540735
2138,0.5347001357906926,0.0315728527867303,5.251831883722119e-05,7.127722528523165e-06,0.1405105912560142,0.008846271730812,0.000105739819086,4.23076341406978e-05,0.000370417801927,0.0001987698590345
2139,0.0104664898587188,0.0070003075288274,0.2821485315010293,0.0894314039709833,0.2848240264557507,0.021727063914224,0.0367994953867001,0.0136207619503587,1.360501530638673,0.5508502340885589
2140,0.0061129441904394,0.0047617721145497,0.2127159181547589,0.1295448276579285,0.0633972554544234,0.0133155912533496,0.0164754084835312,0.0085557304638102,0.4878187135798466,0.3437864653561471
2141,0.0167901872798401,0.0081074466926485,1.2290434883020398,0.0866033524672102,0.6177693938395691,0.0060826963069114,0.0543896406345991,0.0150953889431817,20.79412355479576,0.61462588539716
2142,0.0132431349650032,0.007645409009503,0.306562511074879,0.0868291998487405,0.3176586625958165,0.0095383398710484,0.0450753421368332,0.0146206407105893,4.557715422838283,0.592915501786163
2143,0.0058229567587557,0.0044499496599718,0.203803702111842,0.1378465344382069,0.0312237596929741,0.008029728620531,0.0147830987213727,0.0077202275949081,0.4346369854650587,0.2950151855637726
2144,0.4854430715884952,0.0422802619909896,9.095486077830208e-05,7.168161938741485e-06,0.1631777774013318,0.0052123648487985,9.428756612772831e-05,2.578229474891442e-05,0.0002754151764738,0.0001655436119997
2145,0.0109014303488895,0.0070552255512888,0.2853357307925833,0.089133942489576,0.2885624107764922,0.017716605989368,0.0379517026525447,0.0136686890345487,1.7430354566999164,0.5567699425191791
2146,0.0119164645439223,0.0073324290726778,0.2940461293519746,0.0875916358122102,0.3001216094366926,0.0127467164969007,0.0410793759343874,0.0140935369210341,2.3941879232459677,0.5734698554778962
2147,0.014118771915003,0.007822724779012,0.4835049504044107,0.0864404100347677,0.3235359187262272,0.0082340230627746,0.047578986194921,0.0148710458261248,6.98670615925124,0.6022188932786235
2148,0.5389234709760609,0.0344258340105336,5.1738196476378446e-05,6.278562825772293e-06,0.140078813713283,0.008275198378301,0.0001103984166128,4.638326305625344e-05,0.0003596603880549,0.0002052472720088
2149,0.4510858567200101,0.0464599291352267,0.0001194830622833,8.227629158571922e-06,0.172787012976868,0.0040216057001894,6.63262717929267e-05,1.4812055456985997e-05,0.000330953203064,0.0001484824091936
2150,0.0059543929051268,0.0045232533807588,0.2050662424422235,0.1380180539328682,0.0283849579981741,0.0071151061301196,0.0151760442124048,0.0078722079171753,0.4474993978936121,0.3080947542757519
2151,0.0100431052165109,0.0068810090355951,0.2784899039645387,0.0904437618885373,0.2811480726392757,0.0260970088819783,0.0355122435077057,0.0134622040457163,1.1664951087854467,0.5437452362878731
2152,0.018421081804883,0.0036925542488077,0.2431190951155385,0.1115458557614389,0.0398449717685266,0.0097771486706759,0.0227789998671534,0.0051842981408981,0.3258530714167882,0.1059294039569608
2153,0.0106390315982337,0.0070374980488548,0.2839432522063862,0.0891465950235951,0.286009810134445,0.0201005611839346,0.0372874966946746,0.0136569063928028,1.4664770663044144,0.5531519383184269
2154,0.007328785898301,0.0055193493829283,0.2349443195764833,0.1083583727306888,0.2120566577544936,0.0399062964959117,0.0227376933409127,0.0104242561697669,0.5710840265840085,0.4342550371003549
2155,0.006408246242526,0.0049296968573353,0.2172854400998925,0.123020931441517,0.0913460697498753,0.017635021045694,0.0176207506976711,0.008925991569218,0.5075759811221534,0.3680688673626747
2156,0.461836503213855,0.0458135150254877,0.0001082793574202,7.743006061268405e-06,0.167190808371283,0.0048979954704864,7.507047896198875e-05,2.171693002839692e-05,0.0002999788598918,0.0001534847985141
2157,0.0073702708053203,0.0055214657762374,0.2344169294265026,0.1077992616223124,0.2167671900014762,0.0362503490048319,0.0231579465747619,0.0104097938083339,0.5687719423194507,0.4384461694348462
2158,0.0063642938650154,0.0049280535451779,0.2171922203225034,0.1249085557236579,0.0868968852455118,0.017218060871554,0.0175198115549321,0.008950405828763,0.5098337228926875,0.3650148610241915
2159,0.0083856072166739,0.0061990620353041,0.2558296832902335,0.0972927881943561,0.2523575201908518,0.0396829829974914,0.0295066845467101,0.0120850881006904,0.673941798547836,0.4970789288986958
2160,0.0048664999184396,0.0038086620846457,0.1877209960477314,0.1399173986529565,0.0163157238546475,0.004553829853833,0.0113007314773157,0.0061385090739976,0.3675905591194627,0.2065752187894411
2161,0.0048746838384188,0.003841846187837,0.1854079338623991,0.1322513521101612,0.0219442146448257,0.006341002940795,0.0104944529619267,0.0056851040335824,0.3361187216758879,0.1747507070180998
2162,0.0077909103065167,0.005810380614766,0.2445097651215012,0.1026009402052075,0.2343018681943067,0.0434484523640957,0.0258487977255978,0.0111700374254775,0.6055647314266646,0.4644465946755728
2163,0.0107685125115972,0.0070378531838941,0.2850623211299571,0.0888952141198922,0.2852719178268188,0.0186731105123553,0.0375348350139589,0.0135962829861309,1.4891026969158143,0.5539729457509874
2164,0.0186572397353463,0.007645606061374,4.70599750257881,0.088933023069577,3.254885797689038,0.0056551194352455,0.0575517969074773,0.0141229006125831,78.13575855147084,0.5957359248556334
2165,0.011467297768426,0.0072829277448302,0.2921636663041878,0.0879276860560466,0.2982480250344934,0.0154802738896801,0.0398815721338043,0.0140561215575079,1.993140434249316,0.5682418096833618
2166,0.0073518018209361,0.0055364146653411,0.2351361399263447,0.1085498836654181,0.221863384883776,0.0416416863365564,0.0229913843930932,0.0105056925224512,0.5807890562705751,0.4357264463839545
2167,0.0105663203701372,0.0069279286835193,0.2827332998481142,0.0901314088112298,0.2859056105368107,0.0195524916758482,0.0368293860798747,0.0134766247977737,1.5804546666462356,0.550152578493353
2168,0.0073099627101822,0.0055116636213227,0.2332930687320205,0.1092544967703266,0.221490638054582,0.0346350583970521,0.0229073241264363,0.0103947978956254,0.5739949703417261,0.4366988278993683
2169,0.0054416134562379,0.0039890212908686,0.1884420640880026,0.1468533974273191,0.0166654624398381,0.003862911192006,0.0122150050448908,0.0062853100272647,0.3684222799059775,0.2097989136139573
2170,0.4274969416371991,0.0539002403657161,0.0001503305689841,8.870710887242855e-06,0.2123510086773467,0.0032899091167935,5.001025422808488e-05,1.4063131357524962e-05,0.0003262913642354,0.0001369994968491
2171,0.1802766186242666,0.0056696917265912,0.1913453609169192,0.0099046657890715,0.1824235916153996,0.045799657062256,0.0074363576800543,0.0038058105926201,0.3503635189093931,0.0098745566655176
2172,0.0096727922610092,0.0066728094722226,0.2736942287835489,0.0917527090072228,0.271950173214479,0.028315311567167,0.0339723939719899,0.0130014380647859,0.9915105797632496,0.5317349215900858
2173,0.0055237104090132,0.0041408852163216,0.1948382722187309,0.1460791344135068,0.0115926411883267,0.0038998059639924,0.0132540916351423,0.0069074856282995,0.4035372162394198,0.250883674823576
2174,0.019035436162066,0.0077474154690196,4.93756856692658,0.0889151225851899,3.440235858365724,0.005595936664841,0.0586816152268426,0.0142927041476015,87.74332678565409,0.6000759744200954
2175,0.0060598360047413,0.0046615812913255,0.2100010401406534,0.1333705197498456,0.0437526811767282,0.0097876915379805,0.0158804459213814,0.0082867195183982,0.4739464850951956,0.3313919288394129
2176,0.0060818224800274,0.0047178775905535,0.2122994843501581,0.1303382580945619,0.0526656851374999,0.0128761457601321,0.0163086916383036,0.0084390257900727,0.4810188957336887,0.3369405950655529
2177,0.0058742392218282,0.0044117834233796,0.203451938326129,0.1416019351761669,0.0212431163652794,0.0055849206765696,0.0147224031843053,0.007593313029649,0.4335222990620605,0.2940277529222126
2178,0.0150656953993591,0.0079322387671561,0.6910100842457226,0.0865502933853969,0.3220741173533499,0.0070726621948323,0.0499961225177016,0.0149393930248335,10.379306138314885,0.6065774141844611
2179,0.0060024261779844,0.0045676256909359,0.2074925191934205,0.1359620705750803,0.0328270723568471,0.0081936662926406,0.0155119225217838,0.0080432483240633,0.4615635024283606,0.3187403130490012
2180,0.0171227514626871,0.0081555573832185,1.4749334997758503,0.0868474852827797,0.7994584105348038,0.0059748242779534,0.0552771580378493,0.0151752436592531,24.45657729996734,0.6172096014641066
2181,0.0185329829562275,0.0082617306104402,3.163227766913132,0.0871720175829828,2.05201733915466,0.0056026724543759,0.0587400530596705,0.0152117084161913,51.60691897504434,0.6202061509632302
2182,0.0052280317154546,0.0038172519768915,0.3063975860847915,0.1522953598167969,0.1376607683136817,0.04329801974697,0.0105021497780087,0.0054882046685507,0.3364486071214505,0.1343542720452455
2183,0.0113112329247074,0.0072448609349478,0.2911199984858813,0.0880424574940794,0.2958719801722413,0.0162621122281712,0.0394326118997876,0.0140124228604809,2.059646902295458,0.5666447946461788
2184,0.0059985006557313,0.0051832336384552,0.1936351616530015,0.1654340701909298,0.0632865433617559,0.0451405538471571,0.0081620678769149,0.00516827957511,0.377042015363027,0.101550036641581
2185,0.4768927332328739,0.0386825475862704,8.920314362760327e-05,7.98786502946736e-06,0.1624182345600149,0.005843033265535,8.642666080600759e-05,2.164212660583991e-05,0.0003178841851837,0.000160849092125
2186,0.0047846159767597,0.0036382271153771,0.1857874657966105,0.1275085797264779,0.0385589414688724,0.0147527978938256,0.0103218318840917,0.0055723516632494,0.3503836043527742,0.1144038249431872
2187,0.0080132427327217,0.0059667075785686,0.2513393654668783,0.1000597759246097,0.2405663073715794,0.0461157750631347,0.0273094494937352,0.0115705299277638,0.6215720504194805,0.4780799847978961
2188,0.0055930038535819,0.0041505556140348,0.1922894749692965,0.1444692930632547,0.0120058577262974,0.0041679676792271,0.0132945653388137,0.0068888140065421,0.399299225066303,0.247149698397206
2189,0.0098475488685843,0.0067406966238554,0.2739487817226325,0.0913922454561333,0.2752721130729187,0.0263182502622457,0.0346139959503429,0.013140176313613,1.1064178099103317,0.5358419744522053
2190,0.0057938232575567,0.0043898208783867,0.2028758968733145,0.1409767495881651,0.0224328564117552,0.0060947593039908,0.0146143566530131,0.0076357425045122,0.4419459788449255,0.2926102992261917
2191,0.0184491640347066,0.0081729039181329,2.986402526355856,0.0874820451776644,1.927747770653404,0.0055979770354637,0.0583155312075733,0.0150536756010089,49.55937530734394,0.616901005554187
2192,0.0146993209090963,0.0078677160555985,0.5318367628118232,0.086661873287635,0.3238203455590044,0.0074493234295165,0.0490369286603879,0.0148968396725231,8.734116521185504,0.604620443439264
2193,0.0150902646341704,0.0078710856756721,0.8111515184690232,0.0866223722098243,0.3171672275324791,0.0071398125553712,0.0499207370090852,0.0148472427767776,11.662100371346185,0.6051889158855757
2194,0.0382930820258761,0.003660033004712,0.0090539147828152,0.0040240102634475,0.4184100631583551,0.0084381324029878,0.0003691358439485,8.297672215644342e-05,0.008948450724657,0.0040247204849369
2195,0.0088418361715154,0.0063071932515241,0.2612850896260886,0.095541742997701,0.2586072212486576,0.0326850668590574,0.0308346622513237,0.0122300313412642,0.7929627915436737,0.5073835249219925
2196,0.011575355021691,0.0043810478133314,0.2078997023789534,0.0356628956162816,0.0753009892283376,0.0188586802335681,0.0117464378307435,0.0052368009744789,0.3576975512600677,0.0341229258759234
2197,0.0088633959419018,0.0063285432804668,0.2633817700034259,0.095101937966368,0.2571120692729535,0.0320459371114363,0.0309881452441624,0.0122618284987423,0.8230114933724926,0.5077753801679008
2198,0.010395316808795,0.0037706764685349,0.1804181444702871,0.0129733380996971,0.0422067069538599,0.015849038083219,0.0102656048097424,0.0049997802121931,0.3222954434563398,0.0122671670889934
2199,0.0086542443231408,0.0062446831844399,0.2607716186769238,0.0965120616421946,0.2566519770610232,0.033213781761311,0.0303031447714259,0.0121539497184472,0.8109064901976595,0.5030027289763258
2200,0.0132548176046847,0.0077245007155016,0.3127757306781752,0.0864199473996845,0.3203735528188019,0.009679221612457,0.0453078548807098,0.0147607758134759,4.496012106558158,0.5954407805478589
2201,0.0083293019991057,0.0061432607178278,0.2591262277316445,0.0972967480922576,0.2493118004712246,0.0403086689484976,0.0290985101323445,0.0119285176797073,0.6442126289827039,0.4939214242664719
2202,0.0057668483990194,0.0043298472939309,0.1997223517825531,0.1405013388684031,0.0261297541444456,0.0067346051878152,0.014326804768958,0.0073701429483176,0.4182240814562622,0.2805729567807317
2203,0.0154249494315278,0.0080031299608431,0.7346809468316513,0.0865531079534348,0.327626501017066,0.0068602747223297,0.0510462585812323,0.0150850895562957,11.85167983661166,0.6113207221338847
2204,0.010455686207387,0.0069632519735675,0.2821172968648075,0.0896532643397328,0.2837582095596195,0.0213554255207519,0.0366492004360702,0.0135294323489092,1.4344138245549207,0.5497143292595711
2205,0.005604039860638,0.0042583541730422,0.1987508969540928,0.1405601133515139,0.0201498484136254,0.0058174566411204,0.013796797591546,0.0072275020383838,0.413373683323746,0.2705747849191879
2206,0.4310748530677372,0.0490769573239072,0.0001277938804133,8.528810566493317e-06,0.1925763556387338,0.0036337534097387,5.309705543319906e-05,1.5110564491983848e-05,0.000346472713548,0.0001456866079408
2207,0.0058415158377,0.0044762047055322,0.2049085354439326,0.1378031736821299,0.0263583785756286,0.0078588940337665,0.0148236243724232,0.0077702596844832,0.4399945020557981,0.2958044925765221
2208,0.0123857825619423,0.007470297507053,0.2981056561047775,0.0872496527081001,0.3072371419083448,0.0114941916130926,0.0425740071341884,0.014335573286232,3.158157074328849,0.581093115628933
2209,0.0111468532184609,0.0071909746449366,0.2897087241562763,0.0884208134676225,0.2961319670307187,0.0171739552227745,0.0389138847889615,0.0139466187007466,1.748671198954206,0.5641093566019718
2210,0.01149991874019,0.0073220653179959,0.293490716589161,0.0878335496816025,0.3017006856795985,0.0157632597054641,0.0401094165459249,0.0141773190298759,2.091705132392852,0.5713020443806577
2211,0.0059607144638449,0.0045988590233599,0.2082962897003679,0.1348508203000161,0.0384855475925407,0.0094598206142019,0.0154802031438272,0.0081253559125038,0.4647678557490935,0.3176950479988206
2212,0.0115952623358409,0.00730709045962,0.2920921652451329,0.0878643416860881,0.3006475613012793,0.0146959416353368,0.0402922271255605,0.0141208363536978,2.128948852461805,0.5707039718545796
2213,0.0065094101379604,0.0050144902599342,0.2188186581989781,0.1225426542559421,0.0992829425146832,0.0174758503588041,0.018027599524883,0.0090913488730636,0.5119227000636628,0.3760602338981485
2214,0.0072589702262694,0.0054534239605399,0.2333679903285509,0.1093023913929832,0.2046441268946122,0.0339173822609884,0.0222914269193259,0.0101904268796095,0.5571057258616611,0.4302426082314529
2215,0.0074008882019738,0.005569210388295,0.2365592721769172,0.1085235029351199,0.2173152267021783,0.0519549445806467,0.0228841699689827,0.0106305452344625,0.5895706600351099,0.4324243397283038
2216,0.4893540010146496,0.0337394710245537,8.817818165553886e-05,7.959188702374264e-06,0.1611297803784671,0.0064346323377555,9.41296478464248e-05,2.92858427126435e-05,0.0002566157561921,0.0001712391623419
2217,0.0063053293635772,0.0048892915764314,0.2178063835530339,0.1254513933369794,0.0794731332665089,0.0200947360365945,0.0173929897285371,0.0088856298537344,0.5047340174888227,0.3544869636373585
2218,0.0054847398489125,0.0040955302295747,0.1950082601282545,0.145759728350735,0.0127758253358357,0.003890542967251,0.0130256749270376,0.0067804641606464,0.3957159019074051,0.2447558452152922
2219,0.410109533724564,0.0542036675327974,0.0001785081327675,9.783398748030167e-06,0.2391304065956726,0.003252441095101,4.136750430727413e-05,1.192229263837402e-05,0.0003564591397921,0.0001324533798029
2220,0.5061437085705223,0.0370027963535258,6.715995965677711e-05,6.9496623685280365e-06,0.1507117853265236,0.0064022955977832,0.0001103102000089,2.836563152961545e-05,0.000328931634671,0.0001745837968615
2221,0.0091309944934461,0.0064216478709489,0.2654885049854915,0.0939489406737795,0.2604461057412796,0.0306319627774822,0.0318876318070395,0.012439283841989,0.8535836197657743,0.5152930822821457
2222,0.4767193727189832,0.0425106463351165,9.692191780294584e-05,7.529251344009474e-06,0.1644827590479138,0.0050894989972315,8.651900992591244e-05,2.198254942361132e-05,0.0002866143090546,0.0001595633892159
2223,0.0189133190397148,0.0079167361927802,3.529595842761317,0.0884458496937073,2.370253901471812,0.0054906958049783,0.0586996181448221,0.0145281241836907,62.56799838935646,0.6057400155431062
2224,0.0181381409163034,0.0082103505585872,2.5744327670229485,0.0872144861408805,1.6156451486196128,0.0056661678205165,0.0577025643608678,0.015152602986235,41.82143292165532,0.6184706657728161
2225,0.0128869011721731,0.0075899116031469,0.3014440538714422,0.0869986678614928,0.3139180747624123,0.0104623637320977,0.0440816022057829,0.0145386621467301,4.083877509352098,0.5885400282134696
2226,0.4898642194339112,0.0403834937617599,8.68700064569696e-05,7.140185442334134e-06,0.1595811217060281,0.005654695212725,9.308031718384566e-05,2.7229411678628632e-05,0.0002669813442696,0.0001699337818892
2227,0.0060776124358367,0.004694741106608,0.2097059833001797,0.1317400154308028,0.0488335974103579,0.0109083807126366,0.0160307855757613,0.0083304929870531,0.4700717097067955,0.3307639578792003
2228,0.0319683162657594,0.0038121718730123,0.1910529943379028,0.0415718669750897,0.0772168522426438,0.0208894422497379,0.0241361363784251,0.0049714404064637,0.3327811689623687,0.0399791807707428
2229,0.0050917011251649,0.0039535085239862,0.1912726492455397,0.127794603437052,0.0279764129638605,0.0061724451372375,0.0120260559796258,0.0064459501520307,0.3812344592707132,0.2281713820470599
2230,0.007459551918818,0.0056001752758649,0.2393357527592797,0.1069688877207329,0.2197014357278739,0.0415997170584959,0.0235445342489347,0.0106285679155243,0.582355641205191,0.4421597543926862
2231,0.0086677552615039,0.0062952631461398,0.259755156535813,0.0960624624929718,0.2573177920969446,0.0361092796364755,0.030489886397021,0.0122752334487331,0.7544482002460001,0.5050058990404807
2232,0.0049760657759807,0.0037144338018037,0.1851528480851524,0.1428076663424025,0.0197854733080234,0.005036272216521,0.0111145609693358,0.0059115575675343,0.3638218081095034,0.1917400039875934
2233,0.0060571147800219,0.0046923701657425,0.2117152897651983,0.132523527969506,0.0468195280440728,0.0111553637222959,0.0160903311509977,0.0083711020760195,0.4813275652862649,0.3316219988618379
2234,0.0129784709765067,0.0076237932353849,0.3052112392170983,0.0867912909375243,0.3165977518489184,0.0101423275657518,0.0444182068038322,0.0146177856183245,4.084703353287185,0.5914450452145961
2235,0.0049234629451647,0.0037570360781742,0.1896381718240862,0.1364598476825026,0.0159580350978248,0.0039701529909928,0.0115756809555177,0.0061988281296562,0.3822213822025506,0.2046911627547626
2236,0.5032144668410526,0.030316769364086,7.797668912367373e-05,8.247800859484244e-06,0.1577228298420689,0.0087694350637714,0.0001018597166114,3.869829513057615e-05,0.000353963039505,0.000186851657469
2237,0.4486101510283226,0.0460862191675571,0.0001230710023637,8.239015208103535e-06,0.1778244654468432,0.0039371160239976,6.43727936922564e-05,1.52525664064522e-05,0.0003393939853208,0.0001470143345133
2238,0.0192080953938991,0.0079651088673817,4.826435517648384,0.0883592491478968,3.3399131984016783,0.0054915826219181,0.0595217906859184,0.0146060964400994,83.37117144905451,0.6076262347186218
2239,0.0107148735007686,0.0069976412209557,0.283176145279126,0.0893928128012017,0.2856184118447028,0.0189167630964205,0.0373488135082424,0.0135579925346145,1.569380203676141,0.5527575445115505
2240,0.1348668933965834,0.0076560166068634,0.2193063006269381,0.0084923252404523,0.1548136510294211,0.0738066101666547,0.0103201108274546,0.0041799475787436,0.3997095602137827,0.0084699419019637
2241,0.007334088094791,0.0055361533704302,0.2343993527884785,0.1093278969560277,0.2152707387628805,0.0412069035758236,0.0227714617480558,0.0105171936570825,0.5814125412131119,0.433851396632147
2242,0.0082832960828834,0.0060895672164299,0.256452593796783,0.0980421140983505,0.2489656097489317,0.0362964917099968,0.0288872884631297,0.011789164921211,0.6743585367297213,0.4909606167618655
2243,0.4992795075638288,0.0398929548290948,7.99780376828158e-05,6.945846333393543e-06,0.1575952384139116,0.0054198886755165,0.0001019789739356,2.486849929417796e-05,0.0003238774026234,0.00016797875333
2244,0.4239599059766411,0.052738464951672,0.0001548972140431,9.12575936308368e-06,0.2188583412991983,0.0033524178917278,4.6871012587853935e-05,1.411279622606329e-05,0.0003282449888819,0.0001369156930395
2245,0.0064445950757568,0.0049929291041015,0.2194337265458846,0.1228542280847571,0.1026782573644773,0.0210054633308576,0.0178395538778228,0.009089875564236,0.5194481724220128,0.3696236373234819
2246,0.2297941830997608,0.0062909616896134,0.1803381784092834,0.0146619117966753,0.0827559029012984,0.0323190465710795,0.0110067295545593,0.0050577243146291,0.3406991947597736,0.0146194868081359
2247,0.0093996707493179,0.0066400270677559,0.2739877202856329,0.0918880794070763,0.2668824877753881,0.0336268185723871,0.033252295993192,0.0129559335014826,0.8679046938886884,0.5261767566535442
2248,0.0086172262155109,0.006283461360363,0.2625213453447473,0.0952915113116466,0.2527023848239861,0.0396429715756079,0.0302660129894806,0.0122086730511845,0.6755964645438971,0.5031564771982593
2249,0.545506514862138,0.0326381978651585,4.589263890644524e-05,6.379877343623934e-06,0.1335641047007089,0.0094836851836217,0.0001290113143355,5.60895848948233e-05,0.0004161232942744,0.0002219773465933
2250,0.0062598254414599,0.0048627399760241,0.2161901806238836,0.1261759778053752,0.0781934659181513,0.0179242873880694,0.0171559074907364,0.00881361020614,0.5037670009820836,0.3539763925565844
2251,0.0056064786792654,0.0039876871155855,0.1895285374616613,0.1374165433497867,0.0173931200622574,0.0040323320334655,0.0127041025108452,0.0063574887998058,0.3735810383176633,0.2099204962879073
2252,0.0074392075775007,0.0055867568682704,0.2376907757279526,0.1075595618812489,0.2194182920049156,0.0454512994422186,0.0234718519999977,0.0106827341300216,0.5897569167603315,0.4404900317877205
2253,0.4166430207716307,0.054066862604771,0.0001686615062617,9.158989345499067e-06,0.2299004928244368,0.0031536141206418,4.497824318639187e-05,1.4246097839470184e-05,0.0003670099960287,0.0001387868491437
2254,0.3748717173059548,0.0607222196949831,0.0002607057899846,1.2311748275967025e-05,0.2809326211816953,0.0050384589918447,3.944025432777848e-05,2.130972626062585e-05,0.0003765078202738,0.0001410657986997
2255,0.0166789816244914,0.0081467667795841,1.295811926577498,0.0863787449101725,0.662406021381893,0.0061129413769368,0.0542413227037257,0.0151761855944345,20.713490541402265,0.6160121067471942
2256,0.0162420791635168,0.0080506329843489,0.9869108595248738,0.0868654330993009,0.4403911829442797,0.0063112280373604,0.0530155956959957,0.0150838005164851,16.433227389454906,0.6137395781960654
2257,0.5259785044437233,0.0358586025654352,6.084081329662477e-05,6.626590251302634e-06,0.1454770913777393,0.0076858686551566,0.0001186325146731,3.5468800725145463e-05,0.0003839992169918,0.0001834353243517
2258,0.0057982330755887,0.0044748024574247,0.2062853745299663,0.1383495291375418,0.0323061753276752,0.0083192758858694,0.014830099501848,0.0078246536885618,0.448897362509554,0.295006399076323
2259,0.0062548148188935,0.00479821083371,0.2127477504405409,0.1287895086349666,0.0580002117753763,0.011505923221345,0.0166627662285986,0.0085205452365204,0.4808551423424101,0.3482019379971143
2260,0.0126778235352809,0.0075815726122928,0.3044852559410583,0.0868026084579191,0.3134792847875884,0.0109362129422793,0.0435876785375583,0.0145528557205827,3.596522461078226,0.5879467292136691
2261,0.5235560857699157,0.031670817654379,5.519254946117062e-05,7.160629939221935e-06,0.1431888372249452,0.0076171981149777,0.0001106586174432,3.8414404084773375e-05,0.0003194532260877,0.0001945103041049
2262,0.0144459180020815,0.0078394077558675,0.4888862981002004,0.0866216489736404,0.3222113246425144,0.0075756760052373,0.0483437904638233,0.014835265572068,7.541548088614053,0.6023727504251205
2263,0.0186603974358925,0.0080280788132391,3.5416285320556424,0.0879183333943679,2.3554528468596097,0.0055337844424537,0.0584034931676766,0.014749222360714,58.50400104400948,0.6104935403251667
2264,0.0068223240942292,0.0052110647282132,0.225632408862243,0.1169487082043607,0.1533527046709303,0.0295782048966914,0.0196059816219583,0.009664640934905,0.5442880011088198,0.3973346491579648
2265,0.0103172217243833,0.0069117223854379,0.2817679523338031,0.0899864478891834,0.2823419576092076,0.0229410471055279,0.0361503936830116,0.0134322176149928,1.2312204989975075,0.5462799945299938
2266,0.008226176994323,0.0060744682310346,0.2535846770180273,0.0982441966428072,0.2472216531075399,0.038134810545445,0.0286675173596222,0.0117557313103564,0.64157138401929,0.4891512991146086
2267,0.0140218090520783,0.0078284080829453,0.4592440712536451,0.0863702209127659,0.3257165229075835,0.0082956124513558,0.047376558728232,0.0148947524325413,6.505178674686138,0.6020287442595992
2268,0.0062980455832537,0.0048861936579667,0.2155272118880085,0.1267136818179157,0.0749572383134554,0.0148102082213426,0.0172265002376172,0.0088302708567903,0.5033276870295945,0.3585436271454681
2269,0.0191855999435071,0.0080625925423288,4.44770995996661,0.0879662274954334,3.043398394591557,0.0054641642270009,0.0596724458965005,0.0147385840153601,74.5638305506451,0.6103729479610578
2270,0.4535962152014816,0.0443264787989068,0.0001058004575373,7.727545843004618e-06,0.1696638967319367,0.0045686245375009,7.293943017805809e-05,2.1447786019652072e-05,0.0003316328383283,0.0001593026902102
2271,0.0076287901893446,0.0056995601900723,0.2406509667622775,0.1046337221223869,0.2327451231354406,0.0390064352635662,0.0249773044131685,0.0108943388535419,0.5883236766338646,0.4561255318223073
2272,0.0157769355930826,0.0080293035836929,0.8880450312444083,0.0864938681591832,0.3651408214292831,0.0065810088290627,0.0519049933268981,0.0150779988548485,13.787781948302271,0.6122237679181325
2273,0.0061285994679494,0.0046906079213803,0.210715436796714,0.1317067848961121,0.0477744703409006,0.0105550284256514,0.0161207140014757,0.0083092429880778,0.4773468803620095,0.3345496059913168
2274,0.0056937602461371,0.0042805654150616,0.1995362481353717,0.1443932510760645,0.0166631332304673,0.0046791341175797,0.014003546042343,0.0072584845939932,0.4145142640607551,0.2686548761466744
2275,0.0104968465948356,0.0070348312949116,0.2857925281077488,0.0888851238694437,0.2849539875302734,0.0230601711066151,0.0368994352275419,0.0136513946408771,1.2037245940395722,0.5517247209812262
2276,0.0074569267954968,0.0055900620963063,0.2382775165468815,0.106891369735419,0.2281440895192656,0.0340030962287284,0.023985459112345,0.0105903093570991,0.5749876841919512,0.4467057089780987
2277,0.0073583441590474,0.0055466049111675,0.2353041253046389,0.1091326386852046,0.2126257369756589,0.040864022173541,0.0228333658602947,0.0105096601384351,0.5837910020337171,0.4336810789529387
2278,0.0057082147683868,0.0042802384218486,0.2000127394151065,0.1436099250289511,0.016710934022886,0.0049867252748001,0.0139516526276718,0.0072413440666159,0.4127075207724343,0.2706596960794767
2279,0.0062183455479677,0.004823219701722,0.2156998224083681,0.127711246454645,0.06950872951572,0.0155410631928165,0.0170092475070841,0.0087201294218931,0.4953091117822219,0.3504128742203857
2280,0.5108864695794173,0.0367492300665781,7.168760674965431e-05,6.7707861084086405e-06,0.1531358628055029,0.0067771304895935,0.0001114353282077,3.478789355111819e-05,0.0002801591679815,0.0001833027890614
2281,0.4742532538782477,0.0418201027264845,9.782080986855916e-05,7.757326554049029e-06,0.163967338608419,0.0052114249506079,8.118514868430162e-05,2.194991741063455e-05,0.0002985009788727,0.0001610087522545
2282,0.4408153519302912,0.0464119288337227,0.0001218362151433,8.313992044070725e-06,0.1827696689495059,0.0043213501606343,5.99305956177968e-05,1.8326734913506692e-05,0.0003409706662588,0.0001531829422367
2283,0.0047502593218467,0.0036703882208018,0.1865865061222458,0.0503315643137646,0.0652436308063807,0.012107684894171,0.0102107767903233,0.0055234124723585,0.3519903600113404,0.0455744878685903
2284,0.1177461822230257,0.0064707550581678,0.1815455016168622,0.0087234738061285,0.2065790269596248,0.0462412431696781,0.0081752556962635,0.0040749499564848,0.3766730571841254,0.0086999772210771
2285,0.0057857149817221,0.0043860505792544,0.201864886470851,0.1403240459730263,0.0218295380297936,0.006339848199339,0.0145313278632374,0.0075770631095365,0.4365895641917669,0.2883137137068207
2286,0.0061491956820447,0.0048048665941675,0.2135420044492485,0.1285539305467948,0.0603199475587369,0.0150094623723675,0.0166973060663229,0.0086381866219023,0.4928327905221762,0.3419735942361258
2287,0.0061286653669624,0.0047578599614364,0.2133289698380013,0.1315015386245927,0.0509974761380252,0.0118840977165009,0.0164309442597687,0.0084952638452407,0.4815114777864013,0.3384227206069348
2288,0.0087060442754172,0.0063445624314681,0.2625216994783927,0.0952589803051797,0.2575738597887017,0.0387243908608711,0.0307696052727551,0.0124140094935234,0.7326256442627814,0.508006281377287
2289,0.1031839804386688,0.005409750409891,0.1785400040731551,0.0299516644350383,0.0814697627765243,0.0269134787918123,0.0230312887781442,0.0052928059016596,0.3366061560509671,0.0298270553624732
2290,0.0063254298939097,0.0049123615868093,0.2156833432601644,0.1264413879411877,0.0774353782122804,0.0144241870649645,0.0173061339318741,0.0088757346873786,0.5077492490390236,0.3609583028293186
2291,0.0185501714219506,0.0082236065580315,3.2611694476801354,0.0872318633750143,2.12614450636076,0.0056080266336165,0.0586783033217539,0.0151345459027715,53.13425833404852,0.6184927895443474
2292,0.0084114425672643,0.0062010778640859,0.2615590421682806,0.0964624341752164,0.2457110883996917,0.0452601583667528,0.0292586729450369,0.0120652050218316,0.6410946574855881,0.4939207470428728
2293,0.0188890136168219,0.0081542840154535,4.1127915116404505,0.0876403980023152,2.7736161303683997,0.0055318579554574,0.059285932033817,0.0149819022427346,66.81762573971969,0.6158795573218645
2294,0.0059376412432326,0.0040947676299231,0.1937795650205129,0.1400687104198786,0.0231480246140151,0.0052716691972602,0.0138813870535416,0.0068145196111922,0.3968564342466572,0.2457815043977092
2295,0.0071814429362568,0.0054179005863574,0.2325779114224932,0.1101117176000339,0.197905607292534,0.046030109928092,0.0215863124719038,0.010208931872937,0.569675157256441,0.4196500300119376
2296,0.0065779644115938,0.0050802427094552,0.2227629718381215,0.1201574947917761,0.1238053899356422,0.0287288184936835,0.0184496201913749,0.0093493600183443,0.5329533545196111,0.3755559081738702
2297,0.0051963118041326,0.0038376467449692,0.2924735375748492,0.1710491082396634,0.1999867673556928,0.0534125035567354,0.010825221256594,0.0055999640844578,0.3364268411215266,0.1633377648054313
2298,0.0058386701801392,0.0040723105570604,0.1896252468486689,0.1474760418705676,0.0174066443830902,0.0039321812734013,0.0132903426221299,0.0064892447551137,0.3728817557307876,0.2324134415885955
2299,0.0073165280996075,0.0055056553488911,0.2352446830811264,0.1089205705757432,0.2142538283862099,0.0360428333035411,0.0228140487212219,0.0103773520425193,0.5692272137733579,0.4354548388958642
2300,0.0172165656626537,0.0082218202691126,1.6166438869855022,0.086753385693772,0.9005442989290844,0.0059825485481128,0.0556912204157178,0.0153219972704129,26.53161837397164,0.6208953015547725
2301,0.010649261009345,0.0070148712147893,0.2844670515650717,0.0894583905515389,0.2878611991119657,0.0202455113565932,0.0372262207568482,0.0136230419036114,1.4434957983561267,0.5532234132630255
2302,0.0191746638038365,0.008147280576391,4.822994185925673,0.0877072877894666,3.310691348551697,0.0054897420993144,0.0598928998584394,0.0149171491540458,78.63261279020197,0.6144173303886983
2303,0.0186484282963466,0.0076115207925331,4.773716903977577,0.08898188532471,3.3078701136059854,0.0056944312547334,0.0574560185639386,0.0140651960327028,79.9050767175628,0.5941165188033753
2304,0.0114415023382805,0.0072463167734075,0.2902116688723393,0.0881586863559693,0.2981402905264334,0.015344754182265,0.0397409381278526,0.0140044387015892,1.936099429170668,0.5679922208217928
2305,0.0185210015626054,0.0081485127775939,2.951163836440259,0.087500282452417,1.905452007925537,0.0055820951334629,0.0583972211728794,0.0149834088650176,50.14787120365365,0.615345713221428
2306,0.0155531891880396,0.0080189676761393,0.7920863848689818,0.0864266146359399,0.3249841135790743,0.00674590011351,0.0513715802497034,0.0150857853544639,12.40810569096191,0.6117593658292941
2307,0.0102636574807969,0.0068562351286077,0.2784201228198311,0.0905100168200208,0.2811767240410004,0.0219542383410767,0.0359123465969214,0.013341061460074,1.327731630011447,0.5445895243523518
2308,0.0048511277058985,0.0036749853026858,0.19160948506731,0.102362499378464,0.0511873378417219,0.010174160348496,0.0107596292382841,0.0057378436774905,0.3536168071738507,0.1746963153640563
2309,0.0060960317493366,0.0047553898976163,0.2133891363495759,0.1306863653532688,0.0563191103571855,0.0130124603182816,0.0164674697334088,0.0085509498035158,0.492757695610626,0.3402678629707268
2310,0.0068245116085993,0.0051917750583665,0.2258151952638298,0.1163560147542664,0.1602348808713969,0.0331525573309632,0.0195852018332312,0.0096473181468024,0.5455575391144796,0.3960426916803893
2311,0.0096092367439831,0.006660851291578,0.2733131077294163,0.0917418804361067,0.2699790534310549,0.0286731534654845,0.0337991836076469,0.0129718715923319,0.9894707430355444,0.5302728820527369
2312,0.5420576988032458,0.0250292079536241,4.849128479395976e-05,9.01779724868372e-06,0.1360027114896093,0.0123746442846609,0.0001858952952998,5.89143351437028e-05,0.0005125477197596,0.0002250416303041
2313,0.5259184265779939,0.0332667880199457,5.479650785706461e-05,7.138534271546819e-06,0.1416821070421525,0.0089660336355334,0.0001082139501351,3.881022854749714e-05,0.0003784977015212,0.0001938682569247
2314,0.5484595123566032,0.0307173006616501,4.27786628541561e-05,6.503783013355604e-06,0.1291264360272751,0.0095049217096638,0.0001404827905934,5.748949484230081e-05,0.0004484082103715,0.0002270846700561
2315,0.0070816780638139,0.0053713213288736,0.2305386317431107,0.1118821307146915,0.2026346241712133,0.042465314717788,0.0211910399384878,0.0101137098061629,0.5675815650686407,0.4164845042625245
2316,0.0056746094764457,0.0041938833687242,0.1957777163608466,0.1450714166564312,0.0131992338053279,0.0044834543460316,0.0136709350021656,0.0069965431891152,0.3973972499315573,0.2657771071159355
2317,0.0063033234625682,0.0048914048430055,0.2158842452306472,0.1269645354626287,0.0783497492425621,0.01338945574738,0.0172400740876028,0.0088394514051177,0.5024055441940586,0.3622212910694242
2318,0.0104778961162775,0.0069624352996109,0.2825892486288282,0.0897003649932232,0.2850658067836858,0.0213439263736654,0.0366895098443044,0.0135332040276321,1.3626893999086391,0.5498781010796165
2319,0.0067605009115127,0.0051660200073174,0.2238125948221921,0.1169128378492734,0.1452616885845247,0.0247093003667534,0.0192555053745934,0.0094738619671052,0.529108533140034,0.394440429265468
2320,0.4621809446436147,0.0478959659623211,0.0001088514216101,7.5028755216289374e-06,0.167185944890978,0.0038792605391688,7.56149522119373e-05,1.7763942045849713e-05,0.0003063515307044,0.0001524579234945
2321,0.0058417791087031,0.0043513182937324,0.2013331310123787,0.1418909071470094,0.0191699173630845,0.0055670560448343,0.0144815489667037,0.0074083426466933,0.4241188814778884,0.2818696192618715
2322,0.5359258503433821,0.0300438667635353,5.349110278988953e-05,7.356717495691103e-06,0.1397527978333051,0.0087972800561478,0.0001045439146591,4.536114185138316e-05,0.0003311205703808,0.0002053034557464
2323,0.0081899917734546,0.0060914226052854,0.255634336708368,0.0984973497983105,0.2493596472952183,0.0391381281482182,0.028634880095043,0.0118459151086387,0.6511241469464054,0.4901986022324849
2324,0.4470301036237681,0.0511548468363527,0.0001256440671619,7.970069610367488e-06,0.1791178061508442,0.0041426616891576,6.33475779588414e-05,1.90840239927234e-05,0.000312562243056,0.0001519828825962
2325,0.0061011681080863,0.0047617362795686,0.2165111984922816,0.1293922228848012,0.0684156615111678,0.0180371720906358,0.0167260557823135,0.0086723431187303,0.5021035668183559,0.3398331238736728
2326,0.0301421981313685,0.0044588761318582,0.2732831709161054,0.0158285211774134,0.1400021239217341,0.0185763680191774,0.0135842393109214,0.0049900858362972,0.3640869414895206,0.0155792333811687
2327,0.0051117610761267,0.0040084362403456,0.192919395716048,0.1404013958054819,0.0121270923897319,0.0040379825821693,0.0123036992407072,0.0066725544704484,0.3959137694702424,0.2301672761160193
2328,0.018006460391558,0.0074232145099264,3.8828834789955966,0.0891902447084821,2.636137107939972,0.0060871446907696,0.0555947134406738,0.0138379944620582,68.11325692516931,0.5874706242901195
2329,0.0048745938476413,0.003668350416409,0.1845953180425049,0.0756651615161931,0.0572986437893858,0.0127471934797218,0.0108970828252434,0.0057895759489018,0.3567542358659627,0.1767681142375572
2330,0.0072693746855439,0.0054725020757486,0.23284818197382,0.1091942333070094,0.2127437815636834,0.0352945271635366,0.0224602724352271,0.0102748737945021,0.5635198020839806,0.4312343938499476
2331,0.0068634886055465,0.0052260058489508,0.2240580776033679,0.1161930429868813,0.157658947637215,0.0222554486595226,0.0199459172907295,0.0095947074245474,0.5314605445267547,0.4042277002996418
2332,0.4399563960088236,0.0458064974011955,0.0001176445167278,8.381246787799072e-06,0.1743351450310961,0.0043391238380646,6.441675995196487e-05,1.7378539988992847e-05,0.0003159738982364,0.0001492818463641
2333,0.0069572023810827,0.0053058545192029,0.2282729153980827,0.1150135353890061,0.1753850311881276,0.0288935404604501,0.0204780010258423,0.0098729788309141,0.5529978615308063,0.4103230669567007
2334,0.0164762589174188,0.0081044098731362,1.127534072250384,0.08655128268725,0.5414572648170947,0.0062713521125708,0.0537043570787625,0.0151634364957233,18.90251854934092,0.615668620852034
2335,0.0106762416663472,0.007036768805464,0.2834519655115688,0.089419150745225,0.2887113828197208,0.019757046582025,0.037398136609038,0.0136901540787987,1.6025024013393476,0.5548414509759583
2336,0.0063417489112168,0.0049099962773281,0.2163686770387265,0.1244568750867827,0.0862282822028476,0.0177204039377487,0.0174231570308417,0.0089127599788672,0.5072466064618742,0.3630737833801639
2337,0.0185795454253673,0.008163462501627,3.259588177350228,0.0877724292267495,2.137140370326573,0.0055740563621364,0.0586013101619169,0.0150563575711665,53.99663431471881,0.6175966548154367
2338,0.0098017540527624,0.0067206001082274,0.2759586224381255,0.0912868096558269,0.273003803333689,0.0262818720018274,0.0344188348441358,0.013080610558081,1.0920479156728533,0.5341424487439443
2339,0.0069836059763035,0.0053066936556671,0.2267701902767236,0.1143335585298403,0.1798584119063337,0.0316818710387214,0.0206054939868542,0.0098881792926294,0.5509690772666309,0.4097146436501014
2340,0.4739724362562449,0.0439401947469676,9.80575073792082e-05,7.37386305610887e-06,0.1647586827066951,0.0046063700397006,8.415572781507662e-05,2.094054278843057e-05,0.0002998565973433,0.0001588094045607
2341,0.013179661857864,0.0076293590054199,0.3060512665934601,0.0869085240625032,0.3170009377601001,0.009453544267458,0.0448489669382045,0.0145713366479372,4.076751514247058,0.5914161129486744
2342,0.0104357326766193,0.0070214551574065,0.2858408806425803,0.0891187989308088,0.2842063834891494,0.0234298107808631,0.036729490207565,0.0136369354339963,1.2340704399507367,0.5504488011731136
2343,0.0189116020123545,0.008206906184535,4.167855162374095,0.0875382907978573,2.8096820301603165,0.0055320525335454,0.0594655715339828,0.0150766830082026,67.11118272488928,0.6179888922666377
2344,0.0291910402305211,0.003736066945838,0.1829180177745437,0.0331163559085024,0.0745463077416554,0.0199101445193829,0.0237340018446585,0.0049889301381223,0.3258216433021288,0.0325877558987731
2345,0.0065500399175469,0.0050408056421231,0.2209452924574466,0.1209175749448486,0.1147157825973668,0.0244740121716348,0.0182937726214303,0.0092422556814361,0.5226422123923159,0.3760797724923195
2346,0.0178107136253988,0.0081904815566027,2.092760687253953,0.0869843079723193,1.2589106145133238,0.0057399043230672,0.0569179737937445,0.015151872177839,34.34251356571375,0.6179973447616569
2347,0.5054579209420785,0.0374918889871441,7.590083770696864e-05,7.13059932725151e-06,0.1565921904969084,0.006736064344889,0.0001063969196132,2.92981370684196e-05,0.0002920481419522,0.0001750425697119
2348,0.5373355156355984,0.0348893836525233,5.3041182372669554e-05,6.565308410791072e-06,0.1410453974974246,0.0080299966250805,0.000112823189175,4.1858866373362745e-05,0.0003652839537957,0.0002013165978578
2349,0.0049548023868077,0.0038831911518025,0.1899288335667708,0.1355435450204237,0.017825673223914,0.0047705379630683,0.0117265208644938,0.0063779188477131,0.3876766520946386,0.207293528654049
2350,0.5229323356395165,0.0332111364884299,6.196157992136882e-05,7.523357081752707e-06,0.1438462687397561,0.0086872897432101,0.0001090699999963,3.565312978709018e-05,0.000379359263505,0.0001917955756267
2351,0.0110521470308918,0.0071167514252408,0.2881656591120939,0.088735750211214,0.292037950527274,0.0171942549953734,0.0384517473987033,0.0137782014907324,1.7636570230912232,0.560374823038461
2352,0.0143719174796824,0.0078835688454117,0.4676241570898356,0.0864092315488644,0.3268020236353955,0.0078203863464795,0.0483053672026904,0.014953172711897,7.290093937887253,0.6047931632895346
2353,0.0088892862452228,0.0063991276040452,0.2651517625747917,0.094427859827004,0.2591626688674413,0.0359377840130892,0.0313771974412367,0.0124938812163474,0.7874191656359312,0.5119140935607496
2354,0.4710611486235609,0.0424153034356742,9.406192315559528e-05,7.655520993753273e-06,0.1654706739641088,0.0047259741741798,8.770780561871716e-05,1.8638079762114004e-05,0.0003483645002903,0.000157551914363
2355,0.006286127056295,0.0048814635392745,0.2187330559685895,0.1262189261655326,0.0884671968532483,0.0195840736961772,0.0173235455448715,0.0088942650502465,0.5168629743880193,0.3567396383159552
2356,0.0059281395614407,0.0046320731262075,0.2116809510924859,0.1325970921602813,0.0489473756685184,0.0130691427985037,0.0158755002607636,0.0083065884725137,0.4843198459138028,0.3232733539239615
2357,0.1628350754905637,0.0074077129092457,0.1905166418258169,0.0391399237769799,0.1257563685794648,0.0561156490636216,0.0218589336542482,0.0061144594182346,0.35841246153172,0.0391354488021674
2358,0.0102621007039586,0.0068992026552364,0.279054488925232,0.0902124607527744,0.2821578190441169,0.0230248273911838,0.0360341842585881,0.0134410995974901,1.2663593635757429,0.5460717110347112
2359,0.0074047776382905,0.0055561546139015,0.2367781105242405,0.1075632346939931,0.2174196988590473,0.0357598846717661,0.0233169125958731,0.0104715833498221,0.5766315620676841,0.4395229363611851
2360,0.006025408851458,0.0046657825634238,0.2102064832637248,0.1311207986897348,0.0526635224553584,0.0124026498314705,0.0159832479945515,0.0082947329945145,0.4737604858647731,0.3285513727661213
2361,0.006191706015557,0.0048017154943659,0.2143992393805746,0.1277870789972195,0.0692761800277173,0.014208027251065,0.0167773240358668,0.0086139782696938,0.4953139416571417,0.3494650172241445
2362,0.4753361259303952,0.042487420698884,9.724644948886943e-05,7.502126078897019e-06,0.1645058693739637,0.0045792208504208,8.51319101358823e-05,1.996497676345994e-05,0.0003161774440044,0.0001594419745942
2363,0.506595222921786,0.0369993617155611,7.336692100476585e-05,7.163504468206149e-06,0.1526430784713504,0.0067434402391234,0.0001044669990888,2.907605032143696e-05,0.000324943416161,0.0001754356859309
2364,0.0123866748883896,0.007501565679417,0.3003176510200555,0.0871053542448869,0.3110315459489249,0.0117448677206717,0.0426887100164738,0.0144328423947582,3.131549089633669,0.5836647851135013
2365,0.4709816812861887,0.0447088972751087,9.555184016307224e-05,7.400686280618061e-06,0.1640074813944755,0.0044422560136776,8.404128440865611e-05,1.94251722099161e-05,0.0003140483691454,0.0001595961811221
2366,0.0055541810670625,0.004115905117964,0.1957144052957233,0.1417595018825293,0.0198052968598645,0.0053796640122503,0.0133907157666246,0.0069538302108952,0.4076889264240398,0.2510181113960942
2367,0.0095272356512734,0.0066542629179615,0.2744624423524974,0.0916920931213983,0.2687430217144914,0.0315203375150685,0.0335724011079429,0.0129657948009622,0.897099711780328,0.5291420711701259
2368,0.0108642102838029,0.0070990114362713,0.286160240578154,0.0887368576195605,0.2909932658715426,0.0190258673273693,0.0379719262038035,0.0137680214258786,1.4823891817908288,0.5582733216403714
2369,0.0129250019173551,0.0076174562033133,0.3190084715652978,0.0868247910019721,0.3157902389286044,0.0104122096065954,0.0442666495602438,0.0146018849552749,4.186837231035632,0.5900182437695225
2370,0.0076023562157312,0.0056807866591603,0.2420362043020671,0.1045885120183705,0.2268427923377045,0.0431224416481488,0.0245828864140139,0.0108392293770351,0.5869138921429613,0.4526223430291386
2371,0.0069101604957048,0.0052715085722825,0.2287070754683023,0.115803943065446,0.1726604746433319,0.0341384560972251,0.0202325715735005,0.0098691879863024,0.5608288230062924,0.4057415750305463
2372,0.0189339582997892,0.0077152562888396,4.763594580266867,0.0888423646913484,3.3039021618624,0.0055832877750223,0.0583362970762358,0.0142070088319942,83.23223832700535,0.5979404053026907
2373,0.0056004537781033,0.0043705596508009,0.1982281548089401,0.0834620667563171,0.0874545685541047,0.0357154464916414,0.0100133277058375,0.0054781226622502,0.3472917056458698,0.1091751641955351
2374,0.0063864319031243,0.0049378191117449,0.2169961621926294,0.1246137523812906,0.0815958318394796,0.0150246824949549,0.0175116753181433,0.0088959570369581,0.5041840503505537,0.3666598626282702
2375,0.0097258194009422,0.0067537090903401,0.275657663939597,0.0911702940330904,0.2736765111642084,0.0289245127616907,0.0343558970073681,0.0131795936627747,0.9960368860143742,0.5352427555039473
2376,0.0147207513923174,0.0078846024727069,0.5189619101103606,0.086396511068748,0.3221623997887035,0.0074706568718891,0.0491198343827282,0.0149158433176905,8.806989153409132,0.6056080009182669
2377,0.0080689304282619,0.0060098410842475,0.2494399538412565,0.0995565097227638,0.2469294376638779,0.0371695721985058,0.0280293149669004,0.0116128762781238,0.6356853346276125,0.4841261271650519
2378,0.0067259702822615,0.0051582289786143,0.225431871887152,0.1179776544072713,0.1412138626568262,0.0330212570678529,0.0190629927039512,0.0095495061868768,0.5399790362251223,0.3864616116435633
2379,0.1708643380805407,0.0055197761005177,0.179771229363939,0.0171458233238679,0.0756866122757328,0.0242112764912024,0.011050918469372,0.0049178916500141,0.3301953559490412,0.017078314835109
2380,0.0168685497304415,0.0081648285795285,1.3733892244464383,0.0866419784417774,0.7219129002985688,0.0061191733082073,0.0547504561865911,0.0152410198815008,22.85143415517019,0.6181095564065262
2381,0.4564173751963408,0.0443611176927027,0.0001128406044069,8.13951992036665e-06,0.1692683481369875,0.0042988168951012,7.144455389490557e-05,1.603470844029773e-05,0.0003255107992568,0.0001526680537578
2382,0.3259587760155274,0.0055848298780181,0.1784206592396888,0.0097717666091846,0.1050433766458935,0.0338498351176041,0.0098630123216077,0.0042612857107209,0.3404561769796703,0.0097723457569233
2383,0.006124459903383,0.0046903642659586,0.21135692487657,0.1320707489139455,0.0525503376835467,0.0108449452950095,0.0161453530426364,0.0083167652418883,0.4772241997399656,0.3355710393708239
2384,0.0166084264359393,0.0036802815814891,0.179268425226072,0.0157206038779578,0.0412009922741476,0.0195982027583786,0.0141010776286499,0.0047304524048603,0.327427964662545,0.0148101507697933
2385,0.5270049980875703,0.0265063570951855,6.043826188840841e-05,8.841958278041273e-06,0.1455445794292793,0.0106434963697911,0.0001186788779106,3.849926456263105e-05,0.0004041939862432,0.0001914154121944
2386,0.0079639879054833,0.0059065632475472,0.2483622436120249,0.1009117687465951,0.2421901548143527,0.0363395591181782,0.0272009647605637,0.0113594037424121,0.6228066678276215,0.4762023539101539
2387,0.0056416985462421,0.0042525332834812,0.1974081420990616,0.1444861271845471,0.0132150462831121,0.0043571047869349,0.0137863686105169,0.0072086874451598,0.4206401441860092,0.2621953027977515
2388,0.0158692322501011,0.0054851110808037,0.2027547161276333,0.0310967360540007,0.064747928539338,0.0194999866940332,0.0132595212963856,0.0053884490791551,0.3817705872713633,0.0306757906218568
2389,0.4992212721801973,0.0393251237564637,8.028023484953512e-05,7.1665049287529886e-06,0.1585876458844246,0.0058952505340594,0.0001050487097986,2.4349768807102785e-05,0.0003539739165542,0.0001688206813449
2390,0.015769464911865,0.0080368177512018,0.8167989440145529,0.0866154959807596,0.3242385067419892,0.0065721613655364,0.051880526193697,0.0150818811241609,13.28785342709056,0.6121029269934927
2391,0.0144651341531263,0.0078826345237047,0.5449824210075838,0.0863100990291708,0.3237560400975023,0.0075872305083729,0.0485035206151286,0.0149135266640926,7.636062732462539,0.6041856824982139
2392,0.1482759820215677,0.0054426695640634,0.2165627807540802,0.0221877901344158,0.0823068150252754,0.0284230284064701,0.0167985533658173,0.0047913709384474,0.3582497815447727,0.0221480793102603
2393,0.0062048230975593,0.0047435780615988,0.2107259533074398,0.1306726849064441,0.0481437358989127,0.0104463111480714,0.0163499245347757,0.0083807229050156,0.4692989862277759,0.3398933943115662
2394,0.4539643243044174,0.045936154127315,0.0001044588543846,7.763147323982112e-06,0.1675110474366342,0.0047939075782119,7.293518349774226e-05,2.307753970333884e-05,0.0003270971407942,0.0001599124735455
2395,0.013909505803454,0.0077852316253412,0.4204354388860168,0.0866351472190544,0.3237782121157565,0.0084160315827721,0.0469846182232555,0.01481470956583,6.172022261285339,0.5998095733303132
2396,0.018693791857257,0.008134181121981,3.2165372654225712,0.0877415430169659,2.1096004215487327,0.0055390075834037,0.0587517192091202,0.0149500264080601,54.7760586216364,0.6149398448634572
2397,0.0077599162309518,0.0057935509540213,0.2439630683462567,0.1035527581786734,0.2337409833169026,0.0453684627150232,0.0255438801259308,0.0111737880254295,0.6088120394259067,0.4609991525365914
2398,0.0129000084876668,0.0076208050234145,0.3065368756247276,0.0867759918906885,0.3155758166907058,0.0103226932073879,0.0441669274470058,0.01458004456642,3.871638363640116,0.5897646897931007
2399,0.0070557193426983,0.0053515036202931,0.2302651681689654,0.1133860461556188,0.1814161549143066,0.04250670520144,0.020811799432749,0.0100777710380592,0.5632008632979675,0.4097649065279048
2400,0.0066934247071382,0.0051154086290127,0.2239722414077077,0.1167788815995588,0.1413788099572128,0.0321345680127503,0.0188536025682676,0.009433163092314,0.5337316610834225,0.3855438223792134
2401,0.0135894642852916,0.0077222236568141,0.4030852748846961,0.0866724052509731,0.3210750712808811,0.0090420647497996,0.0461231701170916,0.0147572628759928,5.712978951228925,0.5968896531319424
2402,0.0100216142192198,0.0067656355374739,0.2780305343997094,0.0909686078075176,0.2758547708854115,0.0239347587439828,0.0350389570938995,0.0131396994632291,1.1679852630840624,0.5378484622107249
2403,0.0096966813114351,0.006689247326105,0.2739387454306772,0.0917269129118375,0.272679457567733,0.0279359060435423,0.0340763590744586,0.013032317197628,0.9973714731169409,0.5327535819856787
2404,0.0061798579502107,0.0047987355130679,0.2152743191198571,0.1281814437608847,0.072369975425467,0.0160583794332922,0.0168879105379521,0.0086936309577841,0.4977309283402451,0.3488624875173089
2405,0.004927992017759,0.0037088413637988,0.2464878657988903,0.0741955867063449,0.0570052270587822,0.0164765925048503,0.0104231465362824,0.0055522717463605,0.336701822300568,0.1563202724671113
2406,0.0085448840840825,0.0062375270944622,0.2596652954428104,0.096204508023624,0.2527089644981758,0.0402798653340323,0.0299731111136925,0.0121360386435263,0.6572806928919387,0.5006082240061882
2407,0.4900276216793017,0.0393905073428523,7.763396773038195e-05,6.902363704971023e-06,0.157111276525257,0.0058107983433636,9.238124526061048e-05,3.0023877285528145e-05,0.000256737880513,0.0001714332267886
2408,0.5279274245484081,0.0363195319546707,5.900004575187874e-05,6.21140963671524e-06,0.1424912051100391,0.006529450722247,0.0001078923744204,3.721077730417343e-05,0.00031109349571,0.0001923955211705
2409,0.0066086115295167,0.0050891565866794,0.2212520084314578,0.1192748117724373,0.1226355699175704,0.0275162752219027,0.0184934970836298,0.0093528924666984,0.5294856643586721,0.378531962309825
2410,0.1465664012014447,0.0051006728777048,0.229087317279545,0.0211915225473899,0.204871978240043,0.0225138051255178,0.0152956707831809,0.0048655305207212,0.3392263196229559,0.0211002496466736
2411,0.0166592658777372,0.0080972263626385,1.3486178681850742,0.0867495017054614,0.704417492921923,0.006169346336883,0.0541019826926408,0.0151346132490557,21.256203892123963,0.6155973106834798
2412,0.0059885777615862,0.0045858725716809,0.2071361795507467,0.136268997184314,0.0311879821668085,0.0080224404838546,0.0154539830725676,0.008068513695112,0.4603056448949374,0.3158109315682731
2413,0.0114519412334026,0.0072061676384943,0.2886241039112311,0.0885125194907657,0.2972298954391718,0.0149299652361784,0.0396872177021654,0.0139424079071,2.271355659964524,0.5668936316282087
2414,0.0138070000881741,0.0077360613324005,0.4529432612702833,0.0866278437587657,0.3194582661835586,0.0086343830710001,0.0466394631385547,0.0147365624252963,6.25191977022015,0.5978636251714888
2415,0.0073026076056099,0.0054903328988801,0.2355604059665622,0.1090508985753785,0.2151071408367895,0.036042718496661,0.0227803633032863,0.0103714909922525,0.5698873560951956,0.4351298382870537
2416,0.0076999055309212,0.0057390991253038,0.2421348831020853,0.1036597185723936,0.2287093190951435,0.0445800032096146,0.0250744323728897,0.010991068008294,0.5986028736370956,0.4565705787944087
2417,0.0141530043780626,0.0077743457446211,0.4539349015797214,0.0866899713725801,0.3217220159600257,0.0081563895600367,0.0475326229696602,0.0147812506579111,7.152406427735111,0.6005487933383198
2418,0.0060755675897058,0.0046782071600665,0.2105580163875547,0.1324213808888987,0.0425378667179817,0.0101468093816922,0.0159879642691424,0.0082979012655118,0.4714604165479805,0.3309444858488267
2419,0.0116091960399648,0.0034374176323346,0.1794700421523994,0.034376483209951,0.0917936829379858,0.0181467789469668,0.0126675262037698,0.0047306634310065,0.3172869005345231,0.0320360182367427
2420,0.0067879834939621,0.0052060488195956,0.2240945384122619,0.1173407620100353,0.1526144295610755,0.0278476413437726,0.0194137512904341,0.0096066679415645,0.5433066467704943,0.3951918808220253
2421,0.0064582060478065,0.0049894621551925,0.218325986678784,0.1236396050884956,0.095871363854663,0.0172320757098305,0.0178225335669292,0.0090560463575501,0.5116653754054159,0.3719506658621154
2422,0.0174349928583547,0.0081705051891768,1.7281861015690456,0.0867595189276913,0.9864012261288856,0.0058744677984851,0.0560119868741883,0.0151488287976092,29.11479547333457,0.6170086240354871
2423,0.4957124760394207,0.0400654015099706,8.181692220129779e-05,7.028058109127076e-06,0.1597675710762842,0.0050016769365505,0.0001008920731537,2.251816326493557e-05,0.0003219614668466,0.0001630799530763
2424,0.0048397324488473,0.0036792462777064,0.184446380547727,0.0582546742732855,0.0374580984523334,0.0102797640456415,0.0104127530628825,0.0055395713568234,0.3472123845825035,0.0598115657078989
2425,0.007729518034822,0.0057814624423782,0.2424682861549984,0.103481791897362,0.2388818974656402,0.035191395831743,0.0259078446605542,0.0110682094757804,0.5991993429494381,0.4649079650778176
2426,0.4402578583571796,0.0474182831285368,0.0001160683622516,8.39212591152069e-06,0.1723040699196439,0.0041695719194669,6.655989385376361e-05,1.8223785138688217e-05,0.0003087307940458,0.0001516968855467
2427,0.0130485805870712,0.0075859191993699,0.3794332667885609,0.0869501396705375,0.3126103424167216,0.0100437303145965,0.0444696806617721,0.0145186048920971,4.742596616436847,0.5891023883415191
2428,0.0176589598236878,0.0072386561591383,7.568594920840375,0.0893333609002915,5.349417269412963,0.0067913174036224,0.0544606787745027,0.0135871938151309,110.98629743999165,0.5788937091101815
2429,0.005973738646597,0.0046174821076992,0.209699056299692,0.1323589964032645,0.0492887472967035,0.0118348045635937,0.0156987716793866,0.0081813878766997,0.4697272545127235,0.322458512457084
2430,0.0057573699382266,0.0044269563961392,0.2044841676163452,0.1392858187857324,0.0268904256472685,0.0076976292170225,0.0146050053942208,0.0077215784423444,0.4438669046010157,0.2909556986824262
2431,0.0057057257705512,0.0040453047375628,0.1896271285835544,0.1475532959482058,0.0170904210629587,0.0038522822056311,0.0129971973006534,0.0064700509174262,0.3784079976428299,0.2293229169235958
2432,0.1142804272055688,0.00630742499112,0.1737493157061605,0.0093494146286804,0.1223935338718168,0.0505514172063113,0.0096430693738131,0.0039213784805344,0.3685782159264308,0.009325717179758
2433,0.0083980653431475,0.0062186958967965,0.2610150041586262,0.0966279107495893,0.2492137808196491,0.0449997876144481,0.0293864930087151,0.0121397822685975,0.6439453458532356,0.4961539264865496
2434,0.5274063848941344,0.0359804206388049,6.008173257372535e-05,6.348017220032908e-06,0.1450201193125619,0.0071444890177097,0.0001144031939328,3.8637170586698734e-05,0.000350892007928,0.0001947279699364
2435,0.0184052441176554,0.0081655277150538,2.726157283290167,0.0875392890711239,1.738734521779035,0.0056113335766562,0.0581995249827241,0.0150573755801742,46.9387310492333,0.6169952296621394
2436,0.0090922270016003,0.0064476025307736,0.2647565725352276,0.0940228574081979,0.2631290098045681,0.0335431179847915,0.0319553199109916,0.0125810927216376,0.8275868803014624,0.5169079071272803
2437,0.0119670547871856,0.0073933009835928,0.2946204398809263,0.0876321559906775,0.3065539785644761,0.0132586991966228,0.0414288715965341,0.0142830435078243,2.6111148206805037,0.5774078407074732
2438,0.0053277347826358,0.0039298657065541,0.1866653934386651,0.1475811511116448,0.0163253731824201,0.0039825876097473,0.0120112214133614,0.0062189480336492,0.3661599703581324,0.2162517276701812
2439,0.0057282872866965,0.0042821427102663,0.1987915735854527,0.1435680612653419,0.0160549046703349,0.005011895583912,0.0140568067441181,0.0072738428905011,0.417468410474372,0.2749014917741665
2440,0.0193491290710189,0.0081198631062755,5.673567992263108,0.0879537812503957,3.955280692429165,0.0054937264907947,0.0602630331779851,0.014891031122365,95.4290685010316,0.6141085269490146
2441,0.0058328891790248,0.004396044825875,0.2021026210569834,0.1423625210651119,0.0173332808902931,0.0052874251741876,0.014606525264122,0.0075590512655904,0.4413295746137515,0.2874850155807003
2442,0.0128871242419023,0.0075368620835543,0.3884429416953225,0.0870978140874976,0.3094838894097425,0.0103969447330436,0.0439431803654185,0.0144216180109331,4.589009889622234,0.5861905739840996
2443,0.2064479458234419,0.0057082468743578,0.1797867971729265,0.0122710560952145,0.0847518237083912,0.0179280533415792,0.00899843153945,0.0046147797980135,0.3383506718171351,0.0122338297588544
2444,0.0077539403911166,0.0057771794278226,0.2440919673268887,0.1029672639981725,0.2309443025162595,0.0407433517999499,0.025479934028047,0.0110293931583173,0.5973470224569535,0.4603551289323973
2445,0.0063931470557448,0.0049448983858121,0.2152506625283681,0.1241826629449729,0.0886945658234636,0.0160694530418741,0.0175396201415502,0.0089398158238784,0.5031430269527626,0.3661704969329611
2446,0.0061968258852306,0.0048008524703481,0.2139690062339485,0.1266321447298108,0.0693007995894736,0.0159730452192787,0.0168715244644442,0.0086544316528893,0.4938743375625886,0.348639808067939
2447,0.0052977428297043,0.0044305119984721,0.1971327025220544,0.1009037635975916,0.1254829553368116,0.0287960368774271,0.0090488377546324,0.0053273711021552,0.3498091858298474,0.122256122394116
2448,0.5403212098281744,0.0292466348507298,4.213162526832926e-05,6.690855910340158e-06,0.1321049956963425,0.0097134917542841,0.0001318093086474,5.4505084169808304e-05,0.0004576930346207,0.0002208968435289
2449,0.0098570304280212,0.0067716595717632,0.2769566010140922,0.0908935535134468,0.2750550683454381,0.0272626086033448,0.0347013540440667,0.0131952493195117,1.0587945969798482,0.5366684505214723
2450,0.4225339807022166,0.0480930487629375,0.0001625431851,9.563994020911608e-06,0.22198795512871,0.0041025731920135,4.787059059787004e-05,1.4657587401030537e-05,0.0003395406470499,0.0001372798947077
2451,0.0085825838781762,0.003854017070489,0.207840707027965,0.0256914569178179,0.0838510879264542,0.0194150029389978,0.0102177438380805,0.0052373471310838,0.3329613606069393,0.0227908949998911
2452,0.0058915810677491,0.0046445936703698,0.2093449278949874,0.1306596858522072,0.0536121344365897,0.0147742425356061,0.0157346404350829,0.0082734391702664,0.4759057017257201,0.3153223480501482
2453,0.0057826047680813,0.0044040926624002,0.2034047192419686,0.1389113468924016,0.0251262476942996,0.0072763736752516,0.0146166014139774,0.0076459534907433,0.4349129040427229,0.2920041793562816
2454,0.4153395405940996,0.0515739745678288,0.0001686123422445,9.521647785114724e-06,0.2297632612001416,0.0025638489636907,4.4423481110073945e-05,9.719887495959411e-06,0.0003717368725445,0.000134331966457
2455,0.017888209865918,0.0082072663852677,1.985619525344184,0.0869623614924666,1.1815415620046248,0.0057214690865639,0.0571260174671542,0.0151634025193627,34.36376560823489,0.6182024490395304
2456,0.482047105800638,0.0376151563175151,8.232824503962878e-05,7.571999094573724e-06,0.1610682450540274,0.0054551643835535,8.842336112434854e-05,2.6114543308704844e-05,0.0002740917586313,0.0001700860341961
2457,0.0148181591046365,0.0031058121269387,0.2057170439046315,0.0287918173439231,0.0418679607534333,0.0248113437864195,0.0133106165133408,0.004604095709291,0.3390784761361479,0.0262710028484977
2458,0.0185028494205883,0.0081488355850594,2.993575410115572,0.0875275348230875,1.9361883051227524,0.0055542680133766,0.0583324297537598,0.0149668905831513,48.98800323386079,0.6148887670726361
2459,0.0068624545342135,0.0052348459948032,0.2260499391697175,0.1152642651659959,0.1611838293547935,0.0319959441856127,0.0197477400375918,0.009707157248975,0.5434624486245371,0.3995050574158257
2460,0.0067685862164764,0.0051886385317387,0.2231665243537356,0.1175734091291988,0.1391805335879108,0.0258216800664214,0.0192129635942654,0.0095442175494258,0.5336126571918817,0.392213685368339
2461,0.0053385939059747,0.0040972840264801,0.1943984570034576,0.1406917014791244,0.0125163842234565,0.0045456545988937,0.0127853378395212,0.0068320893530566,0.3998418967896505,0.2426284448717519
2462,0.0086956107506652,0.0063008878323286,0.2610028783718416,0.095744945820083,0.2566629422925198,0.035165024842235,0.0305562087902152,0.0122627888217631,0.765865415299273,0.5053353044189922
2463,0.0136897334289201,0.0077221482921298,0.3315606956367211,0.0867177468484614,0.3196389490578259,0.0084771993538462,0.0462906560888493,0.0146924692526918,5.150248082354671,0.5964466858498103
2464,0.013650133885843,0.0077613605910608,0.3116430308702301,0.0865084366563064,0.3212554278335695,0.0086554443389487,0.0463060119282839,0.0147770209611991,4.921659777961264,0.5978164466697433
2465,0.0087911216847738,0.0063678345502061,0.2630004346915808,0.0948937800459508,0.2578442740351022,0.0363176532973384,0.0310178712833936,0.0124220555904613,0.7585235649737496,0.5092599127004629
2466,0.0106334209561321,0.0070090214387825,0.2864903939664975,0.0893884339329999,0.2872071386096768,0.0201433755228044,0.0371649611283588,0.0136103228265918,1.5421787611449036,0.5531827735098708
2467,0.0057930589673492,0.0042979790268214,0.1986212031901224,0.1435177633780905,0.020154383442503,0.0051460326487834,0.014221262215212,0.007276989986473,0.4111407234431029,0.279663926562865
2468,0.0101078624675449,0.0068456152939887,0.2785888000201083,0.0907295958039566,0.2808555138670892,0.0240710936299431,0.0355318204541285,0.0133582564540043,1.265240974980676,0.5434511260406457
2469,0.0074506273761189,0.0055911685956617,0.2373224031878658,0.1070902437147054,0.2227537916366435,0.0373753025416476,0.0237098843954699,0.0105949915747013,0.58091173924696,0.4441904934235093
2470,0.0209194382014053,0.0034764026236537,0.1849223567752572,0.07203433430197,0.0605701614960771,0.008976372642945,0.0246656917396305,0.005353032233995,0.3577017108186985,0.0699155717839369
2471,0.0075856888607892,0.0056925338491758,0.2388174246831143,0.1055264610502801,0.2281214891626782,0.0440676755439819,0.0244485544815865,0.0109153458391487,0.6006382341544402,0.4508555977782727
2472,0.0088263763501879,0.006337417302492,0.264079839404885,0.0953724130403206,0.2590495417791755,0.0342894646973816,0.0309858531978829,0.0123506341980607,0.7975401208083776,0.5087969131619515
2473,0.0181284873496043,0.0081597698954167,2.424826569117811,0.0874489930274571,1.510951668595032,0.0056469584380703,0.0575285838884152,0.0150486546374963,40.44896864471251,0.6161981125099166
2474,0.0056286100567364,0.0041254395765247,0.1952464789969963,0.1452144468006929,0.0136310115783637,0.0039968589354761,0.0132981139160693,0.0068242804672759,0.3948772763253687,0.2479198633498672
2475,0.4910753256697929,0.0380672604211085,8.276000816989881e-05,7.68913938644508e-06,0.160445592333465,0.0062957988566554,9.664385400863713e-05,2.3923561369090903e-05,0.0003054924767,0.0001661448282204
2476,0.0121779483335743,0.0074221830902671,0.2977196543670208,0.0873662254996452,0.3056610438621069,0.0121542430531016,0.0419469046041043,0.0142664735344785,2.6891996688147466,0.5786182386073804
2477,0.0128447703340652,0.0075483374625472,0.3377259960239685,0.0871100389420099,0.3119037237618748,0.010397080101977,0.0438759199145682,0.0144573746953609,4.1648826496883045,0.5868491499932728
2478,0.0114069857253973,0.007255679233746,0.2920522892240767,0.0879555567251192,0.2965656214913063,0.015597742409908,0.0396671383025813,0.0140098255293024,2.00567842530547,0.567667059373239
2479,0.0070805871565994,0.0053429928639522,0.2306229279972506,0.112424035344188,0.1879957404902073,0.0350896175134143,0.0211518287147167,0.010000970305177,0.5517101100735954,0.4164618084615241
2480,0.0077061395427342,0.0057542196792186,0.2434273401832792,0.103685558377147,0.2325906461197998,0.0404900024676526,0.0252996089122953,0.0109975277948317,0.5954220855549245,0.4588447864257637
2481,0.0049638229605429,0.0037199013118683,0.3605940392039283,0.0912343234131762,0.1319227181383797,0.0340291560208408,0.0095832323956512,0.0051676124829321,0.3254821994943441,0.0851580930692814
2482,0.0095732299364772,0.0066009563263066,0.2708266980125222,0.0923660404595418,0.2691592933761855,0.0271612374472327,0.0335391356737122,0.0128342747986357,1.011476518732388,0.5275077815500551
2483,0.0170687040449987,0.0081549782903712,1.5035415042582374,0.0867491251548128,0.8191695978432729,0.0059686292486964,0.0551506824393446,0.0151681803191121,24.285917716310184,0.616935027726643
2484,0.0192205254508323,0.0079648715336528,4.822562748588514,0.0883194439156282,3.336262507212614,0.0054588324270775,0.0595361864102669,0.014584673752086,81.4331908402152,0.607110767380388
2485,0.0072803006868736,0.0054848723867553,0.2344517400171002,0.1099827366229358,0.2129727325413562,0.0416849048247033,0.0223781385799681,0.0103894770170024,0.5753225361334199,0.4288367903588158
2486,0.0121002906865973,0.0074762918292182,0.2996559051661424,0.0871590554317837,0.3093796206889285,0.0128391343404296,0.0419351066790389,0.0144119571326196,2.540083046082454,0.581041954001468
2487,0.0055098482104147,0.0042249869287247,0.2670571547799419,0.1383413736598911,0.1408481994077928,0.0199125779232658,0.0103494833917987,0.0056618002204085,0.3441066841905369,0.1603853831193605
2488,0.0065550569099891,0.0050562925320083,0.2203225331297519,0.1215572694874423,0.1136125682514583,0.0217522174482752,0.0182547057975407,0.0092527120675301,0.5271103090284353,0.3774972301578885
2489,0.0060243418472287,0.0046256716152578,0.2096739440129751,0.1344630861100393,0.0377373983754714,0.00933554775284,0.0157184240505861,0.0081940976409043,0.4687268918458978,0.3245141078922053
2490,0.0934955931089613,0.0051982601096318,0.20229240391733,0.0859245768851981,0.1820202841723899,0.040560883937915,0.0438458632943872,0.0055893177373336,0.3198001277611838,0.0845596795890318
2491,0.0104211259840961,0.0069398586375237,0.2834656566998364,0.089742812779444,0.2837453017363778,0.0216193986736587,0.0364818743238682,0.0134878022644204,1.3897591901465811,0.5485331071445916
2492,0.009285602960785,0.0065700358947495,0.2717421511671296,0.0924664564204116,0.264093912703106,0.0327440823841359,0.0327546793771611,0.0127883459873521,0.8652226474191343,0.5227173245046742
2493,0.0174166132556511,0.0082033025095926,1.446209133920266,0.0867599523239954,0.7807189453252551,0.0058794652288691,0.0560723387810279,0.0152313460712712,26.72107996940124,0.6189480659114198
2494,0.0166871187142834,0.00811201725504,1.287561379803784,0.0867392011653295,0.6596346338255737,0.0061694075667572,0.0541856546351826,0.0151477580393634,20.968334605051037,0.6155939937425297
2495,0.0095096770032388,0.0065467663913076,0.2684260533741523,0.09310873116924,0.2694117053160725,0.0271866663024707,0.0332032787891048,0.0127375098493912,1.0196081169861448,0.5254714318296192
2496,0.5168162026084937,0.0336602269661623,6.161891092079206e-05,7.345148883609988e-06,0.1477375479661083,0.0075783025168582,0.0001150207187198,3.101544680524345e-05,0.0003478579207039,0.0001809724950978
2497,0.0068478354872098,0.0052295094029568,0.2249654339255152,0.1168745953421793,0.1468829703670618,0.026597869992319,0.01963889753996,0.0096241670340609,0.5373209903825386,0.3977218349248462
2498,0.0069184042516503,0.0052539746899703,0.2260540587439937,0.1144497670262029,0.1699318950756693,0.029584932573984,0.0201632198179114,0.0097238573249782,0.5422584511730117,0.4060440033293428
2499,0.0118950019969805,0.0073889127163677,0.296011799341102,0.0875641141439707,0.3048815386663437,0.0135442311159636,0.0411953020359927,0.0142475902313468,2.427983510297933,0.5760642405301646
2500,0.0074869530361307,0.0056117001284919,0.2395125735356682,0.1063864301290217,0.2223301876021799,0.0398339785474683,0.0238270388874639,0.0106442540060898,0.5791433028635906,0.4446351819543325
2501,0.0061756450045809,0.0048086870696924,0.2147719015306025,0.1280881258082581,0.0669870045756339,0.0162628278327314,0.0168519235499022,0.0086713520780892,0.487550400194442,0.3438232291457467
2502,0.0191641295178937,0.0080226587314742,4.113227537980546,0.0883352334605061,2.80492765039229,0.0054711713940335,0.0595567624836405,0.0147197514307383,73.36196540017784,0.6104316103044606
2503,0.0155193690520341,0.0080313778319841,0.7450969369111204,0.086425601493435,0.3280426542324819,0.006752570443345,0.0513315280339713,0.0151214753255081,12.067139249082295,0.612465507603707
2504,0.006927325162739,0.005271293827889,0.2260357085000137,0.1140271927531,0.1769381506910862,0.0345070988349526,0.0201934371791053,0.0097932485507736,0.547270655992361,0.4045168968600151
2505,0.0088360098807251,0.006376975291441,0.2632898450016698,0.0948902175399488,0.2597006082764216,0.0357324064501821,0.0311298772113199,0.0124440665007645,0.7700132027728811,0.5107426290432925
2506,0.2019146511033601,0.0057366442754962,0.1821620051328403,0.00867453208732,0.1514800372666806,0.0687027846771277,0.0075048488917533,0.0034758799082733,0.3693884416949217,0.0086346168115399
2507,0.0244643480559159,0.0041403577992749,0.2379064011887455,0.022408092566117,0.0720439974449328,0.0220714969231873,0.0130732262552153,0.0047431736404427,0.3329798668705004,0.0219444261207739
2508,0.3942372367480614,0.056231348305234,0.0001785958543461,1.007548804569687e-05,0.2466529996063614,0.0039859547671693,3.570381321677965e-05,1.6379755401868546e-05,0.0003627847001448,0.0001378748534931
2509,0.0086712314011695,0.0062714429224686,0.2619952706397391,0.0959384089808831,0.2554765860387867,0.0353334730540719,0.0304131713117584,0.0122008540032454,0.7658187785039624,0.5036907660024403
2510,0.0708563359383469,0.0039988945875006,0.1911777360008263,0.0443131133400867,0.0802685098550345,0.0250341154547154,0.0305576910885994,0.0048840124986009,0.3272730960054877,0.0433733709646673
2511,0.0090182586650838,0.006357392492284,0.2632166337885048,0.0948165821496146,0.2608741430582664,0.0317104138602379,0.0314955778464465,0.0123663736481858,0.8484375996400549,0.512396953733393
2512,0.0075170851768828,0.0056431872135424,0.2375880788785524,0.1064070670279142,0.2288194703824373,0.0381652603013095,0.0242585267956081,0.0107569953605021,0.5918321937217544,0.4496437463151128
2513,0.0141911987657931,0.0078494526252938,0.4815667904968389,0.0863496462572043,0.3236613483723075,0.0081258155245206,0.0477982983867208,0.0148934648673435,7.126902114715801,0.6023383616415172
2514,0.0095618446335461,0.0065893555531206,0.2705711365423086,0.0924216812731591,0.2677497154216616,0.0269754273149482,0.0334626580645561,0.0127931383213179,1.0265128331540492,0.5264595797261237
2515,0.0079028478794418,0.0058898140370127,0.2484021049119741,0.1016885965338467,0.2360154219240789,0.046134355260494,0.0264025468092633,0.0113920563534464,0.617892580430802,0.4695490211932216
2516,0.0058975872886503,0.0046232119440177,0.2115782847452065,0.1345145711602986,0.0447285563639507,0.0123324867658997,0.015758280299958,0.0082787565941617,0.4763823685522205,0.3179138197959226
2517,0.0081326483953711,0.0060637069967072,0.2539939705435728,0.0984436231480635,0.2454782812239517,0.0409376784630142,0.0283688065137397,0.0117500486668838,0.6341238926118279,0.4872978768684999
2518,0.4205922275951347,0.0564670060310613,0.0001636589008677,9.01851577690918e-06,0.2233865453283472,0.0043930490518009,4.565453480436541e-05,2.042674486498189e-05,0.0003401973371165,0.0001464446853486
2519,0.4226218392708296,0.0476805793298175,0.000139840049698,9.306515502613753e-06,0.2075163676109333,0.0047686940049066,0.0001198172824658,1.68744142987239e-05,0.0004905063144437,0.0001515853568172
2520,0.0108122729012185,0.0070579162153759,0.2856560906995983,0.0890949586603966,0.2893483828506967,0.019009295924709,0.0377355751530085,0.0136867115011956,1.5336789930496688,0.5561666426274361
2521,0.0189722750525996,0.0081773427114633,3.81703199182769,0.087591633911539,2.556261102590358,0.0055152771905248,0.0594931976797751,0.014990017627595,65.1302959382353,0.6158957689264584
2522,0.0109427453510028,0.0070491323398472,0.2867459886274791,0.0891590085053989,0.288983166276908,0.0175192930293615,0.0379835984191738,0.0136321284552114,1.7297610673230537,0.5573399566263275
2523,0.007225754585682,0.0054565075150517,0.2317916510481417,0.1106591015962042,0.2096019820002533,0.0384122708113996,0.0222461058691481,0.0103266934694123,0.574359309779202,0.4288295710314897
2524,0.0105302122626647,0.0070258410116584,0.283187506888978,0.089257817616809,0.2864111379187737,0.0215059820886465,0.0370145434631157,0.0136672604138293,1.3710675237682166,0.5527784871638527
2525,0.0182028404866081,0.0082005958232117,2.524119814413978,0.0874461789200636,1.5838685651522924,0.0056584946825472,0.0578332565726058,0.0151530760325273,42.50317512766717,0.618870092431186
2526,0.0060376064828741,0.0046220459163814,0.2086270368570811,0.1345915912664234,0.0389922676101735,0.0087115442517433,0.0157467850610761,0.0081936753970389,0.4634031037014269,0.3251784229934487
2527,0.0070765655629424,0.0053665548692801,0.2295647730331375,0.1128532161611053,0.1934663321130253,0.0322466308593221,0.0212002455956964,0.0100247745472485,0.5582143931570682,0.4174192389488795
2528,0.0067440260374215,0.0051688355712231,0.223335686697716,0.1184614545582495,0.1411892031638253,0.0244588614314744,0.0192138121708028,0.0095185967119259,0.5337636137262113,0.3934090026818465
2529,0.0054030830625071,0.0040936549951949,0.1973045001712898,0.1399902442445216,0.0173600565794655,0.0057031631952085,0.0128802287110508,0.0068815555729097,0.4098381249030207,0.2393738567914838
2530,0.3890140312758705,0.0618149339827934,0.0002272619604785,1.0987251282811982e-05,0.2648727746358135,0.0032277320991177,3.1286944488928194e-05,1.3084561712733897e-05,0.0003701637593749,0.0001302214392039
2531,0.0070369752070636,0.0053426732579174,0.2295309411119846,0.1135104772302769,0.1921919723090064,0.0373120119851776,0.0210204492758493,0.0100553684516279,0.563322890878239,0.4142449515110962
2532,0.0057111463600586,0.0043537911408605,0.2023847595652677,0.14081903300907,0.0223258503128331,0.0063864331799203,0.0143453799741896,0.0075418398384646,0.4344474640206679,0.2824632093349582
2533,0.0076400883906856,0.0057138942756445,0.242147874944434,0.1038418952645567,0.2342682969172619,0.0523633737338204,0.0246118729929022,0.0109643539185361,0.5969001779135854,0.4527308789517861
2534,0.0065957610699702,0.0050807744828036,0.2221946631014812,0.1198783853598894,0.1283015516248339,0.0281402405271495,0.0185004289251412,0.0093566441500921,0.527515494250251,0.3788075426688118
2535,0.0110868848146055,0.0071749182841256,0.2880338570358096,0.0884915773519108,0.2944499994255944,0.0175157085509706,0.0387267574229965,0.0139109375334602,1.7632151552807014,0.5628101345888996
2536,0.0074572886418966,0.0055910253181904,0.2378498957788465,0.1069176938528883,0.2168601232695356,0.042185078271819,0.0234279638652073,0.010593163983332,0.5779234052901531,0.4410988417396513
2537,0.0068532492723382,0.0052167875051674,0.2252503527113733,0.1165101372859139,0.1547715924887987,0.029128936404855,0.0197152641556578,0.0096573104836036,0.5414503743301591,0.3985139725905698
2538,0.0060474020909617,0.0047032981239303,0.2121705289125315,0.1300192123210543,0.0594372776630608,0.0135372833115767,0.0161901373441258,0.0083933980550024,0.4848671942819081,0.3331954595677904
2539,0.0056575154907469,0.004212262268945,0.1990800502456735,0.14272531793821,0.016639682231363,0.0049862865255814,0.0137408881705004,0.0071730714309713,0.4225317768559226,0.2585913097154788
2540,0.0553124386938954,0.0040616385989549,0.1794078151122312,0.0462556324952107,0.0680235795177789,0.0182413214105459,0.0314257435645345,0.0050168168853666,0.3233112592816491,0.04554201735586
2541,0.1891512766627875,0.0365932642256031,0.0002057747591747,2.450196862264e-05,0.5445065263979205,0.004129843442182,2.2605658814212167e-05,7.659212544441325e-06,0.0003620955770681,0.0001448028146453
2542,0.0191439363757957,0.0080714488122731,4.849012952109006,0.0879882228189799,3.338631880762139,0.0054832804666236,0.0596243789328035,0.0147843720597404,78.50245639515639,0.6115352762033652
2543,0.0062589235075848,0.0048489625756305,0.2160999041894095,0.1291764660938246,0.066886726210838,0.0121830226722629,0.0169945749681018,0.0087258725667687,0.5001986828920694,0.3551873427684964
2544,0.0125794107769814,0.0075617467872438,0.3035556414508349,0.0868612920798446,0.3120046606233941,0.0110488273259236,0.0432567244255965,0.0144923469440693,3.1593650114805683,0.5857876326100558
2545,0.0167529320460288,0.0081030496761938,1.3159133990417526,0.0868011397769826,0.681499015042078,0.0061641046413306,0.0543243880160543,0.0151422514511707,22.22334193532129,0.6158572038100278
2546,0.0132989039722942,0.0077063022353206,0.345211956868231,0.0866698893911993,0.3202606965287131,0.0094871262233116,0.045345791873845,0.0147175609034385,4.60655969489123,0.5946272989711443
2547,0.0083719521691881,0.0040652444570666,0.253207694801761,0.05938090715354,0.1897072342894539,0.0342040449625138,0.0096279773516159,0.0050553271852335,0.3433847930404143,0.054029315261458
2548,0.4444104971048764,0.0498978676866405,0.0001259370107288,8.144467206013332e-06,0.1832400097191865,0.0032655263410241,5.833311113353132e-05,1.4231821453755185e-05,0.0003221149271629,0.000143652827197
2549,0.010899531763234,0.0071386056736016,0.2876152561321979,0.0887805633871793,0.2929351755676603,0.0187796840477949,0.0382033331061607,0.0138776204116459,1.667264546454627,0.5604639156078773
2550,0.0066836459742941,0.0051330111897867,0.2217624837366711,0.1187372023406251,0.1373437822646945,0.0226848663328015,0.0188866542055222,0.0093801944167616,0.525440325502339,0.3895915769613267
2551,0.0133805928603724,0.0076467501344915,0.3523534851827123,0.0869172241581,0.317378697688214,0.0091219540808492,0.0453997966469839,0.0146050308687118,4.939947996049746,0.593037446055665
2552,0.0147258070703496,0.0079008415001279,0.6048007839986771,0.0865727108864843,0.3273962685547787,0.0075529361583142,0.0492006209914273,0.0149831867830902,9.12339333093797,0.6068122911304638
2553,0.0145041864926234,0.0078520835131976,0.4052422806962947,0.0865802212682758,0.324049544318034,0.0076001710285193,0.0485285096504041,0.0148771263464071,7.4332142470846705,0.6038383536718496
2554,0.0057743667987782,0.0043070054284498,0.1988708554365414,0.1440047328612329,0.013003578031145,0.0045566755023848,0.0141657606675221,0.0072615107591535,0.4109051744702238,0.273972360908097
2555,0.4929107272549877,0.0356111204516496,7.779607190828144e-05,7.627043864789566e-06,0.1598147083218958,0.0059251304504787,9.982409858034724e-05,2.469571579931852e-05,0.0003325614844185,0.0001680876059378
2556,0.0090651838646533,0.0064536076468924,0.2667723450392898,0.0939067560658642,0.2621137229647098,0.0338765464060855,0.0319049026232955,0.0125853768463014,0.8242209666897439,0.5166646158716262
2557,0.0163178825339776,0.0080843607115626,0.9867460601661148,0.0867572716010197,0.439656889361986,0.0063131150252155,0.0532737920271309,0.0151362756558703,17.03015994841421,0.6147270379899537
2558,0.0293777583658866,0.0037524457661132,0.1816280672028949,0.0211597147836874,0.0719516151273902,0.0195685723553947,0.0206891545607563,0.0050372149541566,0.3286164095989861,0.0215041499599738
2559,0.0067831273470988,0.0051842178047596,0.2273995732746687,0.1184936390133836,0.1458797598146706,0.0321344572525886,0.0193963322375711,0.0096412478324389,0.5480019830647481,0.3931315179949842
2560,0.0071244237358343,0.0053762951573079,0.2302336007682164,0.111130872640142,0.1959455086122481,0.0310538018421937,0.0215129418792342,0.0099984088401662,0.5510698768920208,0.4224242553357709
2561,0.006529959518728,0.0050215670701835,0.2187257151095106,0.1218334151909468,0.1055702571856723,0.0182040138137195,0.0181530756317447,0.0091232958197038,0.507087723205971,0.3780934764901154
2562,0.5072532574642579,0.0365874515648447,6.336432311671594e-05,6.667656462146411e-06,0.1463519364718066,0.0062862588747602,0.0001075219697625,3.149527697271872e-05,0.0003235095679842,0.0001815038331243
2563,0.0104811372344698,0.0069669188369437,0.2798366913386252,0.0897732345309968,0.2860430662351616,0.0212112241451096,0.0367570398526002,0.0135724206777493,1.3885246779396667,0.5507936184881597
2564,0.0084273813386567,0.0061974410457443,0.2584095663437025,0.0967725131649899,0.2509443511996778,0.0381404974183054,0.0295920660371111,0.0120362478084084,0.6859509041343083,0.497027382410207
2565,0.0059926733679393,0.0046845242530997,0.2115657330748157,0.1316919283848818,0.0486571591979173,0.0133660267459395,0.0160092258980837,0.0083219258755,0.4733842330578092,0.3238718240552103
2566,0.0056623256692984,0.0042267609284647,0.1983138680397439,0.1411342461718096,0.0252442746395976,0.0066549827619506,0.0138425243191834,0.0071895348179604,0.4099998712801458,0.2611292111789412
2567,0.0054405117807661,0.0041379122148745,0.1967696985647723,0.143950663317988,0.0132697307293359,0.0041874984609272,0.0131970511756872,0.0070205847795398,0.4155437586785058,0.2519998215355374
2568,0.0192765902916037,0.0079950347363394,5.213011629408989,0.0882812866761453,3.627953392329601,0.0054685746437775,0.0597603056795482,0.014653268447303,86.76433200601298,0.6088640390368698
2569,0.0056205534928664,0.0042076863211129,0.197786385994098,0.1441764511132701,0.0163326715462101,0.0046715097941686,0.0136257057947543,0.0070887684578367,0.408267177121928,0.2617585060746372
2570,0.0070290317515167,0.0053265818098837,0.2284959864342324,0.1132428888541429,0.1875783442845618,0.0306094392763817,0.0209242286848596,0.0099136336591385,0.5529440763516432,0.4150417537332838
2571,0.0143454633805221,0.0078583456519608,0.4513158884063446,0.0864853258110048,0.3260791262991195,0.0079074653780854,0.048208698919112,0.0149309243579386,7.45919013962313,0.6042097481317658
2572,0.0047130760126458,0.0036219590601545,0.2592861100414078,0.1388886663350551,0.0340928418112661,0.0072064426294569,0.0104588885458968,0.00569153414423,0.3510756627544889,0.1723247844205579
2573,0.0126835657751921,0.0075089807424645,0.3013083276517683,0.087005441035096,0.3076005178652989,0.0105059100169944,0.0433510785573354,0.0143579613108598,3.5022784196466152,0.584171315264447
2574,0.0063768557100421,0.0040511080667808,0.3698118209945246,0.1389178113634707,0.0585322919507016,0.0105622532370976,0.0120360282373784,0.0055849394609912,0.3239261645032485,0.1650375306869927
2575,0.0048333800518714,0.0037075805461353,0.1849968639869827,0.1233328421771027,0.021842766586364,0.0050888680258243,0.0107876953025138,0.0058755641228758,0.3618102680707309,0.1821621512346033
2576,0.4565931449956064,0.0484104393349477,0.000116683759618,7.699316441507817e-06,0.1680604887806472,0.0038743018409214,7.053687828786324e-05,1.6909308537785016e-05,0.0003255268111324,0.0001516698166432
2577,0.0123960310062378,0.0074723910981499,0.2997282820898393,0.0873356678100176,0.3091351798156198,0.0115538389684479,0.0426054391616741,0.0143552805809598,3.0704790430088065,0.5818633333796074
2578,0.0047758562752005,0.003658852203781,0.2072108408830814,0.1428489378391344,0.0364690995338217,0.0081942193699936,0.0104454570845982,0.0056336716298266,0.3473615905850165,0.1652706359621091
2579,0.0115145762829277,0.0072278947695565,0.2882951460923176,0.0884079215232169,0.297794635926201,0.0146319684281292,0.0399050212344858,0.0139814922633057,2.345702659641796,0.5678658833888144
2580,0.0152358275583262,0.0080287369442287,0.529000571822183,0.0864213646252127,0.3322942955907901,0.0069321950229175,0.0506772586839804,0.0151494566612015,9.75211152326033,0.612301775286593
2581,0.0057786395413104,0.0042522700914503,0.1977884338620851,0.1439614604176961,0.0193463725227753,0.0049683467018592,0.0140454856559145,0.0071700418298105,0.4130049116923549,0.26707092492985
2582,0.0066815685986159,0.0051169188912792,0.2209962283204843,0.1191487241631112,0.1291491029178678,0.0189691898208214,0.0189369678088202,0.0093202877708044,0.5235382655573624,0.3914839791411055
2583,0.0056596508860977,0.0042476283365331,0.1992422837755142,0.1403881270229561,0.0224324545426438,0.0061646282454517,0.013929297641863,0.0072549192938225,0.4183590643031467,0.2699047736799399
2584,0.0056103502635027,0.0040127578856902,0.1913821260457447,0.1454152283762795,0.0141828960928903,0.0044168887985116,0.0129236057631007,0.0064853928007062,0.3747163941228905,0.2367997130545068
2585,0.0065936851521663,0.0039685954898198,0.1842968954907429,0.1449442096732333,0.0199039790580402,0.004506375244812,0.0141016702046498,0.0061162441436428,0.3527179769386765,0.2146412213539373
2586,0.0057776707311548,0.0043733168215356,0.2024722048866138,0.1430007692579585,0.0163954305166717,0.0052086426132113,0.0144260811419566,0.0075507933497486,0.4363516418598184,0.2854035343379701
2587,0.0061127104318457,0.0047643617615594,0.2139693315232107,0.1296020216545169,0.064578050035339,0.013858742188782,0.0165439964555249,0.0085561499642975,0.4904756836957348,0.3433377864335574
2588,0.0073163714128055,0.0055003000468537,0.2343446947655452,0.1092004134831889,0.2051370826420157,0.0415800918972576,0.0223714176467578,0.0103674302176517,0.5716283073031114,0.4289493790710081
2589,0.0057323539547824,0.0043584211859643,0.2019914390432559,0.1402703048766361,0.0214721436014923,0.006489125087905,0.0143446157551174,0.0075098982182188,0.4299667027693908,0.2793254540203695
2590,0.0628042328122456,0.0044336949763853,0.1836234590395687,0.0183587672519967,0.0582530366151639,0.0201078630938882,0.0185012954490733,0.0047658834946397,0.3445607947371484,0.0179532330456156
2591,0.0188480979550438,0.0076892177594821,4.5588335843663135,0.0887395206305913,3.148112584530375,0.005582363101753,0.0580393681578635,0.0141338865738253,77.10321079781995,0.5959773063484711
2592,0.0067415345242508,0.0051466096147754,0.2234386512641636,0.1171034979813095,0.1471540808797604,0.0262998247902314,0.0192201107397482,0.0094643973044985,0.5359817805163667,0.394059047981879
2593,0.009584595795923,0.0066710602640624,0.2733091339042123,0.0917998175522707,0.2709670923561068,0.0296354898861634,0.0337901131711324,0.013015218116644,0.9603741028880712,0.530654268360394
2594,0.4768140104045566,0.0451838896214423,9.142266807739838e-05,7.1335849900338e-06,0.1655765651424312,0.0039897102913482,8.428682081243421e-05,1.8991520452269777e-05,0.000320237427294,0.0001573778082304
2595,0.0053589385036053,0.0041264992892588,0.2680556659878688,0.1926783724341793,0.0838193479940522,0.0363649493082111,0.009844450197994,0.0052922423746499,0.3264380396131905,0.1490670801320341
2596,0.005970490796573,0.0045331962055966,0.205219022130043,0.137020393389386,0.0351784546116089,0.0078536842740042,0.0152248115085082,0.007872568406404,0.4464295825005501,0.3101987727519945
2597,0.0053505376450278,0.003839460092175,0.184723975124617,0.1494847032009988,0.0211149994211425,0.0043698559460952,0.0116589487026016,0.0058708668040961,0.3430962405757643,0.2062651025164952
2598,0.4910415357077198,0.0382860915598998,7.805734538312003e-05,6.989678469712887e-06,0.1588023136546668,0.0050517387437027,0.0001001123347787,2.5574370213504366e-05,0.0003077769727477,0.0001697374004403
2599,0.4904674476365027,0.039404782513399,7.732698670473606e-05,7.091250869361495e-06,0.1588582341866259,0.0053555604207165,0.0001008502961019,2.467484596938605e-05,0.0003028266831938,0.0001662274652625
2600,0.0058633773591939,0.0043356502939719,0.1994262313608305,0.1434760480958539,0.0172049558562696,0.0049169608529355,0.0143926104666714,0.0073129005848,0.4197564536552213,0.2789962171415224
2601,0.5095542976560733,0.0318390911634398,7.082397559503032e-05,7.703443086609951e-06,0.1503802328041064,0.0069987552879077,0.0001067161646339,2.919700621037468e-05,0.0003258586870865,0.0001787348078465
2602,0.0151945610856806,0.0079798283937849,0.605028928525201,0.0865040604414089,0.3291161185021058,0.007109119528108,0.0504802003662525,0.0150884092572753,10.60352555315885,0.6107254869880384
2603,0.0061476026995653,0.0048180700636609,0.2153187294669459,0.1300244411849369,0.0622087451860236,0.0135566795798922,0.0166793736428059,0.008668855958862,0.498260092481624,0.3456119301472735
2604,0.4915440032383465,0.0406215702645811,8.601785693593789e-05,7.177309718423064e-06,0.1606266431707288,0.0053654293944875,9.437807020006374e-05,2.361714133233362e-05,0.0003070471871266,0.0001636516838726
2605,0.0098955470045107,0.006783173459604,0.2787079135559274,0.0908823771277394,0.2761513855115014,0.02669739440494,0.0348096254894939,0.01321542518185,1.1003973074828182,0.5378135215354509
2606,0.007933473902499,0.0059058200089741,0.2476058470081327,0.1012126130873564,0.2401305290757675,0.0422875262078167,0.0268048347139627,0.0114263270882451,0.6138147200243018,0.4731316943528424
2607,0.0072320977761208,0.0054469750635978,0.2341015278602717,0.1100857477440151,0.2056915483165594,0.0407121412691877,0.0220238675507163,0.010267796276866,0.5656197651240344,0.4250882895406314
2608,0.0055635316463224,0.0044318011490673,0.2077920739309923,0.1348547234349887,0.0400390789439748,0.0138593928031521,0.0146446476561472,0.0079338177705975,0.472186101773074,0.2804299273669674
2609,0.0051128214165979,0.0038692823395031,0.1873974681548656,0.1412950332919292,0.0400469671097195,0.0062238302071825,0.0112340348837139,0.0059653490882387,0.3551423976241461,0.1874303909496136
2610,0.5317933406419261,0.0341807869292137,5.292208648629989e-05,6.739457312730787e-06,0.1432592410244848,0.0082205293333512,0.0001145799215584,3.930075976911231e-05,0.0003578589567147,0.0001962639399996
2611,0.4838657886405233,0.0426561826357302,9.187923853911493e-05,7.398926445948882e-06,0.1625480363892896,0.005395063553349,9.108954793017948e-05,2.2396466351561755e-05,0.0002869846722141,0.0001619626899413
2612,0.017853476758139,0.0082023275624063,1.972313934146932,0.0870255997453728,1.1719557934897047,0.0057346966657461,0.0570339413996803,0.0151644945174132,33.76674851020663,0.6182269851239168
2613,0.0051452079247555,0.0036941731856029,0.2074685130208129,0.1458777128683988,0.0252876454412551,0.0066532318683783,0.0100002964682098,0.0051818278444932,0.3142934617103891,0.1562326031203569
2614,0.0149322940133619,0.0079928931605108,0.5162515568193593,0.086504554600478,0.3338665954759388,0.0071935539626178,0.0498741549283398,0.0151117143483284,8.764040348781887,0.6103888688220394
2615,0.0077397935546051,0.0057855541777216,0.2411740719521735,0.1036798889208674,0.238253501718383,0.0364457666297536,0.0258248483855041,0.0110888915843787,0.6036066241227808,0.4638603162744926
2616,0.0126276885728297,0.0075108626343683,0.3006119468190931,0.0872128159610374,0.3109032472215293,0.0109079928443271,0.0432623956843314,0.0144103905195255,3.5834167267169925,0.5847105406215289
2617,0.0067375919430447,0.0051600390732375,0.2214288150277523,0.1184096009119682,0.1397073576292513,0.021386820160941,0.019230781680786,0.009438007691572,0.5251412091117683,0.3944685586767766
2618,0.529129521305229,0.0348126412427144,5.109313479251313e-05,6.524966589514548e-06,0.1377459464945926,0.0076104628703233,0.000101953921597,4.172040377794519e-05,0.0003496806976109,0.0002013657558681
2619,0.018654769739531,0.008180611311343,3.379379030382529,0.0874223427213323,2.220613893731646,0.0055407341878151,0.0587684704868797,0.0150099995266052,54.02388938628214,0.6160234328541042
2620,0.5391689276421842,0.0313988166922643,4.716736424254942e-05,6.650930812971455e-06,0.1385058128723883,0.0090999683285616,0.0001070480926631,4.6257435219782144e-05,0.0004092829577324,0.0002055637696492
2621,0.0167066627687816,0.0081180080413885,1.1704543313645384,0.0867358122377168,0.5747753560840596,0.006079606974709,0.0542207497933307,0.0151269976882173,19.50530792449868,0.6153234010364153
2622,0.0049052017224268,0.0036998963842438,0.187039397581271,0.0789422908025846,0.0736426935177763,0.0151345916383794,0.0112639028941017,0.0059812530008965,0.374075860602949,0.1705733805729576
2623,0.0100601881347773,0.0067826668127789,0.2764220164149319,0.0909986406449571,0.2776483976561646,0.0235694705664383,0.0352170416928027,0.013199407552586,1.2145768131978332,0.5397211268612566
2624,0.4706555282266008,0.0440053881848732,9.376566800239475e-05,7.367210063692138e-06,0.1625819259540925,0.0046302593681986,8.564871046824003e-05,2.004459937290289e-05,0.0003299154770096,0.0001619995044722
2625,0.0058687311750657,0.0044082967405733,0.2023822368631005,0.1416550193940773,0.0211635875106914,0.0055700326845626,0.0146941237982612,0.0075768860166695,0.4311211573764771,0.293210153643008
2626,0.0067286482383666,0.0051502268660695,0.2226736399954738,0.1181731528078753,0.1314703208411816,0.0233450799612476,0.0190777086251942,0.0094331252269334,0.5296558513357861,0.3912350142425853
2627,0.0120257206128429,0.0074510940655508,0.2991182641387894,0.0871743447597199,0.306888326032042,0.0131185681129778,0.0416646556798919,0.0143440629825713,2.486392940321427,0.5789273074142118
2628,0.0072733452569339,0.0054685470121411,0.234916197475209,0.1094677586122854,0.208122408787773,0.0390641109432487,0.0223515348119772,0.0103277536873449,0.5683738322870548,0.4294046344055003
2629,0.3214564022844549,0.0155614493147208,0.0007969379988766,0.0004179661956454,0.3240140296251626,0.0170203015272945,6.975544257437997e-05,2.106687821993992e-05,0.0008643357075147,0.0004925832185293
2630,0.0112475536460446,0.007203661864738,0.2891804787823914,0.0883658634692405,0.2956796150273564,0.01648838837472,0.0391603954684292,0.0139394345469721,1.9021516841569583,0.564780679344545
2631,0.0086703347781424,0.0062802934913835,0.2601882313126787,0.0956571364568358,0.2557602802500755,0.0364786751455463,0.0303741758192955,0.0122059404422084,0.7276479703430208,0.5044686096750799
2632,0.0089279867092,0.0063183733051139,0.2633450563712188,0.0952073896380969,0.2589382068017687,0.0300646035764058,0.0311013535949059,0.0122451194304177,0.8697427244018593,0.5093159824747603
2633,0.0057478588159261,0.0042729314566947,0.1982137702362708,0.1435523529918738,0.0156490617603511,0.0048165290019662,0.0140493885497847,0.0072080246359019,0.413869452163441,0.2700205697004781
2634,0.0056161080122396,0.0042259959825945,0.1987824756163789,0.1414618854952511,0.0172878175742863,0.0054653791335602,0.0137869273127127,0.007221569131047,0.4157426725852379,0.2598168706790728
2635,0.0058437207666053,0.0044000121586909,0.4616297998354287,0.2514182743204818,0.2045904220117279,0.0494051124925286,0.0106468660078422,0.0056121307241277,0.3406629992518863,0.1662541437435921
2636,0.006681371022671,0.0051051796061569,0.2227238673908615,0.118417814666091,0.1427185550693663,0.0242096429181952,0.018930380858342,0.0093697228871779,0.5296941715329764,0.3906602738675148
2637,0.0056291550126124,0.0041665331820971,0.1949643827255977,0.1446700236600618,0.0119509075922092,0.0043848842854775,0.0135258093652006,0.0069618170405331,0.4023247252238037,0.2566620475286629
2638,0.0066839391940136,0.0051045820032642,0.2220615072788086,0.1176307147270605,0.1317516690807568,0.025464526095569,0.0187953117789345,0.0093404690525243,0.520326889187446,0.3865123365555858
2639,0.0073646874158835,0.0055290549807579,0.2336648104646478,0.1087068002960694,0.2232391946318529,0.0327709861373861,0.0233817922130724,0.0104488230947145,0.5744628276540937,0.4401486389128044
2640,0.0059955284954018,0.0046295304484324,0.209546423787627,0.1331353133288809,0.0487509161906201,0.0110279943366974,0.0156857033030208,0.0082058401545038,0.4700735188623701,0.3249383724093699
2641,0.0056298256773787,0.0043119036787097,0.2009400303656342,0.1402575245681261,0.0194645146967369,0.0063899148674068,0.0140710200170607,0.0074644290461808,0.4319798680616765,0.2701702269396354
2642,0.4970224980230264,0.0366998743357905,7.124871973654378e-05,7.325383612768284e-06,0.1554828212883424,0.0062147933415237,0.0001067433445283,2.535811208154393e-05,0.0003399678686801,0.0001707510238255
2643,0.0172693325526471,0.0081431891425864,1.50327077302405,0.0872065096415698,0.8247349597892003,0.0058596344428569,0.0555670446809509,0.0151398815703639,25.332044884449157,0.6172698070433168
2644,0.0133429601634829,0.0076742223550264,0.3716101354371253,0.0867573524991535,0.3174172238432028,0.0092817609745592,0.0453673566145115,0.0146429907832401,4.839754775638591,0.5933591502275322
2645,0.0175241076272128,0.0081800305648432,1.5249156972219655,0.0870599759591409,0.841847279533069,0.0057798109717286,0.0562215222623741,0.0151538996431846,27.025942843253567,0.6176799025320183
2646,0.0146421686850978,0.0079139035478101,0.4590720483954586,0.0863337638616282,0.3257330410603934,0.0075467156778604,0.0490092155311508,0.0149757999748376,8.12649471725867,0.6060499635496794
2647,0.0059946413605674,0.0046453902958653,0.2102555240373136,0.1342367275601259,0.0426067205012053,0.0101387960789363,0.0157265316073242,0.0082580638211314,0.4770292872172263,0.3243401553853069
2648,0.0068476432259081,0.0052126603942661,0.2251605293056443,0.1158149478443671,0.1761630574495715,0.0304992566297215,0.0199339314484126,0.0096981296564835,0.5443957359411088,0.4028571335156526
2649,0.0179894373107355,0.0082128522615294,2.299363750107892,0.0869767253803301,1.4120045759620268,0.0057203010901607,0.0573784158702859,0.0151722023012063,37.87903546126277,0.6185687367591497
2650,0.0049762520418933,0.0038299348623169,0.1881981942692021,0.1386389006984456,0.019853533500282,0.0045002475122898,0.0114909042084722,0.0061870533182644,0.371421023569624,0.2167465446547523
2651,0.0172519726910077,0.0081386550956521,1.1582751508531166,0.0870689220999853,0.5730075449998537,0.0058457348442184,0.0554883770501766,0.0150990072923512,22.452585980988133,0.6160039927040197
2652,0.0064061974324049,0.0049569577996708,0.2158760743006189,0.1249634017094535,0.0853490132139514,0.0143853568021517,0.0175592167952024,0.0089526966593277,0.5034379634824465,0.3676619908264325
2653,0.0050244576316284,0.0038367558903242,0.1870037239541193,0.1332160323037918,0.0202501706130416,0.0041861866022968,0.0114826047455142,0.0061104419384496,0.3676625973629724,0.204830932491957
2654,0.0072694580874825,0.0054882866207237,0.2328243366363184,0.1098277155761192,0.2148547633238415,0.0352189396181849,0.0226579090387765,0.0103652130343447,0.5759867396602806,0.4339546207184432
2655,0.0193848960275119,0.0078854373909868,7.053835934475383,0.0885773695837105,5.0148541774128566,0.0054995634553314,0.0597993276796474,0.0144799250897647,114.10701203104254,0.604733095204246
2656,0.0059774301669929,0.0046004402714295,0.2083255257813035,0.134387508370652,0.044364911058782,0.0099684217267028,0.0155533377875184,0.008131224435665,0.4644403866855033,0.3201507693548622
2657,0.0154170239061425,0.0079754164369007,0.6317948934056514,0.0866950434840909,0.3265513868938308,0.0067456831377974,0.0509421940404523,0.0150252930860321,10.869522451421076,0.6103784364088667
2658,0.0123885084915376,0.0074883006413237,0.2983932113619207,0.0871863217571343,0.3076144985481228,0.0117176075027556,0.0426139274346212,0.0143660591457342,3.1887653952822856,0.5815243491965495
2659,0.0190841157049671,0.0081658531058563,3.917482102423256,0.087734366086163,2.636971186061052,0.0054833418272419,0.0596947280221982,0.0149405668993259,66.48099727299709,0.6149055198706651
2660,0.0067930501650831,0.0051752038621819,0.2240677077285725,0.1171880897597196,0.1450110965674657,0.0235203970709083,0.019526782374324,0.0095136870552863,0.5360660242383308,0.3984625447043051
2661,0.0062727612083175,0.0048597491998931,0.2149683188944839,0.1258489791330869,0.0791052064816461,0.0166810719556787,0.0171310946814698,0.0087578147059931,0.4991178560784402,0.3537538506822499
2662,0.0181040331940332,0.0082101425400222,2.235630004916364,0.0871675140900369,1.3693239333419691,0.0056286367562508,0.0575824626433229,0.0151178077822534,36.76420283258922,0.617607622947366
2663,0.4444221644725694,0.0481765229455862,0.0001274145082679,8.309329819114897e-06,0.185425104377501,0.0036499590848438,8.100647965089966e-05,1.5471455698948884e-05,0.0003319261570185,0.0001449600898393
2664,0.0063479251782038,0.0049102588152243,0.2207227031002359,0.1255597670644656,0.0958726488424546,0.0229432529660424,0.017668883678583,0.0090201360994943,0.5217118855663393,0.3604306777026063
2665,0.0063697829675426,0.0049471300695944,0.2176990728889742,0.1255260088747495,0.0850931201141282,0.0159974233746688,0.0174918920782324,0.0089591272031228,0.5110090869252272,0.3655048314227126
2666,0.0056132328075854,0.0041806338911521,0.1960110378643594,0.1465852345486532,0.0122938601782637,0.0039717028603886,0.013505658230683,0.0070063321179977,0.4014891958939596,0.2544392855765198
2667,0.006200882223774,0.0047847977771752,0.2120224099395649,0.1307995064999552,0.0528540677760464,0.0106979987422641,0.0165407540564712,0.0085389404401251,0.4899716932901562,0.3426436938295046
2668,0.0064382597110625,0.0049829494275037,0.219989986847614,0.1236736536308991,0.0979102707404774,0.0195257249592117,0.0178253636251362,0.0090966673810371,0.5214227208107306,0.3714668438978293
2669,0.0158221597098445,0.003394319816038,0.1858071574665855,0.042549574802987,0.0559619811334934,0.0144739315849996,0.0180180079340938,0.0051667979084015,0.3475743222062898,0.0414298879339803
2670,0.4992922432169047,0.0391645345593979,8.060179228147014e-05,7.285320392092136e-06,0.1601321101774868,0.0060458682182923,0.0001056035400748,2.358809396976464e-05,0.0003789992043147,0.0001674122933636
2671,0.4843762392608325,0.0402733265055799,8.133566418315613e-05,7.479889996277247e-06,0.1611006231383737,0.0054619396590222,9.855864986188848e-05,2.196677377823171e-05,0.0003662988776049,0.0001657246213025
2672,0.0111360330156808,0.0071278296901548,0.2871894290724994,0.088764914813328,0.2921613457645059,0.0165746706875465,0.0387112741772546,0.0137976077362111,1.964715842810329,0.5611403268544204
2673,0.0133124861199734,0.0076482372443366,0.3073504556926854,0.0869153624706394,0.3183822782993276,0.009287536398325,0.0452256078119868,0.0146083004800238,4.568918345912069,0.5929688087177577
2674,0.0077130143650891,0.0057580750634932,0.2407518522764952,0.1034028427730991,0.2322112582930442,0.0371677872702083,0.0254087833990366,0.0109655161214665,0.5981399401185002,0.4600732388111774
2675,0.0074232758091005,0.005555790223284,0.2386029905550601,0.1071543781721808,0.2189216680414038,0.0382781408774912,0.0234627792965032,0.0105093206826056,0.5699191692705178,0.4412849082000759
2676,0.0064215896651005,0.0034336825883668,0.185105432809432,0.0472022412232373,0.0353330861313206,0.0142758858508942,0.0101212083065505,0.0051370506049623,0.3422414240119345,0.0421467890944697
2677,0.0090167170166595,0.0063948565038218,0.2644907456933502,0.0942820432093648,0.2603973929715205,0.0337152324088954,0.0315629126021755,0.0124343398809545,0.8110900470802657,0.5136318857728163
2678,0.0062848465902725,0.0048855274650331,0.2154207902390059,0.1259153757740677,0.0793451019730323,0.0163790849884616,0.017195150456106,0.0088202523676004,0.5008134095996886,0.3560794342251512
2679,0.0191476576523502,0.0079648499335335,4.8639628291372965,0.0882803604658404,3.363313995930686,0.0054939598513552,0.0594021024593599,0.0146158982259649,82.96650191338581,0.6078420812696471
2680,0.0144106342010971,0.0078354026127939,0.5139723595047426,0.0864121053170367,0.319279118906477,0.0077319286211042,0.0482545988530902,0.0148243129768703,7.837253350326856,0.6018923455117542
2681,0.0142939299854893,0.0034977535573855,0.259642994005949,0.1309032374664756,0.0336911175724887,0.0130574500327995,0.0195734325831787,0.0052536325069523,0.3419678151716127,0.1228225798295954
2682,0.0091092784775528,0.0064877142269245,0.2662414620441806,0.0936168140650509,0.2636580941213507,0.0343623139546675,0.0321372124216291,0.0126746212241638,0.8285983145263759,0.5186685787503239
2683,0.0050377762619222,0.0039598098646398,0.2155969456930008,0.1473877366382941,0.0209692096472723,0.0060235409106726,0.0101203223610956,0.0055647785574854,0.3321127829630771,0.1613740910534642
2684,0.058646445418851,0.0199481756756121,0.0023219639140343,0.0008599550258088,0.2788332599824392,0.0197195874976007,0.000387150971939,0.0001137378959294,0.0023621810526458,0.0009068294649196
2685,0.0181605671382364,0.0082506602271762,2.3320742385020603,0.0870286614854212,1.4381429948720006,0.0056603207214298,0.057862376970977,0.0152252539770287,39.49429662318655,0.6200998531439158
2686,0.0052780976313963,0.0040607534856751,0.3923665231640741,0.0903013012001816,0.0999770688100927,0.047714700127177,0.0103606504304228,0.0055680867731195,0.3326875052452461,0.0942925430800071
2687,0.1590513390844568,0.0066187697850284,0.1890549856338971,0.0077363173440323,0.1293364283586486,0.0598050056319075,0.0074534850531402,0.0035532202156763,0.3846781803877193,0.0077061016969834
2688,0.004943543336596,0.0037003052030544,0.1836864493581237,0.1431413536778369,0.018105374606469,0.0047041692454928,0.0107722803347416,0.0057536268642771,0.3506514945036051,0.1802167940362644
2689,0.007150211750142,0.0054116777539207,0.2317406478669577,0.1119381545553534,0.1962101379503761,0.0384701075107396,0.0215310249450377,0.0101763002869819,0.5665984876364542,0.4203140093882171
2690,0.5286230716189628,0.0293963311215524,5.0436547708964353e-05,7.863257382304172e-06,0.1398729437682764,0.008896060530597,0.0001053865957242,4.340365373059949e-05,0.0003265604751755,0.000203448494972
2691,0.525256675863674,0.0343147407188121,6.159141472371486e-05,7.276493313380283e-06,0.1462736395550665,0.0083521739874854,0.0001158800202253,3.458546345388873e-05,0.0003502959428329,0.00018797816681
2692,0.0096816733170475,0.0066787055813662,0.2748327019465263,0.091707390515315,0.271963941197326,0.0277915753461165,0.0340206959150784,0.0130118566909164,1.0382406956380097,0.5320343468778186
2693,0.0106754258821796,0.0070449538276586,0.285843599988262,0.0892175400594548,0.2889678545177513,0.0203816101609711,0.0373838565398593,0.0136904430000804,1.4480173397423688,0.5554430639873656
2694,0.0168194641802373,0.0081577044858601,1.3809530476037994,0.0865359694252935,0.7259082729344825,0.0060744512927256,0.0545904880337958,0.0151937363156365,21.835022287840637,0.6169345943410802
2695,0.0107929647006534,0.0070374043348122,0.2847747534986136,0.0893234412182297,0.2879162617245989,0.0186113146234376,0.0376474982902129,0.0136495391394997,1.7206036288500908,0.5556514406951958
2696,0.0080659905131058,0.0059987694675399,0.2508943889822944,0.0993681963066538,0.2439832975575594,0.0401527290468059,0.0278191801761254,0.0116067667831439,0.6213846821864215,0.4830143331365993
2697,0.0140780907147647,0.0078322965389897,0.3148822225227202,0.0866428610881577,0.3266161691048463,0.0079108321510288,0.0474601776110223,0.0148596598100993,5.417298035585321,0.6016055916782254
2698,0.012946830081901,0.0076023512037961,0.3029498048179581,0.0868622716902675,0.3154159291854844,0.0103169704909511,0.044282214371523,0.0145723884563383,4.156053646543449,0.5899181981077366
2699,0.0184563204725077,0.0075299850960839,4.680129971811594,0.0890236303331173,3.2339155259423005,0.0057929711507709,0.0568244799194632,0.0139327364224049,77.32128718530156,0.5905152139592493
2700,0.0097704582715337,0.00671251237053,0.2757450864282952,0.0914037242303779,0.2728032607579052,0.0265634938025966,0.0343078589216374,0.0130589958883694,1.063575207133406,0.5342944058168974
2701,0.0186037430697723,0.0082296640750772,4.2060725098807135,0.0872737740900601,2.820700491243091,0.0056553588050089,0.0588793685468049,0.0151967245333982,65.58578328607724,0.619962423269496
2702,0.0065573218059797,0.0050710329366538,0.2220466778531593,0.1219843279871731,0.1234687842516041,0.0251693545053892,0.018367078311434,0.0093338713579934,0.5314796660140038,0.3761497561092651
2703,0.0573012047432219,0.0051852453830559,0.2391163832275411,0.0134904119960288,0.1022082875309421,0.0241735763179686,0.0153381257917841,0.0054164336178902,0.3634354696764603,0.0136456212025769
2704,0.0190182513622649,0.0077085851593878,5.651770765489624,0.0887676102546484,3.96527432455637,0.0056045358223747,0.0585467095378821,0.0141998572481403,97.12974452046356,0.5977684674324253
2705,0.0150771723072265,0.0079715803601718,0.5593976191492949,0.0864328966867494,0.3260314443359332,0.0069218347690776,0.0501198220744759,0.0150079003251863,9.114823874877354,0.6085114763242461
2706,0.0192718804159,0.0078692761968138,5.010834103048219,0.0885545357774831,3.490860265524349,0.0054917706062673,0.0594622209067113,0.0144365836771735,88.78948022068835,0.6037578614910841
2707,0.0135305207639445,0.0076877944049711,0.3381942892238016,0.0867078374309461,0.3171533197323678,0.0088722935332197,0.0458205197080648,0.0146373003181827,5.133012101138706,0.5946124324020142
2708,0.006349797780521,0.0041036738994055,0.1839199255714864,0.1502251330406752,0.0229866717137085,0.0061716929267209,0.0117982937542642,0.0055299671858277,0.334753221327516,0.1655671561220943
2709,0.4300551208716384,0.0458114863883739,0.0001285375424761,9.076970890105258e-06,0.1928968454811941,0.0049842299158913,6.558883966573996e-05,2.1126697812340664e-05,0.0003068952595756,0.0001567269927518
2710,0.0362338338322703,0.0036158486462754,0.1812503200452531,0.0126778004065458,0.0635673174822296,0.0191000144431649,0.0190752854492678,0.0048312037586633,0.340108682814674,0.0127040984228887
2711,0.0071493634107041,0.0054146784896805,0.230162780153127,0.1117757406078141,0.198044062738203,0.034643460141081,0.021669453285772,0.0101618659586214,0.5660517566105426,0.4227029884431976
2712,0.5086203515869601,0.0376230540705437,6.586065065710728e-05,6.664129905235577e-06,0.1490078561925112,0.0057642443310917,0.0001084986624676,2.8033006420314395e-05,0.0003351906352618,0.0001773126822893
2713,0.0169566489267996,0.0081493510345009,1.5070774304294243,0.0866688231130353,0.8201112326318756,0.0061111340540054,0.0549163209388162,0.0152082063693847,25.059704584235103,0.6174741178549038
2714,0.0057256393077692,0.0043442401812113,0.201762305854622,0.1412789847273911,0.0233045162616373,0.0062291796818887,0.0142923939634014,0.0074642950344782,0.4270651187572158,0.281564835140453
2715,0.0060077752264892,0.0045437536684877,0.2075849803660086,0.1376463140368621,0.0293465163484467,0.0068217299552251,0.0154340824558215,0.0079777349110448,0.4556855748620141,0.3176251064563012
2716,0.0058164574629852,0.0044383578357239,0.20394415734857,0.1391094577623153,0.0265637067520327,0.0072033492516545,0.0147355808688744,0.0077419929755047,0.4428668191794428,0.2962995601980913
2717,0.0172630017291278,0.0081735459434675,1.53970103356542,0.0869304769487794,0.8483101053303221,0.0059092099261671,0.0556758582605816,0.0152216877200237,26.15541827350324,0.6191623548161009
2718,0.0176762348986648,0.0081967248926845,2.0409854861396086,0.0868293080112054,1.2167750706461604,0.0057487824965921,0.0566111662187539,0.0151470120161596,32.143826535060505,0.617437212723587
2719,0.0077670830494479,0.0057934606208478,0.2453734061309516,0.1029247971762827,0.2319820306235909,0.046115703926443,0.0256019259766534,0.0111568442444137,0.6077586833257872,0.4617491300628162
2720,0.0192609802215881,0.0079974965194283,4.623298686943026,0.0882676423239647,3.1881382655114,0.0054679607662171,0.0597147635378048,0.0146478609574048,80.9728609436583,0.6086138520779502
2721,0.0186740821602404,0.0081686460947162,3.443320851799504,0.0874315386385638,2.269380964487613,0.0055427626791045,0.0588004416956916,0.0149971183288808,55.76744909624098,0.615835232528663
2722,0.0064317753394454,0.0049779237238575,0.21820060727194,0.1236330584556186,0.0947336055547956,0.0182013965078473,0.0177710222182375,0.0090451521695419,0.5137555037141726,0.3676365669403919
2723,0.0143729716343374,0.0079059932403936,0.393724036229257,0.0863807526252419,0.3300170595905755,0.0079296738480176,0.0483876071224572,0.0150182756215367,7.195888070910516,0.6059129575021196
2724,0.0078120898074885,0.0058161186949811,0.2439642335042912,0.1024341848675923,0.2364471792204566,0.0398061657334921,0.0260840139877166,0.0111636795081023,0.599407636772298,0.4662587729237816
2725,0.0095822160066368,0.0066179172800239,0.2722670280644815,0.0924168132076018,0.2713051398430131,0.0276624876732554,0.0336153214783012,0.0129070996901933,1.0184376021119748,0.5297784456385749
2726,0.0104474187484405,0.0069259350101443,0.2820302627003557,0.0897931191716364,0.282476711327857,0.0211737978144377,0.0364890508715414,0.0134304490110835,1.3420117055130094,0.5480484761278414
2727,0.4070318321842492,0.0570117466016485,0.000161145632392,9.284112438626888e-06,0.2284398299900084,0.0046288974450557,4.374648760071869e-05,2.1337775917686096e-05,0.0003510445554576,0.0001479252483492
2728,0.0113925616048321,0.0072374277190942,0.2900802603214595,0.0883778187643983,0.2993747684510116,0.0156844223352862,0.0396239050041553,0.0140228831823048,2.0663802053600957,0.5678644886359627
2729,0.4568153611333962,0.0462946866293338,0.0001147097582967,7.905385702084913e-06,0.169238525995963,0.004288929749979,7.069734330891509e-05,1.7964718553157553e-05,0.0003278200411518,0.0001546535317177
2730,0.0110901787871703,0.0071590877340987,0.2889478296231162,0.0887345889070605,0.295402674960088,0.0176085906039895,0.0386731922539728,0.0138857979265195,1.7185877704025585,0.5628532678750439
2731,0.0064189421386967,0.0049862085397333,0.218655164125726,0.1248206312375853,0.0910278857493195,0.0163536146271782,0.0176567875226884,0.0090170392390346,0.5130569874160201,0.3688620611766747
2732,0.0141589217545291,0.0078473844830749,0.346841941863502,0.0864220675980131,0.325240285252984,0.0079361905268063,0.0477095737497204,0.0148892351360606,6.07966207363634,0.602617179990192
2733,0.0058082103570837,0.0044156739122186,0.2029905876100476,0.1401636829245531,0.0230254047093494,0.006701598493461,0.0146169414155039,0.0076574339330474,0.4378112914253086,0.290507623585306
2734,0.0053270276786766,0.0040990573710575,0.1962718902391701,0.1427053220448539,0.013953877603251,0.0046262577396597,0.0129193846969307,0.0069440929247028,0.4091827480993188,0.2467272165686802
2735,0.0057000923110565,0.0044019617754063,0.2040302630993822,0.1380241550853196,0.0277046946321177,0.0084165546323234,0.0144773224601759,0.0076905517979224,0.4399968864652905,0.2846610944522371
2736,0.4572080250213297,0.0482642776127631,0.0001030707378104,7.416973445052326e-06,0.1667330982280309,0.003852219449116,7.297487266324726e-05,1.8022494322542133e-05,0.0003204088572637,0.0001532463816785
2737,0.0061813989352519,0.0048336545376735,0.2147885727860433,0.1274478124542513,0.0787817729029515,0.0178194256268576,0.0168540996544306,0.008734210701229,0.5029128821055574,0.3448488872717494
2738,0.3909856766145722,0.0065201985308349,0.1795813649220079,0.0112349082339225,0.1049962162729436,0.0402414504213596,0.0108308295940662,0.0046085464982433,0.3642292393711556,0.0112416870222303
2739,0.017346860455727,0.0081546443377623,1.6200916009202349,0.0870019951218826,0.9091428198576924,0.0058684904131714,0.0557842863499384,0.0151492137144171,27.17011386848319,0.6173980732328599
2740,0.0180138128827206,0.0082245871154808,2.5720649015099504,0.0870437249074072,1.610030064273128,0.0057289520134499,0.0574986811654776,0.0152249672598641,40.73836226862066,0.6199599433607512
2741,0.0080347852931457,0.0059766169790977,0.2502661685415295,0.1000082913166288,0.2394435117752542,0.0452932459162159,0.0273305084914729,0.0115836917368138,0.6291354900313161,0.4776198328753228
2742,0.0135174529623536,0.0077388273338191,0.4680681882173653,0.0865802064881525,0.3220875359123921,0.0093163126212209,0.0459793847863055,0.0147885957627466,5.755170139951937,0.5975359161201692
2743,0.3924327049271473,0.058129680712079,0.0001841869899476,1.0376219539700913e-05,0.2473154922794468,0.0044558702568883,3.656748210974241e-05,1.7200643345297193e-05,0.0003449611309791,0.0001392663275339
2744,0.0061513528765782,0.0048056291879436,0.2134517409670666,0.1293093530399237,0.0586688278100204,0.0139122140871946,0.016720499150468,0.0086449631349098,0.4947730603377079,0.3416905365785121
2745,0.0108099941900297,0.0070742095167296,0.2847949397537036,0.0890975774214694,0.2900143605918217,0.0190880561506041,0.0377870452039364,0.0137294703402832,1.6200481649783518,0.5572608287139043
2746,0.4379822350626797,0.0465999620786191,0.0001201705995892,8.35769446193826e-06,0.1796855976250448,0.0043758113122776,6.133817125402198e-05,1.823025824381458e-05,0.000335456221074,0.0001533305044018
2747,0.0070165773043096,0.0053261971225114,0.2282811082264406,0.113395630407915,0.178117384983471,0.0332757625445182,0.0206815557681442,0.0099076826560733,0.5548905328828567,0.4109084856643121
2748,0.0140624451932661,0.0078594946442513,0.3170781748310758,0.086549765383731,0.3285715062873079,0.0079165430639048,0.0474768468903965,0.0149031063691831,5.237881450276743,0.6023252029927875
2749,0.0056123920869572,0.0042899460902843,0.2019414495873731,0.1396857053936691,0.0279180623755491,0.0078579841830635,0.0139579719200095,0.0073435279160314,0.4316050676667677,0.2718505743739542
2750,0.00901604089891,0.0064689498235498,0.2698899280231441,0.0931160679110729,0.2590519485671959,0.0391741786853453,0.0317734748976142,0.0125961139441894,0.7216008073954487,0.5154567064711055
2751,0.0112077441583934,0.007172158589745,0.2891832408673987,0.0885104000888587,0.2945664118060421,0.0165435676706442,0.0389700370244945,0.0138691724319353,1.810087504589672,0.5631080183959725
2752,0.024196717179656,0.0031895368999525,0.181889776526871,0.0277916319853731,0.0579461301699019,0.0201862121561537,0.0204116012284321,0.0047178491324423,0.3416298345033074,0.0263767619363098
2753,0.0148711969706673,0.0079436072631834,0.6044195032294412,0.0863579829469757,0.3277696353043497,0.0072900720219026,0.0496219062986928,0.0150230660713025,9.284500738925171,0.608268940970746
2754,0.0086403046985012,0.0063016766620154,0.2603823304008283,0.0955264883986777,0.2554516734617061,0.0395102312481767,0.0304291270302548,0.012286758854753,0.6742231632394375,0.5046692060781207
2755,0.004961733362235,0.0037924301175959,0.1891664689518541,0.1367846705106676,0.0235122041372044,0.0058966886096303,0.0112670611163609,0.0061552856196882,0.3686005013630312,0.1953039596726862
2756,0.0057355525735201,0.0042368844850544,0.1971828660398306,0.1458795738174116,0.01046326628271,0.003921587402072,0.0138257592639514,0.0070785222806194,0.4081781450394111,0.2611784010565932
2757,0.4859788601324307,0.0374960094369427,8.34118931994251e-05,7.721644286697969e-06,0.1617740028717926,0.0055865565099564,9.376213862785484e-05,2.1945076382997845e-05,0.0003536462446014,0.0001674621059046
2758,0.0178718338831054,0.0073421139182837,5.032860681668853,0.0893172898790864,3.4871859602820043,0.0062997285061039,0.0551013739687419,0.0137065759913166,78.91307175303827,0.5833352280659034
2759,0.0117414205561654,0.0073088813098152,0.2932317145969563,0.0878294622144359,0.2999351859559329,0.0137880522543446,0.0406132789918417,0.014084659836958,2.3740757516486006,0.5717894636694426
2760,0.0054504589034288,0.0041175486842989,0.1976450288350434,0.143466077089422,0.0099344779050208,0.0037043802727979,0.0130584727750936,0.0069166201211495,0.4075790475267014,0.2485589065195741
2761,0.0052620039110124,0.0039395658306407,0.1910764532260926,0.1443159502848634,0.0167175626178412,0.0045349686013022,0.0121458203970567,0.0063653062013224,0.3794920871044875,0.2164907686163899
2762,0.0183210364938966,0.0081711975503332,2.7852035651712743,0.0874331992576208,1.7780709575612104,0.0056654588846963,0.058031054445753,0.0150847972994697,46.91579402370356,0.6172270682203889
2763,0.0178429804664592,0.0081868276231646,2.112696483900748,0.0870919843407122,1.2747086992051446,0.0056999052025831,0.0569595144189082,0.0151234453494773,34.15420800415863,0.6175069261160292
2764,0.0066439628248567,0.0050948334132133,0.2219486873731155,0.119116677356107,0.1245225067041044,0.0234273118789768,0.0186298324364003,0.009326828149735,0.5239682157907012,0.3849625493176741
2765,0.0080678170123626,0.0059819982651876,0.249951861231082,0.0988096018575843,0.2420741830715308,0.0389113372241069,0.0278145629886602,0.0114979903831781,0.6138272885080207,0.4819886433040533
2766,0.4625480676799982,0.0410822523890414,9.680778981519996e-05,7.850576532866164e-06,0.1647287283124778,0.0047067519389932,8.37859091522994e-05,1.935123349315045e-05,0.0003174133564918,0.0001591096137416
2767,0.4396017744705996,0.0508579593904659,0.0001362342827419,8.289405730505328e-06,0.1955421312186788,0.0036678467974733,5.896253739387224e-05,1.592868912287241e-05,0.0003446019751338,0.0001472557080567
2768,0.0068755749370562,0.0052630076714378,0.227008304869968,0.1167250272339085,0.1670169383395936,0.0303077888330341,0.0199868467823492,0.0097950228091286,0.553107659964465,0.4031790922404481
2769,0.0073730059086057,0.0055689012492914,0.2375102701437412,0.1094636922339669,0.2224862002924888,0.049067447986964,0.0230258287724871,0.0106790865397419,0.5926935311839219,0.4349928669070625
2770,0.0183777134538462,0.0074707175716084,5.087187949106781,0.0890647485242679,3.5354851624173813,0.0059530949925698,0.0565548758449414,0.0138649253390559,85.9165299072358,0.5884385044681901
2771,0.0072181031496415,0.0054448929736494,0.2306762647649441,0.1105545475406903,0.2032138623611298,0.0328911685321889,0.0220278957869733,0.0101729604946572,0.5593203557196647,0.4259562396937277
2772,0.0283709075879927,0.003401957966292,0.1793446272686442,0.0389109545594855,0.0933146315116614,0.0312119973195628,0.0247004076421455,0.0048838382696452,0.330518177972861,0.0382152044750204
2773,0.0058805817159203,0.0038100431517689,0.2100448265802452,0.1348834519459499,0.0858004838588182,0.0113843522408698,0.0125818156574898,0.0060608211964856,0.3639205614801851,0.1943673900291374
2774,0.4390491840275899,0.0501231694207831,0.0001357599220272,8.54827227316861e-06,0.1955302035047661,0.0035989815881311,5.7072495443289854e-05,1.4789196609588195e-05,0.0003138566413489,0.0001403619148718
2775,0.0163287588213045,0.0081039083497685,1.0427874541870157,0.0865410836754858,0.4788149581778081,0.0062746659599971,0.0533480732786658,0.0151532225060428,17.013871274656477,0.6150776484623401
2776,0.0067226255712496,0.0039524627747431,0.1865642025864898,0.1389183906437447,0.0578153610259647,0.0087361208339715,0.0133856795453696,0.0058395820775066,0.3451474997995767,0.1776380274000847
2777,0.0101301135336411,0.0068582930540249,0.2807116525437013,0.0903377701538998,0.2792551009445096,0.0247490729731964,0.0355586673985762,0.013339223805941,1.14061669885482,0.5426688446901347
2778,0.0135192347879843,0.0077419229093989,0.3771140454176356,0.0864166246795086,0.3217109999844689,0.0090633303119387,0.045988531264323,0.0147779744928789,5.173856755696453,0.5974168061647546
2779,0.0130082497507137,0.0076233973340987,0.3318278717399507,0.0868268741951052,0.3162139317211859,0.0101323126878662,0.0444723371819349,0.0146006163160882,4.302848752357481,0.5907506033636226
2780,0.0060217204855729,0.0046457373446875,0.20950488873562,0.1341288005259123,0.0395439157928368,0.0094917557116098,0.0157671819337711,0.00824580653638,0.4718144655785833,0.3252013883131611
2781,0.0078844754181359,0.0058729954903628,0.2464522258637042,0.1014516416694142,0.2340067576255088,0.0450671332441579,0.0262214448912008,0.0113059850480501,0.6140408291957719,0.4680248705155175
2782,0.0182714660933755,0.0081761138131335,2.6231416777801537,0.0874440754988518,1.658721415952066,0.005647755839205,0.0579345746868054,0.0151019354288399,44.459610278297305,0.6179859099862576
2783,0.0191338830705074,0.0081529632202872,4.641354687336208,0.0877953339521531,3.175210418499101,0.0054942212422713,0.0598296874022153,0.0149538654350588,78.14155648336965,0.6154399780429564
2784,0.0133182716872198,0.0076774281805866,0.346478269921065,0.0867620056803001,0.3181493932427821,0.0095120727615843,0.0453325014739817,0.0146713638348656,4.915615984553765,0.5936697002280218
2785,0.0057272642002925,0.0043165022188607,0.2003908202505301,0.1419257811741266,0.0178642561321792,0.0054296057476022,0.0142349833341488,0.0074132363904026,0.432904089750478,0.278707614421065
2786,0.0054573422854981,0.00399560754706,0.1917171735056597,0.1446273337155923,0.0149531466412515,0.0038463148420789,0.0126459952457174,0.0065212355145793,0.3913150566601309,0.2265807895694741
2787,0.0186874580301193,0.0081838354890212,3.2403825499435164,0.0876485631025376,2.122378136822406,0.0055515750988541,0.0588699345921611,0.0150489278248635,55.05371818823912,0.6170924140210486
2788,0.0143886584385374,0.0078543025295008,0.454498903053225,0.0864696423294556,0.321222122864232,0.007466087496173,0.0482130680105302,0.0148265399293249,6.680189891041022,0.6017981522076459
2789,0.0191181530133348,0.0079328651030983,4.650625313670562,0.0884644423305754,3.209820173499639,0.0054935350366487,0.0592507742245662,0.0145687767154435,80.01697414870948,0.606836546345463
2790,0.0066169744195715,0.0050864370616796,0.2209680495790781,0.1201577704134407,0.1186844714700706,0.0224298711316058,0.01848371831792,0.0093112682630308,0.5235354624503854,0.3826438506260408
2791,0.0049786298843966,0.0039155508151635,0.3105330814357085,0.1561414737218688,0.0371357309837741,0.0064616315843758,0.0113551004566901,0.0062151512330583,0.3662393684093393,0.2081163294050193
2792,0.0067355209623565,0.0051693969128566,0.2230252321316104,0.1183941698624575,0.1467708005097457,0.0248089627405293,0.01914948937064,0.0094992498487242,0.5322747187436809,0.3929402158004842
2793,0.0187527686745594,0.0076285055102555,5.259465991221346,0.088887514555539,3.668858308758459,0.0056764227795668,0.0577426128557294,0.0140817943443562,87.65250798756486,0.5946008583031758
2794,0.0185467849173741,0.0075006935872776,5.027703457070506,0.0891085186947382,3.499737805863715,0.0059022600471527,0.0570083031167373,0.0139030455154835,86.62461663803656,0.5895025330514644
2795,0.0059929796990655,0.0040551903916567,0.1896243345495955,0.1481334412734961,0.0155264908590248,0.0038686356039177,0.0134404949437384,0.0064344076598382,0.3722172516993991,0.226799283195174
2796,,,,,,,,,,
2797,0.0176097762281549,0.0081000489384675,2.1994999620371063,0.0873127641211154,1.339813323374889,0.0058309025803209,0.0562464588892249,0.0150364082156629,34.893794152222185,0.6153594032900452
2798,0.0168754604905652,0.0081736568372496,1.3768033567094002,0.0865452444564015,0.7236500987956366,0.0060876466306666,0.0547542246218878,0.0152191227573718,22.29303100365064,0.6171529463900552
2799,0.4489700965714734,0.0497435984248416,0.0001216108051519,7.807185653492576e-06,0.1747686803312896,0.0036812170038452,6.282486179714148e-05,1.7854590167999095e-05,0.0003048016443697,0.0001482691381387
2800,0.0179743675673082,0.0082304394511067,2.460659970768697,0.0870648778750211,1.527814489170071,0.0057393402128325,0.057413919536344,0.0152345707511529,39.69329353069876,0.6199553390100123
2801,0.016863833976197,0.008139272956378,1.3079418103085212,0.086807261475843,0.6758842306772929,0.0060722088955975,0.0546624178463163,0.0151874735290551,22.01670574103011,0.6171683312987463
2802,0.0087511912205121,0.006259909887175,0.2599346166198423,0.0960398431178345,0.2562686245523853,0.0320730277039225,0.0305596679614159,0.0121447643707371,0.8150456078954976,0.5042037683243972
2803,0.0056949039168991,0.004428305531973,0.2051481736761906,0.1396627431994528,0.0243667076115502,0.0080766253913706,0.0144719133144239,0.00775085246172,0.449936457145766,0.2840757691228493
2804,0.0083990481089655,0.0060850587265335,0.2520606233193491,0.0980625602883436,0.2513120463478774,0.0341670950003061,0.0290916417517603,0.0117712633771974,0.7120259892536361,0.4928498794435077
2805,0.0062510919229739,0.0048243663979673,0.2130872563603795,0.1290761575119415,0.0561791528139403,0.0116159700712947,0.016814311650323,0.0086068122002241,0.4872155519407345,0.3468942780204088
2806,0.0046696266551834,0.003647225908516,0.1825102239239383,0.1166903697938865,0.0205091769997678,0.0052045625273337,0.0104012956312121,0.0057406368495945,0.3545145115538503,0.1802925672951447
2807,0.4601903579868066,0.0343097871014967,0.0001123077259855,8.86592673253873e-06,0.1675230115840127,0.0056374614023226,7.395704178719181e-05,1.988731767349092e-05,0.0002994201034056,0.000152789053407
2808,0.0051424432547685,0.0038941863311986,0.200094541144296,0.0553377669979089,0.039395525250513,0.0127593414129773,0.008669598691184,0.0047832537183681,0.3282790642642159,0.0490925089765311
2809,0.0124964531914633,0.0074748005234048,0.2969121012490339,0.0873784763414668,0.3098763487494131,0.0114879440427119,0.0429034805318963,0.0143844113761251,3.660665214565088,0.5833402424614613
2810,0.0103136809350027,0.0068959855316695,0.2830314657570709,0.0901210800297,0.2822013138719223,0.0231847350790568,0.036064923987682,0.0133936372096328,1.1960986639672588,0.5466869549288721
2811,0.0113691356359693,0.0072486661820888,0.2912515191058799,0.0881776839644654,0.2984525035426183,0.0159615930748516,0.0395501267429284,0.0140143254299961,1.8479790272121648,0.5674190684915134
2812,0.0335943026417595,0.0036718735706209,0.2056684599199624,0.053976083095231,0.0899156044609122,0.0234327927585227,0.0280850657462591,0.0047803058868438,0.3166838437930872,0.0529770309184215
2813,0.0113952013481424,0.0073107350192082,0.2941359007273446,0.0876663753868675,0.2984271934011938,0.0164673034074373,0.039770690776095,0.0141113964632426,1.7964299520174367,0.5685166277955851
2814,0.0045568647475974,0.0036601802583293,0.2003784537437352,0.1008321045647012,0.0967924023402738,0.0283594036565095,0.0084472041147596,0.0048610302290302,0.3161489717367907,0.1161746502054488
2815,0.0079858105868313,0.0059522791769675,0.2482265262597416,0.1006641781855166,0.2417024013100799,0.042330797631336,0.0271746429004677,0.0115282393200706,0.622456365407968,0.4763523576627166
2816,0.0057025890717929,0.004326745116618,0.199968015275433,0.1425184758926302,0.0185624816431988,0.0053098306518162,0.0141545196127633,0.0074433653570706,0.4273517585639224,0.2780008227052254
2817,0.5307248002872804,0.0350234729577124,5.778767701607697e-05,6.460658671768941e-06,0.1429064918567212,0.0073779501378509,0.000112264882138,4.10555039030804e-05,0.0003167471734323,0.000199343859305
2818,0.0070104005322138,0.0053254012398595,0.2281731846246337,0.1132135563282243,0.1830153403655975,0.0326217618012861,0.0207349699225752,0.0099060820267538,0.5576447571322098,0.4122757998687124
2819,0.0066479206389169,0.0051198597037616,0.2229161693629139,0.1193189560178133,0.1297945764951408,0.0247439584341791,0.0186980159976237,0.0094102987953341,0.5352767052478701,0.3865835323417233
2820,,,,,,,,,,
2821,,,,,,,,,,
2822,,,,,,,,,,
2823,,,,,,,,,,
2824,,,,,,,,,,
2825,,,,,,,,,,
2826,,,,,,,,,,
2827,,,,,,,,,,
2828,,,,,,,,,,
2829,,,,,,,,,,
2830,,,,,,,,,,
2831,,,,,,,,,,
2832,,,,,,,,,,
2833,,,,,,,,,,
2834,,,,,,,,,,
2835,,,,,,,,,,
2836,,,,,,,,,,
2837,,,,,,,,,,
2838,,,,,,,,,,
2839,,,,,,,,,,
