tracer_number,CO_max_error,CO_l2_error,C+_max_error,C+_l2_error,O+_max_error,O+_l2_error,O_max_error,O_l2_error,e-_max_error,e-_l2_error
0,0.5594952756726168,0.031866293171042,3.405962689822223e-05,1.9342931609311586e-06,0.1235992517346332,0.009275411687922,0.0001471685736728,6.593627075117773e-05,0.0004131506857534,0.0001751755211911
1,0.0021817978346892,0.0002772482159478,7.902309793333711,0.005506170580212,7.843660714322925,0.00359662162488,0.005550614690219,0.0003750303067656,2.868525550967222,0.0053809713344573
2,0.0167840237494439,0.0057523771808254,0.0025585296813062,0.0012272413654398,0.2928942572125765,0.0041655002546893,0.0003367995064787,0.0001437426140601,0.0024929785684301,0.0012127743982452
3,0.4962379182950643,0.0255671714939564,0.0420451140218372,0.0058367784127661,0.4044969042357187,0.0282664666724607,0.0001096366077808,3.7337006749575296e-05,0.0404653191258715,0.0056727686666918
4,0.264648352064035,0.0096874054721578,0.1932245790528312,0.0090941910487078,0.3680063685231262,0.0409517742902633,0.010600608333574,0.0028205334014998,0.1875308667115808,0.0090416341376323
5,0.1224699352829528,0.0098880556465117,0.0791125175913227,0.0097132347100563,0.7091471259771693,0.0371023771980947,0.0004163051428322,8.005510576147687e-05,0.0718506171805788,0.0095095390605452
6,0.1914227606165213,0.0362415681840928,0.0022649924589299,0.0003540365618934,0.4871019502653047,0.0140577251678759,3.4035793430898194e-05,7.0922920277448366e-06,0.0021888697402691,0.0003506853587031
7,0.3960435385637004,0.0485500087982122,0.0004130212410161,3.8908611898238615e-05,0.2463715709399731,0.0093832706050564,5.518001728359488e-05,1.9773182041755587e-05,0.0004586486949606,0.0001051869487803
8,0.0007352421751218,0.0003450432359557,0.0269368168032006,0.0036037257673402,0.0110557387892996,0.0029351176633785,0.0006028017672472,0.000407180979306,0.0070784557084577,0.0017789273044221
9,0.397081082600016,0.0523811425244999,0.0002128556868323,1.0321185660207004e-05,0.2613183725032079,0.0053838141858969,3.855581959635213e-05,1.994263546302936e-05,0.0003211989352518,9.558569710303146e-05
10,0.4475465672737242,0.0075966245418277,0.1518063523881107,0.008294750549698,0.2660677102163821,0.0311056070253556,0.0033551533274049,0.0007880938150494,0.1224736161276914,0.008263064104602
11,0.1676398689075408,0.023273141058785,0.1204612589490538,0.0095397152618256,0.5638688064188642,0.0275370165479269,0.0004425962115977,0.0001395779373708,0.0981623312460541,0.0092530144648982
12,0.0010745076073754,0.0002791458189902,1.3683553307468728,0.0053044773656649,1.3639029664796771,0.0035501809347983,0.0029642711296142,0.0003837524300298,0.6623240345668844,0.0046134612510897
13,0.0037302528362709,0.0034046613904013,0.1532003010853661,0.0130415970817632,0.1113405915134291,0.021405658623071,0.0025337661685182,0.0018579498144663,0.0947467643906301,0.0110945766120503
14,0.2791088595028161,0.0386132330420138,0.0004065902850531,5.4504702174531056e-05,0.351024214512578,0.0129545939402896,6.918243628597377e-05,1.7481095396233895e-05,0.0003822966159602,0.0001201310086495
15,0.4851833883357952,0.0610480751408794,0.0064998081698223,0.0010461303858017,0.2929220637321514,0.0129733419791576,0.0001289246449565,2.9395426993288182e-05,0.0063406588602503,0.001018663594533
16,0.3035499716911208,0.0054479539814286,0.0626705429732651,0.0105542253982881,0.6035401747124611,0.1511073671241432,0.0023412664044982,0.00046105502572,0.057313688148266,0.0105093971197027
17,0.451277334914174,0.0212442402223582,0.0002860968309042,6.358282676996521e-05,0.1683369767939489,0.0213018789022623,7.123015457228716e-05,1.822955196233404e-05,0.0003608759384217,0.000120594432282
18,0.1630135890032068,0.019783250279749,0.0045950641111741,0.0009410538470452,0.5269161387698629,0.0238044123293626,6.244341959523835e-05,1.605522176963434e-05,0.0045344303415554,0.0009136539553169
19,0.1030563252554471,0.0236424848454205,0.0013962190782502,0.0002645310800715,0.343030770868315,0.0267993168326116,9.283564051894364e-05,1.8603914195427548e-05,0.0014196065940494,0.000274600128955
20,0.3388123429728946,0.0321337650527847,0.0474955408211787,0.0061796217366391,0.560183278981748,0.0419248977780281,4.307060367585594e-05,2.2203691735630992e-05,0.0436687232026519,0.0060247228059461
21,0.0008398389898924,0.0005880684387874,0.0531675887515879,0.011977758493693,0.0169126009031496,0.0039926177620338,0.001000119455111,0.0006666700483783,0.015596587874755,0.0030142597401557
22,0.0007383186570447,0.0002775445774399,0.0802415000757338,0.0056584459799326,0.0774284422837521,0.0038854663709904,0.00119433768196,0.000366127115476,0.0256703577804324,0.0023485055949902
23,0.1837837005151375,0.0253866708696015,0.0587188485328123,0.0080453818886992,0.6201411184587498,0.0349341546256622,0.0004039632532973,8.677261816939775e-05,0.0530696992124285,0.0077419218618099
24,0.3032337400854543,0.0482495809247188,0.0001490247598024,3.516467872004761e-05,0.3786570755475727,0.0112063951438144,0.0001188755602022,2.9001902797398687e-05,0.000324762344905,0.0001092869784849
25,0.4171655421591371,0.0250188898547725,0.0102842959487301,0.0022474069437897,0.3143803384966269,0.0398386108602846,7.04999345001371e-05,1.6705867111714032e-05,0.0101073505578615,0.0022024353721065
26,0.5058329990963982,0.035981175679049,0.0001386021805962,2.369031662254313e-05,0.1518295876586948,0.0219066282480478,0.0002313812505984,4.453602453058624e-05,0.0004843228849091,0.0001386800231986
27,0.4861292701800638,0.0393404814755477,0.0169126599694639,0.0035294725999492,0.3112494019048267,0.0241356386436745,0.0001052938664211,2.0226416282270952e-05,0.0166100388865019,0.0034504450025889
28,0.0760156013188411,0.0070498577891588,0.0144812665993154,0.0038031250937873,0.4013099609402912,0.0133237926074072,0.0008710923189985,0.0001840544946375,0.0142196829212564,0.0037149683151123
29,0.0017109399776437,0.0002868499132399,6.267006025889224,0.005340409916882,6.255912738643649,0.0033881598652889,0.004472507001413,0.0003925955951266,2.403427655381442,0.0042617932568204
30,0.3025707496281083,0.0794909445615046,0.0006596583752069,3.1198802887320215e-05,0.559792179869752,0.004054732030499,4.85738561001674e-05,1.6874632183580548e-05,0.0006615115849054,6.385712875496042e-05
31,0.181594821191152,0.0071297731738112,0.1060548575822439,0.0103581382026643,0.3410114843585554,0.0996925956161415,0.0022097625938907,0.0006204289823792,0.1015848730397376,0.0103209747716277
32,0.5256898632719368,0.0625829200282617,0.0018134186709869,0.0002375540439973,0.2420154413518053,0.0113674731900029,0.0001188627103646,3.3398159087423174e-05,0.001687898881123,0.000259494037676
33,0.2218472824766834,0.0116495250632663,0.1244598704219621,0.010164484538271,0.2550891129075543,0.0334866457861317,0.0079742122417852,0.0016864051052494,0.1197158425538995,0.0101138990961315
34,0.5000849603361114,0.0360301938067727,0.0062662625115858,0.0011060553297453,0.2168442432222561,0.0239988830417487,9.534360723678452e-05,2.429428102914685e-05,0.0061486261535646,0.0010894781353833
35,0.1668409980707532,0.0075492719159894,0.210232826788989,0.0137135407960758,0.1997348919641319,0.1056905877118877,0.012367323916038,0.0035004096554524,0.1814520867765834,0.0136639019561583
36,0.5067028424278986,0.0355331391302021,0.0072548599017537,0.0012609337087053,0.2803304994366469,0.0246060713152433,5.667798110072803e-05,1.0504649093497538e-05,0.0069757258197369,0.0012184066520358
37,0.5417223944509851,0.0366777353627244,0.0011087948823369,0.0001544805186514,0.1302148682448154,0.0147372560937082,0.0001935073773652,5.5063238135030254e-05,0.0011889643953237,0.0002347980037346
38,0.0007391903354975,0.0002932069129926,0.14464771746808,0.0058088984182142,0.1417277827541106,0.0043366621070967,0.0012361929678358,0.0003883208027312,0.0453542156161905,0.0026952206025345
39,0.1568996579485187,0.0064250932884897,0.0481053816044809,0.0063040088548294,0.605765819969562,0.0367903298927392,0.0001641746037251,4.039608010731789e-05,0.0439063634108677,0.0061833861208376
40,0.0199598349551991,0.0028505623686353,0.0142903923315126,0.0020066058468978,0.324489287570024,0.0128534684714921,0.0001557561996176,6.622604849134076e-05,0.013988153373409,0.0020252850090229
41,0.4287339038756035,0.0311979321983174,0.0007331644244595,0.0001114174889853,0.1938867833844396,0.0131677873087597,5.90833544911232e-05,1.6555211230706232e-05,0.0006391160293701,0.0001407132369847
42,0.4971106466454645,0.0325792581450162,8.533416732725034e-05,4.996090991005892e-06,0.1605776326365882,0.0086366636883023,0.0001057789873744,2.5577318494029563e-05,0.0002363167383787,9.792786581841218e-05
43,0.165585277587188,0.0215128914698198,0.0403006534629532,0.0056330630733827,0.5262167268117813,0.0126186609141816,0.0002287573739523,7.758880794102936e-05,0.0380429667060368,0.0054559143761
44,0.1936893899589822,0.0052722149495821,0.0245257059236905,0.003944032465082,0.5203092246878793,0.0967189339088846,0.0002299518811689,4.451589715644847e-05,0.0236446019022504,0.0038709974446499
45,0.1665396551846388,0.0106960171057817,0.0335595162442104,0.0057383492025807,0.463610473291476,0.0582756202643246,0.0006024316604363,0.0001241799166437,0.0321352126081022,0.005614456945706
46,0.5221063894728131,0.1088784556740609,0.0001507793600499,1.6969261757358135e-05,0.1401308938047723,0.0065138790505406,0.0001050975924134,3.310769082160641e-05,0.0002710660563334,0.0001186146738465
47,0.1696564346528726,0.0532453346211065,0.0209099013828181,0.002522016900181,0.4514746149697191,0.0143287922830591,4.111141441777821e-05,7.681032251949868e-06,0.0205428202091973,0.0024623238742318
48,0.2502104630661974,0.0281106058943185,0.0038697847910029,0.0009413842514699,0.4696476779532096,0.0209703942417885,4.160985237139309e-05,6.606514873672474e-06,0.0038053069816172,0.0009216332673921
49,0.0205579294233832,0.002352824736967,0.0177132167712216,0.0025352747361226,0.3795921299871151,0.0170616060695713,0.0001435160836318,5.335418345895713e-05,0.0173263451892967,0.0025538393182361
50,0.0018802116886107,0.0002844265474013,5.898220339953409,0.005487658369755,5.872809211468616,0.003474358424587,0.0048747210697924,0.000386628510955,2.3190085167658787,0.0045222127222722
51,0.1975770951567523,0.0182315040525115,0.1101555810893737,0.0062367814532953,0.5240623113418964,0.0205597123939196,0.0003243112599833,0.0001169849132683,0.1019820466464279,0.0060590381264945
52,0.0792607903221323,0.0063027677716734,0.0488148970987883,0.0053796066694154,0.5755245813588408,0.03283152148673,6.610380450790528e-05,2.3182295364838327e-05,0.0451124622823967,0.0052598853890383
53,0.4774290527083838,0.0611983306140351,0.0014461171375785,0.0001645427179673,0.1622907010861868,0.0130399610826834,8.730526649491219e-05,2.0002709916544003e-05,0.0014280898953555,0.0001957619280889
54,0.1826391941154754,0.0099005076630638,0.4192994249496234,0.0086949861188635,0.1575654098192792,0.0304280963430132,0.0126198307016399,0.0031462924696928,0.155081254450218,0.0086644277890417
55,0.2079194049713656,0.0058753711233164,0.0766286073906664,0.0091206431094103,0.6459373705474521,0.1539328894128454,0.0005799592445578,0.0001064403936199,0.0690713172366297,0.0089719763974898
56,0.1703929476596408,0.0315169724440732,0.0011934286168078,0.0002164410749638,0.509724688372975,0.0241751534924193,3.680108027273451e-05,9.993779541473687e-06,0.0011771394775629,0.0002367547082737
57,0.438609750461829,0.0389141717428398,0.0001297833634553,9.92609152950778e-06,0.1885480153274147,0.0114696318997317,5.956070810184338e-05,1.833987776621845e-05,0.0002900777820742,9.46157625309929e-05
58,0.4033304274531575,0.0229782888700951,0.0001947745495656,4.43768508341397e-05,0.2489097426487054,0.0173828256336419,4.598654328978934e-05,9.857680461992578e-06,0.0002708568644058,8.25852327720395e-05
59,0.2876161016922665,0.0150929010986535,0.0007805014116144,0.0001301400481629,0.4741637521444876,0.0157083949966685,2.7797959824840635e-05,6.804683805913925e-06,0.0007393861323927,0.0001240471942061
60,0.2248131803118321,0.0049120625212773,0.1065648297134674,0.0071690790298886,0.274758785425277,0.0623711578073955,0.0019999571762868,0.0004890848496182,0.1022375902000184,0.0071386708374892
61,0.2386517073128487,0.0117721767580309,0.1676250136930289,0.0098298559753718,0.2588229013172528,0.0316155153874872,0.0126808531894416,0.0031408557478207,0.1508399174843064,0.009771356448213
62,0.00163452725472,0.0002805105556434,3.7052338231301127,0.0054441267325188,3.694272938458841,0.0034292438240765,0.0042913979845459,0.0003826940325562,1.5820325152928496,0.0043894640714928
63,0.3610841206760283,0.0157876380565622,0.0085255606898134,0.0011484374451581,0.3032258051545435,0.0242552334392673,6.111074877072372e-05,1.8251510294551923e-05,0.0084266092394407,0.0011457490883275
64,0.001719778664627,0.000271912301097,3.963187596320003,0.0054602670480461,3.949399984343262,0.0034298241037934,0.0044873612372247,0.0003707509852416,1.6658594582773667,0.0044610158350928
65,0.0037200345670552,0.0035205913707062,0.2315408397627678,0.0193066508266946,0.0960344934164766,0.021357851002475,0.0027549582604792,0.00206246145067,0.0652105058631549,0.0156429197825578
66,0.4428649876039094,0.0421864950401782,0.0001174704208045,6.546866668768999e-06,0.1703826821804626,0.0044950531274995,6.765976913684309e-05,1.631123522926228e-05,0.0002564581692688,8.044809977411884e-05
67,0.5602169641702325,0.0490587863538304,0.003103390182522,0.0003440658932234,0.1933305167428031,0.0261840865200371,8.132297199453924e-05,1.650273035711181e-05,0.003050864806169,0.0003540094591932
68,0.1645694495482129,0.0094083520794583,0.0037193222871255,0.0009960443231222,0.4781514472703491,0.0255574848406853,0.000167067872882,2.4102083469148115e-05,0.0037133970249918,0.000976975488499
69,0.1301447908922797,0.0208116122425755,0.0258639098146005,0.0051192516675787,0.4232386762531289,0.0274057033062758,0.0010175013462659,0.0002959308660842,0.0244491077725269,0.0049756780118157
70,0.0007667682656841,0.0001232999296483,0.0295132333657103,0.0037464562269552,0.0172204893311654,0.0022162744516631,0.0006555148157897,0.0001516908916049,0.0092886999073467,0.0015395131045188
71,0.2749705207102396,0.0265055606195499,0.0798538756732174,0.0088667034869211,0.6278919036381585,0.0348044019462023,0.0016917501290101,0.0001669748535677,0.0736981701648202,0.0085987227178618
72,0.4003190715460358,0.028029964603933,0.00074084813757,0.0001292323401885,0.2261317947067424,0.0169874794570016,5.6924734730472215e-05,1.517006454953406e-05,0.0007950175811397,0.0001609510845043
73,0.1177949376477777,0.013049364249845,0.058161982724739,0.007905071851161,0.4720868036777544,0.0461791167651247,0.000449492609461,9.400466894504376e-05,0.053754882991294,0.0076927791795561
74,0.166275246889333,0.0090301025830084,0.2140068530302978,0.0074967045032308,0.3390040444306513,0.0333584816622294,0.0269124025886127,0.0027484697142597,0.1876041972292199,0.007456624669765
75,0.4970863398245769,0.0789466425196128,0.0002117249808514,2.321242818534656e-05,0.1510054578391799,0.0083142086040459,0.0001081298511598,2.653795088286717e-05,0.0003328431743936,0.0001137703282684
76,0.110646734254672,0.0235257231289096,0.0096650691164949,0.001900192741254,0.5091940689233178,0.0281390265304205,0.0001051774311178,1.6624168159217967e-05,0.0095152328305631,0.0018599988371882
77,0.4868921384845734,0.0296139565525791,0.0031674965997785,0.0005998070735415,0.1877943997155197,0.0288843076107562,0.0001053336254413,2.3223542816414123e-05,0.0029464668973253,0.0005710595596167
78,0.0020159195075712,0.0013506701296475,0.0245915587280378,0.0072809024896106,0.0257288880173802,0.0081800085703141,0.0017101761992211,0.0013177828833066,0.013022467812661,0.0043669640664486
79,0.1638592586787313,0.0087162434791335,0.17177039853306,0.0083831813346033,0.1613255333756055,0.0363529514585648,0.0054683097694999,0.0016576062766561,0.1229336224643771,0.0083567863290578
80,0.5462327460777854,0.0581739515485751,0.0014552252601554,0.0001770954037213,0.1369434540845121,0.0158196250008463,0.0001434000809002,4.325923473428237e-05,0.0014899430034124,0.0002419674716631
81,0.5344233759698301,0.059980244919623,0.0006021975917649,5.9035116842371065e-05,0.132598493017428,0.0126144764921336,0.0001785355035091,4.856128589566652e-05,0.0006285723320837,0.0001633354936278
82,0.3589954323752255,0.0425544486356362,0.0361583374246665,0.0050946034320424,0.4114205044874675,0.0410607703159668,2.9955061130576384e-05,9.49439747021384e-06,0.0350914261792973,0.0049846459495161
83,0.186401036898309,0.0063355645579034,0.2365278871118608,0.0552396512599265,0.1262255106722548,0.0579939541195485,0.0269552447972465,0.0047294793754159,0.135944617567328,0.054778163959
84,0.5653963363506991,0.0467489112173618,0.0008380699483876,0.0001363911624217,0.1463598695941753,0.0199295557396563,0.0001607415074478,4.480973878181887e-05,0.0008654724751129,0.0002079641041504
85,0.292113498235046,0.0377871664747314,0.0384338485097896,0.005499283795099,0.5493857518407333,0.0301872439791765,4.901965563529045e-05,2.144392347194041e-05,0.0369275182779496,0.0053482592123346
86,0.1207358096793519,0.0080321666278727,0.1203286577877447,0.0093151936438958,0.2969480871964357,0.0582949523848819,0.0039230395114285,0.000840016103591,0.1166843706103125,0.00927094358502
87,0.2556068802358844,0.0297460280880246,0.0047530247359332,0.0007400918377721,0.5246853253062305,0.022919947995104,6.12709327372413e-05,1.069128662777031e-05,0.0046423306218487,0.0007023198995763
88,0.0944770192173069,0.0119846829066185,0.0476538662055607,0.0049843645587856,0.3982764934663437,0.0172198578957782,0.0008331617273107,0.0001580578775431,0.0459496358311975,0.0048903385256558
89,0.2860715472232313,0.0072837813200027,0.1320350156506058,0.0402268964075273,0.1494689354929926,0.0638638403693613,0.0250003429306173,0.0040706549032779,0.1092360971721604,0.0400766535493742
90,0.3846683995645228,0.0488087254326489,0.0002046952007963,1.6220147254366416e-05,0.2584041349342225,0.0121387985804813,7.131413392779964e-05,1.725772216833125e-05,0.0002748562475704,7.406429523323116e-05
91,0.0007611141018785,0.0002379878385153,0.0281533538508873,0.0044442532016405,0.0102928776001752,0.0017594583036627,0.0008761356572586,0.0003022507899112,0.0074370391463871,0.0008708435975772
92,0.2403737329561821,0.0440299183223385,0.0442365551628341,0.0032086837346154,0.6475149553001308,0.0153120745760673,1.1454207002227616e-05,2.8679588684233142e-06,0.0434419230696786,0.0031489629205546
93,0.0007263377228612,0.0002909971549221,0.5008841206940382,0.0053998743001349,0.4977051121917334,0.0036998154443876,0.0021035576831125,0.0003964037680443,0.2602707036063534,0.0041803747792963
94,0.1846076903236911,0.0087522139721652,0.0278005920213431,0.0048829774192582,0.4928424896714861,0.0830082022127563,0.0003210168441467,6.233923139021284e-05,0.0268131604842127,0.0047795790320051
95,0.0382950498365811,0.0072112932652528,0.0038877845253013,0.0013540208315143,0.4043402190205431,0.0084787508401681,0.0011453924383482,0.0001443940263451,0.0039298949351541,0.0013735095939645
96,0.2325346763615411,0.0065126469170306,0.2062638750741038,0.0101240790889202,0.2203924717905938,0.1224655565740633,0.0090918035251188,0.0025757378130764,0.1630725504392731,0.0100847530342892
97,0.2243104823307161,0.012003422408732,0.0300347585940162,0.0045518131939886,0.3476252608342427,0.123880459280603,0.0005369704378156,0.00013117585205,0.0293879523368883,0.0044905604481989
98,0.4709491463250188,0.0505977685960362,0.0076106370386972,0.0017472854823956,0.3501216132655202,0.0240361891995583,4.3379684334862906e-05,9.626405500258938e-06,0.0075161889259389,0.0016964744667926
99,0.1812532861468259,0.0098570943844832,0.2130576708306833,0.0135243857031053,0.248882314682457,0.088037965821827,0.0209642391128018,0.0041519083860328,0.1343996250716535,0.0134542233764053
100,0.4795624204267334,0.0882686960566826,0.001552696547822,0.0001179984676276,0.1858414843785277,0.0114180696122171,7.945789097270697e-05,2.032596997151699e-05,0.0015733795722927,0.0001628858688432
101,0.1446851941952169,0.0069720660574586,0.3677753224624966,0.0578892541138062,0.1602561925382939,0.0770763775911465,0.027035375438419,0.0039876553918715,0.3152845884683921,0.057688341751091
102,0.4006334359113393,0.0327811138171814,0.0027744532394858,0.0004338544405228,0.2400696150170941,0.0204737795389271,5.0211055116119125e-05,1.0319983484884122e-05,0.0028291285132945,0.0004331172171738
103,0.2428617744519605,0.011900295999481,0.2428375968172442,0.0197608894945982,0.3539730687829909,0.0960328561023174,0.0262625206388274,0.0047746716588719,0.2222248229345656,0.0196624039585895
104,0.4662452590307757,0.0457555953576835,0.0004333091287184,5.607497645821164e-05,0.158973037352302,0.0123469992121139,9.19542269108601e-05,2.892077206843027e-05,0.0005165281470476,0.0001163036312541
105,0.2806994615426756,0.0118521114053114,0.2031161225189278,0.0120209707005725,0.4487113241104351,0.0280693410688389,0.0161315828307643,0.0037474933771334,0.1705077102034727,0.011942509030013
106,0.360356959819454,0.0071934459929294,0.252186035074235,0.0105697488090334,0.3063275000960323,0.1612879478770036,0.0110712456554136,0.0030051106180427,0.2407310370117392,0.0105331368988668
107,0.0037985442221749,0.0033317612981881,0.2011370215485626,0.0216071042549828,0.0797689825476904,0.0221003479206284,0.0030349981343538,0.0021025205283962,0.1667500265621782,0.0174825175103981
108,0.1400092274745923,0.019982638165878,0.0050610528162167,0.0009738612286333,0.6039582606351004,0.0219728662904911,0.0001067509624531,2.2579631564923303e-05,0.0050823453687651,0.0009558964430214
109,0.360134456190243,0.0106433078573695,0.3529476904966367,0.0232479882454203,0.1595073247437489,0.0712285071803417,0.0220819557676939,0.0048097460811942,0.212357117325618,0.0232058082466434
110,0.1456113460467218,0.0070067634794078,0.1212809677238231,0.0132884886339967,0.1377950526144033,0.0659285505017864,0.0110119649407674,0.0037792149300049,0.1062836464165067,0.0132626888093523
111,0.001516548157078,0.0002675603369323,2.9315762513463004,0.0053722216053658,2.923929727387338,0.0033788844262465,0.0040078772937839,0.0003660594035352,1.2881020450752532,0.0042477717897511
112,0.1882471992372163,0.0089000535043623,0.2117970202803557,0.0086103887422606,0.1938044295542605,0.0384421364587524,0.0114662736431033,0.0030294419111807,0.1823877546942501,0.0085896668241953
113,0.5001082451922837,0.0228346782816198,8.189597219824784e-05,5.469378883784493e-06,0.1565662479225347,0.0108668485847374,0.000103280313426,2.398326125872547e-05,0.0003104865395234,9.84364739326328e-05
114,0.0008428020500815,0.000596263932988,0.0274204664537554,0.0046561636800565,0.0216617107395783,0.0050184736738567,0.0009522817843732,0.0006779942192908,0.0137769948876652,0.0030259081809184
115,0.415593123016019,0.0395826521103048,0.0013896712258315,0.0001803263821314,0.226320415434264,0.022681015826591,4.2701495658010346e-05,1.0073486597265224e-05,0.0014028917638104,0.0002058915500229
116,0.1430438504246909,0.0369248654818115,0.0133421633359381,0.0024476645641959,0.5845625716444025,0.0150603088246092,1.4618452896243852e-05,4.2148397376963055e-06,0.0130845314411223,0.0023838055930192
117,0.1331353831049554,0.0064495747301113,0.1592372273006877,0.0210157729290503,0.1065764884519067,0.0463334818481063,0.0136112253991003,0.0035106769734744,0.1199736961035928,0.0209733868783924
118,0.1566935514565989,0.0172091751139082,0.0417615123722737,0.0055942320972678,0.5163475314767364,0.0258923490897156,0.0003206675594391,6.637552056004632e-05,0.0398911295727199,0.0054484022523253
119,0.0859013681702797,0.0158829396794775,0.0332730475666813,0.0062460838204904,0.5433358809121792,0.0567544307562444,8.601725603495409e-05,4.530801295786102e-05,0.0317820537113325,0.0060931255605008
120,0.2314777269397621,0.0087400467754492,0.247889193978848,0.0108453872067432,0.1524143300597384,0.0560775059860201,0.0123173807756559,0.0032805387770522,0.1832249095782402,0.0107995213409959
121,0.2365103286843558,0.0060109256656826,0.142584507693862,0.0126443561230146,0.1626769815138807,0.0450567603004576,0.0126019800816106,0.0026724886956078,0.1345039234681248,0.0125799473797342
122,0.5395128090696883,0.0338965630484754,4.648251159848688e-05,2.7793197033724275e-06,0.1367353519303084,0.0087800955913929,0.0001158165117147,4.731484859014516e-05,0.0003416035061212,0.0001488493725252
123,0.5061087182407183,0.0572562557573357,0.0004474970034207,4.890462124570063e-05,0.1484909311064402,0.0144607276806126,0.0001090433768996,3.1781770231621104e-05,0.0005104759193275,0.0001363826566354
124,0.0019537920156552,0.0014474401950148,0.0240791151357056,0.0069460865215141,0.0253612140346782,0.0078019749635323,0.0017461779549537,0.0013054568906197,0.0106376712510004,0.0038576491945103
125,0.5328558437981098,0.0718850794400896,0.0021746465098772,0.0001847825588908,0.1865110327223826,0.0158210055663676,0.0001094132709533,3.885110345874374e-05,0.0021880192601347,0.0002341368901755
126,0.0669433065046657,0.0090469930582645,0.0736877579451216,0.0066654463522255,0.3694890275211591,0.0249092572159597,0.0015251767445294,0.0001826578830127,0.0700168743518925,0.0065550799225214
127,0.0017888523295742,0.0002775361405201,3.789463592434458,0.0055101060067523,3.772409865959842,0.0035252174577052,0.00463326121447,0.0003762852489292,1.6102461201332514,0.0045833140127687
128,0.3261287391723133,0.0092605122353318,0.1766217222374953,0.0163561148607515,0.1917851944140755,0.1066418141316912,0.0122604779620539,0.004097387037484,0.1691745619246061,0.0162939866962553
129,0.1784036093059921,0.0108431043004658,0.2324322493398437,0.0099125435456724,0.3939735840964445,0.0271709591295906,0.0158071174511554,0.0035402584437498,0.1347781670122474,0.0098553964621219
130,0.0032089627408642,0.0029721965929704,0.0998645476555237,0.0133657758650453,0.0962795252892363,0.0240925017116708,0.0027113536354525,0.0019693945325649,0.034989696477861,0.0104017786585715
131,0.000738461649683,0.0002849058697118,0.2956277110077304,0.00556788804147,0.2929946061140665,0.0040182413568615,0.0015876156000763,0.0003825654669121,0.1341127702784906,0.0037834093937962
132,0.0475949310470415,0.0042305096254113,0.0062690320887754,0.0010851097280735,0.2674637912112401,0.0068023372296072,0.0010131498151494,0.000106527818354,0.0061863316888798,0.0010919791938013
133,0.2179321283491115,0.0105647927336648,0.1299980690357724,0.0215684617925357,0.222315874989213,0.1141375824585249,0.0253454023031698,0.0050124460081099,0.1202943021640325,0.0214967085234441
134,0.1959129076637507,0.0082689512597924,0.1735118173690041,0.0125345751065437,0.1581623556634407,0.0739223531249226,0.0144030813333108,0.0031719070329242,0.1635136182531002,0.0124686566560371
135,0.2678165989024196,0.0078036735804235,0.2490626482783691,0.023234036759577,0.1259677791028897,0.061333612796557,0.0123912035883326,0.0035976384536283,0.1286816805678238,0.0231955401417616
136,0.014865828089481,0.0070417330710724,0.0253637441516657,0.0051234407475868,0.3629557803061258,0.0137228919113539,0.0005780490337224,0.0001197809915538,0.0244372215598836,0.005036300221305
137,0.0043433313880025,0.0029410363048803,0.3055760868674225,0.1058789808683937,0.1233051197990274,0.0334283418153218,0.004384691397788,0.0020067552592186,0.2688481498019652,0.0835685271350002
138,0.1675845126963719,0.0342678680466749,0.0003842762171149,6.54671051927335e-05,0.5365832965885097,0.0117111967040912,2.2976380080715597e-05,7.822743335346449e-06,0.0004544106838477,0.0001068778045554
139,0.3785354225485735,0.0622560913139333,0.0035465372757021,0.0004312778508754,0.2641198041968087,0.0160048334073236,2.6339499868000683e-05,6.438855291043202e-06,0.0034739610865223,0.0004308187178152
140,0.0862704521372761,0.0058146178235685,0.1641021876104351,0.068972439794332,0.1281770819970564,0.0573867166637837,0.0337460619611328,0.0034544437735492,0.1631844960437893,0.0683754998599951
141,0.0816204468560015,0.0134850407523704,0.0201330307643801,0.0044718103473409,0.5233181229468079,0.0350511838176682,7.566764826871428e-05,2.4330436180377257e-05,0.0195779443582336,0.0043673370074715
142,0.4127016087242381,0.1127456826782174,0.0002987308776848,3.450313935512276e-05,0.222134828975102,0.0085743228359131,5.714915991126654e-05,2.011081707974737e-05,0.0003626133117654,0.0001075427534178
143,0.2293862289607273,0.012562826077925,0.2022598553009625,0.0114591972447414,0.3315997657605036,0.024787133149692,0.0277236338919724,0.0042821581021645,0.1589989170061088,0.0113915082387361
144,0.1788322359270177,0.0087406220703914,0.2674388827460994,0.1465230221901683,0.2322989334802933,0.1090065361909157,0.0564800217819599,0.0049275608252682,0.2498152019329863,0.1454346264257479
145,0.4505358609879318,0.034166700134198,0.0003093665752465,3.640382061741407e-05,0.1674165352192838,0.0235334606313513,7.713317332383625e-05,1.8302509627159536e-05,0.0004230454124825,0.0001108998429585
146,0.4815111149404343,0.0463508510996303,9.637543795883052e-05,5.146132917288108e-06,0.1634447223901214,0.0035973778559031,9.330978042017365e-05,1.703691407718965e-05,0.0002147950961214,7.422692144715999e-05
147,0.209664184582309,0.0088864682440369,0.1650619109679611,0.0085419611202981,0.2516168172219504,0.0279981773922145,0.0106933627494985,0.0030195233965188,0.1132680297905949,0.0084848801941721
148,0.1788635674165695,0.0082453154639069,0.3789883728546895,0.0088576280332022,0.2418591334850824,0.0568945587464149,0.0070957007065206,0.0027236002338924,0.3555825717169747,0.008830893281448
149,0.001598820197807,0.0011626720660666,0.0235938788616151,0.0063191655290387,0.0241125828757812,0.0067591993511216,0.0015086561616725,0.0011480719555637,0.0115973878199973,0.0036236705453028
150,0.4570681838788281,0.0653096961527907,0.001967951792086,0.0003069485006508,0.2549340275125413,0.0197780550064602,5.706184377948223e-05,1.203026499934759e-05,0.0019827409157048,0.0003168074500609
151,0.5981422662262991,0.0097574263861728,0.2202704130934158,0.0079118624706818,0.3071931310617989,0.0308109867249933,0.0142437172664621,0.0029576067484097,0.2164521933523699,0.0078850419083951
152,0.0007560700066797,0.0002178960478388,0.0291612426075049,0.0044837209107437,0.0156618658883025,0.0018992834476441,0.0008805438857979,0.0002758390390553,0.0077097015446517,0.0008794513994793
153,0.0459889381759287,0.0044101338483188,0.2112695761417132,0.0267401874771595,0.0877294124537877,0.0346119446598799,0.0137133357088624,0.0025175579211748,0.1748182787886267,0.0265998603216504
154,0.2045100221823309,0.0089683743110839,0.1745136711279079,0.007995166193123,0.3100068414920052,0.0271288252363606,0.0128788869066005,0.0031853837830962,0.1675713683003507,0.0079710912192446
155,0.0274079462764568,0.0040730739562595,0.2630470526589475,0.1739865649348748,0.0952264773665074,0.0403816749181734,0.0192847854440192,0.0025013937808866,0.2592576980075636,0.1668492283868476
156,0.524200266787784,0.0266790311689096,0.0047800099239938,0.0010770066398247,0.2439476918119922,0.0210038902198396,0.0001716960158351,4.436611343791982e-05,0.0047558905843886,0.0010613220248822
157,0.0014736547527934,0.0002778163261128,3.461972503695513,0.0053543388023884,3.4530584294910014,0.0034031539539821,0.0039090757994914,0.0003836650931736,1.4798996742778194,0.004292099255796
158,0.2414115882511726,0.0082343002618972,0.1867628820178273,0.0156695534029892,0.1900650812235631,0.0944856875075485,0.0193237177531786,0.0036384627243463,0.1788498485908962,0.015624930022056
159,0.0919136290199178,0.0106977842499864,0.0106012368189124,0.0021390430345917,0.416367764664098,0.0413845685427199,0.0002063815485711,6.706939017770737e-05,0.010473801678185,0.0021090822495686
160,0.003970360845717,0.0035929237191685,0.0990688610290932,0.019237561653489,0.0856446299992896,0.0246960670184488,0.0028893365805515,0.0021103646414929,0.0776942028365106,0.0165439260945168
161,0.1320332728719669,0.0070543104988118,0.1939332541636563,0.0151517981300976,0.1191457501189092,0.0430740295152198,0.0124648225812298,0.0037679066045949,0.1214424010124929,0.0151109146473205
162,0.4444827871165945,0.0326966560943254,0.000127395220037,9.861155276172734e-06,0.178894251526703,0.0115916059668068,6.457951086799257e-05,2.0296399322418387e-05,0.000233110203319,7.69204186950869e-05
163,0.0236452583867823,0.0044329659603127,0.2671304094046235,0.0809769471424509,0.1253277918315991,0.0583345375209855,0.0146050792813983,0.0025729282973608,0.1794671194615494,0.0801155602509263
164,0.0806470621931302,0.0065417013897813,0.1251455630589102,0.0100288058795894,0.1445997974216525,0.0491107237335338,0.0113034193403244,0.0029209279765243,0.1222378689083686,0.009980547417286
165,0.2256678184684704,0.0093407911883436,0.2151863839919703,0.009230149114426,0.2905169647911169,0.0299028732276498,0.0108992727725517,0.0030899085932002,0.1536136870348393,0.0091858574267595
166,0.513274301499582,0.0393130759039708,7.155292562756363e-05,3.897306878735517e-06,0.1494675676587062,0.0048097309168604,0.000110780364666,2.2958794450083436e-05,0.0002254588748296,9.00624371618173e-05
167,0.3681736506584378,0.0102472054318882,0.2562507653204204,0.0121377052529263,0.5088767983052003,0.0365527438193695,0.0115012754970164,0.0031174053005996,0.207169081562342,0.0120649275655033
168,0.3652783205859933,0.0083473237554542,0.111603313138658,0.0464148160949087,0.1718800354574705,0.0722732706110339,0.0250016948358802,0.0040785982795895,0.1022563391612027,0.0462004993001654
169,0.1566489268694909,0.0084192560750291,0.1616568115150534,0.0137073290480322,0.1906367617054264,0.0710972910645493,0.0145514129371574,0.0037949228010987,0.1556281056194818,0.0136768041549795
170,0.3606137543630279,0.0083859307538418,0.2922076077106516,0.0123208389785558,0.1820632868968752,0.0502360300181553,0.0159264806971365,0.0031788706621858,0.1659084565251509,0.0122527734606582
171,0.193275059888885,0.0216767296240599,0.0015831020348233,0.0003329010939903,0.4635547815941178,0.0101805174462658,0.000229129387855,3.198152984421341e-05,0.0014925152433315,0.0003133038811873
172,0.2254059761573231,0.0099143816314138,0.1463687706079225,0.0204344655433423,0.1548847417056642,0.0683786635615081,0.0235633966422467,0.0043449735674652,0.1413212620729711,0.0203681313679516
173,0.2064615110859792,0.0284982218103569,0.000434064084777,7.525495761722393e-05,0.5298893660624835,0.0138714055980302,1.9283760661356675e-05,4.586470748690993e-06,0.0004846862485693,0.0001315999944543
174,0.1309749087145708,0.0315644674079733,0.0025533437270095,0.000733474776899,0.5011968695727808,0.0266709617982091,0.000229195983982,4.003150948809559e-05,0.0024817877464205,0.0007070290629603
175,0.3742778908258722,0.0071800587981134,0.1789864573875464,0.0203353517461254,0.1308927876524116,0.061878719245681,0.0160925390499814,0.0038773107015789,0.1714558804692008,0.0202911649582254
176,0.0031583011167033,0.0029087504737713,0.1721457285585593,0.0390684555424854,0.062776622003477,0.0304950927916645,0.0029736792864881,0.0018917650954011,0.118501709929874,0.0236228882900165
177,0.5314917293480269,0.0295165380267073,5.36532882801714e-05,4.728475458306131e-06,0.1419126632519843,0.013787325632197,0.0001487191275754,4.454162490888784e-05,0.0003879685775301,0.0001359935338067
178,0.2611778654363155,0.0082352460101142,0.2698265261184093,0.0084904104274569,0.1561683759420698,0.0355911705606057,0.0128696128054607,0.0030213659362899,0.1481876876887813,0.008454212823201
179,0.3929570630923821,0.0129336376144175,0.209550936143657,0.0455590588242,0.1499520385189769,0.0892772650382987,0.0274255817203103,0.0069889732973576,0.2054993646866956,0.0454899861374537
180,0.636507134580515,0.0082719543547432,0.1695520187350762,0.0231499734503868,0.2388925900264153,0.1344576084677472,0.0184406190021246,0.0041324228187049,0.1648345383593847,0.0231132753525463
181,0.0025203418121605,0.0018839978741186,0.0295272845851269,0.0084975915504557,0.0304047058893691,0.0095439724515268,0.002211349425561,0.0016154979450623,0.0121782803022686,0.0044863634591671
182,0.3294380429952483,0.0401335391134542,0.0003775709029676,6.256699898829486e-05,0.5423136101295007,0.0096490265662223,4.015735637881671e-05,1.1521052557716577e-05,0.0004466016181994,0.0001035937407091
183,0.1695483090935406,0.0106772237145193,0.164086733925372,0.009501483107281,0.3255336387266493,0.0319198540269516,0.0139829409906694,0.0035479687592455,0.1440587887965461,0.0094508344152603
184,0.3931664252501544,0.0345837051564704,0.000225241586937,1.1385008090766366e-05,0.2590179804586343,0.0062323523679523,5.085884290010591e-05,1.3439589352517377e-05,0.0002945948742812,6.970890479364096e-05
185,0.4576028708677641,0.007729692230044,0.1178731507193664,0.0121170215097682,0.229250247308586,0.1302837444304947,0.0121099272946189,0.0031933225584243,0.112302338207032,0.0120720630442836
186,0.1664209240095588,0.0092670989430201,0.1435039012440996,0.0131757832477181,0.1737789792559516,0.09469582018157,0.0129398010951932,0.0036519438745135,0.1345821615754152,0.0131238434039779
187,0.5423653727445578,0.031437415521929,0.0003035488796874,4.712834790974419e-05,0.1280812492190145,0.0128082842169985,0.0001414663452778,5.0869441994926645e-05,0.0003690998377357,0.0001728547587678
188,0.0016707775856881,0.0011184089835947,0.025297459063906,0.0051861805914074,0.0202448703298679,0.0058508228666049,0.0014945926194409,0.0011509700957968,0.0105301920140845,0.0031027280472006
189,0.0019628254593788,0.0002802624474959,6.111782972598486,0.0054868560023822,6.079006274100878,0.0035140721629046,0.0050622039582246,0.0003801746071633,2.3662593745231737,0.0045973536809746
190,0.0721133582217784,0.0083157959779864,0.0151027210720971,0.0026007520218617,0.3191511941999797,0.0123141974666708,0.0007004426175224,0.00020670152014,0.0144953021657884,0.0025696197577155
191,0.1821933609529588,0.0167690241807108,0.2637340981229228,0.0119416514265015,0.1946962183830616,0.0328847639797313,0.0260429339511834,0.0051145206343743,0.2608054623936106,0.0118867490349632
192,0.5357050822316622,0.0844663251149206,0.0001606236829546,1.7858954793735022e-05,0.1390945401446996,0.0094418011515361,0.0001071399774723,4.021554896127548e-05,0.0002853307015577,0.0001407646413936
193,0.1502776784809679,0.0084991327751698,0.2078541243001743,0.0099291208045188,0.2014041284495211,0.0679133529684234,0.0123045492034083,0.0033999143441486,0.1719063814781323,0.0098888997143436
194,0.3405526811523148,0.0090164165271656,0.2958392606245431,0.0104985061963448,0.2481384006883742,0.0397423731524467,0.0130145756831989,0.0032209796128622,0.1804005407642717,0.0104523958032043
195,0.0968014274014205,0.0115803952195005,0.0021307444893804,0.0003756725605855,0.3985622825943907,0.0158211828069875,8.550294156573755e-05,1.9984288910563503e-05,0.002026169690974,0.0003584183985257
196,0.1455059989284387,0.0231210329710624,0.0060922941949699,0.0007572502150276,0.5875304881106213,0.0180133595524125,1.2976045033114576e-05,3.4465552678121125e-06,0.0060079614629054,0.0007435461749936
197,0.0012786261014775,0.000857598018165,0.024550913210532,0.0042891346460414,0.0174906081489452,0.0044892590093684,0.001232744952542,0.0009071643629427,0.008757325008889,0.0023239238902084
198,0.2936242148412653,0.0434912296021762,0.0124434614078205,0.0023015367809287,0.5819911099379087,0.019478003497429,2.0552083485323613e-05,4.581418311391228e-06,0.0120936820090684,0.0022346143675197
199,0.2454233763819666,0.008897457504705,0.1996821441655619,0.0157088288674829,0.2618465619844782,0.1430940241674853,0.0187147065110676,0.0042162285511895,0.1828050628200332,0.0156796823079171
200,0.2549547672568583,0.0106077241796525,0.234214575348343,0.0094538808259588,0.2576811792730013,0.0246291798702435,0.0152889136969632,0.0035664465924202,0.2106201832295726,0.0094119711392051
201,0.0294047126756878,0.0033657280416982,0.002986353230025,0.0010929028895813,0.427071017075703,0.0052594150131584,0.0003444229322064,7.851412508681963e-05,0.0029696058052869,0.0010962750290526
202,0.4947940050716361,0.0543583214141287,0.0004632930084913,5.300810543198884e-05,0.1661290821734713,0.0095331650822503,7.793119493826201e-05,1.9282907711106623e-05,0.0004614279064817,0.0001169426361321
203,0.2808393159446249,0.0097455233568658,0.3146302960475847,0.0111179619183797,0.1926061270911293,0.0311776946138723,0.0130022472315951,0.0033976539737323,0.1587884352184286,0.0110720814088985
204,0.2173294849075533,0.0098855550870156,0.2801593150207397,0.0086523063971381,0.1867763873796449,0.0340909720965546,0.0139765577706889,0.0032848945696989,0.2375353748233526,0.0086224738293092
205,0.0035080275894251,0.0031599948958932,0.1207717505600638,0.0154616321350108,0.0903744792615966,0.0249562254521408,0.002738814108133,0.0019785383936868,0.0526317571551656,0.0128079617711936
206,0.2831563352334626,0.0092229010214913,0.2700940293794301,0.0083815065712793,0.2159162965667574,0.029936425941027,0.0097451993768658,0.0029895013647561,0.249126689111622,0.0083492109050156
207,0.4330609891576844,0.0236373840747594,0.0001290605572146,7.920867095587897e-06,0.1860927677838493,0.0077984073790286,5.093038169769574e-05,1.1822688988127532e-05,0.0002928406806395,8.116294307829497e-05
208,0.0030716963471101,0.0027977892808573,0.0880285639479466,0.0197652402657904,0.0493466268447891,0.0176735033782143,0.0028660107356692,0.002081070946221,0.0540295612240013,0.0111568880063984
209,0.4734498619173142,0.0612550813917929,0.0002848106463666,3.104106978499156e-05,0.1621517748160174,0.0124055305978045,8.823376085153903e-05,2.2789778286843608e-05,0.0004239810396699,0.0001078032631775
210,0.2050918031133144,0.008857979413829,0.3782357916483616,0.0094012584359005,0.1774876553864027,0.0776664983582825,0.0125851017262757,0.0034473972507358,0.3502177588253712,0.0093830714923348
211,0.2567421197431958,0.0081120450581185,0.2013808361428953,0.0102256840579397,0.2825956473275639,0.0400264448700564,0.0139460675682334,0.0031266777813049,0.1894473718251468,0.0101745044669258
212,0.4455469054746114,0.0797325856007152,0.0002672078224761,2.875535856733849e-05,0.1673048150491939,0.0067153178786633,7.340167458131795e-05,1.9608270672893488e-05,0.0003459099022222,9.78660786963208e-05
213,0.1834681503924597,0.0111272266546573,0.0259944378079997,0.0016515714740353,0.3500551426402613,0.0142552918051829,0.0056674789355625,0.0003165717609607,0.0255254204342653,0.0016536276489151
214,0.0011860181613878,0.0002971184388735,1.620439962705691,0.005298694776364,1.615880958299901,0.0034982494021979,0.0032345846135428,0.0004077477049581,0.7637391116967326,0.0043996421768178
215,0.1448123980075583,0.0070134219177314,0.2267350894899555,0.0108221796337689,0.1706386889065925,0.0893983227519965,0.0098090286985433,0.0031567172876031,0.1164516239268117,0.0107914963889357
216,0.2427577798961513,0.0087512319420804,0.275704270114428,0.0112691719630769,0.1859303213866145,0.0508966036185806,0.0131313133300159,0.003358126073229,0.2333829541666133,0.0112123352553774
217,0.4274259857578013,0.0078072676199708,0.2474427995532294,0.023874644488825,0.1632010892516128,0.0781915789607348,0.0247651918775085,0.0043576833991972,0.2359317419668684,0.0238591322723729
218,0.0024169466821488,0.0020262424806775,0.0402537347904515,0.0119599272972997,0.0353476345963175,0.0134141855578914,0.0021832263512244,0.0014896399281247,0.0168106521713382,0.0062918905102674
219,0.4625171721674481,0.042422609330822,0.0002395729896288,3.4991319169041495e-05,0.2297134822175327,0.0095237714601851,5.704219734932816e-05,1.97514129551972e-05,0.0003043412639368,0.0001093888916629
220,0.5514316734915046,0.009033532451719,0.2342909771455242,0.0092647967308448,0.2619526684316898,0.0329059331491255,0.0114658884459598,0.0029374964670951,0.1526483744121341,0.0092222165595334
221,0.5015703666454207,0.0268887382892806,8.182382396365104e-05,4.626947339812666e-06,0.1588001486728429,0.0085689534232958,0.000108950337376,2.66099038652592e-05,0.0002345454857842,9.483262772778436e-05
222,0.0018815420937271,0.0014874812986452,0.0262250986311019,0.0072546557259988,0.0285360406072957,0.0069018086964212,0.0017374977892147,0.0013029076090985,0.0121589465450621,0.0038882370816557
223,0.419113577578837,0.0755636261640826,0.0005570761796859,8.309929161350732e-05,0.2135981707881437,0.0088929059499501,5.22444105467072e-05,1.4113462877704738e-05,0.0005731449897121,0.0001195672917941
224,0.4494403223740567,0.0335008428652248,0.0003889204669617,4.635233225892956e-05,0.1683803578538764,0.011900556346376,7.444410699782566e-05,1.873165937602452e-05,0.0004136580736081,0.0001166230591249
225,0.4019445286028898,0.0066947941175909,0.18788491015077,0.013567957965915,0.1330332772520247,0.0576696113740588,0.0112934876552037,0.0034210825945655,0.1755678530412746,0.0135621474235503
226,0.0127520606361925,0.003179280125556,0.2027775064751981,0.0547321080814936,0.072159360553462,0.0311951895256881,0.0095313981594674,0.0020755373957733,0.1647799710541181,0.0532187039336491
227,0.274564913402788,0.0104687387005449,0.2238221503283624,0.0083744062438974,0.3012080176812447,0.027715100354065,0.0120198041520696,0.0031181720254857,0.2150607044044787,0.0083449802632852
228,0.3783004963220626,0.0067990005517584,0.1565529784891501,0.0214612814859175,0.1501372493157332,0.0595077617814122,0.0110904603008646,0.0042796589245736,0.1188681079162412,0.0213919292068574
229,0.2365099843166168,0.007906021590604,0.1804603871801556,0.0166294128041882,0.1334798036091088,0.0598494470624139,0.0147391090040204,0.0040209230643648,0.164617200891533,0.0165914929393261
230,0.2197939262229144,0.0091426525188024,0.2226440424222358,0.0087680702398471,0.2083192580374664,0.0332105417894426,0.0141824426825211,0.0034339094104008,0.1574005664083493,0.0087414312751893
231,0.3717862573984091,0.0091868283512371,0.123476988117483,0.0173792707298432,0.2410445377261742,0.1393795521464302,0.0139600788498049,0.0039906705561333,0.0902377064897754,0.0173086255088254
232,0.5194189322689842,0.0552132822553584,0.0005908610138436,7.428062790144904e-05,0.1414980594204214,0.0086450746726507,0.0001064225480724,3.598987029316487e-05,0.0005677416728859,0.0001489058447018
233,0.2122072191563232,0.0077949080399685,0.2270915288883037,0.011958870109414,0.1800449456792729,0.0945000402735608,0.0112543270681609,0.0031072587723821,0.1616420494200564,0.0119151359938913
234,0.1430731114495256,0.0067969963812521,0.4219664786667107,0.0417250748178749,0.1910033558203724,0.0724362595553565,0.0263723482098001,0.0049964282055041,0.3116222126179341,0.0416103264337005
235,0.0198630458310327,0.0034201144795178,0.0042191568996931,0.0011977999471541,0.3450334923101404,0.0067340476047235,0.0004163754321842,7.565859159049561e-05,0.0043570591602095,0.0012133997575909
236,0.2798099845723144,0.0087485276530582,0.2446345526536453,0.0110920229127675,0.2247507321518828,0.039226802122358,0.0156174723277042,0.003437090039944,0.1397069570642314,0.011044915565723
237,0.4340903368154302,0.0791328456225701,0.0001731864878931,2.603602625241019e-05,0.1829906470090304,0.0091397138883253,8.245452613017044e-05,2.7573780763042372e-05,0.0002908993305134,0.0001192719568862
238,0.0023620812020152,0.0019242421887422,0.056015276467354,0.0106193734813175,0.036024731528466,0.0125403148370065,0.0023054028319899,0.0016253881357736,0.0193864965900929,0.0058593259453614
239,0.2255727668135868,0.0086956440757765,0.2185818054809383,0.014464113539888,0.1852127932278087,0.0949640127810907,0.017078982270881,0.0037107915430445,0.1388605816667285,0.0144067574655862
240,0.2229019182460631,0.0234608875850383,0.0020320975474993,0.0005005609615245,0.4228582596649987,0.0122206272609466,0.0001024740486539,2.408437686146614e-05,0.0020129545125633,0.0004867830540612
241,0.0089357982993064,0.0020755372281181,0.3390080701042344,0.1113833525666266,0.1984182499454463,0.0741544867233023,0.0125228276150259,0.0019345564599516,0.3121616895777236,0.1086749109770781
242,0.0832458019209488,0.0109430211896829,0.0025697523086319,0.0010047992945297,0.4346756602416496,0.0127120720659209,0.0006222403383412,0.0001651838528405,0.0026527910164417,0.001049261889687
243,0.5050978187084127,0.0416779191312918,6.94026694290554e-05,4.043251533098104e-06,0.1472027046280965,0.0041734957068015,0.0001069226311182,2.191901654462385e-05,0.0002135918127681,8.800993122720053e-05
244,0.409334890247049,0.009666993989785,0.1870719486341715,0.010856050573885,0.2222127930035125,0.0432756844506224,0.0163054078529516,0.0039149843043562,0.1378604876064115,0.0108230244523147
245,0.2106373567905554,0.009087683297723,0.2412032425125411,0.0092424669469677,0.2377426718598079,0.032802407215188,0.0121116393558818,0.0030721447930413,0.158531178929128,0.0091970933895936
246,0.3175373316637208,0.0104949860748364,0.228879507123254,0.0119220338114938,0.2791801387514716,0.0467289020570232,0.0143421953500995,0.0037444442837136,0.1977127238755048,0.0118667049270311
247,0.5438299841531075,0.0329645969931541,4.9933077961425135e-05,2.8638167585872293e-06,0.1394783844105197,0.010786444821794,0.0001167014945152,4.512311931836841e-05,0.0003753829125678,0.0001486336321916
248,0.4289078560471634,0.0103017526652629,0.2263744663309341,0.0658756147926578,0.1735594965379107,0.0813923612632725,0.0338104034271916,0.0061928249869424,0.2190955615984341,0.0656314614884213
249,0.1978331965305244,0.0067825753536948,0.3417165808575116,0.0119038112696754,0.1709562044509084,0.0807427185160157,0.0095208652223256,0.0033988351024964,0.3059233301838102,0.0118797801308541
250,0.3641251647647231,0.0110462132543123,0.204538256328892,0.0112172280756069,0.1973626126456317,0.0358308766328711,0.0154494412144536,0.0037083139800403,0.1976292422345703,0.0111731664802116
251,0.2279826696684253,0.0062153607631874,0.1859557412514789,0.0334694763464986,0.1368027056161463,0.0634846096596301,0.0141994551295942,0.0037393967045746,0.172564170565222,0.0333739673780897
252,0.0014577759416245,0.0009749290100922,0.0248136328269653,0.005807312953731,0.0196686068592434,0.0062468786140664,0.0013605522002344,0.0010325043385612,0.0100854360768228,0.0033093349420748
253,0.4180579424046447,0.0855866164687004,0.0001449283584018,1.2505270874412672e-05,0.2129461753217764,0.0081263627085463,8.150567205286404e-05,2.2211789431447385e-05,0.0003506432648452,9.875499003355362e-05
254,0.2555717394359661,0.008447936625573,0.1941035786931836,0.008166977990434,0.1641479727826258,0.0361255830272041,0.0106663075282829,0.0027821588415588,0.1651545907663421,0.0081330449466089
255,0.247475031445248,0.0545547866093657,0.0021649283468191,0.0001988313435085,0.5382002000966195,0.0126748295269447,1.807739323614061e-05,4.375273619073187e-06,0.0021599520881361,0.0002118755346971
256,0.4169563768207271,0.0118674534639683,0.1898008116808635,0.0112391322135639,0.2490661423516191,0.0485885763146183,0.0219834126376175,0.0040596693954307,0.1791185804752903,0.0111886959187191
257,0.0032801517529895,0.0029298362502951,0.1027774018799879,0.0133955137733042,0.0689970870326917,0.0189679059119085,0.0025904618468873,0.0018881985522966,0.0639060854344529,0.0094483456941368
258,0.1906666334100457,0.0065812524712058,0.2561522616439609,0.0070224138782283,0.1815722682783903,0.0391124432908699,0.0095364614200452,0.0026296345485698,0.2438302707895681,0.0070036684581199
259,0.1981108822356429,0.0091957756770006,0.2091609790319281,0.0094916356122031,0.213816634489762,0.0349732072912113,0.0114193858750606,0.0032269814589056,0.1733506443988827,0.0094544532784084
260,0.4934148387751154,0.1015900071700447,0.0002327688520375,2.6007105118481143e-05,0.148469135994445,0.0075230109298807,9.8517310837724e-05,2.6166933936329985e-05,0.0003360849111634,0.0001078242742475
261,0.1662497031674434,0.0346994452287302,0.000285655257421,7.453442692512855e-05,0.5043185823885001,0.0108921149131033,2.3654876476500716e-05,9.420264711862649e-06,0.0004821383141433,9.943562242983268e-05
262,0.0008703658008674,0.0002878456171411,0.803301187593132,0.0053363069010153,0.7994210177498323,0.0035799830570361,0.0024926097247481,0.0003926799354754,0.4113874865570416,0.0044111617641349
263,0.5332834856334592,0.0460008180468868,0.0004350666864077,4.271844598833168e-05,0.1289775188393214,0.0112457766694725,9.795884571216592e-05,4.207423052525324e-05,0.0005041062950792,0.0001632915728076
264,0.0104074708411964,0.0024781338187236,0.3171711405518294,0.2101336895019595,0.1256253550787101,0.0668231279048552,0.0118454773080027,0.0019369711421713,0.3071333296669601,0.1907035308161195
265,0.0027843920713891,0.0023190819050128,0.3427077588966416,0.1669016098148761,0.1531300939748197,0.049194784575853,0.003667862329883,0.001723624163998,0.2556895306019904,0.0849095586456017
266,0.1514706353671042,0.008254478231521,0.2139594533358723,0.0104298910831382,0.1973812232533997,0.1059311104473301,0.01134945800242,0.0034881855822085,0.2012930298422205,0.0103915302521446
267,0.1988244187994944,0.0105586930309264,0.2507248363756475,0.0086326517076338,0.2231927990054863,0.0332806082031335,0.0148354627938641,0.0035259881118142,0.2212669355265274,0.0086076982534173
268,0.0237896821367229,0.0038326055613213,0.4186925681227088,0.2840807408772321,0.1125919652447848,0.0452091853418371,0.0185937350342109,0.0022982775600811,0.4087494531415351,0.2579862708685754
269,0.0022239131667514,0.000652008056159,0.1948180928072932,0.1141317144695628,0.0871916184894939,0.0229379458006609,0.0052086355000488,0.0007585324921116,0.091211507953801,0.0269616816194927
270,0.4972137872374148,0.0419323688380822,8.483455159062098e-05,4.64018461252456e-06,0.1598082223482431,0.0044464124340733,0.0001021429277815,1.8788951576112327e-05,0.0002253320538462,8.720796655167097e-05
271,0.1694173946897917,0.0104272739579249,0.1668584538458023,0.0079588953193716,0.1599214269591822,0.0314578385358395,0.0127932980784748,0.0034096352137978,0.1330426787317093,0.0079299884061529
272,0.2015825962387508,0.0084333030229623,0.1723571202536105,0.0102790398913102,0.1225679457918256,0.0576792705480219,0.0113745186409085,0.0034249142743208,0.1593921471745302,0.0102449830297588
273,0.0015711686571289,0.0002797158375505,4.426306424064321,0.0053634952296272,4.417226193151385,0.0033889665062414,0.0041387217602949,0.0003841060353132,1.8063089612316796,0.0042858690731631
274,0.4485823256993233,0.0274667064695906,0.0001258800791481,9.05598055900833e-06,0.1774482802689835,0.0123116051736928,6.700175108564769e-05,1.985571032367349e-05,0.0002453913485834,8.519881890820976e-05
275,0.2012077393553609,0.0104273002252128,0.1836349731684757,0.0103173029718965,0.2042059329127213,0.0285998687117707,0.0136371167259312,0.0034650712771234,0.1770121439006829,0.010267317038077
276,0.1506869300531302,0.0090831656976596,0.2637228999159641,0.0068410720878624,0.2206198616927097,0.0314550053947475,0.0116454658978626,0.0029067578469902,0.2076854230063619,0.0068218037663788
277,0.5199102071643094,0.020164442553696,0.0001052464923503,2.1532146218108303e-05,0.1462075532014529,0.0173828152886038,0.0001010590494212,2.259908372358436e-05,0.000308585052252,0.0001263211114643
278,0.2759495031537759,0.0091972767585659,0.1964076233052138,0.0109254094535555,0.2180746123025091,0.054130209346911,0.0138172287408119,0.003626300601463,0.190447581040372,0.0108856083033147
279,0.2760684399393545,0.0073880238120806,0.2222531015609334,0.014331779143878,0.1705598617474491,0.0757080628566511,0.0115845731634041,0.0037434258267428,0.1543459094439856,0.0143057643735217
280,0.3410660948146022,0.0060801028225597,0.19053413796878,0.0092704596916524,0.2077625562095421,0.0961306209803056,0.009585336272961,0.0024921904969471,0.1774820004394608,0.0092312869782588
281,0.5189520558155025,0.0716912723253628,0.000352454007095,3.4414970177700275e-05,0.1447073413379556,0.0086790327080874,0.0001123637013992,3.30132610038879e-05,0.0003949108631613,0.0001292895481775
282,0.0018637534681837,0.0002755794930234,5.5960795691299,0.0054726492713055,5.571522170616141,0.0034648853571348,0.0048295049164185,0.000374600724646,2.2187507133649307,0.0045468338887354
283,0.0029745675142228,0.0025436217832011,0.5098332182643281,0.128011953990547,0.1706902767756212,0.031819914424718,0.0026756761666828,0.0019508174343004,0.3124769257384133,0.0449358750378598
284,0.3751046708504821,0.0096937842129489,0.1473329659315492,0.0147897176922373,0.1927437446010459,0.0737334576911007,0.0173869765345578,0.0038321463744807,0.1338912757183196,0.0147103318767728
285,0.383759266134493,0.02426973494036,0.0004385410996923,6.851550502961858e-05,0.2633186853354213,0.0152522037626619,3.497949117422358e-05,7.695564789684745e-06,0.0005109631614871,0.0001191484407007
286,0.4223923153113268,0.0310610134434017,0.0001448537664777,1.1787477898375569e-05,0.2108036420504421,0.0096803673145843,4.9456135694768e-05,1.587950594494456e-05,0.0002453403307081,7.989179915431145e-05
287,0.2412410157256674,0.0071888679093995,0.1889097260475886,0.0157443784945247,0.1324331119884343,0.0478835877908653,0.0142180340702619,0.0041003199192334,0.1726693027111651,0.0157030864730692
288,0.1712282781957709,0.0092816869243689,0.2180471405523914,0.0117063494437482,0.20426385594974,0.0964687177473453,0.0150335906435958,0.0036328047487407,0.1643473394577894,0.0116653581941137
289,0.2352984512237026,0.0072901629639579,0.2776012096050486,0.01536100827917,0.1497254961150017,0.0707523113821139,0.0115638675639063,0.003918967362602,0.2121209962468484,0.0153305437687604
290,0.0013788029709027,0.0004615407883213,0.1541636811289695,0.0625075502217574,0.0565909470680815,0.0121162705571433,0.0031697697036542,0.0005615509297742,0.0785707893931791,0.0166691398563354
291,0.0022351365996811,0.0016079832967619,0.0274204696943186,0.0077224810321381,0.0282447051560337,0.0087880967146433,0.0020132985191648,0.001471691467742,0.0133921108410912,0.004387049969755
292,0.2142333744230463,0.0109642109523457,0.1471609945910656,0.0084861541824282,0.3359748482788828,0.0268053632329459,0.0141884374116603,0.0032723772033671,0.123915759187368,0.0084492181982494
293,0.464802333550356,0.0976688479528075,0.0002012707895471,2.002010086184583e-05,0.1617272502519697,0.0072632721319353,8.148498082782308e-05,2.142952192009674e-05,0.0003573735685606,0.000100553476716
294,0.4229917101961855,0.0431454867954889,0.0002259864354823,4.592372893639945e-05,0.4599678732626983,0.0086076267280451,6.718254779621375e-05,1.937539332861916e-05,0.0002770890179806,8.957404941604269e-05
295,0.0065656340993803,0.0022253651837233,0.4883969232706945,0.2991659116976791,0.283831705303589,0.1001059008918936,0.0092190801068818,0.0018165052954124,0.4435973502583505,0.2044098250100412
296,0.2401839779995803,0.0637275334228781,0.0003527654930515,5.08627212503098e-05,0.5592564800603668,0.0084721366874246,3.3799128450810656e-05,1.2616629317619188e-05,0.0003278094017248,8.300645571415529e-05
297,0.3001975882706898,0.0099993752482568,0.1597218781745722,0.0090613647520927,0.2601226308823846,0.0391013675593649,0.0123789073968316,0.0034079097271968,0.1567572526095075,0.0090309969787927
298,0.4569693778318706,0.0377753087042245,0.0001098164032986,1.619488451095025e-05,0.1680518548613314,0.0156767966911106,7.57373515543383e-05,1.9571764352103044e-05,0.0002519772334737,9.56274302495144e-05
299,0.4694163241004953,0.0812920766690644,9.214237313897012e-05,7.487306343946409e-06,0.1614623896663528,0.0061820136219452,8.339342917204982e-05,2.941660405705916e-05,0.0003213475855162,8.813790766270201e-05
300,0.2135157236250993,0.0101166720634078,0.2244210373058118,0.0092745877296611,0.24664689166874,0.0365345913528384,0.0151668385662259,0.0034786672537029,0.1578911227788581,0.0092374606294751
301,0.1213727476682859,0.0077717877733861,0.22504260789658,0.0097824148355439,0.1955987672944319,0.0980778820360585,0.011256413878641,0.0032275749959935,0.1459319549333583,0.009765215350289
302,0.1576652209762574,0.0110310959405984,0.163511249457152,0.0252921705011135,0.2206490818224101,0.0500875000485248,0.0199191894550714,0.0051571505676587,0.1334193392671071,0.0252374364024885
303,0.3986480885444662,0.0411041609486797,0.000177825016037,1.6153725753846634e-05,0.240826798316254,0.0073585631056384,4.2888995841322856e-05,1.121174289933638e-05,0.0003062282469361,7.756938091008574e-05
304,0.1855194663044164,0.0150890775519999,0.0008732568351431,0.0001961756031744,0.3280472422453191,0.0138031964878225,6.22719263163395e-05,1.977568156940212e-05,0.0008099057329049,0.0002135481343907
305,0.0201244946924075,0.0019281532025231,0.0019963221820425,0.0004550379490573,0.2476607240042374,0.0097175968537246,0.0004012694289951,4.296061623787371e-05,0.0019338654463124,0.0004338861979745
306,0.0007772072353185,0.0002230630044745,0.0273447401473882,0.0052023234439317,0.024670869225697,0.002437159534575,0.0008995013367771,0.0002805727272281,0.0091281869541167,0.0013092483232381
307,0.2155241877311255,0.0071251788863271,0.1299585418701432,0.0187062695511588,0.1023905318679488,0.0480063532937987,0.0116487187178901,0.0036166851667204,0.1228482349662833,0.0186659983442134
308,0.0055840192959979,0.0029463158675254,0.1633431278387063,0.0614029655694048,0.0904111952418517,0.0413381645397411,0.0054915156537943,0.0020539432475658,0.153375723871514,0.0569614659253438
309,0.4750028377458141,0.0268847944406404,0.0002170931514703,4.354086666385856e-05,0.1653173515217209,0.0191577393845791,8.679995714986975e-05,2.268028840746329e-05,0.000338464215916,0.0001104265200911
310,0.4969863268346458,0.0376981845468024,0.0002295123912017,4.158536822917942e-05,0.1493614594088874,0.0162720286587319,8.612784806969228e-05,1.8626981354402408e-05,0.0003602212333685,0.0001367056133384
311,0.1983392645045531,0.0084071511202691,0.3657644062383206,0.0087565730486869,0.1612533189258792,0.0733869504301038,0.01201730264937,0.0031050285051363,0.3303990624961819,0.008742657110498
312,0.0032023747127528,0.0029465282890911,0.101015976208687,0.0160089433766318,0.0710456261593239,0.0177535436588211,0.0029695048185014,0.0020836395161654,0.0694600530237392,0.0118667199193999
313,0.1496048167053835,0.0185127342808358,0.0020753931083795,0.0004505123558676,0.2977628045562534,0.02417763876928,0.0004462006512017,7.967637230568913e-05,0.0019877270572062,0.0004552656300575
314,0.0148177982581663,0.0037483805301414,0.4990132100284546,0.104031936026632,0.3246621387672428,0.0902307881464252,0.0138307368658401,0.0030360940487544,0.463833785213081,0.1025721453284382
315,0.3117032154471755,0.0133237488266595,0.2888910824149457,0.0200710850026431,0.2415338446804155,0.1129058206269525,0.0249113809060322,0.0060611928336696,0.2823074214037856,0.0200071080563846
316,0.2621115544783438,0.0379575372193332,0.0003692961640992,6.591983796606456e-05,0.2875787678799157,0.0115625365479571,6.113206081405073e-05,1.6536098825433455e-05,0.0003526321754724,9.63060419114659e-05
317,0.2166731725004045,0.0080538846640327,0.1502326668768843,0.0102940659821896,0.2338880270785162,0.0666877761255112,0.0148229519563045,0.0030829121491841,0.1432239639041759,0.0102494776982231
318,0.1486658479470963,0.0346819632300028,0.0005879261988539,0.0001261616369689,0.5078683486359932,0.0129147617282456,3.0719175520420824e-05,4.781273131832562e-06,0.0004889735906171,0.0001366401151688
319,0.0014906273825368,0.0002887367048047,3.891696647404963,0.0053352301498815,3.8809036362214098,0.0034215088918416,0.0039462121865855,0.0003969049828313,1.6342667189146376,0.0043790806006676
320,0.1262134500682794,0.0166957954416328,0.0011083604642988,0.0002163132534597,0.5066685233467956,0.0139293092432081,3.4518413212778004e-05,7.778162460478647e-06,0.0010263895840936,0.0002266272931103
321,0.1457507507951956,0.0156865054827896,0.0009355224346987,0.0003107722279488,0.4422002449005323,0.0169398110460897,0.0001388428677025,4.8640431177680645e-05,0.0008749876681244,0.0003466517943456
322,0.1483607186724215,0.0065774939356553,0.1730562317739251,0.0786762129480115,0.1327493583801241,0.047142648489379,0.0402164792420722,0.0037424541247978,0.1699500682344894,0.0780242922222139
323,0.683928009710696,0.0107233341463001,0.2521489596698338,0.0428080682798409,0.208925916976254,0.1132694827593977,0.0260800357089844,0.0063132048479764,0.2025903572280277,0.0427593388793922
324,0.5806093860167915,0.0084941039650944,0.1023645913964739,0.0262554256225727,0.1642887647405604,0.0746897073048418,0.0144059191168635,0.0041448758802621,0.0987552786444616,0.0262201237866702
325,0.5036941825301786,0.0526244322844066,0.0001245941816735,1.3887412405035985e-05,0.1461210818876474,0.0078760320664645,0.0001081813404299,3.3656304383728445e-05,0.0002676902623117,0.0001172826448986
326,0.4340445282258223,0.0481390385089383,0.0001465321807206,7.469897500598913e-06,0.2027979479881283,0.0050225693396012,5.270237951751286e-05,2.093055935590093e-05,0.0002795258812725,8.170992765185185e-05
327,0.0255972153091586,0.003560335382165,0.2623021793748261,0.1432409991915835,0.1270471020019521,0.0648879651826656,0.0205997008855943,0.002471325217242,0.2336293465573463,0.1407197696455291
328,0.5413188383684403,0.1051026611905988,8.506981387859043e-05,9.867396687928315e-06,0.1327273323386936,0.0081451395251929,0.0001040019670943,4.54517282513484e-05,0.0003988698420108,0.0001396248696382
329,0.0012035582055424,0.0007403011174846,0.039757075191018,0.0074617723240158,0.0177056766437615,0.0041764477852856,0.0012644951367542,0.0008103531096993,0.0123963031429406,0.0025275788285412
330,0.0007454567720461,0.0002698413060048,0.0717188942452188,0.0057737426294749,0.0691113783164516,0.0038637954844097,0.0011025523808564,0.0003515060489462,0.0206888912386416,0.0020712580249187
331,0.3254536581850603,0.0114033472175154,0.1941468923860592,0.0119640722019971,0.2206260186196301,0.038742497143013,0.0170992355315991,0.0044182709779889,0.1880187220324155,0.0119076401349897
332,0.0719722187174393,0.00507753293699,0.3845035370781147,0.0693921451727612,0.1852969500700511,0.0666452514009564,0.0362524447289769,0.0036857001927845,0.333952952943545,0.0688089100996521
333,0.2141641765343294,0.009066650503724,0.1483181836325998,0.0179728526622522,0.2786630771679989,0.1519611872713096,0.0214051192013111,0.0044417854141143,0.1453770995843187,0.0178894511047636
334,0.1942992466704351,0.0088316164184612,0.206621136579772,0.0132645049474979,0.215087843106938,0.0811510147063621,0.019059817642766,0.0044738781980707,0.1980022220567658,0.0132345542219169
335,0.1151228785348111,0.0122391762778419,0.0026581416270275,0.0005583494271196,0.4336765102885477,0.0084123807641831,6.62709769121514e-05,1.9558999432378435e-05,0.0026922568423224,0.0005701815510949
336,0.224638383702247,0.0226795000537928,0.0032575798050248,0.0005626885611855,0.521390513076331,0.0107431467623225,0.0001667372957198,2.944458258896711e-05,0.003164799202853,0.0005465422571755
337,0.0869165029378986,0.0060725173655449,0.1902640139857857,0.0864549854572339,0.15259405244861,0.0689303065272073,0.0367519164054197,0.0039606737179814,0.1655018485635603,0.0856592624340167
338,0.207629666663896,0.0095423947990369,0.1753469825966469,0.0104587292004782,0.258086352406078,0.0481245552055889,0.0115617530264631,0.0033585301102924,0.1647451592829965,0.0104136127667396
339,0.4854429940420262,0.007853404576012,0.1510283561009001,0.0228754404451095,0.1453052854897873,0.0712676345377813,0.0179421228613229,0.0040235432108528,0.0988353657397197,0.0228358650144942
340,0.2774167592483936,0.0086442719852637,0.1860188885514605,0.0085619065936221,0.2222425270023216,0.033554547349228,0.0080014527591002,0.0028667307395656,0.1467006485903717,0.0085371596023357
341,0.2177380847662635,0.0061364424666057,0.2860458836140785,0.04790804402874,0.1422008293833189,0.0651524941129528,0.0245319724468787,0.0043411626839366,0.1943502312497759,0.047660147359367
342,0.4726658873252712,0.0395404203112318,9.229726277478128e-05,1.2760745406795406e-05,0.1629605348176536,0.0126280905083384,8.539009656089064e-05,2.322194974599906e-05,0.0002106616355496,9.204286738091964e-05
343,0.2289694741955536,0.0091211624281406,0.2175661296351807,0.0101552035427411,0.2570055028419127,0.0379031425983533,0.0119921586513787,0.003464595110564,0.1493699990523466,0.0101106965435444
344,0.1983919862688967,0.0079297043399655,0.2486211260645618,0.0075455929594214,0.2436677310320951,0.0313315541591159,0.0127949227273442,0.0026620880833484,0.1514627631890449,0.0075227308973755
345,0.2505782580885231,0.0100207507223306,0.2351083692669125,0.0086464234306136,0.3016513464649118,0.0275692879560622,0.0118542624245833,0.0029874717902759,0.2217321537521926,0.0086071447683968
346,0.2604595892125225,0.0133415989689241,0.1637041923140939,0.0121647854990492,0.2272338161881223,0.03142359237647,0.0205113485761347,0.0043043364944813,0.1539347426283868,0.0121152869966172
347,0.079086344252161,0.0060433352422445,0.2361166997677498,0.0619211172057306,0.143467068301743,0.0716483847973979,0.0259719032501388,0.0044688725703153,0.211059827836396,0.0615686889774725
348,0.1961690240272283,0.0092280875488298,0.2314521919703502,0.010734830200098,0.1995571504781059,0.0466165239235247,0.0120377600478872,0.003189953643218,0.1739707837124648,0.0106892848166548
349,0.1420113567482288,0.0069648066015057,0.1226650500453165,0.0349688462166512,0.1142062774464832,0.0571981133375571,0.0159737038479733,0.0042323802512245,0.0929977486297523,0.0348437872648754
350,0.1804597539778593,0.0139720380598693,0.0017810856679326,0.000335657534787,0.3814620498760723,0.020541630742461,0.0001007090463038,2.1310925559839465e-05,0.0016839478755364,0.0003166004673106
351,0.1669354618476674,0.0084237739252496,0.2319172938918053,0.0118002820522266,0.2009936729689649,0.1070108052063577,0.0145461561004468,0.0042508438646003,0.1228036209692648,0.0117768331811035
352,0.0028384767029116,0.0026024553669424,0.1172050261506611,0.018647920291322,0.0539944881004907,0.0185120315726838,0.0028007413272577,0.0019379920335633,0.0629823181278892,0.0130668319647493
353,0.0031897577016679,0.0029486495627399,0.1706979660509331,0.03344302078434,0.0634418618199875,0.0228045573053871,0.0030324547238956,0.0019737361597574,0.1167834131451692,0.0208105160432105
354,0.3864186668045394,0.0592522247386756,0.0002383642106815,1.1325265954523042e-05,0.2694380444430052,0.0038481208414477,3.014704520880105e-05,1.3029156802698067e-05,0.0003104070043296,7.714728575713793e-05
355,0.2923860435107829,0.0084521463388503,0.1979670200911492,0.0096206826267453,0.1968247368837397,0.0449395130831204,0.0127936883397749,0.0033196005143921,0.1647746123192249,0.0095873241874999
356,0.4265625810321918,0.0565900956529091,0.0002551831956463,2.499077432095764e-05,0.1886248282078848,0.0080215165893744,0.0001066749028454,2.745298783014894e-05,0.0003255596211401,0.0001102522645869
357,0.0007364092036451,0.0002972626929376,0.2022334598105446,0.0057581094209433,0.1993657423709716,0.0043849182430642,0.0013253773498969,0.0003959899421375,0.0701583739664075,0.0031031976734545
358,0.014568070144767,0.0035121846479317,0.1476278020220729,0.037063394189386,0.1006316444315541,0.0490245023139396,0.0116507056375553,0.0023545525808942,0.1436400237275473,0.036822740038424
359,0.3482790262939776,0.0240721509848338,0.0019648898499868,0.0004105926130093,0.3428125586790312,0.0255538466071818,0.0001628416998417,2.9503999321446887e-05,0.0018935890030824,0.0004061900090368
360,0.2535988055406855,0.0108125484350864,0.2080687021897559,0.0094498829127414,0.4043580362442702,0.0227548836949934,0.013373284808264,0.003176815803413,0.2013465333025517,0.0093852205756917
361,0.121718566060446,0.0118820174475517,0.0248624591567286,0.0018228477126499,0.3170537115654606,0.0154539950563203,0.0053067560410411,0.0003376502472019,0.0243170631291392,0.0018421645829482
362,0.0320515520251314,0.0031664812058374,0.284994849645192,0.0550380967368956,0.1174329764251179,0.0461946606013675,0.0222142099098057,0.0024571325089572,0.1720404976321815,0.0542952301782306
363,0.1813056533492851,0.0096702315752046,0.2845695791351934,0.0083285219594163,0.205051192591611,0.0354292067362911,0.0243035799236532,0.0034738332975901,0.176179675597046,0.0082931090704613
364,0.1353328088477735,0.0095254429837094,0.2535820743685067,0.0079687749489314,0.2337020863224752,0.0286806626370874,0.0122586576453325,0.0028738752442496,0.1790171503431983,0.0079359849349928
365,0.1819504935204054,0.008350260029753,0.3071037520497223,0.0115603728945462,0.1779835739938404,0.0868594925049759,0.0132962274330541,0.0038417551570733,0.2662077029596246,0.0115315219369017
366,0.5161810068486555,0.0246762737691919,5.940363417348315e-05,4.332963565231728e-06,0.1421260143998676,0.0078737657200856,0.0001067991327163,2.587168251402213e-05,0.0002263936714275,0.0001062621209861
367,0.0008845172416758,0.0002934618017625,0.7859318115365735,0.0053418422238673,0.7819524465493247,0.0036126288184571,0.0025241017609773,0.000401529598588,0.407004421492119,0.0043658653021081
368,0.4535348107511042,0.0454340916032304,0.0001138982418538,6.249159447000925e-06,0.169436996490104,0.0032331396374298,7.20812878305373e-05,1.371155679127697e-05,0.0002329453379,7.215029743727555e-05
369,0.2395920175322682,0.0046736999106739,0.2118231344536003,0.0256156503808814,0.1168203543688652,0.0482599574215979,0.0133721673154381,0.0032716683233053,0.1743456907780411,0.0255231986756922
370,0.001619173906374,0.0002751818732145,4.134057054806276,0.0054017341087857,4.124666734508271,0.0033844470760113,0.0042522794684029,0.0003770257043381,1.7237887240634993,0.0042915512284389
371,0.4445520805360111,0.0247907255047135,0.0001328526066093,7.106174569075296e-06,0.1857283699333553,0.0068433144225851,6.46650466549671e-05,1.51699866611795e-05,0.0002538337410414,7.530069450003925e-05
372,0.4670467458619595,0.1232849594507014,0.0001200012868172,1.228061144355247e-05,0.1613836470265305,0.0057716874573294,8.719832836598427e-05,2.162173473621777e-05,0.000295701789607,9.372403262206037e-05
373,0.1272374390854595,0.0129092828850407,0.0029382351110309,0.0007211701473018,0.4445161117988482,0.0436388918713563,0.0002852323039594,7.566972610071892e-05,0.0028343114230192,0.0007064360766842
374,0.0518531071799422,0.0040402395272744,0.156065536185477,0.0618159110575802,0.1185787432251446,0.0456877323169929,0.0263836632380401,0.0024469932042616,0.1549123850889491,0.0611239456815702
375,0.0022095026686297,0.0002855815081838,8.263120963332078,0.005471361798872,8.197674834199002,0.0035936263342936,0.005616055986967,0.0003846698844059,2.95408554869489,0.0055931852035963
376,0.238259503300171,0.0399115537881958,0.0003725320689755,8.238887251013143e-05,0.485971842660606,0.0124885275741343,5.46382569003872e-05,1.2009949888108793e-05,0.0003679082687344,9.396152843652128e-05
377,0.2329748188034958,0.0080838717685856,0.2433601012627871,0.0105941835188604,0.2532065796976728,0.0710014884712826,0.0106009193551183,0.0033456099312919,0.2289790971019742,0.0105627415291714
378,0.1846870129665512,0.009042594712878,0.2157051918235273,0.0080592970037028,0.2217569682038727,0.0350936930301635,0.0098149559144831,0.0029624595640021,0.1791447323968484,0.0080312463651632
379,0.1748958246444458,0.0123441663844766,0.0015023381360754,0.0004113603837938,0.2611161398102766,0.0078314983864065,7.390624477517243e-05,1.5384363559241066e-05,0.001463729708924,0.0003982515817838
380,0.0033551244897425,0.002759496747023,0.0555361405329091,0.0120279771835321,0.0389047536294903,0.0131993240889064,0.0026945030805795,0.0020310254125593,0.0167020244907209,0.006757116974526
381,0.2455769527800392,0.0066236970177575,0.1943246172482002,0.0166923562139584,0.1649365099213942,0.081568870005482,0.0118161406361083,0.004184744615264,0.1563399742668023,0.0166601925345727
382,0.2542626679839859,0.0095521037207479,0.300583366281251,0.0095693073078174,0.2330033301478719,0.0367105146780501,0.0113463456040386,0.0034839003783743,0.2248147491538544,0.0095325682811815
383,0.0454731939918581,0.0024095085045533,0.0018992237998266,0.0009757537167939,0.2465277589692406,0.0084617698279798,0.0004612161725649,6.07718173035883e-05,0.0019162666778306,0.0009980397966198
384,0.0905714688917104,0.009397904894289,0.0045984314490154,0.0014245547585419,0.350858232754482,0.0087374595938894,0.0008029321591934,0.0002227271926263,0.0045701076520258,0.0014233465082435
385,0.4022848621772656,0.1026076620314869,0.0002140254508912,2.700499879858868e-05,0.2306421388879705,0.0072412351140828,7.056794237140382e-05,2.105314677807658e-05,0.0003538650536534,0.0001006711323439
386,0.1614515953140974,0.0088231819844388,0.2057889556821682,0.0094542154876451,0.2093360425531024,0.0647386781083677,0.0122863513141252,0.003415659357025,0.1259684963925942,0.0094274956447058
387,0.0007863889944004,0.0002387513320757,0.0278231486540019,0.0047565947057286,0.0158844201153161,0.0020787613805489,0.0009108048693585,0.0003043410419182,0.0076275719114979,0.0010752479734664
388,0.1159691858966767,0.0097077356293929,0.27943964385504,0.0078043929485079,0.1463351231585274,0.036101642370216,0.0115926261461544,0.0031071159356977,0.2738950871357901,0.0077865455109099
389,0.2084858181026395,0.0086312660303832,0.1750335992553595,0.0369508972901002,0.1287394181524649,0.0675912608193114,0.0172870925512602,0.0049915041032938,0.1542975785280718,0.0368675105633641
390,0.1524901862821393,0.0074941409909899,0.2034403571301216,0.1030589055265724,0.1600862771979243,0.0761594201584661,0.0438674701953369,0.0050458773629319,0.1613691073780798,0.1020375521330954
391,0.2344482710332654,0.0080201582558712,0.2337625422351498,0.0118653937016052,0.2041466854037842,0.0912777399416752,0.0139663697670532,0.0037774522901221,0.1269504747962467,0.0118266079933514
392,0.0010944199825006,0.0007507625982451,0.0244871285900469,0.0042601247482507,0.0172272975383088,0.0044632692464682,0.001140395696046,0.0008227017660971,0.008695686887144,0.0024389502874463
393,0.1844718270916187,0.0110778803469111,0.2353180711013991,0.0082590937408058,0.2205972015980218,0.0268450192159365,0.0138019150571243,0.0032759052885979,0.1891753485506067,0.0082268606601671
394,0.0008019898003369,0.0001420001976665,0.026423449309146,0.0035840819337467,0.0063705721705616,0.0017825187615395,0.0007020694131074,0.0001777074618041,0.0070570595200974,0.0011424733245266
395,0.0314936031289021,0.0034384284361218,0.3027060976661164,0.0522977430859763,0.1235995353673826,0.0512466203174783,0.022441228950521,0.0028332567557963,0.1922701024115446,0.0515431252115876
396,0.1726973705850703,0.0388240257888611,0.0002936431399247,5.228973693118965e-05,0.5336815589437135,0.0079004820519165,3.320659607708251e-05,9.046640329339202e-06,0.0003686460481175,9.29431928329325e-05
397,0.0072091637350338,0.0018489309050064,0.2937370334732204,0.1503043074302394,0.1211186671198243,0.051028314595135,0.0104360118283381,0.0017041073908627,0.2770913062083166,0.1295590957103249
398,0.2555908804517209,0.0102055521063471,0.2217511567038761,0.0088922023764193,0.2501059821633915,0.0415019617502579,0.0126542590195554,0.0031124682898196,0.2129009621722192,0.0088547395426426
399,0.0017116328545313,0.0012145856619472,0.2724195583620474,0.067786788868393,0.067768738301465,0.0169862154031027,0.0027536870620967,0.0012192217501892,0.0766929617245055,0.0242885152650346
400,0.1623366349788499,0.0063199996511918,0.2964590232927293,0.0428933717471438,0.1524074700095918,0.0482731734130606,0.0191290912245431,0.004395761155401,0.2538734669938638,0.0425734877459774
401,0.4940094504620309,0.0369968574665354,8.896948919625342e-05,4.739392494078213e-06,0.1620713422607016,0.0048545862116905,9.526957950826348e-05,2.0750481054249752e-05,0.0001917688796214,8.21995350193551e-05
402,0.0051948813473473,0.0029805345540532,0.1622825113888428,0.0943717102436532,0.0955260513106305,0.0415583468065558,0.00456891442688,0.0017869661974532,0.1524279730168116,0.078170515352198
403,0.2013732462965193,0.0084831974524034,0.0046731443184483,0.0012510012081167,0.477695589789218,0.0224418589820566,0.0001132946017929,4.846415596040304e-05,0.0045245774645995,0.0012660755673906
404,0.2316120268481775,0.0111372021083026,0.2265335707385755,0.0108749112499724,0.2159634916130768,0.0466897406462866,0.0153594917786692,0.0037014022180112,0.1750977954590919,0.0108332138152699
405,0.0007572152287694,0.000284901479033,0.659839988563416,0.0053923285620952,0.6565841870517067,0.0036901598172857,0.0022202572768243,0.0003883658997911,0.3483019008850711,0.0044808319258798
406,0.1970800286037854,0.0091293651707629,0.2381587953091951,0.0085219538586616,0.2374025843417144,0.042417129464109,0.0148694834811473,0.002922899380331,0.132760306399342,0.0084846289281023
407,0.2492593099265686,0.0117354985498431,0.2137603591566382,0.011651189574153,0.3253776571724777,0.0407919182516883,0.0177009365469318,0.0039089756492495,0.1757535492636478,0.0115913148303679
408,0.4107712313682783,0.0648585970667056,0.0001821233072511,1.001877493249136e-05,0.2412641662048014,0.0042860939124603,5.182527283702599e-05,1.4280819945098211e-05,0.0003080971562552,8.602907207588869e-05
409,0.2039404773115107,0.009498013761912,0.214420677139924,0.0082449508700848,0.2325175301446002,0.03254761258474,0.013728729458369,0.0030456316687114,0.1374913146552657,0.0082127205015092
410,0.3634934070993857,0.0081089452605695,0.1611512700439775,0.0178149418116751,0.1736758627972611,0.0866373664940238,0.0177632329849378,0.0044160006730162,0.1388166682924852,0.0177880524041638
411,0.4949465408136185,0.028991736837904,7.67741514087681e-05,4.962102919369833e-06,0.1568027306938267,0.008200342056677,9.884059421765292e-05,2.9501570751450683e-05,0.0002350565285553,0.0001005753294539
412,0.1954335374902426,0.0082185765508099,0.2503776024805291,0.0104896335107046,0.2386189668403346,0.0876260845997611,0.0123926967861907,0.0035887237614022,0.174386501812496,0.010444825358091
413,0.3719642109736883,0.0071796798480618,0.1670376405650977,0.0181077679251574,0.1422215662474485,0.0556235154874445,0.011607554220816,0.0041646847871965,0.1074386606867991,0.0180655733079045
414,0.0007750957469281,0.0002287032067225,0.0363455500096048,0.0055079513626324,0.0334310297400705,0.0027777648584126,0.0009376548528868,0.0002886359813987,0.0123617332279288,0.0014790627923448
415,0.2366800436684625,0.0071143396473953,0.1408735125881949,0.0109870670243894,0.1702067106468398,0.0903241201098602,0.0113377953320681,0.0031341802438162,0.1117224481881955,0.0109443913640636
416,0.2240064016125528,0.0394791346198644,0.0004189716916033,7.431253335758277e-05,0.5534916645036386,0.0129874908500863,2.9182249058986586e-05,8.109631373646525e-06,0.0004043244395281,0.0001020091986606
417,0.1774967078235526,0.0075109161456005,0.2599188961592524,0.0120435295085718,0.1788136140773096,0.0868883328605048,0.0134189877269897,0.0034890398404741,0.1678842570977666,0.0120046500623017
418,0.0014845934200674,0.0002736621305188,3.5597663336399807,0.0054035375142132,3.550387536951971,0.0033978483240634,0.0039343369521971,0.0003782673642527,1.5139196647030368,0.004318606201358
419,0.5133126096698571,0.0319322207174342,7.15753651797689e-05,8.511928016102849e-06,0.149544040796169,0.0149418030855121,0.0001107629952989,2.956179644186304e-05,0.0003439141546731,0.0001161435300929
420,0.1888010894906629,0.0080122608573888,0.1669571075937048,0.0103015009698204,0.1792468005807932,0.0780326054688613,0.0105618527740005,0.0034285588961113,0.1182161477471233,0.0102660136296163
421,0.1882419886623873,0.008417445120365,0.1884609737058332,0.0098871375796084,0.2280026235967606,0.0552631119254612,0.0114216762591652,0.0034201071494323,0.1657849350975087,0.0098548135468926
422,0.1171419038227299,0.0093880281709671,0.0061522675558334,0.001175068917911,0.4367936401748555,0.0065168412895166,0.0013445957328103,0.0001658534874001,0.006040132410368,0.0011512509807136
423,0.0011667823067563,0.0007638429030405,0.0260835066755621,0.0052480694264055,0.016987824467929,0.0054248973865313,0.0011244255853454,0.0008305579566918,0.0093442340269691,0.0029122039445907
424,0.1835250675879598,0.0092778350395181,0.2377896019458218,0.0100347905768704,0.1913278035708456,0.0559369683473049,0.011546789345104,0.0031929859832938,0.2309918817728163,0.0099982844678802
425,0.1842698418529685,0.0109177739125393,0.2092219501851764,0.0101836885143343,0.2979749196578433,0.0274323540091017,0.0132328466934236,0.0036513916793296,0.1463623245533405,0.0101304927020419
426,0.3057188796241114,0.0082921898887125,0.1431251802253718,0.0252919216369602,0.1146536287819292,0.0577241608608741,0.0155931278584814,0.0047424757079023,0.1222822302895841,0.0252379148598136
427,0.4568783047109127,0.0938211859502352,0.0001537655864917,1.840955687656163e-05,0.1632348290170421,0.0077399083683913,8.837069962895295e-05,2.4113290566806443e-05,0.000281373226361,0.0001122790640218
428,0.0007332582986668,0.0002892397898866,0.1245823597962361,0.005866775212689,0.1219246532406641,0.0044368183801027,0.0011679903025119,0.0003837860974955,0.0351986214777815,0.002473793502418
429,0.3965337804245274,0.0320480314408732,0.0002112966971605,2.5456125112227315e-05,0.2572816345140841,0.0161752850163809,5.079764975268012e-05,9.691385426224085e-06,0.0002872715598507,7.802986056114485e-05
430,0.1753485336400727,0.0103107868157226,0.218796964366398,0.0081618117763167,0.2219267487182597,0.0302900089022471,0.0127210198060137,0.003229996749989,0.2108135684511249,0.0081368165829706
431,0.1068976292289608,0.0235962883664305,0.0072063275114478,0.0015904246197443,0.28619776182893,0.0684118975798822,0.0011847675582339,0.000276315564588,0.0071579689979001,0.0015911527436779
432,0.1809513515567875,0.0077108468114157,0.21831714489197,0.011463545044414,0.1632103705475371,0.0834243219131277,0.0096529087355493,0.003490711438732,0.1729640622938467,0.0114294355657144
433,0.0864592081876335,0.0083931238283015,0.0019700134755129,0.000477562874605,0.3856642394609772,0.0220893192342815,7.943119282018895e-05,2.084198073261425e-05,0.0018931203048832,0.0004569158419027
434,0.3238778506943182,0.006805377422338,0.2284562502332576,0.033447688764426,0.1393472826412545,0.0670112342391869,0.0131271861519867,0.0041760494294404,0.2049404586177512,0.0333494456566403
435,0.0028695661179331,0.0025536516671181,0.1298921878428624,0.0183408806562236,0.0380899245592593,0.014682662731533,0.0026321272588192,0.0018549799553688,0.0473119281931631,0.0097682493145189
436,0.0025287594137959,0.0019226526054746,0.2294022705255989,0.055890012234052,0.0593330903906985,0.0147370326516443,0.0022042199192405,0.0016262757400376,0.0733159776388429,0.0111542106874325
437,0.4333789579198976,0.0900568796592457,0.0001253313608174,1.086698344597644e-05,0.1825246798413983,0.0060735159170264,8.60625482256968e-05,2.7637660487237768e-05,0.0004073642047646,9.586888653808352e-05
438,0.2752908263314012,0.0105684008338114,0.2695351447284525,0.0102440631640473,0.1956353717463021,0.0402600433575081,0.0155511645959397,0.0036729268240881,0.2265302549315781,0.0102085971018722
439,0.1339869165402587,0.0066978387154658,0.1563807196823874,0.0138598998006112,0.1356923589912059,0.0649239612785786,0.011819329871863,0.0035057843988393,0.1398570534921673,0.01380660545455
440,0.2805277541771427,0.0094189240106116,0.3413549516895874,0.0086658602043629,0.1959709443362315,0.0335683196525218,0.0123887375850616,0.0032584861309087,0.3128202996521448,0.0086383448271866
441,0.0016630451970182,0.0002735167500764,3.053302692268278,0.0054887801665418,3.0408064070349448,0.0034994429946907,0.0043348681159152,0.0003714030469275,1.3404528448458537,0.0045542771775116
442,0.077272133875098,0.0050670079893937,0.2353553508824406,0.1027324630121921,0.1477135690624032,0.0635183603409882,0.0433255605969834,0.0035414625809043,0.233141073509953,0.1012722463229575
443,0.1599048782507387,0.0057341231727118,0.1717493846808922,0.0284272170787253,0.1092088220554484,0.0465408208165206,0.0176597014513131,0.0032596021478214,0.1682168592558266,0.0283160508587316
444,0.1439026849910342,0.0180135279197075,0.0021290180961006,0.000519239792558,0.2016048133948128,0.0372637000400226,0.0004864599999616,0.0001177491496286,0.0021252803930289,0.0005237461028393
445,0.3049579982295744,0.0086531288540941,0.1396919533736637,0.0298430209897113,0.1223359721273856,0.0624200647321311,0.0229242174295185,0.0046739015382834,0.135162550548732,0.0297795967717491
446,0.3266467698387545,0.0084079592799348,0.20205072588017,0.0079013347423128,0.3258639616745346,0.0365746452344732,0.0085426980059013,0.0028651554982624,0.1823830885647116,0.0078650175588856
447,0.503509151613932,0.0636973258501477,0.0001378316055556,1.90849806842837e-05,0.1453378744765713,0.0092365911398151,0.0001096777107147,3.111278920992867e-05,0.0002420390851106,0.0001211656832659
448,0.3010829297287802,0.0092432065631753,0.2968550369841168,0.0107803653355919,0.2579953634828426,0.0374007888919302,0.015430825005729,0.0033470632629711,0.181490851122584,0.0107239674580291
449,0.1555722538879662,0.0081142249642316,0.2420162292972279,0.0127818539025402,0.2289948728448169,0.0717614834276524,0.0123358664722011,0.0039809292507175,0.1285446046508175,0.0127509053405683
450,0.0020267175973012,0.0002771590413801,5.636591105342895,0.0055101039818006,5.601761704188066,0.0035760332479785,0.0051852035186795,0.000375234989968,2.209317393966935,0.0049894087858964
451,0.1447147249126415,0.0076781999461828,0.1937070670885326,0.0088337237104974,0.2436685870872123,0.0881376618242766,0.0129640228315389,0.0033909073265836,0.1550562790686363,0.0088063452569181
452,0.2266388126723732,0.0096681120270938,0.3203141775086491,0.0123075587474937,0.1870210301177309,0.1015363878783885,0.014022366367526,0.003991902304436,0.3045681554071821,0.0122804639970024
453,0.2179009049148724,0.0093844371437732,0.2310774244234016,0.0074208398159242,0.1950921256808327,0.0273568812275496,0.0151313190861199,0.0027702343068276,0.2199167365312074,0.0073977387139291
454,0.2597531409802088,0.0083806550777112,0.2881239701108652,0.0113452188450143,0.1756770859258347,0.0838802648296977,0.0093328437830669,0.0036382613586606,0.1975955201416508,0.0112972676125909
455,0.0025302770717862,0.0018893951205494,0.3447629067167663,0.1266960393380384,0.133433849967884,0.0365910696011361,0.0031882862859793,0.0016590339011374,0.1778649585812534,0.043574254250267
456,0.1910726990378242,0.0530551950798054,0.0002443312138572,4.310478327933283e-05,0.522398237053372,0.0059394042023392,2.699407468858099e-05,8.735632589389086e-06,0.0004339810237123,0.0001040534804012
457,0.0853980183080708,0.0047538110690282,0.1836938325973297,0.0464937880328363,0.1056409135740332,0.0403498725306454,0.0279955544481869,0.0030962590171598,0.1623293062228851,0.0461564842998087
458,0.3318127989711359,0.0092264394602593,0.2454683239295084,0.0096141901381137,0.2038150720622201,0.029812158429113,0.0125297720222624,0.0036284008907024,0.1441962408626142,0.0095802951677305
459,0.3223728266503081,0.0276492353820285,0.0027334842357566,0.0004241430852135,0.4700643616279888,0.0067185780087058,8.119483692618516e-05,1.901028842945021e-05,0.0026342512954635,0.0004003789440896
460,0.0146031874391436,0.0030898256388743,0.2967807907056672,0.1282859743047739,0.1540795019472055,0.0682035568423121,0.0132130945188267,0.0021961993530904,0.2646394425855314,0.1253550000990777
461,0.3158306266557019,0.0100753371962009,0.2495779000148761,0.0092528171042994,0.2391812779557555,0.0293221274164184,0.0121993128086848,0.0035350253107033,0.1692803110313684,0.0092178988747886
462,0.4977887521940814,0.0432334042992746,0.0003463906632839,3.677733805657695e-05,0.1479521563125202,0.0137723376445524,0.0001063220430668,3.073366225274491e-05,0.0004479291992923,0.0001382687934314
463,0.002355861874778,0.0019552011058923,0.0372841701409679,0.0115315581553108,0.0359095448969459,0.0119636859550268,0.0022080415056633,0.0015915176141434,0.020127662996697,0.0059639478324922
464,0.2330423576249089,0.0067318862405886,0.2334063629712701,0.0106051948851631,0.1863835580308629,0.0866211511243118,0.010796911468284,0.0030695268337395,0.1291145955911293,0.0105618471312086
465,0.4039191530345924,0.0067022432974588,0.2437637441482613,0.0154535488091291,0.1519114590393569,0.068576668213785,0.0140056919907913,0.0041041847188702,0.2027179007874069,0.0154300688025198
466,0.5017979394142618,0.0248934133230064,7.812851146639671e-05,4.7231047032462456e-06,0.1592290462841242,0.007683136301093,9.485568453730664e-05,2.177374950212294e-05,0.000299666909596,0.0001061753258229
467,0.2319820489147683,0.0064509535466749,0.1995849538883533,0.0222386452422429,0.1280973538559421,0.0450103716291827,0.0122062930878132,0.0043018092674469,0.1229193475571702,0.0221678676815066
468,0.1946341351113927,0.0099298901817521,0.2374373624971435,0.0083708421803463,0.1781596738658239,0.0271676645285202,0.0112657055059684,0.0033093771561256,0.2020050532025389,0.0083502065777377
469,0.1193901557385265,0.0069827303439717,0.2096100874342666,0.0927309416215256,0.1651943328872566,0.0846683077965165,0.0405986647817662,0.0050525579662313,0.1870530777483577,0.092114846373432
470,0.0226943970698961,0.0039175102327747,0.2326120489226485,0.0719903007655725,0.0958763112333561,0.0434867575391801,0.0175049868781197,0.0026005115497393,0.2283332403288967,0.0709062447536501
471,0.0810304926773636,0.0076458415393965,0.0022825422663861,0.0003154168426489,0.4284089986735284,0.0225128498019345,3.98724077759765e-05,1.4348627376211598e-05,0.0022468689927406,0.0003161309230165
472,0.0060504565634443,0.0025864731155468,0.2560432339876204,0.085094082458251,0.1114528066452719,0.0377041927879726,0.0063924480545324,0.0018726695502045,0.2385780293273759,0.0752392331283219
473,0.2990889639437977,0.0071542793163036,0.1001812998001247,0.0212962226152022,0.1206299108038046,0.0560664556896346,0.0210366754052059,0.0040353255100562,0.0952373408994211,0.0212295809664285
474,0.4186204724991133,0.0072457784161569,0.2134956847956977,0.0418877858859321,0.1568083027997841,0.0742236104961037,0.0201537961603402,0.0050123727463151,0.165722473173636,0.0417433820346887
475,0.3309990359142317,0.0197848751097508,0.0036711657098044,0.0007350226069079,0.3163450218795279,0.0469631665241708,0.0007406751482554,0.0001464201099401,0.0036170167951544,0.0007330187236453
476,0.0022969289752996,0.0018352347855585,0.0624858149372184,0.0095304723706385,0.0289177299674983,0.0091730032094058,0.0021536730304315,0.0015429380902342,0.0188080173038284,0.0049434031425564
477,0.5636478899554758,0.0199316595491751,3.350427166111389e-05,2.4181467918865684e-06,0.1232375273094856,0.0090268914251185,7.875514854818162e-05,3.300380681330452e-05,0.000367890862719,0.0001580608691452
478,0.2119563239819941,0.0070222268999403,0.1947390542472093,0.0151463766089457,0.1228296304134963,0.0566580650727067,0.0103149423065954,0.0035058076879581,0.1608117481431787,0.0150983877433446
479,0.4994591924599271,0.0390232358875923,8.474555968650832e-05,4.585838136786895e-06,0.1623492635616248,0.0057713558075177,0.0001029580182186,2.2599920514460583e-05,0.0002053999156967,9.391871089995936e-05
480,0.001895446567033,0.0011420182161194,0.2608968487949656,0.1047995486668492,0.0901219282063755,0.0200783718655866,0.0026530612579919,0.0011823978391653,0.1001483290214487,0.0193875265924207
481,0.0367986046753102,0.0028559427176559,0.3124080777769167,0.1357639997720095,0.0969729877489556,0.0376116073832172,0.0356204909837453,0.00253032864452,0.3031393486666116,0.1284077979426151
482,0.4199708336215972,0.0498540641639999,0.0002645481006201,2.901291918366751e-05,0.1961932895605417,0.0082078058565969,6.775843151300951e-05,2.292555266842315e-05,0.0003920239231363,0.0001076094498151
483,0.1429816918184304,0.0083929927479233,0.1619817841833662,0.0103681369788225,0.2293588265636534,0.059883298542445,0.0114589668146745,0.0036933060779154,0.1568355773929344,0.0103406946105885
484,0.3094549486652259,0.0113680651576781,0.2198575561018278,0.0143639128039321,0.1804117705346316,0.1038461614594228,0.0170829304597304,0.0044063030166693,0.1845011858414516,0.014310233442928
485,0.233863986513225,0.0099894532357554,0.2899951291373002,0.0113063342553537,0.2300677111918196,0.0440219135227268,0.0143745535340853,0.0039259165804125,0.237305338718427,0.0112653027153872
486,0.0931449724619251,0.0062781646951744,0.3114487915231138,0.0630695060100702,0.1651848932554284,0.0689369842500981,0.0337493114923156,0.0044084991535384,0.2875232510723789,0.0626201207384843
487,0.001756311239748,0.0002783133577791,3.848457990348708,0.0054437377913228,3.8324784596479406,0.003453675661424,0.0045703184394984,0.0003775566911103,1.620836145981281,0.0044973561183157
488,0.5425407299180642,0.0178057313018646,0.0001477591946914,1.9837260967189027e-05,0.137518722839819,0.0164741826796563,0.0001081602427638,3.0479608957682732e-05,0.0003762992967738,0.0001428438096775
489,0.507862457462092,0.0565516520343718,6.370219682610474e-05,6.481869732000461e-06,0.1438776616140106,0.0081392596877094,0.0001053779065092,3.0259735402881623e-05,0.0003446923699691,0.0001066897935607
490,0.1608759272240683,0.0088502599170562,0.1981818566627609,0.0078879174232649,0.1434098429950482,0.030729791952361,0.011024641391844,0.0031468757927936,0.1848184013661157,0.0078750521312645
491,0.2583028535932568,0.0081931167705151,0.1701243745607516,0.0176096182333806,0.1447086518717331,0.0598873167174786,0.015794736609555,0.0044883870526482,0.1658261288129754,0.0175742579486089
492,0.1660941372038243,0.007270995338137,0.2600795535191452,0.0108149100046626,0.1658041770171372,0.0839422169433309,0.012997978642556,0.0034654048985763,0.2424609502010185,0.0107934781422978
493,0.1846326486119679,0.0092255841193697,0.2189785281308501,0.013650233288372,0.2435303046341607,0.0922704564589811,0.0242603084165107,0.0041251623129159,0.2018372644481969,0.0135871787202974
494,0.0013391461425238,0.0008390660831292,0.2125882548440364,0.0755722866159512,0.0600406281513462,0.0092826091046607,0.001519841757471,0.00091404308049,0.0649584236865019,0.0092539383088918
495,0.1638262845870709,0.0075859037817304,0.1610887454743125,0.0127968582926644,0.1959676349545595,0.0836172680453193,0.0099243125919885,0.003469524949148,0.1563012867192864,0.0127609085917515
496,0.2197516586680939,0.0095954943772996,0.1831138657991635,0.0165204432705502,0.2242840809538319,0.1211204709064537,0.0210145724420763,0.0050278292014392,0.1392666136833356,0.0164781444550675
497,0.506690580899091,0.0417638470441346,7.708846932922744e-05,4.2324545900973245e-06,0.1548227242128312,0.0046940126669057,0.0001085625430417,2.2151936480689967e-05,0.0002294425521723,9.074732496059851e-05
498,0.4419171607193148,0.0373155451209251,0.0001185464202255,7.359389607987497e-06,0.1691135201292814,0.0067723970504509,7.197764954307196e-05,2.536420485658107e-05,0.0002665917062171,8.14753376116223e-05
499,0.2483485408301919,0.0077883393889455,0.1341184766975562,0.012144587886016,0.2333039287046282,0.1269648389258403,0.0131237050500261,0.0038672148495717,0.1214439785911395,0.0121134457742103
500,0.5492932968146379,0.0226703131712229,4.32529623512346e-05,3.7849008748307e-06,0.1270208325308244,0.0132126907937436,9.667614392005133e-05,3.780766897465234e-05,0.000410959036375,0.0001573321123363
501,0.3969543822796024,0.0071310761294561,0.256181935686972,0.0154567239771591,0.1308529690927808,0.0549279991394824,0.0149016610102731,0.0038327398971824,0.1750037116479291,0.015421362209698
502,0.0015483394212735,0.0009783940349611,0.0258194187021831,0.0052645974698924,0.018795189931591,0.0053445542557527,0.0013473929441047,0.0010251072406034,0.009107453647989,0.0027374769440198
503,0.2773073552148373,0.0057973160109804,0.2462116517864026,0.0190780986242633,0.1260241426815933,0.043299942682203,0.014399322904533,0.0037358518419978,0.1610449389898412,0.0190302327777737
504,0.0016284241092849,0.0002784860752965,4.713528903472397,0.0053748794142127,4.703723089364255,0.0033821432585964,0.0042823796269028,0.0003823472020472,1.909865864183195,0.0042667352361312
505,0.0116803856406149,0.0025766790930912,0.2789139499773053,0.0835543691737384,0.1217247197524225,0.0410675909090049,0.0111792327021792,0.0019778916018554,0.2484245298791574,0.0817304000911861
506,0.4852880817601484,0.0127002936168858,0.0060343326707432,0.0015072287955664,0.3746144343661505,0.0255377067744888,0.0005849259966053,0.0001599138873899,0.0059541335847285,0.0015005928869293
507,0.2478475091306999,0.0064529503910094,0.1970791965972358,0.0379699395737169,0.1453224469685218,0.0680014996104783,0.0186879492465591,0.0043673497549209,0.1847733156149281,0.037845610429708
508,0.0015485790555186,0.0002711526734212,3.973150128207934,0.0053745671272747,3.963979281280308,0.0033925598692365,0.0040807133624253,0.0003738475710478,1.654136560454093,0.0043142561465933
509,0.1795146420460278,0.0092957874884364,0.1733063175654672,0.0110989631731728,0.2041288482435487,0.050149163332787,0.0153204144106515,0.0039713682282951,0.1242027097958439,0.011058765826891
510,0.1247281822811771,0.0060001321378753,0.1801687974311243,0.0481855998941572,0.1268282380204725,0.0532405559365416,0.029919256263188,0.0038274803527922,0.154812574041198,0.0479442906197587
511,0.140684637492995,0.0089652762026283,0.3401326675001516,0.0095830180079042,0.2390621844090255,0.0794260457604036,0.0113586532694837,0.0032524125545207,0.2956020781732587,0.0095619261656409
512,0.0007722702383029,0.0001856163875164,0.0291768178360085,0.0045235607579991,0.0172252005391059,0.0018490844010476,0.0008111485636005,0.0002297827477453,0.0077084305252853,0.0010450510304179
513,0.002753559537578,0.0024854339580864,0.0976139878543937,0.0106251435096116,0.0411154578839329,0.0138267419209635,0.0024754673010746,0.0017781706205435,0.0315387613534699,0.0067292171856862
514,0.1679412963507157,0.0098242691238923,0.2070019338301114,0.0084090760395866,0.168048189692787,0.0311230031239459,0.0124001801603451,0.0033241499577478,0.1663861992699804,0.008377417363218
515,0.4847095727057884,0.0443614755526993,9.48517010300483e-05,5.048142460768367e-06,0.1648934947158183,0.0043507067745267,9.346525100209818e-05,1.7259006301752325e-05,0.0002304508081139,8.651423354896877e-05
516,0.0026039049101667,0.0019988220017937,0.575557631726463,0.2873476023869315,0.274182682292398,0.0643058814001319,0.0037857783663196,0.0016522140497083,0.3972866440016561,0.0924358369393279
517,0.2128264218554187,0.0102920328646373,0.1826973136033403,0.0146026310742057,0.2475871072262628,0.0958227479423866,0.0165756697241726,0.0045783290740831,0.1716797850885957,0.0145549496671814
518,0.3518785246008347,0.0686679698113765,0.0003376042304224,1.5289460585101328e-05,0.3167488649907574,0.0042555783984933,3.657571982004455e-05,1.8238209231552132e-05,0.0003384636519779,7.414934632019156e-05
519,0.5049555675931993,0.0304140646497171,7.791961712658055e-05,5.308004174760436e-06,0.1542254949720573,0.0126052197918431,0.000153610939942,3.7930374750436e-05,0.000347861007597,0.0001125435823946
520,0.2317666759315542,0.0095632020080501,0.2369139009239634,0.0084677405356504,0.2574347060176336,0.0254286302589126,0.0123814091975238,0.0030713247009035,0.1307480577602389,0.008429711683307
521,0.0007956900477408,0.0002793615962342,0.6625324074125093,0.0053384799949477,0.65902521507979,0.0036150132059165,0.0023134665414132,0.0003812682224889,0.3446510474842886,0.0043436329750224
522,0.0020402816530586,0.0013583582494712,0.1188822416678472,0.0233720726997092,0.0292873508675415,0.0090418879815783,0.0017051944873098,0.0012989038534278,0.0294636125667691,0.005760712018966
523,0.0017224290946242,0.0002750539396015,3.8432168595018,0.0054337745871962,3.830183923030141,0.0034360813003764,0.0044955834059709,0.000374503497608,1.6301260014903498,0.0044197332388727
524,0.2202610196365932,0.0091429126912991,0.1840150482692483,0.0096520272984729,0.1898826602964183,0.048713039043295,0.0117083517062038,0.0034726745366224,0.149404579943972,0.0096232640036949
525,0.0112686341107795,0.0021442557156731,0.0025280287979388,0.0010303041772826,0.4512506659901688,0.0037466989951545,0.0001317769637231,4.510876957923957e-05,0.0024593565465683,0.0010225195961233
526,0.0013113622484067,0.0002912164209912,2.4094695452250354,0.0053336390458026,2.4046562941972955,0.003471260466035,0.00352442166137,0.0004004871919833,1.1114892718424303,0.0044725743166497
527,0.3777921943344262,0.0070233790804598,0.1729017692658917,0.0305520709316196,0.1315566834890066,0.051793080622986,0.0153651908135927,0.0037499725692974,0.1607258476250377,0.0304543623654852
528,0.1711958742898334,0.0074613073355122,0.2411662230639417,0.0150956782341915,0.1725821043781804,0.0806821736059568,0.0171177493781747,0.0047717972397136,0.2151287163771989,0.0150761547176771
529,0.1698587554234687,0.0075836370652805,0.1858230319783499,0.0106009802474632,0.1393114449128115,0.0686019025251516,0.0109932980988641,0.0034265938094956,0.1209551202715702,0.0105723672001034
530,0.2643939679945096,0.01009694642279,0.2038622423735047,0.0092356755630579,0.235371318811797,0.0277191949156803,0.0121429654395678,0.0032118521398855,0.1661787434738147,0.009196873255297
531,0.5640216096695307,0.0071222752731013,0.1691722790405066,0.0195698726832447,0.1472420236738091,0.0695623131894924,0.012759770701084,0.0042342435259115,0.1622595494463792,0.0195441762808426
532,0.0007306725579911,0.0002909134519467,0.5245592587196806,0.0053597128692931,0.5209877926036656,0.0036280437017297,0.0021487510006338,0.0003962201474957,0.2747087140233734,0.0041448282160215
533,0.1050893689835938,0.0076392993390302,0.1465249561604867,0.010419476617769,0.1903023521311174,0.1005466990926964,0.0135418753137831,0.0032046395137603,0.1276814794697225,0.0103749403538525
534,0.1268033047830892,0.0080275071750284,0.2947221963964577,0.0894056664203373,0.1617805194277057,0.0815061124286752,0.0460109879395749,0.0051609072093354,0.2486089921685875,0.0887493619222003
535,0.4355394566705309,0.033594368186204,0.0001251820480874,1.9188237929440578e-05,0.185205741834915,0.0149450524705151,6.055648643854548e-05,1.3774764881530518e-05,0.0002731238488454,9.036458590666564e-05
536,0.1597167505104033,0.0068352268263524,0.2195389332931158,0.0204009229153392,0.0964714749059011,0.0453284426706998,0.0127992496916144,0.0045205942965207,0.1214226338550942,0.0203504940699075
537,0.3342207218482134,0.0092681847633037,0.1054068100002092,0.0173526117892742,0.2505040443420743,0.1298199086070368,0.0152632541116941,0.0043029006904463,0.0915683866375359,0.0172643665580687
538,0.367712647079595,0.0702241421157352,0.0002447142202453,1.6943064512354396e-05,0.277611808035115,0.0083883329572242,6.395416640098379e-05,1.746798148438339e-05,0.0002696380184771,8.206706223204893e-05
539,0.0142465467220601,0.0025989475843541,0.2396219886598287,0.1357089454679487,0.0772467153427523,0.0376460766881975,0.0140860369335349,0.0019080750432948,0.2335597560108863,0.1288470608028399
540,0.3914934319192417,0.0337583771896793,0.0002749912995514,3.096704688841201e-05,0.2486840158385528,0.0084820984865185,4.345818504505805e-05,1.55511410977771e-05,0.000308160817406,9.131418562304816e-05
541,0.1404293977346593,0.0054752867962952,0.1500075240409448,0.0283892485614694,0.1087359053976036,0.0531303500522452,0.0127836681275278,0.0041237326169212,0.1300410051155977,0.0282606403961063
542,0.4859238253633781,0.0334525362672862,9.309161176697292e-05,5.097858425861684e-06,0.1617129721850948,0.0051317807966324,8.937024325716424e-05,2.082401831519559e-05,0.0001952126748803,8.266659545628528e-05
543,0.1352159210506899,0.00671405315504,0.181783661203719,0.0133872938755481,0.1241090945311473,0.0604875929624311,0.01054439780715,0.0034462856505719,0.1544478090697777,0.0133450920047561
544,0.1922129018976004,0.0137865804757843,0.0011546965456547,0.0003062010238093,0.268468226097795,0.041768754037188,0.0002725386545814,5.874960080788686e-05,0.0010949772012039,0.000324291086056
545,0.1308138264993582,0.0088536977917719,0.2472589684158714,0.0100595013909735,0.2247237729094328,0.0566825888151982,0.0159473443029712,0.0035182484603214,0.1846034098322437,0.0100130193695566
546,0.5246512817164628,0.0242681735974102,5.6446460382264525e-05,4.384685595186219e-06,0.1440556532343482,0.012859393494279,0.000149754967609,4.401358633388276e-05,0.000403882980862,0.000140374769683
547,0.1791824374314315,0.0095352303013489,0.1957080103929414,0.0082504306502459,0.215705834511071,0.0269224490575213,0.0110901088709054,0.0029629147521293,0.1755576120016635,0.008217626439866
548,0.4435661421284226,0.0470634272745557,0.0001334958071659,6.810193542148417e-06,0.1872019008691511,0.0035697047548171,6.370801993550459e-05,1.3015685557488362e-05,0.0002673621054356,8.053606735203269e-05
549,0.0013385878593631,0.0002817007057686,2.471791143815842,0.0053210434386708,2.466715622823357,0.003417090163217,0.0035945942853833,0.0003874713214756,1.1096453232542856,0.0043734640458201
550,0.0059402431435644,0.0024016032787859,0.3123240718625022,0.1292107535372993,0.1549084558764328,0.0646192401268507,0.0071657790756975,0.0018875961906804,0.257032222917442,0.1195629034595337
551,0.4535003091114742,0.0076637506410328,0.2698238219949807,0.0182857048508009,0.1502394986783245,0.0681853238661343,0.0152779931929851,0.0044210399548427,0.1954814122056846,0.0182455587460504
552,0.1343321722604866,0.0080668740719811,0.1636204708374052,0.0130399754321134,0.1834053246051532,0.0664372225444855,0.0115566456046703,0.0036748698704217,0.1202710217954367,0.0130065035130569
553,0.2522590093373572,0.0088639292613443,0.2610582230349615,0.0119335066533825,0.1745097242618085,0.1006908651943117,0.012815251999859,0.0036612661045893,0.2469968316254755,0.0118953902472951
554,0.0129496113294662,0.0027611078071821,0.1592718436550145,0.0339706301913998,0.0934524844293719,0.0418909133421789,0.0097253671315518,0.0020491901906786,0.1380169544681899,0.0336852012588453
555,0.10287257448645,0.005057491321906,0.2260175060723022,0.0384565404351115,0.1044531474178225,0.0471760612999017,0.0205534837205832,0.0036533099560725,0.1354537754662292,0.0381739311415705
556,0.0007336359601079,0.0004180288244485,0.0251848151573681,0.0049328059119221,0.015418652560291,0.0045287946582097,0.0007169576884233,0.0004894563865242,0.0088771426288231,0.0026724514682963
557,0.4311888023463378,0.0920682642010353,0.0001292442596772,1.1501919682631976e-05,0.1873341698487411,0.0059863963974545,6.070053089677571e-05,1.7610368422371386e-05,0.0003574101928504,7.967030312981307e-05
558,0.1626617202697783,0.0285073601820773,0.0002276801393203,5.893824351519686e-05,0.4781630246012707,0.0137653310931736,3.757484727628634e-05,9.825528245541124e-06,0.0004386039946873,0.0001129253137541
559,0.3778222625011458,0.0362150628285196,0.0002201394220768,1.2764183377993576e-05,0.266492738825923,0.0074264983320661,5.480542306618917e-05,1.5948750923640618e-05,0.000274655163662,6.910581839734903e-05
560,0.031531343923188,0.0036663608029618,0.3844539054260832,0.05749585002519,0.192864966188685,0.0642240312865307,0.0203395799774278,0.0029124203573365,0.3047384274996145,0.0570042661521101
561,0.1619425425353353,0.0082953313043195,0.2100140835487537,0.0104284634123089,0.191844342332435,0.0897162151106868,0.0130749619660356,0.0036633391799487,0.2034942343674028,0.0104126640985524
562,0.0009644120597471,0.0006318976605427,0.024655266835417,0.0040919203410496,0.0146213538607241,0.0041774087100766,0.000982629161159,0.000708194919605,0.0073512869837649,0.0022288808346552
563,0.001539276510835,0.0002693206886452,3.797759435350049,0.0053082528759907,3.789031234792868,0.0033823078102451,0.0040637168800429,0.0003713634371699,1.595459511210299,0.0042684204400723
564,0.3543240866212636,0.0061858062016618,0.2420391003354005,0.0199168053886905,0.1146838669778368,0.054760328651676,0.0132812800441508,0.0037911376250772,0.1472475858461858,0.0198795418615889
565,0.4370367263156449,0.0352497646313866,0.0001342573019482,7.312585604167676e-06,0.1943240669936417,0.0047694452583217,5.7092379584161786e-05,1.4382345402840172e-05,0.0002514067627964,6.912600038716516e-05
566,0.194965538668016,0.0077514410831899,0.1586513918088975,0.0120957298136607,0.2448052719461456,0.1374557907826148,0.0125854549551033,0.0034380591466924,0.1002220162758579,0.0120443098991713
567,0.1259946172643747,0.0231950436232623,0.0003763493393797,0.0001032536960445,0.4901039387066963,0.0130168512892828,2.9036727912772435e-05,8.627669002001018e-06,0.0004094286085427,0.0001196754533546
568,0.3925185930038317,0.0082600512742105,0.1623176199249335,0.019130998873132,0.1527615354668823,0.0648256859496137,0.0201260639330482,0.0048549183247506,0.1400636209678409,0.0190749367166818
569,0.5156998931513012,0.0277032827076549,6.481579461404565e-05,3.895731598278025e-06,0.1459081331125842,0.0088252838736615,0.0001141862412189,2.962796294381752e-05,0.0003613736854102,0.0001214306702107
570,0.0077073898619394,0.0026431239719075,0.2517685545749286,0.1422933910898596,0.0931415083001275,0.0563789202979706,0.0083781600245708,0.0020523235261854,0.2351196226207381,0.1313786437824422
571,0.0010067967295926,0.0002897930841351,1.0365159402802062,0.0053463090086474,1.0318688959695133,0.003511504021751,0.002821137778649,0.0003981432896642,0.5085598312917946,0.0042973696790327
572,0.4259344534222338,0.0391780977624164,0.0001574384301989,8.074465016808782e-06,0.2162043215864791,0.0046057037639306,4.995336448566856e-05,1.454753336133941e-05,0.0002697515986401,7.315343188115274e-05
573,0.2531957903771594,0.0095566129092995,0.1866994032306774,0.0102775280742182,0.1987581210757147,0.0582463950074489,0.0185909895490949,0.003744321602843,0.1268736571438309,0.0102407259908166
574,0.0029956205258328,0.0025663811773946,0.0896843927739318,0.0115580174984283,0.0339291999940977,0.013040533589286,0.0025742883348044,0.0018387487701028,0.0262911184234703,0.0068283333849629
575,0.267508691309353,0.007867138572835,0.2427920213839085,0.0197964593138089,0.15585933510465,0.0697375970865983,0.0136095159119666,0.004043231455108,0.2196466032015158,0.0197477632136041
576,0.0350202064300564,0.0074070820047815,0.0022583269804392,0.0006798426690123,0.2909930858660832,0.0044592382918274,0.0004090898367692,7.484970371551169e-05,0.0021998626892078,0.0006591755573575
577,0.1625489016847855,0.0073420362538134,0.2376288080746116,0.0115591830497633,0.2600659636981379,0.1097563631540666,0.0112457598466393,0.0033798866311175,0.1596786197214283,0.011528829584189
578,0.4707645619169529,0.1064733378230108,9.019223085442034e-05,9.9504375694714e-06,0.1620753096843097,0.0066748336601846,0.0001040596732822,2.212231671431696e-05,0.0003721573435979,0.0001012160327124
579,0.0007433498331448,0.0002940927686166,0.1946517432279363,0.0055133750131632,0.1919133802107047,0.003996315162645,0.0014410254938135,0.000392531096144,0.0820879976360293,0.003241870523011
580,0.5368516698760327,0.0241682556384215,5.981642286642161e-05,3.459620950283492e-06,0.1443801881916012,0.0073119290507344,9.883138260150552e-05,2.293878105281574e-05,0.0002475259810195,0.0001081784735993
581,0.1853402016307366,0.0071766902314302,0.1644756182522449,0.0085190541642515,0.1607535717053606,0.082285477210816,0.0111618856223059,0.0029488705391736,0.1357928821741397,0.0084950514121398
582,0.5270293674745113,0.0377407512562936,6.223213842531744e-05,3.4352694439425755e-06,0.1449450198101158,0.0061476580046201,0.000114424757353,3.29428653038535e-05,0.0002106174089647,0.0001080402026487
583,0.0019266641924159,0.001381064939171,0.1159771768635332,0.0258301326684234,0.028929792092297,0.0080446672965209,0.0017202076420961,0.0012935215915971,0.0287757096547717,0.0052922957670894
584,0.0036996530024525,0.001549035974299,0.2441151602124828,0.0864100086209537,0.1058391677680887,0.0383702631820281,0.0055187972946817,0.0014087603976534,0.1646029896584333,0.0729816549508807
585,0.0020948223566901,0.0002775200836554,6.6710066537194805,0.0055334017348266,6.627146213002564,0.0036544578012634,0.0053173779238977,0.0003744740527743,2.49537618313727,0.005983907515515
586,0.0296857810612775,0.0032476261290351,0.2203556619280701,0.0277599290028008,0.1079646266438688,0.0518300252476453,0.0147128404917465,0.0028443345044423,0.1505870125873533,0.0276660867876588
587,0.1993116162285213,0.0081058764640431,0.2054366646083096,0.0158180682175906,0.1724946320012944,0.0882765564391741,0.0119849108990784,0.0039938614841174,0.1558821664876429,0.0157652848812831
588,0.2806139035497685,0.0100878867389384,0.3299290777517016,0.1274031543542193,0.2277741019998466,0.1183832090401667,0.066233033561464,0.0079061514595756,0.3207441349270887,0.1266249200196839
589,0.1940318040657017,0.0100615501720389,0.195722404839666,0.0137952156125728,0.2618672686249183,0.081090733596487,0.0224952288315467,0.0044475931324567,0.1325452132916753,0.0137433597240716
590,0.0008032419918526,0.0001318333063309,0.0285622453538631,0.0038097787322721,0.0069735772570445,0.0015242209643837,0.0007396385306302,0.0001635720144143,0.0076096760261883,0.0009370958989031
591,0.2083771389942695,0.008647392530712,0.228011283701621,0.0126541124253405,0.2170056615656364,0.0649237849997414,0.0149818125170516,0.0041422054039894,0.217600705011342,0.0126067643299524
592,0.1006107563851668,0.0052312369092753,0.2751176687021643,0.0542161085853042,0.1322175025833349,0.0608573067182062,0.0311979534601817,0.0037413979851659,0.1434443608835756,0.0538145119944708
593,0.2455768262268771,0.0354183908398444,0.0001225414727565,1.2886043214756084e-05,0.467079244070692,0.0048456154988194,4.631899350303248e-05,1.1083969613388615e-05,0.0002492675012904,8.446808407738742e-05
594,0.258214583777494,0.0102686387474236,0.2143684253252037,0.0235071731092276,0.1758967978707143,0.0883757312122508,0.0254220687963026,0.0051716244943725,0.2035269942898571,0.0234180301450479
595,0.18531621718709,0.0076832970241115,0.1695464374465741,0.016832256031238,0.1457574183185436,0.0684403393657629,0.0147717756645189,0.003883631236746,0.1270356711582703,0.016787455227092
596,0.4759021364696563,0.0825372039124264,0.0001080082520886,1.452971348150938e-05,0.1618146941885096,0.0059081760397819,8.970700108445628e-05,2.3060410404552545e-05,0.0002588347652676,9.483887155828006e-05
597,0.0007469868101653,0.0002821121480808,0.1448277399393462,0.0057213796494208,0.1418978855776779,0.0042530956892822,0.0012504758994039,0.0003760716475036,0.0459235325445452,0.0027172773758004
598,0.0604265521583989,0.0049080714532906,0.3384654756425068,0.0276431745103746,0.1468238929780347,0.0437080667458031,0.0153534812861791,0.0033277256901175,0.321619440269987,0.0275927143569961
599,0.216076951164347,0.0064735047903953,0.2012813792129061,0.0148777414641349,0.1540146654581366,0.073969143974982,0.0132367748774042,0.0035852567008351,0.1436553723108731,0.0148358454732383
600,0.1318595779498359,0.008024748211546,0.2499444342765479,0.0105616740105461,0.2083591822856896,0.0667900482825784,0.0133224993388794,0.0036008818906174,0.1139050692589858,0.0105441432749484
601,0.0015791202627849,0.001141208791786,0.0235251245858927,0.0061192156237386,0.0218325402982442,0.0067424578152804,0.0015333251824158,0.0011459970782614,0.0108657549238105,0.0034357434151448
602,0.0433000410291431,0.0088513045735994,0.0056945443067227,0.0010959395126294,0.4261940126637549,0.0038605277391182,0.0012216482331694,0.0001678031151109,0.0054411466112554,0.0010700885219788
603,0.0508211179357995,0.0039494445247298,0.2506184356937547,0.0812085262102733,0.1312154888226055,0.055692093178333,0.0319332977192257,0.0031822752829078,0.1664204955472054,0.0797492035397617
604,0.0014836835897627,0.0002775604316931,3.615835362492778,0.0053546744711928,3.6063317622884368,0.0033994049418332,0.0039320422281413,0.0003824958534198,1.5384055929326022,0.0043106379932131
605,0.1419466064507223,0.0077269917779175,0.1561256601521987,0.0148453412007504,0.1645373787078244,0.0773593997358569,0.0141853257935134,0.004319820284254,0.1461777389787711,0.0148158993872567
606,0.4530156109926011,0.0497400891237602,0.0001212720313306,6.341628761596303e-06,0.1688789831315011,0.0031837117931258,6.991277414518549e-05,1.3423199882549e-05,0.0002373781122376,7.233029503467323e-05
607,0.4998556568374435,0.0409677062317442,8.239744045622709e-05,4.508147206270346e-06,0.1580264587335981,0.0049068943400746,0.0001043429227406,1.9800123485592967e-05,0.0002345552317904,9.127475117200816e-05
608,0.148834392002173,0.0090294357932746,0.203970765207224,0.0090117726552583,0.2702340294107889,0.0554411302798321,0.0118949547046993,0.0033877277061795,0.1910650899141965,0.0089885705643217
609,0.1633689200279107,0.0276508439140269,0.0014702852688138,0.0003052221002096,0.4641283186658069,0.0064988505901682,5.554049658788668e-05,1.725292132098836e-05,0.0013666970492542,0.0002846569151263
610,0.1981979684402305,0.0101307560771999,0.1647739552967371,0.0109176746303271,0.2382317688371377,0.0422281076058041,0.0149939609765863,0.0036576478271079,0.1535122724649182,0.0108724731460844
611,0.0042469318811753,0.000881084307231,0.2108720704954392,0.1125855205833319,0.0768483362207894,0.0265968338771209,0.0076450781357653,0.0009971361004617,0.1816715842232937,0.0769922857143093
612,0.166182481956856,0.0083012019151459,0.2309674863929529,0.0118838392990342,0.1816823532535301,0.0723435513225843,0.0131909608305231,0.0035029081279432,0.1545137571393517,0.0118404938538645
613,0.1684987479108434,0.0093218918665909,0.1880702086735436,0.0100492930294043,0.1817167278620566,0.0765958941072963,0.012441411634715,0.0036150037822026,0.1829702257828639,0.0100186101621223
614,0.2251978953408731,0.0084796424750657,0.2865197420325787,0.0115072359191794,0.1758635428351998,0.0868786371801229,0.0105538972062772,0.0037489480880138,0.2551689856600184,0.0114721572819271
615,0.5535961975060661,0.1082585777897374,4.947235884390695e-05,6.480190316943741e-06,0.1271365242173562,0.0080856185554339,0.0001273590710244,5.616434880125608e-05,0.0003346848151467,0.0001551992595764
616,0.0013830834209286,0.0002791449922574,2.661250837838464,0.005328715141008,2.6540702468296997,0.0034159145407675,0.0036958965035772,0.0003848674744951,1.1812097996292097,0.004333181917626
617,0.2884434914648366,0.022322274144598,0.0044080051198235,0.0008174329538321,0.3609724139956499,0.0281326249865821,0.0007638704658716,0.0001411689944278,0.0042891922408058,0.0008159665693361
618,0.1686340479134619,0.0063881202352776,0.2023554620271238,0.0156288177408578,0.1271345862628927,0.0344652418153772,0.0112337228926322,0.0039137598250607,0.1379541960302889,0.0155922964451233
619,0.134932881147382,0.007518352831454,0.2071126569352427,0.014141072344561,0.1648670415939438,0.0790425065584062,0.0132884542931104,0.0039375368761496,0.1761927592035774,0.014115627434582
620,0.2001530208441345,0.0091646927622887,0.2185308123670499,0.0124594257055898,0.2090453164792117,0.0734351192492813,0.0139318288248847,0.0039400227244825,0.1923045074784382,0.0124287655410993
621,0.1505682336169613,0.0069263584487453,0.1923397707945515,0.0142570572344298,0.1761598238657546,0.0714782619711442,0.0114457704742251,0.0038804434476946,0.1761417431726598,0.0142323598490892
622,0.3029170527418053,0.0084246972098902,0.2031097741692107,0.0124084051783633,0.1848910656619742,0.0977677842265532,0.0202150379142532,0.0036755328971939,0.1918086300807948,0.0123496583530075
623,0.1623876429360067,0.0098137079859617,0.1998668890928197,0.0091712615586303,0.2022235561957637,0.0355709793479572,0.0151005147278809,0.0036570768864729,0.1834435068553428,0.0091460519108527
624,0.2314945067349033,0.0071337855820419,0.1758129347791612,0.0149200441462049,0.169354509046873,0.0891540772207452,0.0146995757951182,0.0040041617843839,0.1561923432472313,0.0148862411743364
625,0.2090338970773823,0.0087250743730354,0.1780467259023579,0.0096591092687981,0.1459025451166161,0.0620108798845861,0.0106279219445894,0.0035556243715415,0.1591749888131559,0.0096367042580821
626,0.0019703747758203,0.0014546821598437,0.025876945889835,0.0059802923083978,0.0273867216527414,0.0064115091953134,0.0017440850631135,0.0013347625025851,0.0105124092867975,0.003503043877044
627,0.4898099251100217,0.1034358181482202,8.47852624132018e-05,9.49563025239494e-06,0.1603673479588956,0.007173022231802,0.0001015810648284,2.3459379005209155e-05,0.0002817708273692,0.0001042805426363
628,0.2622133190982094,0.008840065004734,0.181722371617811,0.0090972903141092,0.2458880969924533,0.0424085919797844,0.0138793060456812,0.0032852843466476,0.1135287068628174,0.0090675926071465
629,0.0011178621257611,0.0002787113627333,1.440183202684125,0.0053380919765602,1.435326230188048,0.0034758154002537,0.0030780386743631,0.0003844763948113,0.6817580985794165,0.0044449803461453
630,0.189850344665434,0.009071493466137,0.201596711112249,0.0125169403954893,0.1406276584429888,0.0690442373012897,0.0128982669441115,0.0037008871577538,0.1701016594820935,0.0124596707832648
631,0.4840325840514085,0.0355257508074547,8.406902469028837e-05,4.903844291530286e-06,0.1588449954923943,0.0053887359864048,9.650210745716633e-05,1.9989012940818645e-05,0.0002154576131347,8.752392919553213e-05
632,0.1010893022076107,0.0080595287171829,0.193844232922496,0.0091513973431842,0.1821739595908843,0.0834484813457002,0.0122850564027303,0.0032527604919035,0.1724784847240297,0.0091342287047172
633,0.385803572441617,0.0500982998445302,0.0002395738707512,1.1471423054540014e-05,0.2667327984074519,0.0036537838676312,3.200866555189076e-05,1.1188944046101489e-05,0.0002975144913065,6.839722843675535e-05
634,0.1263457673784863,0.0231869420621318,0.0013022912468,0.0004090466526443,0.4007388900096821,0.0072066953999044,0.0001419304007191,3.020989571202474e-05,0.0012223248930068,0.0003907882262356
635,0.3856810334871174,0.0661796251695719,0.0002429780365419,1.159706624441624e-05,0.270327339268425,0.0036834671921184,3.629613300850752e-05,1.559716275720931e-05,0.0002931757774147,6.839517189515002e-05
636,0.3085214473218171,0.0097731791609843,0.2981625578591647,0.0091677027460244,0.2192098896274853,0.0309791942812908,0.0148332130629575,0.0032542977565825,0.2140224317484669,0.0091313270526471
637,0.4180235822525707,0.0067097946127094,0.1509639751122502,0.0168843582039559,0.1323356060740902,0.0608539601523507,0.0117681709882513,0.0037678057250319,0.0804558978902118,0.0168516080536149
638,0.439330972166524,0.0591010201734156,0.0001524045036924,7.574920565386154e-06,0.2081135257090021,0.0032996238889458,5.273768706694607e-05,1.495727526643754e-05,0.00025562709598,6.53432546813432e-05
639,0.1069635343419364,0.0073167284396331,0.3134399342065366,0.1298668109759302,0.1823868242382255,0.0834483295466266,0.043713296775689,0.0050241940767971,0.3031969352969159,0.1286699231381455
640,0.4973108308052673,0.0923187209408455,0.0001056048455999,1.4772556096496385e-05,0.1521246655326806,0.0075289358298121,0.0001071318418195,2.8804749928138683e-05,0.0002831839641997,0.0001128621510838
641,0.546831062598616,0.034410221641459,4.7708397112363634e-05,2.656451074713465e-06,0.1373031167636079,0.007401142007921,0.0001097247305531,4.270186583030136e-05,0.0002781253886794,0.0001301611692242
642,0.0013997727317644,0.0010540642727547,0.0251518984993813,0.0052704976415885,0.0251156833758405,0.005555553105028,0.0014438420166382,0.0010516054257065,0.0100522694641906,0.0030462255924954
643,0.2468227591552144,0.0094535441252665,0.1045020057806784,0.0104387900409355,0.2084664762767559,0.0807857134179906,0.0154515445867405,0.0034826388360907,0.1017214719742256,0.0103986084186137
644,0.1377033640872459,0.0058747152630595,0.1419256264899198,0.0279983477785395,0.1077419247968597,0.0372639832731309,0.0123786060281395,0.0040224626258903,0.1346407504594949,0.0278074898292241
645,0.1698672849221533,0.0074089864052021,0.2059651356501475,0.0127959865866494,0.1938312269330524,0.091577917052269,0.0079811601184417,0.0032879497975168,0.1810766490968433,0.0127551143055908
646,0.1445550482752065,0.0072552447238582,0.2447566224221562,0.1321153489419812,0.1793663529224186,0.0740770985433866,0.0592275610361808,0.0052106660841479,0.2433813877960939,0.1306810533578893
647,0.2430154889857133,0.0127316346879038,0.1461291053949934,0.0186055486272084,0.218843411477463,0.1115542568798584,0.0270545175470813,0.0050263252946706,0.1388445612607774,0.0184930010155791
648,0.0016816358183494,0.0002736428862164,4.395236231357512,0.0053981399698396,4.384390846847833,0.003389256862679,0.0044029739024559,0.0003741275464244,1.8129063052349048,0.0043098705331441
649,0.1528807733767056,0.0183870412744975,0.0028425617151441,0.0007385264434395,0.2671089738935698,0.0131793410496216,0.000135780827593,3.834725609425683e-05,0.0027992013472633,0.0007259625777967
650,0.0007628730659293,0.0002623019538016,0.0282533687072957,0.0052998885438258,0.0251728448831017,0.0029104858559529,0.0009794513075987,0.0003384016200272,0.008784385065699,0.0015243491598528
651,0.000748270585363,0.000275883774355,0.1426083681560691,0.0057320220874135,0.1396932287707409,0.0041764945825897,0.001253919135105,0.0003675732730497,0.0449468722231876,0.0026996120467548
652,0.4970603904867255,0.0466984466642836,8.678943442312688e-05,5.210898501094875e-06,0.1602260024373633,0.007035434880236,0.0001108449890119,2.672109482443052e-05,0.0003886024930424,0.0001058435375041
653,0.4360716020980406,0.0751006346329652,0.0001271970961921,1.4705615048719947e-05,0.1871829636798571,0.0068257955607679,6.0246556387634525e-05,1.7250300334555202e-05,0.0002833940253604,9.668223913220692e-05
654,0.2499638361310546,0.0082160611404831,0.2079488317399675,0.0147809123587356,0.2259796989149206,0.1150713218367842,0.0154436415940078,0.0038312942686323,0.187931559759004,0.0147300203537986
655,0.1616323676210045,0.008321197537204,0.2201424105320883,0.0086868951649689,0.1653779107473885,0.0653156023109739,0.0113313179881923,0.0030823501690239,0.1996686410483186,0.008665844041966
656,0.2793493599552186,0.0067188320900088,0.1765654997580166,0.0157507945899552,0.1393936667267219,0.0478763464422255,0.0118783606324173,0.0040833724237105,0.157437827710552,0.0157178539692696
657,0.0077462028876955,0.0011302189446378,0.3190527756872728,0.1892309515031727,0.1257231288045744,0.0481288467337885,0.0127980365780978,0.001249832976356,0.2870015694351419,0.1459776129574481
658,0.3628392323409646,0.0655192580119317,0.0001285107580505,1.1893210106852971e-05,0.3013888165431002,0.0061367500058353,5.716873372698728e-05,2.4289515806244705e-05,0.0002201418625939,8.881974237278265e-05
659,0.2959373752300909,0.0079790388835837,0.2253125670237117,0.0194691701523557,0.1044410790118045,0.0520252571747092,0.0165058417389997,0.0045587098176088,0.189127719619376,0.0194177895126039
660,0.1895725903859449,0.0065624939861887,0.2214760035248317,0.0186459295187062,0.0976963696035928,0.0399097722188977,0.0128159918260337,0.0040740165955249,0.1276266889630262,0.0185917761525453
661,0.2695507795453468,0.0097270837848539,0.2627043232845733,0.0104438832248586,0.1727845836593945,0.0689359051846921,0.0181748979311185,0.0042909406778987,0.1737618918635441,0.0104174129931747
662,0.394529002464526,0.0413601588619159,0.0001200309467039,1.6679177858782546e-05,0.2458486933013386,0.0108015724281776,4.392514426805883e-05,1.5850261067809534e-05,0.0002668698476825,8.78007775676543e-05
663,0.173985253020865,0.0118006944283146,0.0020567133496981,0.0004860965792086,0.3055718859795543,0.047074448258573,0.000124154537473,3.605427266848008e-05,0.0019886472359037,0.0004688644563395
664,0.001593938114176,0.001091853194459,0.079692551759813,0.0153006233189136,0.0250171028243998,0.0086336394307509,0.0024621870524678,0.0010681026768943,0.0239165167866373,0.0049063440768514
665,0.2115267983382051,0.0113308143135644,0.1907658618687935,0.0103735849338372,0.1981883666725115,0.0273642913816539,0.0129934535536135,0.0036813352396073,0.1722461965893799,0.0103245771238909
666,0.3114579625646494,0.0821194089652333,0.0005558267127524,2.5703208423487556e-05,0.4899405779912082,0.0049027720472826,5.251099158413737e-05,2.058162676132341e-05,0.0005574396388009,7.17777266494507e-05
667,0.2525459199665853,0.0078979839421639,0.3581029871027073,0.0529721510103214,0.1564776019426197,0.0730443509901026,0.0257805910204782,0.0051685940403733,0.2742167857708527,0.0527401950748669
668,0.1181901178835532,0.0192779044084814,0.0014155681522455,0.0004164647257174,0.3353929165024997,0.0098133855349419,0.000153441194897,2.705581784541225e-05,0.001348911268402,0.0004084681075915
669,0.0024098661875246,0.0017540432765046,0.0287153027356111,0.0084189268970023,0.0298308839151481,0.0093861936669939,0.002003366685614,0.0015258100931049,0.0146998370458203,0.0047376543378188
670,0.0026768478854812,0.0013640553929098,0.2674814231434786,0.0891612698951217,0.1111918532018731,0.0340217456471521,0.0045828045980622,0.0013801137419693,0.1195777065857835,0.0662626359721588
671,0.2357633898447045,0.0110940082746396,0.2250314468719538,0.0164972004889751,0.1855149170786692,0.1025591932538354,0.0252437988077081,0.0049553235591717,0.202744919164736,0.0164315531332413
672,0.169042148772908,0.0133051931535454,0.0028929834754765,0.0006837332925679,0.3035221249900159,0.054434822643837,0.0006175425565151,0.00010385303157,0.0028231759212494,0.0006776391556471
673,0.1237612883494784,0.0161318167735897,0.0012826417404388,0.0003419107963414,0.2743391601721917,0.0169148161347712,0.0002525144197886,4.381505311609739e-05,0.0012387717930384,0.0003488509053808
674,0.0304986869525079,0.0035067967545783,0.3600393489452478,0.1269528180107918,0.1771782929424431,0.0665372945284275,0.0270016098182286,0.0029278386602911,0.2633810341521297,0.1246254535296492
675,0.48656201078173,0.0263732415754777,9.2953064631104e-05,5.241764066400532e-06,0.1625359515823704,0.0077624660028256,9.39368791708112e-05,2.117400853119105e-05,0.0002221441119075,8.802856088517044e-05
676,0.3571577412189574,0.0074594089487062,0.1651864781569182,0.0396599391894978,0.1404267183068547,0.0703143919058484,0.0237877679442179,0.0054217810977489,0.1105620255212168,0.0395119474124986
677,0.0025848402463192,0.0019272803309191,0.1409359757366645,0.0531003599804276,0.0647610746263635,0.0185379937776069,0.0021731644308775,0.0015755353726691,0.0666781934996174,0.0144671329989636
678,0.2393811300986488,0.0071703905866721,0.130520836055912,0.0141915894652431,0.1518746300488266,0.0787296871139925,0.0131363970349147,0.0034971999075427,0.0929565501798588,0.0141483328877962
679,0.199596129254828,0.0327105298676392,0.0002435553444859,5.136074868597584e-05,0.4131455612930788,0.0096737006952582,2.978056001085891e-05,8.454791018209656e-06,0.0003678105784758,9.244781361672331e-05
680,0.001367039405075,0.0002855502411259,2.735551904139145,0.0053204145906738,2.728538532560657,0.0034281446112334,0.0036593419673411,0.000392991446039,1.2114766492807545,0.0043554913831571
681,0.0146642970298045,0.0032183354079245,0.2339969538719173,0.0882623457827808,0.1093178837876464,0.0520152253444473,0.0120034141224464,0.0022622146578546,0.2067406381909002,0.0864296974501811
682,0.1478822946766119,0.006670623850426,0.1605765302687444,0.0130436011233716,0.1503181804430755,0.0739014194679541,0.0091767606740127,0.0035727154596474,0.1387978224229503,0.0130162508013072
683,0.2526148813462128,0.0104141753680575,0.2276228489027628,0.0100180992630043,0.199882737115887,0.0392265854789844,0.013549333658422,0.0036385712861321,0.1829053486162478,0.0099809678720664
684,0.1851681969238853,0.0077319337228743,0.16413018066522,0.0127436127249467,0.1697336795105395,0.0849711694442481,0.011389985903149,0.003647434345397,0.1158560090051286,0.0127152493434517
685,0.002362352078233,0.001933633119418,0.1434601404466032,0.0586517414518845,0.0668012377197939,0.0261464724919056,0.0029745389820425,0.001569648624518,0.0997150749321957,0.0392191663888831
686,0.5504976323235296,0.0076097867180914,0.3039154914187317,0.0219547803822207,0.1529214211615496,0.0731642251772699,0.0115611386397601,0.0042597299414997,0.2513373017074846,0.0219066045697027
687,0.0444476797006446,0.0047102306431347,0.1941316845373899,0.0905440245445397,0.1190743341062008,0.0538156174084156,0.0271495857883662,0.0030911302290472,0.1857867602707638,0.0891870226663395
688,0.3472740765388572,0.0067893355150924,0.1910322336676542,0.0180904723222146,0.1480539751288821,0.0582530897879676,0.0145209622261073,0.0043199928619689,0.1583742655406538,0.0180486223847045
689,0.431031530762769,0.0745109582906927,0.0001434243468188,2.198798592822573e-05,0.1858090068443466,0.0068006586413335,6.255861058789163e-05,1.6665636091695884e-05,0.0002456497871739,8.832679727151153e-05
690,0.1340833380806135,0.0076116122216507,0.2580665019207752,0.0101300702514286,0.2300965619443194,0.0871346352861009,0.0105865067819046,0.0033927159998143,0.1779250062787515,0.0101071114873168
691,0.4786120662761579,0.0321594712548445,9.864266187829435e-05,5.523597788186644e-06,0.1653279339230444,0.0069367762059459,9.256489658112644e-05,1.9779426530578653e-05,0.0002315674561872,8.775907469489316e-05
692,0.00218785404115,0.001439234997567,0.2941410132915535,0.0969105118899001,0.0917676273098724,0.0315496124534943,0.0039279240301568,0.0013588159620789,0.1420092032790261,0.0464638382459071
693,0.0019750872716113,0.0002859042602924,6.142100253165221,0.0054712785902636,6.109906663902364,0.0035053644606026,0.0051043549180009,0.0003873544444344,2.380718388012776,0.0045203105584188
694,0.3166317733240624,0.0102721957226537,0.1947778794437773,0.0220615921335654,0.1753791875227329,0.0939332783828244,0.0260001875067974,0.0047768699913,0.1224300209185778,0.0219760034168642
695,0.3932522751404695,0.0075805639405931,0.1997714984643671,0.0190221014136848,0.1617626566526169,0.0534519713045021,0.0174786866569845,0.0045565714617336,0.1806043475056026,0.0189766148676793
696,0.4648143799550823,0.039461641782046,0.0001098736940612,5.881093696989294e-06,0.1682163341405401,0.0052657281786352,8.048465913864411e-05,1.7862754853117726e-05,0.0002433052872464,9.120206248407996e-05
697,0.0008646226068462,0.0005576747612834,0.026218507832168,0.0039155591621058,0.0124558610562745,0.0038776770997074,0.000870094473395,0.0006329736242632,0.0071790776304592,0.0021110727435127
698,0.4298376192062645,0.0400228442243391,0.0001515312057457,7.888535774415352e-06,0.2103472431891528,0.0048609319782575,5.257254700218398e-05,1.7670859047064378e-05,0.000269484933734,8.031274379012552e-05
699,0.0147513153650682,0.0030717279884766,0.297248680457335,0.0491174540192228,0.1187635383531616,0.0441870607756526,0.0116239467896971,0.00219186773474,0.2617716126861031,0.0483418741727197
700,0.3482160924263605,0.0094741828504293,0.1723154534608293,0.0116084838422068,0.1962626666655536,0.073049671775562,0.0130690811856168,0.0037002812181636,0.1369402451613734,0.0115721869645723
701,0.0007338918772865,0.0002912553623247,0.3477300283859211,0.0054373936665183,0.3449148363310585,0.00377978782186,0.0018103854718403,0.000393701719826,0.1749084230309625,0.0039283598148143
702,0.082678905199699,0.0062938085052841,0.236822413135211,0.0509497932379842,0.1084673093985059,0.0537529693117811,0.025560781411397,0.0043292781123186,0.2309982513365705,0.0505702346981145
703,0.0037277023652211,0.0030485012280661,0.4230180123155126,0.0808664490754917,0.1028332563126009,0.0277192477668967,0.0033882790672563,0.0018310449296097,0.3263765985259998,0.0498277193644366
704,0.3290539964361691,0.0074135265208921,0.144264533719345,0.0197155538866887,0.1247470185230407,0.0616880363257397,0.0159773720310435,0.0045705717468328,0.1268947910160858,0.0196764233838827
705,0.1916710369263828,0.0113802063809595,0.1798626380157525,0.0252214890695182,0.1320860823971802,0.0600925754520261,0.0354914199051911,0.0060500434714905,0.1781759697177246,0.0251406827601466
706,0.2015697545404614,0.0085470741197846,0.3348223687188281,0.0107149048450813,0.1634774831655364,0.0860599448677306,0.0112930613287223,0.0037069609708296,0.2546755767475698,0.0106836838796658
707,0.0014305285440182,0.0002767536332077,3.0761123971505726,0.0053520700208932,3.068440690544478,0.0034026199579741,0.0038050466049475,0.0003809125445399,1.346198868145109,0.0042918373019218
708,0.2131194885020243,0.0087462932746699,0.232729972364497,0.0095280456704628,0.2140258304252187,0.0628860150213709,0.0095202415965248,0.0030942521536539,0.1887981196622577,0.0094988640494619
709,0.1357976285359787,0.0080538281606503,0.1955000424318398,0.0141963322657538,0.1622446580265196,0.0632012422289473,0.0149602896548338,0.0041808648879358,0.1310071242910079,0.0141739915796213
710,0.0302108565620873,0.0030603744292905,0.2288693287032349,0.0641133284270812,0.1200473451788187,0.0441029594534788,0.0238906265659427,0.0027986839774823,0.1866235759721553,0.062139995450869
711,0.0368222232684966,0.004768544324415,0.177093604472979,0.0525985018764027,0.1010365262377287,0.0552753375341801,0.0205099227905256,0.0041667934667683,0.1205455146309545,0.0517850479586154
712,0.0102854677528547,0.0013304575866565,0.1985657781792749,0.1029004875353397,0.0816519151753258,0.0264163785040797,0.0145623088716607,0.0013890354259955,0.186905910276482,0.0929624830127589
713,0.2182381768190398,0.0094048437026447,0.2269285128666716,0.0078641486647813,0.16113120316804,0.0296346096588458,0.0110334900524239,0.0030486660185146,0.2094107198821987,0.0078471119883927
714,0.1818760368420778,0.0090279225952884,0.1930904510606945,0.0131491335444589,0.2308437400661227,0.0699125512217563,0.0186285234151261,0.0040944903906354,0.1250675154305465,0.0131038686124946
715,0.0498643634520685,0.003535245964148,0.2202761897694519,0.1042532379087982,0.1361403298442529,0.0501165322648477,0.0374661814551176,0.003189079154708,0.1952894630011401,0.1010964958957793
716,0.4388156036453242,0.0085930042651428,0.2872264953566324,0.0234736103178227,0.177645203243881,0.0724049852217345,0.0203756047939056,0.0056348939077087,0.2665451926483579,0.0234318485562425
717,0.2668360037417381,0.0138364076844608,0.001552393201306,0.0005192289160564,0.4295396619414653,0.0264708635475202,0.000111329119673,3.5598713240753e-05,0.0014885577408029,0.0005162119628685
718,0.300459295901,0.0100788601510124,0.1933994109981507,0.009640601023112,0.1786945039530826,0.0339174359126019,0.0132634922479958,0.0034441815326997,0.1812637809459852,0.0096128293534173
719,0.0698023967685834,0.0043595089678977,0.1439491538830266,0.0653931630042845,0.1452809556633776,0.0629156194480233,0.0336088569154034,0.0039652459918857,0.1211218024845283,0.0645852112219841
720,0.1793217644792816,0.0074709935251377,0.1533063089379939,0.0149734782244336,0.1884166984862915,0.0969868912955051,0.0116624996750661,0.0036693054641928,0.1233404267238059,0.0149428221930467
721,0.1115865040760177,0.0255526489156321,0.0019597709455339,0.0003337204463444,0.3662372299290781,0.0068667233607458,6.057316675032109e-05,1.1306558820337538e-05,0.0018731625157668,0.0003157472108687
722,0.0018857930649469,0.0002837419868049,6.528809900121016,0.0054369687339652,6.505497804279407,0.0034249578078913,0.0048993810264659,0.0003871554667456,2.5056136151659283,0.004384477048389
723,0.4300063649925505,0.0273738584387731,0.0001526543322089,7.94393125209199e-06,0.2080442764382825,0.0048829844497953,5.2173035397927045e-05,1.2137955234060526e-05,0.0002664851677339,7.183061969880972e-05
724,0.126057402103093,0.0056362529058733,0.1323030475402938,0.0567492015118509,0.1410423763521081,0.0586557608511464,0.03347074442065,0.0038633062204549,0.1282174421553846,0.0562990751954576
725,0.4876224669336304,0.0084264801345954,0.2599809476061799,0.0269550063847156,0.1357713627631269,0.0644539845320569,0.0159702239931225,0.0050031613392521,0.2361192420825017,0.0268807042103298
726,0.0406299562558921,0.0039139323060851,0.1955565109518009,0.0409284834889554,0.1015331967477966,0.0501763214905055,0.0207335551891136,0.0034881440584756,0.1165000739350071,0.0404061817953312
727,0.1689925683696699,0.0071165516145736,0.1401966843093821,0.0113336126099401,0.1314857473725343,0.0645225399408061,0.0095967005714366,0.0030682593176373,0.1341182035001062,0.0112964570347095
728,0.4857149548215382,0.1185947588619978,8.772226028189177e-05,8.480653399328568e-06,0.1616320155477453,0.0063603073308535,0.0001515792333322,2.6447533185416357e-05,0.0005089042463494,9.971072293000166e-05
729,0.1869813643970954,0.0241479611812456,0.0019215638905144,0.0004094758357585,0.3829488047580919,0.0061296827896318,7.35253293518822e-05,1.5869135352692785e-05,0.0018524912871701,0.0003915552480852
730,0.2137551703396716,0.0080749702418217,0.2274900223569252,0.0131247244963652,0.3050937181915477,0.0970772811180864,0.0105883809528831,0.0031493684139304,0.2026696208169376,0.0130653123219737
731,0.2585023565888013,0.0097326199690448,0.2563038691017567,0.0081035548819736,0.1998833254597647,0.0304745745756301,0.0130245632540907,0.0032859033501994,0.2112384539634522,0.0080839222797177
732,0.4713474772209955,0.0427906560058217,9.473392597148348e-05,5.454198381200582e-06,0.1629795678209566,0.0045149868812889,8.642125777226822e-05,1.9414203455686e-05,0.0003022790496871,9.170133092365983e-05
733,0.1683624696523611,0.0071492702181015,0.2061821492074871,0.0101734131622459,0.1423110272778081,0.0770555924090443,0.009427714978177,0.0031922421382261,0.1827918501897707,0.0101505740222193
734,0.0009702714146527,0.0002935376590642,1.0227882705816267,0.0053770081788681,1.018595484599591,0.0035770658416379,0.0027234185648381,0.0004015487879311,0.5211168069019391,0.0044939960649805
735,0.1605934987041162,0.0074387438318408,0.1739856464393734,0.0119990331203809,0.1976544086363325,0.08534680777138,0.0106137473928717,0.003710941309439,0.1674590996736658,0.0119700219081845
736,0.1461797631155902,0.0101354464143331,0.1546974731960413,0.0089449666832784,0.139201275297113,0.0408222550436369,0.0160421704256638,0.0033639586817283,0.1292695121667361,0.0089202384376045
737,0.0110150771346041,0.0019241778706529,0.3012756445056155,0.0380244715140462,0.0942242274758955,0.0356279886899388,0.011004022864495,0.0015811674356383,0.1253905273910506,0.037314009632969
738,0.396818993618379,0.0631277501891002,0.0002103993536214,1.031734405154184e-05,0.2558382840545582,0.0030984368540454,3.954594117946803e-05,1.2859561002372746e-05,0.0002916256578783,6.807494228963635e-05
739,0.4551905363286125,0.0500030577841108,0.0001212932194629,6.232736623786967e-06,0.1731759191740905,0.0036612127267965,6.990187597750621e-05,1.5731387897649235e-05,0.0002620750766379,7.751984399581592e-05
740,0.0014550168897211,0.0002806551693051,2.952912093596206,0.005326687537995,2.944840945799929,0.003397925943349,0.0038648060749923,0.0003854488468607,1.2993737486596373,0.0042601495885506
741,0.0747725051129747,0.0061163275805658,0.1280500153932038,0.0821962105959817,0.1417942735004597,0.0671481563147405,0.0291928830804201,0.0040112061034093,0.1268332493821442,0.0815119826926305
742,0.0680050935811056,0.0042054641797241,0.2718170997527274,0.0294637092079641,0.1620109084820714,0.0545546626010127,0.0158027186037944,0.003289953159392,0.242428117472788,0.0293488161523717
743,0.321187162670729,0.0071265898512757,0.1629316072870172,0.0170654064377096,0.1467773426266103,0.048754301549703,0.0130945814132481,0.0044042662793327,0.1232169563939018,0.0170425625811394
744,0.1839128437395143,0.007592303302945,0.2190722684855916,0.0139460329821556,0.1706813952590708,0.0820563540321599,0.0099592861387929,0.0037550189295963,0.2049255449805261,0.0138997102169922
745,0.1896178937183932,0.0065723288408055,0.1981626208690299,0.0274406436843383,0.1073751125203912,0.0442571084205514,0.0161724569031335,0.0047646953586938,0.1742325295968745,0.0273357322759353
746,0.1486830320275491,0.0072076192822272,0.2075004911073102,0.0248755739352584,0.1259730740356285,0.0478245528298149,0.0168502724427651,0.0051180436929797,0.1858352191492551,0.0248007280115216
747,0.1284351776837783,0.0055383417849383,0.1229438537653714,0.0098969629051474,0.1136376657768824,0.0495153689907668,0.0109146824974881,0.0024789613730208,0.1093481552859121,0.0098629034138971
748,0.0007304865523399,0.0002823555526719,0.4182615719685415,0.0055519072232961,0.4160102202796144,0.0040198907320082,0.0017777858005115,0.0003820926641655,0.2050168594468579,0.0042459801035506
749,0.0011607927919646,0.0002844386280772,1.5529878292300416,0.0053375970378952,1.5484075663509465,0.0034513252219834,0.0031800545741508,0.0003910865209434,0.7371307789401592,0.004344885345091
750,0.1911831530092241,0.0080020158645886,0.1889491438338976,0.0080237660270402,0.2068206589735516,0.0328792997806038,0.0085418957173343,0.0028569735441198,0.1821964067529724,0.0079979193360727
751,0.0007374015248848,0.0002876653551436,0.125344998309995,0.0055645121762403,0.1224336951371975,0.0039247104523066,0.0013144817311388,0.0003843726198318,0.0470094286076654,0.0027686296603293
752,0.1394376633904071,0.0082072973052095,0.2076224661332631,0.0670264822831597,0.1337961358535394,0.0681751813300867,0.0335002862249843,0.0052056572500535,0.1968102485121108,0.0665994921853001
753,0.129253556491632,0.007467824964483,0.1739357903342759,0.0143439927030441,0.134976618900682,0.0669500082287291,0.0120778142496987,0.0039830472715969,0.1376053252408876,0.014315174175671
754,0.2074043573772515,0.0099745320271963,0.1947796104174238,0.0101435848808882,0.2285730169688442,0.0388644002603104,0.0151530944211251,0.0036952521548108,0.1737825450610377,0.0101046261735247
755,0.137855025841125,0.0146725273018716,0.0019518735263573,0.0004547302520221,0.2853274050129442,0.0109594146717949,8.580294274083744e-05,1.26495492404208e-05,0.0018977670726239,0.0004384010471766
756,0.1560278340337467,0.0071267043258209,0.2281327270660851,0.0104579742147763,0.1470162981501312,0.0677577897143365,0.0106237056729029,0.0032224725512577,0.2202528863811745,0.0104414941747698
757,0.5359467330251995,0.0271780760400649,5.614017929923633e-05,3.497243081273383e-06,0.1430140726586063,0.0129818905791991,0.0001822136413133,4.609878499568363e-05,0.0004623894055431,0.0001443289556357
758,0.2011783012280648,0.0070983119195538,0.145286573023223,0.0210459448502284,0.0954563045812212,0.0477233889199491,0.0130914218011647,0.0042315039216759,0.1061549721985615,0.0209859878452866
759,0.5115312065545038,0.0315456708320956,6.39971398466297e-05,3.9607751603422605e-06,0.1450721028323866,0.0060874726519059,0.0001079789726516,2.986503447107643e-05,0.0001908341652494,9.723280851948374e-05
760,0.1096734293476145,0.0091400345694534,0.1974076029913948,0.0086363146707318,0.1599014777516397,0.0609786296774018,0.0115800318239158,0.0032561850806036,0.1579753340814436,0.0086164199014031
761,0.0017017984968407,0.0002814953391346,4.245237204095114,0.005392364743998,4.234229623013233,0.0033989383523346,0.0044548484835024,0.0003834181761346,1.7657786291064892,0.0043165003430625
762,0.0031628001320169,0.0026794282158432,0.0742830148476891,0.0162491098415366,0.0409740942421195,0.0166949381089892,0.0025832822549353,0.0018620493716169,0.0353939250831491,0.0095719510107618
763,0.0505141765087918,0.0044069924368911,0.4366525335736358,0.0861957252491377,0.1543331511480199,0.071337203860521,0.0301764182052517,0.003289320255949,0.2681320605096631,0.0852857733245853
764,0.1040403203281489,0.0055321601670772,0.2079447565169139,0.0850102488020698,0.1335891490715414,0.0616603749698005,0.0401108928596191,0.0042775230768362,0.1859798499614937,0.0838562299203374
765,0.4795702210655362,0.0443917190058289,9.058275553014834e-05,5.07868212371076e-06,0.1645380241922767,0.0037056361961568,9.298596837342204e-05,1.631670673443392e-05,0.0002182738981263,7.861663899748459e-05
766,0.1611171024005756,0.0088932727190748,0.3403344723418376,0.0095627100435262,0.2258792611641035,0.0485908801261566,0.0141574889986383,0.0035695538662094,0.3145181683921612,0.0095327536810958
767,0.2109470458543141,0.0670029884203899,0.0001593437412105,2.2772014588103367e-05,0.524310674320427,0.0068703945684486,8.541036321656217e-05,2.2609139446618308e-05,0.000325458017914,7.699989687716037e-05
768,0.4765538889924234,0.0302507949106255,9.950910270879856e-05,5.575768639766526e-06,0.1637472806899225,0.0066117777421814,8.632409803469403e-05,1.915932291946904e-05,0.0002128048888145,8.312811090535946e-05
769,0.1551811991024931,0.0071085458349686,0.2315170371685813,0.0134326340626357,0.172136695981531,0.0795097444165221,0.0122960393876703,0.0040682882991203,0.1222082789843725,0.0134062322994134
770,0.2312282640238608,0.0083531199367317,0.2219145793971604,0.0108598917589687,0.2465356094413006,0.0443447713508408,0.0116277651679125,0.003493742735739,0.1788716960067409,0.0108140376971381
771,0.0777920501919821,0.004472659187804,0.2183906489182687,0.0501457452522028,0.1205534883967958,0.0579408472015486,0.0273537967901167,0.0039217204420001,0.1079623401074898,0.0495945773026464
772,0.0526690408658514,0.0038501919490921,0.1909919484538724,0.0772158996300861,0.1418395547248069,0.0647312584572619,0.0344175393246901,0.0037827390907312,0.1437118158423859,0.0757992438818212
773,0.4252312168477532,0.0067223302508136,0.1730550313237283,0.0198945304116319,0.143619638452882,0.0672862087662783,0.0105701350081027,0.0037656400416628,0.1009696428620957,0.0198429485427767
774,0.0617554274441159,0.004882731202778,0.2448677084479393,0.0489341216014682,0.1097865779130717,0.0545869462394095,0.0247630772844766,0.0039294635596422,0.1276561119430135,0.0485585473065406
775,0.1513921339333383,0.0211714450708255,0.0023427511993143,0.0004230809720522,0.4823857186089857,0.010114355337315,0.0001064432167207,2.385965428259397e-05,0.0022385319839403,0.0004029924394549
776,0.0545854523045861,0.0040158897896195,0.1925225296309985,0.040395425101527,0.1048011155626266,0.0474446782312095,0.0210623438181313,0.0033137929406118,0.1179417765865572,0.0400415758509721
777,0.001212095347703,0.0008133872781219,0.0477401247950192,0.0099406084785607,0.0160130738048595,0.005518262168535,0.0013296581914451,0.00087995275182,0.0116869916862293,0.0033831338480746
778,0.2158865003291112,0.0087136133881303,0.2099889327727136,0.0091565884100746,0.2022174460787517,0.0597413722935439,0.0082441236335619,0.0029114115686271,0.1680404422038236,0.0091315375895365
779,0.3454709253341401,0.0075298167394192,0.2710467028376281,0.019596098020428,0.1454410265266942,0.0628508218972527,0.0158095772210364,0.0043905351535295,0.1535385961432398,0.0195359758053852
780,0.0015732421258906,0.0002828619731923,4.307121648625621,0.0053235504641132,4.297694582651136,0.0033808389547654,0.0041485716007715,0.0003874016434824,1.7732078542231973,0.0042641322996598
781,0.2489143241153794,0.0071790899263807,0.1676142479218037,0.0172616367833285,0.127720957134282,0.0535430851992974,0.0130928344224101,0.0037171579307445,0.1106289353272855,0.0172005613406141
782,0.206081395058865,0.0543914925439787,0.0001259802705777,1.7737143995266255e-05,0.4952170703569714,0.0105136505505012,8.608298298441433e-05,1.9343094896920336e-05,0.0002490050985315,9.201295135624316e-05
783,0.451027907635911,0.0258843958496154,0.0001221103280251,7.339670621369905e-06,0.1734247048973023,0.0081919548277625,6.993310032218575e-05,1.5866801111547136e-05,0.0002637694593163,8.662938002084703e-05
784,0.0014271956249387,0.0009695315832202,0.2311869292708386,0.0804369026023063,0.0704530593451747,0.0183420828150809,0.0022975646234721,0.0010098229382706,0.0664275866250567,0.0159704253379329
785,0.4189389307746469,0.0730117131382236,0.0001475958546674,2.1356971253625168e-05,0.2138201960200508,0.0078868066099962,5.39327751329401e-05,1.677647802145781e-05,0.0002425267505428,8.313813424471776e-05
786,0.539066415639244,0.0301635882044851,5.309379081867124e-05,3.0739915879997943e-06,0.1403994178982379,0.0098019176873483,0.000114284428661,4.025977810116444e-05,0.0003332729451279,0.0001320192580264
787,0.1894159494802804,0.0081185439626769,0.2330768402915357,0.0086262299304949,0.2490342708447658,0.0393555826620685,0.009671552790693,0.0030750849907058,0.1770278645321962,0.0085887256482116
788,0.4804182321664585,0.0837465901407578,8.847282497323876e-05,7.924222447694727e-06,0.1621275322029702,0.0058318436141246,8.970118663615454e-05,2.3277293545343832e-05,0.0004213971683428,9.107751524734496e-05
789,0.0014880522256278,0.0010734080680649,0.0264450680493728,0.0064577697150284,0.0236538372162396,0.0062989581827045,0.0014347370551227,0.0010664294647682,0.0112899001567188,0.0036226357859151
790,0.0016916555499924,0.0002738629391611,4.444617078145692,0.0054238162168046,4.4330964242587685,0.0033933205900833,0.0044241412119849,0.0003742777584839,1.828596837178836,0.0043517535832926
791,0.1963138533679408,0.0089092911252956,0.2610067084032955,0.0104755823957295,0.2004270163501946,0.0569736012357172,0.0166123238429851,0.003608325669954,0.2287125816806212,0.0104369218412109
792,0.1097554148616848,0.0055752014170419,0.1529767261634236,0.0565396171436323,0.1110133347546364,0.051948930828111,0.0310975802762811,0.004090852246995,0.1427883431153639,0.0561189414192427
793,0.0007731532296032,0.0005125540849784,0.0239109692648943,0.0039111412849762,0.0126190469053649,0.0036260607087737,0.0008410578820316,0.0005881943765938,0.0072372142908598,0.0022226405002546
794,0.0100190191021183,0.0024176106349274,0.2469808618185251,0.0664500094957524,0.1391847220379659,0.0454459345898844,0.0102555768875958,0.0020997734468345,0.1964590644476042,0.0648369293475609
795,0.0569265463575353,0.0045677368266348,0.0029511824159853,0.0013330362488601,0.430350004739634,0.0128963986675107,0.0004902234205487,0.0001146180702252,0.0029768877466809,0.0013807350011175
796,0.0015504817019906,0.000277494109538,3.7778193426357474,0.0053450600418501,3.768275707294956,0.0033830588754788,0.0040908779478142,0.0003805057388225,1.59780488359139,0.0042959413379031
797,0.1342981186663804,0.0087770023272705,0.2257376481987756,0.0132987668532933,0.1718441187936094,0.0815577073036297,0.0150823770241524,0.0040012586162894,0.2146869412391996,0.0132620328739884
798,0.0384013592235458,0.0029986506400257,0.1547949803153612,0.072325058594811,0.088880059870568,0.0298545068372116,0.0275621691081359,0.0027990919537294,0.1512526574114033,0.0694598857889177
799,0.1271277045800753,0.0084535542386519,0.1424410564363051,0.013964881380914,0.2086855910572092,0.0478463747952118,0.016472009920488,0.0043026516597141,0.1241952738485419,0.0139330451091594
800,0.2598695449682919,0.0514145345301629,0.0002296516903666,2.815692410938373e-05,0.5563368319502014,0.0060808171533206,0.0001006555313655,1.5263698716996167e-05,0.0004163127486912,8.510177191662262e-05
801,0.1802917492444376,0.0086960400548518,0.3160200608597214,0.0148665215883095,0.1901083078574454,0.0851418563958048,0.0140751580437684,0.0045147898861675,0.2488796422078388,0.014832809919528
802,0.0012154380020407,0.0002741891544795,1.8873752046476613,0.0052850169413051,1.882458930330404,0.0034698246374937,0.0033026099709513,0.000379068673253,0.8801809266685166,0.0044893469781051
803,0.2555864789128762,0.0099853979048899,0.2584140290555431,0.0515656504613676,0.1447903166143821,0.0828682120257999,0.0317415793322283,0.0070712594894867,0.2432778748471214,0.0514233076082485
804,0.0025514350196804,0.0019405449589471,0.4170138052948702,0.1618355283409481,0.1706254881626684,0.033149236264344,0.0022148807832704,0.0015917974416603,0.2291752046261407,0.0379086267354424
805,0.3706021874015646,0.0638710069803725,0.0004593197119961,9.3280732507308e-05,0.4932806100454001,0.0057639611929172,6.458354710929981e-05,1.5807160577169176e-05,0.0004128641378995,7.784333999523376e-05
806,0.5493665172292195,0.0335794763983979,4.4550371494151466e-05,2.5221778024227405e-06,0.1328631696432288,0.0091924148624867,0.0001198435535079,5.159408696455471e-05,0.0003420872976043,0.0001506740899712
807,0.1792614217577783,0.007453094330795,0.1943731262959279,0.0096071179220237,0.177127654869473,0.0886908984787768,0.0110288063540889,0.0033781858683586,0.1461487328070528,0.0095860312753055
808,0.2088743712535056,0.0085727137440706,0.2536129866604438,0.0085446162694169,0.1555643370905192,0.0464322597804485,0.0124109435409738,0.0034421753014148,0.2254817128180563,0.0085243238757469
809,0.0015337879992006,0.0002736006085182,3.519820159177991,0.0053591376659089,3.5103855897030463,0.0033787626114243,0.0040560608568353,0.0003759462073785,1.515012582376056,0.0042758569118775
810,,,,,,,,,,
811,0.1340722445623186,0.007574102428965,0.2633891366330689,0.0098709137156369,0.150979093137888,0.0755039833194546,0.0107117065749087,0.0034272409119488,0.1541267668465582,0.0098509951361401
812,0.1348162883047367,0.008048411104713,0.1443250629168671,0.014302884471583,0.2200907993496917,0.0553397195686873,0.0109227545242125,0.0037787235088202,0.0911730708962813,0.0142577709723802
813,0.1196959625596902,0.0180879274653126,0.0009144557442193,0.0002329439528288,0.305392887277696,0.0086912664552376,0.0001079392094335,1.8878655764249794e-05,0.0007978359327329,0.0002220235922224
814,0.1303263851265103,0.0179273516306874,0.0012694932542269,0.0002017768573683,0.4551225938923011,0.0099037376900106,8.374518390834642e-05,1.943773660304477e-05,0.0011054901474274,0.0001888012370967
815,0.0241082438280712,0.003617684812182,0.1813321457224912,0.0850299821997137,0.0964066427032206,0.042452099360919,0.0171728802078459,0.0023121803733047,0.1784761447978147,0.0826746112005007
816,0.3286821578442438,0.0069236066500446,0.1873022347634663,0.0213136214682372,0.1284121305321957,0.0564162280237981,0.0150857733625675,0.0040495485221698,0.1742079946938729,0.0212765381049408
817,0.2008642894685573,0.008738838652042,0.2058747784451933,0.0099476733897112,0.1906365032808889,0.0782915339611928,0.0116609826150248,0.0036992916681748,0.1821124374458248,0.0099264813465175
818,0.0321505222558492,0.0029379159609619,0.2118097982508197,0.0673222792060106,0.1161689745971262,0.0461626906295864,0.0246929401706659,0.0025885633624709,0.1929978965856293,0.066086066573534
819,0.1887332538097323,0.0059298785331341,0.1554171373220386,0.0200192612717308,0.1064453523128384,0.0415459109455754,0.0129144178623304,0.0042658117079826,0.1332380534877874,0.0199599278489832
820,0.322312020866531,0.0091838245283789,0.1548272787253092,0.0216947794152987,0.1776574864744361,0.0826670221407317,0.0201181168532595,0.0045291450305982,0.1043388760593714,0.0216243339726644
821,0.1837283331594638,0.0078820668326448,0.1839693369127347,0.0118160629515102,0.1780962745339384,0.0763038548218136,0.011315584317704,0.00384793544608,0.1436191340839034,0.0117979464349474
822,0.2197762069492209,0.0096618386396691,0.1638133037397031,0.0119468565663116,0.1678552628421356,0.0970065526321715,0.0156159821439376,0.0042573151177421,0.1578766271636196,0.0119190737671445
823,0.377893553431477,0.0063000221726038,0.204776438638715,0.0210856156766757,0.122975879547819,0.0607982491468858,0.0110057679375785,0.0038590774458382,0.1344847211250911,0.0210166630173978
824,0.4652290658745065,0.0577628535400163,9.59472041313601e-05,6.615071727047039e-06,0.1648813423468209,0.0045024180873799,0.0001140353572265,1.980810574137365e-05,0.0003254880818149,7.38934264635903e-05
825,0.0766566022564851,0.0056803291351382,0.2278936738346485,0.0238836374424658,0.1386039217239718,0.0440726483643148,0.0120739015780652,0.0040105138879708,0.2092425533915252,0.0238263077006887
826,0.5070670338837727,0.0406506463670659,7.640961997365509e-05,4.143286004786354e-06,0.1540364754022564,0.0048855910418572,0.0001098575383856,2.1778028602276062e-05,0.0002308672044169,9.367088400146032e-05
827,0.1841033945670413,0.0373112914290098,0.0008457651571099,0.0001439325658987,0.6205504859619329,0.0062164833026856,4.485545035891531e-05,1.2549915126805016e-05,0.0006370643446371,0.0001222292389759
828,0.0016078836139702,0.0009880024141317,0.1209200755560501,0.0533880478198433,0.0343968554572845,0.0083004942834198,0.0018232243981712,0.00104476206071,0.0454096760470801,0.0086146890596838
829,0.0007249084474454,0.0004066887333034,0.0255318714285991,0.0039145810055252,0.0141533373375718,0.0036529784767048,0.0006709910896994,0.0004766899064895,0.0086289306981658,0.0021929377365145
830,0.0907046744208148,0.0309113621889908,0.0014007889822608,0.0002608168515618,0.4683854117624272,0.0082543421799824,0.0001215821448235,2.248979859303252e-05,0.0012775870711294,0.0002561593505905
831,0.0010524006570514,0.0007093247820164,0.0245779979138176,0.0045841761896767,0.016207880517919,0.0044313679039876,0.0010840513689886,0.0007849444360608,0.008810168601928,0.0025021313663556
832,0.2173607549836025,0.0078510826591571,0.2405174116075489,0.0124602208108317,0.181316715629477,0.0648825051418255,0.0095813026963147,0.0037360686679403,0.1651599447752015,0.0124290144072058
833,0.001973473563072,0.0002881980007127,5.549542563497783,0.0054494268589322,5.515532025377306,0.0035167515832418,0.0050854822450622,0.000388578435929,2.194840044401228,0.0046395927839401
834,0.3699309347418061,0.0822387969532883,0.0002423380427033,1.5610106253446533e-05,0.2759561552267009,0.0062835445148959,6.902442134478812e-05,1.8253478352117665e-05,0.0002932040889474,7.879374179204466e-05
835,0.3135839084933841,0.0073375086643573,0.3419727108663894,0.0270867827582018,0.131895766255937,0.0541096901326343,0.0128720125836508,0.0044692011186989,0.2209851443601856,0.0269820741059905
836,0.0007603750454455,0.0002913035775428,0.1822061375597148,0.0057354142237737,0.1794120733396391,0.0042978508337031,0.0013084863696607,0.0003878998735976,0.0629300910967061,0.002997570054916
837,0.4805017950831284,0.0325039060205831,8.50501375739177e-05,5.6241758282240405e-06,0.162345267827722,0.0061433620498178,9.63517268971054e-05,1.921056631830964e-05,0.0002390059537988,9.285464876856645e-05
838,0.2687641501928859,0.0091850640574431,0.2781937065339126,0.009789847778647,0.1711311382219119,0.0348611501786784,0.0122527352355523,0.0035786279658782,0.2631504853715655,0.0097580341969164
839,0.23811485496466,0.0081505237892458,0.2147908854017203,0.0090724186281057,0.1632130245465474,0.0362549674294511,0.0095862758879658,0.0029910303055247,0.2040952644992616,0.0090438538833322
840,0.5314406406498727,0.0285734360520189,4.890485377498704e-05,3.0856570415611245e-06,0.137239498352352,0.0085901885453852,0.000102607202699,3.902674458369671e-05,0.0002599752048197,0.0001260796094462
841,0.4773816991458587,0.023952535856038,9.17704662280576e-05,5.659357376215166e-06,0.1633105580206125,0.0084444690435667,8.928353481573408e-05,2.425479964352338e-05,0.0002038623437629,8.609246576282081e-05
842,0.26810422990562,0.009528884159604,0.1885021936572657,0.0090835647907539,0.168009441467437,0.0385688309645355,0.0132532393524681,0.0035783589938499,0.1729792458261,0.0090557501486384
843,0.250173039164103,0.008163983498877,0.132782341026519,0.0119991731752085,0.2154945241461786,0.0835883709042529,0.0136191929824359,0.0029529535051082,0.1122990512627121,0.0119254970285294
844,0.462959295472637,0.0268782845667897,9.94417311911694e-05,5.869918861450117e-06,0.1649020975079295,0.0061776298468362,8.738497166392544e-05,1.714118447116078e-05,0.0002235190255494,7.762962223587762e-05
845,0.1825133623523791,0.0077301127464196,0.2012340346496267,0.0089583552357818,0.1457391159469073,0.0768640565314515,0.0103461918445201,0.0032980098724718,0.1709759224079617,0.0089443065011269
846,0.0150233732924524,0.0017970815605584,0.3730362061778878,0.1848066798220104,0.1166042776623938,0.043615942954342,0.0197998469660461,0.0016891930648062,0.3551451162923775,0.1686111220557964
847,0.0368351365824435,0.0031608674633007,0.1712066841357828,0.0600731649104176,0.117140314040331,0.0491511617411589,0.0257065014070223,0.0026199868668478,0.1470930605297487,0.0591611743697764
848,0.5267947927412068,0.0348850945484743,5.670071702142755e-05,3.335966670464468e-06,0.1416439837619084,0.0046391075195491,0.0001044041096072,2.9379247548057232e-05,0.0001866793645447,9.425214682757837e-05
849,0.1349654278825827,0.0074568495307958,0.1458023372105554,0.0133134356136831,0.1537507508775287,0.0723638976233662,0.0163822485612639,0.0037944871957732,0.1262374401421394,0.0132861518408611
850,0.5278875414459661,0.0384609038354934,6.101744929022928e-05,3.338740070705258e-06,0.1427473782928136,0.0052064742303661,0.0001082613167731,2.8654440527523182e-05,0.0002004240786401,0.0001018376319089
851,0.0008254548672681,0.0002904237703459,0.6931597980086799,0.0053057698345894,0.6891661436887426,0.0035687888320614,0.0023920976964409,0.0003958823119746,0.3571320351959378,0.0042591134671432
852,0.0007739500215779,0.0001934090942696,0.0291929526409446,0.0040015271621142,0.009038257851859,0.0010931030579602,0.0008124735746719,0.0002400963304394,0.0076473641890676,0.0007422105797182
853,0.5079232008763743,0.0292744576074772,7.688872061685053e-05,4.414700765952869e-06,0.1561840418078976,0.0079880646445158,0.0001091580874342,2.61677471549665e-05,0.000232041605256,9.744758985767645e-05
854,0.0609243114023954,0.0067248705854944,0.0069015586291425,0.0010471661948246,0.256672727904838,0.0042245259528504,0.0013467855568416,0.0001361973682875,0.006824340894705,0.001037661447763
855,0.26243840764025,0.0096170701818957,0.2884872038774141,0.0098527439423976,0.2372177464426201,0.0348663622213645,0.0139304345301052,0.0031580016819766,0.2284719754043286,0.0098087478778443
856,0.2769018524745471,0.0082314833246803,0.1410030944938555,0.0110022542638374,0.14701642807703,0.0825353113293987,0.009633117512353,0.003240643752443,0.1362284204874893,0.0109550707785003
857,0.1934841338410694,0.006434766112637,0.1852432020414196,0.041546123628482,0.1330769845624745,0.0449010385489829,0.0188535611133829,0.0042861334185681,0.1623263308082056,0.0412073244593269
858,0.04261299293211,0.0040511138861121,0.3324336295085947,0.0803862787809352,0.1425075245951644,0.0741113051177696,0.0313967209931593,0.0036892406555414,0.3179640789536213,0.0792989484136431
859,0.4857458445609389,0.0430116359246358,9.436277518149662e-05,5.083342220313867e-06,0.1654687119577964,0.0052298080012889,9.527022136143896e-05,2.1837334651349012e-05,0.000228127867189,0.0001006699616146
860,0.2923754336320195,0.0077868903353403,0.273143581355649,0.0169555225688169,0.117515158508214,0.0453008487751702,0.016161213131091,0.0044063070611353,0.1180066322700366,0.016919446372837
861,0.0013887694960603,0.0009877418889579,0.0222045029677715,0.0047731952083152,0.0209946175568336,0.005569157101285,0.0013816692938243,0.0010484515788481,0.011592808030085,0.0031800861499208
862,0.0689859016241903,0.0051477080567665,0.205489123769792,0.0267874259562418,0.1012546244978189,0.0367471980260626,0.0138634199208303,0.0039640336055666,0.1327276312744541,0.0266231647653616
863,0.4749603737713914,0.0598521203718705,8.249334460219525e-05,5.738335750676163e-06,0.1563959832179758,0.005203457737138,9.892240336661376e-05,1.961353206840448e-05,0.0004022182064529,9.315715608750908e-05
864,0.3080445035266507,0.0071263481144364,0.2489534076632245,0.0172198963098992,0.1949678907725163,0.0580259819771239,0.0119007372922575,0.0036825070503312,0.1186765714160509,0.0171701908924721
865,0.4411473831221795,0.0062492271242066,0.2231393659255349,0.0173441052415559,0.1237870934089589,0.0557272300752723,0.0107202951499987,0.0039033370306203,0.1459023006332149,0.0173059669353977
866,0.1945383446386662,0.0088200390893121,0.2422719550782164,0.0104922686372682,0.1910505733356589,0.0741228494054079,0.0144744408924003,0.0039896014413243,0.1887608271145505,0.0104718672713343
867,0.0007876131723441,0.0002900601291335,0.5821445857615762,0.0053343725038834,0.5781819748709408,0.0036005434804892,0.0023011553780923,0.0003964598970922,0.306012417916959,0.0041346408913679
868,0.0016257244821743,0.0002774979194522,4.042567675006091,0.0053609429498668,4.032985726321085,0.0033824254080726,0.004267530031136,0.0003789438416253,1.688520707084207,0.004286623330738
869,0.5278783191343509,0.0368779532659918,5.640439328323561e-05,3.517767210472348e-06,0.1441927535131107,0.0065683486207107,0.0001140869095609,3.02917175652932e-05,0.0002515200206197,0.0001123500778434
870,0.1358653871624633,0.0079697286228474,0.175300693259598,0.0144840728702051,0.1485130754820444,0.0728016787631617,0.0107725996859456,0.0037158672183707,0.165729635848026,0.0144335290844115
871,0.0012044638075369,0.0002822148082275,1.8987763256626249,0.0053387356119326,1.8938016549974117,0.00347229566537,0.0032770969462379,0.0003887465690638,0.8863947570263925,0.0044910957146649
872,0.3906056085370016,0.0073161889602287,0.1440058424794642,0.0164029016330687,0.138702873438059,0.0628160909150059,0.0138477788679387,0.003904656736815,0.1228139524518804,0.016361099890235
873,0.1391936995058842,0.0308040819591667,0.0005762932299806,9.769507204960796e-05,0.6122477125509304,0.0058724821010012,4.068633505298374e-05,7.713552707617718e-06,0.0005786998341604,8.910059233394666e-05
874,0.0007854543403005,0.0005522890939489,0.0265086315242295,0.007589848631799,0.0149739144335966,0.0044080389492934,0.0009147656372898,0.0006300625076681,0.0078599876646218,0.0028414183471181
875,0.3372460918376682,0.0059189842140307,0.1543098151670003,0.0173126142275116,0.1158577069240326,0.0501684192966859,0.0127751051738759,0.0033239148496254,0.098069968938619,0.0172776863011947
876,0.3965512734558243,0.0574083486688949,0.0002122894473324,1.0263894941266086e-05,0.2586088659926665,0.0037974316770146,3.742876100896056e-05,1.3389610724882028e-05,0.0003042176780035,7.703518447854364e-05
877,0.1558274938934809,0.0284619805471286,0.0007817626919866,0.0001488168849718,0.3796286052944749,0.0099473409116664,5.94130252125713e-05,1.2881591974780433e-05,0.0006513794657466,0.0001274889144716
878,0.0324656656973454,0.0061150577316505,0.2507759862628222,0.0921102667355834,0.1040574059458745,0.0610975304361077,0.017463227772457,0.0038788251638745,0.2428923428938064,0.0909409268223195
879,0.1922896437123883,0.0101384054559737,0.2032145753701152,0.0149356852513598,0.2222048626161329,0.0892900421576973,0.0192307978826253,0.0045489527359521,0.168473715386727,0.0148648726414739
880,0.4712566331909322,0.0546945157088042,9.062073765617354e-05,5.727857047566641e-06,0.1613107961927459,0.0047475956181572,0.000179921591081,2.182917897862502e-05,0.0004722350878625,8.133720838304424e-05
881,0.2725219403920663,0.0102689514216582,0.2178805419063005,0.0106269961490825,0.1806031089283372,0.0387943774421021,0.0139933347862175,0.0038723587507117,0.1500173362946344,0.0105926322365687
882,0.2098170923052986,0.0055204876068929,0.1751553728146196,0.0229431875108447,0.1162100204377581,0.05154999427447,0.0118312742105693,0.0037073926575981,0.1629050913185239,0.0228985299488532
883,0.1748949693524822,0.0098551629779251,0.3019170590886706,0.009193957798374,0.2710604283669375,0.031417334516077,0.0149553745190453,0.0036463830308759,0.1635816635805418,0.0091660794995598
884,0.0034517159828972,0.0013366025339931,0.2087287069899306,0.0902846829176138,0.1192873113740178,0.0321575613688927,0.0056448958552894,0.0012614556954978,0.1744534570841278,0.0666760488737295
885,0.2597015774280151,0.0095377840321707,0.1936933171465146,0.0133567391415511,0.1650371254502297,0.0768139806271449,0.0167430302972827,0.0042986563089278,0.1265772657459025,0.0133097334615017
886,0.0008825640611831,0.0002903901862036,0.8868127968070825,0.0053205901023027,0.8827626097575019,0.0035863497294965,0.0025223832260987,0.0003964892644441,0.4557282658385711,0.0044970045285671
887,0.0064625093093725,0.0018345369492233,0.5872812899534963,0.3335047105103605,0.3495075326752706,0.09817090081309,0.009682110035961,0.0016069554341836,0.5163584171512927,0.1980004020640926
888,0.0012884383602794,0.0002920421435512,2.264582688062021,0.0052935358127749,2.2597912084900766,0.0034597038758598,0.003476445645431,0.0004018392862629,1.0308621880755624,0.0044342087196687
889,0.0610642755908981,0.0039254889471104,0.2637448478558649,0.1333436174191086,0.1746970649035711,0.0725329637499904,0.0475309875695154,0.0033644474873331,0.2609189884318803,0.1310343804253896
890,0.0012875310845818,0.0006249710754047,0.0518919700142905,0.0119649237469998,0.0225645794740472,0.0066702670991876,0.0022210286790793,0.0007046427759378,0.0178736351262399,0.0040444618408416
891,0.0015981967972251,0.0002738382692232,4.109672390250042,0.0053300373163939,4.099431331959385,0.0033734315264264,0.0042087308227842,0.000376412170332,1.7007797759948102,0.0042871990910799
892,0.3762217527523546,0.0603701515965141,0.0002662429749429,1.293925655708209e-05,0.2823367886768751,0.0040831994888107,3.9103340351653566e-05,1.544761833536953e-05,0.000278572539738,7.54008346020092e-05
893,0.1424123529955843,0.0462890342591114,0.0002357349441503,4.473102951850174e-05,0.4455086740386433,0.0117393256453341,5.566213205347933e-05,1.3691439882983955e-05,0.0001978297577077,6.508953742003104e-05
894,0.1200302745419373,0.0172761173942382,0.0006569659778689,0.0001659018124793,0.4085576312157814,0.0199526903337631,8.18332828632798e-05,2.095222217911864e-05,0.0007059421450333,0.0002003013925975
895,0.1790203513502039,0.0096382652760831,0.1915434841377816,0.0097621387524418,0.1900001590413741,0.0401971859591257,0.0119245412856087,0.0036000220606323,0.1646953793179393,0.0097278422692152
896,0.1586601828676375,0.0070477829033615,0.1232033457903879,0.0136445457816338,0.1296625065942425,0.0630671152350999,0.0111653334728416,0.0036763911743162,0.1091169839677516,0.0136207246962744
897,0.000750193830803,0.0002854260919327,0.0805744842736167,0.005906900269192,0.0778606305302047,0.0041142073311113,0.0010865068925507,0.0003729258334393,0.0218787466563242,0.0020434323347841
898,0.0251724385577984,0.0029418901624667,0.2658852838847266,0.0346895655299384,0.1187147683985479,0.0451481480122893,0.0169150708619922,0.0025811764225753,0.1624648840874674,0.0343441299273864
899,0.2419928099149925,0.0086813297886053,0.2071341922222384,0.0092051838726641,0.195854077464032,0.0408049363756418,0.0095276098385621,0.002986124289377,0.1983391570098641,0.0091669379100467
900,0.0007401858011764,0.0002952181878029,0.0281038965799233,0.0035390469723253,0.0125113778279102,0.0027783582964551,0.000548306755328,0.0003537998961001,0.0077746258090958,0.001770521742252
901,0.001945658304276,0.0013631974189367,0.0248538633847738,0.0069486943283714,0.0254294569353535,0.0074817001567898,0.001656063030738,0.0012840978012747,0.0108571349595554,0.0038473306419644
902,0.288010871635958,0.0352406488589372,0.0001132830340656,1.0802000056496756e-05,0.3685280641736447,0.0037579881606829,4.604557586324679e-05,1.0937203973500397e-05,0.0002666437575955,9.367890912851976e-05
903,0.1812939311409825,0.0106812233621723,0.2053670371242704,0.0090425979926493,0.16727434983452,0.0420051873877979,0.0166510307953536,0.0035939885392467,0.1428324456021009,0.0090152871177971
904,0.2257298538669317,0.0090052299682238,0.1867383157602296,0.0102169080458572,0.2282352089114616,0.0366978501767574,0.0116330972496052,0.0032750752419226,0.1353599339956193,0.0101577997628594
905,0.0007557219100955,0.0002487942276581,0.0428836665376632,0.0057045186366682,0.0393126752678655,0.0031501255993274,0.0010082296950555,0.0003189509301434,0.0146238242369123,0.0017783823699361
906,0.158388487598425,0.0083299361250881,0.1685331442413315,0.0143055858175115,0.1718005754099795,0.078750062169996,0.0174470477678456,0.0045554348370936,0.1134048639204272,0.014276410179692
907,0.0022420634071872,0.0019093207123061,0.0452512122908209,0.0122734431463637,0.0357872548621548,0.0127805118847907,0.0022891560589957,0.0015885637929271,0.0191804920038093,0.0062579348162939
908,0.2554391984464928,0.0130755875813766,0.0060009552371185,0.0013156026259654,0.2468020743642227,0.0083378846084949,0.0012599033650404,0.0002476150512998,0.0059284965415478,0.0013196303833393
909,0.2745360611781158,0.0088208961669141,0.1347495852618079,0.0172469293201091,0.2107058635197043,0.1175194831392004,0.0167550724688818,0.0038906955844601,0.1011437465621659,0.017149812403665
910,0.5041404883101045,0.044018744452569,7.907022465311748e-05,4.2001623084887966e-06,0.1557747820106139,0.0045351567481762,0.0001104938166188,2.327281984734403e-05,0.0002280906500276,9.429863663116732e-05
911,0.2284359024399226,0.0081078145094088,0.2312853004206088,0.0106285059738314,0.27084174843884,0.0545538294739286,0.0114297523619901,0.0034463956390687,0.2126139099126846,0.0105924544856546
912,0.0008341833164931,0.0005513389384727,0.0221636403661203,0.003656115893773,0.0145145662126563,0.0034735980270956,0.0008849756880216,0.0006237371972418,0.0063725290149834,0.0018236221063756
913,0.1399156943752377,0.0069785586387062,0.4089828028426678,0.0535306663060047,0.1937096943424186,0.0727463068919525,0.0282982172787537,0.0053186544601087,0.2863885597489196,0.0532850846842951
914,0.0007910432912229,0.0001272841467099,0.0290300323823632,0.0035213524883001,0.0049213915112824,0.0011256288531228,0.0007220440423393,0.0001573476554476,0.0074530202270519,0.0009245402566486
915,0.0195440816193948,0.0025415483625324,0.4068493886664317,0.1373855665579825,0.2635868698692112,0.0717058571420515,0.0234026018180011,0.0024195346458171,0.3386043607399059,0.1288130553453971
916,0.1213764293587581,0.0059677784578747,0.1403803136610999,0.0331924436522387,0.1086435457305666,0.0484547149833852,0.0131585975688047,0.00346186613271,0.1363096950259076,0.0330395057073171
917,0.3939416346442598,0.0438919650568491,0.0002278008225115,1.0577050620888446e-05,0.2612951888985482,0.004422379495302,3.450776433197775e-05,1.11174434833169e-05,0.000277243326219,6.512622444237099e-05
918,0.1625375436868478,0.0063171245783024,0.2012042625106548,0.029283493099963,0.112272983322949,0.0566300435189579,0.0148957456311946,0.0046138788645451,0.173594227095008,0.0291636747922519
919,0.0022378618335054,0.001676649158912,0.3377667955769915,0.0973539020449967,0.1213097401547266,0.0216359583177722,0.002029706677606,0.0014363155856242,0.1497721065957225,0.0202711261444638
920,0.5138538088920908,0.0316268778819652,7.203849695080404e-05,3.990451020699105e-06,0.1524124972697267,0.0076320253957077,0.0001143963435407,2.6766157894134288e-05,0.0002523017375484,0.0001036822955299
921,0.1587744115106326,0.0074094535566112,0.1803857466490874,0.0098621854587988,0.1515525765710642,0.0825789076886593,0.0115979323240762,0.0034541823532203,0.1296640474831584,0.009844730511347
922,0.2922698046940975,0.0060321077069042,0.2379682578926471,0.0143757534820377,0.1141794028554313,0.0415684855186731,0.0108649931171149,0.0037921486104591,0.1565499985843894,0.0143382976373945
923,0.2726037678912321,0.0067168187005949,0.2180817684048923,0.0315469706160657,0.1423908277031516,0.0553244251845505,0.0120911201785704,0.0048600128664495,0.2006044027548293,0.0313948095167303
924,0.0023107879198928,0.001947261620027,0.4001486716139411,0.1114390576388534,0.1392151150141379,0.0389010778909238,0.0034494516241816,0.0016237288056199,0.226691079894737,0.0571950532787674
925,,,,,,,,,,
926,0.0234089874338134,0.0024848796176215,0.150473210836277,0.0641202092616473,0.0810354114251731,0.035978961363481,0.0221579676663602,0.0024291084116343,0.1398055958974488,0.0618256527551746
927,0.4284004175743242,0.049577174915177,0.000152670226349,8.038739163088183e-06,0.2143352595229408,0.0039337043777684,5.0269464087736376e-05,1.4237935484625996e-05,0.0002547148123913,6.871833180881383e-05
928,0.0042348574165851,0.0008663295866422,0.1728157722107844,0.0646768005524877,0.0904641760362616,0.0218273295642357,0.0072268835712938,0.0010012642450198,0.1186687694136278,0.0558087095715878
929,0.2096303648682074,0.0079009091488889,0.2336167701844112,0.0076338071654074,0.2485234542921972,0.0331250793083987,0.0099346770500457,0.0026914035367496,0.1382798158608536,0.0076110879982641
930,0.267648193477568,0.0074527244792439,0.159186410116142,0.0277320317494272,0.1238360598385738,0.0597908746201593,0.0148128667597159,0.0042416250533549,0.1024436194690181,0.0276603464412868
931,0.0007337751867373,0.0002851184595749,0.2330871140089759,0.0055388772832537,0.2302078107093488,0.0039500110179373,0.0014848715686264,0.0003832693450746,0.0970806483851813,0.0033782071166115
932,0.2133709002823572,0.0084591830339511,0.1823608050389608,0.0184489699462891,0.1700033069114877,0.0622892620863287,0.0169812409060713,0.0047284827323381,0.1699845678529621,0.0184099749290297
933,0.5189497300783901,0.0335126104624988,5.727770404921429e-05,3.8446811167653005e-06,0.1427563488831682,0.0081112921141954,0.0001282194569548,3.845049535110564e-05,0.0002821418204461,0.0001162356219081
934,0.4024084382846314,0.0616103994525632,0.0001983394742069,9.630014409788112e-06,0.2486162321869321,0.003665697689994,3.956949903043351e-05,1.586062567626913e-05,0.0002746910254217,7.201321763724021e-05
935,0.3908402567647598,0.0607059196629799,0.0001397497491944,1.2200141610533075e-05,0.2591148499195516,0.004469729993193,4.8726764402110986e-05,1.6491397730919788e-05,0.0002250476074001,6.502347408297245e-05
936,0.1286502690311167,0.00652983118882,0.3705529850466391,0.0423222856715202,0.147585689806472,0.0535576954919273,0.0206739119439104,0.0047986779246459,0.2280047341547146,0.0420067291133654
937,0.5111550910226466,0.0428799662105902,5.53184100748791e-05,4.242542952728932e-06,0.1461965436281776,0.0074641602039153,0.0001137276078445,2.9006880116278396e-05,0.0002597633534019,0.0001197961109415
938,0.3848534034897189,0.0078245969595039,0.2156373671919864,0.02264772001528,0.1748338743675648,0.0587610558776538,0.0207907147395023,0.0051348442507925,0.1177836114160444,0.022604999909545
939,0.2176221784765709,0.0088896277298188,0.1938949027642851,0.009288483135011,0.1970112639649973,0.042733229393936,0.0102533213909625,0.0030528495993485,0.1710050994804609,0.0092612439355097
940,0.5110133587714851,0.0397089141705309,7.26593090090116e-05,3.856841898065968e-06,0.149821677765759,0.0047789669830572,0.0001099906972326,2.3175891550705987e-05,0.0002185384594466,8.808585038472387e-05
941,0.1764340483364373,0.0081715002877235,0.1861243976487107,0.0112909227353791,0.1752364138785472,0.086589655866132,0.0136272730267784,0.0038794497139325,0.1351108417943946,0.0112639077872846
942,0.0007267547063761,0.0002871620868094,0.3541262489725763,0.0054408808317451,0.3514240846271533,0.0038427960357468,0.0017837366408652,0.0003886324849875,0.1812119863511401,0.0040185106278781
943,0.2256800592999797,0.0108444792818098,0.1664664627569777,0.0117606763306437,0.2108550907416783,0.0396120136951007,0.0155417814352854,0.0038523279243514,0.1537603441016355,0.0116896543183605
944,0.349582625908282,0.0461671910597776,9.168734801552307e-05,1.046856918117604e-05,0.2695494827035983,0.0086381728176952,8.944440445258704e-05,3.547887712931981e-05,0.000245402995164,0.0001066751198731
945,0.0026861632798279,0.0019365207205725,0.1193612016756685,0.0292264497126561,0.0375412673431642,0.0141509401332372,0.0021895127665676,0.0016470412362816,0.0397853638047984,0.0080596426173778
946,0.0489553398418352,0.0060284365310364,0.3550408199223944,0.0451134932577042,0.1838317368208276,0.0600182998995662,0.0188672070400345,0.0047115309260148,0.2842045897855247,0.0449115147212261
947,0.3641055086762851,0.0656843762190402,0.0002947709911723,1.3955956970142616e-05,0.2962756868748222,0.0037795875534829,3.6840060996164926e-05,1.2869230634226982e-05,0.0002958865971409,6.267249034776516e-05
948,0.000851564805386,0.000597259021447,0.0388331728581019,0.0081810262087499,0.0161820493404503,0.0048535348711369,0.0011638760108486,0.0006723891396925,0.0136099502870083,0.0031460475135185
949,0.477577516549484,0.0294526247724531,9.88586706050228e-05,5.434309598459088e-06,0.1638479438426779,0.0057478128106343,8.721168044168721e-05,1.891301580944397e-05,0.0001933153805072,7.904567954848125e-05
950,0.3960609723426969,0.0063651557214925,0.2249018302909247,0.0154260285696387,0.134323441818136,0.0610616456013271,0.0119399702430597,0.0036952137842313,0.1596483186052688,0.0154013818658105
951,0.4505665380863313,0.0509412212432272,0.0001232549576767,6.477440379130721e-06,0.1740863969217078,0.003589414320322,6.547664872243851e-05,1.512256357386789e-05,0.000243827563647,7.874007113794018e-05
952,0.3017635393295878,0.0075929491880851,0.2200652811878558,0.0123010036200646,0.2644881233982185,0.0561538421636444,0.0104680081543016,0.0035640560156971,0.1928612942617837,0.0122864248925072
953,0.2323151345634935,0.0065997610345541,0.1948084942598029,0.0319241140413879,0.1323768128628488,0.0484650053428399,0.0161959558783355,0.0050024288740837,0.1310806405894362,0.03177804789456
954,0.1090060565379633,0.0075835859794857,0.258248376237883,0.0733569907755888,0.1435795506394479,0.0795061324342178,0.0348094602312915,0.0057711008716488,0.2397499646800438,0.0728849458867069
955,0.0007742077787902,0.0002530772910672,0.0266901739997798,0.0049345828248974,0.0206934727097479,0.0023501243621403,0.0009366219461681,0.000324144425821,0.0085799165680124,0.0012304029955942
956,0.2182873340839413,0.0089479982052485,0.181756394831231,0.0116312977150331,0.2464874765858676,0.0768683549014092,0.0162220748720092,0.0041453194398511,0.1292778892434429,0.0116030702281678
957,0.0017182069124585,0.0002757895438518,4.030605495348276,0.0054301423344172,4.016150710002592,0.0034293634798604,0.0044814350401757,0.0003749205362582,1.6783227485995658,0.0044535275340764
958,0.1740742250540788,0.0374880648710977,0.000819881049551,0.0001959493119198,0.4679700780550476,0.004728813711677,8.290210133983885e-05,1.7432406126722762e-05,0.0007903418571632,0.0001791441911256
959,0.1572951298405104,0.0065636369346016,0.2732893908159484,0.0267466176564975,0.0907719775367545,0.0451647049161238,0.0138296357634585,0.0044625577548841,0.1460881393333307,0.0266273565471976
960,0.137817920440565,0.0086788917195154,0.2118241918020864,0.009417950542116,0.1897438846279847,0.0902748701877186,0.0120175385321592,0.0037048943513289,0.1691275775325393,0.0094072965609915
961,0.473119536801618,0.0315851479475286,9.60998593268561e-05,5.5648530251825975e-06,0.1662962670166395,0.0044423164603447,6.765887951519651e-05,1.3241541293395044e-05,0.0002253288080728,8.554506021098597e-05
962,0.4874520139371775,0.025009065251927,7.810036274412616e-05,5.5597568252426666e-06,0.1584677914054641,0.0100675821839223,0.0001020350493827,2.319664853099558e-05,0.0002588871376899,0.0001000884791547
963,0.4146392767734582,0.0573603675558048,0.0001799472473159,8.75477308909755e-06,0.2355103346160726,0.0032514188677706,4.403886747619684e-05,1.129687729490511e-05,0.0002677571984155,6.690295856898706e-05
964,0.0060198458912982,0.0015762411670348,0.1769202624159352,0.0446165899248846,0.0756723716529338,0.0285216028065401,0.0076597241888998,0.0014750362242844,0.1286629775094577,0.0427464162598772
965,0.2016675921250101,0.0658301364799614,9.505414625622552e-05,1.4055104127869604e-05,0.399593770950267,0.0069522892682088,8.412430708011073e-05,2.551296049108813e-05,0.0002428386136452,0.0001116302681237
966,0.0007294975762217,0.0005188004825077,0.0274577071099134,0.0066209356705474,0.0202321018819851,0.0060977782041926,0.0008528440255615,0.0005963354043656,0.0113330022523026,0.0032708605562232
967,0.1761939772866257,0.0077377476429344,0.2154768674076185,0.0089497266432702,0.1984237242395377,0.0485179622840686,0.0109938726639023,0.0029656773142129,0.1051832912281496,0.0089195306907557
968,0.0015644799532217,0.0009992416725223,0.1280034285922972,0.0233602987450286,0.0285002753312085,0.0061902701925147,0.002455929476315,0.0010341975534874,0.0294866564499908,0.0043492402455422
969,0.2363480734388148,0.0110472634764253,0.1969205425671675,0.0092958626882545,0.2413027463459118,0.0321284191731466,0.0114884076561718,0.0032425112531132,0.172635503913259,0.0092535879077638
970,0.2205999933602206,0.0105636485528817,0.2038667394223447,0.0102875570354581,0.2359601436288033,0.0444281377325223,0.0172597478568242,0.0039300014880921,0.1919044931671544,0.0102588114845788
971,0.2533745163891856,0.0080925214871999,0.2320718064660351,0.0072656772065879,0.1900642030836125,0.0302915847276515,0.0093314899800576,0.0029579258738368,0.1341796432538758,0.0072497968681303
972,0.5294112970665026,0.0385935560997956,6.019389075254704e-05,3.25521652026304e-06,0.142916384636238,0.005755786600928,0.0001127133723368,2.909766553033863e-05,0.0002302216005011,0.0001038924449283
973,0.1894769031287685,0.0070396867134596,0.2235515485391078,0.0408062130779659,0.1253750984756878,0.061741523653362,0.0202723503321932,0.0050185005813348,0.1745602015041253,0.0406068743213158
974,0.0007479630163939,0.00029146076088,0.4898648744862208,0.0053449740465081,0.4861425024154925,0.0035778620754902,0.0022074433565195,0.0003966002124183,0.2606622724370858,0.0040416237972768
975,0.3809172762978277,0.0653993276647871,0.0002208345564631,1.1511830283073406e-05,0.2666699874058326,0.0042266014832143,4.482131949735306e-05,1.7912185485645056e-05,0.0002741777142621,7.141543772278095e-05
976,0.0019191496563869,0.000280936032155,4.844131355652759,0.0054784629881632,4.818955661410883,0.0035205291685035,0.0049542450757743,0.0003807327762911,1.9703630560861856,0.0045841911989433
977,0.2749279679925643,0.0068114229727805,0.1861851154628248,0.0194041911127612,0.1120716274553212,0.0439674466990307,0.0138950440896903,0.0042959679911968,0.1728238858419944,0.0193546012370614
978,0.3428876903540631,0.0688977987003787,0.0003169461849229,1.6429471448409247e-05,0.3209547856510331,0.0051524339980911,4.660254315232864e-05,2.540533026629807e-05,0.0003230022555236,8.242999832692787e-05
979,0.1250129775408785,0.0063600123470774,0.1880369647750315,0.0212623665615171,0.1187546870905758,0.0387233728611781,0.0170015512149057,0.0043956779137852,0.1330454096909223,0.0211902385284258
980,0.2542372606000842,0.0365443536699683,0.0001471726303833,2.5973484459654732e-05,0.4422703742609609,0.0160242617387846,7.170881127045079e-05,1.704971687181863e-05,0.0003608069248423,0.0001066704563356
981,0.4982294310876803,0.0409481828764547,8.33698177919034e-05,4.503977299849026e-06,0.1575984533204764,0.0044641936199617,0.0001001457199618,1.973787387350364e-05,0.0002178910498445,8.596818700840689e-05
982,0.520096753923113,0.0506114336042849,5.542480992205498e-05,3.930995839438789e-06,0.1420296769588653,0.0066181627945977,0.0001115518679676,2.949086296274429e-05,0.0003640753076069,0.0001153669051301
983,0.0043786113697597,0.0011673128110516,0.4369930207289467,0.2933745359306736,0.2661759046839175,0.0751313966082437,0.0090743584856199,0.0012129654887182,0.3222650998463229,0.0968013973053508
984,0.2184198683395594,0.0209084860624558,0.0009947498547081,0.0002346503669515,0.4284216289376847,0.0078685357021037,6.797059340782818e-05,1.639082384362626e-05,0.0009239029851635,0.0002173635085668
985,0.4353014845020894,0.0074700278738708,0.2191928631263761,0.0181418675587343,0.1609889565883936,0.0726807414108591,0.0171252887090784,0.0045071202769573,0.1325418660092754,0.018117553759129
986,0.1802182653656294,0.0076171522884234,0.217279227842747,0.0123966164038021,0.1960873853517545,0.0831980569600893,0.0134781227003621,0.0038747529124396,0.1856857569469535,0.0123680119048107
987,0.0007953243256918,0.0001933151523908,0.0277950649432974,0.0046898181730222,0.0126929640497442,0.0017912131714021,0.0008943796235347,0.0002424957154838,0.0075356841837695,0.0010559498633579
988,0.004211124899305,0.0021659879267839,0.2329359099591276,0.0640588161569287,0.0702808342093498,0.0300060261808832,0.0052615523276304,0.0017911875435571,0.1146872149738453,0.0574681024982778
989,0.3905301819808002,0.0522541289035107,0.0002002169811379,1.1679241880351383e-05,0.2602886886337475,0.0054907772989609,4.029246907014773e-05,1.6672574244119424e-05,0.0002810329815776,7.11796031307194e-05
990,0.3664829030202375,0.069540144265536,0.0002885104757456,1.331376038654273e-05,0.2865685507422453,0.004350138173795,4.606670226543544e-05,1.743980172176242e-05,0.000289144358259,7.285910188700509e-05
991,0.3800574297908227,0.0699153196063171,0.0002070990883442,1.2014132006733553e-05,0.2590409701392881,0.0058484787215373,0.0001255659064573,1.9669763336202388e-05,0.0004287081203343,8.501098866710902e-05
992,0.0339289420732928,0.0027536084839956,0.225506599418511,0.0569836859356134,0.1254538809484047,0.0460528962075321,0.0244772135083303,0.0025767825730338,0.1801866131338776,0.055372289525994
993,0.0010429223273176,0.0007169448449778,0.0278631219089152,0.0062230418227422,0.0168889715514476,0.0054002509413437,0.0011435704074153,0.0007904337142505,0.0119837847035748,0.0029385330724505
994,0.1222383048069731,0.0053924825273601,0.1595637611825375,0.0355378907543136,0.1169318750825226,0.0520010585078338,0.0205419559778347,0.003664453155977,0.1174017903572096,0.0353387931892668
995,0.0018284697037974,0.0012601594651422,0.0675630806856019,0.0151582400714063,0.0244225086848006,0.0070171949482773,0.001765661761008,0.001207141230392,0.0168359225624511,0.0041469463676228
996,0.0361945632261499,0.0029104100103335,0.2757100628103598,0.0845505634897808,0.1636870541786173,0.0458310204507441,0.0309192222299589,0.002770519649115,0.2091171715372581,0.081718369583641
997,0.3162341692474595,0.0068305132221578,0.2626956977014922,0.0158620979295759,0.1301980317359331,0.0473137791299554,0.0148874961407493,0.004117685616439,0.2312251749554578,0.0158325702137305
998,0.1871575639784654,0.0385215438731095,0.000158065724312,2.270145138085321e-05,0.5142847266408007,0.0054367924211721,4.068209251239175e-05,7.60125255132131e-06,0.0002767586197596,8.81125293395834e-05
999,0.1401446224256941,0.0065882783155381,0.2730531910682793,0.1336282679933185,0.1877028266333826,0.0750955382310191,0.0621867360926468,0.0047416587564945,0.2712417129610826,0.1319622358782398
1000,0.1574764465228031,0.0084234053692552,0.1558241092412478,0.01156589818712,0.1806740022000023,0.0903562484292613,0.0116522763945894,0.0038093187196687,0.1333054867347896,0.011536984748938
1001,0.1761087090143028,0.0081124431047176,0.2010641559165461,0.0090071229380719,0.1630710094374743,0.040578939862478,0.0123004620617888,0.003303821081787,0.1886992868403162,0.0089831915170304
1002,0.5171924234516582,0.0265197070064656,6.961162747172929e-05,4.031035065475038e-06,0.148788932665549,0.0076849635876818,0.0001099982929206,2.954898150139604e-05,0.0002624221157687,0.0001054629207377
1003,0.4293865941624661,0.0549704895310473,0.0001548458747799,7.791309528399596e-06,0.2141005627567598,0.0035313544063248,5.215896388132696e-05,1.5195008017518714e-05,0.0002639697335439,8.013100225909167e-05
1004,0.1248227550149815,0.0075253192019315,0.1646315853919545,0.0133825485950005,0.1476620024264558,0.0620475286693466,0.0164672074710239,0.0044603097232993,0.1426037236843516,0.0133659574592864
1005,0.1321962444257117,0.0069679190811926,0.2568061621491446,0.028629809369934,0.1376805246215258,0.0538746866736092,0.0158130362101386,0.0048318720950832,0.2246201639746356,0.0285601963688362
1006,0.2897925091102097,0.0059283122161959,0.1632992051506931,0.0238366725721133,0.1175172899535611,0.0542193397323796,0.0130533143538542,0.0040944797881566,0.1303638087086273,0.0237666607879681
1007,0.4139083754316657,0.0085357865937408,0.1968441304351069,0.0194552478887196,0.1273018027993728,0.0604782645469511,0.0212955922005541,0.0052449326954883,0.1802729844337655,0.019438071974803
1008,0.4183550013321544,0.0626851602334183,0.0001682654848682,8.671620684506288e-06,0.2262181829038515,0.0033629125647049,4.466679273426804e-05,1.558332436559479e-05,0.0002652285338013,6.302260918923932e-05
1009,0.4401877317499972,0.0342449829154243,0.000121469320025,7.076464574008702e-06,0.1755341311776341,0.0052018035754939,6.487240434702034e-05,1.6950670511416157e-05,0.0002457809643925,7.447535575880617e-05
1010,0.4735479468936747,0.1027001357483608,9.380172628377156e-05,7.730275008750158e-06,0.1621063258399147,0.0054327526218954,0.0001293347720511,2.7106361504275097e-05,0.0003416427265592,9.060537528639664e-05
1011,0.3599263089273935,0.0681717347575548,0.000304753451791,1.474829967936378e-05,0.3056402559623329,0.0033868936601344,3.4095736928619863e-05,1.2293088961807289e-05,0.00030529351436,5.469456347760514e-05
1012,0.3856311059572163,0.0067656304962413,0.2336245113566281,0.0186471191710839,0.1240351547717793,0.0567972039301675,0.013724873415653,0.0038659089774662,0.1445453794772513,0.0185921732940873
1013,0.1786545637931198,0.0294303713704719,0.0003247520953996,6.939732065452015e-05,0.4624976248254805,0.0110344986244956,1.798779374071573e-05,5.888279889286246e-06,0.0004606678180595,0.000133086442571
1014,0.1514191735874014,0.0072694740887222,0.2690682378293322,0.0096546720026066,0.1641843892422324,0.0814576735878015,0.0113424444213238,0.0031059889031914,0.1583437512054474,0.0096348955027774
1015,0.4200692730500349,0.0058136652968024,0.1488650764731161,0.0147278764007721,0.1232352177132467,0.053908163059126,0.0091676253684591,0.0033247327123374,0.1410876003536242,0.0146940048660735
1016,0.0430935142867321,0.0047194585888754,0.185706460009887,0.0574523003393197,0.1320208689103245,0.0638001544209483,0.0198052452734833,0.0033577714280675,0.1796881839013367,0.0570027154372401
1017,0.0007482265802362,0.0004277454548411,0.028029689883348,0.0042736909844625,0.0143081060973167,0.0040348206708448,0.0007165603880654,0.0004997284101472,0.0074106368587442,0.0023841163528901
1018,0.2050416951757618,0.0066027947709771,0.1766396291046032,0.0104306494287348,0.1603854152124197,0.0818759029991028,0.0094408013300095,0.0032512579281149,0.1375778332637403,0.0104009339882103
1019,0.4458979363680354,0.0466738714296015,0.0001139851846075,6.515898283001332e-06,0.1655711749501343,0.0039715283231799,7.672182022660105e-05,1.816924358053496e-05,0.000265563240487,7.225135491722688e-05
1020,0.4286983428958495,0.0073368371426356,0.1830116316020296,0.0229810422527141,0.1417023748793349,0.0693952428973733,0.0147907298347457,0.0043319873020081,0.1469031367781218,0.0229126097462184
1021,0.0018731897739145,0.0013743050965539,0.0270681098643382,0.0073686736215378,0.0236669597151305,0.007006881821914,0.001658418771823,0.001245810450038,0.0111201900970665,0.0037702496843128
1022,0.0017270831209066,0.0002816634403841,3.928313478595866,0.0054271538040668,3.914509740829562,0.0034443089065045,0.0045005600938358,0.0003823804103265,1.6416039438393564,0.0044603777263917
1023,0.0016288737146892,0.0011475285467552,0.1951052308081504,0.0679390305867311,0.0547682116106472,0.011747362710589,0.0016246646240605,0.0011558275014054,0.0569901744505606,0.0102065011195127
1024,0.2539747754048529,0.0587633521115655,0.0001241112745149,1.4320003495189086e-05,0.4911833281915836,0.0048218080477297,7.474185608574839e-05,1.3170765807127907e-05,0.0002489777284323,8.256175712565197e-05
1025,0.0020095985515099,0.000280863847594,5.081898625982915,0.005499418362713,5.050713616856241,0.0035492216063702,0.0051608034677648,0.0003799356135511,2.051440307872034,0.0047330555924098
1026,0.176009946627371,0.0584367277769358,0.0001754145011027,2.626405468902897e-05,0.5051017465794729,0.006436331663236,6.983437954670943e-05,1.6632951155738582e-05,0.0002128549145289,7.754186267898812e-05
1027,0.4390811332258006,0.0605221652204915,0.0001226028467849,7.518137695831359e-06,0.1798972731946335,0.005263735016715,0.0001452063510023,1.992701041859836e-05,0.0004374402822703,8.174032536256232e-05
1028,0.420579322744215,0.0566495727674352,0.0001647741181257,8.349158870362232e-06,0.2229470275995971,0.0042278247723694,4.759242440009336e-05,1.7349447674956275e-05,0.0002685860576912,7.650560905866513e-05
1029,0.0018170383440227,0.0002825860230017,4.895325133924688,0.0054426866264945,4.873769469062772,0.0034719236291674,0.0047145627614959,0.0003829756968592,1.9762380055662911,0.0045716683474392
1030,0.2177727486220337,0.0090154625249,0.1859965706064936,0.0092231507840082,0.170723758925756,0.0414740452107284,0.0117131851655048,0.0033560525433181,0.156211792715515,0.0091975713151976
1031,0.1372785185597646,0.0069780116739007,0.166677016278566,0.0116621728647992,0.1529244314489781,0.0677032813719565,0.011929139161791,0.0036815834622272,0.1455875278454771,0.011643447887813
1032,0.4792541935881469,0.0399217559924703,8.894734854473424e-05,5.082370989798678e-06,0.1631542548078531,0.0046761396404557,9.38958194773802e-05,1.709204969958249e-05,0.0002483784475054,8.817218570048646e-05
1033,0.428982568049681,0.0541193907083498,0.000134233043206,7.897087302327117e-06,0.1957485396241491,0.0058124085828679,0.0001288915652987,1.969998297804738e-05,0.0004123141284553,8.81890968119893e-05
1034,0.2585511346551808,0.0076537391750479,0.1778597517058564,0.0131137111323782,0.210049722623739,0.1139590179480316,0.013583279454769,0.0039292994155601,0.1311295431904996,0.0130886500111616
1035,0.4169880113709021,0.0074814533467604,0.2412340664525011,0.0163664480844583,0.1417366720459129,0.0647641647717678,0.0130605605976203,0.0042357386859337,0.1455512874326048,0.0163421610294693
1036,0.002391465479822,0.0017623076473864,0.2801833147038866,0.0901042172876088,0.0962968111861218,0.0202115589469805,0.0020509165384618,0.0015202760235616,0.108037294261661,0.0178419617422995
1037,0.1819957219007597,0.0078078596883624,0.2376942561876105,0.018373794205785,0.1629754985830053,0.0683457681951285,0.0167020367642973,0.0042514493991509,0.2056379456937979,0.0183257382010856
1038,0.0204067818467489,0.0023561582122205,0.1912760754892684,0.0561047687541186,0.0851670349016242,0.035320280609743,0.0192272502313136,0.0021575741515951,0.132252978009572,0.0543024625216644
1039,0.1976318651117856,0.0075923474976542,0.1827615073646474,0.0123146746253175,0.2916390566307834,0.1613523606346784,0.0127496850561118,0.0033907304199948,0.1134193082346887,0.0122721507685831
1040,0.0008559400130261,0.0005837429442422,0.0467127896719455,0.010715111362715,0.016655361716089,0.0042742988012776,0.000996727718604,0.0006661410549873,0.010585548776823,0.0032525664909106
1041,0.4238219969522535,0.0472867994999198,0.0001609471730006,8.131764801451958e-06,0.2202048204714115,0.0037935778109163,4.834610417729051e-05,1.2036942800796756e-05,0.0002914036459492,7.742717970408159e-05
1042,0.445115508007688,0.0488942444993673,0.0001245817027685,6.616064497677539e-06,0.1762096307346536,0.0038205377736167,6.144142777792175e-05,1.583313422759239e-05,0.0002523994788284,7.981122397015831e-05
1043,0.33159803221267,0.0761342091157231,0.0004152805648161,1.917859100136324e-05,0.3719900317037675,0.0042988837886677,4.414462411358863e-05,1.7926516761001755e-05,0.0004164514924689,6.646147677172827e-05
1044,0.5399137935554306,0.0332996737333076,5.2779016174400175e-05,2.9425328458155456e-06,0.140933516174396,0.008596232959177,0.0001153872467759,3.8568862051685055e-05,0.0003150366012675,0.0001304801874293
1045,0.1724349864970291,0.0084273182928567,0.168066618110099,0.0098490982357824,0.2080932490904551,0.0886031779182483,0.0131727736419579,0.0035183607362146,0.1512644001269941,0.0098300811837217
1046,0.3638759484507072,0.066597799905252,0.0002930434950509,1.3690899886939997e-05,0.2921061638147957,0.005389387530566,5.72504203445887e-05,2.710623695413145e-05,0.0002942548191721,9.293351357259896e-05
1047,0.4903615308290623,0.0278364327776664,9.064673459841312e-05,5.023729728149352e-06,0.1628158418786246,0.0064278910208704,0.0001002767342789,1.995776588375669e-05,0.0002325225675542,8.581554390050981e-05
1048,0.3962510694238558,0.0052879105965891,0.1618732888998663,0.0163682952585095,0.1395649839150809,0.0608696295827671,0.0132186046079418,0.0032387478611239,0.1278590302100114,0.0163307636338875
1049,0.4112647798093663,0.0549674687570893,0.0001674387653636,8.78792917667619e-06,0.2358189141758638,0.0040610381504165,4.240056544822056e-05,1.5647743595604133e-05,0.0002852468430991,7.769708504054576e-05
1050,0.2070733733842275,0.007282020263147,0.2069449349427466,0.0940436247192389,0.1611782331204543,0.0726327568108687,0.0506420648682472,0.0053893505298525,0.2021411938273834,0.0932060414138636
1051,0.0041198044527764,0.0016147491731019,0.2175043648493383,0.041909970403542,0.0929066682208777,0.0241391394996733,0.0053587069913058,0.0015422504259384,0.1335133075921417,0.0397338282227288
1052,0.551594690731123,0.0366974714500951,4.261662106410406e-05,3.161032845390957e-06,0.1325026648670719,0.008436038119315,0.0001161301953124,4.058924914300299e-05,0.0003216940890498,0.00014535632458
1053,0.1754975581613875,0.0096268865685306,0.1135440274229969,0.0141491485357693,0.2043938307224427,0.0693916450226348,0.0178512016656306,0.004388534936488,0.1059797590138346,0.0141108322652405
1054,0.4365149502355226,0.0526818980978508,0.0001424706385204,7.398179091110631e-06,0.1992220113548301,0.003463019453268,5.586605220663809e-05,1.3627929055365377e-05,0.0002469343133381,6.848653647364561e-05
1055,0.4109771614245108,0.0879704870261922,0.0001589557076135,1.113072553172252e-05,0.2245407207387842,0.0059908275984219,9.036001507407728e-05,2.1747841505673144e-05,0.0002723678007439,8.898345542088096e-05
1056,0.1884640133930543,0.0089097349082767,0.2509443457419339,0.0152614342144353,0.1943565002632973,0.0956918495355451,0.0207331214406393,0.0047396851567457,0.2238530214573855,0.0152177148920821
1057,0.0026339293802222,0.0017499160340102,0.4361293746759793,0.2030412148956248,0.2291067756464861,0.0493340500756885,0.0043645780875223,0.0014863804944497,0.3219249709020531,0.0755490181308332
1058,0.4366721482856175,0.0450916838764922,0.000124217304333,6.990860209342051e-06,0.1815622823894573,0.0042845138040006,6.598165511315988e-05,1.4687267636968963e-05,0.0002472207766849,7.642107651328463e-05
1059,0.0434119367164375,0.0035570124637049,0.1356321623630403,0.067506391065004,0.1316579675666647,0.0540068832995773,0.0292907294018816,0.0032751082912379,0.1319268315484633,0.0661044568774131
1060,0.1259884418975173,0.0073528470828312,0.2166019401963102,0.1033037287880147,0.166003931003132,0.0847669420090207,0.0415601262251266,0.005696426036842,0.1988020936285436,0.1022866158531151
1061,0.1943042342228167,0.0083286495726945,0.2222115363055158,0.0085674389006114,0.137979534147398,0.0441358138103416,0.0109960533606796,0.0031549022944335,0.2056768711067876,0.0085490298271744
1062,0.1732454700941171,0.0096348558605442,0.2319290621829582,0.0087742879764106,0.1926213393917114,0.0297787925660691,0.0144686287166791,0.0033366710332937,0.1474052466952113,0.0087410032609186
1063,0.4394453459731802,0.0580061748561119,0.0001407800801837,7.112539456692084e-06,0.1941991095249771,0.0034743086232362,6.013241257890186e-05,1.8103147721818457e-05,0.0002466852163723,6.778806048883667e-05
1064,0.5302340716077679,0.0272954182403701,5.155292624469612e-05,3.288781205059937e-06,0.1395584604721595,0.0103121501032227,0.000105807429732,4.044245319776203e-05,0.0003302291521514,0.0001354602839935
1065,0.2532548261138531,0.0067729363118093,0.1657295669985017,0.0191046570234494,0.1131589917466078,0.0501065259948307,0.015556745689959,0.0043054572839211,0.1336772010679007,0.0190705147843381
1066,0.1957172679841035,0.0096052636880119,0.2285773541195557,0.0142892695347298,0.1945477068962638,0.0830129398634118,0.0154454560037019,0.0044144098710484,0.217685821548816,0.0142528305735745
1067,0.0832869269595289,0.0055195516654269,0.2293872755516488,0.1068872238566208,0.1601628364496192,0.0759254969741749,0.0455788838576371,0.0045909324640816,0.1873057400002037,0.1054369700422731
1068,0.4749063861134647,0.0308698387210248,9.166462354096446e-05,5.93913216485805e-06,0.1687984156418024,0.0045919471145878,5.9133083362582345e-05,1.2552824906559468e-05,0.0002202541992273,9.153014568116114e-05
1069,0.1705734359747936,0.0351529342651818,0.0001778304159972,4.043010766463437e-05,0.3527793420511986,0.0064929804260634,7.113681941186535e-05,1.6217138693709377e-05,0.000259872956183,8.113764129561041e-05
1070,0.4065888362940975,0.0642094337056449,0.0001883626596906,9.312820703512858e-06,0.2424671169904435,0.0033377869184022,4.04336112529888e-05,1.4777088066846356e-05,0.0002720721017874,6.408746047465615e-05
1071,0.0007373318513898,0.0002903060322016,0.1787194661117143,0.0057320120580511,0.1760206269601307,0.0042389137092788,0.0013580753387968,0.000385796332783,0.0670753512121906,0.0030955052742842
1072,0.4074416525229591,0.0571277759066483,0.0001652209485722,9.362491472462416e-06,0.2343071823596807,0.0046458758992134,0.0001104110267809,1.6416168369154403e-05,0.0003478417322815,7.532855427323146e-05
1073,0.3905914591042726,0.0575427730616058,0.0002284648745152,1.105959426088259e-05,0.2675226668137067,0.0035800023842148,3.3598599963637764e-05,1.3370194854920528e-05,0.0003047261149354,7.628578475345355e-05
1074,0.0233130883028472,0.0021621755229889,0.251139850090908,0.1485268290501958,0.0648056347284129,0.0292550107935899,0.0280325300280578,0.0021093105474336,0.2426638949233638,0.1404352504358847
1075,0.2679880241453155,0.0083306021200068,0.278971757632,0.0274505936684143,0.1562744750231208,0.0611735237632194,0.0185464326630592,0.0057341366957093,0.2522870341238881,0.0273996074537439
1076,0.0024802369551134,0.0008337572105406,0.3797556736753863,0.2154144876858098,0.1845250791001798,0.037127778803739,0.0055365377026485,0.0009303828021739,0.2030947447274081,0.0421093018657902
1077,0.3930175269582163,0.0627486400301427,0.0002214323983725,1.0656951116493396e-05,0.2607546615152252,0.0034029338552913,3.718615877659421e-05,1.3207598847191762e-05,0.0002943764920059,6.882667786366393e-05
1078,0.0016127877196242,0.0010623967324394,0.1291252683864731,0.0475725788809811,0.0524543547402221,0.0148618512649176,0.0023443026341961,0.00111138766708,0.0610764469456996,0.0167148084291755
1079,0.3897155591025185,0.055829121480217,0.0002326497717777,1.1347205040194818e-05,0.2694055447180048,0.0038858262299916,3.217012141672543e-05,1.2201573730299111e-05,0.0002875577297282,6.915621064876087e-05
1080,0.1703033383691324,0.0101860000874886,0.2371444408351925,0.0097444001767885,0.1748391765097199,0.0468422606942078,0.0174466736267425,0.0040766858605533,0.2266778439037117,0.009725399570151
1081,0.3715757942180136,0.065338274560193,0.0002368612789436,1.3337385198764724e-05,0.2803464571300393,0.0038539120319749,4.206695719836544e-05,1.3954491009795606e-05,0.0002431628381619,5.97297380642964e-05
1082,0.0019810631894651,0.0002822932238137,5.82992292570885,0.005488808629738,5.795726187975927,0.0035403717641085,0.0050994131284955,0.0003825288108718,2.294078268194787,0.0046712875122888
1083,0.0516289299416145,0.0040071287275601,0.1585925179116366,0.0358944275664392,0.0870264129795465,0.0444654402350902,0.0197357993962432,0.0034568114582801,0.1231218863877455,0.0354800064132086
1084,0.4353794818470261,0.0542549953997117,0.0001455469381933,7.327428602642476e-06,0.2005844405810914,0.0034010160207868,5.436869445272136e-05,1.4022745934411896e-05,0.000261664804065,7.299128982412633e-05
1085,0.4017219751974439,0.007779670274418,0.1756321923838219,0.0153191419408809,0.2050279673377195,0.0615669819034269,0.0117964671137332,0.0040205840888392,0.1474965114394889,0.0152964628367525
1086,0.1704699817572401,0.0202773521382416,0.0005046269634965,0.0001378597313127,0.3361273143593066,0.0149927731483404,4.5057447813251046e-05,1.6495179429167806e-05,0.0004553012781897,0.0001786649607335
1087,0.4756526725068475,0.0432002022910744,8.91757027553644e-05,5.102062728519377e-06,0.164477566701915,0.0041519621626809,9.162778111258612e-05,1.7615292167980266e-05,0.0002390389780746,8.326221541909566e-05
1088,0.318208935279181,0.0741215280902207,0.0004996899103595,2.2631085434485615e-05,0.4486569976718657,0.0049489600141628,5.774313344959056e-05,2.1077538884976103e-05,0.0005010924675663,7.519165301213112e-05
1089,0.5264499815579964,0.0357960088614259,6.240556246442133e-05,3.446968195572432e-06,0.1446781456205091,0.0063188153874555,0.0001134119737325,3.298642700658535e-05,0.0002390180843898,0.0001129472666191
1090,0.4343729289321022,0.0741557096118327,0.0001254995093276,1.0323911976945853e-05,0.1837097350617966,0.0060297566948336,6.262336449620789e-05,1.666589603199413e-05,0.0002509943690731,8.272067244177718e-05
1091,0.5455060080739716,0.0347303786258287,4.850606523819606e-05,2.720475372887951e-06,0.1375909217516759,0.0101368092424408,0.0001233442460941,4.959152904378109e-05,0.0004109406103746,0.00015851405862
1092,0.487676322639815,0.044741567027478,9.241097848748986e-05,4.942682086983351e-06,0.16206374533915,0.0037978196702727,9.4851880353854e-05,1.7070502638110533e-05,0.0002318054641429,7.990290488484821e-05
1093,0.1284708432156981,0.0069974553227551,0.177372906303483,0.0126875932037524,0.1486074156578004,0.0690718143140829,0.0108743486695286,0.0035389270231441,0.1521375729739121,0.012652205288006
1094,0.2742965483143944,0.0086281613616067,0.2281465185285913,0.0109678390356513,0.1853962961020975,0.0670575518391518,0.012497160174212,0.0036489342040888,0.2007341621293399,0.0109349019780259
1095,0.0039881768293081,0.0010537648115064,0.1451203663769163,0.0781684122109698,0.0649380064370736,0.0225359458900557,0.006752793678881,0.001165476433742,0.1156345421163431,0.0627791426960811
1096,0.3947968262467801,0.0603670994911153,0.0001821948499002,9.959691203312925e-06,0.2434665420597954,0.003413270842833,4.16207117762816e-05,1.2939723788438436e-05,0.0002662832538982,6.421772045105547e-05
1097,0.4458634855014869,0.0509601973922844,0.0001179717702533,6.596619871753822e-06,0.168853084942529,0.0044747674418168,6.426104211404423e-05,2.170815930273629e-05,0.0002267254383274,6.834828343656384e-05
1098,0.0009818195336733,0.0006309819636764,0.0283988553643575,0.0068477438877083,0.0153004678583661,0.0038410812774531,0.0011896207640665,0.0007047178403656,0.0102427014866943,0.0024747331570448
1099,0.3772365138713241,0.0628907682579677,0.0002265066786871,1.196922587865892e-05,0.2701942408805572,0.0053430320504613,4.867957247645963e-05,2.2498558365491136e-05,0.0003032656047258,8.757867336340839e-05
1100,0.0242119345847028,0.0026608836449624,0.1983043602305479,0.0618570320158618,0.0951297224767168,0.0374153650434678,0.0216935019814636,0.0024680014707077,0.1355852245689522,0.0599163557937456
1101,0.3561626519084557,0.066292188636008,0.0003147979391186,1.4644798830349668e-05,0.3054783934642591,0.0040004335124392,4.3519368366437086e-05,1.567666164324367e-05,0.0003154506032434,7.118054696322937e-05
1102,0.4513682606056989,0.1191429862271312,0.000107680484345,1.0589635365814058e-05,0.1639317337454756,0.0058732844497661,9.244498308489456e-05,2.121864518542693e-05,0.0003229221566665,9.039443511234004e-05
1103,0.0272418813297781,0.0034562869136603,0.2101714197295837,0.0492736245455523,0.1055505487201619,0.0473380703909519,0.0171538738429647,0.0026604587501839,0.1385843351049725,0.0486153979250456
1104,0.4479567326953143,0.0526436615731193,0.0001242471897704,6.6020530307786045e-06,0.1757001241807825,0.0029771419898258,6.401133416683497e-05,1.270798563749959e-05,0.0002474944310161,6.976447457125015e-05
1105,0.1702724546759141,0.0082357978211301,0.1838689333163446,0.0147214220811829,0.1925421227847701,0.0923461357998261,0.010563612723017,0.0038494382699734,0.1365208480411317,0.0146742396604794
1106,0.4917769054236011,0.0419716476523547,8.880729745431368e-05,4.7654810099150586e-06,0.1605781164725164,0.0040165928256498,9.723413356839026e-05,1.8662987030634758e-05,0.0002507187609011,8.049921039401681e-05
1107,0.1502159845810264,0.0072892379822259,0.2010394743549274,0.0127741123511018,0.2691651154049334,0.0574380557542944,0.0116745585408453,0.0035520400743749,0.1487505969814806,0.0127366170252062
1108,0.0016029021314444,0.0010917177252914,0.1568260900450875,0.0434044401766504,0.0400204845039268,0.0085321988613213,0.0020069281086594,0.0011406973886097,0.0490283075720004,0.0111812660382965
1109,0.2046311853119229,0.0083553833506166,0.1522245312234503,0.0481894295863797,0.1424336830021759,0.0736685188359909,0.0217332626826805,0.0055721260845806,0.1477763524474083,0.0480346603379353
1110,0.1475433555984988,0.0249574395740836,0.0003848064041298,9.618214977428075e-05,0.5325689444069409,0.0075456263381588,2.2774312064652096e-05,6.472471366545755e-06,0.0003792593377488,9.301393886879683e-05
1111,0.5895359216877729,0.0078537044467923,0.1283862690051493,0.0245565640899793,0.1720242328589759,0.0843044256758818,0.0132618866658557,0.0042608002456349,0.1223562942493667,0.0245301265404866
1112,0.4383041226060068,0.0472048040073911,0.0001391206960212,7.2271249084868914e-06,0.1961049982515275,0.0036420226418604,5.719459690728109e-05,1.3212578825532498e-05,0.0002622676072296,7.343854919814475e-05
1113,0.0504957212731178,0.003113667806904,0.2003296131420671,0.0894039922815561,0.1208593497677336,0.047492020794894,0.0387572448469852,0.00314635693665,0.1970148373962262,0.0871889279902853
1114,0.1583479535226856,0.006093746978794,0.1790127305602309,0.0207387034993035,0.1453124192458881,0.040818442096682,0.0130651872535194,0.0043402619374602,0.1402409411409942,0.0206726706900845
1115,0.1144916870548323,0.0108989093526,0.0064094415639029,0.0013567926897752,0.4325696050770956,0.0090574521310019,0.0013942814634037,0.0001858926804816,0.0063338744083389,0.0013610757129141
1116,0.3996179173831509,0.0601338191261405,0.0002027762134401,1.0209687653688676e-05,0.2529467489330265,0.0038424247983687,4.634331382061157e-05,1.393786250717636e-05,0.0002634825465071,6.438658847578126e-05
1117,0.1957018542096824,0.0062367175460004,0.1500780775761905,0.0499970826481249,0.1179309835741767,0.0532560240694126,0.0254633446047614,0.0046347732102947,0.1346811945882196,0.0496102815242706
1118,0.0016466821643014,0.0011200454782703,0.0250574185028183,0.0060211909678532,0.0211522235437063,0.0064647993499073,0.0014464473973719,0.001116916631338,0.0143122800045669,0.0034874220800309
1119,0.5097278022051078,0.0409827964443887,7.586475720679666e-05,4.074379886226177e-06,0.1565034305618339,0.0052678618167332,0.0001134483341999,2.37440167256094e-05,0.0002326480876704,9.865834547409892e-05
1120,0.1316419242279759,0.0157035170922816,0.0004755495266016,0.000155747676252,0.3021576706893034,0.0290498319209911,0.0001005381096584,2.094704534427245e-05,0.0004708753496211,0.0002095850615334
1121,0.307175573473472,0.0788218825149365,0.0005052216686848,2.765171028290927e-05,0.5034205590432961,0.0045669851844785,5.346162669265346e-05,1.922396272201765e-05,0.0005145111198036,6.686393907634482e-05
1122,0.4808023074864314,0.0439637902406,8.790849689690925e-05,5.478416125421989e-06,0.1594566411770623,0.0046696660447392,8.800015356976931e-05,2.285325584240237e-05,0.000282575608482,7.894634577525034e-05
1123,0.3945934450912425,0.0645061662461994,0.0002195781034539,1.054903547194937e-05,0.2597048179399183,0.0038265998050109,3.587455927677465e-05,1.8448696251227147e-05,0.0002958762711873,7.71707731297225e-05
1124,0.0007832618412079,0.0002108174493103,0.0285692964186409,0.005092732558242,0.0218965605254374,0.0022767588045457,0.0008900611677698,0.0002655786682994,0.0081615250780001,0.0012306888326495
1125,0.0015997278995907,0.0011247224888089,0.2087901549739547,0.0615256023965921,0.0858992348449153,0.0193713901215345,0.0028809855059175,0.0011370399256984,0.0973375307739684,0.0231299664841462
1126,0.2212174861758364,0.0054535416474245,0.2053833285565808,0.0428821183626767,0.1104854562474469,0.0490665056524066,0.0213033144000835,0.0044029544096226,0.168034049093885,0.0425791437364463
1127,0.2538811706147589,0.0062244274211723,0.1853748896835516,0.0212765472915082,0.1180090439928716,0.0546110227456584,0.0145342561056371,0.0041169634203192,0.1687205521077243,0.0212394133355033
1128,0.4341602109648369,0.056564001032027,0.0001465756584835,7.5687795072716e-06,0.2056213434319992,0.0035464645526793,5.35790358493675e-05,1.6766509839951946e-05,0.0002647610841288,7.480456588343413e-05
1129,0.2297365121516992,0.0055369020888854,0.260067081143819,0.0251226513715857,0.0998560886729056,0.046407504209149,0.0102919662548005,0.004103036797169,0.1306137822565093,0.0250227931851899
1130,0.1890645068220948,0.0080811641597248,0.2103196701739423,0.015317208245609,0.2090235749543574,0.0681907198655904,0.014942086096241,0.0042114147116212,0.17159247196313,0.0152922602568699
1131,0.4304217544954113,0.0501298597799355,0.0001524757434048,7.782807255583718e-06,0.2152947324518697,0.0038633915727801,5.368111015151747e-05,1.214714540859692e-05,0.0002845060902775,7.921850941108714e-05
1132,0.0007412618699338,0.0002907099628832,0.3605101973347783,0.0054487687247005,0.3575809560874197,0.0037783137954661,0.0018593292107253,0.0003944841401414,0.1843170830795181,0.0039486615031814
1133,0.4307712585387978,0.0573779053081592,0.00015127321703,7.702120283926062e-06,0.2082477361362865,0.0033704216552529,5.325715056896414e-05,1.4285888352865165e-05,0.0002738973449999,7.219910800154463e-05
1134,0.4197235824022569,0.0584871273645851,0.0001545683696466,8.589147026802581e-06,0.2213483163818999,0.0039600733800419,5.13633893282435e-05,1.879395071274488e-05,0.0002496537915832,6.188654970703695e-05
1135,0.0007338559988597,0.0002820711953552,0.180709231036755,0.0053856338907642,0.1775056010010297,0.0036612198019265,0.0015996020706221,0.0003812086284956,0.0880632337805288,0.0032646978900597
1136,0.539273986368618,0.0280764501477774,4.637908346594167e-05,3.114082083703653e-06,0.1356641333557281,0.0114933130070732,0.0001485586417163,4.787198116977651e-05,0.0003703950523665,0.000152528982489
1137,0.0112820097431861,0.0014895199034295,0.3956459177687966,0.2828716086654853,0.1346234746808345,0.0846604172383312,0.0173940776274424,0.0014957672926347,0.3755271086859386,0.2405428836618343
1138,0.4987225301997883,0.0421634963029187,8.47679180576239e-05,4.481552919899291e-06,0.1624951682937843,0.0059628012916422,0.000108100692017,2.313658471543244e-05,0.0003310609281492,0.000110765749396
1139,0.3286578698767943,0.0413697002119687,0.0001868215616356,1.520312351061641e-05,0.3878249670174395,0.0037120308469751,3.408806065227457e-05,1.1237879343760125e-05,0.0002944311497743,7.591722180729437e-05
1140,0.5083567687406959,0.0405607634290136,7.672444712849701e-05,4.110958124612869e-06,0.1567028894464007,0.0054965365677403,0.0001116747137854,2.2444487759641474e-05,0.0002586149054746,9.900162125180636e-05
1141,0.4919853133268504,0.0348919011126142,7.976003324221571e-05,4.58383981319783e-06,0.1577254874539567,0.0053901351831679,9.917892399539988e-05,2.181763101203697e-05,0.0002268779189792,8.79175572373997e-05
1142,0.1544776471722289,0.0350994940125011,0.000458253423529,8.082600857264921e-05,0.3761911136942997,0.0064984126248081,5.983456292599937e-05,1.316442879491227e-05,0.0003521616954286,8.638046234562677e-05
1143,0.5562083966956191,0.0324947560138203,3.928287942995282e-05,2.232828920085575e-06,0.1282914103253385,0.0097913271582564,0.0001278865422933,5.606825138785045e-05,0.0004082037775354,0.0001634798469239
1144,0.4598793554524392,0.0821783140537693,0.000101161786146,7.068147419271382e-06,0.1657326257071345,0.0051114614312819,0.0001481482464254,2.1385301039680596e-05,0.0004396670563345,8.337941832634843e-05
1145,0.2071203747156362,0.0089162540719288,0.2192129664230384,0.0096230110700312,0.1789355121775091,0.0407682909189821,0.0112100710225066,0.003184776646089,0.2121762589350846,0.009584234683512
1146,0.0018160626858503,0.0013360886940655,0.1358089777960789,0.0207282258885701,0.0263845181098577,0.006808411090421,0.0017134046345488,0.0012415050362366,0.0334938859559668,0.0046391610538176
1147,0.4068709157282683,0.056501763593445,0.0001860820742153,9.432482046511335e-06,0.2438503486334881,0.0039064165444933,4.2390350972053055e-05,1.3773428384940107e-05,0.0002631804712485,6.562172026885781e-05
1148,0.017069016650016,0.0020050269401567,0.1475412475343162,0.0593596605268513,0.0853432731375159,0.0349844390777574,0.0185018444116151,0.0021251215308533,0.1353742291338208,0.0569036320570242
1149,0.1965048632959453,0.0074614171478193,0.1894032549077059,0.0136328984405218,0.1850393298631434,0.092324732419969,0.0100636070182916,0.0036500841346355,0.151340408262378,0.0135837727859302
1150,0.029017365441283,0.0029064242122855,0.259711972740584,0.0373698740474276,0.1139594651282621,0.0501602490446882,0.0191142645442451,0.0024872428241651,0.1392965011039246,0.0369230625534306
1151,0.4351583760676315,0.0395257571458855,0.0001439932125418,7.532199871493336e-06,0.1984543667188441,0.0045096054201957,6.096227102845148e-05,1.4922478462414291e-05,0.0002477469034211,6.713130503599647e-05
1152,0.1666558697818304,0.038099220432673,0.0009670829976055,0.0001969829314764,0.4998194570146342,0.007637506436114,8.089033291792415e-05,1.823067271105676e-05,0.0008869706296772,0.0001702876932675
1153,0.0007857765318404,0.0001668695646015,0.0287064195073942,0.003672971131844,0.0058840578149697,0.0011034250907875,0.0007210268286946,0.0002056909610643,0.0075566240912795,0.0010074200977941
1154,0.0007963686209036,0.0001152456222214,0.0275450320939952,0.0039993015849996,0.0112284037118942,0.00160713114722,0.0007147759659152,0.0001413953746115,0.0074336537805142,0.001116758930023
1155,0.4535576480386718,0.0468821144798342,0.0001193142556974,6.338458520252528e-06,0.1680281057482799,0.0034573618236516,6.98363417672713e-05,1.429946294576732e-05,0.0002345336656953,7.553201210468091e-05
1156,0.0017970681294908,0.0013761146099612,0.0684861968758844,0.0197395917792022,0.0227878952319216,0.0080505112593738,0.0017072649148347,0.0012165754673784,0.0180387800816895,0.0048482800250669
1157,0.000727447674987,0.000296228737664,0.2479211517967779,0.005551382377282,0.2452564375479615,0.0040519717833545,0.0015220921627957,0.0003976433708115,0.1088571360095292,0.0035344023699216
1158,0.3888705907273698,0.0685555667978358,0.0002345574418683,1.131873376767885e-05,0.2638816842511626,0.004139236400566,5.300725783203552e-05,1.6113148811629506e-05,0.0002681790695218,6.413979779739744e-05
1159,0.2175703934061168,0.0087507025232784,0.2581981877384349,0.0111492223240306,0.2432728932663629,0.083826168937795,0.0147444275175167,0.004014108484079,0.1944460592543429,0.0111215923392844
1160,0.1957128153564026,0.0065756306872605,0.1751875119641604,0.0237447936378299,0.1284651122307002,0.0449364564463903,0.0135151305042404,0.0044964021116646,0.1472440557319118,0.0236785325306525
1161,0.0025750175327666,0.0014802719650167,0.2982563000031819,0.0901330685478409,0.1075075648978872,0.0364004484627491,0.0040617077128427,0.0013470482924768,0.1707554604474921,0.0569916077176843
1162,0.4002287583440152,0.0556093698973672,0.0002030627697134,9.85979453178192e-06,0.2544780648062886,0.0033509959527615,3.686351561817291e-05,1.1240169213419576e-05,0.0003028789715538,7.641546823995291e-05
1163,0.431828145141552,0.0548654406312769,0.0001497092285957,7.666436801058786e-06,0.208675161078078,0.0038152150420298,5.380656668767508e-05,1.6736419856523402e-05,0.0002824561104803,7.575025062526582e-05
1164,0.4396891271706066,0.056868631088639,0.0001378139247973,7.179921818750914e-06,0.192662116284512,0.0039424444765863,5.73505536414068e-05,2.032978910505478e-05,0.0002339372144745,6.725509316510479e-05
1165,0.3888115963773285,0.0639516755827192,0.0002253948875933,1.1295127872057231e-05,0.2617067084482856,0.0044855754177894,5.024267067968826e-05,1.773453274658227e-05,0.0002603642429026,6.335907315997382e-05
1166,0.2996002278298915,0.0265873283867086,0.0009546023963969,0.0001942416528468,0.4176791879954192,0.0111326533725311,5.416689071498671e-05,1.256214811546836e-05,0.000892024515749,0.0001820741511621
1167,0.4801101399204728,0.009300519183228,0.1992744876236615,0.023520296716579,0.1400947988911462,0.0712714671483661,0.0267237794220141,0.0059397130196969,0.1436735853125188,0.0234789477743976
1168,0.1983849868509576,0.0069578515678872,0.2797314572729716,0.0107043699314322,0.1288224728379113,0.0666575616569546,0.0099674258658395,0.0032707472160123,0.1821216090800351,0.0106744760944818
1169,0.4318819094881331,0.0491753658582495,0.0001477257301472,7.7810872968775e-06,0.2083080272977563,0.0040754113713975,5.235022069134797e-05,1.694290337080054e-05,0.0002640791298475,7.007721328145459e-05
1170,0.4742611000797005,0.0455352069036123,0.0001012720421704,5.5230662062005225e-06,0.1645579425203106,0.0039938822983132,7.889885383957865e-05,1.9328906853917865e-05,0.0002041742758256,7.191441277012069e-05
1171,0.2822650221942521,0.0090730424825463,0.1881146410537937,0.0082488499723274,0.2434376038022438,0.0350954175858653,0.0115874762920042,0.0030508970986772,0.1480829754991536,0.0082200569231853
1172,0.5404981719061475,0.0356320026025612,5.232441616700121e-05,2.860671190125995e-06,0.1403724980122795,0.0086933186567635,0.0001133026341338,4.3572673283997946e-05,0.0003708434292708,0.0001434003006493
1173,0.1702686856689539,0.0082902889314695,0.2930622807220207,0.0131041806861344,0.1754177987782806,0.0677652021707082,0.0140769636197469,0.0041366134336262,0.2169657432719327,0.0130816738030929
1174,0.0248554172165731,0.0010684046889524,0.0031974966318522,0.0009437791937226,0.3764699098332621,0.0075708449984289,0.0002603859493342,2.6178267181802096e-05,0.0031726752270223,0.0009629441152425
1175,0.1441433818137789,0.0067818470975211,0.2352436330394346,0.0109007734215063,0.1629541299772895,0.0807951412282397,0.0113985840408437,0.0033560206375293,0.21800629232494,0.0108742182753853
1176,0.4938063110936037,0.0348765802419367,7.315909365797041e-05,4.326127476420825e-06,0.1506483030910131,0.0055997330648671,0.0001019311717082,2.29279870437404e-05,0.0002313282174174,9.307434037803168e-05
1177,0.0007428645624059,0.0002716239484818,0.0496568121687462,0.0057082869573031,0.0473124848393192,0.0034668270155532,0.001039754453736,0.0003522275485395,0.0146786463309275,0.0018066750988627
1178,0.0029147692847358,0.0023976647457066,0.0519897055970874,0.0131155543559741,0.0361240952174373,0.0149368054773511,0.0024356327330557,0.0016913578673286,0.0228001335242139,0.0074297642292875
1179,0.4441607247238784,0.0458102708762344,0.0001166396262556,6.5450633645354365e-06,0.169972079878346,0.0045220656828969,7.102394881670435e-05,1.6459859869366834e-05,0.0002551958569252,8.862425686568424e-05
1180,0.444523173639179,0.0090354024832594,0.2173344309321185,0.0192337346274663,0.1541718706920452,0.0705426160485401,0.0210047369441278,0.005615734619763,0.211990935917141,0.019221759867914
1181,0.4836120139639934,0.0762030059505963,8.057512554043919e-05,6.824823673223922e-06,0.1606457351962888,0.0066585796048265,0.0001079513085462,2.249196795835108e-05,0.0003651536414739,9.983442476644272e-05
1182,0.0028268893363744,0.0023346287322755,0.0548236397395565,0.0189330859644326,0.0477166978156078,0.0176486709412332,0.0025000970149523,0.0017621036479608,0.0260869262450977,0.0094617748142362
1183,0.4221338555191086,0.0607648023357787,0.0001638527112157,8.388289023281867e-06,0.222313433666176,0.0030590001182001,4.800112440077048e-05,1.3037143201017542e-05,0.0002659873846026,6.33898443663574e-05
1184,0.1148646512299224,0.0081323449976364,0.2443168030170231,0.0080885790115962,0.1445608698468489,0.0806423899072101,0.0104979789366957,0.0032780162754665,0.2276809788805967,0.0080782085812607
1185,0.4170882624450864,0.0597313386429565,0.0001710475164231,8.573861327883016e-06,0.2273292210073232,0.0043020516397619,4.530139933820155e-05,1.9351334415710877e-05,0.0002614927636204,7.474964073856874e-05
1186,0.4406312798669972,0.0545538082921307,0.000137134772222,6.953863270943985e-06,0.191110069724232,0.0029527087960659,5.776030641903565e-05,1.3049858036714725e-05,0.0002618409888451,6.929244585569245e-05
1187,0.0016545461075082,0.001085788855812,0.0237936969566529,0.0060090432864256,0.0203980831782887,0.0067446712587452,0.0014414819610609,0.0011328250324355,0.0101104787656109,0.0035683863747255
1188,0.4793200911274099,0.0368946020092106,8.585151987727427e-05,4.9692931049565005e-06,0.1612570431059477,0.0048115295156392,9.275932446673584e-05,1.667940710318122e-05,0.000251356808838,8.77122535564837e-05
1189,0.4559543317890677,0.0509759356258893,0.0001185568465718,6.311273500969799e-06,0.1669100011039591,0.0033351071547807,7.244794446378122e-05,1.7169347205030583e-05,0.0002214020834832,6.629373111983225e-05
1190,0.4289265573453859,0.0534342456212712,0.0001368683997436,7.603486647052869e-06,0.1974357555889156,0.0040488811833718,5.228367116369943e-05,1.6899133825614292e-05,0.0002469220554215,7.120783397948696e-05
1191,0.4794531576082429,0.0907224777212638,8.799725343433223e-05,7.837945412907065e-06,0.1626646831060316,0.0052251346441874,9.712728506431992e-05,2.2575436139557937e-05,0.00037742288658,8.794240126517006e-05
1192,0.1677339012548893,0.0062987395851148,0.1712687366078802,0.0233480902381313,0.0893008134927476,0.0447878040336624,0.012724718758175,0.00453279816885,0.13886369575845,0.023257015881881
1193,0.5356581380048147,0.0349094098740496,5.139421233758693e-05,3.0122478725331163e-06,0.1418474157871297,0.0066584636652797,0.0001139171295596,3.240370050512789e-05,0.0002986765899786,0.0001178631692294
1194,0.4157480837406884,0.0569545829707386,0.0001737047006923,8.693403125957591e-06,0.232223049721769,0.00337972000624,4.44983236473542e-05,1.4386481633910942e-05,0.0002917267175972,7.67989876643549e-05
1195,0.4577927434385984,0.0426643907640513,0.0001019288102493,5.919439677971998e-06,0.1636289436665895,0.0040173954647086,8.073643056133217e-05,1.5768648229773694e-05,0.0002274998862839,7.587110269313956e-05
1196,0.0007632563898668,0.0002994162789294,0.0757748833128535,0.005664549975729,0.0729500312742331,0.0038943353034136,0.0011149385258406,0.0003951919262268,0.0208253548329755,0.0021181134685656
1197,0.0014404489304503,0.0009383972413425,0.0250933693460028,0.0049182739550819,0.0205572271316654,0.0053682925488267,0.0012845725845726,0.0009783163423214,0.0083907285421766,0.0028482724193978
1198,0.4575196973869844,0.0402637243472504,0.0001157473993804,6.096067537139178e-06,0.1682845573300254,0.0043524992791717,7.335345322240497e-05,1.3689854221345523e-05,0.0002508863042328,8.206117597774565e-05
1199,0.0007605598309225,0.0002753380406536,0.0422274183148099,0.0055593729120901,0.0400590031689478,0.0033206257849912,0.0010043474741481,0.0003564288318775,0.0124178329414175,0.0016402483162461
1200,0.5568061336716121,0.0316503626657555,3.310931492945587e-05,2.1257628610129824e-06,0.1256210846494867,0.0107122039588965,0.0001604177077546,6.450741494345913e-05,0.0004507100232771,0.0001789762592812
1201,0.1007963467165081,0.0070107356957725,0.1990283416374592,0.0335206671808066,0.1170270624125799,0.0556780081613526,0.0205377300576473,0.0050276237640489,0.1661074761626804,0.0334198745789999
1202,0.1670848197275442,0.0082029900326033,0.2532785549910419,0.0146445220138977,0.1441198760044671,0.0734585794231379,0.0123825611921517,0.0040756178388039,0.1707670172731566,0.0145922240098137
1203,0.002861905695964,0.0010278863812796,0.3056510092477075,0.1466651582523031,0.1716508495270061,0.0479370001215847,0.0060205182324356,0.0010898971752285,0.1957685809142391,0.0607246456818426
1204,0.2200908712701292,0.0323154866342618,0.0016926845886675,0.0003117501674688,0.4022565923628428,0.00692025191102,9.134591686066782e-05,2.1459422922426117e-05,0.0015934929359851,0.0002919924680846
1205,0.4836851124690492,0.0597146557664595,8.454081043079989e-05,5.548409675074672e-06,0.1620355863462473,0.0070006821625424,0.0001921913531996,2.3782756849822547e-05,0.0005658719485619,0.0001085126668793
1206,0.1913447942251142,0.0062545369875134,0.205892322221877,0.0336873606426256,0.1084133941573302,0.0472018489671319,0.0143748344925844,0.0045891698168979,0.1402519443698023,0.0334751649485598
1207,0.1384226713551654,0.007814816216281,0.2846882722684546,0.0081646078995213,0.227907067957511,0.0848074454503086,0.009949441572929,0.0030238229705071,0.2501392997214235,0.0081558332446824
1208,0.4001476906283154,0.0592108802275809,0.0001772298660061,9.405669590797087e-06,0.2416932257291045,0.0036333599002355,4.125894076106994e-05,1.4312774371275546e-05,0.0002690071168965,6.85661946738609e-05
1209,0.4358529323935128,0.0559381187418436,0.000142292124863,7.401919423413691e-06,0.2010414715473527,0.0033594654567876,5.3350254701169975e-05,1.6446073679503055e-05,0.0002653618288862,7.394381996459226e-05
1210,0.4488703901450278,0.0511821090860706,0.0001307253698739,6.745722333844922e-06,0.1897813279537682,0.0035629557520335,5.911935419617416e-05,1.4671808343020525e-05,0.0002158853463325,6.883212094377888e-05
1211,0.4533961997409042,0.0482674778278311,0.000118020283944,6.262763932413242e-06,0.1684557121952345,0.0033394047921585,6.857571582008551e-05,1.386024955466689e-05,0.0002424381572273,7.720919802039714e-05
1212,0.1928648882299496,0.006093457522208,0.1703396862570976,0.0210033301773728,0.1062187643038396,0.0473314508517613,0.012154608700092,0.0036666220155263,0.1573441437882325,0.0209674259693263
1213,0.043157310729421,0.0037062702045377,0.3917507801882924,0.0268813181602412,0.1863971099471905,0.0422590080109764,0.0156144055441103,0.0030284039217164,0.2732669543762551,0.0267496896397889
1214,0.4771257044123582,0.0459972919980742,9.925584933394136e-05,5.328667872624797e-06,0.1643728472149811,0.0035106664667032,8.641691943001018e-05,1.5211033929239047e-05,0.0002376447300246,7.905421185730578e-05
1215,0.1022006623763215,0.0057272257336214,0.2076213325535972,0.041587085343766,0.119661771176607,0.0549457582689784,0.0217124661302593,0.0047599898802181,0.1304026423812298,0.0412625416734825
1216,0.0010136397710883,0.0006539411950227,0.0404412810136533,0.0078082058851842,0.0148426021580599,0.0040704424475418,0.0010320253017448,0.0007292581899954,0.0114373090604593,0.0025300133782742
1217,0.4034213518442016,0.0609572633422123,0.0001737492776126,9.42322277228864e-06,0.2386859194778171,0.0032715540043984,4.610004945763403e-05,1.4033101429406508e-05,0.0002732322302111,6.745208053585009e-05
1218,0.1816934160606348,0.0266602033497617,0.0001386946654942,3.3635953284103666e-05,0.4623159663116078,0.0113839539387701,4.3076708167971535e-05,9.575524955394029e-06,0.0003287253204371,0.0001130203819639
1219,0.3620027031331279,0.0699600021298827,0.0003004840543861,1.4381843282822928e-05,0.2982324925117308,0.0033935916653021,3.4797728872892935e-05,1.300609057011658e-05,0.0003010829939577,5.4679095716440805e-05
1220,0.0010858770927402,0.0007010583450149,0.0589764518768431,0.0207133106097126,0.0187776707136762,0.005575651240369,0.0011181277251713,0.0007726219285789,0.021782797234267,0.0044773347206698
1221,0.0016236168987812,0.0002764025243029,4.205293707296742,0.0053811168151481,4.196154593549572,0.0033886507116385,0.0042616070384757,0.000378204257661,1.7485238409876025,0.0042890625132065
1222,0.0936486745106785,0.0101969539431125,0.0009187678149963,0.0002150222231122,0.3493461074033427,0.0240482948374891,0.0001175058980683,2.719056385179214e-05,0.0008790369594026,0.0002224914992289
1223,0.4851819024792405,0.0422127063901303,9.427581658012448e-05,4.985110945307962e-06,0.1632208694804527,0.0041827430347457,9.552997308685006e-05,1.6117224887474435e-05,0.0002550965599763,8.436789919497229e-05
1224,0.5285502348412101,0.0383242850382385,6.113602350011135e-05,3.2907020261279927e-06,0.1443733075340224,0.0065237429199089,0.0001186585300321,3.118025690385262e-05,0.0002871231481972,0.0001160478935639
1225,0.4680826472105014,0.0479075438218715,9.863503849672536e-05,5.598241668325043e-06,0.1639982863002535,0.003635806586015,8.355555291916009e-05,1.5889340799271006e-05,0.0002392671469549,7.893088848097268e-05
1226,0.5192454176346253,0.0444223836932629,5.954185784313752e-05,3.957612464021692e-06,0.1452151158209758,0.0059858520967375,0.0001147713288599,3.081452462512814e-05,0.0003679721466967,0.0001099512698509
1227,0.0014673745652957,0.000984138259883,0.0239472816917474,0.0075137559744344,0.0220932775469638,0.0083029916858509,0.0013243892727741,0.0010079103884687,0.0116302621724695,0.004278458505925
1228,0.1414963895013804,0.0236365095591454,0.0002285183685653,7.616167502696804e-05,0.3892465182293533,0.0068441666910696,3.367854462062488e-05,1.0896241115228847e-05,0.000432221987724,0.0001127381467323
1229,0.4442824672840361,0.038677275900574,0.000115863247692,6.589726603737495e-06,0.1657719420591228,0.0049461707928447,7.108239503772803e-05,1.8552605170470276e-05,0.0002192033954006,6.843572598248954e-05
1230,0.4344792639172787,0.0523790642665641,0.0001471273798533,7.484152087000181e-06,0.2057686704928203,0.0040828512438292,5.548883168226231e-05,1.7789711493632892e-05,0.000277353993202,8.455526793918071e-05
1231,0.4440119998181085,0.047596314078344,0.0001163925940638,6.564862268150612e-06,0.1696268631644049,0.0033471114837584,7.115975092342524e-05,1.3388384263583726e-05,0.0002486905988955,7.678516936239363e-05
1232,0.1870929426713033,0.0064808443915925,0.2207129124325568,0.0532716435490131,0.1449289634259467,0.070564022407034,0.0279000329629716,0.0048319681766642,0.1525784301494562,0.0529809279648347
1233,0.5078348517153181,0.0364712917128078,7.60667977598024e-05,4.221583482077464e-06,0.1530640116404458,0.0058777540743134,0.0001052260079957,3.280053351158674e-05,0.0002163861073936,9.993995799450376e-05
1234,0.0574359289578987,0.0046155314979693,0.1971065400130819,0.0329901784705118,0.1128771911778224,0.0444853216197379,0.0181283927831703,0.0039713450051787,0.1710272778292993,0.0327624963692374
1235,0.001455786960981,0.0009832030259273,0.1728381435888205,0.0650609228201412,0.059085429000751,0.0122958447078849,0.001882851821969,0.0010046242253281,0.0612913224198279,0.0119243946013972
1236,0.4540723356874537,0.0555866715119577,0.0001075625357612,6.687805578012846e-06,0.1686782353880785,0.0060197626370068,0.0001262218148391,2.1401703314212117e-05,0.0003679645922126,9.44717465019835e-05
1237,0.3795197824468384,0.0639682624788429,0.0002613556199811,1.2267914888449977e-05,0.2763859185187001,0.0052185952368179,4.644499575759628e-05,2.241586663765975e-05,0.0002982412118019,8.663649677440265e-05
1238,0.0071437498800943,0.0010112423454725,0.2469253649731484,0.123516913166585,0.0861598947494825,0.0334643464364143,0.011739740994508,0.0011376562929036,0.2260854545375469,0.1035896156202195
1239,0.0007554210038185,0.0002864638362276,0.6277990227339211,0.0053773699344877,0.6247610955590185,0.0037171350407728,0.0022132434652388,0.000390254310531,0.3298261529722014,0.0044661559220657
1240,0.0074515696100362,0.0015946527022254,0.2627274300650817,0.1282659240276457,0.1059721084321294,0.0523392590904502,0.0105230564258165,0.001514080450047,0.2115582072198487,0.1203865967027374
1241,0.4318915434644867,0.0538720191055425,0.0001523129230415,7.672032059175056e-06,0.2115939871369385,0.0035760409593894,5.324576399094394e-05,1.4325033396498262e-05,0.000268137078564,7.037176971753718e-05
1242,0.0016094660221807,0.0002756629064083,3.334405117396423,0.0053848370673123,3.325356268387713,0.0033898287358843,0.0042286696596054,0.0003752041363936,1.444241517414644,0.0042961503363243
1243,0.5995477843318227,0.0071448977898358,0.2216029605470262,0.0264139666891132,0.163789183914902,0.0806624663004276,0.0152852973980964,0.0046686705090172,0.1673574757440537,0.0263643182207332
1244,0.4504595684361782,0.0439924266148267,0.0001084305820897,6.225638756946785e-06,0.1632776726661005,0.0037813123126567,7.634369609525534e-05,1.3903989079695391e-05,0.0002322571522105,7.68309551166341e-05
1245,0.0588627748429811,0.0046402692555654,0.176584338881162,0.0263522857122101,0.0780717161458387,0.0383354731250398,0.0146842288263527,0.003953286723478,0.1664786993262303,0.0261880270345482
1246,0.466229307117001,0.0416907819869327,9.729689408989592e-05,5.62208998343041e-06,0.1634277944014245,0.0043132346153418,8.093539625205828e-05,1.985086289909913e-05,0.0001906924705726,7.230289076210779e-05
1247,0.0019655309656316,0.0014288180152713,0.2781527472595598,0.1404010480024785,0.1278096585153433,0.0402698393063744,0.002471668586857,0.0013507008722869,0.146301382833086,0.04243333642625
1248,0.0015707295528041,0.0009518464403842,0.1788726261868918,0.0803209253875694,0.0628139082783219,0.0129167837572172,0.0033930271474327,0.0010280612497264,0.0950731170213127,0.0197037090335556
1249,0.1222015405534276,0.0059674823134608,0.1935314241164751,0.0257115357050674,0.1034592544674394,0.0453104032914296,0.0143320015887814,0.0046475203878026,0.1641375340518674,0.0256025584657149
1250,0.4276735903770684,0.0401941570692975,0.0001360938829381,7.461421398714162e-06,0.1970328089199685,0.0040642021462423,5.518351840050165e-05,1.222662856964006e-05,0.0002667777031464,7.439803767269789e-05
1251,0.0016233272382698,0.0010854206454347,0.130407548992197,0.0686508869910985,0.0430486040579023,0.0119429160043732,0.0031490605444512,0.0011492471343377,0.062714289138979,0.0191210586562568
1252,0.0204353178920772,0.0021009646964244,0.3526568339055991,0.2302357441501162,0.1518602683598707,0.0507597858731072,0.0264586245074532,0.0020042208100649,0.3432024483584298,0.216982984426912
1253,0.4643399981323211,0.0472955827025566,0.0001057024913744,5.771069366872245e-06,0.1664743119502232,0.0038779429592122,7.546770327053069e-05,1.6643846208103595e-05,0.0002331360779543,7.715321338110736e-05
1254,0.5402351116354263,0.0351729804569404,5.197911851117756e-05,2.868514011319624e-06,0.1394783850261542,0.0078116054545044,0.0001098984468049,3.750834786181869e-05,0.0002862404608447,0.0001254846570643
1255,0.5342373450167113,0.0357911203472402,5.782492528158051e-05,3.1844662731145003e-06,0.1449058604545435,0.0067755821640427,0.0001202508746107,3.232057902572352e-05,0.0002981110705366,0.0001174745862199
1256,0.0289429579349926,0.0032926944235892,0.2723201865667251,0.0512916253051313,0.1238401410000595,0.0611472409577317,0.02128098462498,0.0029533697297663,0.2576021582632546,0.0509248362684236
1257,0.1528228132444498,0.0083515803975345,0.2213337130964816,0.011733157986846,0.2647626779741774,0.0701143913511237,0.0126646466626822,0.0038671057536723,0.1823260677670951,0.0117115492400194
1258,0.5453974714875219,0.032380170272524,4.80248454980872e-05,2.755462757890679e-06,0.1352197347794113,0.0081440695727599,0.0001004365188337,4.74580581066887e-05,0.0003165110451242,0.0001432759749948
1259,0.1307502270313695,0.0060121335562388,0.2453261974809876,0.0200532228196102,0.089818414024972,0.0410717275481057,0.0129994027815114,0.0040224910157102,0.1486254625687531,0.0200019392130039
1260,0.5162465368268676,0.0321785679860423,6.966010675617436e-05,3.849734557382555e-06,0.1480643683224229,0.0058692933121662,0.0001093121885256,2.848132101882128e-05,0.0001872478654134,9.87054118696702e-05
1261,0.4559179503104769,0.0518234175215536,0.0001177374556133,6.256422976256504e-06,0.167559560609481,0.0033894057002976,6.715295326589635e-05,1.6018809482033715e-05,0.0002380850775515,7.271697467833479e-05
1262,0.4920989400031624,0.0375161351984971,6.662364911426814e-05,4.451184678990093e-06,0.1454146733564377,0.0045081440884927,0.0001024696216174,2.4006616730317413e-05,0.000291401947353,8.874940770674327e-05
1263,0.0504947225230627,0.0022954559673261,0.0033158764720885,0.0010731587172197,0.2741363138939063,0.0097150797011914,0.0003170956585556,6.542636180214e-05,0.0032813554276718,0.0011071875043011
1264,0.1432553895095831,0.0079450791519409,0.2272294161672677,0.013497727588917,0.2299599168248699,0.06837639754899,0.0179892744459857,0.0041591380118721,0.1462421462677403,0.0134648053784002
1265,0.553453900003465,0.0324222621353914,4.0655532765598026e-05,2.2919647076523435e-06,0.1269418933344033,0.0094308300419059,0.0001249022889461,5.412862298293398e-05,0.0003709380427525,0.0001587315271175
1266,0.5213483817225756,0.0371018551654721,5.931778747874082e-05,3.556872982606965e-06,0.1434764210327467,0.0056187366133147,0.0001055711635985,3.1213476598302525e-05,0.0002265716992538,0.0001062618423759
1267,0.3936928640446038,0.06602033115685,0.0001909189254133,1.0471551293742264e-05,0.2537561502555547,0.003651272101117,4.95110649566663e-05,1.456977313824987e-05,0.0002506933043435,5.89564429647876e-05
1268,0.4122106904811835,0.0538518859258061,0.0001774905866046,9.148604127851809e-06,0.2435833263385735,0.003161165395962,4.182961330346365e-05,1.1416900126441354e-05,0.0002708775036574,7.1371219119816e-05
1269,0.3798477843433269,0.065747710594464,0.0002559793298111,1.215397659783842e-05,0.2728653562541944,0.0042330600893164,4.07260685558432e-05,1.7167292023069802e-05,0.0002945463924921,7.536342759245372e-05
1270,0.5007586633899784,0.0393445146054991,7.11374625507629e-05,4.187121873097657e-06,0.1487441166972375,0.0047704847479464,0.0001019135472039,2.200909384934146e-05,0.0002221783540512,9.197643369245727e-05
1271,0.2314098679305872,0.0282217790987517,0.0001221601422682,1.5283551748711768e-05,0.513357120807424,0.0052684137067561,2.86655394746998e-05,1.1083966827275166e-05,0.0002904495472562,9.982419292022108e-05
1272,0.0838654342524751,0.0059302014586516,0.2481988718991867,0.1074777652980105,0.1706878812970853,0.0853454148022703,0.0472201561299523,0.0050218116156986,0.2239802195879195,0.1060906150026628
1273,0.054218946737226,0.0036476392669424,0.1929847553163087,0.0850757539080609,0.126671286636602,0.0508907816659637,0.0356864940514016,0.00331595011652,0.1756915165819986,0.0828988770082467
1274,0.0566733727242359,0.0048267383088504,0.3573090895666386,0.1976834172398578,0.202487666965731,0.0717552458745546,0.046698516645086,0.003996599875615,0.3304718162441493,0.192855520745688
1275,0.4517811181154922,0.0440876378683878,0.0001117754128916,6.239184805727553e-06,0.1692202262098192,0.0037043301371943,7.186929399607512e-05,1.4880103986110392e-05,0.0002383529743144,7.216547978303994e-05
1276,0.4250664742500772,0.0505153017889681,0.0001588053008939,8.155793255796847e-06,0.2206756089709444,0.0044307730400234,5.154764568358312e-05,1.4969597491031862e-05,0.0002821075275351,8.337742277551838e-05
1277,0.0007576783492257,0.000545410177969,0.025249907493474,0.0044315524862812,0.015748190027858,0.0045428110562629,0.0008602998850561,0.0006225562109628,0.0086966862347347,0.0026715970147024
1278,0.2892873172798211,0.0055995248141091,0.2264189209025681,0.0497894030210407,0.1484715216708964,0.0658280652282345,0.0256571935255557,0.0042028018781074,0.1728855140754863,0.0494914735306292
1279,0.0016791709618872,0.0002762943621816,5.557322125800771,0.0053666029586991,5.5454511263599375,0.0033788426998196,0.0043999855067777,0.000379714943641,2.183266181139822,0.0043024379636737
1280,0.0025498902142873,0.0016446278646407,0.199849228218862,0.0918312328024091,0.1006435135480098,0.0310545294323132,0.0041517916056398,0.0014488110924091,0.1669012975257242,0.0555040710084507
1281,0.5321279770925378,0.0359855038479056,5.2300299319748495e-05,3.1109198429749077e-06,0.1420966128025482,0.0061079870486864,0.0001141367070607,3.345114635132104e-05,0.0002333733179754,0.0001153587075059
1282,0.0008049461898179,0.0001234315534049,0.0289787102734889,0.0035501840250827,0.0067538190390654,0.001487678343491,0.0007186504225133,0.0001546472545821,0.0077538576559581,0.0010039930407809
1283,0.0007764869513426,0.0002323770175147,0.0322260394251723,0.00541036653877,0.0297174072515398,0.0025850186872967,0.0009656145592988,0.0002953187767161,0.0107661285075859,0.0015015369645023
1284,0.1916222090708757,0.0076599515949625,0.2530050463625076,0.0283036597840102,0.1252636231614613,0.0572954285460638,0.0192132153349972,0.0052242361741948,0.1457097173195676,0.0282184343806992
1285,0.5313041362946548,0.0373332873334212,5.9284881056612105e-05,3.2275111326578733e-06,0.1434602605260893,0.0061702217769777,0.0001157672123879,3.1212624691444615e-05,0.000223951975017,0.0001089049033768
1286,0.1471940433199444,0.008575144059743,0.2227390345217632,0.0112882933684741,0.1849141309541329,0.0574196183772329,0.0123607987362379,0.0039389198613541,0.1925630182129613,0.0112647401079574
1287,0.443902119657105,0.0552767177902868,0.0001351199944227,7.001083351317509e-06,0.1903794415823103,0.0032574059012037,6.006400546240409e-05,1.6412215735603628e-05,0.0002313228192084,6.167109176551516e-05
1288,0.3859570395673373,0.0614124179788129,0.0002012184759852,1.0771420169064205e-05,0.2563178644731373,0.0046712352236873,4.226018081435891e-05,1.8507817066463483e-05,0.0002994575543959,7.82338575669584e-05
1289,0.4608077234262602,0.0455547121557587,0.0001003635399436,5.901234517015414e-06,0.1662914692992779,0.004194493470592,8.114384592008874e-05,1.678674476411236e-05,0.0002391822450648,8.066549029638172e-05
1290,0.0014564082884722,0.0010347914531116,0.1470433953172952,0.047460199546914,0.0467614585308123,0.0103259024980193,0.0023421453655405,0.001062349968594,0.0518933618877088,0.0123691159337488
1291,0.4378550426928986,0.0481359691927716,0.0001407035005222,7.251724714782832e-06,0.1982468027946335,0.0034347920520234,5.728182144239343e-05,1.2007873408657785e-05,0.0002707693889395,7.355036865311803e-05
1292,0.5079746118122203,0.0418206903380388,7.653614967892918e-05,4.063526915907653e-06,0.1559533776604633,0.0052934607339479,0.0001159985843511,2.378739991767284e-05,0.000294929728278,0.0001029868817877
1293,0.4069740284699434,0.0541664940304246,0.0001669909684446,9.007765269883802e-06,0.2332235976290675,0.0046776374187353,4.491637127520228e-05,1.7182107191462018e-05,0.0002794148868868,7.6462397994645e-05
1294,0.3903885318808827,0.0580323730010284,0.0001913297180806,1.0468977235059576e-05,0.2539872983498797,0.0039829326662589,3.871634112569623e-05,1.65862930654572e-05,0.0002811472790842,7.31180151471707e-05
1295,0.1605521834756159,0.0081086781805973,0.1930653166193575,0.0135659225893184,0.1828378142835504,0.0733864496503908,0.0153921086982823,0.0041487341644889,0.1614544523415242,0.0135372706956521
1296,0.1550812233654984,0.0152878036819372,0.0018873824338074,0.0003972285927046,0.5024067228619552,0.0220516641162768,0.0001355180694151,3.239914338965937e-05,0.001849676639722,0.0003854302968261
1297,0.5350254424389355,0.034265179115755,5.009428353381431e-05,2.9474329181536887e-06,0.1353105761108573,0.0063724650597872,9.79423758496569e-05,3.675719847028161e-05,0.0002333998268957,0.0001224010201902
1298,0.4821683252969928,0.0429618615818732,8.5359884613896e-05,4.947756731570225e-06,0.1611044810169016,0.0042293129251208,9.63797454135936e-05,1.711151333158269e-05,0.0002220348108376,8.373515059773201e-05
1299,0.1980723613411892,0.008394458148272,0.1772197211798655,0.0644395903311762,0.105168068010144,0.0576943872285965,0.0307423578296699,0.0062372288173049,0.1284470637421434,0.0639821482276538
1300,0.0007330754952378,0.0002829320030192,0.3297379500273923,0.0054850856465969,0.3271302709022333,0.0038404816096774,0.0017639904643349,0.0003830906701102,0.1670118335867224,0.0039204002171991
1301,0.4190396867599653,0.0526252831195137,0.0001691566734823,8.357707613215173e-06,0.2264262923795075,0.0039155591604488,4.659476179921241e-05,1.375989332995777e-05,0.0002812097016562,7.620152670971311e-05
1302,0.0020021264629239,0.0009811523902428,0.2160936194971794,0.1046502806451372,0.0857624706227733,0.0179667791848367,0.0042147764648899,0.0010514637191823,0.1292812360674496,0.0290746311205941
1303,0.5115546276262225,0.0427564499641513,6.674547181601987e-05,4.046702215601434e-06,0.1462772603355835,0.0047329847778474,0.0001250017241089,2.4355207896639e-05,0.0003428596622216,9.612926756449336e-05
1304,0.0203681866041754,0.001791017521492,0.247892868388935,0.098989590609224,0.092441689566406,0.0281996739207092,0.0246966037186701,0.0018667999636044,0.1853719098165631,0.0942327202698848
1305,0.3804136548169214,0.0620142223166513,0.0002533538510625,1.2253235741133125e-05,0.2772987896880458,0.0036615572668081,3.686636108049026e-05,1.4720386679678052e-05,0.0002931928507787,7.352457270164317e-05
1306,0.1739425772659437,0.0074152144043149,0.1769396477838861,0.0113401567086869,0.1543827344104864,0.0811844912345533,0.010602910667842,0.003486467238543,0.1544678244065163,0.0113066759292545
1307,0.0076213057113616,0.0017087986190053,0.3030026889514146,0.0300232681813971,0.0905577115440879,0.029390242869356,0.0082488064025141,0.0015739923393918,0.1281580640412497,0.0293618225597371
1308,0.4487980182154281,0.0508722529416299,0.0001274895641828,6.606244066893508e-06,0.1777399197470969,0.0037755539812605,6.71583130050592e-05,1.5109749014539366e-05,0.0002321100502011,6.940700630709903e-05
1309,0.0023279741505932,0.0017077489796937,0.1972138535685165,0.0540808583134894,0.0581783017364339,0.0124169786977992,0.0019830488048813,0.0014631267715792,0.0595902874390904,0.0098034466261204
1310,0.0007504526310179,0.0002981305204958,0.2423698160806088,0.0055194168347555,0.2396026186642861,0.0039973455805031,0.0015164337383096,0.0004002143365208,0.1080855038853181,0.0035192015250071
1311,0.4149550789046345,0.0581439397997481,0.0001750866466785,8.870453109338361e-06,0.2332854251166957,0.0033161185740427,4.481213683549255e-05,1.3528448187610991e-05,0.0002635163766329,6.559097438761962e-05
1312,0.0007487311311403,0.0002645974718555,0.0272108728607364,0.0035650755220423,0.0111526444166083,0.0024833028493333,0.0005795805962284,0.0003209019343282,0.0070639049170255,0.0014790975242729
1313,0.0015283007466165,0.001042571742493,0.0716481648255821,0.0133913227998401,0.0213193334402427,0.0057615387666882,0.0014275154289251,0.0010633551064925,0.0182244052825221,0.0037860377139955
1314,0.5014837361846319,0.0325663063624724,7.218381948894576e-05,4.285887113561602e-06,0.1519829026873613,0.0061840498762276,0.0001057580416589,2.756472122524245e-05,0.0001937482453113,9.255175801378304e-05
1315,0.4136955625089228,0.059150409977278,0.0001549703252094,9.986181700984336e-06,0.2219197924544029,0.0046542325926882,4.679360485785284e-05,2.127299792328468e-05,0.0002726277373182,7.749700374471414e-05
1316,0.5144296456826967,0.038432795936989,7.166448477926955e-05,3.848366081069244e-06,0.1519978512539995,0.0062532057299721,0.0001116967579695,2.6562482766809904e-05,0.0002482509884932,0.0001103671359729
1317,0.0010444482573531,0.0007183011374735,0.1990669496585457,0.0725868200032033,0.071131650268228,0.012240350326302,0.0024600589640427,0.0008115467377786,0.0792452465421381,0.0132956893158743
1318,0.4722282614120491,0.0360656264506215,9.26356084425855e-05,5.386985765016078e-06,0.1621721019489922,0.005698759964393,9.128486074004155e-05,1.9702660359266694e-05,0.0002159716696841,8.476929547061751e-05
1319,0.4539278762391189,0.0369342061444153,0.0001176509370674,6.416929713375464e-06,0.1666748220837695,0.0052461144804786,6.758806212409355e-05,2.394695757394219e-05,0.0002186455626223,7.947410772399253e-05
1320,0.046090599128617,0.003102208835838,0.1772115061878805,0.0734231684998961,0.095835196492001,0.0374770037724321,0.0311543734430037,0.0029454062270637,0.1736831923397167,0.071118058231216
1321,0.1577707706379623,0.007785507549116,0.1888890518759993,0.0087868664473579,0.16642277329703,0.0760911892403755,0.0103883262936323,0.0031317816073993,0.1335721658831567,0.0087672571655519
1322,0.4452466353387476,0.0511497467688924,0.0001158992909952,6.690892601686866e-06,0.1670451900281276,0.0031221819377073,6.94883217873505e-05,1.3306531530010293e-05,0.0002426971441037,7.195685884563476e-05
1323,0.465941510964924,0.0379051398610166,0.0001073720750969,5.815795268442482e-06,0.166165130403211,0.0049534383573065,8.213338301810017e-05,1.7993781759292143e-05,0.0002290584942481,7.53254567752847e-05
1324,0.000807399464447,0.0001295573944435,0.0274459885542661,0.0042544369415366,0.0134732682687294,0.0019829523255199,0.0007791268938388,0.0001610943613464,0.0072355542105235,0.0011551556039823
1325,0.4490293336923767,0.0810696683692696,0.0001139045234925,7.445975161044254e-06,0.1652335411015122,0.0052606719255234,0.0001634636182726,2.018707955248331e-05,0.0004507271059853,7.788959671004842e-05
1326,0.1232165838944355,0.0056352228161288,0.2583539959749327,0.0283058816628304,0.0745689112669959,0.0377793322806716,0.0121616828256695,0.004451050971204,0.1378722703440248,0.0281600358060046
1327,0.4720699162167446,0.0436203727121056,9.180646509200048e-05,5.551818091663766e-06,0.1612197334552288,0.0039782991187882,8.890382324666627e-05,1.5541068303703916e-05,0.0002175041142918,8.03459828387528e-05
1328,0.4835956330605746,0.0339170423881408,9.5394533466592e-05,5.248544410519385e-06,0.165291203857166,0.0061386013649449,9.366710146932892e-05,2.0623630500207205e-05,0.0002265147450363,8.431703882716673e-05
1329,0.1057046500891266,0.0055758355634354,0.2283729611086991,0.0624808807221498,0.138610773894891,0.0714856134137686,0.0327461693710105,0.0049781431520769,0.2118315827575417,0.0619772017359945
1330,0.0009317440848793,0.0006364067068433,0.0896372844306702,0.0137107805284639,0.0195868395132763,0.0052445688337956,0.0010140018181263,0.0007071176497624,0.0190723989292883,0.0032235077122658
1331,0.3987383650563513,0.0655600646886675,0.0002080062750494,1.0086328825877585e-05,0.2541645443180201,0.0030702077251176,3.720201494887253e-05,1.3180390234112467e-05,0.0002694565804075,6.294359059186454e-05
1332,0.5278788957676822,0.044413746780675,4.788517022005753e-05,3.7208903594808247e-06,0.1396699369854377,0.0077008385934337,0.0001301099131836,3.4851856170446465e-05,0.0003822254663756,0.0001202242810962
1333,0.4374606500806534,0.0061234817491292,0.1980673953088346,0.0170665264145739,0.1298692136008662,0.0563674637698841,0.0121976250913651,0.0037714355614636,0.14835844019489,0.0170211378647459
1334,0.001822209335433,0.0002749851541902,5.320599490034107,0.0054634431054184,5.299042713062493,0.0034481732372827,0.0047325796311108,0.0003750457403329,2.1557736938496346,0.0045094981271384
1335,0.0019020677917989,0.0002824397212956,6.241340249927642,0.0054187942415946,6.212006052641933,0.0034454320184381,0.0049289912699912,0.0003828294541738,2.434246234265012,0.0045115564558304
1336,0.0007642718770121,0.0004229536138774,0.0274805541072196,0.0037867637139786,0.0138490479303766,0.0034504666705664,0.0007236315497714,0.0004946320477275,0.0071160262284871,0.002028539277723
1337,0.3816588492506573,0.0697169242259562,0.0002529227860735,1.2246769962455236e-05,0.2713291987302683,0.0036409558037866,4.58105419333102e-05,1.4565406206572878e-05,0.0002606125075202,6.159158107165761e-05
1338,0.4872673692860297,0.0386371148325797,8.09621145270223e-05,4.909369437077202e-06,0.1603627114684125,0.0064651839510531,9.38413568301001e-05,2.7347947658347737e-05,0.0002169053991909,0.000100927364341
1339,0.4787524249399116,0.0359389337485002,8.717592896628476e-05,5.045475615372278e-06,0.1624086328707006,0.0048161150884501,9.36817565731146e-05,1.7775392323454368e-05,0.0002535194894005,8.368577591360731e-05
1340,0.0011154992472407,0.0007595981097348,0.0637650822324081,0.0149295186467638,0.0176291847327575,0.0052962308466918,0.0011395291307039,0.0008267574919088,0.0144601887350154,0.0033207902787335
1341,0.8689015212553681,0.0209968186414884,0.0101654719751749,0.0019076251830251,0.2849330849551324,0.0218131422545528,0.0019943958561368,0.0003215610863166,0.0100989884762731,0.0019036139015161
1342,0.5191106770577306,0.0402219732190014,6.838012507555892e-05,3.6980179352893727e-06,0.1485683367294168,0.0051966781043712,0.0001185984125575,2.6639373690762565e-05,0.0002511729485432,0.0001041766253521
1343,0.4697003354800185,0.0450366233502444,9.277635306282893e-05,5.490032878743094e-06,0.1635750083875049,0.0043419934467224,8.610803694802295e-05,1.812243617502701e-05,0.0002096588129488,8.185058188850922e-05
1344,0.0013428140945262,0.0008242636988054,0.0723114888018673,0.0146008932067778,0.0173919600625617,0.005203951927005,0.0016984690813513,0.0008928290861479,0.0193634811578632,0.0035574098785369
1345,0.0062643583473654,0.0009209276789484,0.3283622593307088,0.2629290620661549,0.2136422203636935,0.0942892217698798,0.0130316654963871,0.0010672339510049,0.2584768395891034,0.1202935566852237
1346,0.460660632368953,0.0473880759242662,0.0001120033207338,5.971542802146939e-06,0.1654586013263507,0.0044832018017139,7.511384113094713e-05,2.1199784490862084e-05,0.0002178936515795,7.681115316494867e-05
1347,0.0068669931433198,0.001885985428352,0.4663930607018552,0.2908622264291971,0.280459947031722,0.1034319520773999,0.0103721541445114,0.0016254169432956,0.4260767713431119,0.1991626154828285
1348,0.4625845497594218,0.0490987148217567,0.000110842076881,5.994369992138238e-06,0.1677977605943202,0.0038323939626198,7.255329045656307e-05,1.870322497078052e-05,0.0002247502203445,7.373849514590106e-05
1349,0.4945608377220141,0.0417890441004309,8.691741147105525e-05,4.692803924912501e-06,0.1603129950265267,0.0048957273563163,0.0001007715175237,2.3462911255659503e-05,0.0001881871674187,8.841000827479846e-05
1350,0.0687398212951861,0.0056371463888431,0.2023564785900755,0.0330398210697839,0.0932426310126427,0.0451488430554318,0.0170878721380577,0.0043220099954083,0.1779812452824733,0.0328453312055911
1351,0.5507197448850207,0.0329925652922068,3.916537980216878e-05,2.353172134744543e-06,0.1292812859854106,0.0105428362030134,0.0001370070792379,5.433764771247589e-05,0.0004408590391541,0.0001643648643814
1352,0.4278728165492904,0.0389108947862026,0.0001343648036009,7.419276436313911e-06,0.1955603255470167,0.0040871950111012,5.5259141986357534e-05,1.2292391262753706e-05,0.0002661536879558,7.245715119600176e-05
1353,0.4165965994864425,0.0616710518068517,0.0001738463185672,8.574973556591382e-06,0.2305014365242567,0.0033837202890962,4.392099427874333e-05,1.6135776397002028e-05,0.0002705131369236,6.660387788585383e-05
1354,0.5133488045996661,0.038917267617192,6.29282148092004e-05,3.926053530959016e-06,0.1446391868044385,0.0062639927587242,0.000110464005482,2.7020859053728508e-05,0.0002849920006416,0.0001016839419487
1355,0.0010693842802607,0.0007008296134312,0.0725796269061997,0.0267964011863219,0.0156390272584186,0.0052392533463226,0.0011196280864381,0.0007792645042484,0.0179408360846145,0.0049633396444558
1356,0.0698221794092361,0.0047716498449464,0.1460221936622365,0.0310229959228765,0.066692952205215,0.0322674106256913,0.0170161632123479,0.0036396778623493,0.1150648460405722,0.0306816629492401
1357,0.4825771451880618,0.0464448547815626,9.578367669724334e-05,5.139896658118004e-06,0.1635980342339101,0.0035203455822308,9.083215260271348e-05,1.7630056621519575e-05,0.0002100201859875,7.399955329503284e-05
1358,0.5471481698817633,0.0344942746482295,4.034574484048644e-05,2.453960135843135e-06,0.1267297026248157,0.0069968338705937,0.0001115898112913,4.332202231821373e-05,0.0002966824372273,0.0001329915150444
1359,0.0017912144784349,0.0011398997684584,0.121397542843454,0.0299156687349138,0.0285334914463903,0.0074186804755466,0.0015162875140072,0.0011656247466166,0.027314265600617,0.0053014254273267
1360,0.0041723867849325,0.0021557058761785,0.2303149888507307,0.1278965987947225,0.123734020609413,0.0515136823896309,0.005527573062273,0.0017013265579552,0.2120959210413614,0.0994382581097174
1361,0.4617293891153808,0.0445529296468138,0.000102023689421,5.695823773133218e-06,0.1654501473674408,0.0047593807571404,7.872246464556854e-05,1.8442044450979336e-05,0.0002360078026955,8.427133893880128e-05
1362,0.1267035932176213,0.007267657636929,0.1873335445551152,0.0287290108210827,0.0955215596455405,0.0495130436822035,0.0144422861806337,0.0047996618711799,0.1760048415958791,0.0286290074025306
1363,0.131551494327528,0.0258113492159683,8.015310166135673e-05,2.4180310386546152e-05,0.3211241521356226,0.0130461749698509,4.138243730634653e-05,1.306825403829957e-05,0.0002651944915039,0.0001149484264858
1364,0.0140748315138639,0.0018552029261758,0.2069854695015181,0.0368152088178396,0.0985932514004413,0.0386137931805293,0.0138998813104282,0.0017998388244887,0.1307402682876662,0.0362568803370518
1365,0.4347299943317372,0.0064240479392615,0.1981704476200574,0.0215164566166332,0.1531250558368933,0.0657074659587763,0.0116174258514993,0.0041341972162194,0.1346971011568111,0.0214597199229229
1366,0.1183079745869455,0.025269013687306,0.000515757729863,0.0001402243390263,0.4661125428369654,0.0175906919636647,4.732789486689155e-05,1.2078521788505924e-05,0.0004419985868828,0.0001179517850005
1367,0.0012895258757673,0.0008229402670646,0.1636389850251016,0.0685066456570077,0.0532208173561729,0.0117391206755563,0.0029260434439825,0.0008884096875948,0.0765727726864654,0.0159995013595729
1368,0.0290620240902726,0.0017700121641993,0.0035903389264527,0.0010672151461716,0.3317570579333879,0.0051896521289382,0.0003359249804554,4.179660927246255e-05,0.0035608366370554,0.0010706517071482
1369,0.0942872893301914,0.0055767329635826,0.2099663361484768,0.0399680410483395,0.1256175501834442,0.0622429137476719,0.0221133493035851,0.0045005132923479,0.1203625426797629,0.0397736851095545
1370,0.1987953932661707,0.0219125437643537,0.0001159027498567,1.6694808777295305e-05,0.4795588683228395,0.0067859852238862,2.16141430783584e-05,7.68337835550977e-06,0.0003013928154532,0.0001028550596663
1371,0.4217455425822937,0.0457519187959629,0.0001426574955505,8.07666397515694e-06,0.2060863097911949,0.0042884426608728,8.583150015653964e-05,1.442677933827684e-05,0.0002805790962669,7.2367346001797e-05
1372,0.1604138746148505,0.0058701899829896,0.2235948307138381,0.0277671457274723,0.1356877469870747,0.0655514171308003,0.0139137759404345,0.0039453079661419,0.1665834446514125,0.0277239361521082
1373,0.4922143304873316,0.0419729971586233,8.908915579550355e-05,4.7081596020786105e-06,0.1615646260097788,0.0050917818118451,0.0001006458680831,1.91018435817842e-05,0.000250514241233,9.433663554008632e-05
1374,0.0011074086113627,0.0007545921720178,0.0241132849960041,0.0044111314284768,0.0181118437725196,0.0046435222872427,0.0011402799086929,0.0008300098481282,0.0105109573318652,0.0026694712020486
1375,0.0920662874589318,0.0048751733963547,0.2984039663928254,0.0876455259442919,0.1483451955062258,0.0626539772771717,0.0413630314271806,0.0040272695761104,0.1633273354432318,0.0864304695864158
1376,0.0009286033298385,0.0006508002574949,0.0243786262224558,0.0042997828111552,0.0157041997852167,0.0042637979429811,0.0010315358306969,0.0007281898385767,0.0087883971602557,0.0022986299371607
1377,0.4917070547201627,0.044711926845087,9.025227059510058e-05,4.817009147809937e-06,0.1618812946545677,0.004039447279887,9.375041919546429e-05,2.0021398250890253e-05,0.0001794751233249,7.546181678901491e-05
1378,0.0011276190262274,0.0007158948329094,0.1135687534452816,0.0231968649735599,0.0237898031098709,0.0047484081088746,0.0011164554886947,0.0007898535237743,0.0263168382031108,0.0037422330985458
1379,0.5438526002073457,0.0321457013206716,4.2091539430911696e-05,2.5261574761685976e-06,0.1271135466147901,0.0070587227036121,0.0001045948096896,4.877831406087232e-05,0.0002781863670872,0.0001414085057084
1380,0.0695122869445254,0.0120050430785154,0.0015492146068706,0.0003891501241199,0.2839332866754444,0.0166191528661931,7.729695107366191e-05,2.5284581426652105e-05,0.0015055511775153,0.0003749276484563
1381,0.000958462784514,0.0006247424868725,0.028472483472113,0.0055257166136827,0.0136536970629579,0.0041809464871926,0.0012654272335864,0.0007004313444456,0.0104803228540849,0.0023650506801536
1382,0.4703581837715412,0.0408482293080974,9.88867352026043e-05,5.53759766267741e-06,0.1646487795420062,0.0040063813699322,8.225700754357705e-05,1.825101162367697e-05,0.0002170693916166,7.286380242410897e-05
1383,0.5124034750233006,0.0396930180554852,7.279754907930248e-05,3.928402718655485e-06,0.1524498495540517,0.0053395377873776,0.0001138699141134,2.489150841684904e-05,0.000252468362342,0.0001042841531902
1384,0.4411275156239033,0.034544565975508,0.0001336861992984,7.120069796444008e-06,0.1853022154435877,0.0045741646388859,6.534321131574065e-05,1.3830733676745067e-05,0.0002410779169915,7.56751626016867e-05
1385,0.4540364674773369,0.0429216161065894,0.0001220531708668,6.367962525982233e-06,0.1724792818730311,0.0040092849587541,6.969160797421596e-05,1.5775508621044842e-05,0.0002257990499914,6.679396114981277e-05
1386,0.0909803752476593,0.0048105851022723,0.1765086345778694,0.0830061798916408,0.136261771795674,0.0588306274229874,0.0402077030417828,0.0044029913665197,0.137107442297861,0.0817806035929163
1387,0.416550105633623,0.0549545133891102,0.0001555457818021,8.360223030997606e-06,0.2237833515732587,0.0038641356150354,4.5951201473825085e-05,1.6905010015547915e-05,0.0002753744446498,8.079706302644521e-05
1388,0.4902263644128851,0.034237514487157,9.05971324936688e-05,4.879607069439054e-06,0.1615543958800857,0.0055851898109129,9.68948628662504e-05,2.108779859604893e-05,0.0002293229597445,8.445349410440568e-05
1389,0.2027747416464774,0.0068943909836849,0.1736732932599027,0.013228836036519,0.1663253760026866,0.0790869415562792,0.0119171413555042,0.0038618603461334,0.134895849723565,0.0132100029896619
1390,0.1921419009927889,0.0073940065345803,0.154720117905196,0.0157661860141412,0.1712460828362819,0.0827962526565204,0.014111341516968,0.003917530385744,0.1138677588483204,0.0157299874498192
1391,0.3180191138634038,0.0061482011202277,0.2780164285464821,0.0215636478279548,0.1363971743854179,0.0478941679494613,0.0091138060006438,0.0038064707731044,0.1763132061440283,0.0214822987640855
1392,0.0012480877600758,0.0007406537460639,0.1967107158255663,0.0628312557425492,0.0495535692712399,0.0079183823214781,0.0013279625183857,0.0008166152343037,0.0579534193331903,0.0080190120055978
1393,0.3727695698510683,0.0070682882469936,0.2076300834586872,0.0253100325364928,0.1222164255110232,0.0587914391414336,0.0190333713799738,0.0052061677729878,0.1287973439227771,0.0252606754231793
1394,0.5434965357602113,0.034477277916645,4.974901390999205e-05,2.7414372577169177e-06,0.1378518657409705,0.0082777818106274,0.00010910102044,4.465166642320042e-05,0.0003459944034149,0.0001398434487251
1395,0.5051255524164359,0.0295305159209876,7.39320079037576e-05,4.177711574073871e-06,0.1527482200293776,0.0059930167299645,0.0001061666834029,2.7214634027789008e-05,0.0001804724775603,9.196271191390323e-05
1396,0.0395142194013642,0.0029139939907234,0.299828067395211,0.1620604509574525,0.1288051608226425,0.0382720251341906,0.0390591325333846,0.0026094403925071,0.2923679323788637,0.1544552816986325
1397,0.0015710640152174,0.0011093231443105,0.0227591083806086,0.0059955673378398,0.022209339082882,0.0063345664654189,0.0014507151502562,0.0010988381945911,0.0100182175336646,0.0034353347026705
1398,0.4186968794287847,0.0584471429287921,0.0001701210185123,8.584193798920538e-06,0.2290319897275183,0.0036136773039231,4.6137625111046696e-05,1.6325776301092647e-05,0.0002741275895797,6.959972593714127e-05
1399,0.0019697903562933,0.0002822227146294,5.300300482222442,0.0054724832757137,5.269912500989156,0.0035233274743879,0.0050727341683309,0.0003817418570419,2.1320961032750296,0.0046362534103155
1400,0.4405406254445725,0.0562026776193177,0.0001348764011344,7.123345315373667e-06,0.1895574499297967,0.0029425034643055,5.8375340810178326e-05,1.3423280553679638e-05,0.0002515635450367,6.564852419075877e-05
1401,0.4569888427442848,0.0074483715973872,0.1404930286725516,0.0220444781421305,0.1329393362557399,0.0629587832807608,0.0161522630697925,0.0046664295436184,0.1091532864108723,0.021998900810482
1402,0.1406748446196784,0.0060778298563318,0.2357595660461697,0.0198580029124214,0.1137094123773732,0.0387751045913251,0.0143397798699481,0.0044113818497959,0.1879690945235712,0.0198067127117584
1403,0.4742549474567226,0.0450384963135599,0.0001015267621962,5.474367757706904e-06,0.1653954321525466,0.003905530640369,8.771487536724406e-05,1.75343851753409e-05,0.0002286777781824,8.719283643365499e-05
1404,0.0015992476211859,0.0010666146911469,0.0230863788654933,0.0058026283141465,0.0208717740526453,0.0062687866267806,0.0014254013583636,0.0010736843153129,0.0109582203746468,0.0033963093557608
1405,0.5367362571061397,0.0357925763361174,4.954388918584033e-05,3.0096533523913533e-06,0.1372811863094661,0.0067197486847355,0.0001059379850665,3.577450488915051e-05,0.0002561011484107,0.0001214975731502
1406,0.462565662060877,0.043769183843856,9.833157328882794e-05,5.6972834904840765e-06,0.1646689705826331,0.0038363063180376,8.271880759472253e-05,1.678891285058386e-05,0.0002128580460831,7.375289547789257e-05
1407,0.5292142450130336,0.0360950255824852,6.01916913983958e-05,3.269897569010113e-06,0.1424841823306065,0.0066170848621264,0.0001092210864259,3.14370085402512e-05,0.0002360535750804,0.0001159846781814
1408,0.5094243496532123,0.0385750045673835,7.368252683600253e-05,4.005408964525064e-06,0.1504582108617375,0.0054344782239693,0.0001093320452005,2.23947228145322e-05,0.0002322875855906,9.69447409535528e-05
1409,0.00144548110806,0.0008556903108459,0.035115153853286,0.0072643331827405,0.0173741643824033,0.0052074498996638,0.0011864660925138,0.0009095688814336,0.0111388827784906,0.0030429751075749
1410,0.002440006739051,0.0008773172648791,0.2162665852598606,0.09652621468511,0.0625582074943364,0.0172921281907314,0.0048124851519448,0.0009922720454034,0.1240178630872908,0.0408282495290826
1411,0.0007649003180318,0.000218640867594,0.0293688460464986,0.0049856313194885,0.0163555687943718,0.0021266762470728,0.0009377483550331,0.0002772610105203,0.0076176540652046,0.0012126748828213
1412,0.0010005486295963,0.0006396510763699,0.049462564300603,0.0160245990701634,0.0150120499073335,0.0052260546661752,0.0010090537638486,0.0007175756948784,0.0175246743925774,0.0039748089950081
1413,0.4658337202816566,0.047914342555427,0.0001082807699775,5.787186679410935e-06,0.1667142288832916,0.0032940496568968,8.251384907090958e-05,1.4396272035332177e-05,0.0002236803930854,7.302589772860444e-05
1414,0.000813712543508,0.0002923538142404,0.7325184312175812,0.0053316299156365,0.7290450780829696,0.0036531918357132,0.0023536810164663,0.000397543723804,0.3796901752734596,0.0044295281743047
1415,0.0017836529993997,0.0002762847774473,4.435884026674515,0.0054213688645649,4.418472159759666,0.0034244420426769,0.0046392833940012,0.0003753868081901,1.8175313330727685,0.0044725039402718
1416,0.0010449759369926,0.0002801753692172,1.0919062090104286,0.0052861370441738,1.0876377591152937,0.0035164089651284,0.0029025458706619,0.0003850474834104,0.5446817925712083,0.0043749424221584
1417,0.000791072610459,0.0001897587974727,0.0282447848004786,0.0038803873056927,0.0072666669327142,0.0011186376892668,0.0007682437691693,0.0002359825966068,0.0072616418653466,0.000810523534626
1418,0.001477959031685,0.0002793537632846,3.3931313691555234,0.0053371453980453,3.384092118783343,0.0033826006988993,0.0039241025464224,0.0003834443673135,1.460524791219878,0.0042561746465941
1419,0.0014072580276838,0.0002760483161432,2.929795737528612,0.0053506395245894,2.921219998595005,0.003409440189891,0.0037548204318194,0.0003812769228295,1.2887186246674969,0.0043395942913886
1420,0.0007418334908245,0.0002734593567279,0.080475325619913,0.0057405272393148,0.0777018107194722,0.0039104166941389,0.0011472779189599,0.0003584143316752,0.0237135060629766,0.0022140694211133
1421,0.0007597795000654,0.0002379921522718,0.0297079636707782,0.0052410945964991,0.0261677461340602,0.0025599834020819,0.0009672119693105,0.0003047164362155,0.010377221324465,0.0014328153992024
1422,0.0007477283691156,0.0002828617102255,0.0816979090508983,0.0058046544958948,0.0789793767528701,0.0041387377042879,0.0011124894976988,0.0003712065167893,0.0234166821174135,0.0021473865684735
1423,0.4771419609867917,0.0433606336722879,9.995682530233728e-05,5.344338031639892e-06,0.1654502507713702,0.0047197033514647,9.255417478619712e-05,2.004118185939864e-05,0.0002249828925514,9.53457982890323e-05
1424,0.3571024196167022,0.0062762954090948,0.1871174652449886,0.020119173464003,0.1351301318851242,0.0575417914191378,0.01194549769225,0.0042555651887656,0.172138952007305,0.0200773849868611
1425,0.0007398615681291,0.0002572327292337,0.0379398017481409,0.0054328429472319,0.0350070254374476,0.0030226780986458,0.0009736617892461,0.0003310369478305,0.0122679293051303,0.0015062786396337
1426,0.0007674314870508,0.000239312788313,0.0287881758865323,0.0034043538477563,0.0104087942893564,0.0023253986506761,0.0006037095339856,0.0002931770768885,0.0073912042183104,0.0014310957790087
1427,0.0018319018727015,0.0002794609605596,5.516561749172879,0.005448820961072,5.496032563240159,0.0034320352134155,0.0047555949078912,0.0003798356315602,2.1928311983976885,0.0044635962211659
1428,0.0377070971764504,0.0031992847269523,0.2321315469159257,0.0581428618214327,0.121839934585446,0.0481072811630069,0.025969465708007,0.0029434427006698,0.174266086381231,0.0570086883559297
1429,0.0014232968990377,0.0002781953109611,2.98408688682762,0.0053409007139126,2.9752591383279845,0.0033981354058498,0.0037911159969912,0.000382537775798,1.3007513457393196,0.0043334994689818
1430,0.5345823314755381,0.0368654298058927,5.683363059905751e-05,3.0850770300991416e-06,0.1424975126295209,0.006592306005679,0.0001146363550145,3.348444755760219e-05,0.0003114670580078,0.0001197837106099
1431,0.0007601069026956,0.0002707823202502,0.0407567215189531,0.0054147352064796,0.0384669586399762,0.0030783798317438,0.0010040931291777,0.0003505151332545,0.0116749750823996,0.0015630453216984
1432,0.5321953832307542,0.0375849000697856,5.884681929245212e-05,3.2016389376622367e-06,0.1435108431897244,0.0056868730454709,0.0001158941039296,3.199678812065235e-05,0.0002095110305852,0.0001073672375844
1433,0.0017341352512667,0.0002781843725413,4.8425405268228126,0.005445898681873,4.831129432023389,0.003401114056911,0.0045300844256574,0.0003803133616491,1.9622949429655403,0.0043208940119459
1434,0.0007655464643433,0.0002270775605656,0.033630495675424,0.0054991090805505,0.0316210565471669,0.0027649342260908,0.0009248745967648,0.0002878636742958,0.0111333807611405,0.0014859664730361
1435,0.5104341384328634,0.0386676451719585,7.36119226447388e-05,3.988269117333344e-06,0.1520875871274711,0.0059834392065938,0.00011402701791,2.5796649773304245e-05,0.0002553944653491,0.0001085630434529
1436,0.0016807893205928,0.0002742157647373,4.585221466230832,0.0053932585445633,4.575732306292697,0.0033874686628273,0.0044007980092435,0.0003750380887732,1.885387640221172,0.0042892475366447
1437,0.41551888501732,0.0523777110274707,0.0001576104547055,8.48760873393081e-06,0.223350419939024,0.0035403422079412,6.167883187142448e-05,1.3191092821455228e-05,0.000272304811124,7.299805073561893e-05
1438,0.0007491598490711,0.0002828165988823,0.4338528406056344,0.0055596757960514,0.4315203895969512,0.0040026671598935,0.0017719671605185,0.0003818696059799,0.2105197534317995,0.0043270042666024
1439,0.0008525859525259,0.00029267870329,0.8366852836376435,0.0053609083160919,0.8327310955752203,0.0036321673303209,0.0024483859640824,0.0004008376955559,0.4326324502780311,0.0044806556385947
1440,0.0012759411461657,0.0002791210382789,2.192550996216835,0.0053284210112805,2.1879626343610243,0.0034424480232408,0.0034442308178081,0.0003845974480813,0.9958887109647908,0.0044159514890423
1441,0.0007365906312686,0.0002809188859705,0.3816517208273812,0.0054427149415803,0.3789495826125888,0.0038153106414887,0.0018243861673121,0.000379911722702,0.1912188992696811,0.0040564593783664
1442,0.0329431132361361,0.0029387812904308,0.1348625164880546,0.0542706049490222,0.1011486274657342,0.0411465662429761,0.0234818853805808,0.0027274937873613,0.1296453190440266,0.052672908372817
1443,0.0016618275093284,0.0002750004435631,4.275718244226376,0.0053880789436956,4.26530473183408,0.0033866297798513,0.0043536062577569,0.0003754801051008,1.784532907874015,0.0043002357513213
1444,0.0007388639641928,0.0002845499401784,0.1289503507138024,0.0057994762550108,0.1260199624201665,0.0042602499737732,0.001208646652363,0.0003770715474889,0.0373164775313377,0.0025339544726399
1445,0.0007741201893908,0.0002304540494247,0.0331674772275701,0.0053296782136177,0.0299340797561544,0.0026023757324216,0.0009568275072345,0.0002931746616384,0.0112955823820942,0.0014548566189044
1446,0.4504865317755733,0.0434009913932084,0.0001121247759045,6.342917383986892e-06,0.1673935193325966,0.0040564818960816,7.328579485079829e-05,1.6944938089821964e-05,0.0002248843220235,7.002028119118452e-05
1447,0.0015683426760614,0.0002778357240604,3.957178785208993,0.0053572113672577,3.9480057663115,0.003377320679963,0.0041361439019997,0.0003813726467314,1.651320705926489,0.0042666367750259
1448,0.0007707350019656,0.0002590004629965,0.036960676460501,0.0054558772030367,0.0348756087268322,0.0030054083013099,0.0009928785720007,0.0003333736362797,0.0111655449093833,0.0015845079024146
1449,0.0007561406980004,0.0002827702631038,0.0647823955300711,0.0057391853867797,0.06202135785072,0.0037326057089852,0.0010968446427583,0.0003693365256372,0.0185277658949434,0.0020251361724708
1450,0.0009307300175355,0.0005861025641889,0.0271603936610196,0.0048243268887901,0.0139218537285106,0.0036813301475297,0.0009444204525493,0.0006618839669944,0.0086619175230796,0.0021239466403457
1451,0.0007271001752787,0.000293654588439,0.4079545503350027,0.0055340369289906,0.4054761478904106,0.0039927515942524,0.0017662614228758,0.0003970295455053,0.2004403637376397,0.0041897056354204
1452,0.0007806839006624,0.0002051855472013,0.0275383692952145,0.0034199829880908,0.0096651003687079,0.002175821425103,0.0005776623326378,0.0002529381929768,0.0072632229998261,0.0014641821762334
1453,0.0008026180509239,0.000109784062383,0.0280405236769685,0.0035044877489778,0.0062153304821378,0.0012330985134875,0.0007128500762969,0.0001368946239671,0.0074795801249144,0.0009693863487405
1454,0.0007526867922649,0.0002415991158951,0.0309051724782714,0.0053204770598694,0.0286557896608846,0.0027857653018777,0.0009274549833911,0.0003085567856924,0.0102531698592501,0.0013719599791042
1455,0.0010858449934593,0.0007362905900219,0.0526837225983481,0.0092120788179699,0.0160160093344989,0.004859181862027,0.0011341742982859,0.0008145088649368,0.0133671224473791,0.0029622107836316
1456,0.0007507319359983,0.0002729216308375,0.0386842097539626,0.0054101275747282,0.0361683375922052,0.0031155090107181,0.0010334819551229,0.0003530934884697,0.0114445920607348,0.0016865820425129
1457,0.0007944038185138,0.0001578714564278,0.0279330202591363,0.0041725052425745,0.0147540360783767,0.0015789658311484,0.000783559913821,0.0001953480703497,0.0074660728838013,0.0008804200090301
1458,0.0007253398042422,0.0002836802542417,0.2828255252890728,0.0055578273927248,0.280346929402085,0.0039857329176271,0.0016165306655193,0.0003810626613366,0.131773845778861,0.0037286994710678
1459,0.0007722994393277,0.0002438034765149,0.026996850679847,0.0035779650574253,0.0111698663397201,0.0025877843381376,0.0006663645140067,0.0002963222989876,0.0070908175250711,0.0017020546710185
1460,0.0007828973068729,0.0001432375915563,0.0283252297072002,0.0043128338114459,0.015551201391992,0.0015773160742075,0.0007921377117994,0.0001758572829088,0.0073883353676165,0.0009212529238278
1461,0.0010267925721255,0.0006957709501784,0.0244891042065726,0.0048715741160337,0.0157715791203491,0.0050631782471119,0.0010388323361372,0.0007686788643037,0.0094598164985688,0.0029345309583354
1462,0.5369377744363936,0.0331885313791929,5.492226572800587e-05,3.089291861961198e-06,0.1406171210671681,0.008260023567447,0.0001170456488288,4.707938058043436e-05,0.0003579795499832,0.0001405436347805
1463,0.0007322616820639,0.0002831123112928,0.1746465337616773,0.0056331999029649,0.1717210505633974,0.0041037086539983,0.0013358810159104,0.0003794923990755,0.0648283086384572,0.0030032785088535
1464,0.0007851001914453,0.0001693078219047,0.0285499804928707,0.0041712956454423,0.0107814169996096,0.0013570639439662,0.000791280670918,0.0002096251315564,0.0074817398162888,0.0008808821335553
1465,0.0015116272666708,0.0002772964329638,3.7529371567742618,0.0053360832371196,3.743899593843064,0.0033946294611094,0.003996216435267,0.0003814260048742,1.5822712851169674,0.0042939815267685
1466,0.5057155177018442,0.0416396309087648,7.787149627542738e-05,4.214774785220579e-06,0.1552341719265976,0.0037440644345942,0.000109384242528,2.104177716222467e-05,0.0002072402918798,8.017584480932525e-05
1467,0.0007822749866286,0.0002156393220788,0.0280859659889206,0.0045781292411866,0.0142286313967425,0.0018416375737612,0.0008556419003606,0.0002701412758277,0.007287981634446,0.0010250747293659
1468,0.0278688641295945,0.0026559960658925,0.1196805492459524,0.0559564336921401,0.0764329088469111,0.0341828450759865,0.0223557441004416,0.0025201795795594,0.1170246350391347,0.0541488430212753
1469,0.000727166317716,0.0002805247487782,0.2889431331474982,0.0055929115383286,0.2864051139472968,0.0039961092892668,0.0016185208496817,0.0003779131197344,0.133810636155095,0.0037649054470664
1470,0.0007804206333492,0.0001927279650688,0.0277658085920161,0.0032952276234721,0.0089310856702899,0.001888885277563,0.0006249334971687,0.0002387249992928,0.0072824086258715,0.0012224949999768
1471,0.0539063505485734,0.0040362059049113,0.2190686758241316,0.0467582261027304,0.1003078358302814,0.0480787201404873,0.0244371387509668,0.003591077585824,0.1331116766248114,0.0461164037011263
1472,0.000794638854303,0.0001339178107585,0.0285080202507647,0.0035730920451793,0.0082386710633883,0.0019836562459145,0.0006088787933188,0.0001685032093791,0.0074785888181003,0.0014755355091272
1473,0.0007711059484547,0.0002160206869469,0.0275558901302085,0.0048946263616523,0.0184174219209449,0.0021953154824738,0.0008763038971279,0.0002723015540608,0.0071818457128926,0.0011419622685562
1474,0.0008496494646907,0.0002889116824441,0.732356919708862,0.005326430292299,0.728303009063977,0.0035674735945378,0.0024472942752505,0.0003945185665175,0.3781711901792094,0.0043132273411183
1475,0.4615953891515607,0.045282037579895,0.0001004582567891,5.684083514285746e-06,0.1644105222427042,0.0035995371417406,8.337309876201547e-05,1.5878301058356815e-05,0.0002206328114067,7.152091607209032e-05
1476,0.0007959797282751,0.0001598656595688,0.0281285584229573,0.0044520812664353,0.0147134458187408,0.0015850850529186,0.0008281185197988,0.0001980108269814,0.0073973438126331,0.0008842705314105
1477,0.0579181783418154,0.0048522883123624,0.185537468744461,0.0401284215952442,0.1308682130401368,0.07085894553207,0.0206106004084571,0.0044537016239558,0.1646346895666288,0.0399272116514797
1478,0.0007796520870096,0.0002077543447291,0.0283971595417684,0.00334796823804,0.0096000773803245,0.0019839478717794,0.0006452024187125,0.0002564006415465,0.0074059211946476,0.0012317203235635
1479,0.0007938041796745,0.0002068873765208,0.0279148165935541,0.0044229609566141,0.0134814671055236,0.0033159891962748,0.0006636415804124,0.0002564938362268,0.0074634927979317,0.0021332272749442
1480,0.4030340145597872,0.0549416414402555,0.0001726864035205,9.189910314096492e-06,0.2371509918078993,0.0039859796367579,4.312494245739041e-05,1.552677798819758e-05,0.0002928923883049,7.85017778544969e-05
1481,0.5184963720853626,0.035306479118173,6.392820754468653e-05,3.6605060495557753e-06,0.1464971769294221,0.0071252494857711,0.0001121602126127,3.1382466687572856e-05,0.0002483821320172,0.0001154049033119
1482,0.0007747587193124,0.0001353042482181,0.0289662049395494,0.0034258151045511,0.007766637456497,0.0018155463975122,0.0006849925280636,0.0001690532200449,0.0075882793901073,0.0011784714331504
1483,0.0010572393239268,0.0002848067640118,1.4231339935627303,0.0053473646002606,1.418276448632669,0.0035264928188545,0.0029310927203571,0.0003912608067349,0.6897454276905811,0.0046394763323845
1484,0.0007448353751019,0.0002854961978301,0.0883819820284306,0.0057559958828049,0.0854760660465881,0.0040310143407939,0.001160687140399,0.0003750096157891,0.0264396697957189,0.0022843766858263
1485,0.0007494012257553,0.0002763524068367,0.0807376458619592,0.0057239014897607,0.0780932557381659,0.0039748283722013,0.0011218866393671,0.0003619915344305,0.0227913356810386,0.0021573551141897
1486,0.0007895946077882,0.000200851986027,0.0284218036561298,0.0037644320694864,0.0132889173932164,0.0027949142571987,0.0005331920867271,0.0002490700666415,0.0081415403814494,0.0018230677958436
1487,0.0007627950104487,0.0002177252250932,0.0287249462098691,0.004727635670056,0.0144296067500969,0.0019408057562135,0.000899566599241,0.0002733449963611,0.0074998593616286,0.00107279388192
1488,0.0007530073074491,0.0002718246007147,0.026693734818704,0.0034405813211962,0.0100647630053145,0.0024155962992074,0.0005960989855191,0.0003273205966486,0.0070579800623314,0.0014586048398522
1489,0.0007927654719839,0.0001655305142875,0.0280962528776209,0.005190158191562,0.0229473112742326,0.0023362886609841,0.0008809090737379,0.0002048232207354,0.0084367231953067,0.0013221131102665
1490,0.0007297529859913,0.0004419711726808,0.0265421094926054,0.0035715750649043,0.0119934837856684,0.0030983334852702,0.000726077728726,0.0005129185865211,0.0068861015630029,0.0017143955390865
1491,0.0007861838382018,0.0002865647139542,0.6682903219971741,0.0053711450871205,0.6645711229620392,0.0036231532906327,0.0022953614530861,0.0003919700522173,0.3492976600688379,0.0043699980305903
1492,0.0007364131661623,0.0004098163724867,0.0273900114946902,0.0052422300218673,0.0160145365926321,0.0044000561273147,0.0006534437613274,0.0004765955162014,0.0093159662235027,0.002379516204856
1493,0.4991180869778322,0.0392737542951024,8.425762143678647e-05,4.534780698096946e-06,0.1613639494964693,0.0044084151806805,0.000100895808727,1.870546905665853e-05,0.0002213319834359,8.281057894570256e-05
1494,0.0007858887858305,0.0001111917839861,0.0288857293506826,0.0037585481163457,0.0052415726395251,0.0011866782464002,0.0007842462438121,0.0001356060568083,0.0075974369414734,0.0008543540597059
1495,0.0013953533809815,0.0002919591136452,2.827011293202915,0.00528408907968,2.81797137331236,0.0034341096334031,0.0037227721616331,0.0004000028990308,1.2541400754051972,0.0044061312134329
1496,0.0007406179120785,0.0002885485319466,0.1021561655839299,0.0058935541939012,0.0995113104502158,0.0043146890011474,0.0011346416561114,0.0003773684353905,0.027987824057567,0.0022758913252768
1497,0.0007490044243888,0.0002735736950699,0.0342565234712739,0.0052937113926054,0.0315161108317428,0.0029690807393732,0.000974156218185,0.0003535526009257,0.0111113546347614,0.0015074269471349
1498,0.0007896921785573,0.0001644422817305,0.0276673958833139,0.0033854451924735,0.0084005101319295,0.0016864967313549,0.0006738037561386,0.0002037767694089,0.007495435475607,0.0011726873175639
1499,0.0010819889286138,0.0002843183225915,1.2393693615628545,0.0053032076580297,1.2347819964814029,0.0034931252042464,0.0029925701104985,0.0003899221293005,0.601249412892377,0.004391437197687
1500,0.0007907884906329,0.0001842376492194,0.0279786396094658,0.0046614500524763,0.0145337433786045,0.0018665599245172,0.0008658734148003,0.0002295412621893,0.0073692334673538,0.0010275727113744
1501,0.0007642801567269,0.0002489010507409,0.0275993372194658,0.0050732210510471,0.0233911000479749,0.002446269196752,0.0009121093130519,0.000316951470702,0.0091356668242082,0.0012280541317135
1502,0.474086663749669,0.0450647049522147,9.36023239375294e-05,5.364728546466407e-06,0.1656608312786932,0.0037239899115647,8.897897893816946e-05,1.6996448223326193e-05,0.0002141900590785,7.74384052309372e-05
1503,0.0007296281023561,0.0002858752237346,0.3371542647158983,0.0055471136196203,0.3345875176233,0.0040027765183714,0.0016481125071574,0.0003848656666365,0.1569348047310781,0.0039247524433925
1504,0.0007277931008241,0.0002802822722886,0.1948587474073051,0.0056868675749006,0.1920374378347838,0.0041956431458706,0.0013385376706008,0.0003734755692237,0.0684069249103152,0.0030568747074371
1505,0.0007260484020857,0.0002900192107954,0.0261005341649715,0.0034322042231822,0.0099172943985762,0.002445967888727,0.0005922316406246,0.0003479919984349,0.0073908202889093,0.001506713816406
1506,0.000754871062161,0.0002676014646021,0.0343983913289439,0.0054231005577679,0.0322467781108079,0.0030367855093326,0.0010055658633213,0.0003446210060982,0.0104999253198045,0.0016316820500176
1507,0.0007493182924566,0.0002944879725715,0.1172306328401588,0.0055689510213513,0.1143164256106089,0.0039180666452068,0.001301190796904,0.0003915268613556,0.0415452018707893,0.0027049028077112
1508,0.6337509127205228,0.0084896850463758,0.1768994035191771,0.0247349702078867,0.1520505713293442,0.0704154656047163,0.0227100975716114,0.0050188528000516,0.1530046139417418,0.0246543543496179
1509,0.0008008310601833,0.0001322934789609,0.0277543577997818,0.0035692966622782,0.0076063189764914,0.0017048921724203,0.0006942443938752,0.000167071347978,0.0071545238347988,0.001067138768831
1510,0.0007378054149816,0.0002874984693298,0.1195816027941339,0.0057433407383002,0.1166152436559119,0.0040978400754435,0.001223808602185,0.000381108604818,0.0365370767938049,0.0025331977892469
1511,0.0007833409658708,0.0001494908857961,0.0261263538971493,0.0035307156463364,0.0074927299768572,0.0017918022851334,0.0007241088148732,0.00018640547967,0.0068659666228648,0.0010915044074967
1512,0.4335129459418788,0.0547982726372868,0.0001506352101335,7.558997418500765e-06,0.2102827764717575,0.0040096956494355,5.448567663494588e-05,1.7770499033103267e-05,0.0002702211547292,8.039034027109062e-05
1513,0.0015359410697842,0.0002919081672016,4.065480294349738,0.0053313156001181,4.056290148256596,0.0033977425231763,0.0040570732456482,0.0003991703952832,1.6880878295085515,0.0042807202489208
1514,0.0007629803873861,0.0002522544280323,0.0284495515673291,0.0034739418214361,0.0106209155495524,0.0025314909479837,0.0005901605611801,0.0003058407307227,0.0073007175152104,0.0015482108295526
1515,0.5416296604547435,0.035576346429902,5.064848590599173e-05,2.811886524991776e-06,0.1374629792656904,0.0077201260735682,0.000105509698593,3.962930876288629e-05,0.0002937672491157,0.0001285370788804
1516,0.5167419491110568,0.0393279019931961,6.224180235526551e-05,3.618307991387526e-06,0.1462864761352945,0.0044091173399523,0.0001152201912356,2.485007517172601e-05,0.0002239950902574,9.278403690479434e-05
1517,0.006588850365088,0.0012936272085143,0.1867353946349423,0.0888654059849777,0.0768296910373349,0.0257378353359279,0.0096477611335054,0.0012918072785437,0.1711940277868236,0.0782468202263886
1518,0.000708317036438,0.0004637017593125,0.0245573256328431,0.0035205279914578,0.012547249785284,0.0033073901716983,0.0007715380584985,0.0005344644390182,0.0070224994095415,0.0018385525959469
1519,0.0007576659039038,0.0002528419004619,0.0286758789837888,0.0034125736782092,0.0090190698480259,0.0023998023993955,0.0005804819854583,0.0003060853661048,0.0075548462155137,0.0015098456122098
1520,0.5064140248139081,0.0412424930779495,7.614015551802458e-05,4.135534239377356e-06,0.152297296385641,0.0043385240303277,0.0001058676087323,2.16740155483272e-05,0.0002108083378695,8.622833306766842e-05
1521,0.0007726173858021,0.0002447131867985,0.0281402563648268,0.0050764494956361,0.0205947480279186,0.0023637059443514,0.0009106192077293,0.0003113428282081,0.0079386504834644,0.0012639934263366
1522,0.0007631709979622,0.0002260621984401,0.0266935497190599,0.0037730313746824,0.0124477341495922,0.0029285984883803,0.000608326641009,0.0002771029171453,0.008294651953845,0.00187528431802
1523,0.000743712934202,0.0002889817814896,0.1488363771289887,0.0058775234219935,0.1458475140482573,0.0043880221502429,0.0012164938798561,0.0003813799609642,0.0430571375706797,0.0026265841761288
1524,0.4699971685672627,0.0489529294320268,0.0001051696744839,5.574737166425378e-06,0.1661414895739867,0.003464074710287,8.629324845630315e-05,1.6873753621512606e-05,0.0002213619514708,7.489043331143443e-05
1525,0.0007598227932894,0.0002574213614411,0.0423121140025138,0.0057868113168315,0.040538626013239,0.0033435245736683,0.0009881846426283,0.0003309673487946,0.0133362772655955,0.0017161635337342
1526,0.0007490661891109,0.0002428345202081,0.0286059957285262,0.0051040357525386,0.0231595038567332,0.0025387257361798,0.000957405936037,0.0003119374859993,0.0089249957830837,0.0013469375169214
1527,0.0007232911120505,0.0002849814464544,0.3846518512368241,0.0055186089025351,0.3821284408743752,0.0039805886351976,0.0017311616475651,0.0003853641403217,0.183052168737441,0.0040687711464401
1528,0.5470208314462021,0.0350218778072325,4.6188913076642695e-05,2.553528956996364e-06,0.1330723389176617,0.0068835533720681,0.0001031761006286,4.266182890194599e-05,0.0002711383351802,0.0001294778701773
1529,0.0007500481191164,0.0002258535675551,0.0289336003993124,0.0051230526341347,0.0219704739149208,0.0024019659811223,0.0009719745867789,0.0002874742073094,0.0086786237410922,0.0013652237383951
1530,0.0007340873910578,0.0003284636637,0.0263432258902123,0.003426551946108,0.0108783435734163,0.0027841060769684,0.0005784567612629,0.0003915766021418,0.0068820508596352,0.0017075998118798
1531,0.0007640710193721,0.0002629194998822,0.0473424892633953,0.0056024949727842,0.0450145706831254,0.0033096034577846,0.0010224080992924,0.00033994459516,0.013964203675647,0.0017244771868967
1532,0.0007379696721211,0.0002860669330097,0.0857680505412946,0.0058557288777725,0.0830411797909942,0.0042462779911132,0.0010965509434476,0.0003765792307279,0.0235018212745468,0.0021112421845638
1533,0.002074318643524,0.0014857491701591,0.0962057475727237,0.0248349024368956,0.0440456856279319,0.0130713422308573,0.001804344304295,0.0013675345552832,0.0324714743025881,0.007305790527602
1534,0.0008072384071129,0.0002772689218753,0.7743808110625207,0.005376065293907,0.7709395062937673,0.003651855821442,0.002339340236147,0.0003793524849665,0.402156889565655,0.0045599178858819
1535,0.5391763673031582,0.0339700276501196,5.194618179955967e-05,2.955284513639038e-06,0.14069951220347,0.0075421210440243,0.0001102441191863,4.192826813753985e-05,0.0002977493103794,0.0001306422646847
1536,0.0007289775152331,0.0002851239863992,0.2612482113739386,0.0054186434400108,0.2582748011906948,0.0038443921603641,0.0015713071061232,0.0003848399913875,0.1192229758775884,0.0035461133473467
1537,0.0007325073361627,0.0002922571675326,0.2534954682564395,0.0054924345582948,0.2505259371520917,0.0038825232384447,0.0015665961975876,0.0003935832848914,0.113280266053092,0.0035334883028123
1538,0.0007432632236639,0.0002878456568623,0.1816304560154923,0.0057205028558316,0.1787527466126299,0.0042023529911635,0.0013164709165798,0.0003843213239041,0.0621770927784392,0.0029780290256515
1539,0.0007993673732274,0.0001330431837588,0.0280088589296648,0.0035550711810135,0.0123673053444733,0.002128999171601,0.0006294480300488,0.000165152153623,0.0074533266437705,0.0014498591131663
1540,0.0007720755298392,0.0002497410163354,0.0284114859625586,0.0051703759290052,0.0232905058997861,0.0025784560990986,0.0009671122494128,0.0003197920498059,0.009124348966086,0.0014172636545191
1541,0.0007711383525686,0.0002647308146795,0.0381753871559124,0.0055976172892247,0.0362582887820677,0.0032124721764896,0.0009899267840754,0.0003416544381497,0.0117349171839868,0.0016712660028944
1542,0.0007213125727649,0.0002829682656356,0.3741391841849735,0.0053736141162486,0.3708126268607592,0.0036411658584068,0.0019399887329443,0.0003849158726074,0.1930062088203245,0.0038889128410377
1543,0.0009531428242804,0.0005938962895637,0.0265641064276252,0.0036799602763077,0.0138667614030319,0.0034215296534493,0.0009475643368911,0.0006721058777842,0.0070894670806347,0.0018445336715123
1544,0.1521379307799538,0.0199616644583499,0.0002273196869079,4.339794340527662e-05,0.5047506857057741,0.0109056932488902,7.171906640034362e-05,8.047978990331343e-06,0.0003075834444989,8.80354578211898e-05
1545,0.0013681602430916,0.0002779956825931,2.843037175512563,0.0053172383471436,2.835151482141734,0.003423610913427,0.0036607822317739,0.0003834405403633,1.255819990954849,0.0043990968268593
1546,0.0008003302867481,0.0001181546682968,0.0278231449288236,0.0033426664350476,0.0074466537574132,0.0014569211766319,0.0006747145569107,0.0001484101327253,0.007484862575928,0.0010883536060403
1547,0.0007550625715789,0.0002956603825489,0.0270549301631965,0.0035080465607597,0.0113023855075042,0.002788831759488,0.0007549253060049,0.000355822472406,0.0087438903395193,0.0017398329665214
1548,0.000835140465985,0.0002928804955261,0.7554788472469396,0.0053306909581361,0.7517659921612533,0.0035985884300597,0.0024110572867526,0.0003983827656185,0.3877680902010438,0.0044346232391624
1549,0.0007534185810502,0.0002450288029763,0.0372342464740036,0.0055144219117976,0.0350034400583861,0.0030374612918071,0.0010175277900848,0.0003148678823922,0.0110973565651328,0.0016940137577814
1550,0.0012839236009374,0.0002792546893945,2.032988276709951,0.0053210471719567,2.028920844618407,0.0034297460217385,0.0034637175487268,0.0003840562041089,0.9422824819485844,0.0043266504133854
1551,0.0007425654536867,0.000265978584556,0.0591208899949542,0.0058578803635106,0.0566380980005752,0.0036477739957453,0.0010512211120472,0.0003444751893357,0.0170912428260969,0.0019238725424277
1552,0.0007898150653119,0.0001057950181444,0.0273450294186587,0.0037627035223984,0.0055265540621111,0.0013573962433115,0.0007688319042802,0.0001329806114534,0.0073377102001289,0.000864565841939
1553,0.0007603682425233,0.000274093917376,0.0297934372974066,0.0051629778268795,0.0273250143555551,0.0027612129570969,0.0010079861201458,0.0003537265962387,0.0090400274250109,0.001499470959692
1554,0.0007331274314525,0.0002909885345158,0.3171581124633154,0.00550347729644,0.3146083100176641,0.0039247541610424,0.0016730735254708,0.0003915571221256,0.1502050562280317,0.0038404094849354
1555,0.0119025108514833,0.0016827320952293,0.2807626611822389,0.0550456853330346,0.1432744111881486,0.0297504024034851,0.0143170396291917,0.0016888059219342,0.184051289504873,0.0532303573003085
1556,0.0007470999847126,0.0002864514137183,0.104244131794294,0.0055823348142173,0.1013720592359834,0.0039160267476604,0.0012468264983574,0.000381149510341,0.0366015850439492,0.0025825846429825
1557,0.0040389807535143,0.0010389460129918,0.431445540651193,0.1364751416109731,0.2562736478521132,0.0475510913412621,0.0075917975083954,0.0011261570650413,0.2762558903288686,0.0819406542916621
1558,0.0007394069673262,0.0002869989308034,0.1473280844530582,0.0055818233462105,0.1443178844510578,0.0040090930451976,0.0013190112384885,0.0003825240177405,0.0517193909546861,0.0028236093365293
1559,0.0007339353215198,0.0003607184822848,0.0269505546990365,0.0038037950950786,0.0131186659198293,0.0032512798671442,0.0006525422690326,0.0004267060286084,0.0070964039335749,0.0019538356800983
1560,0.000738290529766,0.000283082769052,0.3082433891828653,0.005527965954811,0.305406280092417,0.0039228863432208,0.0016135974082963,0.0003830820491949,0.1392462139205808,0.0037461623067941
1561,0.00072196973439,0.0002873522668047,0.428867397121806,0.0054942817289611,0.4263239877032835,0.0038439214587349,0.0018689576578557,0.000388920768601,0.2145892547953028,0.0041895021271082
1562,0.0007569755338148,0.000244915577092,0.0293452951533189,0.0052993707702262,0.0263195028857805,0.0026752860526537,0.0009754909673517,0.000312521989739,0.0101896246468647,0.0014933067301486
1563,0.000765913905526,0.0002324351044109,0.0285618249159823,0.0053605189125089,0.025955872583482,0.0026606935015335,0.0009432329337977,0.0002954157450896,0.0097725232178443,0.0014829788203026
1564,0.000766836701213,0.0001216898644891,0.0267678009552608,0.0038491763862079,0.0111422201068508,0.0020742433728826,0.0006889042596322,0.0001527265964398,0.0071572616200751,0.0012191823959798
1565,0.000767749513802,0.0002210160167907,0.0289629535232828,0.0046138912735768,0.0116487853480287,0.0017372940732217,0.0008877675087174,0.0002787540387232,0.0075488716235429,0.0009961916492793
1566,0.4550042352024526,0.0502761940845764,0.0001088735383555,5.9624214462341055e-06,0.1665441329363367,0.0033262548904566,7.654606469877303e-05,1.5625861680331827e-05,0.0002377744925491,7.483656983909953e-05
1567,0.0007973338441994,0.000134374712288,0.0287988152654592,0.0034806546036222,0.0059745529254135,0.0015468231989375,0.0006674424490693,0.0001684491581604,0.0077539423222664,0.001155216554949
1568,0.495447041336841,0.0398029961991934,7.339237649138033e-05,4.437557982558042e-06,0.1547491345983087,0.0056895393337233,0.0001070569559692,2.4672135693385263e-05,0.0002247922068354,0.0001027564366321
1569,0.0007797538194717,0.0002429867092335,0.0257100665481784,0.0034360124502031,0.0113787494316369,0.0026298511962622,0.0005561930979244,0.0002953125297103,0.0068052610776625,0.0016518281974632
1570,0.0014228489042507,0.0009599971930932,0.025298072462265,0.0068059250763789,0.019683078072386,0.0060872740673348,0.0013415764162423,0.0009931505214606,0.0107600192261113,0.0033303568104428
1571,0.4627774816570111,0.0500038380248291,0.0001111280033635,5.932408035298836e-06,0.1673014320338013,0.0031092811953944,7.855981748696592e-05,1.39506773709778e-05,0.0002315548742714,7.110397755295342e-05
1572,0.0007680102897288,0.0002415656939416,0.0370990233958688,0.0054760613478106,0.0339091077839985,0.0029866305552684,0.0009558653721231,0.0003102968142199,0.0123278640306937,0.0015241528501169
1573,0.0007349557905062,0.0003210528174086,0.0262717750585208,0.003576158138621,0.0120053052921502,0.0027456989782755,0.0005970885799887,0.0003834127265805,0.006840457576687,0.0016584430992629
1574,0.0007401093835791,0.0002856839292753,0.082204476935849,0.0058643611617308,0.0796802523157435,0.0041631537873186,0.0011206592738624,0.0003752089227314,0.0242027293771693,0.0022187426120442
1575,0.0007443310832077,0.0002853375167943,0.0903778693908977,0.0058383633762785,0.0876044512606914,0.004191943341248,0.0011368349179982,0.0003761188838672,0.0263018690883856,0.0022662275195267
1576,0.4750907033151264,0.0423995700983206,0.0001005227333391,5.398878082719786e-06,0.1649343971922812,0.0039544074947867,8.912267625706423e-05,1.72562745987739e-05,0.000244050411565,8.347732319027504e-05
1577,0.4833261878396477,0.0454909050814554,9.541879982793611e-05,5.204823326222152e-06,0.1643166090037878,0.0037948425594165,8.795430090292028e-05,2.0144652427893668e-05,0.0001928773428869,7.068113711848011e-05
1578,0.0007332733652655,0.0002892069584742,0.3369544985539493,0.0055050015678291,0.3343064799727381,0.0038917270614597,0.0017085622374577,0.0003901854988722,0.1613315693624207,0.0038956770582766
1579,0.0007417105022999,0.0002932738913918,0.1662787252503364,0.005741804206942,0.1633671997388869,0.0042212776398085,0.0012832554820249,0.000391102921527,0.0538983488339911,0.00284840890576
1580,0.0442801766645822,0.0039512000245475,0.1535908192243271,0.0496286578625957,0.098069647706323,0.0447268870031755,0.0233973414734983,0.0033980511917189,0.1321625477417192,0.048595075369485
1581,0.0007392137926041,0.0002836406230488,0.303813723166761,0.0055473808092337,0.301111160778557,0.0040137566888786,0.0015803570713118,0.0003832009401507,0.1376622353315763,0.0037592774818429
1582,0.0007745967610793,0.0002435825295726,0.0388086112978167,0.0057115180046114,0.0365962040730321,0.0029504323554982,0.000965885686262,0.0003106715372687,0.0126795058838965,0.0016075812161738
1583,0.0015198976048979,0.0002823853557207,3.9652223356892127,0.0053430570820529,3.955846290364301,0.0034139247521342,0.0040149323410518,0.0003894807353782,1.6590783586573628,0.0043271730029072
1584,0.0007440541074556,0.000273616986256,0.0736887404136505,0.0057881426506894,0.0710405345906024,0.0039410727262802,0.001099989770839,0.0003574753833522,0.0207447553826894,0.0020672991580704
1585,0.0007432569124599,0.0003639746335115,0.0317257502038671,0.0073434715494349,0.0151849617756251,0.0042456692045197,0.000912974466777,0.0004316919324086,0.009986363350052,0.0028025617653634
1586,0.0007606280582616,0.000288238200848,0.0683214356385775,0.005598126498408,0.0654546156686645,0.0037420198850098,0.0011408247610123,0.0003797323020777,0.0195169051706038,0.0021448942052403
1587,0.0007532750692083,0.0002372242427298,0.0290766245143752,0.0051120896146587,0.0211277402349867,0.0024256307101439,0.0009587989108224,0.0003023870466856,0.0076628601301803,0.0013560866392004
1588,0.0007530719774426,0.0002776798078619,0.0354963511130366,0.0054151520130656,0.0331497869929484,0.0031144248275226,0.0009824353025423,0.0003576131225146,0.0114408145409578,0.0015742717068665
1589,0.0007189449432364,0.0002805695036486,0.5141517958556705,0.0054289243599895,0.5110527028597761,0.0037135608586958,0.0020507456188926,0.0003825194731023,0.2618046849243552,0.0042337187770274
1590,0.0016159494375634,0.000277408647284,4.325110883603967,0.0053632242376127,4.316079159035831,0.0033771447972941,0.0042509042642782,0.0003808446917829,1.7787473388051696,0.004249787057446
1591,0.0007967851472373,0.0001070840815675,0.0283296929088155,0.0037411613985207,0.0063249179474884,0.0014291792290098,0.000738435771677,0.0001326372661699,0.0075071408668182,0.0009689762848041
1592,0.0007332661714066,0.000280931299384,0.3394239335898986,0.005453541914405,0.3364756339250327,0.0038268717365406,0.0016904679391456,0.0003794304119004,0.1569817636305443,0.0038408881327547
1593,0.0007866906806171,0.000185111129692,0.028844806031501,0.0041343033541708,0.0110255274194316,0.0012979812812823,0.0007783960763695,0.0002288660807418,0.0075922464830959,0.0009157559163993
1594,0.0007720512008983,0.0002468168452128,0.0287097585439467,0.0033781698524319,0.0101302935976554,0.00255296874835,0.0006780945090543,0.0003021031199203,0.0074898375666939,0.001584488056455
1595,0.0007405094417177,0.0002433910351827,0.0286484015809579,0.0052375383022511,0.0226075155237366,0.0026415562572851,0.0009771220859048,0.0003123680492827,0.0084417139634185,0.0014891763272782
1596,0.0007474792347011,0.0002923451371914,0.5297045425510457,0.00535938186195,0.5267309084528685,0.0036889236564987,0.002192792147131,0.0003962134303167,0.2766712261357851,0.004237277189962
1597,0.0007788072458617,0.0001340239950469,0.0292425603368138,0.0037490226158015,0.010699791717618,0.0009675295077247,0.0007537253209283,0.0001637892611869,0.0075864988044663,0.0008156717240957
1598,0.0007710240784879,0.0003062581994733,0.0290405589848381,0.0038057515779735,0.0150374435497172,0.0032921173893011,0.0005419105812938,0.0003703142583397,0.008416135066189,0.0020280345534775
1599,0.0007621313600892,0.0003117096194408,0.0275195741645925,0.0045986889690885,0.0124917080512152,0.0033138096496267,0.00077152007803,0.0003748624776695,0.0071727632340518,0.0020632611178097
1600,0.0007391067069648,0.0002860432926893,0.1965865433765714,0.0057612788505407,0.193690221641411,0.00427761597548,0.0013191746527939,0.0003813375623944,0.0659262404661782,0.0030219771222461
1601,0.0015805780780292,0.0002838444123852,4.426400554226784,0.0053536392031647,4.416434097790744,0.0033885735942942,0.0041648161757656,0.0003895244612296,1.810530682972363,0.0042957131380191
1602,0.001022425248949,0.0002901489527434,1.1724141707786837,0.0053193471894896,1.1676328619814174,0.0035013772538097,0.002857298692314,0.0003972517517308,0.5791418298788178,0.0044143923509008
1603,0.0007796643649221,0.0002303835234361,0.0333785897018864,0.005543310879698,0.0310660252999161,0.0028121534777963,0.0009418795639259,0.0002921682586182,0.0112980566543532,0.0015160002840695
1604,0.0010592503013956,0.0002855539271283,1.3418612442778208,0.0053474519784371,1.337261113294406,0.003529136199601,0.0029339202505052,0.0003915578054123,0.6557651583041808,0.0045962946259049
1605,0.0013292662660709,0.0009085056362742,0.0235332156740769,0.0050755790454621,0.0197097967937938,0.0055761371706153,0.0012884747499773,0.0009755904433897,0.0103376090986308,0.0029282035141412
1606,0.0768663348637944,0.004112207219356,0.1845147299714374,0.0228461730299146,0.0846175441581987,0.0366875252969862,0.0139306687025887,0.0032466268347696,0.1700475896816051,0.0227002465022368
1607,0.4672368587264776,0.0427661745656001,0.0001062074189579,5.653769171202008e-06,0.1663560667098099,0.0039975959760229,8.434148551854022e-05,1.5193714060721202e-05,0.0002374508384067,7.975378430521629e-05
1608,0.0007829316592006,0.0001205111343961,0.0265030316026719,0.0039953376158026,0.0094740894397836,0.001722176653268,0.0007717729412126,0.0001493889966176,0.0069380124415274,0.0009641383168966
1609,0.0007776207418742,0.0001420042646368,0.0274763181603683,0.0033784079487961,0.0085576227349619,0.0018064735093705,0.0006272095899148,0.0001770040406032,0.0073610295723052,0.0012929925408397
1610,0.0007934031993691,0.0001280280028928,0.0278614505648788,0.0042302584264633,0.0132419036140017,0.0020194419955642,0.0007338884612716,0.0001583320968096,0.0071890096074904,0.0011517720251665
1611,0.0007812322091671,0.0002146369203379,0.0287808312825504,0.0033852576387809,0.0104573968983926,0.0021830959908675,0.0006042821333134,0.000263358194264,0.0074761633094868,0.0013872636733742
1612,0.0007372072360834,0.0002944063512874,0.109908919307639,0.0057794194180016,0.1071112967638783,0.0041932753057292,0.0012133274785251,0.0003889623584155,0.0345125166155127,0.0025184031406782
1613,0.001383444304282,0.0002871490652282,2.7132797753374938,0.0053265492560841,2.705574882070337,0.0034245345914851,0.0036963878114327,0.0003944469394835,1.2022106062910776,0.0043530831663879
1614,0.0007805929287139,0.0002222219860474,0.0290972371304775,0.0033296620249119,0.0097646197568711,0.002314117966632,0.0006657175230088,0.0002715501660171,0.0076449373448271,0.0014939029315858
1615,0.5194585012601172,0.0340220754707438,6.755021410016134e-05,3.7317770642565182e-06,0.1460669028173839,0.0075981952920323,0.0001128761986467,3.651087731094714e-05,0.000263822782372,0.0001207999857269
1616,0.5218057742421692,0.037211960741493,6.659079443669193e-05,3.586768963957333e-06,0.1480375088338965,0.0073844632275387,0.0001198403150766,3.014949644345874e-05,0.0002634138311365,0.0001185502285706
1617,0.0007385698774827,0.0002916597674281,0.0830550806872888,0.0056940660712939,0.0802438789785039,0.0040173243019249,0.0011362089523782,0.0003831916766128,0.0244249362322152,0.0022021661487044
1618,0.0007446259587886,0.0002855304908164,0.0591745083927107,0.0056517694391887,0.0564054458960996,0.003714528018758,0.0010998001208544,0.0003747936373434,0.0177738224558459,0.002004925371904
1619,0.0007748518487453,0.0001982321916756,0.0274785823493776,0.0034817286393012,0.0082634014388514,0.0021973594995864,0.0005957294759388,0.0002421288796119,0.0073618366805798,0.0014211325440527
1620,0.0014834983938086,0.0009645653286893,0.1798772593494529,0.0699248983065122,0.065174592144562,0.013421404335497,0.0024288429138893,0.0010076608489036,0.0896753552887738,0.0189442370936865
1621,0.0008185858892617,0.0005728010897148,0.0266223904649616,0.0045938755897185,0.0146757527034862,0.0041901774999835,0.0009138484690247,0.0006489860901458,0.0076855089449565,0.0024514420998736
1622,0.0007346137534234,0.0002934595588803,0.536518336148283,0.0053494167638653,0.5329182508258743,0.003620830019018,0.0021522074330329,0.0003988500897085,0.2783161135087458,0.004171046566234
1623,0.0007790129677216,0.0002316515328325,0.0281804882318072,0.0035276247056979,0.0105257906880104,0.0025197642406666,0.0005324240583915,0.0002818854362007,0.007264016243246,0.0016316707129714
1624,0.001109593666953,0.0006435244898431,0.0660058497430621,0.0150839847400645,0.0174556177141736,0.0049822779888473,0.0010085724508895,0.000722852932744,0.0183436909298836,0.003539472628406
1625,0.0007418101365446,0.0002838524253748,0.1186183188683945,0.0059044378713802,0.1156906902272206,0.0043066737508029,0.0011810849846117,0.0003743509469932,0.0331613117860154,0.002429648051375
1626,0.0007232048495139,0.0002923768613096,0.3225903349311831,0.0054993717433032,0.3200939752246889,0.0039884168703083,0.0016776946508491,0.0003943432774113,0.1584717253634266,0.0039401196573174
1627,0.5107534058415364,0.0402068857678165,7.336378678167103e-05,3.967424274302818e-06,0.151799657980073,0.005874679905207,0.0001131001686247,2.390699204371237e-05,0.0002636013422765,0.0001040843940548
1628,0.0007425770561228,0.0003471471609069,0.0274648031765036,0.0035224111755312,0.0112723216648464,0.0029673913117638,0.0005981827817541,0.0004115971872559,0.0069873591309629,0.0017545508672063
1629,0.0010645976542251,0.000294612695757,1.3090078077430964,0.0053217283475126,1.304246459079699,0.0035181204338904,0.0029505395819292,0.0004035401436055,0.6369891547968726,0.0044624715055363
1630,0.5319885671591866,0.0346969890977803,5.856514762928606e-05,3.251386960427692e-06,0.1420673656953744,0.0053443943341452,0.0001070776745976,3.384350605211165e-05,0.0001741866587876,0.000103967602099
1631,0.0007429901538326,0.0002623762358253,0.03610596443188,0.0054161277269733,0.0340068462218169,0.0030528807949431,0.0009937887307524,0.0003391992541739,0.0106878535293357,0.0015755285749845
1632,0.0007614355844465,0.0002389026305156,0.0288168968185075,0.0054406931163897,0.0267305785024908,0.0026740192421975,0.0009813374095215,0.0003046307231061,0.0094817529404279,0.0015907141570264
1633,0.0007757374092678,0.0002088417386952,0.0288954613652175,0.0041982450693737,0.008857016936381,0.0012437886758732,0.0008311968185156,0.0002612700527498,0.0076325375348697,0.0007648910959844
1634,0.0007910536863671,0.0001257702724017,0.0289974108107422,0.0045194352314754,0.0142819856808652,0.0020745458423759,0.0007970038038683,0.0001545065561495,0.0076778440323271,0.001177150700346
1635,0.0007408330417219,0.0002713568632596,0.0688043332860467,0.0060262238393201,0.0662935517027241,0.0040046145958568,0.0011009362789864,0.0003526386824891,0.021459474794269,0.0021610901825493
1636,0.0007464743027954,0.0002800944040212,0.0420191836005964,0.0054277904507231,0.0395271340481211,0.0033056962459906,0.0010358276867535,0.0003639591060218,0.012121207769231,0.0017185568203649
1637,0.0007567246445124,0.0002706967610045,0.0343586999320868,0.005369743970868,0.032442436157507,0.0030260737085886,0.0009834821689291,0.0003488969757898,0.0105231173642677,0.0015254936526786
1638,0.5030307810103393,0.0388214032319113,7.982554034783978e-05,4.312429053104975e-06,0.1563407529727197,0.0047445028019788,0.0001072519970709,2.012010057748859e-05,0.0002353731820378,8.9436141881157e-05
1639,0.0007393233866672,0.0002861610590385,0.3477421966188969,0.0054514939510078,0.3448818906238836,0.0038134990638247,0.0017423397136823,0.0003878266293314,0.1693271410197797,0.0039065283085317
1640,0.0007905189363567,0.0001392234944855,0.0276245712384126,0.0039387820540598,0.0114862511084279,0.0016360116537644,0.000740175317541,0.0001717220111998,0.0071754580308779,0.0009949088273423
1641,0.000750681469477,0.0002627696088952,0.04368481051903,0.005610562788846,0.0411870589834676,0.0032581218074258,0.0010479158876947,0.0003399425427698,0.0132488994273104,0.0017903210510801
1642,0.0007467622715016,0.0002754553543522,0.0404367418095554,0.0053863793100195,0.0381103267310118,0.0032478387102195,0.0010041265451937,0.0003581320165761,0.0114491633801424,0.0016114600769429
1643,0.0666247826219539,0.004312252544434,0.2145579218440128,0.0536268171410099,0.1238501512492315,0.0583316450315409,0.0277201193121203,0.0036010752473296,0.1795582484415726,0.0529120729968406
1644,0.0007721754503352,0.0001719957024481,0.0292604444762767,0.0044799226977802,0.0160531770741114,0.0018948057976579,0.0008017283180736,0.0002127325083944,0.0077704828875804,0.0010042003145896
1645,0.0007866586029719,0.0002210929650913,0.0280276255341634,0.0050883795622823,0.0190168556528859,0.0022635756954165,0.0009312665485404,0.0002784626984779,0.0073765739729911,0.0012990226149913
1646,0.0007752940099218,0.0005401670207765,0.0257227182024077,0.0039614652677961,0.0135982249231622,0.0036762279318975,0.0010551512584917,0.0006117502747018,0.0080875249131818,0.0020440614508217
1647,0.0007408341293714,0.0002927082370684,0.1578853489763151,0.0057500488404913,0.1549763141463261,0.0042827587924309,0.0012669993888084,0.0003907269573673,0.0507923332574052,0.002797948729323
1648,0.0007653451947368,0.0002627603829424,0.0280812815469426,0.0052137926759151,0.0252132649330124,0.0027139472560982,0.0009516014413758,0.0003381329574274,0.0089337638546007,0.0014302895818734
1649,0.0007864306272567,8.679871876665147e-05,0.0277694483113899,0.0038259643246451,0.0073854291780352,0.0013526531027459,0.0007401184663201,0.0001101208809651,0.0071389739320854,0.0009335384644991
1650,0.0007888877074721,0.0001750405569498,0.0263013717316983,0.004601440129687,0.0189848683314068,0.0019735901464947,0.0008291784915152,0.000216847002592,0.0069334621552652,0.0010754851600039
1651,0.0707068915067281,0.0064234137541787,0.2290216735144904,0.0294722157658726,0.1036046401391195,0.045875572721772,0.0197525706949947,0.0053648473817419,0.1572509989047119,0.0293261506245969
1652,0.0007139512234014,0.0003999914944055,0.0262825343964309,0.0036671509085855,0.0125325242477855,0.0031134725659157,0.0006986436927816,0.0004683052921425,0.0068878348810012,0.0018726059077365
1653,0.0012361078864917,0.0002790671148938,1.938448566390053,0.0053273780276133,1.9340116081507972,0.0034319956185892,0.0033552006431605,0.0003841907975278,0.8945890457755552,0.0043458991537012
1654,0.5279554102516999,0.0357814852891472,6.100154822492959e-05,3.355293621605269e-06,0.1429495430965391,0.0055259652138093,0.0001095373318751,2.9499738472394512e-05,0.0002081188510286,0.0001028100761853
1655,0.0007399121367186,0.0003539919295931,0.0268046624343058,0.0036581223171432,0.0100253417505389,0.0031373054186084,0.0005982792263248,0.0004164994496349,0.007007478585337,0.0018109717545848
1656,0.54983714140544,0.03161551378745,4.354489599724195e-05,2.4971128838224648e-06,0.1292467862440129,0.0096528797693084,0.0001526201322604,5.752849920293069e-05,0.0004227795608441,0.0001643236065355
1657,0.0007575485549182,0.0002268849111749,0.0298480771162086,0.0054821478629389,0.0276894978626641,0.0026707848195169,0.0009455235560366,0.0002880466853015,0.0101520603078256,0.0014633084964091
1658,0.0007243998620707,0.00044846867509,0.0350490562043734,0.0067271525252663,0.0180778859042446,0.0043330384584059,0.0007623501014072,0.0005201316467663,0.0093189027130782,0.0028475699234947
1659,0.0007364295255299,0.0002777786774914,0.0608531478254634,0.0055753072643202,0.0580178004260469,0.0035999693794796,0.00109043546807,0.0003633086462299,0.0168977512189187,0.0019260485025803
1660,0.510934855597542,0.0373490666376252,7.335558319424583e-05,4.05423330446603e-06,0.1511913363761057,0.0068282540691162,0.0001076404538246,3.526898644868321e-05,0.000267200234907,0.0001136601283121
1661,0.0007766603281301,0.000184788616356,0.0294854987337224,0.0038964421007085,0.0084054971800373,0.001009206203993,0.0007872782075049,0.0002302476017564,0.0078058823951056,0.0007355770263194
1662,0.2897388046438799,0.0068579718924102,0.1528047232640076,0.0166001709804295,0.1364324676870417,0.0462466307818879,0.0122655890431041,0.0040790102653846,0.1227041904276246,0.0165632321819842
1663,0.0007428949268735,0.0002862925857273,0.1504689915264575,0.0055972707335817,0.1474617898137457,0.0040506284944296,0.0012852423637769,0.0003839558030403,0.0524326307877616,0.0028130214595926
1664,0.0007295401350623,0.0002879283139267,0.2665794497806623,0.0055679200667295,0.2638207938693268,0.0040962543723874,0.0014968457988759,0.0003865153383228,0.1125710471701461,0.003569881596507
1665,0.0008365922530027,0.0002916057635139,0.7242959417582655,0.0053637772294359,0.7205803110397508,0.0036036728801072,0.0024116523666171,0.0003969234472975,0.3805670883689571,0.0043785347621392
1666,0.0008058363937635,0.0001738928818188,0.0284706156242246,0.0037404317682335,0.0108429666784018,0.002537850183277,0.0006490284738596,0.0002162246452547,0.0076177846663962,0.0017111249103578
1667,0.0007742179971889,0.0002351820339911,0.0284021892793604,0.0050346354498354,0.0204938590548429,0.0023616544007435,0.0009118632257,0.0002997374683897,0.0082044506753316,0.0012109257313671
1668,0.000718690535971,0.0002852981665464,0.3145645232426579,0.0054632699281594,0.3116380436382009,0.0038613949269629,0.0016329432439248,0.0003853797229352,0.1447887923992445,0.0037498115664784
1669,0.0007584366180968,0.000225762849192,0.0287995249128414,0.0053005394553568,0.0224079047460747,0.0025671479887792,0.0009119842149399,0.0002849650844263,0.0082983139329799,0.001423610564017
1670,0.023781017097738,0.0030637191362609,0.3087557155964333,0.0538266584802479,0.1330791448835515,0.0562745693631798,0.0187426367751787,0.0028219953969834,0.192370869961981,0.0534307856101077
1671,0.0007593262064389,0.0003075236157088,0.0728433059639392,0.0057131955670298,0.0700704110727849,0.0038626718693137,0.0011294068364116,0.0004027452047876,0.0202848008945585,0.002154193562842
1672,0.3863915959518108,0.0062523824648295,0.2506980104947696,0.0235583154837239,0.1254792985481754,0.055862026549588,0.0108868373754936,0.0043375282312518,0.1509341861161584,0.0234856894276509
1673,0.0007523196135799,0.0002743241605125,0.0807717889012589,0.0059706910644572,0.0782891816999953,0.0042189201590972,0.0010786473063857,0.000357845362109,0.0223621208082853,0.0020728863114016
1674,0.0007740212472935,0.0002327201376139,0.0281688006934638,0.005304058641454,0.0239400164512307,0.0024240464271592,0.0009509815415162,0.0002950227559912,0.0093860924596989,0.0014135309594053
1675,0.4878249928562547,0.0433836807211609,9.229608049616462e-05,5.067773256637249e-06,0.1614339954792729,0.0041696910806378,9.47330581286824e-05,2.299892074130625e-05,0.0001703580421736,7.51373248653257e-05
1676,0.0183155652538326,0.0024928142696169,0.1620201251471499,0.0422057257005545,0.0886969102526216,0.0387773518141598,0.0165515422466208,0.0023687438002919,0.14993528791093,0.0415735103264202
1677,0.0007425386315198,0.0002895688397053,0.2896818559509636,0.0054696219035231,0.2868442015324832,0.0039035463700969,0.0016174793767401,0.0003906863750566,0.1336044120941026,0.0037092607504849
1678,0.0007385322624991,0.0002865610315907,0.2759596622761475,0.0055538270481414,0.2732434880820993,0.0039406276841343,0.0015836499023118,0.0003852764705212,0.1255291879253712,0.0036670635242127
1679,0.0007535224087271,0.0002294688259134,0.0306730856905683,0.0052835600604965,0.0278289504693601,0.0026721171613793,0.0009685607991794,0.0002940415556908,0.0102643079883452,0.0014702230015271
1680,0.0007549796244099,0.0002461551161437,0.0418158316324412,0.0055640947962994,0.0396779934682611,0.0031785207167527,0.0010061705411418,0.000317047517395,0.0126532365934836,0.0016510166110893
1681,0.0007812098271887,0.0002528238491846,0.025937000663869,0.0037669329258503,0.0106260537993948,0.0027441114369712,0.0005361073618644,0.0003058264649899,0.0087688822386998,0.0017552872530371
1682,0.001477467904621,0.0002766022839262,3.401694500900738,0.0053285452697914,3.393936476890944,0.0033929236447575,0.003919273864042,0.0003806792811691,1.4586985328988922,0.0042437388451496
1683,0.3083176870383259,0.0079439430273193,0.1688822836491263,0.0179669536570909,0.1254647464618213,0.0514505861205049,0.0213612929084198,0.0049279007944273,0.154649126015861,0.0179207675676578
1684,0.0008362103851306,0.0005234793231495,0.0265042118514876,0.0040148121732752,0.0126144797743265,0.0037104643019043,0.0008331663761775,0.0005953525616291,0.0074311783356572,0.0020283751992333
1685,0.0007842647349565,0.0002110157755243,0.0272186193739179,0.0046598835053903,0.01473948052529,0.001876578474516,0.0008712245242656,0.0002650523305805,0.0069771596870584,0.0009948409581401
1686,0.0007626974500338,0.0002550562438494,0.0405035824833329,0.0055355813304323,0.0383489462497329,0.0030627972461272,0.0010162161852235,0.0003277257289059,0.0119780640115785,0.0017006886273444
1687,0.0007676379441492,0.0002323787059361,0.0278678018433687,0.0046887379425966,0.0169531280621096,0.0020431394412484,0.0008686650486617,0.0002950926897077,0.0073800455024317,0.0009933347636114
1688,0.0007421430259016,0.0002864897572994,0.0839027863426327,0.0056401680928826,0.0809472670668181,0.0038330046279207,0.0011843802708019,0.0003777570480614,0.0248524469950657,0.0022944264037916
1689,0.4813038085074175,0.0435535640866276,9.700987951339998e-05,5.262430842234694e-06,0.165275210775472,0.0047733963836535,9.14541374102958e-05,2.0715366921962937e-05,0.0002165622435323,8.52674124774778e-05
1690,0.0013339869038305,0.0002815373712825,2.5411216856396592,0.005352511277354,2.53613242163086,0.003433724608119,0.0035809580994993,0.0003885027200684,1.1428591245372153,0.004380690474987
1691,0.0007402881564068,0.0002695682833079,0.0462487419084452,0.0055135811858453,0.0435717565257646,0.0032685361885062,0.001057481665323,0.0003500218971521,0.0128218036742026,0.0018093514716508
1692,0.0018920975267483,0.0002798425554401,6.237840584163521,0.0054505374533646,6.212828908167706,0.0034340126328268,0.0049049379301589,0.0003807790075251,2.410498857420218,0.0044566628990475
1693,0.0007371484259732,0.0002868296314764,0.2031199931975291,0.0056000525435273,0.2002706848234843,0.0040077443816752,0.0014189714969386,0.000384011724996,0.0806177810259909,0.0032106831792008
1694,0.0007433494631358,0.000283772397775,0.1807318609220363,0.0058080023920124,0.1778046551076382,0.0043400838202293,0.0012865619410986,0.000377647707086,0.0593705510391635,0.0029327340768672
1695,0.0007480183218252,0.0002912250537046,0.2564358520462311,0.0056208302718022,0.2537992417541153,0.0041230674347335,0.0015072634450118,0.0003909178531643,0.1108538088989789,0.0035916514371077
1696,0.0007922138118005,0.0001275645642766,0.0291886584206404,0.0039407795231399,0.0098584181709117,0.0011891728512596,0.0007693532282391,0.0001568558292731,0.0076959022681951,0.0008106436643366
1697,0.0007398701370863,0.000289740919383,0.1223509123108657,0.0056701872267345,0.1194063618007891,0.0039948351957131,0.0012689120727185,0.000386168423316,0.0410511825735238,0.0026608798537808
1698,0.0017709638977981,0.0002772186935173,4.538934642487387,0.0054317277937269,4.524276548751388,0.0034396331142833,0.0046134573357837,0.000377083860579,1.862069806205808,0.0044235863988987
1699,0.0007390056065161,0.0002675857394592,0.0596006468308066,0.0057950305989182,0.056951982625717,0.0037342089751591,0.0010940746406405,0.0003478173121604,0.018192609433336,0.0020307093392097
1700,0.0007255957077416,0.000286576308312,0.3328818381618084,0.0054475139804777,0.3301626288564981,0.0038879879811667,0.0017024154954488,0.000387496930525,0.1636621813006478,0.0039311697567119
1701,0.0007567570608018,0.0002454041150675,0.0280148157122587,0.0051970828006831,0.0232795104451446,0.0025857007691552,0.0009373827744972,0.000314179058436,0.0090496104935736,0.001357995792414
1702,0.0007395632997223,0.0002935299711917,0.1528933590886448,0.005739163400797,0.1499664960996819,0.0041713063945862,0.0012946405054157,0.0003914908162081,0.0528787636298612,0.0028457607974176
1703,0.0007421080198779,0.0003581194627183,0.0268970965797296,0.003768095185093,0.0112797582958495,0.0028662738794182,0.0006191532475061,0.000423797418834,0.0070214746795775,0.0015520469068996
1704,0.000728225414254,0.0002730586352085,0.2857586927111458,0.0055004012923159,0.2831278915485229,0.0039322156139588,0.0016038454858267,0.0003681385699028,0.1309680775464215,0.0037050576702571
1705,0.0007555307713195,0.0002715296299957,0.0380187077690239,0.0054365182709936,0.0351366916176295,0.0030904031013263,0.0009760105484642,0.0003508236397977,0.0122662097063217,0.0015377204309075
1706,0.0007322453623347,0.0002905487439282,0.3402910049788721,0.0055056835382306,0.337773494732918,0.0038610810922941,0.0017853700963071,0.0003921887498034,0.1712924885352232,0.0039755521997816
1707,0.0007501463160466,0.0002791694191112,0.0526666955262316,0.005632260806476,0.050237791347059,0.0035656924264909,0.0010299542613683,0.0003629187811211,0.0146247136716039,0.0017760800456573
1708,0.00076714378866,0.0002038976357928,0.0292221130615748,0.0048858707084016,0.0185280167699877,0.002000020218965,0.0008747326509808,0.0002551069936585,0.0075604251879996,0.0011271033617787
1709,0.0007421709121243,0.0002715827923829,0.0713782200737962,0.0058139223793188,0.0689011391672045,0.0039995528120374,0.0010756506312735,0.0003555779062049,0.0198083250333876,0.0020008339000898
1710,0.5175179406420467,0.0410610972396142,6.826485136249395e-05,3.6776830389099498e-06,0.1454676919622468,0.0046056572734392,0.0001140968707264,2.440048715224992e-05,0.0002510527900358,9.708187787176102e-05
1711,0.0007534110342045,0.00026147089747,0.0427122906743463,0.0055720037140128,0.0397193656625679,0.003238850409887,0.0009854352427942,0.0003358390278828,0.0139217938062109,0.0016385797877789
1712,0.0007861968882201,0.0002846794313283,0.6777189513740148,0.0053783891173376,0.6740153839118797,0.0036041568784185,0.002295976153473,0.0003881737067981,0.3564183752005607,0.0043982582062688
1713,0.0015802125246014,0.0002791846876145,4.400133588444242,0.0053577758177299,4.39076083557256,0.0033912875124612,0.0041589416034207,0.0003837355115076,1.803448652734541,0.0042998059186996
1714,0.0007634625923287,0.0002498848315924,0.0351539729919643,0.0054127321946829,0.0320261424549048,0.0028020928055866,0.0009835381090814,0.0003204829624915,0.0116512581473787,0.0015596704839881
1715,0.0007186409126559,0.0002800478816862,0.367805735634408,0.0054505623653806,0.3651222199430329,0.0038059750927714,0.0018323627357086,0.0003799881548534,0.1884792382422484,0.0040473520951959
1716,0.0007401303397899,0.000278716105822,0.1092828232461073,0.0057594598016026,0.1064127659159743,0.0040651498743723,0.0011829319225299,0.0003668518937131,0.0317737231105644,0.0023983177368147
1717,0.0007648379855152,0.0002567898508778,0.0331543662686583,0.0053348788555326,0.0305459844750042,0.0028482953840749,0.0009569305542091,0.0003298029768269,0.0109889010828327,0.0014775705566484
1718,0.5042465846325908,0.0399366342263244,7.888887178764158e-05,4.248325844953454e-06,0.1554387254477295,0.0046343258256945,0.0001066051361887,2.191097143354732e-05,0.0001947280575835,8.578433190721465e-05
1719,0.0021307884343214,0.0002835710348477,7.372883614199572,0.005493873004916,7.320195245606747,0.0035586551487867,0.0054453720236987,0.0003827521809805,2.749722478848526,0.0049777282178758
1720,0.0007587655917396,0.0002909351305603,0.0973748795487296,0.0057454047076369,0.0945687917101074,0.0040368821527566,0.0011701645467434,0.0003836391574212,0.0277602317862589,0.0023488751377945
1721,0.0007370163660399,0.0002845174210585,0.2315703046027415,0.0055487846377426,0.2289472234551826,0.0039598744452765,0.0015390096626329,0.0003812427811692,0.1039812968355798,0.0034906094910642
1722,0.0007314075362366,0.0002798641576755,0.085205299816724,0.0057125372724651,0.0824320994378611,0.0040388239394395,0.0011521102956948,0.0003688271150149,0.0253146237060396,0.0022659500143608
1723,0.0364560609604159,0.0030294894684426,0.2375907430130007,0.0846084845542574,0.1081957847970961,0.0431158996516303,0.0300109957614229,0.0026722664594379,0.190196393843313,0.081788333101995
1724,0.0007546077030037,0.0002271426618564,0.0271945923777362,0.0035740038330786,0.0108186693020767,0.002714794993242,0.0005849057960021,0.0002781990936057,0.0080766153353286,0.0017164905711786
1725,0.5175276045179794,0.0366245522206633,5.899869306989284e-05,3.528308960016468e-06,0.1447939390165889,0.0071850790958302,0.0001140411179937,2.8930779361043206e-05,0.000291694636348,0.0001191568391918
1726,0.0015920643971779,0.0002772223337962,4.157308694803566,0.0053297753848307,4.14739441501461,0.0033768211389441,0.0041910385138999,0.0003797034715606,1.7221009543417107,0.0042928560081334
1727,0.0424949886015469,0.0033192148033491,0.1926238241663307,0.0535357079364957,0.1118951970742214,0.0501194678394421,0.0254517829011214,0.0030682528191056,0.1167802628342372,0.0523868202013193
1728,0.0013066022521269,0.0002806725543396,2.237542264555634,0.0053441676876171,2.233304919595373,0.0034252602437341,0.0035203028449209,0.0003871852404845,1.018853517930197,0.0043280012173956
1729,0.0008573151643235,0.0002829148863775,0.9213810139462552,0.0053756978397457,0.9173302778692592,0.0035997297363046,0.0024629655066699,0.0003870165617836,0.4734391233019747,0.004595399976227
1730,0.0008526332829061,0.0002830885502492,0.7966421631176571,0.0053659219278947,0.7928679873939709,0.003611556230849,0.0024483398606879,0.0003869590725461,0.4079261277047947,0.0044291857771241
1731,0.0007629006608842,0.0002575338459074,0.0279908617003725,0.0052409247777142,0.022898272353723,0.0026653669978486,0.0009803407771044,0.0003299864203985,0.0084535045795547,0.0014842234714888
1732,0.0007923652612952,0.000113750861413,0.0283392216289644,0.003804873897116,0.0090518661057097,0.001479817017176,0.000728694964652,0.0001414026668928,0.0075069595631466,0.0009685353775793
1733,0.0007208366457476,0.0002800545810503,0.415045893084244,0.0054254812362975,0.4120136263606884,0.0037042883774935,0.0019366258546675,0.0003811027952309,0.2097488463817183,0.0040244096629093
1734,0.0007403321604896,0.0002549132422954,0.0439243261486453,0.0055933980542396,0.0416907299898256,0.0032176171098222,0.0010198713945456,0.0003281577833153,0.0130223478827297,0.0016910808012372
1735,0.0007432928951707,0.0002850522386051,0.0632083646477149,0.0055406443499481,0.0604263918963987,0.00368856352285,0.0011175722405195,0.0003752968039087,0.0177825193638489,0.0020538295006509
1736,0.0007324653349816,0.0002872710305628,0.1260959530159747,0.0056704292926879,0.1230012421855879,0.0040401558770685,0.0012444289916283,0.0003813796331139,0.0380755129385094,0.0025633664101095
1737,0.5372154014912942,0.03456278940025,5.463502784407566e-05,3.026127181305404e-06,0.1404870956663536,0.0065192266673421,0.0001078745275716,3.9652789689349576e-05,0.0002339108734562,0.0001202054886408
1738,0.0017379553336294,0.0002831670883655,4.729579049827775,0.0053569236910453,4.716788182607078,0.0033839761669098,0.0045405678261623,0.0003847588841562,1.9406279417423815,0.004300412831079
1739,0.0007576262020479,0.000252229038857,0.0442830533730165,0.0056781538117711,0.0422094369789718,0.0032612494022675,0.0010062602690764,0.0003247700655787,0.0133082235033307,0.0016978857438357
1740,0.5411197874317474,0.034711744305513,4.732566302480112e-05,2.766032087927381e-06,0.1364895613859897,0.0072084278018261,0.0001057956097372,3.912783423350653e-05,0.000268761850246,0.0001267116966119
1741,0.0007810948344351,0.0001353226978947,0.0291019030909962,0.0034352988128445,0.0074074699570323,0.0016182596439702,0.000674390367364,0.0001696906930344,0.007603294235041,0.0011335264951223
1742,0.4358748011828157,0.0527512544950311,0.0001454766657852,7.368480504385745e-06,0.1996839068980796,0.0044690018947743,5.757502457993681e-05,2.052699184574209e-05,0.0002536269578889,7.563202983175169e-05
1743,0.0008430941369274,0.0005266338789793,0.0261045608202925,0.0037223105686262,0.0116207181642193,0.0033500808774604,0.0008202111750705,0.0006010395783982,0.0072394329295334,0.0018805896357243
1744,0.1859697154165915,0.0087610692743638,0.2816452202829627,0.0106018469195077,0.1866643005703006,0.0977553699339036,0.0107612550249111,0.0037644254899354,0.2511418172031393,0.0105824624329406
1745,0.0007616971228615,0.0002511889465123,0.0282997295301135,0.0052485618336092,0.0234042717647349,0.0026727468751722,0.0009926129832394,0.0003221621252645,0.0087535506274467,0.0015181822951909
1746,0.0007437261500724,0.0002782958055632,0.0534553734515611,0.005701183971613,0.0508661623178276,0.0035580641878327,0.0010552728727785,0.0003617283818939,0.0158334878145959,0.0018540929975343
1747,0.0007578221663597,0.0002924214798137,0.0375074501995829,0.005353958571938,0.0351210913853672,0.0031282599433742,0.0010076798087129,0.0003812516558642,0.0107427966398565,0.0015787548666434
1748,0.0007285926240295,0.0002888341335781,0.5048148013619159,0.0054240350173768,0.501743978097859,0.0036923098007331,0.0021137272729145,0.0003929211011638,0.265628211087525,0.0042537927438363
1749,0.5073722839364841,0.0368497232274014,7.577924904275785e-05,4.168368727063247e-06,0.1523722843582071,0.0053370066682398,0.0001043601125291,2.6268144505300422e-05,0.0001930629880163,9.371581489228854e-05
1750,0.0007671292370944,0.0002834394863566,0.0490649760851239,0.0057511886437736,0.046566356156996,0.0035843240668118,0.0010640716316749,0.0003684782742791,0.0152437176010083,0.0019540224145223
1751,0.0007307792429268,0.0002866952294404,0.1340693086028841,0.0056765175545222,0.1311207335385232,0.0040704375448116,0.0012495638453271,0.0003817450339792,0.0423167807067341,0.0026362645479208
1752,0.4401539439196468,0.0501537115106101,0.0001236251932822,6.890937198934132e-06,0.179345931911197,0.0041521734604934,6.413245014970392e-05,1.803659305593949e-05,0.0002227122859601,6.75363375367676e-05
1753,0.0007482768681438,0.0002371794866653,0.0414985154605959,0.0056806424439552,0.0387747371037473,0.0032419638154551,0.000939672052428,0.0003038205547868,0.0132834722120311,0.001541638832212
1754,0.0015667100756669,0.0002742255119794,3.942987237370233,0.0053341965751206,3.933900523904757,0.003373663508233,0.0041353866803776,0.0003765390788645,1.6550505840564138,0.0042547934604512
1755,0.2053836666641097,0.0063870741638919,0.239627153752725,0.0166587097148564,0.1267180831672137,0.0408674198200967,0.0132430397499536,0.0042531821706044,0.1481151391953071,0.0166201997721523
1756,0.0007421886644935,0.0002770442316835,0.1255162208537626,0.0057735702641611,0.1225809915819604,0.0041572299189452,0.0012313333160089,0.0003662699443816,0.0386913343049179,0.0025827721603275
1757,0.0438325276757965,0.0038859115116826,0.1438914396890076,0.0387429451620547,0.1064437187539715,0.0510775220966609,0.0203028757820579,0.0033383895557066,0.1005853576743136,0.0384003819686617
1758,0.4567111125312754,0.0468742086675814,0.0001056796251859,5.863424258817498e-06,0.1654240383102029,0.003381242052612,7.769482835459629e-05,1.45742144277748e-05,0.0002364107497965,7.583137187981672e-05
1759,0.0007859118533067,0.0001558969646846,0.0281448492276954,0.0042256539209739,0.0104685115043543,0.001603750211862,0.0007955126887119,0.0001923462039058,0.0073331393489867,0.0009140158408076
1760,0.0014249479349486,0.000286829739637,3.052181126339168,0.0053164836611738,3.043056678183361,0.0034212290299341,0.0037921500588534,0.0003937572717279,1.3267586227394907,0.0043596783353879
1761,0.3886190800933365,0.0708673252764512,0.0002339382825465,1.125052714974676e-05,0.2628621106656684,0.0034442855217289,4.268186799293299e-05,1.7188023980098782e-05,0.0002658792620669,6.581595609647144e-05
1762,0.0007724073834754,0.0002266001976563,0.0285022801495768,0.0049060533137611,0.0215167670369376,0.0020932238208243,0.0008665257559988,0.0002859194075708,0.0085817157988271,0.0011446787931726
1763,0.0007419593292682,0.0002845845383142,0.2338850313318334,0.005559054314072,0.23094899326388,0.0039921421192048,0.00145454654996,0.0003818465611728,0.0952266768135504,0.0033712296434895
1764,0.0007393742465967,0.000286995416566,0.1088472177253748,0.0056915966017763,0.1058816771528249,0.0040314422229019,0.00120139341339,0.0003791108463732,0.0316068268746893,0.0024165825849945
1765,0.0007238469157137,0.0002826003099279,0.3234557036528106,0.0054380793588532,0.3206300146885883,0.0038259153592595,0.0016842459494183,0.0003815524047996,0.1517088335443706,0.0037748156828245
1766,0.2193524137739327,0.012973174026736,0.0094682754916975,0.001194654480772,0.27568657788607,0.0050400065117792,0.0021346267534506,0.0002351633047254,0.0094055815806703,0.0011906565140986
1767,0.0013224378224074,0.0008805632787832,0.0269577783684643,0.0062028422596338,0.0180193056686579,0.0053377680057109,0.001272378398762,0.0009371233257772,0.0099239721306695,0.0030231159561476
1768,0.5120352859810396,0.0376711420768186,6.137596814196598e-05,3.722628407114953e-06,0.1439066455019299,0.0052532472556693,0.0001082646121908,2.398123570291891e-05,0.0002358991852551,9.927956428945098e-05
1769,0.0007516081655762,0.0002686545894646,0.0574214247315043,0.0056084416708515,0.0546945034686985,0.0035188508534524,0.0010743827771116,0.0003497661622115,0.0163780999270516,0.0019023672209538
1770,0.000750588066586,0.0002537633955027,0.0443612117175728,0.0054420143573296,0.0420410874165812,0.0031040934249467,0.0010126496713734,0.0003275825373077,0.0125376975482098,0.0016247816911238
1771,0.0011003746642812,0.0002802494200481,1.3286922613912175,0.0052944913122676,1.3239887107031545,0.003458220760171,0.0030379238874421,0.0003848459391043,0.6488811776552482,0.0043843223963837
1772,0.0035942439209544,0.0007769468521903,0.3151569960483958,0.1501792538722705,0.160928799266169,0.0369027507102627,0.0068261874369684,0.0008976369053455,0.2394732114215883,0.0751700326744542
1773,0.0008003294674645,0.0001060392524454,0.0279521055172688,0.0043194931451632,0.0119131221657159,0.0019860694376,0.0008161560797776,0.0001310610024361,0.0074247494655628,0.0010998628294971
1774,0.0007838072562333,0.0001474839348334,0.0297114795848403,0.0034274611092616,0.006924908480471,0.0016265643663747,0.0006696715261518,0.0001855625076808,0.0079197027471045,0.0011509549637369
1775,0.0008441063488404,0.0005990382206745,0.0262898067976724,0.0050410708569353,0.0183808729860132,0.0049502767005126,0.0009590092570852,0.0006779990266847,0.0093361159361814,0.0028611989936387
1776,0.0007421991920192,0.0002907538604133,0.1049468473560445,0.0058720347660391,0.1021618914607485,0.0043585512274378,0.0011372355601758,0.0003835920816446,0.0292169525722634,0.0023081790188983
1777,0.0007512439526695,0.0003567537202707,0.0272621346825659,0.0035694991164127,0.0102105398038135,0.0027031602962657,0.0006116601467134,0.0004203658379301,0.0068884952877393,0.0014817935284883
1778,0.0007349303033492,0.0002831988292646,0.4221236296491162,0.0054391557095053,0.4192842837305489,0.0037983858569622,0.0018647172567489,0.000384378891537,0.2108213135274175,0.0041314388226679
1779,0.4764801777226021,0.0421969224982824,9.981134800999892e-05,5.370243763343215e-06,0.1641886467754373,0.0048868864898093,8.806763641825047e-05,1.970736783666406e-05,0.0002186817608126,8.495468567885113e-05
1780,0.0012436971531277,0.0007907965235401,0.1428816103495022,0.0433729543624827,0.040689940335449,0.007579712436533,0.0016172469241014,0.0008713074413346,0.0468897097935183,0.0081767587994389
1781,0.0007473642912077,0.0002952309767914,0.1589650181731028,0.0056761142164394,0.1562688816135063,0.0042077700152709,0.0013360118357951,0.0003935395412322,0.0627460457685481,0.0030370654892258
1782,0.0505927944015438,0.0035705004104922,0.1480893609164234,0.0697568262185946,0.1114707303108277,0.0454960244392691,0.0304154095717658,0.0033481925610872,0.1404405062290639,0.0679337363511735
1783,0.0007555858930234,0.0002919540172636,0.1068074324588173,0.0059401256075265,0.1040301744582069,0.0044779304930812,0.0011212779159616,0.0003847446820784,0.0290288450114012,0.0022886594329896
1784,0.0007381131715262,0.0002708304502787,0.0639932655957367,0.0056395959717661,0.0614274080004412,0.0037397949595402,0.0011240672788468,0.000354345884179,0.019106856402396,0.0020967944875177
1785,0.0007247484713711,0.0002895211368247,0.4313520247421322,0.005427885937838,0.4287478902840471,0.0038731356668768,0.0018512896740572,0.0003914768224248,0.2148739381542008,0.0042026904026723
1786,0.0007387658507728,0.0002718337946797,0.0439701639262309,0.0054866739227838,0.0416285767390259,0.0032695107314206,0.0010130997675846,0.0003528135415901,0.0128553797549219,0.0016540348790676
1787,0.0007639240431879,0.0002700150278406,0.0383931803639624,0.0055150350758086,0.0363489038221054,0.0031708083785878,0.0009879921950581,0.000349413293069,0.011802160372979,0.0015822662841146
1788,0.0007916355784661,0.0001581692507171,0.0280418098067718,0.0033580793449175,0.0081867951691418,0.0018205277476868,0.000647870755573,0.0001960001707692,0.0075319702170631,0.0013012655432245
1789,0.0007537457934748,0.00028673411632,0.0262211580628861,0.003503281559119,0.0111170084411577,0.0025106217516695,0.0005539009704781,0.0003461863606242,0.0069109249426075,0.0014693411760301
1790,0.001046994316201,0.0002904007563598,1.2632040142056362,0.0053686281179561,1.2583055449248075,0.0035173871207654,0.0029132705357463,0.0003998999035452,0.6165642375833824,0.0044318230008859
1791,0.5132127832120322,0.0385507475916934,6.417082202612319e-05,3.784841560866342e-06,0.1472276239703922,0.0051537695023233,0.0001141169391645,2.491117601652124e-05,0.0002656201708583,0.0001041567610439
1792,0.0007264345516831,0.000292143495733,0.4734588617322641,0.0053800025023751,0.4704051965186297,0.0037610819287428,0.0019644852687705,0.0003963689984057,0.238800530632479,0.0041562150059061
1793,0.0007484196696987,0.0002630395567426,0.0609794993650636,0.0058911270081154,0.0585391569431502,0.0037491158791061,0.0010462962528298,0.0003408240910424,0.0178321918397426,0.0019229014122417
1794,0.4204858867276772,0.0585364938582491,0.0001688880432404,8.412229268222034e-06,0.2295517404302172,0.0031518116878823,4.62157609308291e-05,1.325425015870105e-05,0.0002787199680409,7.141578502252683e-05
1795,0.0007828028284931,0.000175433266911,0.0288123694179796,0.0033607613351293,0.0085545334990535,0.0020545862127501,0.0006438206056293,0.0002165084355525,0.0076027657611328,0.0013390221034974
1796,0.0007802910970068,0.0001127801736237,0.0292578553537785,0.0041768952773364,0.0125681085852813,0.0018925740383862,0.0007635402109564,0.0001394462720318,0.0076597578107362,0.0011189383826484
1797,0.0007411572242468,0.0002807695501483,0.0829461855684973,0.0056979629901281,0.0801263489009513,0.0039378980300954,0.0011593368731069,0.000369894695957,0.0251300884610152,0.0022686637126977
1798,0.0007372099161595,0.0002855615037259,0.1420262706163072,0.0059084896784659,0.1392459800103769,0.0045137603180081,0.0012053790331363,0.0003792929805137,0.0431036093495099,0.0026539371935847
1799,0.0008461802871679,0.000568991624569,0.0236713976107541,0.0038556838950809,0.0148977870341392,0.0035020396089095,0.00093913818376,0.0006441941937606,0.0077886439192054,0.0019665059273673
1800,0.0007477235010839,0.0002752313734308,0.0690212344685162,0.0058686843567969,0.0664514495877336,0.0038923347787406,0.0010901779366235,0.0003571835111704,0.0202761536066815,0.0020341547483785
1801,0.0176294349235446,0.0019572229853019,0.1508434935058878,0.0663870947632884,0.0677359361130593,0.0284472215322677,0.0193994421680636,0.0019522822244393,0.1388943298568457,0.0631431532037596
1802,0.000745293394984,0.0002913880140389,0.1639577538345726,0.0057358829111846,0.1610702118385169,0.0042621312651415,0.001289068151859,0.0003877567083071,0.0537976569391118,0.0028534675129675
1803,0.0007404199043939,0.0002834888906791,0.362111829383446,0.0054633636404394,0.3594904127830333,0.0038274416433412,0.001793455936048,0.0003826674066879,0.1792472130351778,0.0040037364600951
1804,0.0007273798302888,0.0002862544292308,0.4305199875383445,0.0055093311195097,0.4281601219611353,0.0039763681163999,0.0017932024752065,0.0003870378411901,0.2100562668689271,0.0042752121710446
1805,0.4171714196811739,0.0547455942868539,0.0001508158829638,8.195198161271279e-06,0.2165726135085229,0.0039324948801832,4.847526822699531e-05,1.563909902719336e-05,0.000275489495361,7.432705117398819e-05
1806,0.5495715632422397,0.0338622960184915,4.452556486927385e-05,2.4817944404068213e-06,0.1330361771593939,0.0081206801712067,0.000112307772202,4.949577138471384e-05,0.0003287907061581,0.000143355602644
1807,0.0007305063813627,0.0002914672378642,0.3348562444021522,0.0054552144371257,0.3321479570166478,0.0038510473057788,0.0017518295556675,0.0003936127874015,0.1632358173466871,0.0038942764850713
1808,0.5301835225043935,0.0374900250913841,6.000999911096791e-05,3.258481874723567e-06,0.1432027165628458,0.004785178851582,0.0001129017415292,3.082926676282123e-05,0.0001738633884728,9.625057270260806e-05
1809,0.0007826280683373,0.0001767288527356,0.0281606026628831,0.0047314200810259,0.0171058360404957,0.0018645984329257,0.0008381141148049,0.0002184005325975,0.0073223573699773,0.0011073341394181
1810,0.0007746522658978,0.0002140405706184,0.0279508806532682,0.0051905718819006,0.0265717988947747,0.0023709169634563,0.000885698503937,0.0002697563865258,0.009675054576948,0.0012438006045385
1811,0.0008038259512447,0.0005143765691787,0.0824064516443373,0.021012354662106,0.0229302292100277,0.0055149067218786,0.0008848042806269,0.0005935764508639,0.0244424246995856,0.0043836466812454
1812,0.0008119223688157,0.0001482962142756,0.0280466812661415,0.0039467962318393,0.0120162998050383,0.0020758294824943,0.0006935781615386,0.0001843795406361,0.0075657321163185,0.0012710514684226
1813,0.0007322391596803,0.0002898625263323,0.3749012802290948,0.0054838632377303,0.3721305269114964,0.0038421763628689,0.0017655655022827,0.000391812753404,0.1839614233287901,0.004033698786351
1814,0.1879562111952664,0.0075703804643325,0.1837216591002319,0.0117570933500001,0.1987433098206318,0.0997618234576673,0.0139844167347708,0.0037452873565023,0.1673557220173837,0.0117284923858811
1815,0.0007474465095142,0.0002388874206164,0.0289420855648096,0.0048032831443026,0.0146963187831559,0.0020999650732991,0.0009134759689229,0.0003039733056249,0.007549941265193,0.0011149539979169
1816,0.0166733066734323,0.0019743236909779,0.1935190037089916,0.0527633900766805,0.0874639548262363,0.0331618989477644,0.017532266082966,0.0019328463450609,0.1168012492007058,0.0512715341205511
1817,0.0007845335001731,0.0001814340379094,0.029037872224503,0.0034803517598482,0.009942942207688,0.0020007327462454,0.0006831639267253,0.0002260123271381,0.0076287924332313,0.0011442053733024
1818,0.000758216579563,0.0002581205066654,0.0336531693805976,0.0053418048113185,0.0312409276466092,0.0029670098976107,0.0009284457464774,0.0003310237158768,0.0110336917407334,0.0013875576494852
1819,0.0007246269810852,0.0004720241683232,0.0276934935819925,0.0038801192738671,0.0130682687491616,0.0034317149587372,0.0007783889794021,0.0005472121146183,0.008214621423693,0.0020628686726445
1820,0.0007685119585282,0.000200018521495,0.0333330586176592,0.0056282187603542,0.0313505402165104,0.0027305598095778,0.0009081709637925,0.0002508762016125,0.0114421314280609,0.0014882565101551
1821,0.0007704689524611,0.0001667364492789,0.0289722886996944,0.0041495916747749,0.007970856586181,0.0012846962232813,0.0008227889082719,0.0002067645959024,0.0074608806251346,0.0008016813463569
1822,0.0007828553730899,0.0002373032931629,0.0286014870903827,0.0037181850233453,0.0134711400658693,0.0029627756906272,0.000762282210449,0.0002912479518185,0.0081937912988835,0.0019727161968299
1823,0.0008301294527508,0.0002848574586032,0.702222741008,0.0053575012695934,0.6985398404556498,0.0036119552495764,0.0023951481747805,0.0003887501134452,0.362177270742172,0.004330778647709
1824,0.4275363096466401,0.0523613880564061,0.0001546294288698,8.02098757089008e-06,0.2149192212553407,0.0039990999470255,5.109817860748845e-05,1.4433108637571128e-05,0.0002692604570689,7.341724906278973e-05
1825,0.0007935598536193,0.0001182603015787,0.0290091987759973,0.0037804435313187,0.0072425579821229,0.0010758895212651,0.000748291017818,0.0001455087783692,0.0075216581962511,0.0007816121774511
1826,0.4297369423773943,0.0580739419725623,0.0001548420288283,7.8594683031892e-06,0.2136284698381308,0.0030547452909133,5.101542506186173e-05,1.414943507425342e-05,0.0002548448492404,6.540599144276041e-05
1827,0.0007294277531589,0.0002684190855775,0.0587725523626644,0.0056401359429281,0.0561347801291422,0.003708308361364,0.0010687593671185,0.0003509752117079,0.0167088448058356,0.0018862109097044
1828,0.001285238136755,0.0008420788027189,0.0413865396961727,0.0074639730033758,0.0187939356631681,0.0052134681738683,0.001198287169689,0.0008846088279148,0.0128278923727725,0.0030724711644768
1829,0.0007273058246403,0.0002897604084509,0.4727532816103649,0.0053882519927031,0.46992498967536,0.0038172816114395,0.0019010890786041,0.0003922699636578,0.2390764280589462,0.0042707028819329
1830,0.0007311987968161,0.00028044665154,0.0761659325631067,0.005836983318369,0.0736544303723004,0.004149327146309,0.0010700576563838,0.0003683008619243,0.0204876440255415,0.0020013927046373
1831,0.0016220543348655,0.0002722419984671,4.412426565841694,0.0053984182263724,4.40354277953395,0.0033889578320284,0.004257404937941,0.0003733758931473,1.8217788343321044,0.0042962411590234
1832,0.001179348162894,0.0002824446220798,1.6248004821521136,0.0053196224945589,1.6201368907618994,0.0034742267941768,0.0032192875471915,0.0003889567907419,0.7702277390215175,0.0044079396787354
1833,0.0286796554120832,0.0026338683518452,0.2383256430513579,0.0746379423526705,0.102150835495025,0.03885010474787,0.0248512351115637,0.0021860709564267,0.1820827314829892,0.0721475719904912
1834,0.1400105652321868,0.0075650809513857,0.1532124944921636,0.0143261225310934,0.1492219577248748,0.073372014486587,0.0126106828345943,0.004286884520715,0.1300335359454456,0.0143021381612838
1835,0.4290909726250174,0.0506260794019479,0.0001367098059541,7.761582490254006e-06,0.2021820053648378,0.0034313165005358,5.608926088850767e-05,1.4221264663364788e-05,0.0002729629642163,7.757262283607604e-05
1836,0.0007727504502024,0.0001760354812646,0.0290918739479279,0.004011197328296,0.0124600439866485,0.0011699580591164,0.0008190861844961,0.0002187475422866,0.0076774801311726,0.0007042533911357
1837,0.4904109661788836,0.0420512087357817,8.126581677322277e-05,4.634349613116056e-06,0.1583203546191093,0.0038660254045084,0.000101869627951,1.787636924323267e-05,0.0002514770580491,8.670716483083932e-05
1838,0.0007446311226941,0.0002586682399613,0.0302088101013784,0.0053283602750591,0.0277127152372439,0.0028868296948171,0.0010248902426692,0.0003344360008199,0.0097031817839674,0.0016251353259664
1839,0.0007857596583502,9.59124954117591e-05,0.029149941456456,0.0040172894302403,0.0106596829112003,0.0015618294287182,0.0007706023878976,0.0001196061159925,0.0077144271731436,0.0009461188832183
1840,0.0007758497903079,0.0001521723304267,0.027262050960124,0.0033180676893516,0.0075878520703249,0.0016548971023207,0.0006821167808515,0.000190720046569,0.0073544794148937,0.0010991220046467
1841,0.0016218916676551,0.000278739430753,4.768068259854824,0.0053785802694574,4.759367975118442,0.0033915550482898,0.0042596474663864,0.0003836286436522,1.929248484201405,0.0042720973599256
1842,0.4725934394219306,0.0411390771415291,8.943753443787631e-05,5.374032739328638e-06,0.1638083586594069,0.0042925456297498,9.002923863054169e-05,1.5684690860906746e-05,0.0002388165953963,8.555220204571432e-05
1843,0.4930407039586232,0.0429105335188853,8.835017635029834e-05,4.745786871777215e-06,0.1613258933506556,0.0040732471294031,9.817596100731787e-05,1.7893191397957775e-05,0.0002287059625364,8.676374020340734e-05
1844,0.0007929695169257,0.0001219087784834,0.0273763803103309,0.0035503448721541,0.0052984635043242,0.0013431252193501,0.0007339903215522,0.0001530795346912,0.0073265409070207,0.000903569621757
1845,0.0007433848453814,0.0004726051461906,0.0236760878174156,0.0036026626997376,0.0136196216341942,0.003237267604047,0.0008098884475563,0.000544558985098,0.0062152389080431,0.0017856449471113
1846,0.0013845541869452,0.0002846190925384,2.7934704826873475,0.0052905172133625,2.785689294568112,0.0034273673657722,0.003697274350814,0.0003911450632059,1.2383053910240471,0.0043611521409884
1847,0.0014077934725773,0.0002775024070914,2.950805910707109,0.0053450704341897,2.9419486120201017,0.0034169364392176,0.0037534668804039,0.0003831021623716,1.2972685840345937,0.0043799941491806
1848,0.0007592470970946,0.0002739609844655,0.0366580640219444,0.0054095480790693,0.0341576088192861,0.0032407580847059,0.0010366258775676,0.0003565819878891,0.0106770569401577,0.0017312904345648
1849,0.001454561647078,0.0002813664806369,3.087536494035386,0.0053143391120604,3.077530288530433,0.0033978916630373,0.0038643201187739,0.0003861759139209,1.3470867877867017,0.004339470635975
1850,0.002957062058996,0.0024110293960442,0.2486982705282785,0.0922147591775217,0.1090429200083497,0.027435822414553,0.00261552614039,0.0017770000444986,0.1736552916171287,0.0378247475533742
1851,0.000752603408884,0.000205560497657,0.0267632452543429,0.0033496297665433,0.0083945621081319,0.0019347103274456,0.0006447304403032,0.0002515105165489,0.0069254198801523,0.0012432073901163
1852,0.0007938320295525,0.0001223799035235,0.0289309865121197,0.0034046183153753,0.0065877072594133,0.0014752856442838,0.0006632409275657,0.0001527797311677,0.0078370374939023,0.001150115110843
1853,0.0071780631687498,0.0013856490904201,0.276987347573529,0.0665951551141285,0.1348627556625593,0.0276926116304451,0.0099914897284667,0.0014029323633588,0.1808359381064005,0.0616215933985259
1854,0.0007720601727608,0.0001317266988938,0.0294122234201618,0.0036557968476961,0.0079856598787418,0.0016103559689277,0.0007223644550195,0.0001650542651276,0.0076369364593243,0.0009793963696279
1855,0.0007909580945144,0.0002211883191771,0.0280718549423409,0.0045520708453071,0.013071293660179,0.0016176056482808,0.000901514727773,0.0002787814276685,0.007346183379719,0.0009381188051613
1856,0.5237324535165483,0.0362694164482302,6.398696389314054e-05,3.448710348716999e-06,0.1436121555192589,0.0062531335735351,0.0001113421639239,3.031793655119265e-05,0.0002113764457625,0.0001062531296361
1857,0.398292193228499,0.0648165479807388,0.0002111904058012,1.049705473963952e-05,0.2560963295731006,0.0035408030045418,4.365044388890988e-05,1.3350217908683047e-05,0.0002489066450281,5.778116122346277e-05
1858,0.0007445971014099,0.0002715759551802,0.0717455078469968,0.0057545956792343,0.0690959032381901,0.0039673172637106,0.0011037679241072,0.0003559382235135,0.0206405331162213,0.0020872491328142
1859,0.0235292243993358,0.0024460051837123,0.2272551389565254,0.0562373195038502,0.1169533110522286,0.0299415020493062,0.0214990504255282,0.0025129948189171,0.1607119370450065,0.054317327269172
1860,0.0007448722866958,0.0002673399728456,0.0859919928991394,0.0059192412460076,0.0832458126504847,0.0040745026817293,0.0011126465401603,0.000349580397977,0.0233564023069263,0.0021315256126733
1861,0.5237719138771322,0.0345466106408318,6.046744235183646e-05,3.460706943173956e-06,0.1454889717076299,0.0056371382005037,0.0001138465005747,2.7827261036393865e-05,0.000210185832072,0.0001011379249686
1862,0.0011299109589556,0.0002843243899532,1.503536231427823,0.0053126155202086,1.4985239883806392,0.0034705431789133,0.0031122805961145,0.0003922985115445,0.7156670586712707,0.0043560770748813
1863,0.0007442580071159,0.0002516044612187,0.0556757057058843,0.005726249520626,0.0531938730501895,0.0035123809127405,0.0010470332265458,0.0003253792744624,0.0165164378364635,0.0018491377085569
1864,0.0016316740295072,0.0002790433071731,5.072917251931336,0.0053175825724593,5.063492855805028,0.0033835123924259,0.0042833785924613,0.0003829385745805,2.0294070084808737,0.0042691223646668
1865,0.0008055080593906,0.0002877325089591,0.742568301978375,0.0053857866456573,0.7388366754104673,0.0036369992568333,0.0023399744328117,0.000393148582405,0.3817556007048333,0.0044491656378641
1866,0.000791597436843,0.0002179859250153,0.0285503672618099,0.0043070153314345,0.013868980162082,0.0015772118412963,0.0007958017244906,0.0002730999131296,0.0075564649599763,0.0009923756369821
1867,0.0007882430350708,0.0001091722808827,0.0291157548503128,0.0039742566064435,0.0103081624682809,0.001478544588941,0.0007503372140803,0.0001342758904187,0.0076886615064515,0.0010071007507391
1868,0.0007619900104903,0.0002647589397308,0.0334817531324692,0.005369066247657,0.0309306610394447,0.0029953905275905,0.0009437348748505,0.0003405518240653,0.0111328332434251,0.0014460435124608
1869,0.0007442537185483,0.000281527099874,0.0792276741808211,0.0056385319785532,0.0764415208496674,0.003935422401386,0.0011371656848907,0.0003726533462965,0.0224572787733511,0.0022091661002497
1870,0.000759945581756,0.000216128189383,0.0271877523660593,0.0045553388359068,0.0131332211676899,0.0035477079393368,0.0004526830833373,0.0002653965971748,0.0075315781537577,0.0020350667016709
1871,0.0012585478656205,0.0002735063840858,2.20268585669343,0.005374487471689,2.197861669372232,0.003448124562217,0.0034035758804694,0.0003786154985744,1.0159309466849715,0.0044501225427732
1872,0.0026200391480461,0.0021407185343901,0.3265454964086969,0.0852614043036807,0.1170473761008553,0.0225232000105326,0.0023988375129863,0.0016838183179157,0.2014812856383802,0.0360633762598993
1873,0.4576970662273261,0.0467800232519617,0.0001072235677193,5.956464765041305e-06,0.166806829478126,0.0033557916140651,7.897668106011623e-05,1.4687492566249565e-05,0.0002259007599004,7.167938121948654e-05
1874,0.1118287404900729,0.0053110115981505,0.1972703998718944,0.0780476378152951,0.162018753701738,0.0780357621291455,0.0418487437073047,0.0052043251490517,0.1611529326003846,0.0773158355579537
1875,0.0007819040492486,0.0002101348488083,0.0283851173766141,0.0049317250372645,0.0186899310275939,0.0020876941509956,0.0008887787406595,0.0002644594024143,0.0076079744544088,0.0011423164158297
1876,0.0007606347496707,0.0002697197371163,0.0279273011592378,0.0051135566604013,0.0204847119974167,0.0026454286990099,0.0009638798050865,0.0003486295924465,0.0083446197828622,0.0013753219849791
1877,0.0010064146443413,0.0002832397228021,1.259080748774237,0.0053380095316073,1.254300496126291,0.0035307554351513,0.0028131769629082,0.0003888563805793,0.6248009305090978,0.0045606688584675
1878,0.001671451593981,0.0002793766690276,4.735704053763272,0.0053575408854579,4.725601808283868,0.003381319363961,0.0043805044251217,0.0003820474208805,1.9064382082675089,0.0042726650976664
1879,0.0007329840176909,0.0002876011151344,0.2939656386554544,0.005438042006757,0.2911918318203246,0.0038656229937113,0.0016695072235976,0.0003886876218202,0.1439323710920914,0.0037715466150693
1880,0.0007938116350772,0.000142279788718,0.0292410985144812,0.0034565897008144,0.0069205372745276,0.0019214022200477,0.0006084029900736,0.0001780897814387,0.0075340960369543,0.0014002262097407
1881,0.0007574901782039,0.0002995892577667,0.6524043322008043,0.0053834746734606,0.6491767638219288,0.0037054745792511,0.0022193666304997,0.000406181443084,0.3337523208394971,0.0044170169883868
1882,0.001561706392362,0.00075716888044,0.2670569592434227,0.1604435638626741,0.1094555441976535,0.0210270384543977,0.0039333160327236,0.0008422921812277,0.1203246577117874,0.0222085909487087
1883,0.0007482154694932,0.0003505726488377,0.0256514518708183,0.0037791809809039,0.0120143350028901,0.0031290365514387,0.0006428126048031,0.000414876142927,0.007279503574076,0.0017573315614875
1884,0.0007391995286077,0.0002764091681049,0.0958482459655825,0.0057703574347214,0.0930515452409414,0.0041423938223973,0.0011530309069055,0.0003644530743881,0.0279851234321066,0.0023042557383337
1885,0.3743272616446754,0.0068689612458018,0.1550842700662015,0.0175796795247788,0.1274756754361205,0.0584948522903745,0.0151326930148294,0.0043589585031675,0.1502026991658533,0.0175548041606157
1886,0.0007442830700723,0.0002930785110211,0.1822393840843209,0.0058169490876763,0.1795000675264635,0.0043882955171831,0.0013064386235622,0.0003890230157629,0.0636059072976192,0.0030342075336882
1887,0.001474922125852,0.0002885387174666,3.659987999934795,0.005316109051647,3.649700167020554,0.0034150594836279,0.0039110582536471,0.0003959973057685,1.5569727122164925,0.0043440370730023
1888,0.0007527888708007,0.000270795419747,0.0284587662224481,0.0051201032067735,0.0229976242969087,0.0026921341199357,0.000971267521456,0.0003500606775828,0.0082933268042773,0.0014031679119023
1889,0.0007425066978524,0.0002767853742346,0.0849969425327153,0.0058397815884674,0.0821687768701177,0.0041615890521058,0.0010924371162721,0.0003635740738187,0.0222688862701126,0.0020684432187942
1890,0.0037307763258009,0.0007134837995883,0.2469384842729035,0.1365140427931988,0.1023359449358926,0.0303972457837095,0.0073230561726677,0.0008436512566911,0.1919535393872408,0.0686395338808103
1891,0.0044845214415441,0.001000281723092,0.1677116345434662,0.1044336209748326,0.0629615716430935,0.029162364906297,0.0076217687277601,0.0011294803758174,0.1514816092971913,0.0795528005823495
1892,0.001604055343047,0.0011184955776492,0.346506940741777,0.1266621455807479,0.1097771372184235,0.0165895629282386,0.0015876894517039,0.0011009755562379,0.1146288901436275,0.0159433191582204
1893,0.000783654998821,0.0001645513457816,0.0267146455592542,0.0033062281276181,0.0080917206187706,0.0020067639785154,0.0006091853952795,0.0002049702056202,0.0071943002727958,0.0013352477875406
1894,0.182244583207401,0.0078361648457622,0.310424327697826,0.029094653337712,0.1502653406910991,0.0554245039818047,0.01649139204265,0.0052390597941409,0.2465742142933177,0.0290442785132153
1895,0.0007553717771048,0.000171521737881,0.0263071809396324,0.0033623080866359,0.0080772364405045,0.0020497822789486,0.0005901970950657,0.0002131807483516,0.007021184097313,0.0013871605094866
1896,0.0012908441122467,0.0008121208363216,0.1002390231968723,0.0290600580310683,0.0202668678588803,0.0059725383730499,0.0015287079476958,0.0008907097096751,0.0259036283446219,0.006809749033082
1897,0.000726131363234,0.0002885745135121,0.1497477122728824,0.0055967972971765,0.1467643390370945,0.004077323797626,0.0012864281250183,0.0003838778057661,0.0500175720110382,0.0027654696276878
1898,0.3923154562169662,0.007905649964895,0.2700755661640659,0.0256781386871529,0.1454782266544489,0.0647031058511332,0.0168798672406925,0.0051924294344151,0.1588249182726236,0.0256118980289405
1899,0.0178149717345321,0.0026597888726626,0.1763199227756991,0.0478316758357808,0.1035645513534597,0.0517302057855721,0.0160835057207482,0.0025870634076016,0.1670891301624633,0.0472224438094318
1900,0.5175061075792414,0.0386610922117805,6.895781371256639e-05,3.707356656585101e-06,0.1479067698781702,0.0068673822546249,0.0001180393367389,2.74414150591292e-05,0.0002634048239929,0.0001120557717277
1901,0.0007756152597625,0.0001781355131475,0.0276426605719797,0.0033454336944964,0.0082883564975008,0.0020595690618613,0.000606305476395,0.0002193038554483,0.0072081596112158,0.0014178342110523
1902,0.0007667417267511,0.0001994758114996,0.0286031093643399,0.0042810125847521,0.010092732970785,0.0013974663957636,0.0008268126093569,0.000250287019824,0.0074477799248996,0.0007588331009019
1903,0.0007658316081397,0.0002029638234447,0.0298297196546814,0.0051270339768639,0.0227646934740281,0.00215461134954,0.0008928224077068,0.0002550658446921,0.0088782992345351,0.0012425742809263
1904,0.4907783524995721,0.0426987287671617,9.098439126960489e-05,4.875120998140681e-06,0.1644695752451792,0.0044463962360761,9.867789953786682e-05,1.710852979656838e-05,0.0002507341261981,8.700653754859444e-05
1905,0.0007461987853828,0.0005879690640657,0.0267689442671475,0.0046410608616235,0.018794447096467,0.004396964399837,0.0009723918840977,0.000668510609541,0.0117564306955432,0.0025808591855278
1906,0.0010244837865159,0.0006687149192032,0.1152016538715799,0.0285989565549057,0.0251382937791345,0.0054724982881069,0.0010606521839405,0.0007430954869253,0.0301766147854683,0.0045785368623807
1907,0.0007389043936846,0.0002829351299327,0.0641147901634113,0.0056781071092148,0.0614965913728871,0.0038811421904261,0.0010535569317909,0.0003707042889661,0.0173757974933872,0.0018790570157023
1908,0.0012906382357553,0.0002891837298171,2.11814979050836,0.0052857150902895,2.113522679628564,0.003468071337742,0.003476038115257,0.000397060859466,0.9705935305909524,0.0044686704464881
1909,0.0016648529930056,0.0002773601665097,4.92562284858373,0.0053572554184212,4.916416744093062,0.0033811294313169,0.004364519762414,0.0003799334295709,1.9921377994936929,0.0042505657912161
1910,0.5144232959373357,0.0407558093960339,7.086863845630291e-05,3.8126295949131648e-06,0.149351714114009,0.0045292237383164,0.0001145664288232,2.292592287763053e-05,0.0002479171677452,9.342741856770666e-05
1911,0.0007476672241218,0.000270219128027,0.0434551478874485,0.0056761909895174,0.0412021217724113,0.0033693265605819,0.0010202344774644,0.0003493176337491,0.0135568322101613,0.0017201121041325
1912,0.0007801241459956,0.0002255675349372,0.0376339714045843,0.0056309859239696,0.0352573578475386,0.0027940080016497,0.0009397972014669,0.0002852054140864,0.0124853367555393,0.0015538808152705
1913,0.0018128537483827,0.0002781107847856,5.546053711433503,0.0054373491624089,5.5312359985102,0.0034088718061236,0.0047173801726424,0.0003802039486209,2.1929937223599825,0.0043317707899781
1914,0.0183368242365521,0.0019050228475288,0.1763740417487161,0.0555466876668507,0.0845317908983711,0.0336214122727635,0.0196015033799074,0.0019949176718434,0.1318811038241054,0.0536193820134659
1915,0.0007698758468529,0.0001282793713432,0.0293159615196369,0.0041776502242642,0.0120645821997174,0.0015656052594035,0.0007709453169927,0.0001576255503367,0.0074276652434775,0.000930875979687
1916,0.4147765401777131,0.0620895598981476,0.0001748103180467,8.854781569736646e-06,0.2332308444314805,0.0032127892332058,4.295570538521254e-05,1.5178289622339636e-05,0.0002615679113988,6.455798306311141e-05
1917,0.000752128779947,0.0002715506724322,0.0326977033888557,0.0053029426698656,0.0302613864022365,0.0029685591806136,0.0010182848831401,0.0003517174918298,0.0097609957273963,0.0016185768679047
1918,0.000779598345631,0.0001483156445113,0.0285681339439657,0.004301026579143,0.0116402172365163,0.001690954429194,0.0008207520144451,0.0001812569378782,0.0075413147001018,0.0009806249846975
1919,0.0012031948007716,0.0002965974586582,1.6365175174352165,0.0053138435129088,1.6319913392020773,0.0034659967028064,0.0032790068565888,0.0004068455586124,0.7705274046385728,0.0043375223699068
1920,0.0007626921731909,0.0002663440608725,0.036002000287188,0.0054804149386778,0.0335229882976484,0.0031699928877289,0.0010409422361658,0.0003447293530226,0.0112917745989722,0.0017550868643169
1921,0.0017843352274045,0.0002775852872865,3.944689074765544,0.0054794639718391,3.925944452094052,0.0035176262127229,0.0046221630039641,0.0003757117540843,1.6566904464625942,0.0046175333432288
1922,0.4384127466560972,0.0500979694327676,0.0001227844338021,6.827513850868913e-06,0.1788880280307115,0.0039248334111617,6.461917248110957e-05,1.657730460174271e-05,0.0002606250229823,7.880910417173124e-05
1923,0.0007478848989522,0.0002819113720728,0.0761298428585459,0.0056642320581331,0.0733893025497301,0.0039010667519684,0.0010960779793241,0.0003706455794516,0.0199658610580611,0.0020375858629186
1924,0.0007431430646218,0.0002650583617813,0.042184556161413,0.0054096095202027,0.0394999391666031,0.0031581233024306,0.0010496907624727,0.0003447115940694,0.0118075087782444,0.0017269084696162
1925,0.0007589556572783,0.0002405120677457,0.0289052561648733,0.0052838938810526,0.0269808510606745,0.0026972447777441,0.0009324098865727,0.0003063682058446,0.00933319208946,0.0013729910394825
1926,0.0007470452176976,0.0002769318807955,0.083143187981147,0.0058821571124279,0.08032813848316,0.0040276465494729,0.0011254463786332,0.0003619784637432,0.0235665012917133,0.0021887476857731
1927,0.2920770832953716,0.0073386827731139,0.219582956969621,0.0284233402298098,0.121250380306905,0.0626949850195027,0.0154799834192108,0.0054607957061958,0.1461863253396351,0.0283619273105598
1928,0.0007825247042451,0.0001135496468299,0.0293205748460403,0.0039989990246484,0.0075503610928261,0.001214598090913,0.0007959562839384,0.0001386172580311,0.0075582728035943,0.000814862537022
1929,0.0007302278294854,0.0002833507883283,0.3457940342607476,0.0054591328800807,0.3430140745269735,0.0038275767020328,0.0017391055365127,0.000383116129588,0.1669404904034356,0.0038881930396596
1930,0.0007486038943884,0.0002539819646265,0.0326076593124766,0.0054948206374649,0.0300793025379925,0.0029373960173216,0.0009433796372322,0.0003250729739351,0.0109947806598415,0.0015225637919622
1931,0.000768173204947,0.0002010568947843,0.0290723148375141,0.0045533689435745,0.0135034693550746,0.001820702163122,0.0008503627825413,0.0002514320825727,0.0075932243010407,0.0009542503022487
1932,0.0013280424763798,0.0002784255935317,2.522773666751596,0.0053278310210625,2.5179754277515918,0.0034333291127252,0.003566131135996,0.0003841260007337,1.1295496698869405,0.0044079267771695
1933,0.0010785103151448,0.0006756458059863,0.0422698875648327,0.0098193562146253,0.0173494174055276,0.0053949472876836,0.00178479176472,0.0007522032352007,0.0134508872918729,0.0033082296002237
1934,0.068668600382267,0.0054736009758272,0.2605472832572818,0.037890363312052,0.0976153018144797,0.043910621513354,0.0193839057590848,0.0043917058302729,0.1569290630086382,0.0376319188631954
1935,0.4695840467434977,0.0439743485091938,9.499722504932668e-05,5.3720505327518674e-06,0.1649012670765818,0.0038428237601732,8.63618147937676e-05,1.5292775723206466e-05,0.0002262552336664,8.116014012367459e-05
1936,0.478235868507209,0.0434451390862523,8.935265704718652e-05,5.175928757758487e-06,0.1599967575011033,0.0040291921899082,9.184112850809885e-05,2.127184967151205e-05,0.0001823207494139,7.317311547944922e-05
1937,0.0007540055729791,0.0002874457578911,0.0799854027698478,0.0055818374140602,0.0770808340166334,0.0038221674729381,0.0011589813974497,0.0003784137761754,0.0225659013219106,0.0022178802919763
1938,0.0084250488163274,0.0014179263648972,0.1522807785180411,0.0613974297939449,0.0661763561095851,0.0221443517334376,0.0113372015036483,0.0014835311624769,0.124805513274881,0.0568899626436479
1939,0.4339822982078771,0.0573259529068542,0.0001473639928645,7.510845755483694e-06,0.201701191069274,0.0032079036544366,5.5658305044919806e-05,1.4803783001615518e-05,0.0002453348553269,6.376693874067802e-05
1940,0.5067518696384907,0.0417609370685518,7.633738866641457e-05,4.079498412592804e-06,0.1535189776007562,0.0048604702389473,0.0001110652720222,2.240720684717772e-05,0.0002600290183904,9.774706319177002e-05
1941,0.0007355139442808,0.0002826864758255,0.1887232055487701,0.005531016918241,0.1857352309665104,0.0039479702246172,0.0013861625099621,0.0003799931863918,0.075490563858514,0.0031235654864774
1942,0.0011229016185855,0.0007021282447917,0.1124829851750488,0.0255183664028001,0.0254145871894375,0.0050775595592239,0.0010786521842775,0.0007739009083357,0.0283338006920643,0.0045481361843832
1943,0.0007752209774459,0.0002252638398792,0.0288953472057454,0.0048848777663824,0.0186113117537955,0.0021354558310399,0.0008942594345396,0.0002855737937492,0.0078063123114892,0.0011411909492832
1944,0.0011033297012757,0.0007002935856074,0.0680544744423467,0.0215758167801652,0.0231469073138192,0.0059563688491109,0.0011121168028438,0.0007796901886437,0.023984883250154,0.0048362341728584
1945,0.0007421538079562,0.0002918211176076,0.1870579258399936,0.0056394322316291,0.1841356271466655,0.0041697423454934,0.0013295189916585,0.0003893390545673,0.0660266738723379,0.0030221906281399
1946,0.0010779090284324,0.0002813623340792,1.2715507403880482,0.0053510079587672,1.2668346911334862,0.0034969662449861,0.0029834463503267,0.0003877337509904,0.6205236734818219,0.004450698286755
1947,0.0007486794051284,0.0002699131086939,0.0590958109752556,0.0056335235263177,0.0562085518479103,0.0035202754096687,0.001074726669197,0.0003515949596868,0.0163957150283467,0.0018688472006948
1948,0.1089669636964081,0.0305560329395538,0.0002623104622971,6.607920485640997e-05,0.3420803096616534,0.0092498895407829,2.9976942495057634e-05,8.049481474228447e-06,0.0002613196332135,7.247658276783624e-05
1949,0.0019350493250382,0.0002779792985781,5.801377942509528,0.0054838092612503,5.769092643011715,0.0035184407839735,0.004989372511282,0.0003766719849824,2.305167546180405,0.0046612078068096
1950,0.0296689583116769,0.0026266129469286,0.200532619178113,0.0934896629892545,0.1017838285883451,0.0394375617802963,0.028806466202867,0.0025053561844688,0.1952305025770423,0.089615669597422
1951,0.0007472113510172,0.0004643404697125,0.0264947247730051,0.0035472432496598,0.0138261760461879,0.0028724489783371,0.000800283845596,0.0005378999142639,0.0068141129183508,0.0015013457047515
1952,0.4611252620030979,0.0465141792081807,0.0001049800395581,5.785565395886573e-06,0.1666973706711888,0.0036185387045045,7.620882292830655e-05,1.6944610809176966e-05,0.0002305399610956,7.635044616262438e-05
1953,0.000720922865463,0.0002887592259679,0.3886997666668531,0.0054113834456485,0.3859720538088363,0.0038329662766484,0.0018355594729787,0.0003912677691747,0.1961659556374341,0.0040748389746263
1954,0.0010982326984394,0.000284255959201,1.436750922328705,0.005330115251829,1.4316726758482925,0.0034866097558015,0.0030339983739252,0.0003907269615043,0.6939895971897059,0.0044899931324044
1955,0.0014006042017296,0.0002831018425294,2.8677173886696723,0.0053167419424524,2.8593798736487126,0.0034147445849849,0.0037402645240011,0.0003897242086925,1.25914595449329,0.00433848698754
1956,0.0007685991092518,0.0002093628564548,0.0290676556557348,0.0047219629486037,0.014283279935021,0.0018774534887583,0.0008803856433443,0.0002631232851332,0.0075716341189477,0.0010572425917363
1957,0.4475422908556595,0.0515504035289128,0.0001275487880491,6.609050698016004e-06,0.1784324198345555,0.0034851885504762,6.73209050375562e-05,1.5197256844010994e-05,0.000246668548834,7.168983264083615e-05
1958,0.0007531498534172,0.000391787266933,0.0282141973028322,0.0045169354264565,0.0118688661135413,0.0032171554845483,0.0012399429452606,0.0004596328759378,0.0073277194743294,0.0020640125690762
1959,0.0282459598261547,0.0029812456660876,0.1835155602408276,0.0501073169118564,0.084939881214834,0.0392636030569352,0.0201394440995904,0.0026472552962477,0.1030641826362379,0.0491282296058142
1960,0.1099525981745566,0.015304354348099,0.0001949033803769,4.380137039460222e-05,0.276711503295341,0.0067918884411792,1.896488232015117e-05,6.363606871336113e-06,0.0002353575995218,9.746786429209297e-05
1961,0.0016160582566969,0.0002755195919297,4.1130636854181,0.0054015643235168,4.104842672731061,0.0033886817601539,0.0042430674241794,0.0003769556136706,1.7146139761612331,0.0042775158860164
1962,0.0007730109116373,0.000237404984501,0.029246105048606,0.005205870392387,0.0262759569510292,0.0024088753733991,0.0009068043067966,0.0003012317415534,0.01027940483522,0.0013049225935081
1963,0.0007367227334975,0.0002792153045489,0.0576412879658171,0.0055726409006155,0.0549715150545561,0.0037673598594914,0.001057182660389,0.0003664779443782,0.0161695081121118,0.0018764426372965
1964,0.0010544906331439,0.0002928953138096,1.2305652698481533,0.0053045675635501,1.225753149285016,0.0035120947684843,0.0029313547896759,0.0004019433877749,0.5981562632626986,0.0044287253721059
1965,0.4937440140094093,0.0409682045214748,8.909990208525599e-05,4.845146340886431e-06,0.1625840057885245,0.0050793654999821,9.238144840702352e-05,2.600366593037793e-05,0.0001682817296715,8.310444893955515e-05
1966,0.0007820338133088,0.000184260480684,0.0278559471663786,0.0044053899628555,0.0127113157757051,0.0016303640053336,0.0008652689259791,0.000227216490379,0.0072045485305221,0.0009493556272833
1967,0.0012230996117052,0.0002860424180172,1.885335823463394,0.0052876042790231,1.8807588202604284,0.003450413219882,0.0033220913597711,0.0003921634794251,0.8904922721067009,0.0044025116575173
1968,0.0007955030432827,0.0001066134338284,0.0276841390568938,0.003731993841713,0.0088476864193705,0.0014721483213084,0.0007029798593279,0.0001315675726246,0.0071690819793702,0.0011034787935049
1969,0.0007378248844457,0.0002684240933808,0.0372840781142032,0.005342423052357,0.0351604098305924,0.0031907201202141,0.0009950157961405,0.000348102142565,0.0108526550776053,0.0015754289170368
1970,0.0007461629944403,0.0002629549328185,0.0522375206609451,0.0056546717188575,0.0500518802699372,0.0034948566257969,0.0010152070786896,0.0003403741151123,0.0146417556672315,0.0017206165380594
1971,0.4469552662972871,0.0522786427208254,0.0001299224076248,6.628191516428824e-06,0.1832964799228105,0.0031458681553256,6.552538465854337e-05,1.397371189646694e-05,0.0002636734107688,7.682154684643902e-05
1972,0.001479767470442,0.000275547900699,3.2852426172925204,0.0053258696725733,3.276027668376149,0.0033884389196351,0.003925831530081,0.0003793077114143,1.4130850425708514,0.004276206213219
1973,0.0014502113169941,0.0002784614905003,3.0510385586360647,0.0053085027333975,3.0422798835151945,0.0033924447155323,0.003854731134399,0.0003823933544715,1.3228641403502548,0.0042897398357464
1974,0.0007738386164473,0.0002230640523262,0.0280416346938946,0.0037962502363273,0.0145194124166651,0.0032435977311359,0.0004405670388297,0.0002750484274962,0.0078897298325664,0.0020322712522197
1975,0.0007271599989064,0.0002885864816097,0.5992884314049577,0.005411443001827,0.596552168708275,0.0037746917627288,0.0021071192394874,0.0003918279739496,0.3112917331628481,0.0045012170459699
1976,0.0007782485204385,0.0001755708717149,0.0272238917979297,0.00344607942307,0.0110785126047498,0.0024772894497553,0.0005594092940671,0.0002185782156677,0.007389150772746,0.001652422890473
1977,0.000730545024391,0.0002950778257386,0.182759026758742,0.0057295410929688,0.1799571136820657,0.0043295089344804,0.0013142146120296,0.0003923703619262,0.0636722162337041,0.0030104466861051
1978,0.0007377978739082,0.000294425298039,0.0912689149187907,0.0056537793028464,0.0883332577349956,0.0040101503266291,0.0011504385198207,0.0003898490461956,0.02546469324007,0.0022622827974877
1979,0.0007784440152458,0.0002321206892047,0.0287254954734761,0.0046160028288959,0.012415436458373,0.0018067880875844,0.0008942265425677,0.0002933238912385,0.0076495421890919,0.0010047807479514
1980,0.0007409133924336,0.0002765186463162,0.0627804498816942,0.0058654847667298,0.0602547130216855,0.0038144966150606,0.0010591303911184,0.0003597621261231,0.0181569817684373,0.0019466849280743
1981,0.0007600603615528,0.0002494732461684,0.0288508764925238,0.0051910441124398,0.0264085822640436,0.002556329393094,0.0009287854598774,0.0003181410492965,0.0097920426533288,0.0013001459735625
1982,0.001042950495089,0.0006057223426548,0.0350221788060525,0.0078817181280444,0.0137225645477436,0.0044579383681547,0.0009409601390608,0.0006771778207515,0.0118020410958203,0.0028343088618849
1983,0.0008003386905538,0.0001607521108436,0.0278867509731461,0.0034580856247782,0.0077755008134972,0.002077198587112,0.0006166965519641,0.0002011862462537,0.0073674451823628,0.0014360246278093
1984,0.0007532723704946,0.0002793315467924,0.0283011680980169,0.0035252531581434,0.0125699698991279,0.0027269798188256,0.000604938440602,0.0003378883482804,0.0074915856713126,0.0016331797620254
1985,0.0007990641501823,0.0001216579629129,0.0290551551476801,0.0035967856768287,0.0059197760956944,0.0013831384766345,0.000702990821611,0.0001516425456379,0.0076038266935436,0.0009730154747392
1986,0.0007436656415038,0.0002766525074578,0.0898470043382981,0.0057799118979375,0.0870067586037884,0.0040303542564757,0.001130938242803,0.0003644344498492,0.0239426795652472,0.0021900356887177
1987,0.4730027698259662,0.0437243907842377,9.20970164865502e-05,5.312736617842481e-06,0.1638491228805937,0.0036049805993589,8.95749119837276e-05,1.6430972236367233e-05,0.0002183478204605,7.518521152981773e-05
1988,0.4995438103528494,0.0431239019304494,8.316497244752453e-05,4.420794711962551e-06,0.1586088015256323,0.005139225109385,0.000106321505076,2.211824692813869e-05,0.0002205721061334,9.60321935632264e-05
1989,0.0007351421316131,0.0002823434351907,0.2825716604746683,0.0055501865430103,0.2798324395439786,0.0040194653761054,0.0015458857596921,0.0003806034435725,0.1254861788182587,0.0036827187391102
1990,0.000742601887859,0.0002937315912723,0.2028346896082736,0.0056878669380618,0.2002141175467922,0.004150344338499,0.0014134363244857,0.0003918003294203,0.0815949285576856,0.003273617833504
1991,0.0009129761028364,0.0002786614912542,0.9375944548081452,0.0053142271806812,0.9332638933640643,0.003565213859005,0.0025943305429265,0.0003828194486564,0.4820789222095561,0.0044531101939679
1992,0.0014755862911817,0.0002744732847501,3.426011498440694,0.005339238304998,3.41737076169191,0.0033976523702396,0.0039121584869472,0.0003785167701399,1.4659356030837385,0.0042795839730269
1993,0.0007470810937425,0.0002733567155749,0.029063941585542,0.0051527730809983,0.0264730157745151,0.0028142306911011,0.0009563803687192,0.0003536049202646,0.0091950278171405,0.0013848907318016
1994,0.0007592351227176,0.0002589118300966,0.036236344799003,0.005366811575934,0.0341897127456017,0.0029952715445044,0.000986699423645,0.0003340024556704,0.0108504357510366,0.0015232790364596
1995,0.0008073083040181,0.0001062119274833,0.0262639525967287,0.0041002077928278,0.0103001070319262,0.0016266886114491,0.0008009031378501,0.0001318637688018,0.0069166689553864,0.0009815042730274
1996,0.000772376865974,0.0002427100241192,0.027858455599843,0.0052457938619575,0.0242855818038538,0.002540072960156,0.0009224444771982,0.0003074314619791,0.0092931040760692,0.0013466561009522
1997,0.0007968706909022,0.0001558611417607,0.0290479371848463,0.0035648784207419,0.0108024610588837,0.0022097402103783,0.0006070983560531,0.0001958506985741,0.0077020777302581,0.0015530495573473
1998,0.0012842209292661,0.0008972487854988,0.3475635144743552,0.1143734904561038,0.1388510519598285,0.0241334992494794,0.0014246353020783,0.0009726244130078,0.122664439595257,0.0170772144001122
1999,0.1355799478247055,0.0081072316715837,0.1830190244706826,0.0151577559386512,0.1605260240474755,0.0777531690719463,0.0164655700314996,0.0045017560407163,0.1474832029469368,0.0151278029598888
2000,0.000812073177584,0.0002878087797457,0.6466035623938188,0.005347237615899,0.6427559650287922,0.0035896084816195,0.0023581500290532,0.0003929512627922,0.3334274558675489,0.0042526405350229
2001,0.4908645857112923,0.0440244002032128,8.999569019575128e-05,4.742305394042789e-06,0.161147548488625,0.0040317675070963,0.0001007115927755,1.8164110432030512e-05,0.0002338722906115,8.150849097035474e-05
2002,0.0007444445591052,0.0002921809949795,0.24786140641691,0.005495920068787,0.2449447939708032,0.0039398069725267,0.0015115051130004,0.000392510057823,0.1063891182050285,0.0034574464312666
2003,0.0007384269246574,0.0002853407488993,0.3827621561540996,0.0053859081862658,0.37970579009531,0.0037129736034291,0.0019064428940413,0.0003873652882699,0.1982044165752288,0.0039933809719609
2004,0.4870154763575963,0.047094607632354,9.27776246841616e-05,4.9515372957802455e-06,0.1621840262878781,0.0034203314496899,9.767424899015956e-05,1.8601059993342342e-05,0.0002201090225588,7.659573397369997e-05
2005,0.0017367763747915,0.0008849221364083,0.1183158185370829,0.0701235055673866,0.0395552614408627,0.0134092075158253,0.0036011897000991,0.0009448568781019,0.0789093190521858,0.0245163559287099
2006,0.0007388416570571,0.0002849618103775,0.1130671467969516,0.005772250478329,0.1102045527034862,0.0042066620826483,0.0012036899124693,0.0003756942479697,0.0341774956712007,0.0024848027284051
2007,0.0007288613685495,0.0002797572532842,0.3880538121610049,0.0055551633099037,0.3854532506161218,0.0039446965315343,0.0017289399937891,0.0003788744206177,0.1866052417927672,0.004089941315462
2008,0.0087595046622425,0.0015736207322758,0.1948795467725131,0.0886162577057816,0.1007551109828313,0.0371035502123774,0.0115043218181571,0.0014792411968318,0.1800008931155986,0.0842000218288312
2009,0.0007378529351124,0.0002900036619552,0.1407565697063506,0.0058543718690302,0.1378987510465493,0.0044248843016919,0.0011911426911486,0.0003854466878713,0.0408318223754792,0.0025779098589423
2010,0.0007080004549386,0.0004052559461137,0.0250772648129351,0.0049811133968262,0.0127984561871942,0.004194247077269,0.0006832693778088,0.0004740855739598,0.0082097166671614,0.002414349844356
2011,0.0007731219228998,0.0003042268291283,0.0254968002628546,0.0034182263974585,0.0120610042354812,0.0026755094688382,0.0005779776334845,0.0003650548333987,0.006829795942131,0.0016422028588401
2012,0.0007829682227004,0.0002001907470931,0.0291957637521385,0.0048018522487018,0.0188131067315545,0.0018344393448894,0.0008860800051149,0.0002503857771458,0.0077876787486218,0.001086259435783
2013,0.0007262445630117,0.0002839675948939,0.5096997050196156,0.0054339041970894,0.5071025518641192,0.003816420722205,0.001992714757984,0.0003849876649076,0.2625952197087869,0.0043627827926329
2014,0.0007394608467509,0.0002867952332905,0.1918110896168963,0.0055650992866072,0.1887818749392918,0.0039823115488822,0.0013734486651507,0.0003837942868019,0.0714330406570612,0.0030694169747062
2015,0.0013959514797232,0.0002669008983607,2.728776764151091,0.0053395343994669,2.721930704812027,0.0033864700535244,0.0037307433918979,0.0003688909534151,1.2100009384235986,0.0042665346820737
2016,0.5412751274173131,0.0345949576374012,5.031900372339668e-05,2.814995741739147e-06,0.1354262464695704,0.0067607775584759,9.850128786919431e-05,3.9892181336631736e-05,0.0002507336134337,0.0001247567435365
2017,0.0007655898735535,0.0002077707389102,0.0294811220234429,0.0053865995599626,0.0262557374471311,0.0025331495471712,0.0009045355756995,0.0002611521005305,0.0096704380060289,0.0013890527287318
2018,0.0007306527397706,0.0002834117369909,0.0258863835089649,0.0034915090939743,0.0101596773349271,0.002603476189953,0.0005951254572976,0.0003398844153773,0.0066743123244715,0.0016603458360754
2019,0.0016435012669657,0.0002721197924001,4.794477039610696,0.0053894417317754,4.783849967628608,0.0033768326079078,0.004315605501354,0.0003739969810184,1.9350707609054871,0.0042902044846698
2020,0.0013072415493525,0.0008297145282531,0.1429481904945594,0.0420408383529424,0.0377505611099579,0.0074853579867196,0.0012180771275324,0.0008948602269608,0.0372303543051237,0.0057398238825947
2021,0.4186109788314589,0.0537636097300644,0.0001680328285702,8.448592754221286e-06,0.2274015714275126,0.0032740667641803,4.645506350561718e-05,1.2303677152321976e-05,0.0002951540419663,7.772240862235877e-05
2022,0.0007533499993836,0.0002814102660074,0.0554637169294217,0.0055133579296583,0.0525335344315459,0.003411143632866,0.0010913985304871,0.0003673117766438,0.0151702627270014,0.0018939894071572
2023,0.0013534191786412,0.0002845387719789,2.5097114931776114,0.0053083840048409,2.50337930088918,0.0034408240410149,0.0036265814755254,0.0003919634248944,1.129975945085804,0.0043985052676474
2024,0.0015480853938856,0.0002743321415871,3.943799927190408,0.0053550341330113,3.934047125125745,0.0033795975765856,0.0040869193001741,0.0003774140531199,1.6456552328085687,0.0042943109422417
2025,0.0007300587038815,0.000292963817787,0.3228490758579556,0.0055081888594609,0.3201492786317782,0.0039707796186274,0.0016449585935453,0.0003953365650619,0.1524258618661406,0.0038762487754303
2026,0.0015592345096006,0.0002769577343344,3.5216710763992314,0.0053857679934538,3.512564020320727,0.0033797542609303,0.0041155591086617,0.0003797506062182,1.5061963477923423,0.004277551589542
2027,0.0007367355126064,0.0002822999852314,0.5661479967776154,0.0054495908140101,0.5636427115788738,0.0038285658952775,0.0020284973402006,0.0003831043163042,0.2907019906531708,0.0045479127515563
2028,0.0007914714163694,0.0002349398552548,0.0319466486867583,0.0053644009905598,0.0290819492550263,0.0024163819326698,0.000934176986068,0.0002967458170641,0.011020292978962,0.0014185698943412
2029,0.0007975501125162,0.0001552867591469,0.0279465116478123,0.0033832914483736,0.0103360329551066,0.0022417335534552,0.0006007979431432,0.0001938124605545,0.0075807290135,0.0015627558766128
2030,0.3961511220441006,0.0504784235276126,0.0001799171014035,1.0060902698602764e-05,0.2461576260700301,0.0052666272721496,6.302584623938296e-05,1.85923206909438e-05,0.0002899415818664,8.683056078732538e-05
2031,0.0007948061197365,0.0001589304265886,0.0266840268458395,0.0038725307907206,0.0101314563277612,0.0015334614263468,0.0007425099244409,0.0001956249159941,0.0070692436689131,0.00105086609418
2032,0.0007648272938742,0.0002674766889991,0.0432426907517767,0.0055622481906573,0.0408127098003425,0.0032825637018324,0.0010407622957009,0.0003459764700492,0.0130605813293139,0.001789060988462
2033,0.000745630450897,0.0002884233130231,0.1288219034061008,0.0055682058912781,0.1257511043949953,0.0038745987441593,0.0012984686078288,0.0003858286969388,0.04542247057392,0.0027271467913469
2034,0.0007998908774913,0.0002095299771387,0.0279893119357984,0.0040072273289961,0.0110310718537958,0.002959916840554,0.0005836169017301,0.0002570350149558,0.0074120474518864,0.00188790454182
2035,0.004057235322778,0.001036833214116,0.3381127208022962,0.1908412364327579,0.1723553776212976,0.0458233752218623,0.0076475683210745,0.0011175739371927,0.2651257120680124,0.0924689675090193
2036,0.000744954906963,0.0002585262795288,0.0412684342284133,0.005564762389639,0.0391749215686173,0.0032981712747407,0.0009963407052209,0.0003345286807938,0.0121636593356111,0.0016436082648338
2037,0.0007431545883234,0.0002685296109993,0.0373056303296825,0.0053512547414874,0.0348168040046405,0.0031312764256992,0.0010170307840562,0.0003500368902594,0.0106423516538259,0.0016155601295459
2038,0.000744109432529,0.0002745984736575,0.0737117421679489,0.0056246627709149,0.0708808243221375,0.0038705748480945,0.0011172519613762,0.0003627191613602,0.0209250121224234,0.002112188103658
2039,0.0015833908300224,0.0002780503494514,4.119378753889484,0.0054138858643447,4.110041855701452,0.0033840609871287,0.0041741220059514,0.0003825055281565,1.717668930967727,0.0042854122254625
2040,0.5452384015796187,0.0352126255576928,4.767519943068168e-05,2.6352162679188287e-06,0.1342785217458409,0.0067245997357073,0.0001012356106774,4.098769764737027e-05,0.0002898647640414,0.0001277577642467
2041,0.0007431934711309,0.0002899848687053,0.1723874978530819,0.005841817719921,0.1695764230694597,0.0044372770999934,0.0012720794910701,0.0003855344136738,0.0555291043200896,0.0028851857200751
2042,0.5011601613704068,0.0368227903075212,6.861585832372197e-05,4.174816861990728e-06,0.1495658399967844,0.005579788645733,0.0001068084574485,2.518843132607559e-05,0.0002009429572319,9.6716629689509e-05
2043,0.0007854049137818,0.0001509170098789,0.0275356851965657,0.0038634317543818,0.011949955129734,0.0023549162005746,0.000638671868719,0.0001886234160317,0.0072897147811774,0.0015625732011673
2044,0.0007816941066672,0.0003033466222548,0.0247846552355884,0.0032901406877239,0.011193608287134,0.0026697746861909,0.0006887343547225,0.0003645667695689,0.0065171070172034,0.0016033733693377
2045,0.0015606040318799,0.0002749515115452,3.678953513303571,0.0053222347320222,3.669477714718916,0.0033743500782302,0.0041203937509172,0.0003775501175806,1.5649798314775645,0.0042691040552777
2046,0.0025576463068213,0.0008733288876895,0.2409624251448101,0.1237060303644748,0.1011543619911924,0.0212833305571243,0.0052016531721799,0.0009749357103681,0.158489684243062,0.0418751564892535
2047,0.0615723284556612,0.0044775598464699,0.1801997726746623,0.0309454829155571,0.0977807086746642,0.0453862303317503,0.0167719863295094,0.0035958779550566,0.1000754469808051,0.0306921083789931
2048,0.0008902844087025,0.00029178488273,0.9150385509518936,0.0053339892990289,0.910860100705703,0.003586777974301,0.0025394923495119,0.0003985603366399,0.4728498517870166,0.004504086415034
2049,0.0007745316027404,0.000222828357677,0.0290147585087029,0.0051251551444429,0.0224741558783731,0.0022278837828592,0.000918146636356,0.000280975363238,0.0087936567453933,0.0012882564122353
2050,0.0007386333530855,0.0003484559628218,0.0275908038798246,0.0035388025751567,0.0098965711667999,0.0025274640453121,0.0005776377250478,0.000410975880947,0.0070956797823547,0.0014844420947789
2051,0.0007381494366149,0.0002846946980167,0.4042372261026431,0.0054164599344083,0.4012226969979858,0.0037201703969491,0.0019259405701763,0.0003865935442324,0.2115217754744703,0.0040619920353164
2052,0.0007404641966578,0.0002899115805238,0.084565060845031,0.0056508335252136,0.0818313121465016,0.0040750962740557,0.0011306745015565,0.0003831672018642,0.0238011329209073,0.0022163251647699
2053,0.0007679410861663,0.0002042014744463,0.0292568870282063,0.0045885031370553,0.0143658415868871,0.0018403468589929,0.0008578996452935,0.0002551273987471,0.0076313883585114,0.0010009040766138
2054,0.0070091160280165,0.0016014816277512,0.2429193091749025,0.0483207098310841,0.1114733470511253,0.0324356546306608,0.0083209460471108,0.0014883556513184,0.1546311082776153,0.0460775792914341
2055,0.5039053483994497,0.0406945689837912,7.991049559724847e-05,4.319654763795169e-06,0.1573216517219889,0.0046975426787769,0.0001053517105765,2.089158890750141e-05,0.0002213452755254,8.738528246222625e-05
2056,0.0007559479945577,0.0002989284961569,0.0278616377226223,0.0033516661534598,0.0118907011255284,0.0024982531027439,0.0006025106528234,0.0003582615824707,0.0071201142423292,0.0014719565022743
2057,0.0007708622448837,0.000187168018925,0.029060166735864,0.0049124151817458,0.0202208635908175,0.0020537807537173,0.0008696072234366,0.0002330711573038,0.0077886645503886,0.001150390839249
2058,0.0007822723756296,0.0001545537846336,0.0270897975455211,0.0037562714687811,0.008382893076635,0.0019916350639883,0.0007177164269579,0.0001931361621464,0.0072165087691326,0.001204339700907
2059,0.016307438748797,0.0017317371066251,0.164818436907398,0.0962743371679461,0.0580388712723439,0.0227059428414492,0.0208398364694567,0.0017946509514751,0.1524008284394681,0.0915108864356738
2060,0.0007895763602616,0.0005214822021872,0.0276530526054417,0.0038175370650272,0.0148053508777833,0.0034636064446614,0.0008764692821727,0.0005971191697421,0.0072273140570877,0.0018673719933751
2061,0.0007973007563992,0.0001553392023919,0.0277305340096173,0.004177740951165,0.0103182124208031,0.0014444499147051,0.000806268196791,0.0001915613335518,0.0074035297249732,0.0008532464774625
2062,0.4085366355027277,0.0474764405592369,0.0001336876152918,1.0519461148032324e-05,0.2506318828627087,0.0037217123432668,4.73936447306874e-05,1.2509546735990076e-05,0.0002410068238005,7.119001746946843e-05
2063,0.0007484486639556,0.0002881940710506,0.1259646544394288,0.0056362590539207,0.122944582694834,0.0039912467889667,0.0012619913379603,0.0003833630126168,0.041886221680694,0.0026500673677826
2064,0.0007634124002832,0.0002423899607611,0.035087155025914,0.0054714051053549,0.0325848816340333,0.002815791667455,0.0009568441402527,0.0003088105447827,0.0116758017210144,0.0015003114947197
2065,0.0016632011980501,0.0002819026101168,5.401654650957063,0.0053352594440197,5.390939610379192,0.0033836357097767,0.004359825062642,0.0003868516160047,2.139306489023596,0.0042779882657262
2066,0.0007585100484308,0.0002531977499347,0.0273165872457385,0.0050526432016478,0.020014841180196,0.0024701537464086,0.0009411889518135,0.0003233942531231,0.0080986146274711,0.0012706652765847
2067,0.0007494975751633,0.0002893375955674,0.10225712614693,0.0058008506510895,0.0994277546984503,0.0042189427850271,0.0011526066409858,0.0003829013670411,0.0287270288400787,0.002333687166205
2068,0.0007896824138499,0.0001161986248907,0.0282796071526324,0.0035972475162285,0.0071057874040938,0.001398507758376,0.0007166417060229,0.000144666239402,0.0071055111164084,0.0010354041998031
2069,0.0007255735756262,0.0002819654193595,0.4584249091533594,0.0054030001071139,0.4555062435879525,0.0037111577703747,0.0020160839799101,0.0003831715413238,0.2409071464012783,0.0041700325800261
2070,0.0007411909361858,0.0002677114965121,0.0707317422736994,0.0058130218248929,0.0681487465397454,0.0038769016928439,0.0011019991480472,0.0003495550207398,0.0204251181356808,0.0020575746955935
2071,0.0019318718408001,0.0012716757728468,0.1158882917261104,0.0182048979490582,0.0250978865239579,0.0069916235146411,0.0016313426887598,0.0012572801959171,0.0283641639682726,0.0044336258003625
2072,0.0007527276771081,0.0002538547828556,0.0412918721101032,0.0056311516106955,0.0390658184835979,0.0031339677879792,0.0010167459827304,0.0003267643661771,0.0128107958147923,0.0016946919221725
2073,0.0007423469609292,0.0002852299668927,0.302861328192002,0.0055018354934444,0.2999716978758642,0.0039022011886423,0.0015907281408461,0.0003843933880627,0.1329579457731507,0.0036765300385584
2074,0.4375036838780795,0.0511860540288259,0.0001257512727608,6.863073615596229e-06,0.1824723954244862,0.0038105525981168,6.313885385344196e-05,1.5463706800787468e-05,0.0002467686852806,7.168553744038321e-05
2075,0.0007425835498575,0.0002932856212669,0.0265022705201017,0.0032713882033536,0.0114488258907903,0.002566427383984,0.0006583030554729,0.0003530478496347,0.0069350600951331,0.0015228969857266
2076,0.0016824074573756,0.0008495571228369,0.221888230472972,0.0964003507936578,0.0991978919489183,0.022373663644331,0.0036758895053908,0.0009469468256609,0.1195805158002033,0.0257297301792258
2077,0.0016082241383836,0.0002800570443442,4.160030897872167,0.005359619886781,4.149974730468431,0.003374151809655,0.004233444802388,0.0003835456200269,1.7207131385430208,0.004275467317246
2078,0.0007281779313678,0.0002771820602664,0.0799281425337352,0.005618399410833,0.0770450953654277,0.0038448036677921,0.0011438575076182,0.0003639932765956,0.0227370330449592,0.0021714978200973
2079,0.0007337593636687,0.000285349591354,0.4261563054320312,0.0054211922034033,0.4234680328208458,0.0037806660663502,0.0019263934210208,0.0003865551183379,0.2201770258415968,0.0041690202874964
2080,0.0007732188072421,0.0002194273729214,0.0289502085822552,0.0044809075846617,0.0131869009771588,0.0017423967722455,0.0008415408684695,0.0002765988768725,0.0077700663878747,0.000949264455986
2081,0.0015201861413284,0.0002783381194316,3.961054869091465,0.0053224263448687,3.9507664150398414,0.0033960334890899,0.0040192199797094,0.0003827856756617,1.6651958054876093,0.0043210904155063
2082,0.000734759322163,0.0002868594770767,0.4827291493068164,0.0053931720023204,0.4794367391569767,0.0036860800446355,0.0020493150602923,0.0003909758056205,0.2472548342707431,0.0041453908505386
2083,0.0007667513241831,0.0002575330841395,0.0282735795469866,0.0050778120862109,0.0196229743668641,0.0024132825799728,0.0009457963285459,0.0003303546977835,0.0078888397625341,0.0013130755512625
2084,0.0018156525227619,0.0002811400161235,4.305170944673657,0.005498376716173,4.287185902930108,0.0034983659846285,0.0047112289163451,0.0003815365304122,1.771315044796603,0.0045391070318575
2085,0.0093808749955569,0.0015392255499831,0.205608731893537,0.0690417677550601,0.0829515301897878,0.0229033814033784,0.0126444627011077,0.0015971887233128,0.1276665984986667,0.0641121448248901
2086,0.000776899807321,0.0001213572032587,0.0291980345648323,0.0042867302151776,0.0117717579933062,0.0021072620943651,0.0006285324352628,0.0001504352414569,0.0074889750251874,0.0014488928161056
2087,0.4745027355565147,0.044426598153059,0.00010111186656,5.523931981070686e-06,0.1651967629495148,0.0035221336322276,8.75778933971053e-05,1.5775788329208167e-05,0.0002104655270252,7.188843583737239e-05
2088,0.0007269855658758,0.0002917119831729,0.4146685149629329,0.0054549659203475,0.4117409457300922,0.0038413077612225,0.0018026424442175,0.000395765042429,0.2019899894450183,0.0040904486902614
2089,0.0007830361830832,0.0002034212439422,0.0282419433550369,0.0033929357047008,0.0098350428260448,0.002186518228045,0.0006032763509514,0.0002504938755878,0.007401223574855,0.0013493867795932
2090,0.0007838350675916,0.0001832760059694,0.0287771176328837,0.0040198621815282,0.0077660996893052,0.0012587091956383,0.0007806340326027,0.0002279172192396,0.0075057157819906,0.0008245527668269
2091,0.0011050296393431,0.0002933137201156,1.3704635151790712,0.0053310984942238,1.365902072311385,0.0035206329865027,0.0030424516859529,0.0004023378645888,0.663469979302867,0.0044672470881378
2092,0.0265236376217954,0.0027935405080856,0.2668561607449085,0.0565694145621229,0.1473132611382996,0.0392174746603867,0.0215288526440979,0.0026400951885668,0.2167073876986709,0.0545251319522811
2093,0.000774631437065,0.0002606071448826,0.0380590266192138,0.0055075175978792,0.0354516724771983,0.0029832532695028,0.0009655567721816,0.0003330190269947,0.0124892485653111,0.0015540617099073
2094,0.0009146888140197,0.0006277493860803,0.0264837606834233,0.0044796114919883,0.0166134732741264,0.0048034601991516,0.0009551016962909,0.0007079313628819,0.0089380598096617,0.0027203120130983
2095,0.0007602869011181,0.0001718004054589,0.0266748692375454,0.0032943249602433,0.0076273903464245,0.0018768806365053,0.0006373856332308,0.000213984703441,0.0069133196265258,0.0011970905328729
2096,0.0007482114818282,0.0002814504597261,0.1320950687929629,0.0059410619701928,0.1291502284022327,0.0043035010040021,0.0012211996664237,0.0003716092827432,0.0398053003736103,0.0026059633857604
2097,0.0007473871715629,0.0002762742712526,0.0720879686431511,0.0058590966552904,0.06955848203787,0.0038497501248257,0.001092846823709,0.0003590775890799,0.0206014863396375,0.0020427356712418
2098,0.0007538655339799,0.0002712342904221,0.028086499140366,0.0051205751354599,0.0231842844748094,0.0026498275593132,0.0009722027399281,0.0003499412990464,0.0091085269506775,0.0013977668328774
2099,0.0008143853019297,0.0002738730433171,0.7036459831169907,0.0053285763432368,0.6999108927956365,0.0035921640268984,0.0023593667771444,0.0003749296046781,0.3687130505184571,0.0043463571671594
2100,0.0007222065498278,0.000287063009401,0.3302901407176306,0.005497985359749,0.3275054755857999,0.0039858829229918,0.0016056831674416,0.0003875147335181,0.1477137890908743,0.0038176943674601
2101,0.4492746837933067,0.0497720952608625,0.0001114982650332,6.299349765578193e-06,0.1710508632308248,0.0032476285136765,7.211845196060696e-05,1.5323208328230903e-05,0.0002517762728824,7.937138032856019e-05
2102,0.0007826815927211,0.0001930353890561,0.0289754220786817,0.0046177601588846,0.0131472115800113,0.0017311150384426,0.0008746186905398,0.0002402664750031,0.0077777731410537,0.0010126864823737
2103,0.0007576897477128,0.0002789430638588,0.0279401899878323,0.0037942356150243,0.0111515540901292,0.002643660129708,0.0005391081509433,0.0003353479489131,0.0071915767115095,0.001614216855948
2104,0.0007217226837688,0.0003811851353623,0.0266370113201196,0.0035749400738055,0.0114820716725065,0.0029677052926895,0.0006867242944453,0.0004468264384914,0.0081540296437886,0.0017396310080249
2105,0.0007462059478841,0.0002920588302888,0.1325405583615432,0.005666924257261,0.1296406208528007,0.004042435059542,0.0012583474768425,0.0003873772313789,0.041046628770675,0.0026400802650004
2106,0.0015413873993581,0.0002850202377803,4.151783417407586,0.0053041317238535,4.14184928321329,0.0033919104130133,0.0040715119587986,0.0003906996858347,1.7301179233458457,0.0042880782790828
2107,0.0016717973308939,0.0002822378348067,4.760952678343465,0.0054071014863623,4.752698968919572,0.0033909388316521,0.004379224126919,0.0003849762716037,1.939698797623301,0.0042620463849649
2108,0.0007463968594043,0.0002833393148966,0.0492951298260974,0.0053774047188753,0.0465308534140577,0.0034627058087129,0.0010848066043989,0.0003732248273485,0.0136040099020612,0.001931547815802
2109,0.000740312140555,0.0002798179545363,0.0848357605400121,0.005723778663383,0.0821129214054736,0.0039684139946501,0.0011601965618979,0.0003674755589433,0.02495092138657,0.0022792301690222
2110,0.0007460698116608,0.0002923013217952,0.194581609861475,0.0056167511195461,0.1918202921621937,0.004061690240347,0.0014309469160527,0.0003904191289381,0.080701252724911,0.0032511635800654
2111,0.0007475292409024,0.0002490947419711,0.0500048569321104,0.0057822384735596,0.0479279786727668,0.0034494450048506,0.0010263971379689,0.0003204938179711,0.0153511705864967,0.0018165281484246
2112,0.0008000954120052,0.0001365470909223,0.0289007069486292,0.0042464269394344,0.0101415265899879,0.001609545092752,0.000798055104334,0.0001685962766879,0.0075588103774008,0.000922143128966
2113,0.0009368709780778,0.000580658490009,0.0268937547719464,0.0047644611216298,0.0130989237606701,0.0044355544000991,0.0008861485554551,0.0006529443746106,0.0076658614967834,0.0023701066426007
2114,0.0007225243990321,0.0003810808101022,0.025978551694915,0.003451078912064,0.012052543538803,0.0027750837442682,0.0007733649894603,0.0004471132682164,0.0068346299877171,0.0016066109784262
2115,0.0007760643098915,0.0001178705842462,0.0268453522556588,0.0042266870929889,0.0113414893075236,0.0020035369723794,0.0008035360712709,0.0001469643171945,0.0070214955105364,0.0010369125380308
2116,0.0007455373356365,0.0002816191946731,0.0691593310590192,0.0056857505706061,0.066476493161132,0.0038609022232154,0.0010960987613535,0.000369115187876,0.0197183490250742,0.0020427584526029
2117,0.0007127053338163,0.0004546205310695,0.0280129664115495,0.0037651530779664,0.0116191215076909,0.0033235722268377,0.0007467801734123,0.0005281829033643,0.0072838190851239,0.0019393994716285
2118,0.4624786993002237,0.0467386139327081,0.0001105366048253,5.9489297134574965e-06,0.1680044695699942,0.0037195782772546,7.741509036645208e-05,1.4869252590887305e-05,0.0002331658328555,8.337038952663815e-05
2119,0.0007781350784065,0.000187815003614,0.0282127973378557,0.0041833726927114,0.0127753675556006,0.0015513457808713,0.0007913992389168,0.0002333885858171,0.0073013191901095,0.0009569272689142
2120,0.0012432286861456,0.0002871922858776,1.8298619175654145,0.0053291030846338,1.8252093340640647,0.0034620180074097,0.0033680142888905,0.0003950104149201,0.8546688559622447,0.0044286197151949
2121,0.000757073462669,0.0002104268796962,0.0284868695833235,0.0049804490045424,0.022263484343278,0.0023330642704886,0.0008542360453619,0.0002644268225291,0.0084696640033811,0.0011610088149174
2122,0.0007570287761692,0.0002882988204284,0.0967789337549047,0.0058776828694739,0.0940399240705814,0.0043598058504455,0.0011186819820639,0.0003803996599587,0.0266086120753993,0.0022467006110635
2123,0.0007884565298234,0.0001187640980291,0.026946139839568,0.003717308074051,0.0077313950296486,0.001603462581501,0.0006993890229527,0.0001491273707614,0.0072223673866227,0.001092355848008
2124,0.0013636739389959,0.0002842793123869,2.650446396947165,0.0053241513093416,2.6434212057494024,0.0034262569330538,0.0036521689754167,0.0003916929238968,1.1877710582968382,0.0043600643046739
2125,0.0007409618887287,0.0002846071459769,0.112456807071458,0.0056164558876609,0.1094778302595794,0.0039585147488055,0.0012324481996096,0.0003768117910638,0.0349524158770943,0.0025141379209645
2126,0.0007473451097705,0.000290136882606,0.1661109924188104,0.0057313098552658,0.163243252260346,0.0041857262810811,0.0013118962439395,0.0003856453926413,0.0579612873475404,0.0029228503153614
2127,0.0007437414354681,0.0002839357710813,0.1915165811100199,0.0056922947215454,0.1886895212157415,0.0041490474431918,0.0013381327572978,0.0003797738890474,0.0696320544959693,0.0030629958258218
2128,0.001178906137305,0.000286887060566,1.6934447244818716,0.0053633360710602,1.688697427354353,0.0034849589958736,0.0032175142152828,0.0003951745787563,0.799233066861434,0.0044456809964698
2129,0.0015764410279734,0.0002788349475788,3.948961936801204,0.0054069771652885,3.939475848224356,0.0033871710138783,0.0041554114022909,0.0003827607739564,1.6514678154590596,0.0042968335913101
2130,0.0007113293307713,0.0003804794146787,0.0257313210992142,0.0034287504452824,0.0106203976886556,0.0029554525098338,0.0006527844051522,0.0004479882505632,0.0072692774481977,0.0017344763290235
2131,0.4744345929914718,0.0440837662325729,9.28737454846202e-05,5.458953320974544e-06,0.1639880254839977,0.0041541602688461,8.839917108488108e-05,1.5741970683760642e-05,0.0002434850155737,8.733760126235064e-05
2132,0.0016718564608269,0.0002732205131513,4.5722880949659,0.0054044226327616,4.563428147479177,0.0033899560947896,0.0043760540994521,0.0003742863250424,1.8786516783488836,0.0042779201325151
2133,0.4332166668707852,0.0507374534584172,0.0001466282091104,7.58270204742321e-06,0.205114773544108,0.0041637865297911,5.554757601419329e-05,1.67482635769292e-05,0.0002838113247966,8.332445872062459e-05
2134,0.1235987868651505,0.0306752567088453,0.0004482338910802,9.27883723384145e-05,0.5312332631136649,0.0074048813080608,2.848863312949888e-05,7.873688739713288e-06,0.0004487706960001,7.575433619929552e-05
2135,0.0007227803934331,0.0002874047208258,0.3348937540001058,0.0054643973259724,0.3323775464952137,0.0039158214812986,0.0017408456892807,0.0003875950581303,0.1664909665379678,0.0039636463231088
2136,0.0014904920836067,0.0002775307031925,3.475300922094065,0.0053194907006873,3.4660453489615133,0.0033926194930669,0.0039477731355319,0.0003813079800359,1.4935701638214105,0.0042962896388451
2137,0.0007360600369679,0.0004082292852777,0.0244900966148701,0.003478029589405,0.0127796698628113,0.0031626628842479,0.0008587917992919,0.0004761893843084,0.007291419942264,0.0017601181848234
2138,0.5344572824882057,0.0340285105313567,5.433628730279588e-05,3.1312284363422072e-06,0.140704622863069,0.0072898837659507,0.0001066282931092,3.47670528998051e-05,0.0002635426144132,0.0001218434610531
2139,0.0007330738015973,0.0002964516595974,0.1408739599003963,0.0057060974859221,0.1380080204983907,0.0042546387635225,0.0012444814046656,0.0003937601259835,0.0442943443015221,0.0026825955491061
2140,0.0007878375305176,0.0001317947005241,0.0285756349740861,0.0036303158586142,0.0061419399387202,0.0014929865164418,0.0007290542043099,0.000164234269234,0.0075013004157861,0.0009097204447693
2141,0.0011164391851966,0.0002863301587991,1.3581337309545758,0.0053071548647659,1.353486790703677,0.0034906366186205,0.0030727631742529,0.0003927528095462,0.6506171305590613,0.0044029618525128
2142,0.0007263448647873,0.000287650709264,0.3938547150555418,0.005423595291179,0.3909695097357996,0.0037940003456102,0.0018430363932455,0.0003900021586815,0.19554803079141,0.0040185286969592
2143,0.0007792608331161,0.0002254763123972,0.0275952276477401,0.0035625739248083,0.0103959149409208,0.0024128055101863,0.0005595172775217,0.0002754304040688,0.0073101538271215,0.0015276700762735
2144,0.4854135868042341,0.0445376430577668,9.445605747841174e-05,5.077365302369684e-06,0.1632334176814674,0.0038321194420306,9.689621267226758e-05,1.897338558552697e-05,0.0002022197668721,7.318882570808007e-05
2145,0.0007434988147599,0.0002886036511004,0.1763254619473316,0.005705753261583,0.1734659086250801,0.0041789583218708,0.0013531907867013,0.0003847186235921,0.065058437437409,0.003052266148736
2146,0.0007387697020999,0.0002824779670807,0.1969966264090325,0.0054986955054442,0.1941261991646048,0.0038585157120582,0.0014881168049884,0.0003784315966851,0.0841105101020754,0.0032514088489558
2147,0.0007256980689824,0.000292064449706,0.5984417455913642,0.005372859962557,0.5953763827098573,0.0037294576740195,0.0021452445828772,0.0003970695829494,0.309896105690376,0.0044132796110432
2148,0.5388019618668076,0.036932404348832,5.344238543257722e-05,2.92085230971606e-06,0.1403414997893426,0.0066116063765721,0.0001112590660279,3.693293761246775e-05,0.0002406739977452,0.0001192048698381
2149,0.45103791520731,0.0488194435558643,0.0001224671069914,6.440449633883283e-06,0.1738466603327753,0.0035981704764544,6.848832938952984e-05,1.326728511822229e-05,0.0002611647867091,8.018389282875639e-05
2150,0.0007553243919807,0.0001828505946115,0.0265526906754939,0.0032479774306035,0.0084507911681613,0.0018471251948657,0.000660735065555,0.0002263928670609,0.0071098969062316,0.0011380269926006
2151,0.0007409254447179,0.0002896758017206,0.1266975009181976,0.0058331887793475,0.1240150096438932,0.0044129421921857,0.0011791493338756,0.0003843260105658,0.036415231900083,0.0025166939683151
2152,0.0246593915522075,0.0020862617110526,0.2942677502391598,0.1648516943630705,0.0652605814955423,0.0242365218449283,0.0305180874597294,0.0020843487022119,0.282468907187057,0.1539236502977828
2153,0.0007433855503618,0.0002932949401491,0.1442780046310646,0.0056843602286445,0.1413773568534868,0.0041760780708002,0.0012777007326896,0.0003899452672807,0.0487338351502833,0.0027746888048425
2154,0.0007844822533335,0.0002261655066044,0.0271206979235688,0.0050121923958783,0.0214275754374153,0.0022814710092761,0.0009106265426089,0.0002863317521417,0.0084088451299858,0.0011840574044294
2155,0.0007797008506383,0.0001330932954896,0.0291869371427393,0.003934891657881,0.01000496645321,0.0012928460607988,0.0007913346372815,0.0001629260875673,0.0075770261481338,0.0007740291056019
2156,0.4616658294724784,0.0479609746538835,0.0001110511154423,6.015071609206178e-06,0.1669684023953998,0.0040230308971546,7.797371336365228e-05,1.784517772400741e-05,0.0002293310512154,7.301424154789573e-05
2157,0.0007600051382053,0.000224584927193,0.0291578142207348,0.0050904547975025,0.0209682354689715,0.0022396238015425,0.0009488947360593,0.0002848139575782,0.0084133057183804,0.0012815058607633
2158,0.0007835039949062,0.0001368429705789,0.0287452187103491,0.0042588709828927,0.0137131295023166,0.0017728567624185,0.0007683211698063,0.0001687065881258,0.0074983081667692,0.000950325803324
2159,0.0007491809288486,0.0002778578783209,0.0517871087245472,0.0056056791474305,0.0492757984812147,0.0035318585435675,0.0010400156401906,0.0003626109496786,0.0147063435318589,0.0018138634196517
2160,0.001126781122945,0.0007240200241966,0.0474753064642837,0.0149578392994553,0.0172785651044923,0.0052048644209063,0.0011044549724484,0.0008037655286761,0.0163326235023098,0.0035992914384103
2161,0.0015583474330933,0.0010052464785177,0.1290538005027468,0.0530316925597711,0.0311127521555745,0.0085751719543472,0.0021529945549521,0.0010590192140177,0.0410251649997306,0.0125175182801699
2162,0.0007655746049182,0.0002633588129164,0.0286822703733141,0.0052143660183918,0.0219388783152849,0.0026487604577091,0.0009664695037534,0.000338135607694,0.0081554789869429,0.0014244619645389
2163,0.0007479350552251,0.0002811808404717,0.1544654874140598,0.0056302932618614,0.1514155228279319,0.0040835060000198,0.0012921515637175,0.0003736957302237,0.0496304051884962,0.00277384726754
2164,0.0017054949596961,0.0002757251111869,4.328902443988834,0.0054201446629737,4.315876276249493,0.0034028697787312,0.0044570261470284,0.0003762778924066,1.7965055119201123,0.0043830774775257
2165,0.0007295402360094,0.000279632474268,0.212180829516571,0.005620126608281,0.2093032771461941,0.004094209361776,0.0013913704629758,0.0003748833653437,0.0815670888508238,0.0032310688564154
2166,0.0007723107492297,0.000230882062983,0.0289227998583173,0.0049292455301986,0.016848147791703,0.002186906010361,0.0009053118181409,0.0002929254662728,0.0077109665092279,0.0011792522041977
2167,0.0007328168042901,0.0002911460684251,0.1843596732965141,0.0058549701644707,0.181586077372633,0.0043542835055261,0.0013086721863587,0.0003872766324083,0.0622254797593305,0.0029968731210175
2168,0.0007834259059084,0.0002514779539784,0.0274989465397238,0.0050768639303835,0.0195289136747541,0.0023088245175226,0.0009585007023461,0.0003197086247712,0.0073618703354583,0.0013397860065535
2169,0.0011805766541082,0.0007605453399126,0.025927591936101,0.0049363261912524,0.0161477293950411,0.0051759108014751,0.0010832386254847,0.000825626805203,0.0099490633136449,0.0028686971855577
2170,0.427800857700895,0.0560968240610397,0.0001540395661778,8.075167738627643e-06,0.2141401376007556,0.0031020801067518,5.211389736474702e-05,1.3309623498347969e-05,0.0002558549171292,6.745232323728266e-05
2171,0.1835162440571506,0.0069109293176957,0.1747495131617255,0.0151207623147295,0.2086935176947104,0.061991155605463,0.0122377062749291,0.0039238182868137,0.1284259203954398,0.0150848109476052
2172,0.0007446291456351,0.0002887753063851,0.0852269445875374,0.0056545573073428,0.0823371588924391,0.003902016075126,0.0011444851637354,0.0003807897670214,0.0235964534730918,0.0022005917602279
2173,0.0006910979244078,0.0004613456629619,0.0255724818376025,0.003658847621754,0.0140793933099622,0.0033547173036108,0.0007664263349037,0.0005337324971229,0.0067394181611015,0.0019733519113141
2174,0.0016936623104433,0.0002773828527917,4.546499134953695,0.0054377933919946,4.536374525466488,0.0034059156550019,0.0044316363518094,0.000379525121268,1.8698298511578084,0.0043230401443341
2175,0.0008020178351711,0.0001433789007665,0.0283609790201085,0.0036596824840558,0.0065620930310502,0.0016893227365974,0.0007234181940342,0.0001786122856577,0.0073467779594654,0.0010369959374007
2176,0.000791154731677,0.0001213192609356,0.0283924661066365,0.0035421092193871,0.007267309247082,0.0013621626015957,0.0007033975162411,0.0001510871007957,0.0073353858342414,0.0009722166628586
2177,0.0007542320120294,0.0002458651700006,0.0281903706796101,0.0034066765701818,0.0093112557408654,0.0022266432221675,0.0006327999732331,0.0002986838519751,0.0073052826980864,0.0013142760665859
2178,0.0008577518240601,0.0002873304136446,0.8213121615776312,0.0053344423039234,0.817611443614954,0.0035992166338756,0.0024608319961097,0.0003917194442183,0.4250507048369829,0.0045103194252399
2179,0.0007851114294171,0.0001525836637975,0.0273477187650251,0.0034717639741007,0.007493351119462,0.0017105501257767,0.00067647313867,0.0001915152303156,0.0073350983686348,0.001102436799801
2180,0.0011607144236234,0.0002882665156418,1.628070010968025,0.0053260026734574,1.623152408024871,0.0034791299198526,0.00317838016636,0.0003964148861269,0.7710068747655465,0.0044138099276776
2181,0.0014322279534682,0.0002903056438857,3.28912816697509,0.0053284037924104,3.279455952172371,0.0034275660151089,0.0038110894255236,0.0003990308258873,1.4299752494101727,0.0043577578622606
2182,0.0100181714255174,0.0012698028058612,0.3878989729110287,0.2290318278179454,0.1580838262051346,0.0586117244836777,0.0156842662668704,0.0013215547023984,0.3576364065068206,0.1868384685535996
2183,0.0007519041412234,0.0002989401585399,0.2579935693947755,0.0057223537259789,0.2552035269735482,0.004341090907967,0.0014182737506303,0.0003994808267365,0.0988288688758372,0.003490218793633
2184,0.0023706056369101,0.0020645665105057,0.0506514802416483,0.0114994358516815,0.0347362703178457,0.0152174198837293,0.0023905759570178,0.0016617270236357,0.0183828475274911,0.0067968933115059
2185,0.4769580399323715,0.0410245389292279,9.2367405311122e-05,5.21276455092401e-06,0.1632776627422168,0.0048848451180803,8.921720948358239e-05,1.8069032752800183e-05,0.0002277215406972,8.435838884995986e-05
2186,0.0027932508678282,0.000972155676084,0.1888406924413455,0.0838099489595386,0.0831574034368814,0.0212895198420152,0.0050605214055085,0.0010527077219972,0.151023238865207,0.0498594383694871
2187,0.0007504453797925,0.00027658515274,0.0286521400066431,0.0050948638531636,0.0203732689054007,0.0026246986201035,0.0009835986910387,0.0003585914112582,0.0075175411937903,0.0014020239773226
2188,0.0007170491913095,0.0005004601553168,0.0246473397552664,0.0039715108601003,0.0127031137359431,0.0034496167658349,0.0008775868682596,0.0005772735184121,0.0090736359273047,0.0020170720287561
2189,0.0007432295147915,0.0002857890319171,0.1137746626683199,0.0058435825299047,0.1109584379926236,0.0042466984233034,0.0011799016050477,0.0003778844718528,0.0326216928345234,0.0024341917169058
2190,0.0007813908359333,0.0002196015336324,0.0284749195272576,0.0034060635960865,0.0093992215719751,0.002197684887778,0.0005973019463371,0.0002703104109084,0.0075996917874764,0.0013726827840644
2191,0.0014334611188588,0.0002784342841714,3.079072148133744,0.005331623200578,3.069860572787653,0.0034096673971999,0.0038138702485422,0.0003838223175508,1.3358849282205856,0.0043502401466254
2192,0.0007931212668157,0.0002833392099534,0.6545407334922619,0.0053939583810581,0.6509859745272307,0.0036348170342524,0.0023075304791693,0.0003870922084207,0.3415990113318931,0.0043492416405018
2193,0.0009207172613547,0.0002872101710209,0.937158767479708,0.0053538954767576,0.9336571573474528,0.0036050667752437,0.0026028881802482,0.000391307101092,0.4741147395503178,0.0046248041934837
2194,0.0386487607791874,0.0050585015291747,0.0028754367902536,0.0010888462006484,0.4184997454051036,0.0062184857228332,0.0004135717248977,0.0001123743401172,0.0028428662978316,0.0010980117056093
2195,0.00074455323722,0.0002807076852245,0.0533456228079066,0.0055588244059191,0.0505162912042099,0.0034506751995218,0.0010973438351256,0.0003665374184488,0.0155419549350161,0.0019472673904577
2196,0.0189509205962005,0.0020731511437725,0.2295161273664649,0.0686248865788565,0.1032101204201268,0.0383890828104702,0.0192188484678751,0.0018700129710256,0.1459360849280832,0.066239524114201
2197,0.0007572631309253,0.0002784250097488,0.0838132640729466,0.0059079777745161,0.0810451359735285,0.0040831753816594,0.0011097257359057,0.0003631577740569,0.0236288880462601,0.0021503782711986
2198,0.0171362652216901,0.0023079152973224,0.1909207924432627,0.0550674442058894,0.0912383668548401,0.0366054832876996,0.0169094163395537,0.0021980027947667,0.1198995735721204,0.0536450921708298
2199,0.0007508445865071,0.0002669265906856,0.0835860093032521,0.0060664842651001,0.0811380420779682,0.0042323926871525,0.0010979508506925,0.0003480355243849,0.0246021648499919,0.0021791339249349
2200,0.0007241758932556,0.0002898933273956,0.4067371240530636,0.0053954629995377,0.40384265692029,0.0038334081566072,0.0018324521626314,0.0003932822846924,0.2038612281898793,0.0041222960365876
2201,0.0007540861218793,0.0002772203324587,0.0506286014273844,0.0055637460406482,0.0481537293097703,0.0034591857242191,0.0010297141644397,0.0003607036834172,0.0137944087794701,0.001727053648786
2202,0.0007549401667005,0.0003201670250094,0.027706592715499,0.0039791981668915,0.0114996715650409,0.0031391442391482,0.000574463630232,0.000381935838522,0.007201106482015,0.0016917029879351
2203,0.0008936800154186,0.0002888334737716,0.883245947541527,0.0053600089480774,0.8791581981295579,0.0035884981468203,0.0025479801937255,0.0003954998823316,0.4511776029448882,0.0044776752822801
2204,0.0007359145128415,0.0002926461240571,0.1637096397206796,0.0058112711717807,0.1609521558167853,0.0044189640997409,0.0012678354346263,0.000387932328457,0.0534950709720416,0.0028508822908767
2205,0.0007401469803927,0.0003398200940052,0.0287207078981422,0.0040389452111645,0.0121497167912701,0.0031551286449104,0.000645486658348,0.0004034958680149,0.0074003710068103,0.0018875612308856
2206,0.4312900596497517,0.0512186835650994,0.0001312531880298,7.341488011711091e-06,0.1938838806000836,0.0033380850680818,5.492409205067687e-05,1.3949118088207967e-05,0.0002772289396276,7.781083067770565e-05
2207,0.0007574656560666,0.0001995170809817,0.0271479016985363,0.0033877659010877,0.0094450580648232,0.0023053705963922,0.0006269717140635,0.0002442708412496,0.0071058461535556,0.001491581258789
2208,0.0007343857833933,0.0002789937433222,0.310881790220838,0.0055071972821319,0.3081752386929001,0.0039268454700224,0.0016275887885307,0.0003760190960164,0.1429108244254773,0.0037821316005051
2209,0.0007462291703271,0.0002839790249384,0.1676790621218827,0.0056363367598351,0.1647259673902714,0.0040637666912271,0.0013330325650968,0.0003805676956836,0.0615254047170042,0.0029619147958653
2210,0.0007429036498443,0.0002880592238101,0.2289329341953908,0.0056549768220906,0.226080384218751,0.0041845229480174,0.0014108053849181,0.0003871525385509,0.0881622518248546,0.0033300445973391
2211,0.0008114160889951,0.0001518553095649,0.0279543651274215,0.0033902789479922,0.007015059702309,0.0016180782599958,0.0006616196878716,0.0001898948980198,0.0073164190442145,0.0011540524930501
2212,0.0007313014731318,0.0002831770974193,0.1981462225262646,0.0056011752804541,0.1953661710291474,0.0040075477197525,0.0014149290128219,0.0003797287033191,0.0797174063821731,0.0031963996412958
2213,0.0007917265612178,0.0001223330056642,0.0284827928389545,0.0044319180889116,0.0149959548905339,0.0016889090754763,0.0008075801685812,0.000150080749237,0.0073760723494862,0.0009513229695868
2214,0.0007789227477583,0.0002129386565992,0.0282782832845968,0.0049332647097525,0.019082811043403,0.0020288963839137,0.0009194328281222,0.0002683866144106,0.0078776445635985,0.0011940871691588
2215,0.0007642115026158,0.0002454956145164,0.0283459184815526,0.0044953635797629,0.0097164925340883,0.0018017687194859,0.0008586903288248,0.0003129166358967,0.0074247150804415,0.000941536222878
2216,0.4893619535836694,0.0360386649256858,9.154413464744562e-05,4.934192540986052e-06,0.1615425421418263,0.0048071421253704,9.68254384209536e-05,2.181971122950899e-05,0.0001827598537576,7.62911647601728e-05
2217,0.0007966338135097,0.000129622389367,0.0278752506754545,0.0038468380353144,0.0104274663217446,0.0014176076096091,0.0007139932672736,0.0001591436198801,0.0073296362179579,0.0010206641830385
2218,0.0007842477174254,0.0005012728509065,0.0254585967781068,0.003871236504852,0.0123528907597104,0.0034686239618669,0.0008094578655027,0.0005764318086887,0.0084653622479486,0.0020590172328481
2219,0.4101812066603414,0.0564908636598303,0.0001827496412807,9.099152449231086e-06,0.2411345626441998,0.0034847684756236,4.229768465844487e-05,1.2735022880743738e-05,0.0002843413544647,7.374631377793915e-05
2220,0.5060538561626564,0.0395021876600181,6.991910710687077e-05,3.9393982929543885e-06,0.1509341400402225,0.0050396495051563,0.0001119757013601,2.231435649696107e-05,0.0002390441669526,9.440249740260934e-05
2221,0.0007487253661276,0.0002843108027388,0.0787458652728183,0.0057041573231617,0.0758254726690802,0.0038411188375324,0.0011230864412486,0.0003718153803279,0.0214837994804596,0.0020974418233685
2222,0.4766201251517896,0.044833378552783,0.0001000161649732,5.367259880449699e-06,0.1648493316890911,0.0038713786455257,8.965030755316037e-05,1.6742549352796566e-05,0.0002136719912334,7.390726147875862e-05
2223,0.0015347956555508,0.0002770382531183,3.360783801886198,0.0053650270593349,3.3518109619043903,0.0033812030788407,0.00405868441998,0.000379757690909,1.442007962559015,0.0042685278518551
2224,0.0013676041219131,0.00028080240905,2.7120874194539253,0.0053063405833188,2.704918720724785,0.0034275389560441,0.0036569091735984,0.0003866207088337,1.2012255649356045,0.0043903785404373
2225,0.0007328485139086,0.0002931131115045,0.3769023340831745,0.0055006542787163,0.3743335853214004,0.0038861128265535,0.0017830880897657,0.0003956253772303,0.1845563868938988,0.0040586362504568
2226,0.4898421174353737,0.0427400607457456,9.041294250768202e-05,4.846201107193998e-06,0.160241508855313,0.0041057407537643,9.547722744809812e-05,1.9759717691031908e-05,0.0001842405175166,7.610519471109568e-05
2227,0.0007883151341694,0.0001210936211288,0.0289107004435509,0.003455713846017,0.0063237106613593,0.0013156970700817,0.0007006877607913,0.0001523267511915,0.0076157092935418,0.0009584339142927
2228,0.0386140279903164,0.0029335331891851,0.2027940125498206,0.0726716736268332,0.118424438896612,0.0487036742394316,0.0291439172485827,0.002777947598778,0.1590075322314111,0.0704063297352461
2229,0.0009254978308773,0.0005983760921646,0.0993525198339982,0.0352817177011046,0.0260489815712707,0.0057919076313607,0.0009714432566465,0.0006782017615882,0.0355518129001692,0.0055232239973632
2230,0.0007825781527417,0.0002451220862478,0.0280992518373396,0.0051251948111701,0.0238403825712358,0.0024120874916607,0.0009301559786212,0.0003123219192657,0.0091028325011636,0.0012882752478355
2231,0.0007516195977786,0.0002778332760571,0.0559493691216972,0.0056836683371309,0.0533368983922941,0.0036667653048153,0.0010768194640135,0.000363183199439,0.0164048073332852,0.0019388680402994
2232,0.0011392443974842,0.000825830576603,0.025440896737949,0.006927029923862,0.0241084658191073,0.0072244280909768,0.001216865234888,0.0008963071466137,0.0124729557985342,0.0037852443825536
2233,0.0007947551476083,0.000118856198311,0.028349317846966,0.0035932011894405,0.0067378234639001,0.0014778299728962,0.0007084820007406,0.0001476759970383,0.0073701877769284,0.0010622388684726
2234,0.000744195789115,0.0002929608829149,0.3567208106577613,0.0054424040354956,0.3539835240695934,0.0038511049710024,0.0017695919392305,0.0003958514381453,0.1777289146312053,0.0039645961958897
2235,0.0008718527235841,0.0006052094703908,0.0699390995127187,0.0192681712663428,0.0190611128371816,0.0050423234585071,0.0010114538545824,0.000693151416573,0.0220102834572877,0.004019745978399
2236,0.5034528272602244,0.0326572135079203,8.08153578738075e-05,4.421446731404035e-06,0.1580709248073812,0.0074725332122957,0.0001041026705527,3.2917087168405364e-05,0.0002425499724779,0.0001103186817725
2237,0.4485641084549934,0.0484227389630054,0.0001260875608111,6.512225369793652e-06,0.1789716746603419,0.0037166175811542,6.61266749665686e-05,1.4377226803262984e-05,0.0002699059398316,8.234737767588251e-05
2238,0.0016413778269159,0.0002835589544946,4.574697314225883,0.0053585358152978,4.564831900636179,0.0033834214179035,0.0043116758661206,0.0003884811149184,1.873792161095201,0.0042625210590725
2239,0.0007382652170874,0.0002857708917722,0.1425996064886395,0.0056834823650082,0.1397473867009791,0.004100619931453,0.0013104790374841,0.0003797006108001,0.0507226854319018,0.0028267606999433
2240,0.155049098170054,0.008002866505709,0.2635808448336909,0.0119885863076814,0.1719176751351621,0.0909512344378055,0.0136582044479132,0.0038209357690948,0.1725593439675249,0.0119608594007006
2241,0.0007657322795179,0.0002516326392937,0.0288348247020401,0.005297218186277,0.0264558812486227,0.0026439096706882,0.0009106537989585,0.0003207161742052,0.0099688813480316,0.0013558056605959
2242,0.0007433363065657,0.0002718542336888,0.038367593229834,0.0055152823945096,0.035876066411164,0.0032303244065726,0.0010496255298,0.0003519949772177,0.0115300904981636,0.0017881543034812
2243,0.4993449279222809,0.0423168099389007,8.280905767040583e-05,4.426029881966114e-06,0.1578913069261827,0.0041354400950683,0.0001046011918206,1.8978509959548826e-05,0.0002343429577615,8.367735288250736e-05
2244,0.4240353500678054,0.0548861224658958,0.0001587560492376,8.354876431224546e-06,0.2207336630861864,0.0034635413473329,4.867697178975289e-05,1.4631464332595403e-05,0.0002583472772976,7.241916152915679e-05
2245,0.0007819665498479,0.0001774280264628,0.0286842257965425,0.0038287670781863,0.007085555993414,0.0011297780999346,0.0007820460818088,0.0002187559250185,0.0074184101334231,0.0007946322731734
2246,0.2409631553788175,0.0070623685063766,0.1623487418433908,0.0224511511595624,0.1190629020963274,0.0514377283595018,0.0161391132132212,0.0049071791163728,0.1300460701963586,0.0223805429791501
2247,0.0007538365331251,0.0002778184135055,0.0782820961216232,0.0057590575997254,0.0754632495204124,0.0040788449586403,0.0011017214730917,0.0003665519975955,0.0220844996673044,0.0021146856512198
2248,0.0007407987717522,0.0002767055162596,0.0513216316355106,0.0054980766207918,0.0487118101018333,0.0034570110698382,0.0010418695734676,0.0003605789447587,0.0139412378159535,0.0017395758892142
2249,0.5453301886397133,0.035152493281497,4.746842672627429e-05,2.6199601757447994e-06,0.1338263944825022,0.0077563026936518,0.0001031798291031,4.573244371149164e-05,0.0002946925247007,0.0001359650107591
2250,0.0007889115101781,0.0001279926630239,0.0283503319853179,0.0036846886422398,0.0082617091127121,0.0012025195273502,0.0007220839540526,0.0001578751387016,0.0073365003028925,0.0008654081955064
2251,0.0011560155219604,0.0006889923314461,0.0519385661485218,0.014507326092965,0.0160251501969674,0.0050976216123987,0.00105244715049,0.0007632968728178,0.0131223044337622,0.0039530030127426
2252,0.0007476596176017,0.0002485653643064,0.0365170561191309,0.0055389430565781,0.0337966047988303,0.0029928031830679,0.0009202224717397,0.0003175577754637,0.0121464238130914,0.0014209222154194
2253,0.4166940152443346,0.0563466550016172,0.000172676771905,8.5514546564652e-06,0.2317643302839109,0.0032978617278859,4.5833033655390256e-05,1.4953746962505234e-05,0.0002964976916726,7.825537939304232e-05
2254,0.3748728238651806,0.0632646593878656,0.0002669296172392,1.3064807580358447e-05,0.2815051326930361,0.0047193512936141,4.320015868091491e-05,1.999869292398207e-05,0.0002952288547584,8.159087776427574e-05
2255,0.0011202084867381,0.000288239363657,1.4465104908925288,0.0052881898444564,1.4418367201837554,0.0035035911553978,0.0030787036479267,0.0003951495167424,0.7012687788463602,0.0045271730415839
2256,0.0010105681192875,0.0002800381889964,1.139976894829693,0.0053518169677375,1.1353547262231487,0.0035129618932192,0.0028247213546424,0.0003853547916368,0.5587944380135975,0.0044258218711669
2257,0.5257848102738899,0.038396399491442,6.301525372175944e-05,3.381258937185803e-06,0.1455236972869545,0.0067034442992416,0.0001199229304346,3.087899201929453e-05,0.0002832833134775,0.0001162688309867
2258,0.0007911422891697,0.0001808700798323,0.0286663611089147,0.0034704235177273,0.0103478298237358,0.0022401415108454,0.0005887089164238,0.0002229753451175,0.0075758023982659,0.0015305885848836
2259,0.0007882071877851,0.0001045085026035,0.027137451498732,0.0035882794755671,0.0053461649444179,0.0011728773714254,0.0007514354961514,0.0001304340167606,0.0074083317338225,0.0008115080932901
2260,0.0007251549051518,0.0002940270149279,0.3407803824397568,0.005451724186345,0.3381382689793805,0.0039223878595939,0.0016950320881181,0.0003963643572797,0.1666479677031374,0.0039492137932551
2261,0.5232931862827243,0.034107787071746,5.725935201496928e-05,3.372167159993125e-06,0.1433649897665313,0.0058072572816765,0.0001117786705773,2.9176594979106476e-05,0.0002127497801942,0.0001017977955544
2262,0.0007453116289451,0.0002835897401906,0.6030539944531123,0.0053643603995981,0.5994857816899379,0.0036389021085167,0.0021977183620463,0.0003868531979156,0.31502726291173,0.0043186539939382
2263,0.001521046381688,0.0002753559654805,3.50276262505022,0.0053360398328851,3.4927324208620507,0.0033858394120244,0.0040186706780193,0.0003778295720981,1.5018524072825086,0.0043295973908771
2264,0.0007623770991131,0.0002130977928293,0.0291763403213318,0.0049907949916761,0.0225590344594487,0.0022128202033259,0.0008495362149703,0.0002667563755039,0.0084039046468595,0.0011605968077502
2265,0.0007455389775852,0.0002821729645382,0.114047640503187,0.0056707528412529,0.1110979820549737,0.0040101259792787,0.0012045679751538,0.0003750390075686,0.0344696026042244,0.002478944161123
2266,0.000747325144534,0.0002560802902506,0.0484587143547011,0.0055753920958757,0.0458708396672911,0.0033002857100809,0.0010364588323593,0.0003322476039318,0.0133244915732741,0.0017464316013515
2267,0.0007173673963167,0.0002831506865335,0.5772469427424093,0.0053891666839286,0.5741190260692628,0.0037312545965225,0.0020728704816433,0.000385687135578,0.2970105533247668,0.0043662500596145
2268,0.0007933321393497,0.0001237031206935,0.0273147375977637,0.0042155371455878,0.0145355244873488,0.0017999465433006,0.0007623253931274,0.0001528204993907,0.0070402764415687,0.000973887225316
2269,0.0015953953218198,0.0002834643492543,4.273819519069339,0.0053284365284458,4.264206975537661,0.0033782179478541,0.0042007356921913,0.0003878653663766,1.754131490758819,0.0042643531969398
2270,0.453398351289915,0.0467305647166663,0.000108608675847,6.072134424159743e-06,0.1697142877576823,0.0041217604195064,7.594621296231757e-05,1.940209142404244e-05,0.0002512447361276,9.247525889970523e-05
2271,0.0007681204796174,0.0002519275406296,0.032080383283011,0.0054022494988474,0.0293246145132286,0.0027727416310487,0.0009860938074912,0.000323156914191,0.0107527372943346,0.0015220730921189
2272,0.0009523300068362,0.000288718123828,1.0358338945638372,0.0053310349988291,1.031503358207648,0.0035620420958113,0.0026851714137905,0.0003948917509098,0.5199145342277101,0.0045103781302043
2273,0.0007849643122185,0.0001118907177926,0.0276596871339577,0.0034500593460767,0.0062414456297197,0.001261939234239,0.0007241886958081,0.0001407832661811,0.0075065215159556,0.000948103463246
2274,0.0007241400540499,0.0003552997804694,0.0254411817719797,0.0034519891917948,0.0111832882547331,0.0028951275705227,0.0006019635488787,0.0004201898280969,0.0066319017294743,0.001706002824679
2275,0.0007427084018549,0.0002940511286575,0.1051477731151572,0.0055121921193727,0.1020939500095961,0.0039327246558352,0.0011950319861297,0.0003906598268883,0.0300211916850228,0.0023854099095849
2276,0.0007626495254804,0.0002272408432408,0.032746667437607,0.0055980773498688,0.0303827094216707,0.0029040303801746,0.0009778621677731,0.0002882246137538,0.0112745105694568,0.0016237862297753
2277,0.0007751011763274,0.0002405034652453,0.029344538681834,0.0052773527331787,0.0271931919528332,0.0025711108780953,0.0009099464448355,0.0003056258333514,0.0099929304405211,0.0013422497436485
2278,0.0007547803661638,0.0003433974450861,0.0259442579985298,0.0034958171506845,0.0121231714293085,0.0029549881608462,0.0006469537417123,0.0004066067286841,0.0069026637230244,0.0017505842059788
2279,0.0007837295626751,0.0001183904193053,0.0289257704403544,0.0039299834400747,0.0102078996646948,0.0014894015488926,0.0007383753987369,0.0001461092907403,0.0075059075584173,0.0010160430411376
2280,0.5108844791022001,0.0391786963664142,7.399131503153947e-05,4.01584808858423e-06,0.1534712329869718,0.0052268543103722,0.0001134175782012,2.6774069057209344e-05,0.0001869168823073,9.38881205299307e-05
2281,0.474071601902968,0.0440801367763682,0.0001011934353361,5.446738842822066e-06,0.164004252200167,0.0040486456763344,8.370484291530915e-05,1.7071360296111623e-05,0.0002211183250842,7.51332507292271e-05
2282,0.4412817626892695,0.0486550600652098,0.0001255734052738,6.768669330514009e-06,0.1838246698582915,0.0038106176734602,6.162172369065067e-05,1.6207454525594133e-05,0.0002716562706297,8.474924229382201e-05
2283,0.0088027009693663,0.0012036873126036,0.1834087915437694,0.0847086010068863,0.0862269164281095,0.0260708096946005,0.0128184524996028,0.0012883811764103,0.1613849333863734,0.0776473627786653
2284,0.1319537852346936,0.0073218555117621,0.2293878863279149,0.0137524214545912,0.2369081964780308,0.0620023475637005,0.012750710534442,0.0039494137221202,0.1791788829182494,0.0137230405853762
2285,0.0007599493158824,0.0002317446397643,0.028190265763113,0.0032879782793691,0.0099265124500259,0.0023093378572911,0.0005592554250142,0.0002829252471276,0.0072325420511894,0.0014068381849089
2286,0.0007909171380466,0.0001273943817101,0.0278906136951793,0.0036695611687511,0.0081892704872653,0.0014499851613067,0.0007012931780918,0.0001577893992991,0.0072414926190947,0.0010091278682591
2287,0.0007930128223577,0.0001152193199227,0.0287578685114098,0.0039072381457233,0.0099462848525856,0.0017477673978361,0.000718610445737,0.0001430377916843,0.007596479248076,0.0011023082631385
2288,0.0007401993099895,0.0002908479891311,0.0685241435643112,0.0058234994838655,0.0660849197572574,0.0040342240936036,0.0010603013331043,0.0003810961355426,0.0188867818760582,0.0019469727005643
2289,0.1110767242505459,0.0059978106481417,0.1611754910115747,0.048420595361464,0.1117701554568481,0.057978793820489,0.0247869083167814,0.0049171714982633,0.1182427125223814,0.0480896774707792
2290,0.0007909107732907,0.0001358571896492,0.0280731623286404,0.0043884228810733,0.0145184898418858,0.0018742551996922,0.0007836017316415,0.0001672440469587,0.0073979627709706,0.001087973362034
2291,0.0014571031032133,0.0002884934658563,3.349875056913034,0.0053085842921595,3.339764373528144,0.0034211369054534,0.0038681935731998,0.0003960598148609,1.4503583281469934,0.0043483006544717
2292,0.0007460194440612,0.0002692426898393,0.0364175858077246,0.0053791659198633,0.0339519659533884,0.003161137616785,0.0010063896952887,0.0003508342107339,0.0106797249970638,0.0015880224742452
2293,0.0015382097795227,0.0002803023733787,4.122044196414661,0.0053340438286061,4.112513127713992,0.0034000308236726,0.0040580861170584,0.0003851748887664,1.715542993133113,0.0043149592281233
2294,0.0010645202313408,0.0004930278812768,0.0715140897572522,0.0124446033601431,0.0164694827630987,0.0042850732261531,0.0018292099377381,0.0005701339060081,0.0194777214477591,0.0028906075178151
2295,0.0007667632101675,0.0002147555273812,0.0291406262173153,0.0043309837395126,0.0104654836586706,0.0015126210613228,0.0008402239660846,0.0002706913642947,0.0075913869260026,0.0007863872741356
2296,0.0007760282434305,0.0001531120249441,0.0291488672170969,0.0037918067270482,0.0063279362770854,0.000988960016776,0.0007527884836059,0.0001890193324405,0.0076233569184364,0.0007925303615543
2297,0.0047251273383244,0.0011245360275532,0.4018414253501974,0.276130800178089,0.2218352487380956,0.0628725888429222,0.0091716656988377,0.0011822975460287,0.3114968822730966,0.1111545367720282
2298,0.0011914466536149,0.0007071378047176,0.0246980020023088,0.004800060211109,0.0151703831875012,0.0041932780250807,0.0010654433506874,0.0007803355146853,0.0076008239669993,0.0023717796638004
2299,0.0007667883158099,0.0002310129111156,0.0282454102544806,0.0052360580311146,0.0258136460306509,0.0024946758851707,0.0009428883248025,0.0002926871664638,0.0095108546118213,0.0013677228806208
2300,0.0011859231261396,0.0002863774316705,1.808904230298556,0.0053207071384763,1.803859102668081,0.0034866705720311,0.0032370092354693,0.000395496190272,0.8444677254166186,0.0044678439463232
2301,0.0007347582616891,0.0002964294986321,0.131108071782269,0.0056604882658517,0.1281199917745802,0.0040492813597413,0.0012649795387034,0.0003946959210338,0.0444376350948018,0.0026859006798624
2302,0.0016018956072449,0.0002820826932391,4.728984217555204,0.0053223607401684,4.719463628171589,0.0033897925720689,0.0042108846211993,0.0003865315726829,1.91758678468612,0.004282521529858
2303,0.0017222308158569,0.0002787383576647,4.353641213338388,0.0054413493794898,4.340223922713611,0.0034092735492373,0.004496645099715,0.0003796102823526,1.8051226417380877,0.004388471240019
2304,0.000725519661866,0.0002831894545109,0.165204770504729,0.0055309189786029,0.1622599997634604,0.00392011391891,0.0013770898659031,0.0003792011200842,0.0638152065259307,0.0029820522956678
2305,0.0014439794481251,0.0002834494097835,2.994988038402985,0.0053001607961362,2.9861049951959995,0.0034065449070461,0.00383844746362,0.0003890393745353,1.307295041781711,0.0043166158399235
2306,0.0009093001674543,0.0002820857868233,0.9376910233735998,0.0053033804709509,0.9335182312702366,0.0035749667987127,0.0025834964799255,0.0003863967561476,0.4775953900007947,0.0044795553943218
2307,0.0007375375581158,0.0002817872449045,0.118825493412533,0.0057138226566503,0.1160269961586547,0.0041111403415517,0.0012414662800345,0.0003733686606336,0.0386750107944526,0.0026013542309223
2308,0.0014202795383955,0.0008920884769161,0.1953205040643986,0.093580035272948,0.0678199382071384,0.0144480777667244,0.0031754847883586,0.0009745503991416,0.0857435263529003,0.0178902764138749
2309,0.0007904430918005,0.0001181756009698,0.0274697609362968,0.003678468726264,0.0087389900952188,0.0015632079211971,0.0007109170062563,0.000147855413099,0.0071798116233117,0.0010171973376068
2310,0.0007843360040094,0.0001877254707422,0.0290731427421921,0.0041582129391169,0.0077226370567662,0.0012342206798836,0.0008070689748933,0.0002342811814695,0.0077095923560047,0.0008161672660714
2311,0.0007404199226335,0.0002872231361643,0.0916140389931338,0.0056961410850613,0.0887606942238369,0.0040720396510863,0.0011480769633162,0.0003781986193871,0.0258709851618171,0.0022445161811826
2312,0.5420187476288804,0.0274041675676604,5.0185499090095554e-05,2.950024398883065e-06,0.1362684655340019,0.0109768673022932,0.0001661001237775,5.2037462557188106e-05,0.0004147585955327,0.000151311760237
2313,0.5256811998572665,0.0357947554969055,5.68125073877443e-05,3.30737055313302e-06,0.1419162516525288,0.0076434647096517,0.0001092952942189,3.2997894387845885e-05,0.0002729950313444,0.000123332217009
2314,0.548402096656302,0.0331992809232886,4.4282812451186216e-05,2.5489628701163496e-06,0.1293318352316264,0.0078984644969825,0.0001083498619159,4.7606499737942005e-05,0.0003230565457283,0.0001442408707241
2315,0.0007578787278018,0.0002232422707271,0.0290394790023128,0.0043090952033627,0.0155839340194946,0.0015842646029941,0.0008452703183365,0.0002817615081773,0.007675767470189,0.0008104194254221
2316,0.0007332724458864,0.0004483977248084,0.0252944844727371,0.0034598663125629,0.0141763853065635,0.0030885096206398,0.0007770916334672,0.0005221180643525,0.0067340463922189,0.0016658478616275
2317,0.0007858664103007,0.0001740287047324,0.029347425546699,0.0045974434490346,0.014980047479282,0.0020725737731692,0.0008282249133664,0.0002141141459053,0.0075815051481386,0.0011356447450311
2318,0.0007421811453509,0.0002847655121955,0.1326719946597821,0.0057159431527073,0.1298074484487347,0.0041266236021128,0.0012419474472468,0.0003785585674561,0.0416943720064986,0.0026368243480593
2319,0.0007623933530114,0.0001864197542906,0.029297729276624,0.0043840649720974,0.010748493646815,0.0015691406217261,0.000839668784096,0.0002312610068619,0.0074468181872848,0.0008554524803749
2320,0.4620069837246212,0.0501728363079181,0.0001115426179523,5.92225888586184e-06,0.1669707678885253,0.0030952825212992,7.851993760342788e-05,1.426503516407956e-05,0.0002341866031964,7.381915134447126e-05
2321,0.0007251694572928,0.0003148734180504,0.0262717253082534,0.0034710197993017,0.0087588984010204,0.0025863974527655,0.0006664303576711,0.0003741698182405,0.0068552453262168,0.0015887273256825
2322,0.5357197782428399,0.0325055958670767,5.52777587380194e-05,3.0680725941378684e-06,0.1399616770062533,0.0070427034616946,0.0001055309609446,3.617201324034889e-05,0.0002161511360876,0.0001195884535432
2323,0.0007469647358305,0.0002788156811705,0.0531950509356688,0.0057348153176575,0.050786531225299,0.0036141931744088,0.0010335300177612,0.0003628242424339,0.0150762537904204,0.0018257546298448
2324,0.4468090938100073,0.0533000305246321,0.0001286625142106,6.676682004323317e-06,0.1802148246129456,0.0032512803186022,6.587045973239568e-05,1.504733169451675e-05,0.0002436250354992,6.746975221042784e-05
2325,0.0007764202807998,0.0001398379094097,0.0293580849075774,0.0037912580609484,0.0076798788456108,0.0017341363409711,0.0006873490359272,0.0001728792057846,0.0075975635127299,0.0012318685495408
2326,0.0378788432456483,0.0037240753983773,0.2846617429051475,0.031626050287509,0.1610377756533999,0.0495298616707443,0.017062860679897,0.0031378200915145,0.2242503746452983,0.0314107963658943
2327,0.0007295530638856,0.000499577212618,0.0290063997624486,0.0072672475884906,0.014394431216032,0.0040516424868892,0.0008542223902706,0.0005771869384353,0.0100495312049612,0.0026821238079096
2328,0.0017255541473023,0.0002726603177077,3.515130525927844,0.0054746337680765,3.502749562908676,0.0034617872605884,0.004493292683139,0.0003713326327121,1.492650704605075,0.0044855185295959
2329,0.0023967454837292,0.0008432397961379,0.1963846656579923,0.1195622456463061,0.0724264947320466,0.0181732773671346,0.0052434548953092,0.0009384052224762,0.1205884052534575,0.0299080684114341
2330,0.0007597243241199,0.000213425581942,0.0290132034288153,0.004985423615333,0.0172315912519173,0.0021935092217006,0.0009270311894068,0.0002690292215276,0.0076790318535349,0.0012278671906015
2331,0.0007832669212902,0.0001768144159271,0.0280388074734164,0.0050014204833218,0.0187510563402949,0.0020715951766738,0.0008988945948959,0.000219608210691,0.0072270061928324,0.0012126187026964
2332,0.440010919547492,0.047961961966339,0.0001207440560093,6.7579833954594895e-06,0.1756100943342695,0.0035581168134803,6.739817664463689e-05,1.429416248300224e-05,0.0002464343806255,7.035430845124898e-05
2333,0.0007817399505097,0.0002261552653917,0.0272123278625546,0.0053144780896032,0.0261783210933036,0.0025829287551417,0.000873552165198,0.0002840091643603,0.0091848494754193,0.0013543219895045
2334,0.0010760279756159,0.0002933434593458,1.2801827607228424,0.0053393969505723,1.2756726741532631,0.0035266894937933,0.0029748268713685,0.0004019769164308,0.6224433695846188,0.0044664850011682
2335,0.00074560276542,0.0002984598530312,0.1830082719117439,0.0057969009729024,0.1801510074770546,0.0043788790753443,0.0013111884268567,0.000397839994987,0.0643184706397875,0.0030374621762852
2336,0.0007761984378865,0.0001395344905412,0.0296888869203791,0.0040694607998528,0.012281704015639,0.0015659401992182,0.0007662259497855,0.0001723173250825,0.0077643904905006,0.0008913772323599
2337,0.0014404461728669,0.0002796339452193,3.3709997212275877,0.005360676704472,3.361878330338352,0.00341186676525,0.0038281911504544,0.0003855723038918,1.4458676894227214,0.0043368080951998
2338,0.0007458366446309,0.0002913251383004,0.1166447124529986,0.0058384186460985,0.1137334743294325,0.0042835237164086,0.0011828459201477,0.000384683465047,0.0338261325551473,0.0024501086122029
2339,0.0007723388982704,0.0001930142101192,0.0294371904102328,0.0049569024792047,0.0188393623728976,0.00206300033903,0.0008633688457391,0.0002419014670799,0.0077653995500428,0.001151255361404
2340,0.4738510246825195,0.0462370162178471,0.0001014484241803,5.466934592064595e-06,0.1650368951608196,0.0037815639697285,8.710705388074328e-05,1.7240214015805838e-05,0.0002239662695179,8.041599750134924e-05
2341,0.0007254343095042,0.000281719396116,0.3180254496411455,0.0054391586674215,0.3150848352382774,0.003734993494587,0.0017634412950388,0.0003814963628856,0.157267514762473,0.0037824097099399
2342,0.0007330575846994,0.0002905399781306,0.1175818815430516,0.0056363274924011,0.1145198349844849,0.0041225932663793,0.0012064448782077,0.0003867645104165,0.0349785778969256,0.0024860465496118
2343,0.0015283877864208,0.0002803591365405,4.21794120369692,0.0053168601470852,4.208128150421197,0.0034034160688376,0.0040362286319262,0.0003861364361554,1.748477125994612,0.0043181216212595
2344,0.0357061051272115,0.0029258126456826,0.1481986190956791,0.0724814748538377,0.1220427340563484,0.0470128880672038,0.0290209427915826,0.0028234568797738,0.1395794700199606,0.0706386163736522
2345,0.000775845981964,0.0001868386758085,0.0293240250757223,0.0040875984990091,0.0114073771343917,0.0013344062080794,0.0007734184931449,0.0002317531122322,0.0075505231357334,0.0008736717090009
2346,0.0012951090148469,0.0002857238651751,2.2285356602016155,0.0053220413799722,2.2242539851432235,0.0034441139556126,0.0034878440089817,0.0003922687845738,1.0164441809848968,0.0044053340457096
2347,0.5056972927304947,0.0399948796703056,7.873006028287803e-05,4.227179596692375e-06,0.156946420535129,0.0052883996725971,0.0001088516617522,2.296218062824972e-05,0.0002021346335108,9.234889775537154e-05
2348,0.5371053795609546,0.0374288267377014,5.479858929080113e-05,2.9761859370799803e-06,0.1412459485796803,0.0062659084487836,0.0001137251218481,3.2574150478199e-05,0.0002587937611017,0.000111236759303
2349,0.000758245157602,0.0005531404356806,0.0597352539036074,0.0243852333074182,0.0172938794790948,0.0055430898895559,0.0012690860035526,0.0006384907845783,0.0231271985096558,0.0058552877303408
2350,0.5228072164060789,0.0356734771094491,6.416459840792196e-05,3.521757634674073e-06,0.1439958620948373,0.0071382108554311,0.00011030190454,2.921284562582915e-05,0.0002760059184547,0.0001136149381068
2351,0.0007480564908366,0.0002957879503491,0.1886714329857166,0.0056755046694443,0.1857367535730832,0.0041562679949794,0.0013507989063571,0.0003946544169875,0.0684416456384073,0.0030719016207382
2352,0.0007300011517446,0.0002941791955034,0.5888261022004345,0.0053741472845697,0.5854147448063107,0.0036816142189309,0.002155684267394,0.0004002398610246,0.3062614712147322,0.0043133740154256
2353,0.0007480030681803,0.000269010140948,0.0712705968643093,0.0058342060727767,0.0687326756012953,0.0040441527559666,0.0010786731439439,0.0003521643927618,0.0201743407967624,0.0020316320481729
2354,0.4709899533483306,0.0449051142955761,9.743173555247888e-05,5.408979316745399e-06,0.1658608741054088,0.0043235748913229,9.088366911541863e-05,1.707661937044515e-05,0.0002614772144955,9.212807874211324e-05
2355,0.0007855324585032,0.000142748060249,0.0286608790160882,0.0036297000806472,0.0059198162354579,0.0012482060725432,0.0007390598485095,0.0001754949618661,0.0076510561648856,0.0009156065144136
2356,0.0007861464455629,0.0001123532292393,0.0294141287910919,0.0034194519494153,0.0075481439203217,0.001560991650527,0.0006574055298397,0.0001414645791872,0.0074832108027241,0.0011919256041097
2357,0.1735026932839132,0.0084722582653894,0.2563855697007014,0.0525588673759345,0.145430552481372,0.079104782338043,0.0232855992888492,0.0062816230965375,0.2333771939259834,0.0523890759876236
2358,0.0007376464493331,0.0002934252911801,0.1117129978838941,0.0056785441923349,0.1088485054850837,0.0040885312640832,0.0012203537240828,0.0003891078848768,0.0344424195548711,0.0025193109293582
2359,0.0007629781937981,0.0002301541203767,0.0287531922092804,0.0052001628599246,0.0251281301916513,0.0024162723786074,0.0009530649934229,0.0002914311398427,0.0094185184945378,0.0013596156371138
2360,0.0007919820211637,0.0001198838793378,0.0284363013294042,0.0034758299709089,0.0074923810897227,0.0013773916119185,0.000660068982403,0.0001510126672778,0.0075590005549678,0.0010609425123949
2361,0.0007841258584818,0.0001141805997153,0.0290714611077221,0.0036125249357655,0.0053901780640211,0.0011119383960279,0.000745177592635,0.000140143819561,0.0075075300336204,0.0008484109153346
2362,0.4751398007149568,0.0448406847777494,0.0001005703318,5.356092410733745e-06,0.1645147903389142,0.0035778450896066,8.785972072598218e-05,1.5648302641287316e-05,0.0002382251433908,7.821429822132609e-05
2363,0.5066921628086051,0.0394281961352998,7.618525332952038e-05,4.054896402481284e-06,0.1528446558560989,0.005372788472066,0.0001066589926033,2.313199385841008e-05,0.0002348137461373,9.476939338002244e-05
2364,0.0007291619184984,0.0002766450264369,0.3003566660890936,0.0054992314483398,0.2976327670479653,0.0039360966097259,0.0016119937146388,0.0003740576171701,0.1391462619041476,0.0037495962976907
2365,0.4708470911780455,0.0470366093478457,9.892371075106124e-05,5.501262696157585e-06,0.1643203156579256,0.003467629326766,8.656507110027623e-05,1.5230379329403532e-05,0.000229821847848,7.781998253883528e-05
2366,0.0007489409726348,0.0003999424973574,0.0275736227616791,0.0048389303758842,0.0146603165133544,0.003888427617045,0.0007760112455646,0.0004705698570655,0.0088548548829474,0.00229508322323
2367,0.0007402523059859,0.0002797599050754,0.0737012678997163,0.00560188152598,0.0709420581457965,0.0038449795033777,0.0011096548064164,0.00036828819053,0.0199017094345239,0.0020647929546072
2368,0.0007256468376835,0.0002831978674294,0.1272313963694915,0.0055441369628173,0.1242347717893508,0.0039359616788532,0.0012689873016193,0.0003778624742054,0.0422088635766582,0.0026438617292645
2369,0.0007281732074528,0.0002882802227386,0.4052224814543243,0.0054681328605696,0.4026000563095749,0.0039037380434036,0.0017944371517553,0.0003900879933219,0.2005481894177242,0.0041544715111106
2370,0.0007665927546706,0.0002460539584078,0.0288562748003716,0.005088146325022,0.0229197544116703,0.0024472378356785,0.0009503659684474,0.0003143491001639,0.008904658356376,0.0013070046683502
2371,0.0007721838479933,0.0002062192258987,0.0276265431754556,0.0048493442087474,0.0206480302587283,0.0022203164086175,0.000838066664955,0.0002585694441896,0.0083590491125985,0.0011489981001724
2372,0.0017029717434504,0.0002770269405397,4.35857715772335,0.0054054030188247,4.347185856560425,0.0033914579442587,0.0044533957914091,0.0003780189834292,1.805300240924598,0.0043198906993544
2373,0.0027550776958116,0.0014714093057765,0.2465520756963246,0.1200709454539231,0.1135682800154659,0.0499308929676496,0.0051652832105008,0.0013488098756227,0.1738883882701506,0.0655601472596157
2374,0.000774998334256,0.0001340761070408,0.0290837466943441,0.0042508022716259,0.0139250356689239,0.0016643728569441,0.0007985354158173,0.0001638832367087,0.0073653479437388,0.0009009564543882
2375,0.0007564452976554,0.0002901271059289,0.0943436154674991,0.0057187681053528,0.0915505059323222,0.0041261428102715,0.001135538604881,0.0003831396911344,0.0267925178208316,0.0022696507789879
2376,0.0008032415533386,0.0002790165228536,0.6339784941470998,0.0053444226446832,0.6306140180012396,0.0036338978237175,0.0023285506519423,0.0003807170813867,0.3336617015051556,0.0043422574365321
2377,0.0007476875143281,0.0002823393215327,0.0400872455837869,0.0054742349274605,0.0375200724956732,0.0031467851175429,0.0010432304916211,0.0003655961073466,0.0117953167988679,0.0017479852440967
2378,0.0007641899386978,0.0002006068631564,0.028856612457005,0.0039961808073324,0.0089503685403947,0.0011907741522965,0.000782858551499,0.0002500280929883,0.0075800827089106,0.0008416225396038
2379,0.1810021230896434,0.0065005070947262,0.1662189651961066,0.0294221843988505,0.1031190316332485,0.0482707754945163,0.0161996943219367,0.0048861571321483,0.1282613630938134,0.029284659026634
2380,0.0011440802610837,0.0002886690461047,1.543531841365341,0.005338021021136,1.5389150174112094,0.0035058311591281,0.0031340313485401,0.0003969448999185,0.7328096868468073,0.0044755037311876
2381,0.4561547702126732,0.0467564113789468,0.0001161024505263,6.225251883172969e-06,0.1686960387476062,0.0037677069193892,7.434251197828912e-05,1.4076078367801198e-05,0.0002525732049811,8.341584387612302e-05
2382,0.3462314853320978,0.0065466208926243,0.1746845338258536,0.0167571887194084,0.136450151420044,0.0511648526971628,0.0126640940958053,0.0041772642328616,0.1261051155178759,0.0167244185263691
2383,0.000778378590288,0.0001110541238384,0.0287931755746826,0.0035896974886652,0.0072629415661545,0.001340006602732,0.000703662893477,0.0001410371655725,0.0074253783672632,0.0009762260937827
2384,0.0234768267739536,0.0027520215033217,0.1847725833180755,0.0521324036401433,0.08265645176027,0.0361683079604586,0.0199210687964494,0.0025670588016982,0.1373004529194438,0.0507393943651152
2385,0.5267910493565263,0.02887763674913,6.246122037614994e-05,3.5656884717981136e-06,0.1456047018794853,0.0093411059371486,0.0001199505851206,3.360287806422505e-05,0.000304006701316,0.0001142317212978
2386,0.0007582600601036,0.0002390322598299,0.0613236030132586,0.0059344722189953,0.0590290489599697,0.0036482798382091,0.0010350736357365,0.0003081610918314,0.0183178273151839,0.0018793392948135
2387,0.0007554396052881,0.0003471070572763,0.0246887495346958,0.0034678354109001,0.0128689011658506,0.0029259420290114,0.0006329248097843,0.0004105375882283,0.0072074884155929,0.0018028988863764
2388,0.0253791304044435,0.0028496149979698,0.2529053152902796,0.0664253643033139,0.1037929277110744,0.0437625840873966,0.021192584236094,0.0022231650649059,0.1648798364824912,0.0650502911606529
2389,0.4993215256619493,0.0418014427677703,8.31442913042699e-05,4.44932489849804e-06,0.1588771718701778,0.0048217149571959,0.0001074254875965,1.991146850714148e-05,0.00026554019325,9.41922033071358e-05
2390,0.0009355718052191,0.0002861757642951,0.9644228704285484,0.0053334422224643,0.9600671810589132,0.0035482120421656,0.0026493518302357,0.0003922147997118,0.4867712484107028,0.0044614589624343
2391,0.0007465775384651,0.000291951377264,0.6652934221957597,0.0053584599268624,0.661838467215371,0.0036724105802982,0.002198026902596,0.0003965157838311,0.3452804600288433,0.0044306229753699
2392,0.1586079503306319,0.0058501731875311,0.2538012989685214,0.034812771540632,0.103595354821267,0.0497300725364693,0.0179637982657905,0.0042379711737684,0.1991590214801474,0.034655425088703
2393,0.000815192904441,0.00012183684383,0.0249041047140589,0.0033462726551768,0.0062930358738169,0.0012702733807286,0.0007345218792996,0.0001522942244891,0.0065085187539708,0.0008472292411795
2394,0.4537216073408531,0.0480819199611991,0.0001073324155632,6.204911040977468e-06,0.1681265835344157,0.0042053592164816,7.620237077821142e-05,2.02643295077554e-05,0.0002502593167767,8.605532095796497e-05
2395,0.0007416432103435,0.0002843456217323,0.5325720558726837,0.005438704573127,0.5295744559750197,0.0037266765153749,0.0020433539243544,0.0003868577109955,0.2708339810304097,0.0043172567885036
2396,0.001461367973079,0.0002785471904704,3.2456257552672643,0.0053447890753749,3.2364735964531777,0.0033962594339083,0.0038807051917247,0.0003833653401162,1.398343793431929,0.0042936998642371
2397,0.0007525727262824,0.0002476492182558,0.0309109812190648,0.0053177962140038,0.0284891866941753,0.002841004279889,0.0009528599796472,0.000318135754926,0.0103316391038512,0.0014444914308827
2398,0.0007218292643227,0.0002843888108379,0.3606845332330023,0.0054419698518038,0.3578693556050649,0.0038496505123293,0.0017430764213456,0.0003850181260738,0.1778379116400856,0.0040041611506041
2399,0.0007588973976083,0.0002060440445197,0.0290784591459351,0.0047958498693065,0.0197683922542658,0.0022229780536246,0.0008176973611007,0.000259241049563,0.0075947571011968,0.0010618569821294
2400,0.0007772627942042,0.0001841048343762,0.0294119559133431,0.0038663065997724,0.0104961738871554,0.0010115161573343,0.0007799077341746,0.0002287860603334,0.0079256445037805,0.0007236565690021
2401,0.000737267189026,0.0002866223913638,0.5073984484123109,0.00546155240149,0.5046454691011828,0.0038046788041644,0.0019934992833702,0.0003892236296271,0.2593488758465234,0.0043118848736831
2402,0.0007395122595419,0.0002905524119267,0.1074348720644018,0.0057392629594048,0.1044691091513321,0.0040509167923615,0.0012052422025847,0.000383873469137,0.0315630071305941,0.0024310916577979
2403,0.0007356214380798,0.0002837453891093,0.0747779214388376,0.005591979589982,0.0718934677136367,0.0038071453463004,0.0011473047715421,0.0003742727973226,0.021543712061046,0.0021775712178659
2404,0.0007847993533393,0.0001298931554484,0.0291758094476549,0.003836921126351,0.0072695010574991,0.0014492674424605,0.0007199698544637,0.0001605703486025,0.0075735044337069,0.0009964619003891
2405,0.0020635388834757,0.0010635641808911,0.1994442312297262,0.1188896596270173,0.0779392145729146,0.0238221922058757,0.004465770840509,0.0011182090586275,0.1126452952851092,0.0311751506215252
2406,0.0007402106288241,0.0002667484226011,0.0331589618208676,0.0052649175283126,0.0304611666622698,0.0029599680344814,0.0010338329543607,0.000348754951602,0.00965227104488,0.001648880088766
2407,0.4901756362267204,0.0416390811009123,8.066564670050586e-05,4.680675736031693e-06,0.1573218938660726,0.0044450383152565,9.471352128071086e-05,2.2930210054173337e-05,0.0001696492001205,8.263631884536928e-05
2408,0.5276691393696188,0.0388050744408654,6.099240764981745e-05,3.320770832325513e-06,0.1426541833005722,0.0048070273354986,0.0001090725509715,2.7330290992564383e-05,0.0002178525113649,9.81904771444296e-05
2409,0.0007837231701765,0.0001575905629931,0.0282606593884765,0.0039088077123901,0.0091801945011336,0.0011302752830375,0.0007640619588997,0.0001952430211733,0.0072439070305549,0.0007944376484934
2410,0.1553838541941452,0.0060086792111308,0.3470906901520724,0.0332491700958794,0.2170734120395628,0.0477253258438154,0.0162104656374776,0.0046952099985098,0.2978564908782055,0.0330923669296255
2411,0.0011192358074002,0.0002813053734758,1.5124809165521986,0.0053319123087184,1.5077173300737656,0.0035037282469616,0.0030754765490568,0.000387279140318,0.7277458427618704,0.0045198490637785
2412,0.0007751874245605,0.0001453693707937,0.0274463648056231,0.0035635313199939,0.0076335870845585,0.0018247363158351,0.0006830778714549,0.0001813763651124,0.0072318271252378,0.0011548388614529
2413,0.0007313452601453,0.00028468179929,0.2378163146584723,0.0056551421401816,0.2351484134257633,0.0041225411298598,0.0014652003370584,0.0003815839979795,0.1001696487552735,0.0034780351869177
2414,0.0007302692536083,0.0002878207324751,0.5573237496266913,0.005416943792666,0.5544980640256715,0.0037607928256038,0.002071637352707,0.0003905568725735,0.2817413416704536,0.0043581250676843
2415,0.0007672335758193,0.0002374940409682,0.0284443653971083,0.0051843100698857,0.0227042154451247,0.0024476598192318,0.0009320249853688,0.0003022097871167,0.0091598379622315,0.0013693254430357
2416,0.0007704581702744,0.0002469429451687,0.0286073450573898,0.0051707988833888,0.0251360044014909,0.0025934283845722,0.0009528676499776,0.0003157949074395,0.0094710686366772,0.0013390697718431
2417,0.000735265434228,0.000287840172203,0.5643350582849093,0.0054092778251781,0.5612379699527114,0.0036931883000744,0.0021655185823553,0.0003915477117999,0.2965270026291191,0.0043245580332241
2418,0.0007914226483856,0.0001275180183583,0.0289827406891058,0.0037064731335272,0.0076466043558674,0.0016056917033072,0.0007127721028087,0.0001593084684567,0.0076676695344348,0.0010552124039088
2419,0.0179355867924861,0.0020045052777278,0.2731997550673451,0.0654241969815629,0.1075704204098527,0.0393050164780004,0.019560053981983,0.0019675110527402,0.1667146267065941,0.0628228115680785
2420,0.0007828826709805,0.0001906310147573,0.0285756494182344,0.004384098414184,0.0123173244769296,0.0016129042998796,0.0008262811777175,0.000237335686716,0.0075704684267262,0.0009225742511279
2421,0.0007915840000529,0.0001477916820468,0.0285255349539103,0.0043075946412179,0.0137842784238531,0.001691403319483,0.0008112137183307,0.000181612557446,0.0073994147116268,0.0009524670788786
2422,0.0012493251255309,0.0002953687171318,1.859672517561713,0.0052876643935267,1.8551943000948643,0.0034682002586488,0.00338132778435,0.0004044502910968,0.8681002014539136,0.0044175665982874
2423,0.4957277528143065,0.0424612638257693,8.48379870174847e-05,4.674252177661539e-06,0.1599726829848957,0.0040740936949464,0.0001034442572494,1.835602591965429e-05,0.0002337351531401,8.638559486172563e-05
2424,0.0057429363364101,0.0011153713648456,0.1444983781524327,0.0940380102053857,0.0555285734046751,0.0243852190823779,0.0091156325280476,0.0012055257631962,0.1302935936954937,0.0796681611186485
2425,0.0007564000740834,0.0002568962937871,0.0372812096575958,0.0055355120025016,0.034355255061175,0.00303169623476,0.0010090363654608,0.0003285603617233,0.0122850811034106,0.0017244440606176
2426,0.4401500518384022,0.0494946963162015,0.000119212381751,7.076961061337639e-06,0.1734237806832249,0.0034285220688968,7.004542253366516e-05,1.5016405752395406e-05,0.0002351218778864,6.679884140010464e-05
2427,0.0007370433236367,0.0002928301221225,0.4639788033574892,0.0055071290126485,0.4616432828837485,0.0038961756768056,0.0018981289594536,0.0003950426926197,0.2335696052794895,0.0043588680554474
2428,0.0020104163669399,0.0002799106511711,6.767871694284934,0.0055020471222425,6.728074299183807,0.0035327544771699,0.0051771188407151,0.0003801528834071,2.582022437741262,0.0046290699622878
2429,0.0007820434285668,0.0001203110743319,0.0295085660255284,0.0035294634630148,0.0082926567332726,0.0015015046629319,0.0006514953520975,0.0001521627942276,0.0077448167364519,0.0011567476539056
2430,0.0007675655669305,0.0002125470947202,0.0269734138546708,0.0033245238267126,0.0091701445108603,0.0023567473050404,0.0005416383188142,0.0002613773583902,0.0072015378617218,0.0015554097914093
2431,0.0010985537294431,0.0006715591191971,0.024851915696629,0.0050486003543732,0.0148508808335859,0.0039721849791172,0.0010622274547719,0.000745229600602,0.0087142904972854,0.002286711279579
2432,0.1313284340408109,0.0074196126452346,0.1576941956900913,0.0135796228445284,0.1381909308250071,0.0658251159554795,0.0121281886769387,0.0039998741870616,0.1136297140379106,0.0135499454623367
2433,0.0007415096933678,0.0002806480960627,0.0407846675408754,0.0054149762793945,0.0385085929027548,0.0032980992712427,0.0009964836436565,0.0003659683282405,0.0115239153181988,0.0016156852788762
2434,0.5271563873740296,0.0384597785746495,6.210795239300556e-05,3.41072294307976e-06,0.1450955695562755,0.0056196155747263,0.00011564423945,3.0329380667660493e-05,0.0002456962461009,0.0001084363677073
2435,0.0014005803330431,0.0002842169009504,2.820607363634723,0.0053656315518041,2.812897039835834,0.0034164570659047,0.0037378626530556,0.0003913460727091,1.2443629771015976,0.0043257612202229
2436,0.0007392887879726,0.0002688433180564,0.0702317555854004,0.0056983758932318,0.0676162946469187,0.0038130232079474,0.001088183188118,0.0003527054751606,0.0191608845561145,0.0020077424251034
2437,0.0007348863000491,0.0002854145736158,0.2174024056206676,0.0055469591662842,0.2146893719226477,0.0039616882517598,0.0015169640289888,0.0003842834728891,0.0976845565168682,0.0034138445109554
2438,0.0011194723975634,0.0007612155860019,0.0226975171807907,0.004966683088707,0.0174785638325195,0.0042997452134017,0.0011744570635058,0.0008338233121703,0.0077782424199463,0.0025326983304535
2439,0.0007395880565182,0.0003369006425922,0.0260756415595887,0.0033825901641003,0.0118107246914943,0.0027517818811732,0.0006021256192477,0.0004005005352098,0.0067718478157001,0.0016376973320401
2440,0.0016685275056012,0.0002801204742867,5.525668403650568,0.0053402437490428,5.516437148667015,0.0033891119276318,0.0043705614821318,0.0003853106622528,2.172889503801319,0.0042635627725809
2441,0.0007299424523861,0.000247493288093,0.0270390172519168,0.0035276443865435,0.011044896079046,0.0023229549652077,0.0006035952398342,0.0002990348083532,0.0069697036009037,0.0014535754572071
2442,0.0007302598775321,0.0002854240551236,0.4677159382577882,0.0055048155501951,0.4653649841330723,0.0039104889022304,0.0018916355566517,0.0003858038676386,0.2373426939256562,0.0044313834224188
2443,0.2189607225343677,0.0067721768904962,0.1751012773261687,0.0231175905907243,0.135499045247112,0.0404972189282604,0.0144250492081731,0.0046689354243618,0.1231798736694698,0.0230404066203187
2444,0.0007602383324159,0.000244352040711,0.0345568150440778,0.0054057182613746,0.0319168212468321,0.002894453277405,0.0009713332541689,0.0003117697927779,0.0114357561917237,0.0015432172048557
2445,0.0007902581123458,0.0001379892303936,0.0286298940590699,0.0040852952835048,0.0094427074482718,0.0015013295054995,0.0007862882669677,0.0001703684493092,0.0075391038868381,0.0008751089789972
2446,0.0007901558068964,0.000114786339838,0.0289680053669537,0.0036522531352486,0.0066796287955045,0.0011940256340922,0.0007216441047383,0.0001420095619406,0.0075964941220197,0.0009005685029115
2447,0.0021862188165601,0.0015795624608301,0.2981615255520234,0.1563259821180209,0.1555935883931036,0.0418250122573915,0.0040274580117136,0.0014127851195429,0.2100773300839997,0.0567504992261482
2448,0.5403627631599418,0.0316597265148819,4.379653936444796e-05,2.753853132713083e-06,0.1323246017345038,0.0083161568583363,0.0001073234520714,4.653286976766494e-05,0.0003385152295216,0.0001483658244694
2449,0.0007347771505588,0.0002837554633598,0.1082199417868494,0.0057684786162624,0.1053299567218843,0.0042110353057076,0.0011629462410408,0.0003755196768391,0.0302807222460514,0.0023509978632101
2450,0.4226040271538357,0.0501973369735296,0.000166292801406,8.276353937046662e-06,0.2237074305053183,0.0037215733236718,4.998060733194686e-05,1.3309085551510587e-05,0.0002689114733068,6.649881043242593e-05
2451,0.0152629583977817,0.0021091545520703,0.2204634119450209,0.0651777163074555,0.0935630881930434,0.0351267858035545,0.0167868881539748,0.0020449909913084,0.1850690557061305,0.0624317627528202
2452,0.0007847126549288,0.000120679729179,0.0293095242335737,0.0039337059118261,0.0111694752612425,0.0021094532169868,0.0006057916518224,0.0001517054495177,0.0075737631644703,0.0014102936006387
2453,0.0007884066266219,0.0002247558280272,0.0287286572141093,0.0034510454031348,0.0102058833615768,0.0022919075498995,0.0005616290310687,0.0002754412020542,0.007589753756494,0.0015219453969312
2454,0.4153912646037705,0.0539848080008288,0.0001726735484908,8.58894749858097e-06,0.2316822916843832,0.003268124517476,4.542395379948852e-05,1.2257115719883037e-05,0.0003007034769569,7.974455600982558e-05
2455,0.0012896888546353,0.0002825907482272,2.1089845367077795,0.0053179103551028,2.104834502912176,0.0034390330792535,0.0034765286746207,0.0003884628726706,0.9751694595482888,0.0043507624931809
2456,0.4820410850255093,0.0398249015704082,8.539175513627564e-05,5.031229986300817e-06,0.1618376137755654,0.003892436961518,9.0992820604809e-05,1.8610626697176494e-05,0.0001959031363768,7.317841755237249e-05
2457,0.0206222269143043,0.002072041965127,0.1298521873357629,0.0456063514140717,0.0714082463296712,0.0283600024897182,0.0185122323721537,0.0021094854877909,0.1041709096918746,0.0438562543830012
2458,0.0014330147609305,0.0002806487451048,3.0484614140627198,0.0053271547706092,3.039114877621772,0.0033996462869671,0.0038139047960063,0.0003853800278928,1.329718587330159,0.0043401709870463
2459,0.0007858083172641,0.0002174561490307,0.0284376064470148,0.0043271688005947,0.0127502676758633,0.0015009549668643,0.0008379206200468,0.0002728726122399,0.0074200917522813,0.0008526033118004
2460,0.000789914030716,0.0001817434150507,0.0290190807769128,0.0046291851258856,0.0185278483485161,0.0017460459955967,0.0008370999317458,0.0002262374680195,0.0076341156737195,0.001004881726178
2461,0.0007178766410739,0.0004698532148076,0.0277689031405975,0.0051237400511792,0.0140303925520614,0.0040494920024882,0.0008149742934708,0.0005447315650578,0.0080543411901434,0.0024240497378607
2462,0.0007402390539617,0.0002801193283178,0.0683942975893372,0.0057808743164773,0.065976436763283,0.003904205281983,0.0010798055664927,0.000365443308434,0.0194445008479418,0.0020108953738439
2463,0.00073250649312,0.00028290776662,0.427179714814466,0.0054018565212189,0.4239526383108186,0.0037047685277728,0.0019178032517319,0.000384356999488,0.2154012107337507,0.0040421635593315
2464,0.0007260098104273,0.0002805043278194,0.3811357487547468,0.0053739146627954,0.377962213599107,0.0037086940772468,0.0018798009788581,0.0003815094853894,0.1902144358639707,0.0039167077026039
2465,0.0007496298711477,0.0002808802550332,0.0616080580971481,0.0056918295980504,0.0590219422283845,0.0038182544420677,0.0010733319889396,0.0003672425946391,0.0173972743976419,0.0019556527395199
2466,0.0007294441297819,0.0002935692334569,0.1824993146660726,0.0058176857566845,0.1796428852137387,0.0044075475850623,0.0012940222303149,0.0003907848131395,0.0626657213063779,0.0030002953154284
2467,0.0007585585829314,0.0003475178523598,0.0281106173555357,0.0034681092162087,0.0128580702728527,0.002685512508514,0.0006296143408537,0.0004128156435229,0.007423348944235,0.0014661802655963
2468,0.0007510997359307,0.0002839915052357,0.1384948854190035,0.0058735405584952,0.1357342578447711,0.0044118603307819,0.0012176663418528,0.0003766826299834,0.043035754313297,0.0026724037133977
2469,0.0007830255474666,0.0002439355450665,0.0278040338202114,0.0052088883926922,0.0239743161130595,0.0025018894325891,0.0009611375920484,0.0003103858562759,0.0092274828304005,0.0014192437492775
2470,0.0265939369103168,0.0021011274897036,0.2273056759998878,0.1240028647433538,0.0691195790643214,0.0250004488015373,0.0313564744926191,0.0022532569480792,0.2184978227240693,0.1174179804299176
2471,0.0007566230558724,0.0002591584561504,0.0342545955713571,0.005439006367999,0.0316436257263527,0.0029772336642604,0.0009370817475252,0.0003316692939805,0.0114781122932337,0.0014709751742541
2472,0.0007418863835552,0.0002728003617925,0.0777926556543463,0.0059084220961868,0.0751147682269318,0.0040587534302826,0.0010870253817499,0.000357485673216,0.0216580442459047,0.0020669599928574
2473,0.0013594266402216,0.0002814582145688,2.537457588352412,0.0053243112079951,2.53121078798092,0.0034172537025073,0.0036417460497456,0.0003875884775965,1.1357810118502356,0.0043694601488534
2474,0.0007538049101578,0.0004957568103926,0.026813986979003,0.0048057235500411,0.0127504393278524,0.0035652324411265,0.001044681329332,0.0005709905725008,0.0084814409845561,0.0021352966740738
2475,0.4910321326552239,0.040497494987361,8.606478017161864e-05,4.779301073201536e-06,0.1609273266647868,0.0050247486637404,9.929907888376128e-05,1.9077037221483715e-05,0.0002163676684474,8.80410960799318e-05
2476,0.0007303788847593,0.0002935273442301,0.2165327461631374,0.0054879353249715,0.2137823518439675,0.003870441053214,0.0015346738561205,0.0003933245351091,0.0970066745663367,0.0033792247384533
2477,0.0007304558373733,0.000281551445926,0.4184456890758473,0.0054883148399072,0.4158578375772543,0.0038895154216075,0.0018075740731944,0.0003810465227852,0.2049872250961191,0.0042085186326964
2478,0.0007421831061752,0.0002943351274786,0.2132361720700462,0.005605840415423,0.2103717998534328,0.00412324436,0.0014002756727978,0.0003931766530499,0.0808910849291172,0.0032198043715508
2479,0.0007630870225281,0.0002164577319971,0.0290197012995742,0.0049217546340399,0.0199004908309015,0.0020474155031693,0.0008875153482645,0.0002730893678983,0.0077175452342341,0.0011495019430175
2480,0.0007563749285578,0.0002522676210452,0.0316098190643131,0.0054090639503594,0.0292990142327673,0.0028476821692804,0.0009820523722911,0.0003227805196326,0.0105116958004433,0.0015043938996103
2481,0.0068268828189493,0.0013522378047462,0.3677269440638328,0.1550759857625408,0.1423344512272053,0.0504748727449222,0.0105578560010376,0.0013655526457588,0.271517251626253,0.1268306487017269
2482,0.0007360139829126,0.0002736596793294,0.0825593901989317,0.0057078335926298,0.0797762785564411,0.0039468896069489,0.0011575064879546,0.0003594851026714,0.0246857524144145,0.0022510705117357
2483,0.0011683202433709,0.0002858881661707,1.6598768614135462,0.0052990122851959,1.6549784155474654,0.0034781180282968,0.0031950338879555,0.0003933384861203,0.7829149329249765,0.0044672083124025
2484,0.0016365536020787,0.0002804198984775,4.564799545844646,0.0053607342045436,4.554249032239423,0.0033770186982735,0.0043024457501273,0.0003844941687939,1.855479985360311,0.004276054935936
2485,0.0007683066755005,0.0002224059846332,0.0285220469174172,0.0049036962469217,0.0169483217387291,0.0021709021998433,0.0008936583511769,0.0002816934517334,0.0075860600970612,0.0011664282924848
2486,0.0007378979011857,0.000299197966019,0.2281375980916655,0.0054938442315177,0.225230733734273,0.0039382403714524,0.0014952350217172,0.0004024005153526,0.1000001607920896,0.0034034933110238
2487,0.0016438104514921,0.0011799432808451,0.3704765020058321,0.1542309293740146,0.1563673610441497,0.0240914426080235,0.0027909043702162,0.0011403500314507,0.177509729189537,0.0271448643329292
2488,0.0007949062917675,0.0001879013340016,0.0288085274884165,0.0042791733335294,0.0138014612126107,0.001586143568571,0.000815390168056,0.0002330033466907,0.0078205891758429,0.0009598127787162
2489,0.0008157083393361,0.0001414419853662,0.0281083245730708,0.0036701867766159,0.0079829205893407,0.0017184688740091,0.00067835051618,0.0001783966478361,0.0075889692606668,0.0011329146790029
2490,0.1005426399787452,0.0058148208227474,0.3181949063725031,0.1084057935536634,0.1949867299356156,0.0793064331856642,0.0471431323135858,0.005233574264457,0.2811245557123327,0.1067469365801599
2491,0.0007393550334813,0.0002939953424849,0.1687566398275357,0.0058611156662548,0.1658685886105385,0.0044323352769657,0.0012552394086212,0.0003905913672383,0.0537642419238467,0.0028431101611074
2492,0.0007488211479583,0.000284045865379,0.0901373789633733,0.0058300824512865,0.0873634612787023,0.0042403055875595,0.001108882938696,0.0003726382837025,0.024094161747603,0.0021532427458086
2493,0.0011907873470239,0.0002799114455995,1.5871113431393584,0.0053099166979925,1.5825280088964937,0.0034629153955535,0.0032509576662789,0.0003865818481904,0.7567341258849662,0.0043397356022394
2494,0.0011139683943977,0.0002922285975943,1.4422801120032644,0.0053163875953177,1.437414414865096,0.003507054084294,0.003066418093032,0.0004012955785726,0.6913566613342621,0.0044683623639015
2495,0.0007474319912023,0.000278239057662,0.1071221816733362,0.0058857879718997,0.1042914334580367,0.0041653961459233,0.0011602070046163,0.000366097886609,0.0296721218326565,0.0023565128339804
2496,0.516518422451217,0.0361274103855406,6.412980396581651e-05,3.711009558497681e-06,0.1477952600602524,0.0063258546437581,0.0001165664184904,2.5837736865098547e-05,0.0002584518678585,0.0001086641557224
2497,0.0007784412582206,0.0002126901093754,0.0284822776289914,0.0049734908755462,0.0204927594569098,0.0021078570610228,0.0008594157090894,0.0002656045940426,0.0076524617846127,0.001157857542491
2498,0.0007704726284759,0.0002054747314409,0.0289956438243513,0.0045207434517252,0.0132372023505958,0.0016447687323401,0.0008556155146244,0.0002573735863442,0.0078163560786167,0.0009511026872704
2499,0.0007286433177562,0.0002912333302051,0.2071697498064136,0.0055089056190233,0.2042993025817809,0.0039437812722389,0.0014832787833149,0.0003914938582748,0.0898192106485636,0.0033147207410851
2500,0.0007710650423897,0.0002497545945007,0.0281896633367578,0.0051532381324284,0.0250488389715511,0.0024267250893438,0.0009543942496436,0.00031836259131,0.0094308241843497,0.0013194079444592
2501,0.0007841969188678,0.0001329790145384,0.0291439424001955,0.0037273668582055,0.0068875241132636,0.0015270245681676,0.0006911048430503,0.00016527361585,0.0074476325563696,0.0010887258232974
2502,0.0015645838969021,0.0002778237014232,3.9695993861391146,0.0053838063266699,3.9614565376910105,0.0033849532815009,0.0041288443996391,0.0003821742127195,1.65746064795406,0.0042508813614354
2503,0.0008943345514707,0.0002869384665209,0.8945813244826171,0.0053355486890374,0.8902588672180187,0.0035771341182319,0.0025519154332882,0.0003933305986931,0.46253510355544,0.0044622312041703
2504,0.000772703073842,0.0001936288157261,0.0292301826127541,0.0041874982005366,0.0115189899531494,0.0012852514129955,0.0008385502391184,0.0002424973396177,0.0078288080859462,0.0008138372105894
2505,0.0007536817985915,0.0002850431686765,0.0634268912398669,0.0056679555568492,0.0607600627341157,0.0037620669147697,0.0010749924797644,0.0003733405237064,0.0179584650870024,0.0019672777621857
2506,0.2181524359287437,0.0069694049981286,0.1858415583435836,0.0126220721185806,0.1676679893600508,0.0845041231995559,0.0093801580081947,0.0035449849897744,0.1421157714556853,0.0125905524412003
2507,0.032061262809638,0.0030798834793236,0.2569006118911757,0.0317422801121786,0.1106090102847558,0.0483055743809309,0.0171237113128343,0.0026196832558239,0.12373821237958,0.0314757622091243
2508,0.3945585822809622,0.0585239324237376,0.0001832886262454,9.993650058340752e-06,0.2491141456854654,0.0038469238352464,4.308683228979057e-05,1.5855680252428734e-05,0.0002875644805307,7.420872054658574e-05
2509,0.0007399314889206,0.0002697577823548,0.0828836019907801,0.0060268985165581,0.0803751486697351,0.0042133792818754,0.0010809471409278,0.0003523417012251,0.0230085416219526,0.002069094682231
2510,0.0775901702178407,0.0041916586340428,0.1742536307663221,0.0648818469565246,0.1253642838787332,0.057364215275617,0.0334541772970924,0.0038702696922492,0.1720434711530356,0.0637306097833375
2511,0.0007342144306539,0.0002684947859091,0.0695259419718926,0.0057292080299429,0.0668982738073433,0.003776606595087,0.0011060105360405,0.000350633561683,0.019420456855583,0.002057812701486
2512,0.0007722421296223,0.000253020662634,0.0372878289097634,0.0055441003918858,0.0339516506427029,0.0029224477056014,0.0009769663190959,0.0003232102431046,0.0126140345657108,0.0015860431791378
2513,0.0007313054619169,0.0002866862348527,0.5970579706001055,0.0053579435670578,0.5940263044807441,0.0037097854562043,0.0021574292543442,0.0003898675562321,0.3121342825005141,0.004410361972037
2514,0.0007416724668596,0.0002795595648011,0.1072102018386728,0.0058659052520867,0.1044077238927437,0.0042123447115473,0.0011688767376156,0.0003668208773006,0.0308592326016411,0.002375536994528
2515,0.0007466340234966,0.0002699661969405,0.0336971610444804,0.0054474389384273,0.0319758294025946,0.0031135015571383,0.0009634838755361,0.0003479706292552,0.0105598387389909,0.0015253817764557
2516,0.0007970865708061,0.0001354712693216,0.0269005640789534,0.0036940009996962,0.0098258437709615,0.0020509955610535,0.0006255974052809,0.00017020027107,0.0071361340257198,0.0014432486164424
2517,0.0007498498258142,0.0002785444297784,0.0316945593439682,0.0052745330632323,0.0292311828773954,0.0029398103613294,0.0010215537386466,0.0003607675177587,0.0094566418118609,0.0015964593664141
2518,0.4206749826028047,0.0586631831451594,0.0001674991597978,8.401383016345046e-06,0.2251710497397965,0.0038601095901709,4.7715818826046606e-05,1.797210831850079e-05,0.0002681284691525,7.19853960857697e-05
2519,0.4227350583961273,0.0499787423080255,0.0001435684469567,7.919068539260696e-06,0.2094448615135445,0.0043290615499248,0.0001089758812146,1.5367462631940742e-05,0.0003300329088148,8.235443034056133e-05
2520,0.0007472395855093,0.0002856652018357,0.1455818049147653,0.0056596400622175,0.1425694737522357,0.0040541702423368,0.0012890731248396,0.0003812299301989,0.0493333878028603,0.0027773966989976
2521,0.0015285426025719,0.0002852813702858,3.8010150433369376,0.0053167228540016,3.792230169649962,0.0033971277358946,0.0040374283267006,0.0003912195861207,1.603538971603357,0.0042736903465971
2522,0.0007312822967047,0.000287744678909,0.169321034873232,0.0056473624249151,0.166569099555345,0.0041057307755875,0.001344166502842,0.0003820771480696,0.0624263102902814,0.0029947477321791
2523,0.0007575644115844,0.0002238793332814,0.0289397785846248,0.0052114200436781,0.0240991999490797,0.002490721392214,0.0009077052060801,0.0002839227374982,0.0092277463629104,0.0012992907307757
2524,0.0007314470190857,0.000294289325588,0.1313143646071939,0.005655127354312,0.1284480184836785,0.0041653683729754,0.0012428359313992,0.0003910154623107,0.0418917662373956,0.0026393735175005
2525,0.0013573674342376,0.0002851858369427,2.671545663779081,0.0053711988694879,2.665116817183808,0.0034305169998851,0.0036350372309835,0.0003927611427835,1.192795601074487,0.0043732525413147
2526,0.0007861451686913,0.0001419079446709,0.0294923631517202,0.0038182525972668,0.0072648877967176,0.0018011080422353,0.0007196627551294,0.0001772810657907,0.0076618103686308,0.0011349331566346
2527,0.0007832918561247,0.0002322816998873,0.0275416670434292,0.0048913233016823,0.0176308022338519,0.0020638714080153,0.000902244771215,0.0002931665444704,0.0071802199330902,0.0011570853155249
2528,0.0007866691860535,0.0001709768352962,0.0283617725203026,0.0047822413424949,0.0186337969037936,0.0019786800353819,0.0008410022949982,0.0002121071325412,0.0076171075179038,0.0011063679014698
2529,0.0007494274676516,0.0004190439341739,0.028369902402498,0.0075888104451137,0.0150835130258869,0.0044545577906001,0.0010710983922742,0.0004898032430836,0.0105030731335102,0.0029891060261688
2530,0.3890253170023853,0.0641319760883312,0.0002324912045815,1.1188827666637495e-05,0.2653946327452207,0.0032912460358415,3.678344439066213e-05,1.3409430524090507e-05,0.0002924590967633,6.843902312662834e-05
2531,0.0007561700314446,0.0002121189837153,0.0287957248155878,0.004912626216905,0.0185083004481273,0.0022118836245254,0.0008517621950391,0.0002671088024722,0.0074522481753205,0.0011333926530693
2532,0.0007732182546776,0.0002530462978699,0.0285966056393719,0.0034123602921525,0.0092663989279012,0.0025346928673734,0.0005165658420631,0.0003086294806648,0.0073420779036634,0.0015874015903334
2533,0.0007658000153679,0.0002511561477742,0.028149746761934,0.0045524382553893,0.0135962176097409,0.0019861822996318,0.0009110148529819,0.0003219921876279,0.0074464984382688,0.0009634628858481
2534,0.0007796361033326,0.0001622681864447,0.0286606741916265,0.0038908754874778,0.0061904818141723,0.0011650566371027,0.0007564642850281,0.0002013633858825,0.0076212015601204,0.0008007003435676
2535,0.0007400687340536,0.0002913806732441,0.1793048073717234,0.0056541366498571,0.1764073657830686,0.004151290656663,0.0013428152605417,0.0003894981368782,0.0675810806250742,0.0030414154725691
2536,0.0007758088603994,0.0002371420505151,0.0293541974218366,0.0051502998493857,0.0269500808083491,0.002480456868953,0.0009223331523226,0.0003012468350751,0.0098346117508332,0.0012666942532642
2537,0.0007825679363995,0.0001935036939268,0.0281102033267602,0.0045453617247468,0.016173716059274,0.0017257965225178,0.0008448394006266,0.0002415346557748,0.0072938347257102,0.0009684378535063
2538,0.0007852459859682,0.0001100841402737,0.028833469671184,0.0035521249515441,0.009058498140218,0.0012811584297937,0.0006933809072524,0.0001362531747537,0.0075281410503987,0.0010529223570061
2539,0.0007711229469832,0.0003220485093751,0.0244172970633337,0.0040088715821219,0.0121799345070757,0.0032078322399909,0.0009597072484518,0.0003834532869043,0.0078064149644487,0.0020741436217826
2540,0.0617627361400434,0.0041868974326104,0.1465340778071164,0.0757576786023695,0.1151218146066932,0.0544686165663093,0.0350820211336384,0.0039709638988511,0.1412237994046737,0.0744345446501878
2541,0.1889404231211047,0.0376429206414533,0.0002312767020162,2.947914261765888e-05,0.5447078478136474,0.0048149314252115,2.869118920190427e-05,8.967576566019748e-06,0.000254803483914,7.24973512165838e-05
2542,0.0016112877231133,0.000279035970145,4.712537528873014,0.0053289766424282,4.702103362970171,0.0033822402808116,0.0042366529110102,0.0003830231691413,1.9124905475006055,0.0042960357221963
2543,0.0007871588586342,0.0001064086662393,0.0279764726431785,0.0049749916301255,0.0216274677138393,0.0024681085697416,0.0007777614699059,0.0001314442957231,0.007200765561834,0.0012804974736707
2544,0.0007288300132478,0.0002926962246378,0.2947168909707591,0.0054467209348278,0.2918763056637339,0.0038765370422959,0.0016185442451791,0.0003941723848282,0.1366786885613382,0.0037048887658275
2545,0.001142252159006,0.0002863694128358,1.4720738183442097,0.0053542169581285,1.4675344122108986,0.0035001842085728,0.003128586068178,0.0003938469554505,0.7029058642069553,0.0044631851492969
2546,0.0007450529839397,0.0002849913471318,0.4425887907771949,0.0054536904583837,0.4397414909640105,0.0038157671745229,0.0018406635513172,0.0003866999300994,0.2173469168333757,0.0041718590521374
2547,0.015336489347922,0.0018960131086062,0.3167228280931641,0.0795032702373122,0.2052254852261459,0.039814604866771,0.0176337281238683,0.0017572784544124,0.2692840087343961,0.0747652379918569
2548,0.4448834502743298,0.052062226990841,0.0001291263147806,6.877289861487551e-06,0.1842760972773439,0.0029714508335795,6.027567080001496e-05,1.3005267289911502e-05,0.0002532334386673,7.296436249167641e-05
2549,0.000733208326671,0.0002945147520688,0.1773735105372118,0.0056914869787951,0.1744600673158751,0.0042458245940574,0.0013210493747629,0.0003941070640571,0.0646566056575884,0.0030151653926562
2550,0.0007821207009559,0.000178800643234,0.0280849709079087,0.0042218517987229,0.0103876059216981,0.0014083666896766,0.0008360587599827,0.0002212210149397,0.0072369704466261,0.0008307946191341
2551,0.0007328032917941,0.0002852799805771,0.4460418309485189,0.0054684373546815,0.4432216174049414,0.0037871047595337,0.0018975692898185,0.0003865471511081,0.2253469773775291,0.0041790955126847
2552,0.00080147033643,0.0002844039307738,0.7408699555557384,0.0054066074210664,0.7373262799545098,0.0036621538348463,0.0023243462358217,0.0003886843096603,0.381310919930542,0.0044480477272476
2553,0.0007370312118557,0.0002783050188871,0.5169354538457205,0.0053741916292607,0.5135301330685484,0.0036305731403264,0.0021742240513543,0.000379922115661,0.2694246645859018,0.0041483916811803
2554,0.0007297015263943,0.0003653108290262,0.0271325345556437,0.0034469306876487,0.0112923153319674,0.0027394325744671,0.0006326738113932,0.0004300224037632,0.0070118265057542,0.0015837749759906
2555,0.4929333431234522,0.0379644627219534,8.097815298328298e-05,4.639712059637157e-06,0.1600282727751751,0.0046374928262901,0.0001024281561727,1.9309503733316054e-05,0.0002436290025936,8.55155577332418e-05
2556,0.0007558574556664,0.0002913497556429,0.0763702177178974,0.0057405216100197,0.0736344540602469,0.0039705972862096,0.0010966796701383,0.0003820515852578,0.0207524208261765,0.0020567826639612
2557,0.0010282870022238,0.0002853809387699,1.1396826245404037,0.005344176397876,1.1351365641961393,0.0035184944748922,0.0028662369626501,0.0003922841077166,0.5550961976381296,0.0044158044457377
2558,0.035711840481431,0.0033144595202106,0.1568878896457473,0.0584497374182339,0.1194730906718748,0.051697156062518,0.0251401787835829,0.003229671639246,0.1401076694389333,0.0576179180577437
2559,0.0007830966722016,0.0001710749896651,0.0284011460728034,0.0047887703411453,0.0207458581310876,0.0022520422799864,0.000780845668228,0.0002123716511741,0.0075274653586768,0.0011528626999014
2560,0.0007825829876463,0.0002122563316486,0.0279079793114268,0.0048070844963851,0.0167717294601742,0.0020200075436147,0.0009141811825275,0.0002667525272109,0.0073832105575583,0.0011213935670661
2561,0.0007932142485243,0.0001501151762556,0.0296493461567357,0.00451252527568,0.0145913791232967,0.0017902871869964,0.0008169659093266,0.0001849349689558,0.007964190844773,0.0010052611310994
2562,0.5071662295233949,0.0389874343081831,6.620439024758187e-05,3.9021534639727165e-06,0.1463546096689916,0.004807024748811,0.0001088201133629,2.4060983416187727e-05,0.0002223218101417,9.59198203145153e-05
2563,0.000726261073139,0.0002890289502255,0.1442343739543404,0.0057154878261113,0.141452763814819,0.0042198049823988,0.0012473631070885,0.000384050625582,0.0443292878923939,0.0026838320008392
2564,0.0007466349350817,0.0002692801837682,0.0526358679238763,0.0056372156367383,0.0500480854005432,0.0035886081556115,0.0010558292569047,0.0003502996966198,0.0156270724609504,0.0018412468155064
2565,0.0007775633645608,0.0001239749992604,0.0285679898513732,0.0034872828057267,0.0076909117908176,0.0016424585435693,0.00063096645147,0.0001550871929315,0.0074341487892148,0.0012456577608408
2566,0.0007527698107996,0.0003721217776108,0.0281351120868161,0.0049018562003105,0.0149811231682949,0.0040502596782252,0.0006616616420688,0.0004419187744873,0.0080336066632407,0.0022959603762433
2567,0.0007566976280212,0.0003721635287972,0.0262459817549876,0.0036128297195712,0.0131957523323688,0.0032091324346672,0.0007373758794994,0.0004398653612633,0.0090794978311853,0.0019694936457725
2568,0.0016432580113187,0.0002737534013217,4.967035953785476,0.0053453547797856,4.956855500613991,0.0033780920810774,0.0043151634550813,0.0003763125929572,1.997558697476545,0.0042720553329805
2569,0.000752232498668,0.0003832992199154,0.0282482025181432,0.0038793332550428,0.0118149260986002,0.0031989444307381,0.0006488505799548,0.0004505006167538,0.0076267677556378,0.0019304632998386
2570,0.0007750854916503,0.0002062431244502,0.0283534977549078,0.0048333840425443,0.0166855605095865,0.002009852372183,0.0008926496734504,0.0002588127703711,0.0075601539883382,0.001121059269673
2571,0.0007394965950251,0.0002902257088005,0.5703595392365751,0.0054031845711156,0.567163190961508,0.0036927350217503,0.0021758638571507,0.0003949812004525,0.2979115422734865,0.0043013290182379
2572,0.0013191557223325,0.0008822199795368,0.1294877435973185,0.0508011317394037,0.0369999709971541,0.0092952551771034,0.0024461026167742,0.0009613815326848,0.0413729864230946,0.0108999118722333
2573,0.0007332461190895,0.0002858198326098,0.2895527597098842,0.0054365140021965,0.2869049414817641,0.0038173900867349,0.0016973027963476,0.0003840452185168,0.1413026583233185,0.0037477296247531
2574,0.0017778561976004,0.0012180151295346,0.3031215478133527,0.0909210279916554,0.0681163375309019,0.0129049668518763,0.0017275359813431,0.0011963021697285,0.0759584027156601,0.0133396150341368
2575,0.0012163115426043,0.0008012457791298,0.0967546056734493,0.0361034508999984,0.0248633483273619,0.0071963095094068,0.0012779852892185,0.0008792761488588,0.0265524853357572,0.0065546031723683
2576,0.4563565812361454,0.0507361677369711,0.0001194669765159,6.107175426703717e-06,0.1675595130595167,0.0033031539446045,7.346010085608324e-05,1.4478044418888844e-05,0.0002530734679926,7.904907134039742e-05
2577,0.0007318827862031,0.0002906632390261,0.278365644680604,0.0055170293075698,0.2755948257797589,0.0038926172215825,0.0016087650709632,0.0003913037368401,0.1281606876159221,0.0036537312171257
2578,0.0014800336387731,0.0009352463766929,0.1465796744786363,0.0544127134243895,0.0481063670575558,0.0099839637888381,0.0025953431982607,0.0010067351372709,0.0650100544443005,0.0136218798284715
2579,0.0007346265077974,0.0002814533488533,0.2511151987530317,0.0056593080177617,0.248488234788592,0.0041358873972973,0.0014792796159137,0.0003772714747501,0.1046864959330886,0.0035202317119025
2580,0.0008057876296221,0.000292643813156,0.6694272005967651,0.0053524585056039,0.6652987503182145,0.0035946395188989,0.002346184042811,0.0004005137313657,0.3532367767329926,0.0042541391646769
2581,0.0007174056260598,0.0003766834584573,0.0258727230027106,0.0036766224324536,0.0112006699519963,0.0030381959524302,0.0007446561445905,0.0004424240883746,0.0069971882798884,0.0017716708735384
2582,0.0007890950285876,0.0001657965410822,0.0286308493001775,0.0047582345222674,0.0144963483244121,0.0019015442662537,0.0008625668367177,0.0002044812314227,0.0075174454246954,0.0011248978072323
2583,0.0007549856866476,0.0003193259713796,0.0288455912792214,0.0042937449934023,0.0114371764378141,0.003153108097941,0.0007804573414416,0.0003819408254484,0.0075346428350836,0.0019581300269635
2584,0.0010012987128805,0.0006480142785767,0.0272871077294274,0.0068853604720711,0.0141261511121877,0.0043071859294889,0.0011787782241734,0.0007226316696142,0.0117983438998573,0.0025867514723377
2585,0.0014562396960073,0.0008804555494427,0.1016056627150929,0.016949294556907,0.0212935731016994,0.0051228734353878,0.0024251834800177,0.0009398928920386,0.0245144425371042,0.0034382976996165
2586,0.0007601757390848,0.0002466649254613,0.0269519799114159,0.003525716461939,0.0095451290192617,0.0025540585453771,0.0005756512805443,0.0003000432086064,0.007148518379404,0.001538741043097
2587,0.0007940916996013,0.0001273099125021,0.0287500382632,0.0036068594631602,0.0048271794931918,0.0011938036767998,0.0007244941216668,0.0001568599256095,0.007419788595481,0.0009467082289455
2588,0.0007668848112905,0.0002349761795812,0.0283151788895832,0.0047880364493952,0.0177113174866206,0.0019127907669769,0.0008976317803305,0.0002982111952437,0.0072942919604253,0.0010598058439681
2589,0.0007820755855222,0.0002603238154667,0.0283319516954488,0.0035510427356486,0.0101446127498519,0.0026585143243251,0.0005671487557999,0.0003146029691755,0.0074094296677325,0.0017208944906589
2590,0.0705492472361389,0.0047878995637666,0.1908802733238327,0.0395601184906569,0.0995098793900612,0.0515540591086642,0.0207761807585518,0.0039417330141607,0.1328172520966104,0.0390446762571154
2591,0.0016943123769733,0.0002861584591382,4.137972252725995,0.0053701768433528,4.125571544468239,0.0033923906060043,0.0044348963878816,0.0003884173606462,1.723597797527154,0.0043421402571759
2592,0.0007675546949542,0.0001924089250829,0.0288588314772759,0.0041909446378062,0.0082728343636329,0.001342551179169,0.0008400648051207,0.0002390561769191,0.0074555960926634,0.0007870660902746
2593,0.000759068101686,0.0002897365365759,0.0712469160668641,0.0056142698104953,0.0684343690077483,0.0038743964703194,0.001134336274113,0.0003820105170021,0.0206322570291142,0.0021608379962742
2594,0.4766283041523956,0.0474867926786478,9.470798850608756e-05,5.341080891582841e-06,0.1657897709002718,0.0033249516383132,8.692673056572584e-05,1.587801155117983e-05,0.0002319512660844,8.19843215025066e-05
2595,0.0022339581933574,0.001457025829517,0.1424971898547913,0.0610754170929938,0.0717517422654187,0.0282131069645704,0.0036837493919692,0.0013757022275457,0.114820243911788,0.0468348679187351
2596,0.0007642174264786,0.0001853643902011,0.0264344270777625,0.0033501104942688,0.0090875345257181,0.0019532863891732,0.0006655742119841,0.0002290047424562,0.0070300671557741,0.0011767176481515
2597,0.0015522016713131,0.000983622926024,0.0254818984116307,0.0054096764667693,0.0189236262596853,0.0056755561808086,0.001332899559986,0.0010309568808861,0.0094197975030142,0.0029683583787403
2598,0.49103133392857,0.0405979645842228,8.105133290301149e-05,4.641102345685311e-06,0.1590420170875134,0.0037821304709366,0.0001026295045386,1.9160782841387065e-05,0.0002180651275022,8.124298813653353e-05
2599,0.4903534700891039,0.0417301082443298,8.041442488432407e-05,4.791078772502275e-06,0.1590771206756551,0.0041096709453,0.000102746739824,1.894279641249992e-05,0.0002141642491745,8.382395367367607e-05
2600,0.0007249703208276,0.0003427557803609,0.0263841551823131,0.0034837491842393,0.010209811741027,0.002598765386946,0.0006649088655198,0.0004040306178177,0.0068451859385074,0.0015647411775859
2601,0.5094337694232037,0.0342674261504587,7.374218584734688e-05,4.037328465300576e-06,0.1506743109028803,0.005393051613405,0.0001083680224854,2.244709334142712e-05,0.0002361774114035,9.361029292528626e-05
2602,0.0008481100047328,0.000288202841219,0.745628640588761,0.0053545619731924,0.7418322431060301,0.0036149497907047,0.0024365688433503,0.000394144371077,0.3868145912236993,0.0043449720581292
2603,0.0008186989658745,0.000132195202572,0.0251826589416738,0.0035874135175418,0.0076790437480094,0.0015743930437649,0.0007298089551444,0.0001635935586802,0.0065588949156197,0.0010157320582701
2604,0.4915715814143627,0.0429642579713932,8.951890780413578e-05,4.757607627066404e-06,0.1612837917805408,0.004380478564796,9.68425766775273e-05,1.92870952863996e-05,0.0002179310254253,8.582484915861068e-05
2605,0.0007391644836928,0.0002945479680764,0.1227660377375121,0.0058815310430549,0.1198243843615537,0.0043801904567506,0.0011772188983931,0.0003897658816968,0.0351234737531621,0.0024528453253056
2606,0.0007435024561479,0.0002551940430054,0.0414065781891518,0.0055826668784597,0.0394102122165919,0.003221791751649,0.0009887043841231,0.0003296740195122,0.0126055044979633,0.0016350124025018
2607,0.0007594193048627,0.0002201016600282,0.029154122849471,0.0047648380786967,0.0155342477886075,0.0019239714684427,0.0008841872949247,0.0002784707755817,0.0077084479064492,0.001065789554915
2608,0.000801682921193,0.0001728350958277,0.0278294569064492,0.0044471833007382,0.0140892757025471,0.0034714483364063,0.0004904109352943,0.0002169333960499,0.0080609543923696,0.0022076446767413
2609,0.0012810086184957,0.0008403113731511,0.1735789352355351,0.0531943091839754,0.0529257015957663,0.0084988115323961,0.0016852096988661,0.0009087559176643,0.0595313664702366,0.0092671313032263
2610,0.5314926181737515,0.0367003856708986,5.47865751281677e-05,3.124964234475012e-06,0.1433897439943499,0.0066387314707752,0.0001155648513845,3.1643439232354835e-05,0.0002526773410574,0.0001133337276705
2611,0.4838558444800731,0.0450364658242922,9.483803839478846e-05,5.04456436470206e-06,0.1631022195061293,0.0040931116547224,9.387087545563733e-05,1.7007248409062338e-05,0.0002123355569145,7.754486925921565e-05
2612,0.0012813038267891,0.0002850050685348,2.101938219674382,0.0053111810612167,2.0975897324356665,0.0034409661064607,0.0034588746354622,0.0003919611366667,0.9634725016515936,0.0043554006087919
2613,0.001932387617931,0.0013162608084191,0.0763891100483065,0.0178516567312764,0.0250291405328497,0.0075876407263833,0.0016719396441523,0.00128033696612,0.0191462433339415,0.0047402718447193
2614,0.000769894422579,0.0002824717848912,0.6600236407880791,0.0053842506456641,0.6561693806629743,0.0036119922281678,0.0022584094432407,0.0003870911663723,0.3476739726696572,0.0043233318489286
2615,0.0007584919838346,0.0002494545869793,0.0423494064848783,0.0056953321260273,0.0405681942184873,0.003249222437369,0.001001057783589,0.0003194665839729,0.0134347815348013,0.0017658054062961
2616,0.0007295405435324,0.0002911935130485,0.3372386810761769,0.0054928652850604,0.3345638417293179,0.003892983551218,0.001699945737924,0.0003923993807577,0.1620771474807317,0.0039057636456801
2617,0.0007847327473269,0.0001798593395403,0.0278976054920617,0.0045918437342361,0.0158942942781407,0.0017717998838497,0.0008764109101502,0.0002232606697759,0.0072081899609833,0.0010367087064828
2618,0.5289499380341308,0.0372487541780926,5.295912449060157e-05,3.254219966462016e-06,0.1379008523856588,0.0059443617510173,0.0001029943767575,3.250299949196291e-05,0.0002403087872307,0.0001132912537601
2619,0.0014655158369966,0.0002870505408654,3.424498101069987,0.0052946676053229,3.4139723919044505,0.0034047742317165,0.0038900254096601,0.0003932556748825,1.4738775313944348,0.0043451468879439
2620,0.5391489552535806,0.0339241312670906,4.891584213760404e-05,2.853313691472555e-06,0.1387479085506737,0.0077873974600659,0.0001078466707869,3.949330467909649e-05,0.0002990720413163,0.0001341485155276
2621,0.0010772698328537,0.0002845965870461,1.3156426595990651,0.0053137605886819,1.310700345099784,0.0034881576628933,0.0029858051349216,0.0003915155594919,0.6335413689792411,0.0044066050291015
2622,0.0026084300073402,0.0007413241223066,0.2353901755568693,0.1220341730059906,0.095954361429295,0.0225591161998109,0.0056303399257696,0.0008523853285024,0.1470581042903728,0.0364728650561295
2623,0.0007432396963074,0.0002819038462521,0.1194744175834253,0.0057741577594026,0.1166462545560408,0.0041658777124344,0.0012111011305173,0.0003727256669417,0.0358274254251632,0.0025266537638531
2624,0.4706810535348982,0.0463831383279718,9.707964458006612e-05,5.32368924914119e-06,0.1633837764976561,0.0036756108339223,8.846327106632422e-05,1.5972590945788078e-05,0.0002406155001783,8.141493659104833e-05
2625,0.0007627587217402,0.000249985194008,0.0270389828065667,0.0033701433908786,0.0101486562749543,0.0021797631796664,0.0006105691497935,0.0003031271920766,0.0070416295163735,0.0013320261696455
2626,0.0007766542949329,0.0002062717107986,0.0293165879215145,0.0046319792979743,0.0179362561272997,0.0017160986232595,0.0008587293293672,0.0002563819292958,0.0075946143961887,0.0010159308243517
2627,0.0007280985988379,0.0002837181065677,0.2236278559260251,0.0054791504510439,0.2208046539668564,0.0039412121804668,0.0014884729262257,0.0003819090293943,0.0992035052270059,0.0034079875559499
2628,0.0007808101413962,0.000224024728746,0.0278798756432118,0.0049582581735147,0.0204809908904925,0.0021559288854255,0.0009086249381907,0.0002843404326555,0.0084399252541906,0.0011795002147191
2629,0.3213829294776459,0.0161059127815795,0.0005809492852819,0.0002010571405714,0.3241384622696227,0.01760295743309,6.625451519802067e-05,2.18005326654918e-05,0.0005505528711227,0.0002108205310269
2630,0.0007349105147838,0.0002900812914325,0.1872390335159817,0.0056424557304624,0.1844131702368694,0.0041130196655353,0.0013743326788788,0.00038770713022,0.0719039576252693,0.0031147916710191
2631,0.0007400786331544,0.000287841395756,0.0462793765098213,0.005482496121763,0.0436897924170294,0.0033791558817775,0.0010624837063964,0.0003751173741001,0.0131118739493004,0.0018198949537498
2632,0.0007545782662354,0.00028007211435,0.0725601133515386,0.0057997685491132,0.0698194196387841,0.0038858544926446,0.0011255209166948,0.0003651282184461,0.0218074321676139,0.0021481471438008
2633,0.0007355170965277,0.0003761459242184,0.027209200291164,0.0035825630791479,0.010405858902887,0.0028801384382063,0.0006268677094447,0.0004428951290796,0.0068897009493036,0.001713165614057
2634,0.0007492179580349,0.0003404565413958,0.0283464283977919,0.0037468613923602,0.0129832894791058,0.0033059577799991,0.0006365972413801,0.0004066665348425,0.0073584582022982,0.0019874647338182
2635,0.0019891755107495,0.0013393535789083,0.5303384476003454,0.2567307431801507,0.2146236301452072,0.0516377569651234,0.0032966844745897,0.0012524232597912,0.2358215758267186,0.0576625652333274
2636,0.000780390289267,0.0001475898841775,0.0282830297684753,0.0041814651803815,0.0091130845217151,0.0014070630734514,0.0008177553687896,0.0001820889907414,0.0074751433830448,0.0007916974518278
2637,0.0007117147129218,0.0004427174490907,0.025202803921844,0.0036687075201115,0.0128854325669282,0.0032981401631763,0.0007587208072946,0.0005144948084791,0.0066445550705731,0.0019115340992956
2638,0.0007821640460353,0.0001774773143853,0.0292682713176194,0.0040045413850435,0.0080093649142762,0.0011340250088963,0.0008016663397086,0.0002201952449846,0.0078037149690219,0.0007190708780175
2639,0.0007568633397417,0.0002186659529124,0.0294930701959454,0.0055747758466919,0.029460310380466,0.0027796548710906,0.0009719169755278,0.000276823724494,0.0100656386816385,0.0016009115626115
2640,0.0007912896849737,0.0001364525124554,0.0286884270211027,0.0034438372138055,0.0070918410149527,0.0014683483686484,0.0006698967390328,0.000171751602555,0.007581518040461,0.0010586424980937
2641,0.0007510862961786,0.0002735158945117,0.0266312414804553,0.0035727743838591,0.0109922783820445,0.0029094619448383,0.0005090861115466,0.0003316938934776,0.0072942480973994,0.0018839283914414
2642,0.4972060600929343,0.039148257320039,7.377268968559852e-05,4.315595646078303e-06,0.1556361960622738,0.0051101841676204,0.0001085374529871,2.086236650310446e-05,0.0002514037623467,9.60648220866953e-05
2643,0.0011598894560088,0.0002710001882477,1.6710646734058627,0.0053660583435975,1.6661559530302068,0.0034482788633281,0.0031785147249986,0.0003754477772573,0.7833212471637141,0.0043984128190474
2644,0.0007207093493397,0.0002783444087899,0.4657142421139665,0.0054341374552229,0.4629227184406124,0.0038041881141321,0.0018808083010984,0.0003774788879283,0.2298078661484643,0.0042052997640731
2645,0.0011839705308339,0.0002743942551412,1.6655293358755958,0.0053368507478317,1.6610527480954276,0.0034417795778253,0.0032334559975616,0.0003786119641458,0.7833329060371109,0.0043285416923233
2646,0.0007686940023964,0.0002872704817159,0.5777821487628205,0.0053672072102618,0.5744456559498842,0.0036474811380398,0.0022497264789907,0.0003914656248996,0.3023660941969976,0.0042769155038942
2647,0.0007795169283414,0.0001234730059432,0.0291036614750959,0.0034880846513688,0.0075356099622677,0.0016745169925187,0.0006985652752283,0.000154560822859,0.0074826348324634,0.0010760516772589
2648,0.0007682454079602,0.0001990781665099,0.0296272428711832,0.0044702531356569,0.0129214715930235,0.0017049922447474,0.00085611177493,0.0002497020512802,0.0076778499219528,0.0009103349365554
2649,0.0013317593092599,0.0002904899379683,2.4266378008420078,0.0052984073217258,2.4217397748369747,0.003442623310668,0.0035773628653927,0.0003991262580324,1.0944074595112707,0.0043854727008747
2650,0.0010125786329157,0.0006785914142351,0.07992746041187,0.0174095709496969,0.0195069901254527,0.0049102358747644,0.001103204988204,0.0007599942456328,0.021097075775039,0.0034284773967232
2651,0.0011140223792971,0.0002806378760432,1.2794702168102243,0.0053230438222314,1.2749371557865126,0.0034497939438377,0.0030753039861644,0.0003864649201914,0.6163983361948546,0.0042458459019866
2652,0.0007987093099126,0.0001415920170327,0.0279051252867793,0.0044056386837982,0.0123310173540704,0.0017979515590915,0.0008142614558036,0.0001748113790231,0.0074182684043485,0.0010362679067819
2653,0.0010696236132193,0.0007120005875347,0.109193448620255,0.028782865566655,0.0248564767277993,0.0051460215132212,0.0011889553961681,0.0007945642739484,0.0316737956396182,0.005231290005941
2654,0.0007804741922137,0.0002322670564325,0.0291555057856848,0.0053784998347102,0.0271380376850903,0.0026808638767112,0.0009437530889658,0.0002941718568828,0.0098993185123094,0.0014472864420487
2655,0.0017776447617903,0.0002837377117829,6.573879417989974,0.005394342491421,6.560229659020575,0.0033921440794733,0.004630808240544,0.0003868698098034,2.488280753395816,0.0043008841189133
2656,0.0007825834920316,0.0001423918335774,0.0270746456496443,0.0033788240755966,0.0068209512271789,0.0015290139697292,0.0006645027312821,0.0001788160698039,0.0071435224035725,0.0011065307296275
2657,0.0008499700862941,0.0002839502658784,0.7701045380491515,0.0053737857994774,0.7658580273114676,0.0035649651952466,0.0024491253359948,0.0003890569779686,0.3964618730736672,0.0043128868278056
2658,0.0007266564755697,0.0002821350905539,0.3127325009166217,0.0055048090449105,0.3100341757156229,0.0039504530648145,0.0016407248595617,0.0003803747324391,0.1447644074832028,0.0038199275552397
2659,0.0015290357816912,0.0002892481709524,3.8662234289153634,0.0053271182334413,3.857385495633139,0.0033936089696653,0.0040408461478068,0.0003956466316998,1.625608880217598,0.0042680574190262
2660,0.0007731734516706,0.0001768523258304,0.02911116232205,0.0049110270601247,0.020437706017499,0.0019964592066285,0.0008676857412703,0.0002191844409088,0.0078152177999764,0.0011476068774642
2661,0.0007889272299688,0.0001026184498409,0.0278357077912194,0.0036120352665633,0.0066197800416444,0.0008711359274456,0.0007190612846108,0.0001281749798596,0.0073493195528638,0.0008120085328919
2662,0.0013065605342857,0.000283652392354,2.3505587693179346,0.0052910758124152,2.3461638729504943,0.0034228311587677,0.0035198749250698,0.0003894714158579,1.0636245469810102,0.0043509409284221
2663,0.4449218195113441,0.0505025526679196,0.0001305951477349,6.874604938029591e-06,0.1866722768727739,0.0034856054943876,6.472044706586704e-05,1.4873612853377877e-05,0.0002630512549469,8.023333983608759e-05
2664,0.0007894050260254,0.0001331169141408,0.0284687066654002,0.0039004650749414,0.0086261668055481,0.0015757923251529,0.0007125699896751,0.0001643230878565,0.0073545393091792,0.001056242497065
2665,0.0007960597390971,0.000149195502891,0.0274375739319056,0.0042113596133087,0.012452448025458,0.0017063544210398,0.0007939027258214,0.0001833965418659,0.0071559387915318,0.000973995747585
2666,0.0007488640407391,0.0004398178536437,0.024852565685896,0.003536907580305,0.013840515437957,0.0033950435831892,0.0007384656960337,0.0005116000471299,0.0078272642149138,0.0019365991919047
2667,0.000783683464309,9.001762652058472e-05,0.027405476060946,0.0039984273162526,0.0104019713826531,0.0016756745536204,0.0007683432560923,0.0001113962634084,0.0073145875161043,0.0010557980299049
2668,0.0007944478907069,0.0001793815581644,0.0279195970359919,0.0043875510289263,0.0168595376810946,0.0018953389034717,0.0007811798867472,0.0002219275773898,0.0074812994225692,0.0010427493896854
2669,0.0216137078714201,0.0019816198170326,0.1671434232816916,0.0918462660436622,0.087207103297672,0.0338273258579767,0.0246062233061112,0.0020786902748201,0.1618716483536215,0.0874348548117032
2670,0.4993927359273669,0.0417071906633619,8.343581581557681e-05,4.430429908345118e-06,0.1603926833119794,0.0053602322241155,0.0001078131097768,2.0906754773724287e-05,0.0002926337476317,0.0001012056128862
2671,0.4844237213418899,0.0427516630282318,8.483973669244429e-05,4.874714701335007e-06,0.1618753855762396,0.0045909712990777,0.0001010024960236,1.8500816021718143e-05,0.0002789761967927,9.33072289171524e-05
2672,0.0007389198925484,0.0002829370202371,0.2171667933106923,0.0057226799938468,0.2144577473134946,0.0042333510465927,0.0014008421915938,0.0003778924881763,0.0859014850115152,0.0033333741724483
2673,0.0007264788710035,0.0002805972075039,0.3772284522313462,0.0054526286247939,0.37438184460364,0.0037527718419973,0.001839498403651,0.0003805320008246,0.1906856828810091,0.0039903647136159
2674,0.0007628227628519,0.0002436141115418,0.0380442841146744,0.0054661751604163,0.0344786137432877,0.0028870804363767,0.0009858889516846,0.0003103557072931,0.012808363704905,0.0016284397181941
2675,0.0007557965575291,0.0002090868503365,0.0291480159026676,0.0051584082664535,0.0226187580802363,0.0024204102832948,0.0009308414297275,0.0002645735830193,0.0081718011682778,0.0013007822740121
2676,0.0122222630303935,0.0015018047431533,0.1801744492025935,0.0851592402801409,0.0575647427000868,0.0250120841204405,0.0161932916673025,0.0015848106991545,0.168921123451637,0.0777146134038548
2677,0.0007458536640967,0.0002714650870091,0.0775815049095108,0.0057808421871396,0.0747911613543751,0.0039201322129889,0.0010955925585578,0.0003554430383435,0.0206507275935511,0.0020324253041731
2678,0.0007920834524647,0.0001387265890732,0.0289588855814155,0.0037208565357548,0.0061654652488845,0.0011737130102316,0.0007530416456382,0.0001707331331547,0.0075977410257617,0.0008253857532789
2679,0.0016489470864641,0.0002709174468097,4.636036807129673,0.005366898683807,4.625690172082227,0.003374593408994,0.0043291559649384,0.0003732934946167,1.8794117142681337,0.0042789472370657
2680,0.0007706131458477,0.0002822169124845,0.6223905176212862,0.0053573163340117,0.619284719822581,0.0036648341631073,0.0022512468725851,0.0003837096452042,0.3251100039003625,0.0044008008931786
2681,0.0199223780853086,0.0016818670115576,0.3158739314447085,0.1898820506568784,0.0448773862816378,0.0265223181623449,0.0273594578422787,0.0017783817503235,0.3009508990545062,0.1738483871557581
2682,0.000752818293715,0.0002818655814344,0.0683212243716227,0.0056657124654559,0.0655733251448719,0.0038499470115675,0.0010935630665252,0.0003703609360621,0.0188630918296082,0.0020195517392191
2683,0.0015785683688809,0.0011755869185569,0.0837842046843727,0.014689600470062,0.0220968164342752,0.0073678836198223,0.0016344942090013,0.001154272879092,0.0230953665274452,0.0043053474063224
2684,0.0565761860265005,0.0189851104692413,0.0016512248980186,0.0005119589468883,0.2789669372566186,0.022590419925187,0.000360748049983,0.000108138785727,0.0015717711187416,0.0005125545897563
2685,0.0013301302734891,0.0002858400898414,2.4696614588758403,0.0053165492756609,2.465304802396424,0.003435743534522,0.0035723237783797,0.0003931585949887,1.1097221593249549,0.004352156151648
2686,0.0113602400420129,0.0014691722881302,0.2847813263943025,0.1835517378060479,0.1253428503478725,0.053559820737632,0.0168740273029457,0.0014634347148339,0.2732875993013849,0.1665498649723112
2687,0.175252073867748,0.0078218031116754,0.211606282552797,0.0108448069722453,0.1558966596453372,0.0770035650174562,0.0119183048510497,0.0036589291208936,0.1778863609350601,0.0108120348347992
2688,0.0013461954027899,0.0009291726072378,0.0258956480550338,0.0064809099710028,0.0210650029170632,0.0069433545890276,0.0012906628165444,0.0009871115445711,0.0115978171279188,0.0037200578154065
2689,0.0007758187121456,0.0002260692244444,0.0277986379426351,0.0048673902728848,0.019459677183702,0.0021285595644308,0.0008777017731983,0.0002853771252604,0.0073712757639369,0.0011147366469828
2690,0.528445268509415,0.0317822210856353,5.228583492171463e-05,3.2116506153580275e-06,0.1401135996949582,0.0071113271754922,0.0001062987059147,3.456073812868024e-05,0.0002167983432215,0.0001165704507573
2691,0.5250607099064268,0.0368410592054277,6.37786428756117e-05,3.4419080114431308e-06,0.1463241325454313,0.0068314389786371,0.0001173516569524,2.8210503143513855e-05,0.0002474510168725,0.0001095253101268
2692,0.0007499427590604,0.0002858734056332,0.1040685032415354,0.0058157777063132,0.1012235378389028,0.0042175078617051,0.0011615314130695,0.000376802811085,0.0295797395938755,0.0023497490917751
2693,0.0007383581910138,0.0002808031519557,0.1450177660439275,0.0056745823256554,0.1421889671175536,0.004156368974204,0.0012584110730591,0.0003739767782462,0.0467054594384903,0.0027216120229566
2694,0.0011322362402533,0.0002884027927506,1.5384723082810334,0.0053039511056748,1.533632142492543,0.003497462417945,0.0031086154616746,0.0003958332587838,0.7339786942902427,0.0045120532021182
2695,0.0007404159411037,0.0002882053837319,0.1901473717973842,0.0057783797224825,0.1874415996803758,0.004338492099048,0.0013461235027193,0.0003832774906386,0.0704947788620107,0.003142305871461
2696,0.0007550605407103,0.0002703432272259,0.0431495924268097,0.005498243806266,0.0407163785786406,0.0032286412740346,0.0010234449169815,0.0003500873182965,0.0124470815027454,0.0016700315860035
2697,0.000725391193844,0.000275443563535,0.3843537245464127,0.0053977388465965,0.3809013219766676,0.0036309659571541,0.0019171094274484,0.0003758480576021,0.1960862396533348,0.0038772659146801
2698,0.0007273443953642,0.0002800248737043,0.3828087570520788,0.0054691860480271,0.3801622548367459,0.0038712705828424,0.0017833160044595,0.0003791602288635,0.189429810772949,0.0040433127130771
2699,0.0017452928878476,0.0002781576030457,4.223128288081796,0.0054094170791552,4.208120988748899,0.0034209753266141,0.0045514813242521,0.0003780666557753,1.7525633135154883,0.0044371896649251
2700,0.0007387930356136,0.0002872782460002,0.100928945908488,0.0057293854607182,0.09805226328599,0.0041361984758795,0.0011744364387061,0.0003785907182055,0.0293942565721493,0.0023570739293097
2701,0.0015470253875676,0.0002842831501262,4.347149206576861,0.0053321982260642,4.337098896172436,0.0034300363551239,0.0040714824197136,0.0003914079096085,1.7855282169304143,0.0043970085943672
2702,0.0007742621682659,0.0001514891782724,0.0289279152150138,0.004197214471351,0.0102815621066864,0.0016414886298867,0.0007563426149857,0.0001875157186619,0.00767127776567,0.0009759109775862
2703,0.0658503754031161,0.0050166660288098,0.2421136520918269,0.0333583111465562,0.1365584928509836,0.0539763536642697,0.0176200399981432,0.0041240103977989,0.2113665596767875,0.0332344965171363
2704,0.0017754763808793,0.0002802294885709,5.145111716247366,0.0053848492469376,5.130618648833064,0.0033956047156478,0.0046283553142841,0.0003819794300349,2.0693139833066123,0.004329754426325
2705,0.0007927768332848,0.0002885458042103,0.6881332966963898,0.0053176085110143,0.6841069957941573,0.0035862553030649,0.0023157310946922,0.0003938449612019,0.3579652084025155,0.0043030150364588
2706,0.0016754931759442,0.0002745127637162,4.631843007655141,0.0053668819721284,4.622874762109611,0.003382097237668,0.0043883621058169,0.0003752353609728,1.887960908222976,0.0042590386856029
2707,0.0007344665538579,0.0002929281314817,0.4291113086424512,0.005407763825916,0.4262746400333332,0.0037430576092194,0.0019343407951323,0.0003961078597667,0.2212320533502031,0.0041437340664652
2708,0.0017811540154068,0.0012640442019977,0.0423078557339065,0.0100395871934893,0.0231105383890657,0.0074692589091271,0.0015855856454386,0.0012019929133046,0.0153818386613708,0.0041964437750433
2709,0.4298198024915486,0.0479479680183079,0.0001320160060554,7.675410133272462e-06,0.194306270296633,0.0041000940440539,6.228436959004148e-05,1.734505636981109e-05,0.0002312721775552,6.970459942628748e-05
2710,0.0423520014615735,0.0034928411701625,0.1383289522837998,0.0431962367600889,0.1087822664506365,0.050997700336494,0.0222875950848585,0.0033752103980418,0.0942182280154927,0.0426366715309217
2711,0.0007650921821062,0.0002369609762111,0.0281288830449901,0.0051604606040346,0.0246586268599564,0.0024369442390803,0.0009020067424832,0.0002992208882893,0.0088880033401563,0.001277410622804
2712,0.5084890363355048,0.0400550744191503,6.877909176233845e-05,3.916448543782924e-06,0.1493801282770287,0.0043489180307932,0.0001101468968745,2.1146508174186878e-05,0.0002460402521802,9.035574450665537e-05
2713,0.0011933895907151,0.0002930703376093,1.6713985966568805,0.0053381433847568,1.6669574434520615,0.0035041705493521,0.0032453980730707,0.0004021525964597,0.790985470915612,0.0044993375639839
2714,0.0007703501073563,0.0002806154073562,0.0285765916022299,0.0035815372627809,0.0098280892715884,0.002670987974007,0.0005048514167092,0.0003386554475158,0.0073465757044467,0.0016624213681671
2715,0.0007912343639599,0.0001575969228144,0.028671422720915,0.0040388326023706,0.0091342474930131,0.0020670619541021,0.0007158941969811,0.0001968874516002,0.007581724272982,0.0012387542258342
2716,0.0007860201703707,0.0002255344588424,0.0264364987714207,0.0032467464095143,0.0098277424773275,0.0021568648814894,0.0005951264100973,0.0002780879764384,0.0071255926340565,0.0013767554333606
2717,0.0011770853439498,0.0002772474685466,1.7125178064669195,0.0053393429717032,1.7075863743636466,0.0034673966565624,0.0032180520284651,0.0003835828234318,0.8032462985166835,0.0044162383573269
2718,0.0012793686501895,0.0002824550835921,2.179089509049801,0.0052789032234619,2.174464750735384,0.003443730694471,0.0034519657556306,0.0003879711955109,0.999707036460457,0.0044552851923059
2719,0.000744856128255,0.0002578033398302,0.0317265505771403,0.0052819178497358,0.0292097901145436,0.0028321077371227,0.0009536129117314,0.0003307171846301,0.0104836234353987,0.0013997232781778
2720,0.0016200556884088,0.0002751271369075,4.389162012116882,0.0053653737514707,4.38020514845173,0.0033753891637417,0.0042610549142876,0.0003779940982267,1.7964727145444093,0.0042482954174239
2721,0.0014816566932636,0.0002803084709336,3.4829552209392785,0.0052852122227046,3.472753197371311,0.0034006795054619,0.003926880287628,0.0003851285052643,1.489554703609368,0.0043381724705226
2722,0.0007851245984518,0.0001586416813971,0.0286617261991392,0.0041086729203861,0.0106152994917143,0.001484325927329,0.0007749441930658,0.0001956621806687,0.0074161406868527,0.0009064157182835
2723,0.0007292924527651,0.0002824467632107,0.5157055599242482,0.0053953667506927,0.5123927877148537,0.0036759775938265,0.002138196169106,0.0003859990421386,0.2721167529832426,0.0042141396020111
2724,0.0007593497664132,0.0002471938832081,0.038136562352094,0.0055136917190974,0.0350672165008073,0.0029997605620331,0.0009899779206594,0.0003172222621724,0.0125923954452777,0.0016179095529947
2725,0.0007507906290184,0.0002962920515479,0.0846182046331164,0.0056854274917892,0.0818407489555254,0.0039587436312855,0.0011576772520039,0.0003899549523529,0.0245385063004333,0.0022598233276904
2726,0.0007359080201963,0.0002871034680441,0.1495264746065332,0.0057288302264267,0.1465573781175754,0.0042201652049325,0.0012462602947196,0.0003806865747451,0.0447854191959542,0.0026672594835966
2727,0.4071368897589136,0.0592872378553628,0.0001652856392027,9.003024931193369e-06,0.2306174609710546,0.0042326880639657,4.717702868543687e-05,1.952926840435805e-05,0.0002767232196139,7.824679942103924e-05
2728,0.0007258600314344,0.0002839136142217,0.2201225092450957,0.005644073054338,0.2173170417710205,0.0041326890792024,0.0014037589269743,0.0003809062407218,0.0844521212562967,0.003248124398281
2729,0.4567522961097115,0.0486417806444562,0.0001175517941479,6.1792970963165065e-06,0.169166000150589,0.0036083506757526,7.371327522632928e-05,1.5171017191311066e-05,0.0002565895434776,8.11414186165684e-05
2730,0.0007276171344416,0.0002926346612281,0.1662757104884142,0.0056357236032508,0.1632542413464627,0.0040724947090769,0.0013288413641297,0.0003919248239355,0.0607976258222714,0.0029413899290204
2731,0.0008217205778858,0.0001372531911549,0.0254319493111563,0.0039317080085517,0.0089607994558708,0.0015126573074686,0.0007869345113964,0.0001685850611154,0.0068696904658118,0.0009170035764189
2732,0.0007320799654144,0.0002880248823763,0.4546696173216364,0.0053675667813599,0.4513312997890623,0.0036683869151096,0.0020101810017047,0.0003915606652706,0.2327341062518091,0.0040423263921947
2733,0.0007734316548591,0.0002355635481463,0.0273433382647783,0.0032557944111232,0.0097192696308618,0.0023010557474704,0.0005919601486087,0.0002884445535603,0.0072526382256061,0.0014393461417535
2734,0.0007572600136823,0.0004054697320949,0.0276341798608852,0.0039133020256162,0.0137664173361248,0.0036980497052393,0.0007185302470765,0.0004775286477691,0.0085789854700794,0.002238575941089
2735,0.0007769867062791,0.0002144117200663,0.0275963296098343,0.0036962407277122,0.0129984065519765,0.0027874256780079,0.0005505940520909,0.0002634157369786,0.007213350681456,0.001810102135181
2736,0.4568772170839967,0.0505629368043971,0.0001064948779785,5.851722039224096e-06,0.1674298636581831,0.0032567830726183,7.676466621388188e-05,1.531124316593962e-05,0.0002439495045297,7.694673907975884e-05
2737,0.000805317244504,0.0001187062953238,0.0277929358797161,0.0036181753222964,0.0112642095551425,0.0011895297965589,0.0006836943684706,0.0001476275179401,0.0072922601005129,0.0009899897713739
2738,0.4126263258837366,0.0074350809957441,0.1967923453975767,0.0181950072327097,0.1307394748969032,0.056728660810186,0.0146745893303074,0.0045293962349197,0.1641779182725974,0.0181703507388045
2739,0.0011991932435803,0.0002785948332459,1.773986340771449,0.0053280114058048,1.7692846738472054,0.0034582616040854,0.0032664918175367,0.0003842401642478,0.8414637885358132,0.0044206319922006
2740,0.0013512965795119,0.0002826627099584,2.737390238420073,0.0053281359257555,2.730032586443272,0.0034445797996844,0.0036196318316599,0.0003898637617554,1.2203803885829023,0.0044341620456531
2741,0.0007440346988713,0.0002662458839913,0.032151468001217,0.0053275416939732,0.0300653053240118,0.0029660885927732,0.0009831643133798,0.0003441506906825,0.0099506077332026,0.0015098847010728
2742,0.0007277956419033,0.00028873794469,0.5783347667482538,0.0054289219235514,0.5756726032428782,0.0038460058079524,0.0020089099665855,0.0003924249395993,0.2954645567286857,0.0045588035581105
2743,0.392730159567157,0.0601231136147571,0.0001889501882346,1.0314127848156412e-05,0.2499350914674198,0.0041024666339423,3.901903801902799e-05,1.584942809418782e-05,0.0002707945937887,7.040619417345039e-05
2744,0.0007890092179066,0.0001143578490119,0.0285850638668688,0.0040147648559356,0.0125100436866325,0.0017123684747509,0.0007117868074866,0.0001416608288777,0.0073796257684654,0.0010966905652965
2745,0.0007490808795491,0.0002982191644151,0.1601601845837802,0.0057084727572574,0.1572956056695605,0.0042000844620639,0.0013156733036957,0.0003970303077699,0.0571634520844641,0.0029292670535272
2746,0.4381893788320893,0.0489011610081137,0.0001233841545078,6.8886186671116665e-06,0.1808068857383195,0.0038588302118153,6.426954558712008e-05,1.6126265176306028e-05,0.0002645051807241,8.266486263395296e-05
2747,0.0007550913829026,0.0002150701960602,0.0289719218477444,0.0046647472278523,0.01689154093708,0.0017870710719581,0.000871754564607,0.0002697315271748,0.0075865092884881,0.0010017462037153
2748,0.0007251172521043,0.0002830735221631,0.3890384244056383,0.0053741718649987,0.3853634270969198,0.0036309526597836,0.001891216713133,0.0003862635411317,0.1968568524453663,0.0038831308445023
2749,0.0007373810098288,0.0003154651696963,0.0267034642832083,0.0049592734257537,0.0133060285960913,0.0038668143742906,0.0005471494076647,0.000377266108452,0.0080230643677601,0.0021684357626448
2750,0.0007355320047761,0.000279212899201,0.0574119723591382,0.0055161020148372,0.0546862530207789,0.003615900753521,0.0010499897417047,0.000366077901926,0.0153114201539922,0.0018158368968419
2751,0.0007380069143474,0.0002891717602015,0.1489582213417731,0.0055898188740271,0.1460385144884554,0.0039608877861316,0.0013575922891716,0.0003864527282776,0.0589099438278249,0.0029512589400077
2752,0.0300462361501333,0.0025735402140889,0.1779508758238861,0.0637020365965758,0.0938033284365944,0.0381602410178367,0.0253353353560496,0.0026250058313758,0.1295385766547166,0.0614682787113217
2753,0.0008076972592898,0.0002853385592083,0.7400534417523745,0.0053444237091753,0.7363524557374174,0.0036353836297203,0.0023432717162596,0.0003896662022585,0.3858093961001795,0.0044535515828436
2754,0.0007482718708441,0.0002811680458616,0.0291622844003054,0.0052967579900435,0.0264882588668831,0.0030050788551278,0.0010364080128675,0.0003674920825537,0.0093019971186155,0.0016801863781385
2755,0.0010396713230466,0.0007067865594897,0.071945032584197,0.0200519849713026,0.0233052525717677,0.0072123906987288,0.001066633668743,0.0007853159640588,0.0209196472812618,0.0046250276013625
2756,0.0007361534864512,0.0004116826225276,0.0272242738965449,0.003475137389865,0.0109447750866021,0.0029874537065197,0.0007282819885283,0.0004792097919622,0.007195193851372,0.0017364758817035
2757,0.4861906199820628,0.0399402794998942,8.683681952626271e-05,4.852201210293817e-06,0.1622647884759322,0.0044263594716306,9.72330036449705e-05,1.7411308738417806e-05,0.0002651411806233,8.827259323795821e-05
2758,0.0018150329321143,0.000282945692447,4.521516078285221,0.0054686293602681,4.502008689301317,0.0034918946778462,0.0047074852757254,0.0003834554885328,1.8604968902531784,0.0045499221192093
2759,0.0007345644134449,0.000286290912192,0.2427397361510192,0.0055702366972971,0.2399743834311159,0.0040319651821435,0.0014815451672379,0.0003836623547399,0.1024701670760212,0.0034606381044688
2760,0.0007246607251335,0.0004018044099928,0.0265986806982961,0.0043790851361002,0.0131106587443985,0.003322467352359,0.0011184748457575,0.0004702635838556,0.0073295513365498,0.0021742429962126
2761,0.001029652709592,0.0006681821680204,0.0258364314787831,0.0055123145527715,0.0170830666472699,0.0057065857061799,0.0009864085690648,0.0007410288468333,0.0093672884022141,0.0030295511205152
2762,0.0014079168179509,0.0002874798800629,2.884339922189575,0.0053375382478306,2.8757261687414077,0.0034256112232496,0.0037548072897811,0.0003955914010074,1.2735047160578263,0.0043395269402389
2763,0.0012874631092763,0.000283967189201,2.250090141225043,0.0053048968543294,2.245477593548819,0.0034353224509003,0.0034733525822602,0.0003901569027929,1.0322185655710354,0.0044090558430732
2764,0.0007776896956656,0.0001663076633273,0.0292624000337897,0.0043795657555178,0.0139572288574384,0.0015769980188503,0.0008035135908854,0.0002057515059506,0.0077398244959485,0.0009160751916361
2765,0.0007481908690582,0.00025359722757,0.0289021380419948,0.0051564917196398,0.0223566991987589,0.0026812481380538,0.0010147632382442,0.0003264960755587,0.0077012576019379,0.0015308323772103
2766,0.4624766973889478,0.0434667932606143,9.939561929836272e-05,5.685976145609891e-06,0.1654318186636838,0.0039504520131234,8.65242890800705e-05,1.6294504522122434e-05,0.0002349577642838,8.548258922903189e-05
2767,0.4398090639333764,0.0531432894537454,0.0001395001557834,7.074933312655128e-06,0.1968855322412388,0.0033321914937236,6.053331946156493e-05,1.4533362788525134e-05,0.0002764301393864,7.806290337717897e-05
2768,0.000787413329697,0.0002200115061312,0.0268925421335285,0.0048926641182712,0.0190058812170465,0.0021938692183604,0.0008570005103527,0.0002761235779251,0.0071307051144087,0.0011817515030631
2769,0.0007525860634231,0.0002522408891569,0.0288619422207275,0.0049464243177328,0.0178362303798731,0.0024298360071473,0.0008926396917791,0.0003224448001276,0.0075124482784542,0.0011887540840878
2770,0.0018073466261245,0.0002811309989046,4.552591190570738,0.0054210966478281,4.535543748552095,0.0034406992577329,0.0046958377551852,0.000381281107069,1.87419147027655,0.0044345705054552
2771,0.0007714343672383,0.0002115996400403,0.0288172659479222,0.0050592315405919,0.0188915370354984,0.0021562435242321,0.0009077580035295,0.0002659865421904,0.0074581345908212,0.0012515491539057
2772,0.0344108061827227,0.0027073538725235,0.204202329341678,0.0717199531185523,0.1315861186408074,0.0557854432230636,0.0299483327805708,0.0027287332987656,0.1765480952360132,0.0701116856886375
2773,0.0012662908688712,0.0007680319750964,0.306155013353695,0.0817850701048319,0.0868727922364308,0.0122428142965086,0.001821377783125,0.0008417222199732,0.0770055060739465,0.0091574296220853
2774,0.4392567616087273,0.0522498489704363,0.0001390771365872,7.323160446468185e-06,0.1968988775898707,0.003092190857779,6.0101658434766805e-05,1.274899470099178e-05,0.0002454678583737,6.628680212383508e-05
2775,0.0010287262608746,0.0002852083509855,1.196599341824736,0.005321573163304,1.1918506992845097,0.0035189203439213,0.0028689551552228,0.0003919147354194,0.5825213110637544,0.0044583869203917
2776,0.0017035611543171,0.0009854210598146,0.2428830703726287,0.0580607451444524,0.0636858503748908,0.0104946099079914,0.0025516400745107,0.0010103962394859,0.0580715278986804,0.0078241339814415
2777,0.0007403172388605,0.000293395245574,0.0923292363285026,0.005600498500148,0.0893630487870117,0.0039153213407344,0.001183612697158,0.0003887453288435,0.0269131012449069,0.0023407688689912
2778,0.0007345913380236,0.0002889067503856,0.4791431521527588,0.0054223036859918,0.4762562011375349,0.003798166403128,0.001921298342327,0.0003918765087969,0.2411895122464781,0.004249910828348
2779,0.0007376932806834,0.0002902846914839,0.4198791334953971,0.0054747058860692,0.417236214492617,0.0038807886413625,0.0018068474241409,0.0003923463765694,0.2074474457363437,0.0041602953112123
2780,0.0007863403768969,0.0001269796207804,0.029196516083627,0.0037953759828718,0.0103446738911758,0.0018294637316439,0.0006967833438243,0.000160012930795,0.0075967788161534,0.0011144440145533
2781,0.0007387376077208,0.0002583549702734,0.0379456344304885,0.0053964852213798,0.0350790740497807,0.0030355246038576,0.0009644021879148,0.0003320179157595,0.012281395319578,0.0014943890650326
2782,0.0013777446236434,0.0002844364323635,2.7405355783778265,0.0053376223309093,2.7332657384175603,0.0034249513310613,0.0036827917249142,0.0003916237087018,1.2212387846885735,0.0043422269986751
2783,0.0015977212855021,0.0002843254053653,4.598516857912631,0.0053399416084231,4.589796863158224,0.0033950265010777,0.0041995024920317,0.000390302439248,1.872227213158654,0.0042812716978245
2784,0.0007254308248727,0.0002890581681591,0.4401472482858105,0.0054589195892332,0.4373813375378536,0.0038175663307445,0.0018976348214608,0.000391841305772,0.2211822366055456,0.0041734006077515
2785,0.0007574129792797,0.0002791390400342,0.0279613876737186,0.0033392057271125,0.0118468774106276,0.002548759475024,0.0005528979755397,0.0003373855954928,0.007083516585695,0.0015675695566498
2786,0.000949353589752,0.0005783084927124,0.0264663849885449,0.0057669689387051,0.0167527398993834,0.0041610274949731,0.00093463063776,0.0006521749047918,0.0099889142018527,0.0026542099175738
2787,0.0014571634054247,0.0002766071754664,3.310941886374909,0.0053468321089172,3.30160927483009,0.0034010447634495,0.0038716602869408,0.0003819616302982,1.4293632068420166,0.0043144374512382
2788,0.0007272097677566,0.0002876154191382,0.5631457213236433,0.005368283673737,0.559567199372533,0.0036357181477013,0.0020946311399957,0.0003905515443013,0.2843107323977706,0.0042121229404165
2789,0.0016256081525892,0.0002757438691261,4.421414740946678,0.0053876112443949,4.41193711394835,0.0033827132238966,0.0042710768252319,0.0003784770173873,1.823300379724758,0.004275188359037
2790,0.0008043433175358,0.0001659237427494,0.0277569151353198,0.0044437373072357,0.0155822611728994,0.0017474587639715,0.0007904840691445,0.0002054175862494,0.0074342812639033,0.000976954062943
2791,0.0011134545822811,0.0007446044460192,0.1814832089977622,0.050814635898893,0.0369160007304466,0.0068929393685282,0.0011431400829708,0.0008193063144138,0.0355063409230623,0.0055126829291111
2792,0.000789060477487,0.0001923596385879,0.0279100386131815,0.0043065629051195,0.0106116265078421,0.0014639364783301,0.0008518116252628,0.0002395459268442,0.0073149405182749,0.0008933912030148
2793,0.0017639201889722,0.0002814579426249,4.781630781975172,0.0054111193832833,4.76642392182556,0.0034051959554314,0.0045983565171849,0.0003829065622412,1.9439797086570805,0.0043725101274142
2794,0.0017850846559576,0.0002813337176781,4.477141906073801,0.0054399333702283,4.46167672865983,0.0034408009259055,0.0046460183683972,0.0003817506222063,1.8515589853548555,0.0044179399718735
2795,0.0010637598231349,0.0007038893658029,0.0250623555358465,0.0049806793793741,0.0144328635955505,0.0043984416508438,0.001121510055866,0.000772271033585,0.0080343785575724,0.0025523624055272
2796,,,,,,,,,,
2797,0.0013160330461914,0.0002831894006398,2.341726205709225,0.0053444760472298,2.3372324305844723,0.0034451778747367,0.0035336680523417,0.0003897315167572,1.0679952665133206,0.0044566607143787
2798,0.0011390400475106,0.0002978078134992,1.531626425915468,0.0053025871796885,1.5268725013818023,0.0035089799571046,0.003124189069805,0.000407802746879,0.7260091509482787,0.0044719759688342
2799,0.4487390174676494,0.0519078882350177,0.0001246332590586,6.606748050110824e-06,0.175866411358593,0.0030410818901313,6.570958131792417e-05,1.4798136806595e-05,0.0002349782965741,6.830830059422198e-05
2800,0.0013444832343729,0.000286987017171,2.6269072595474143,0.0053216233156617,2.6202999721130937,0.0034479429619299,0.0036046228027346,0.0003955119139745,1.1776236504311886,0.0044270195541743
2801,0.0011220840492504,0.0002790335624667,1.4723368092028155,0.0053210478069811,1.4674914610743497,0.0034875458227098,0.0030871576793408,0.0003851936112118,0.7114529055542154,0.0044525445142184
2802,0.0007528662879816,0.0002606659365037,0.0737884402105414,0.0058782765748061,0.0711492223114268,0.0039190361635452,0.0011048153808903,0.0003395340008531,0.0212196760622096,0.0021171182875483
2803,0.0008072657355903,0.0002061761090486,0.0253738104295772,0.003491946405143,0.0112821323847559,0.002745703203204,0.0005053184572494,0.0002536214649891,0.006968149632286,0.0017911730860738
2804,0.0007412898581701,0.000267198859248,0.0467031223148166,0.0055420459287607,0.0439893983922465,0.0032739895728903,0.0010700890690311,0.0003468213686248,0.0133268182442231,0.0018430412845584
2805,0.0007853390518956,8.84966294488813e-05,0.0276943342386791,0.0039406551274575,0.0107873381845733,0.0013562347729578,0.0007549758998932,0.0001092565828425,0.0073388081019438,0.0009627620519574
2806,0.0012812259689569,0.0008581733068736,0.1010215122640479,0.0488189900983868,0.0286236130278527,0.0072331890671047,0.0017041694816602,0.0009423750417386,0.0390367875615832,0.0081127594267727
2807,0.4598833875830889,0.0366655342265472,0.0001150231657043,6.071057148545827e-06,0.1670228488346144,0.0046372828350326,7.706818829142831e-05,1.630872878351073e-05,0.0002286187844424,7.210344163114711e-05
2808,0.0067752122898566,0.0018321207805947,0.1449858752423193,0.062609037060074,0.0766907728144108,0.0282002967305256,0.0087239186015974,0.0016667171910129,0.1303433501639515,0.0589603121853244
2809,0.0007373487193998,0.000288429715793,0.3422728607405504,0.0055486243494605,0.3398390251509268,0.003958407890829,0.0017227223579654,0.0003891276784038,0.1679862141829049,0.0040069730439091
2810,0.0007458693798159,0.0002937677910043,0.1064197119611929,0.0055791852643761,0.1033850935107385,0.0039241760438571,0.0011967227550402,0.0003895903950011,0.0300182910084909,0.0023966609228848
2811,0.0007382244907359,0.0002853295629231,0.1760115284738766,0.005583981131602,0.1730444183182365,0.003984417313696,0.0013522323243168,0.0003823382373766,0.0646702371755354,0.0029939342158301
2812,0.0401463847615462,0.0029028542269043,0.2641312206571776,0.0857422481405126,0.1288600890401948,0.0511493371080958,0.0335524637368549,0.0027577981449698,0.1784169576121626,0.0837230461098777
2813,0.0007341284045655,0.0002852669555233,0.1716834625599768,0.0055633059118644,0.1686479818065318,0.0040229068519791,0.001341496970004,0.0003824186043291,0.0634420194713201,0.0029780106261394
2814,0.002474332468883,0.0015713720059437,0.2539073989030806,0.1471579366767142,0.1281434035297858,0.041108231598883,0.0046869236869122,0.0014953083274555,0.1816843292716499,0.0576989067124714
2815,0.0007466167243843,0.0002752261144413,0.0386527521134738,0.0055328463318211,0.0366173611631797,0.0032483026116729,0.0009986104386642,0.0003558109826435,0.0117345670674461,0.0016349355911317
2816,0.0007733547476076,0.0002813984720268,0.0274799373724541,0.0033769400100006,0.0125843257244496,0.0026014085781474,0.0005311360061748,0.0003412522698432,0.0072119944023858,0.001571289890946
2817,0.5304556985396183,0.037556611520249,5.971305144723581e-05,3.2402016804495124e-06,0.1430050052904637,0.0055515693445554,0.0001134095808292,3.079032243992405e-05,0.0002079299547175,0.0001031941218628
2818,0.0007630479729679,0.0002159458851816,0.0287475436775101,0.0045624285174683,0.0131888008837899,0.0017438252218388,0.000873311580977,0.0002707257797703,0.0076568596918516,0.0009839476446543
2819,0.0007815135738214,0.0001945165286553,0.0281174838900692,0.0043412245426712,0.0148915398744018,0.0017064962387941,0.0008171194528941,0.0002418840706076,0.0074764144272071,0.0009551365050048
2820,,,,,,,,,,
2821,,,,,,,,,,
2822,,,,,,,,,,
2823,,,,,,,,,,
2824,,,,,,,,,,
2825,,,,,,,,,,
2826,,,,,,,,,,
2827,,,,,,,,,,
2828,,,,,,,,,,
2829,,,,,,,,,,
2830,,,,,,,,,,
2831,,,,,,,,,,
2832,,,,,,,,,,
2833,,,,,,,,,,
2834,,,,,,,,,,
2835,,,,,,,,,,
2836,,,,,,,,,,
2837,,,,,,,,,,
2838,,,,,,,,,,
2839,,,,,,,,,,
