tracer_number,CO_max_error,CO_l2_error,C+_max_error,C+_l2_error,O+_max_error,O+_l2_error,O_max_error,O_l2_error,e-_max_error,e-_l2_error
0,0.558967725373193,0.0146734410071836,3.3013864605378094e-05,6.278982050012485e-06,0.1233242906035556,0.0137652388280432,0.0002526904771802,0.0001081337761529,0.0007285199395004,0.0003577812832243
1,0.0217556277889843,0.0105454064152639,9.441323037155623,0.1134526984397436,5.635945613914711,0.0116632551677334,0.0758274621281296,0.0223755066920986,187.3831625146579,1.0964359168722573
2,0.0171502247657129,0.0045748429897722,0.0120301450807396,0.0048903110834516,0.2928491101725902,0.0042713137489163,0.0001837294743829,7.339539540919731e-05,0.0118588385958529,0.0048510189681941
3,0.4941054768677019,0.0192331885143069,0.0382766897923299,0.0065164742696258,0.4166482238536079,0.0298682496456092,0.0001213773686589,3.62274156323585e-05,0.0357583310011976,0.0063280645885802
4,0.2242882633295788,0.0173368797279291,0.2760172068284743,0.0066779392148528,0.3599636842286571,0.0309421681585838,0.0151331634618108,0.0058279082480859,0.7365394043175448,0.0068762813810961
5,0.1250857926430437,0.0092018720919195,0.085403968006493,0.0115562214101627,0.7336109613388101,0.0248034976569539,0.0003721538333297,7.459129624753736e-05,0.0738286663992738,0.0112429974889761
6,0.1742792529621763,0.03308516941269,0.0021228686527788,0.0003818761727396,0.4869768450940945,0.0147777473065954,4.333978999997889e-05,1.0084588310014454e-05,0.0020540270183537,0.0004243917931185
7,0.3939101792500201,0.0440621869521889,0.0004804552438475,5.660956879389102e-05,0.2438532080347319,0.0110417782565482,8.061931527525897e-05,2.8285131956405056e-05,0.0006636839807778,0.0002193002986655
8,0.0105220816793543,0.0081441578707214,0.2748600971199381,0.2101553965977782,0.0150635459473098,0.0074086035596738,0.0300573941912825,0.0148240860047106,0.7359340181794459,0.495079032018998
9,0.3957647663867953,0.0353526665511528,0.0002078351630845,1.1173489020665983e-05,0.2609903333462134,0.0077306809382331,8.127858413049472e-05,3.439530727991271e-05,0.0003997620631784,0.0001944563195518
10,0.4426628982134322,0.0072385744754024,0.2601576910086491,0.0068457669717717,0.2811953731372468,0.0225755125719998,0.0032599927381004,0.0007524393804613,0.3939238106638145,0.006809165489279
11,0.2026387109707635,0.0316078251171005,0.0991967670843042,0.0102028380901989,0.5638250361333745,0.0325214076840395,0.0006753482287149,0.0001914569421032,0.0724606983451889,0.0099073237568215
12,0.021941176152898,0.0116313337197242,1.423468167329517,0.1091435257669331,0.5331433102610093,0.0089726526918208,0.0791274012274842,0.0244193377561529,30.89592336055742,1.1735137471458856
13,0.0214519701199453,0.0197693367090891,0.341050846794837,0.2138265644173699,0.2198869299928851,0.1557118604399227,0.0160690285962009,0.0117273397818664,0.7505486098319679,0.1391553691772796
14,0.3183750810509043,0.0389911724735408,0.0004584938142728,6.767910301675634e-05,0.3508309428920199,0.013917942986574,6.121277956614355e-05,2.4066138900421177e-05,0.0005839803507774,0.0002341487468855
15,0.4842373314699396,0.050951985998257,0.0068187141723734,0.0010915718737604,0.3015597581814883,0.015519158890479,0.0001606484819535,3.8590175366758016e-05,0.0067712239439092,0.0010879023044523
16,0.3133474077010191,0.0099327100870861,0.159122315491447,0.0096646778722027,0.6021578694843739,0.1452822789767205,0.0025969680717249,0.0008374655912705,0.1452833507031732,0.0095938162831401
17,0.4495342381484044,0.0251628406113909,0.0004443866249287,0.0001125251661623,0.1651252356277203,0.0219638860528769,8.219691480340409e-05,2.067077721930496e-05,0.0005561853479406,0.0002298939175605
18,0.1714721478224075,0.0215186990375176,0.0041476335339696,0.000898501951448,0.5266764960705745,0.0166055012430156,6.746863215876041e-05,1.7640292444700225e-05,0.0040247159054945,0.0008888762558364
19,0.1029387980501312,0.024976053190372,0.0016370029759758,0.0003648130567259,0.3429765080022078,0.0256149036975943,9.68810924714088e-05,2.0138108212039307e-05,0.001687458455346,0.0004465835394502
20,0.3349729206016031,0.0250775070179022,0.0398845945883475,0.0066577298810545,0.5806696271409723,0.0439778399693319,3.811732785998334e-05,1.727742984200069e-05,0.0340545311895614,0.0064645422925062
21,0.0099373126275911,0.0079391803273974,0.258551800851479,0.214044034520023,0.0142364009925428,0.0086064553886287,0.0254853307972514,0.0136168258820701,0.6774840759195804,0.3949130569574963
22,0.0151363670855479,0.0101541253573181,0.3769656695846216,0.1175476836633292,0.3525933795877519,0.0348318070292085,0.0587722232585635,0.0221471139880362,2.443318975779492,1.0551782200168147
23,0.1842953722678363,0.0275454705381671,0.0507653843262549,0.0087064202531283,0.6200719171388125,0.0404499327944454,0.0005231680079423,9.43190915933938e-05,0.0427145173721269,0.008345053922443
24,0.3348865745001868,0.0498495703859136,0.0001183319794471,2.484248624422782e-05,0.3785787358609304,0.0122478771955581,0.0001139817541788,3.654478961147085e-05,0.000508950818658,0.0002120316494957
25,0.4148494074015349,0.0164192904663994,0.0106853451833165,0.0024253446029778,0.3254747419633813,0.0403850892897432,6.452751312188961e-05,1.6703716783120372e-05,0.0105349486905711,0.0023688319671383
26,0.5049532810988365,0.0403394079337953,0.0001599350047932,4.474478293188552e-05,0.1514996508406997,0.0234595017366871,0.0002627330592148,5.1920301136097975e-05,0.000637264849779,0.0002436836124258
27,0.4841848420396129,0.0307431807582594,0.0157025693954145,0.0035771774538164,0.3265705514805451,0.0256595182698991,0.0001008709666349,2.242786500592885e-05,0.0155317392700032,0.0034868268885528
28,0.0754900030971638,0.0037297058010099,0.0617783068829198,0.0096427321662074,0.4012348176155733,0.0155863436971695,0.0003896728460059,9.103661750011048e-05,0.0595895214045195,0.0096324901983648
29,0.0250176757738843,0.0116426828905895,7.196166757669406,0.1113829274539485,4.305856789539578,0.0073345168028108,0.0862201601809068,0.0239425037244629,176.61155893598277,1.1642943552988978
30,0.2980391858351633,0.0650021340172561,0.0006441979045367,2.592886616185047e-05,0.5593205168897933,0.0057968675739445,5.353477876847362e-05,2.9585142527639863e-05,0.0006432670454195,0.0001484348652403
31,0.1897511086578339,0.0128398375446287,0.2238019162887584,0.008618524794005,0.3417890722567455,0.0859708069887952,0.0027483643707303,0.0011112477754647,0.2045799784797188,0.0085550366374185
32,0.5249042392161167,0.0504311579849847,0.002000718718403,0.0002630834833728,0.2486222441411846,0.014462468702372,0.0001415966605109,4.725624190746801e-05,0.0019996481972664,0.0003691789528946
33,0.1941356577187851,0.0289422993241749,0.3081857673315047,0.007457782739951,0.245609279654574,0.0247127565606101,0.0111619906341124,0.0043751554342552,1.1577464124352432,0.0074702656474729
34,0.4982717834359373,0.0312296870381836,0.0057483592221644,0.0011628345684164,0.2226011686909886,0.0257275683985192,8.937333868445743e-05,2.8600414501108666e-05,0.0053761442243574,0.0011513849440391
35,0.1537394229356176,0.0162386632596492,0.5391806573260316,0.0095057229422865,0.1912197428088211,0.0970834795143121,0.0164467641975146,0.0086763948142808,0.7217243467750144,0.0097987261238779
36,0.5020079892474297,0.0254502933562532,0.0078381292173068,0.0013321110851502,0.2916379644653478,0.0262427954030756,5.354233530332944e-05,1.2204058637469096e-05,0.0076860514282406,0.0013103322840467
37,0.5410613109102153,0.0316445728957131,0.0014073754896123,0.0002417586315495,0.1300001060239636,0.0170471885004228,0.0002403039310623,7.115220319973175e-05,0.0016362212220339,0.000419954379477
38,0.0155629839310802,0.010325039508333,0.3841399500861917,0.115701909298896,0.3543582516679371,0.0321463586380162,0.0603227941614292,0.0224918003618885,2.709682096938318,1.0727749929739407
39,0.169526366856042,0.0062611459051066,0.0459908808714888,0.0084859760201304,0.6055372315371854,0.0258903483137291,0.0001682572108332,3.967723977458295e-05,0.0429647699922797,0.0082989130528466
40,0.0203389769709247,0.002147018183557,0.0323481358348876,0.0071890714445189,0.3244128178406535,0.0151710863741942,0.0001407566415658,5.063500083697505e-05,0.0319260081504412,0.0071704306640108
41,0.4274475577075755,0.0282838965680471,0.0008953376580248,0.0001367224937438,0.1921481026382871,0.014067502313287,6.924713217743813e-05,2.058370681296629e-05,0.0009303763000844,0.0002465957681682
42,0.49624432122819,0.0232992884276453,8.258908417910968e-05,1.0048974332822129e-05,0.1602250608152351,0.0104643018968972,0.0001059922331054,3.548303642568405e-05,0.0003495457077896,0.0002034665637221
43,0.1649087867285674,0.0159544313411919,0.0345918508551653,0.0071267082987515,0.526046230723251,0.0163059770201828,0.0001942967497696,5.71397081250393e-05,0.0322939589512024,0.0069962296220369
44,0.2074990005119307,0.0070875876485622,0.0280219467335027,0.0071295754986215,0.5200455337064449,0.0838042670604458,0.0002720498921969,6.038043895326359e-05,0.027182631559883,0.007072363668132
45,0.1806966568603054,0.0123397035389881,0.0257101237403088,0.0075805586190511,0.4633306654799168,0.0498825669062983,0.0006534939742629,0.0001436852554618,0.0248110908023044,0.0074410722917924
46,0.5215007433206181,0.104325141704521,0.000181415497545,2.212135082803852e-05,0.1398113113442085,0.010817121301466,0.0001110482515649,6.368635054102106e-05,0.0004576336122547,0.0002928743161569
47,0.1689824845677125,0.0464145530263688,0.0195608182047141,0.0026164514500092,0.4513321936636727,0.0160881340884204,3.770890275729646e-05,8.620660052289491e-06,0.0189259271071917,0.0025572785557394
48,0.2872912497012438,0.0248252762816489,0.0043791633258742,0.0010479038536364,0.4695435258921711,0.021144106407848,3.258317911961749e-05,8.388542898821588e-06,0.0044119815192142,0.0010464888238772
49,0.0207171101343657,0.002909584159183,0.0400877400320834,0.0087281465028449,0.3794816619727473,0.0195954361321828,0.0002089312460259,7.840892278926202e-05,0.0394784443936722,0.0087077672860998
50,0.0237488522915495,0.0109159816158229,7.278924394386259,0.1133289295085361,4.340717885324656,0.0088131256846711,0.0815328411060611,0.0228583785465022,170.51403351001946,1.1196286784804372
51,0.1966215324600741,0.0133552195938483,0.0963295413746017,0.0080520410361537,0.5238283503299062,0.0237974776131248,0.0005087021027082,8.63495832950797e-05,0.0871536352819789,0.0079473441455033
52,0.0817515483811251,0.0068867464991553,0.0382316726007382,0.0064218005766346,0.5754717291206264,0.0187128227860543,7.285233519594338e-05,2.5447269809360145e-05,0.0333264213539146,0.0062902912590328
53,0.4758989685759624,0.0562329109939123,0.0013711149249378,0.0001886475357166,0.1622447953752931,0.0148213961659185,8.24309491559001e-05,2.671545700673544e-05,0.0014894162188798,0.0003003356597526
54,0.149733927641205,0.0144682078659439,0.2847018284952493,0.005771363548578,0.1379782056976233,0.0191195890678009,0.0126474221444542,0.0053044851340468,0.6646893009000209,0.0060619062465208
55,0.2288250583288938,0.0070203917559252,0.0970656231958403,0.0112385102940377,0.6762438110979805,0.1414693130209314,0.0006347235283741,0.0001276518000906,0.0865126002470622,0.0110665054033236
56,0.1969799893709704,0.0307767254531976,0.0012874170173817,0.0002768142082078,0.5095906708948117,0.0237417939842028,4.404508103642168e-05,1.0925035388553088e-05,0.0013589657475668,0.0003589274354531
57,0.4373592955585998,0.0318892279615122,0.000126400048848,2.086657024435669e-05,0.1870055301687087,0.0121132962984815,6.710447014654466e-05,2.4799354452480107e-05,0.0004713628040206,0.0001963664580126
58,0.4018037689358315,0.0307384548509116,0.000205745729501,7.757268206590604e-05,0.2467170227927035,0.0184583716670993,5.489106737993663e-05,1.2378937469809605e-05,0.0003484644861149,0.0001892548826427
59,0.3090203192898141,0.0157318814906056,0.0006504224870171,0.0001589346550931,0.4740561535364507,0.0148648048419153,2.696730391550076e-05,7.888592107024174e-06,0.0006705186701974,0.0002611363894645
60,0.2268107103132656,0.0058589498938507,0.2537394978360223,0.0056896660957901,0.27446476919345,0.0507468635105062,0.0021653202987217,0.0005678342767786,0.3725172208809342,0.0056394273294354
61,0.2033829558220133,0.0197979787560655,0.3042806215329271,0.0071451239186661,0.2466685413854877,0.0241461283849491,0.0143247213886142,0.0059506019878528,0.7131727623787021,0.0073387678098456
62,0.0240290381735765,0.0111000293604263,4.53383295429458,0.113052684789324,2.590022931297699,0.0080697923732241,0.0825379137039917,0.0231191598190629,116.5224040843954,1.1296068565291209
63,0.3585877316040202,0.0138305521060887,0.0079785811037672,0.0016380398503153,0.3037365557251422,0.0250069736516905,6.466611775080995e-05,1.7032304966169748e-05,0.0077391721170021,0.0016620140386149
64,0.0237455698851352,0.0109952291051633,4.869701496834675,0.1131726350891151,2.7925356166252264,0.0083483559470939,0.0815974579256654,0.022940294361382,121.88596900247202,1.125903215568126
65,0.018592213975485,0.0170714710297954,0.4045055303098535,0.2028773255021519,0.1972260639884216,0.1476047246246722,0.014557183905224,0.0108946022885963,0.6773979681700557,0.1051326870237936
66,0.4409495932318591,0.0262198954402135,0.0001144132255765,8.697026076068779e-06,0.1691319468923603,0.0069519809615468,6.246810336707355e-05,3.198966277893056e-05,0.0003356466022921,0.0002011274633675
67,0.5596045858456481,0.0417173877618247,0.0033003451717564,0.0003829745757473,0.1993256061017053,0.0278745030098047,9.254646031645376e-05,1.944205144638727e-05,0.0033622395115783,0.0004400703238132
68,0.1607097212230755,0.0097069694141139,0.0053538340003281,0.0014340944791728,0.4778595272533287,0.0189988632223555,0.0001733789525122,2.5060079862927663e-05,0.0053389989345176,0.0014280298678049
69,0.1295670239274374,0.0123825831994871,0.0978578641972711,0.0087912787822061,0.4231794862383196,0.0309109450724293,0.0004247968660768,0.0001737297607293,0.08997008934927,0.0089465639273333
70,0.0105676593172206,0.0083042760169955,0.3122909862280528,0.1936265425347706,0.0994109970245105,0.0278684311616466,0.0337266171077774,0.0167937421137222,0.9497389280700892,0.649592972051126
71,0.2921980936584126,0.0296234025693687,0.0685773389087719,0.0097278563352718,0.6278173185507252,0.0378244787282251,0.001870885606835,0.0001873406688736,0.0613827499279484,0.0095189331982136
72,0.3982695681515741,0.0293724722626929,0.0009524444114297,0.0001697103556259,0.223697816469976,0.0171874288535652,7.016247575650914e-05,1.740930680498275e-05,0.001059440658671,0.0002824907716435
73,0.138634135270827,0.0138825824219194,0.0476533289069824,0.0087657530130625,0.4719952646853921,0.0388733478491789,0.0005001745772075,9.982771927863958e-05,0.0420646730632611,0.008435419008724
74,0.1509332021107328,0.0174387906249343,0.2804640427072166,0.0050439206231691,0.3149215604400625,0.0221795747841836,0.0167998050343805,0.0061588706648182,0.7522707320859006,0.005222497817234
75,0.4964813528481325,0.0746782514395037,0.0002403381737091,3.03668473700396e-05,0.1510615544207592,0.0118124814867457,0.0001045865777759,4.376460409404442e-05,0.0005134240774286,0.0002518622257913
76,0.1170151617045386,0.0243939952222002,0.0087062962641746,0.0019923379751829,0.5089774730064703,0.0248362673939444,0.0001124376064315,1.7442104709870166e-05,0.0082627099877355,0.001941642613214
77,0.4839462288145567,0.0194648534571521,0.0037194291709707,0.0006661303346191,0.1946353088254452,0.0305825538061041,0.000119832375562,2.6150374830725274e-05,0.0036509895917832,0.000671327057628
78,0.00992763010276,0.0082222116665912,0.2343313976993852,0.2084840693856434,0.0330089343553539,0.0199013039007212,0.0208869231500308,0.0116019404462815,0.5573914963080194,0.2440753234827767
79,0.1204288962402234,0.0340617364209591,0.3977728121798098,0.0049055574717332,0.1474609600703558,0.0246219584002389,0.0144752361399594,0.0067786566273507,1.1244902481249093,0.0050255587215556
80,0.5453981065246888,0.0568302046695128,0.0016020928191327,0.0002030112127095,0.1414477999795243,0.0184294306306832,0.0001837625776828,5.6510758212248126e-05,0.0017708459701534,0.0003549057626939
81,0.5340093012384699,0.0508229374183294,0.0006737524236269,7.33434666603857e-05,0.1323761127408572,0.0156501396664599,0.0002338468085322,6.710949083683648e-05,0.0008490663126294,0.0003034031377598
82,0.3549843043660205,0.0356257948496077,0.0333921407352152,0.0051693511191014,0.4276838717717485,0.0428691434317272,2.9421488235154984e-05,8.330269963477552e-06,0.0317822572517617,0.005045830315121
83,0.1683531554965179,0.010267209133446,0.3193577572050676,0.0397493104606279,0.0929234135010008,0.0308904465465548,0.0243515307627387,0.0098790357783657,0.5789732212471448,0.0402398502161334
84,0.5645891562760064,0.0389776143248919,0.0009443480574997,0.0001634982971209,0.151961896681612,0.0217967681185248,0.0001914324763892,5.3979072215489095e-05,0.0010756679715223,0.0003252524354934
85,0.2682502964287527,0.0305196274240048,0.0348626627250895,0.00581918615387,0.5492127016243857,0.0312155447733273,4.3164813395214487e-05,1.8003952458749254e-05,0.0325777060119982,0.0056350215986744
86,0.1163561198573602,0.0086461530501289,0.2257151097858543,0.0076876554460648,0.2974964506367191,0.0442876291253745,0.0039839401070479,0.0008955702428729,0.3613566225662099,0.0076290073316446
87,0.2395574984083401,0.0320673786914109,0.0049463221031806,0.000750457874766,0.5244851223427214,0.0215423212419322,6.543860371530635e-05,1.1735807667664428e-05,0.0049101228117308,0.0007234991523305
88,0.106254849893394,0.0117859752445819,0.039399271675287,0.0067947309638952,0.3981713705007157,0.0188412646458291,0.0008879152822311,0.0001532439204063,0.0375185261437242,0.0066819951251924
89,0.2583639168946182,0.0160261452824188,0.3023310588781835,0.0277992989469997,0.2005764906616646,0.049704419252272,0.0225846441555924,0.0100069573177045,0.6907197976786844,0.0283629706149037
90,0.3833687251880573,0.0495926737426527,0.0001994395620814,2.1635906352899568e-05,0.2579000379839961,0.0133339784042503,8.799145311129765e-05,2.290928492996756e-05,0.0003551544194272,0.0001749459191279
91,0.0118766090354604,0.0089532998270959,0.3403915907863747,0.1450756873442837,0.305547332337115,0.0697631994163333,0.0430473137208976,0.0190600897128697,1.0867282630585142,0.8603439856318115
92,0.2393953545238271,0.0350696734723132,0.0431890946261115,0.0032284981002707,0.6474418928121612,0.0184040751597241,1.2650154378946353e-05,2.830110126223728e-06,0.0421563628587188,0.0031616688332523
93,0.0199911198247457,0.0114189160763242,0.5034515003542502,0.1091255238390323,0.3631492076144427,0.0113157507443967,0.0739875250384138,0.024287943838722,11.990275610017427,1.1563020834038502
94,0.2027175371599277,0.0108624428687359,0.0251644569555755,0.0071044387784489,0.4924529077500414,0.0674253236151624,0.0003634416057815,7.792399030341708e-05,0.0242849874634967,0.0069881127195395
95,0.0393252708010897,0.0071685948780356,0.0134742868207326,0.0048217970298212,0.4041648594263034,0.0103438231049581,0.0011783378222989,0.0001416673608737,0.01337055541424,0.0048132783062543
96,0.2122051118200697,0.0201364435157809,0.4338811451918909,0.006463089604098,0.2095149743292569,0.1111702166401273,0.0161897899766284,0.0087676849683712,0.7735591564708509,0.0066884810616278
97,0.2451624158855829,0.0119105583337825,0.0240034590125897,0.0065285970123823,0.3475496830621284,0.1108573584631638,0.0005675334770874,0.0001290452129592,0.023459836383001,0.0064454701090786
98,0.469717819006525,0.0401738774302487,0.0083367196539245,0.0018372948136725,0.3609849266697841,0.0252048091343967,3.953667529949871e-05,1.0755028932674208e-05,0.0083079698858743,0.0017991370498483
99,0.177938959457568,0.0154136907150891,0.4380511710230245,0.0099474756636422,0.1693983684009211,0.0772969007650677,0.0136561249013262,0.0073795258461888,0.6919010915443229,0.0101612232507479
100,0.4784367831829836,0.077785097400119,0.0016506309739406,0.0001356159073061,0.1912335314456601,0.0128338618916149,7.47717650447529e-05,2.6671781519367148e-05,0.0017983792582605,0.0002676829567986
101,0.1187123715248996,0.0180037986897115,0.4255116281703691,0.0409097946702311,0.1607881540131216,0.0589638323355385,0.0221881206519239,0.0112655477647506,0.725354291660581,0.0419121315987593
102,0.3984796538424655,0.0291797897174942,0.0030542380510237,0.000479001773056,0.248684647943641,0.0217584625010269,5.729131915066636e-05,1.2359181447692085e-05,0.0030955499389044,0.0005072306431572
103,0.232149758987098,0.0174987320735838,0.3936797527843642,0.0159962019504176,0.3231640728142576,0.0872161437473912,0.0205949310256697,0.007822775898248,0.6936224333947688,0.01618747626071
104,0.4642833258237084,0.044629106212967,0.000535613275701,7.885267108557124e-05,0.1571608088494267,0.0146715861803331,0.0001238260196867,3.9598794183340886e-05,0.0007537100329774,0.0002536272272435
105,0.2491448909294625,0.0168926909895366,0.3907367931365572,0.0095803306770245,0.4380888038723869,0.0186713324062866,0.0145747065924674,0.0061458084740689,0.7200786796762927,0.009742982325393
106,0.3774899334071028,0.0181606281106758,0.5269783164715172,0.0064802226899187,0.2986762213983362,0.1534028612569861,0.0158678064339719,0.0085239019279118,0.7493382228266757,0.0067613651844054
107,0.0170626502934746,0.0155956820367686,0.2990463068919106,0.2076390762375945,0.205993838419767,0.1342306041598161,0.0140329806478465,0.0107666051292398,0.6929413935656175,0.1168507856866055
108,0.1674162116996817,0.021709151623642,0.0045397513673917,0.0010914982587312,0.6038380719635319,0.0145649126368877,0.000118682641392,2.473174877962803e-05,0.004367361097579,0.0011084804682086
109,0.3430967906122019,0.0192858520325821,0.4818358698162042,0.0167469441650946,0.1540351510260132,0.0652906561627322,0.015215610023456,0.009576688933869,0.755267584546297,0.0171826654234107
110,0.1227051657476639,0.0119821966033279,0.293532692122433,0.0078590613542486,0.1211218133624323,0.0496986361988855,0.0172542066295437,0.0080091882023324,0.6401467072081737,0.0083692735021663
111,0.0243095668075214,0.0113519625532032,3.49846491307812,0.112268741624586,1.9156304427719328,0.0075256580665481,0.083700610969324,0.0234578566910057,97.40510958072738,1.1481975730767957
112,0.153710278731046,0.0158079618900238,0.2964047464975035,0.0054754783682262,0.1806887581149864,0.0249474548071825,0.015918061915144,0.006360565557987,0.660163216176693,0.0057992059661701
113,0.4992143814301254,0.028590969204982,7.91206446901893e-05,1.335771974569041e-05,0.1556958264929533,0.0120408526792823,9.955062132764747e-05,3.113216274794131e-05,0.0004220193858354,0.000199691725856
114,0.0096369234689364,0.0076363898698377,0.2590522010185221,0.2156702201514476,0.0151868711258611,0.0104204896201631,0.0256186707385466,0.0133657192192462,0.6845657338039788,0.3624767440226326
115,0.4114005359662899,0.038700981807433,0.0015591379076641,0.0002287113171046,0.2245467955361638,0.0238365527347356,3.967000543172433e-05,1.2313728161690828e-05,0.0016868861122527,0.0003276471714166
116,0.1425767724664942,0.0274772336477855,0.012678174909607,0.0025024830041797,0.5844130201230575,0.017733608822216,1.4235577105241984e-05,3.765073420954196e-06,0.0120993946712639,0.0024406011649513
117,0.1068845931209405,0.0167731731436773,0.4786352108560245,0.013378912273899,0.2068042962725196,0.0358406664977439,0.0159645372189661,0.0102730194140773,0.7245889088935374,0.0137541153368486
118,0.1695869949442849,0.0165210815882552,0.0355931120141014,0.006313469246615,0.5161818549811358,0.0227855400895344,0.0003477049824947,6.317672220541204e-05,0.0332296054688799,0.006121584368998
119,0.106777849309413,0.011818144373506,0.0342254205055086,0.0071738510711176,0.5430496701860489,0.0406485289434984,7.377653426414111e-05,3.327231672076455e-05,0.033228219913036,0.0069846667004269
120,0.206889163175103,0.0158369732761939,0.3055373481971688,0.0074374125811084,0.1390151438647106,0.0402332878960794,0.0152483875471361,0.0068626675371135,0.6983646002682602,0.0076985430371295
121,0.2205039725655203,0.0177555378568361,0.40236028851596,0.0104163411770739,0.1242021682156306,0.0380669897793871,0.0154946004249844,0.0088214067003027,0.726935427749796,0.0103934492462496
122,0.5388400448968944,0.016659021279253,4.472900605373777e-05,6.776890287332225e-06,0.1365047115416319,0.0125118422757712,0.0001900903147261,7.564341928451536e-05,0.0005874252648325,0.0002935742676963
123,0.5049949242607119,0.0529350679677223,0.0005234691843154,6.801662075675255e-05,0.1479592227716603,0.0169491799524138,0.0001177598443385,4.207086021177711e-05,0.0007377361373152,0.0002620951924351
124,0.0130717592782709,0.0109073249126251,0.2551757792631381,0.2317508223571647,0.0295801097281703,0.0169951272079355,0.024558408320057,0.013341493185197,0.6390287468816778,0.3099875358715586
125,0.5321755218650143,0.0645070534608903,0.00227707040123,0.0002074099871679,0.1926215029173621,0.0180619519170185,0.0001353566200025,4.903683322104586e-05,0.0024211384825437,0.0003437259903689
126,0.0824222590593127,0.0119741548247482,0.0616879192005443,0.010172673190392,0.3694075709554186,0.0281274844005141,0.0018802385714935,0.000241851809478,0.0590757849714399,0.0102023001331647
127,0.0227528536677588,0.0107344920317572,4.689673225922338,0.1134871597829799,2.657728205407874,0.0097821199431624,0.0786469336096632,0.0226181439835824,112.80531820696974,1.109238529728395
128,0.3052067192398152,0.0144941774466429,0.3954561926552199,0.0121530570089234,0.1809423452370431,0.0956257624998122,0.0138876866259414,0.0074087107872645,0.6728422281087817,0.0124455289398407
129,0.149585030003847,0.0165210274948549,0.2697437339938896,0.0073184063094336,0.3808909195128832,0.0178108675710848,0.016190574679632,0.0063260165017103,0.7457940806728838,0.0075077371084499
130,0.0165789221344402,0.0151548547343862,0.3705996534370014,0.2200974236097233,0.2297869027406174,0.1769094520135569,0.016179576200498,0.0114311681789107,0.6811065336511495,0.1209079064823692
131,0.0176792669894627,0.0109004110250884,0.4002338700160804,0.1111223110392087,0.3583492847169484,0.0179652528674169,0.0669727101438716,0.0234313208238512,5.371778562295566,1.1227449154795806
132,0.0484186133210898,0.0041108108018543,0.0115563137048281,0.0052527268635703,0.2673379022011949,0.0091600786802748,0.0010603298585993,0.0001085581735534,0.0114393967349018,0.0052335261291308
133,0.1854130097643316,0.0176908721563969,0.3555237182317928,0.0160891169975574,0.2120050312570127,0.1034927100665952,0.0183624048094694,0.0095783543088542,0.6991354448093047,0.0164255565001589
134,0.1650299558165601,0.0216634687557785,0.4689922874517959,0.0087345592301964,0.1369254431215975,0.0626269185845547,0.0165405931644304,0.0091279319282102,0.810703620826579,0.0089183843450693
135,0.2338617571640878,0.0189687348890291,0.4404027539708843,0.0137307187123673,0.1347567743120642,0.0503620547867821,0.014929949154363,0.0095773536599782,0.7348482762123956,0.0143362039569057
136,0.0146062467979138,0.006580822512596,0.141031706848063,0.0102980391747151,0.362799941000308,0.0160198470015441,0.0005212612662256,0.0001098427769629,0.1281808305324803,0.0104074037535076
137,0.0150449840802651,0.0136286218534815,0.4019242494982845,0.1797397869704624,0.1914753171400205,0.1485329939972918,0.0152167947003358,0.0107413932236345,0.6361285809682994,0.1304942505375176
138,0.180224708018795,0.0333807114741511,0.0003861789356906,9.14043002878429e-05,0.5364242177585228,0.0121911299321468,3.526937771064916e-05,1.1758901849180306e-05,0.000583932133009,0.0002220580672008
139,0.3762254247812677,0.0552932997674521,0.00375699414739,0.0004590191785346,0.2639880917707769,0.0166751270922148,2.505726412942112e-05,8.426050523546415e-06,0.0037915937091335,0.0004962910585871
140,0.0628067797038231,0.0158530244053452,0.46276157332694,0.0441451225466403,0.2088343467724291,0.0429275297281929,0.024578117301346,0.0105262330663139,0.6942019554993756,0.0455315162520624
141,0.0810153740253635,0.0124153670157035,0.0199942177284586,0.0047028118736618,0.5231848153219015,0.0236652317413405,6.817357659751644e-05,2.225953842594869e-05,0.0195201229727489,0.0045754657042861
142,0.4109336401374444,0.1094578886899811,0.0003350093466233,4.121402257052728e-05,0.220020128223238,0.0099829939247346,8.089317050986792e-05,2.7932694189810103e-05,0.0005390896256142,0.0002138136795216
143,0.1968387569934622,0.0154639721284041,0.3738610866784346,0.0090236914219423,0.3020641162069112,0.0164471793344085,0.019645496223985,0.0060622046991317,0.6713798233646793,0.0092164817519117
144,0.1537377420768369,0.0175370195410428,0.4558733429351794,0.1256254097506039,0.2019734114340168,0.0835711566477225,0.0485625934495044,0.0107231319251518,0.6762290433380654,0.1265558963751274
145,0.4487323188484525,0.0392719379627692,0.0003915922281912,6.18855093278245e-05,0.1643463412949667,0.0246159487498657,8.469010650766075e-05,2.17007528353725e-05,0.000646298820726,0.0002275927721558
146,0.4804419180253707,0.0255558562283434,9.339561255748172e-05,7.133107869916571e-06,0.16330974864273,0.0074356782229373,8.890687422433286e-05,4.20544804822684e-05,0.0003133941769279,0.0002244547054119
147,0.1786714294630802,0.014618783513389,0.310583842820756,0.0059058086833793,0.2158851441521631,0.0190964897582532,0.0133594008230655,0.005842049298454,0.6715987745303946,0.0060764722041269
148,0.1436605572881318,0.0144565745787399,0.2752888647113884,0.0061842196160594,0.2279602323151145,0.039702766283007,0.0147778627795492,0.00563935533414,0.6997817369244073,0.0064512936642434
149,0.0113090619709368,0.0091272628684417,0.245480331452242,0.2190760817334381,0.0242975096000239,0.0145020167406587,0.0242333773952146,0.0128707139712558,0.6238911660098385,0.3132008276186108
150,0.4550507258232487,0.0537989365971803,0.0020817281978492,0.0003378031717569,0.2617309227649122,0.0207978186529107,5.337397458225039e-05,1.465347164703485e-05,0.0022057578965507,0.0004032863648204
151,0.5607359153743563,0.0160049973293797,0.2841456573690388,0.0052473946827103,0.2980906400517127,0.0226223859210506,0.0143858417660127,0.0056503227902041,0.7229639551422407,0.0055258331720955
152,0.0117338330466784,0.0088587030447419,0.3312637671347552,0.1460436968087436,0.2946366211870111,0.0622818372019524,0.04196909403656,0.0186967589428385,1.0524752884343684,0.8433276805670133
153,0.0245346099785542,0.0175706597332272,0.3988918950458835,0.0260957340705471,0.199742383272499,0.0375522913620276,0.0157640116017668,0.0110177904267201,0.6937796751266296,0.025196335192099
154,0.1874920275495627,0.012497224373996,0.3096682585849439,0.0051326920238233,0.2844129130387627,0.0196995024219444,0.0134053178672748,0.0053993814924007,0.65766543883808,0.0054504974851534
155,0.0177442907161434,0.0160820884996729,0.3412128810925851,0.1396731152558246,0.2095054850561255,0.1110911570872035,0.0146065440028411,0.0108097159170193,0.6961725974467031,0.1387209871533728
156,0.5234631319636581,0.0237715158499651,0.0048854151901823,0.0011912274875213,0.2517452150132259,0.0228323245483937,0.0002017148054554,5.300240904622153e-05,0.004922225974735,0.0011996240102343
157,0.024376606410747,0.0116897407833903,3.8185170974797176,0.111049924389668,2.1159699917418044,0.0073917494643939,0.0848167341008025,0.0241565014587877,98.37192818016464,1.1631158645054454
158,0.2145489760367963,0.0168346943963973,0.3365199277287132,0.0109280294685748,0.1826904451936734,0.0869123088210169,0.0139323003062133,0.008270698579095,0.7053677650222436,0.0112756891206953
159,0.0937780266780289,0.0103429466816202,0.0112388734457221,0.0031072350774025,0.4162381202979743,0.0333371652520385,0.0002215618516699,6.430941170659282e-05,0.0110143480484,0.0030678950675248
160,0.01819499937412,0.0166362273428208,0.3385491663215487,0.1857963606994871,0.1834845191217201,0.1178723963774587,0.0140362101500821,0.0106357000859674,0.6968814266126588,0.1063986127213496
161,0.1115640987748491,0.0137521613252229,0.2578664199246931,0.0090243734855728,0.092155407053576,0.0272780422775696,0.0162910753653012,0.0087317889443829,0.606653146171884,0.0093856253056521
162,0.4434198861077589,0.0384625645767734,0.0001242106579155,1.7565891897147702e-05,0.1776875637059994,0.0126317589380032,8.082031920683607e-05,2.623727114220801e-05,0.0003082265710002,0.0001797332737214
163,0.0220981207595068,0.0197427000223386,0.3803237353455918,0.0504476748776893,0.2247137200824732,0.0756867216012715,0.0176031845681609,0.0124723820519718,0.7626208723024466,0.0525097457387985
164,0.0572022753239344,0.0153574928117252,0.3280152723831553,0.0059296265757172,0.1244282229914697,0.0426089646279854,0.0131886178936084,0.0077139116373482,0.6841260996534737,0.0061939569353649
165,0.2140524645914937,0.0163462059435486,0.3928689230402702,0.0066032970526926,0.2813525175203648,0.0212949804074127,0.0149239542039834,0.0062675266453866,0.7259540826971094,0.0068439213515514
166,0.5124485612747962,0.0159112080024098,6.886634989367893e-05,6.853322423464652e-06,0.1492478118788627,0.0087954869033088,0.0001080248509411,4.896963122947818e-05,0.000344401726294,0.0002437570759021
167,0.3344260314783568,0.0189084501091363,0.3002376394329352,0.0096862616463126,0.5005402384047187,0.0276042272375427,0.0170427591148119,0.0066094622942837,0.8016840326026465,0.0098510224750516
168,0.3346880112568541,0.0176110186177009,0.3954558105328756,0.0356290957443534,0.1586185642875932,0.058815100522779,0.0229132124805479,0.0093307544462304,0.7146380090564761,0.0360626051688111
169,0.133677470905444,0.0144737960183972,0.3635560494177049,0.009057471904298,0.1354412118319407,0.0604676664443991,0.0145349316950336,0.0076174020957773,0.6793277774869816,0.0094340266823097
170,0.3336204349120772,0.0168510172984483,0.4700541203249472,0.009675575027476,0.1700118906598852,0.0382500389512011,0.0157413785118853,0.0073759928327411,0.7102550160876769,0.0098449831421766
171,0.2290685225721435,0.022528691909968,0.0012244044044803,0.0003307009847675,0.4634182810159784,0.0091193137385968,0.0002393103963326,3.32995931996968e-05,0.0013116663604381,0.0003651137419771
172,0.2246818876861346,0.0207324456931665,0.4689038130476162,0.0145113615638041,0.1479768645817534,0.0612644687674783,0.0173605685612668,0.0101021388380848,0.7676801347035946,0.0148103197197665
173,0.2052227915015507,0.0289800515304101,0.000584425257138,0.0001137269281816,0.5296324122906163,0.0158071041135168,2.621574451726452e-05,8.226558107647957e-06,0.0007574793388391,0.0002509061866406
174,0.1343892594400387,0.0337127575769515,0.0028581673752562,0.0007896522826798,0.5010031535383915,0.0256593018731897,0.0002402833001688,4.3258987690087024e-05,0.0028444434472384,0.0007934134658095
175,0.336862305739013,0.0167506538407863,0.4911914698175717,0.0115059147656277,0.1168369731536535,0.0469471998682206,0.0188595004805247,0.0104749050693938,0.7037400972859761,0.0120300636210614
176,0.0183622343292342,0.0164814940415957,0.3721172353996293,0.2503952840493049,0.2332353819931106,0.1888345203339033,0.0178338098527694,0.012127424431187,0.7073806199368279,0.1456151520526218
177,0.5308316320924142,0.0271649275998392,5.1973182415785865e-05,1.365155409988479e-05,0.1416148302352897,0.0163384527563107,0.0001932506990033,5.860355708690103e-05,0.0005752889409045,0.0002479189948265
178,0.2381386483165652,0.0154913964766139,0.3925621431921015,0.0052869279746291,0.1423004237718269,0.0268026561719375,0.0135960315061035,0.0064836601630671,0.697849982742953,0.0055596057580039
179,0.3638200213185822,0.0163139780052717,0.2891745265066317,0.0367089741445696,0.1642273950876998,0.0776479110108507,0.0220769516360825,0.0097313626450151,0.671555249855155,0.0373816437267164
180,0.6115019022265532,0.016300447717015,0.3132383782198309,0.0171519596510503,0.2323626097769722,0.127189177298201,0.0143564599397968,0.0089972461791356,0.6806723969909033,0.0176644220120286
181,0.012524407334126,0.0108847190487669,0.2446355389982934,0.2310709908575877,0.0516785451559693,0.0300758895909337,0.0206000229417718,0.0121075249211699,0.601875416988016,0.221737149609302
182,0.3646049133647275,0.0322379962675408,0.0004631095407436,8.230234304731745e-05,0.5420771359827553,0.01026512703519,3.6537767013238045e-05,1.587273819809695e-05,0.0006567833876105,0.0002148919167886
183,0.1425575223258564,0.014101057694589,0.2563405772285382,0.0068633525689636,0.3051793618354029,0.0207465056714754,0.0131873928800563,0.0055027440725296,0.6642004764827915,0.0070953636788824
184,0.3918493506787981,0.0308780878557151,0.0002202240131252,1.467846245176198e-05,0.2587228380074233,0.0067146776236564,4.727256528098111e-05,1.9659439643647103e-05,0.0003729987870084,0.0001583293617515
185,0.430808741728224,0.0188318499923752,0.5063953868445102,0.0074375230960366,0.2194816529207059,0.1203252406579071,0.0166632570680018,0.0087704083429002,0.7338041058916116,0.0077455243453605
186,0.1607526541490092,0.0168331000829008,0.4184685928028861,0.0092454932918888,0.1605301253403525,0.0809400326575763,0.0146450180967943,0.0075190499861801,0.6992429121002829,0.0095118692383286
187,0.5418214891071881,0.0289469984690253,0.0004169362886229,7.705574062275427e-05,0.1278849181278014,0.0160009897764371,0.0001884039091965,7.043085406427448e-05,0.0006234447301395,0.0003168705241211
188,0.0102030661770011,0.0080244198101191,0.2376787741363032,0.2102586003990995,0.021598174558655,0.0126143954427573,0.0234751188349386,0.0122067141903301,0.5815210086158329,0.310773923032533
189,0.0231851700911563,0.010771482954199,7.549580669957149,0.1134025101273689,4.487425607643827,0.0096123822969397,0.0798455185847433,0.0226554698728813,171.06963585022987,1.1123545161144048
190,0.0722499176800409,0.0068911750328983,0.0340343354220127,0.0074792520011072,0.3189687574018066,0.0151170009949451,0.0006142072068194,0.0001518721530406,0.0331042431414299,0.0073962120652751
191,0.1389096177213837,0.0184624086583301,0.2711022864876918,0.0088545409123652,0.1747653682857874,0.0223539485821532,0.015533176904877,0.0064083769231684,0.7421063272425186,0.0091067125573374
192,0.5352364757506616,0.0806786163818406,0.0001986584909007,2.511551955278215e-05,0.1388848046422149,0.0132926499797591,0.0001211964236518,6.403819810973042e-05,0.0004726043527905,0.0002911452598945
193,0.127165265061258,0.0134096635909473,0.2710373976980233,0.0068122141374551,0.1702482069293792,0.0500186230137108,0.0147079774924492,0.0063791722350284,0.6603525477365707,0.0070730123916102
194,0.3026010421788347,0.0158373191355275,0.3069256638175454,0.0077317480613123,0.2266933602419388,0.0274338614425442,0.0149137956246563,0.0065742516449649,0.7119377957228864,0.0079597047105219
195,0.0968663356361088,0.0116754440484808,0.0015788828287199,0.0004567799635238,0.3984405656170536,0.0148258784400565,9.236386080855489e-05,2.0318788526231785e-05,0.0016677532383288,0.0004965883364095
196,0.1451918349075456,0.0229153066035349,0.0055330789320538,0.0007890994406427,0.5874717527632171,0.018070407318065,1.2414764411523353e-05,4.335746926920911e-06,0.0052324535114575,0.000781362918974
197,0.0112936094288682,0.0087388270402624,0.2532533681511096,0.2196290836889217,0.0166913989112719,0.0104523535950791,0.0274535813370885,0.0136591839486496,0.6363484546720041,0.397397673765169
198,0.2888588789247601,0.0335596466325741,0.0134457540843517,0.0023986824929742,0.5819289984957179,0.0216929509025871,1.9663846653904176e-05,5.050683627404551e-06,0.0131621519072186,0.0023288115236609
199,0.2155831965311169,0.0166569334122664,0.4772689117762234,0.0105545067583808,0.2546424634187273,0.1356900241856808,0.015462867515557,0.0089122780573669,0.718336861104466,0.0109592494417169
200,0.2280583942915826,0.0145012125360286,0.2531915955897282,0.0068645032835603,0.2471378463673441,0.0154271463886832,0.0152707320981228,0.0057718161203262,0.6992222089243307,0.0071165839154003
201,0.0295628759895318,0.0021854829861464,0.0123265601544562,0.0050253198061457,0.4269018950701865,0.0076986748181335,0.000231734763885,3.934891550662012e-05,0.0122057290275217,0.0050168975481352
202,0.5372639336141558,0.0501256255745149,0.0004391755623028,6.459676304947494e-05,0.1645083969482698,0.0117459555963701,7.389911308167588e-05,2.798256403229693e-05,0.000615434652676,0.0002312683983613
203,0.2556684468298112,0.0141286055306658,0.3113647704308698,0.0081659314857867,0.1817134029799913,0.0225122305615843,0.0126401520604231,0.0057160222348276,0.6581942225202617,0.0084291952982482
204,0.1833181035441235,0.0164328910771139,0.3376650696690889,0.0057773589621491,0.1727431889943999,0.0230232535383142,0.0153119589335343,0.0063065485061331,0.7274573461608889,0.0060587155771907
205,0.0181451070043523,0.0165945507576809,0.4613010679832239,0.2056882306659757,0.1456704122037634,0.1106120226046718,0.0148715651361136,0.011316922697568,0.700750757975484,0.1044572280905312
206,0.2548548801780613,0.0145575738699144,0.2578300236154186,0.0057103539881998,0.2046063887048531,0.0208958901873799,0.0148357320746342,0.0056109093716018,0.6938418230142285,0.0059929039057296
207,0.4318784596707712,0.0267739903216462,0.0001257330835792,1.655628044343744e-05,0.184627809532497,0.0084358747604347,4.834879602397186e-05,1.7387512816210366e-05,0.0003644070248448,0.0001722944686328
208,0.0124284912771996,0.0113963879802419,0.3962947772141542,0.2502764342539049,0.1774252353421154,0.1518046501447508,0.0142341955748994,0.0100623055694286,0.6115114438823064,0.1083978829082874
209,0.471611391755311,0.0565562114770014,0.0003497740691837,4.444414878420248e-05,0.1601297802121609,0.0146370927553153,8.956735546457128e-05,3.193579977911722e-05,0.0006515548453528,0.0002307124992272
210,0.179308364735029,0.0135028311259769,0.3298724887937097,0.0059548629065819,0.135366077095715,0.0608031608770134,0.0146140567787559,0.0062964136252138,0.6967058969857693,0.0062584677644234
211,0.2293064892786358,0.013640735481901,0.3045299863732492,0.0077445622024698,0.2573774849853489,0.0306847255069943,0.0141084928653225,0.0062307783457752,0.6823489126803084,0.0079716873186656
212,0.4435567852332917,0.0714890064511247,0.0003002879176954,3.872707128806566e-05,0.1642289055697808,0.009307605376991,8.870837945310605e-05,3.2555679140066364e-05,0.0005224401907678,0.0002287349823752
213,0.1842681698308196,0.0111271517572371,0.0222704011565629,0.0048578608375708,0.3499817722316478,0.0168824583868682,0.0056954071777925,0.000316447709945,0.0218283312757694,0.0048540459880676
214,0.0229929828054935,0.0117848381656685,1.7078797171779467,0.1093037746633927,0.7220232709498424,0.0081034846335376,0.0819312319838268,0.0245447406832952,43.52091154789987,1.1791676106257991
215,0.1181539989266764,0.0138793037453365,0.4347497018580762,0.0069167651054483,0.152669050099754,0.0714498116029399,0.0169104121377869,0.0075090472073414,0.6875980719342707,0.0072401208341174
216,0.2220861473444316,0.0164328058622086,0.2877738986183064,0.0083727938046978,0.1669574235303456,0.0362978909338212,0.0161133439457538,0.0072771815593991,0.7045412225213652,0.008572631496038
217,0.396721473748842,0.0149238497595236,0.4126151324475317,0.0162088515358195,0.1726703768581935,0.0694538442532558,0.0150191991983396,0.0095506124268146,0.6728585770320912,0.0168302181705875
218,0.0182718141596138,0.0165964008027693,0.354220226746629,0.3059978942614501,0.1087407375500299,0.0734437270822119,0.0230051700792098,0.0142673743343927,0.7339955329708973,0.2367681611306033
219,0.5078581033647465,0.031244759694483,0.0002965612191397,4.96338276891385e-05,0.2270273521021832,0.0120758444581855,7.467804654215586e-05,2.969494768751585e-05,0.0004554175695128,0.000220795608708
220,0.5190931549522148,0.0158471517365575,0.2830249616591764,0.0066855347387456,0.2521102902892391,0.0233108519585963,0.015008657301951,0.006024781173676,0.7114177744335686,0.0069215954060107
221,0.5007514380813807,0.0198100185938445,7.902950972925584e-05,1.0122817853588886e-05,0.1584049816616888,0.0112652496963427,0.0001274905812456,4.0577026093676734e-05,0.00035531672713,0.0002146434362596
222,0.0138397052936895,0.0117878387374541,0.2593939071601312,0.2409176152087463,0.0361561111427342,0.0218573401741729,0.0241396113290867,0.013527712510751,0.679979413284969,0.292875381501017
223,0.4175610341576914,0.0708454822732127,0.000519640442808,8.844069040332838e-05,0.2117277496938608,0.0105075501810931,6.141639073402006e-05,1.985188811396432e-05,0.0006309519872261,0.0002107319820051
224,0.4479654349509819,0.0289626974575527,0.0004495422993107,7.0238622097062e-05,0.1661305410460121,0.0139195732631061,6.887048899238075e-05,2.528870895549364e-05,0.0005693999717231,0.0002302532293807
225,0.368703246129316,0.0142943902808245,0.4553557954355943,0.0062690209777009,0.1200479321460957,0.0447437386764628,0.0156199604569264,0.0085394200696921,0.6795537723900038,0.0068467733720216
226,0.0174468826988194,0.0156961905888689,0.4508500823543944,0.0347752198614674,0.2201903118748644,0.0957352090892147,0.0158365182996262,0.0113678296391265,0.6774606338840509,0.0303120422954839
227,0.2367339760300154,0.0171496551851882,0.2809689486508569,0.0056363899643799,0.2918300044031712,0.0191673155168952,0.0157145688296762,0.0059307532408867,0.7467176241653533,0.0059091717739877
228,0.34792704829676,0.0106003901255544,0.2602418138844612,0.0145780620956523,0.1078102679266543,0.0420911157032585,0.017408465792361,0.0085175613455674,0.6225335588144815,0.0150747835429496
229,0.2285647000563454,0.0144016936281369,0.6191120964242223,0.0110768672603595,0.1226770475836819,0.0489195872058728,0.0151880082146687,0.0084654722199924,0.6636474531732783,0.0114942256792998
230,0.1899305617734549,0.0114721049677358,0.2199420918606787,0.0059292868033547,0.195580314202921,0.020441478744762,0.0127392483844725,0.0052757195908982,0.6432270874096245,0.0062532454988565
231,0.3432955120641094,0.0170028929500525,0.4676530839278047,0.0132333333241484,0.2287705589581952,0.126389015680584,0.015554242044496,0.0084024191584356,0.6844055132649051,0.013510000924728
232,0.5186619251938909,0.0450166355779133,0.0005320798892006,9.08911448102267e-05,0.1408040903306071,0.0122380329076509,0.0001317391765399,5.824653223906406e-05,0.0007145379555403,0.0003016411278008
233,0.1818088438222895,0.0172235571486385,0.3900141879080516,0.008012129268253,0.1635967957914167,0.077654898523145,0.0174775239510142,0.0079810362204481,0.7114544472529098,0.0082824016216711
234,0.1232293922153897,0.0119891971958505,0.4481252471764236,0.02629390966936,0.1933800330513939,0.0455113619909895,0.0180031383105119,0.010921993287792,0.6511263038031944,0.0273567585829065
235,0.0203411386345876,0.0023066879896329,0.0145964007797567,0.0051337390644845,0.3449057742178412,0.009135056639335,0.0002755699346471,3.406241294612849e-05,0.0146455276849319,0.005131222187877
236,0.2404536178263369,0.0153275126632698,0.3418868599778424,0.0082098507091428,0.1801197289350719,0.0273431184604605,0.0148514860310914,0.0069741730669389,0.6968082152336036,0.0084475294596635
237,0.4325846258972639,0.0734017696156902,0.0002153981470511,3.376718025588187e-05,0.1815903508038749,0.0113570171595012,0.0001098830638845,3.978813171121282e-05,0.00046562058079,0.0002362609937568
238,0.0120057581094602,0.0107485615595228,0.2470545731430427,0.2358208880180484,0.0868539308896114,0.0590484200910968,0.0186637034782275,0.0116055517904068,0.6210650427994137,0.1745596938294951
239,0.2016657866325093,0.017422371371765,0.5267422662379723,0.0101232696349481,0.1750219159784355,0.0847409749724686,0.0158645136681437,0.008397440517751,0.7474152200750956,0.010410693347313
240,0.1997325653654093,0.0252552236487805,0.0012692173422022,0.0002718873410576,0.4227128867137304,0.0118559039048646,0.0001105281052374,2.684833416980861e-05,0.0012342728289345,0.0002765818912889
241,0.0114828038880426,0.0097357035173759,0.5267086835322313,0.0718004997945665,0.1799100175754759,0.0832873960456335,0.0201842420675607,0.0118767733091559,0.6298661348377538,0.0706999002408614
242,0.0831214004643984,0.0092173684448505,0.0076232090898487,0.0032579045446206,0.4345853276246755,0.0158509487929585,0.0006636455051921,0.0001223234985565,0.0077291046604524,0.0033063942442452
243,0.5039464986373486,0.0209073440370341,6.665872765937313e-05,6.468629242750026e-06,0.147356964378379,0.0082357097598121,0.0001039786402917,5.103071458031744e-05,0.0003402113879964,0.0002496207174651
244,0.3808182978184127,0.0133430643861629,0.369408251828041,0.0076106780538718,0.2065239821150131,0.0279538016153905,0.0148992009865073,0.0064756300876895,0.6376135429288637,0.0079359266137237
245,0.1749759582147397,0.0147362491692734,0.3944045708336401,0.0066997184474109,0.2241072741018581,0.0233112876618458,0.0148732316665703,0.0058660998700448,0.695841570842415,0.0069330202554542
246,0.2866675505220834,0.0160123382386398,0.3264973854182628,0.0088568533837178,0.2675216812952513,0.0369531781550089,0.0148558673273224,0.0066475517366259,0.7125096597414962,0.0091042585304549
247,0.5430864646825591,0.0138083491247732,4.819357252128881e-05,7.989120997614849e-06,0.1392378336703037,0.013912531435141,0.0001684653539086,6.45508968765919e-05,0.0005703871419543,0.0002663881172261
248,0.401041201308667,0.015015255016915,0.4228960766329307,0.0542665605730025,0.1649505799609302,0.0603352317097879,0.0316192507530048,0.010298069663349,0.6611864539897186,0.054886406976909
249,0.1698156456249784,0.0122014700581104,0.3013326911421132,0.0076148246085219,0.150610825749218,0.065278213759649,0.0154888393218041,0.0074269674865839,0.6520041977787489,0.0080012845262647
250,0.3212683881592869,0.0163878446025409,0.3031995578480568,0.0079035652167828,0.1854590865908146,0.0258670420259258,0.0155364762523127,0.006437437198728,0.7155188694192003,0.0081748363330999
251,0.2032688004201815,0.0145003436957473,0.3992346298891499,0.0222499665052918,0.1810258700944496,0.046106771056392,0.0155841711546585,0.0100021979513464,0.6581073372643729,0.0228601538145487
252,0.010020208613239,0.0078728892456821,0.2419567503870217,0.2105405872396634,0.0196608608976908,0.0119271305630992,0.0240362446762864,0.012498644828621,0.6068049674679598,0.324437701336792
253,0.416454764574229,0.0676563675025981,0.0001456826985907,1.876192802595216e-05,0.2108824080644268,0.0098103979985178,9.502411099038509e-05,3.27347331103716e-05,0.000546903129411,0.0002146893819752
254,0.2211840042978086,0.0149841194185989,0.3705903039989908,0.0054343370023265,0.1510514748727344,0.0253452773748751,0.0146586608994774,0.0058580203263942,0.7035618576702797,0.0056960160931571
255,0.2302526310114395,0.0546574739157818,0.0023109739649496,0.0002168308221167,0.5379199724172512,0.013372279079929,2.2713184423671343e-05,6.571128778686242e-06,0.0024165453745709,0.000293903696761
256,0.3764031555052349,0.0153558189423647,0.2559538469259055,0.0084498750013871,0.2348720365742473,0.0387641263331476,0.0141651241932394,0.006126551373611,0.6845288463658358,0.0087115831548241
257,0.0180604299286607,0.0166158663042847,0.4695085047400589,0.2654668361177826,0.2090544476215921,0.1808068407846156,0.0173362651589641,0.0120575724425789,0.6901977175495524,0.1388659625398172
258,0.1645050166738932,0.0118835812853003,0.2507649265765605,0.0045885732728557,0.1669610684615517,0.028016270014354,0.0151444027996043,0.00585580997889,0.6551359338700334,0.0048567945774806
259,0.1615212127828505,0.0161261045400062,0.3287174597143891,0.0065391924111841,0.1961160426014082,0.0218956053507699,0.0170662646293294,0.0066853775530861,0.727392236921034,0.0067999520009658
260,0.4925006793103719,0.0960043121774992,0.000266365664823,3.370483215249537e-05,0.1483813385257481,0.0103874985843726,9.522869152065326e-05,4.325200264522815e-05,0.0005282802111469,0.0002559206730855
261,0.1670738299023664,0.0354414779909919,0.0003650315161767,7.456432331068215e-05,0.5041954346822058,0.0112270583498242,3.182837310033615e-05,1.222961197550481e-05,0.0006374935661492,0.0002022223958669
262,0.0211439318826012,0.011560967922501,0.8276741497947463,0.1090792955525838,0.3559647040369077,0.0094442944464206,0.0769781663720473,0.0243122049695149,18.887206043620782,1.1704116573672243
263,0.5326050700522021,0.0458764509686634,0.0005243723825932,6.211160952124338e-05,0.1287560213367308,0.0145516332912163,0.0001488738163026,6.233547863722326e-05,0.0007384023940439,0.0003037277413217
264,0.0136908477961699,0.0125534148544735,0.3015836016419322,0.1276649181371504,0.1221653388739383,0.0697911916750064,0.0173949506440307,0.0116290770360746,0.667987537847525,0.1311940083673873
265,0.015251125920675,0.0141946248882806,0.312870470673383,0.1893235405314211,0.1790545404423677,0.118922111400926,0.0187360608259843,0.0125704240232829,0.6895498313551405,0.142868752824944
266,0.1238264971342123,0.0120301923727051,0.2592726300217615,0.0069976018200147,0.1693658069024265,0.0903735585976129,0.0131812724992949,0.0060773866180581,0.6397322120587192,0.0072890661093244
267,0.1708512923655071,0.0139144054223191,0.2457111227501527,0.0058434061154511,0.2105368126661184,0.0215388619725682,0.0150266409416379,0.0055703234649826,0.6636390593267542,0.0061526269861109
268,0.0184396090889184,0.0169189394480683,0.3865855188393133,0.2553006672539589,0.2142682572198184,0.1277858941087477,0.0150046559858843,0.0110365573185163,0.7051736017535268,0.2363241563181818
269,0.0095193176532291,0.0075867881920809,0.2585163671903498,0.1685346579065247,0.0500728887445292,0.0129999257431812,0.0243693794071355,0.0130189957187632,0.6739151652918952,0.3292730701225
270,0.4963011439097711,0.019811205532599,8.180276093341578e-05,7.19916320308688e-06,0.159450144536226,0.0078830440842293,9.783677345615644e-05,3.991136147076134e-05,0.0003371945225237,0.0002246923003257
271,0.1387252693331582,0.014381599859093,0.2789795583441816,0.005254593886768,0.1463423749902203,0.0212764387267585,0.0145269282268185,0.0056068525526739,0.6927019098382601,0.0055387469534885
272,0.1864989710577732,0.0123731034325736,0.2536696888707432,0.0070230451504876,0.1017343000904151,0.0384117975303881,0.0148899412685365,0.0060837429180453,0.6619692951463376,0.0073095684171593
273,0.024687282577515,0.0116350302154823,5.008178583034104,0.1114450002479966,2.8914950549146026,0.0073344399434231,0.0853680983790487,0.0239695302251838,124.50114541961888,1.1618033191225992
274,0.4469464579778937,0.0320647318699068,0.0001228626928275,1.747940524532804e-05,0.1765256183260944,0.0127888957767764,7.482998710773217e-05,2.356758509811374e-05,0.0003223757283808,0.0001729672464907
275,0.1579079197349937,0.0174884507224628,0.2945968222363684,0.0074037997715589,0.1917947834669533,0.0179808041251032,0.0164409547649536,0.006742740651906,0.7238628452482471,0.007633885795378
276,0.1242917752152584,0.0138242482724996,0.2692708383876996,0.0043197333199026,0.2093440833349343,0.0213118680415201,0.0148394071864533,0.0052350191505676,0.6811663887758242,0.0046245086988368
277,0.5192120873219331,0.0244809247896082,0.0001643172934136,5.82228492512548e-05,0.1460212535881725,0.018916467662354,9.903456429039012e-05,2.858837873680427e-05,0.0004130981896958,0.0002309795976922
278,0.2513989942896107,0.0145541920784992,0.3090153135451943,0.0076445020127842,0.1935526412867761,0.0399093126697856,0.0145837837790958,0.0067246087042204,0.680232519039942,0.007933744245924
279,0.2794553302788282,0.0138565312891055,0.3765539305078956,0.0088092654835444,0.157075479565718,0.062583203658246,0.0153722670592978,0.0082307393470111,0.6505963343039506,0.0092895974430113
280,0.3114251352663612,0.0166046065061735,0.4594385909697638,0.0066197694975844,0.1723651897508392,0.0835120467028608,0.0157924045508593,0.0078241443347806,0.7205044856974644,0.0068137039962535
281,0.5180193884139505,0.060892677305085,0.000395037371425,4.50383530723855e-05,0.1443410048671373,0.0125032370864497,0.0001099807218744,5.4359988907653376e-05,0.0005936006212221,0.0002786991784365
282,0.0235750113276884,0.0108922106866123,6.877394295650969,0.113264070624421,4.073783160832158,0.0088415891705634,0.0810152296721728,0.0228040710887456,155.88786889033295,1.1202472564156027
283,0.0129250104888108,0.0117335297346053,0.397782064500652,0.2417746758500522,0.1384263820868053,0.0983005563969346,0.0163136959634225,0.0109024187745595,0.6259361319628856,0.1388599441411545
284,0.3487446592096289,0.0166876589943762,0.4129415398244062,0.0115589734715006,0.1697251960306766,0.0630983736667301,0.0147008199193129,0.0075528280076728,0.7104957757425747,0.0117525570906728
285,0.3823592076274426,0.0240092890211483,0.0006465856966132,0.0001362725054822,0.2629434231221698,0.0160316876263674,3.30929652071809e-05,1.0083767719368016e-05,0.0008353191343386,0.0002609850250432
286,0.4209076344780841,0.0368826159319703,0.0001411169596735,2.211756636411634e-05,0.2088934662557053,0.0098932957535987,5.340718879114368e-05,1.9713071300724435e-05,0.0003208396873385,0.0001667784571397
287,0.2244248982965703,0.0116681355702785,0.2615277098635074,0.0092932001693508,0.0850144643199364,0.0303236747475404,0.0169114571721134,0.0083012632997894,0.6450325272871039,0.0097883669531126
288,0.1546071091588117,0.0164029268058171,0.418125326004434,0.007459413672161,0.1518266476531634,0.0810887978911432,0.0156411398512772,0.0074131675463923,0.7156281048872112,0.007764106316671
289,0.2280390303168177,0.0129807777730155,0.2622608162445966,0.0094036117738096,0.1337362470175432,0.0549370196603875,0.0182094224352304,0.0085223958638784,0.6757225926230521,0.0099121454631375
290,0.009215447259159,0.0073730246459395,0.3223802992831889,0.2565332251460698,0.0517079315018299,0.016652470801953,0.0246876544518282,0.0132941878183826,0.7185936154148652,0.3144293591267754
291,0.0114140512245299,0.0093472233559959,0.2359262885305703,0.2183468459437541,0.0353489523067607,0.0197577709255963,0.0214432499779262,0.0118020612668528,0.5794082490004339,0.2509859714335829
292,0.1788462047682342,0.0155600616048183,0.2496335381551545,0.0058859946415416,0.3243636533545838,0.016139476549662,0.0139399813577893,0.0054428666896691,0.6959219813415618,0.0061385041053086
293,0.4633263922050616,0.0919880784423323,0.000240642225732,2.687558002828618e-05,0.1614396158160515,0.0100622718030864,7.754741365851678e-05,3.705090601147994e-05,0.0005676210164276,0.0002381509236186
294,0.4705029600790356,0.0442906266904231,0.000257188650083,3.9175739354846494e-05,0.4598601545596982,0.0103896935502814,7.10101703253259e-05,2.866304666876153e-05,0.0004574952263835,0.0002036408911624
295,0.0131212210242727,0.0117854802533808,0.3867836687608795,0.2168166847377108,0.1902271667270196,0.0753719625579065,0.0190927828415598,0.0119957646871453,0.6111919671454151,0.1885440260427921
296,0.2610178562883714,0.061930320968167,0.000303847704329,5.422026210802364e-05,0.5590107462845835,0.0094603240584701,4.800858848548888e-05,1.811035569131148e-05,0.0005075244421736,0.0001906260224181
297,0.2691723534962086,0.014001090882208,0.2778800337035487,0.0063283969142142,0.2495343701155121,0.0291431976209445,0.0143092906612309,0.0057195413685472,0.6906285558823158,0.0066367424819951
298,0.4553802925023325,0.0413115013252222,0.0001289930564452,2.8348316496566585e-05,0.1647754658839581,0.0166437943966171,6.998456923529588e-05,2.348343592243696e-05,0.0003641387302414,0.000185825993756
299,0.4679573942567784,0.0687537941558257,8.970802486806455e-05,1.1706278248718648e-05,0.1609849251080308,0.0102113628983581,0.0001171222804082,5.7500175038415736e-05,0.0005206507149629,0.0002615382198765
300,0.1828798342182557,0.0155394586702206,0.2637358906158453,0.0063885504480494,0.2342348767474203,0.0254739156759387,0.0159480232576908,0.0062881653648855,0.7139186872670088,0.0066630664608805
301,0.1372763608745194,0.0144627547077103,0.28939885905121,0.0055454592133411,0.1783949754885021,0.0808589646596503,0.0165773907397084,0.0070379346418161,0.6546499817605886,0.005981245220961
302,0.1316193675555648,0.0168871394617201,0.4407934424189944,0.0134827682665298,0.1365655844525414,0.0375217096294316,0.0158083131321367,0.008950820722247,0.7341478452380866,0.0141681723793973
303,0.396388254631818,0.0436432099109705,0.000173345803179,2.08678434971068e-05,0.2383696806263539,0.0075574266402146,3.626530965883167e-05,1.549278910585242e-05,0.0004022945259872,0.0001616248264054
304,0.2116351459768297,0.0154879479044496,0.0007526704643454,0.0002902421248595,0.3278671099991689,0.013551064474079,6.556696202139399e-05,2.094909031933058e-05,0.0009188149319109,0.0003692987476475
305,0.0205936773826134,0.0019857953057766,0.0118279595319792,0.0043558787786786,0.2476258229262969,0.0073935496920952,0.0002862996232419,4.531028983213438e-05,0.0116606567362768,0.0042877610270169
306,0.0115754866895709,0.008808626905804,0.3279136110778853,0.1555231714551854,0.2661253046804303,0.0442886727562451,0.0404948630482806,0.0184336145826249,1.0426297047113742,0.8239876595829282
307,0.1865697063365706,0.0147754816820073,0.4097358442723098,0.0121725625248888,0.153414816415963,0.0367040575867128,0.0140139736860174,0.0085730746218085,0.6865946648332434,0.0126130490454649
308,0.0161789020937607,0.0143951036009787,0.3599613303952402,0.0761016191309337,0.2255161760749461,0.1375767580043926,0.0160209531232878,0.0113933256473641,0.6768288305368197,0.062044966480386
309,0.4735027318289558,0.0331282928511863,0.0002614786387059,7.69768475829503e-05,0.1654333452668747,0.0207016373510627,9.49228325380721e-05,2.739164623553346e-05,0.0004757562371343,0.0002200712032103
310,0.4962141837017075,0.0325278502504984,0.0003248316746431,7.929403339489052e-05,0.1494251998392991,0.0174792896092908,8.30424766668075e-05,2.4153845925560856e-05,0.0005864333308702,0.0002598937624537
311,0.1666771057865852,0.0167119041205271,0.3874629462064063,0.0047060778824263,0.1238553091370957,0.0571424155414892,0.015654416525448,0.0071312076909387,0.7337722905379824,0.0050577164900699
312,0.0140168348442973,0.0127263657575162,0.3885144014663833,0.2422303184940538,0.2516398866602997,0.1894319495361335,0.0142346815216342,0.0103034087391821,0.6352991122149554,0.1235285293057701
313,0.1518490631208554,0.0193078770437744,0.0019377046921824,0.0008100682185386,0.2975950763616684,0.0237511211129286,0.0004663344369778,8.384187911362608e-05,0.0020274539683809,0.0008729226593956
314,0.0135014001818384,0.0116637930010559,0.408526839712752,0.0431903791465715,0.2657522760354482,0.056316529466942,0.0192339358984369,0.0117226213723736,0.6591127193028701,0.049255633531123
315,0.2803451031575168,0.0157223679265388,0.4367559166643419,0.0158989918764616,0.1863934708472851,0.1002786956896024,0.0158376163691878,0.0081941923438907,0.6820740144499671,0.0162164648189572
316,0.275106762348818,0.038319870581486,0.0002855532696876,5.9188878226413145e-05,0.2875106467833837,0.0119605753447896,7.064827143900524e-05,2.098687358464596e-05,0.000488381022676,0.0001899295174433
317,0.1889266645548624,0.0181738569207767,0.4654776304588149,0.0069670802765989,0.1945513419110898,0.0540764323905519,0.0161441709451425,0.0078707658280606,0.7389589217402351,0.0072099533742594
318,0.1543950156727717,0.0350047666004106,0.0005799138593277,0.0001621094807341,0.5077525265925271,0.0117210410113656,2.3761484252922296e-05,6.224048243738515e-06,0.0006648042761603,0.0002449716244575
319,0.0243162647916135,0.011788720730431,4.2291870626286805,0.1103750287840595,2.3608891894317283,0.0074383937204009,0.0849567922013361,0.0243355987761752,98.80440114140268,1.1734606953489222
320,0.1261784049335526,0.0158238632594023,0.0014625140900792,0.0003019120255638,0.5065423599983069,0.0143960542171879,3.3701542859872155e-05,7.824431678143062e-06,0.0014794324097614,0.0003840969048896
321,0.1566295152872582,0.0132685612997777,0.0018351757532654,0.0007141630858229,0.4421224325008004,0.0147290097747478,0.0001475169976729,3.960748818324661e-05,0.0019067880819677,0.0007933634574056
322,0.121419695931077,0.0185600821832685,0.4921708944210865,0.0592535762602715,0.1797751343719954,0.0522053201886087,0.0329200068702359,0.0116004495575592,0.7207303528913578,0.0595019265136213
323,0.6478590860345104,0.0154693104187974,0.4056672776125653,0.0335808177597855,0.2004990805382728,0.1023363103294907,0.0181905317756395,0.0104813548263409,0.7056071995341274,0.0342872197715885
324,0.5375307896241642,0.0191205024895814,0.4051941668851379,0.0166688798611442,0.1541573870216212,0.063142680126186,0.0168134556849747,0.0103790307946678,0.7634724745035254,0.0172890314822613
325,0.502643632895147,0.0433468020399587,0.0001561738719256,2.401870249371744e-05,0.1453090718422813,0.01097896470554,0.000141061565093,5.3845459614401046e-05,0.0004422159887077,0.0002725855820631
326,0.4326081281172999,0.0335229675719873,0.0001430574350858,8.998342517658553e-06,0.2025246406712455,0.0080610766732091,7.414312192980745e-05,4.084070498891928e-05,0.0003518318039797,0.0002120890252505
327,0.016480052625421,0.014968902774562,0.4210008929227193,0.0847906630216374,0.2123014657748668,0.1033167725847023,0.0177352738735781,0.011978310087443,0.6829473359677347,0.0919674500923524
328,0.5407539936668361,0.0953904114825921,0.0001099421208541,1.4703903761041124e-05,0.1325110282302193,0.0124445833246484,0.0001775389241027,7.839972358024109e-05,0.0005996330706459,0.0003151529781033
329,0.010491533868776,0.0082317887179254,0.2581333411910222,0.2156598438849044,0.0160272636507445,0.0091191451831204,0.0270807677435746,0.0135618223174337,0.6297371801314081,0.4083070100053436
330,0.013751159397034,0.009714822156589,0.3669210153753692,0.1237599773992454,0.3479528611798767,0.0471446025264405,0.0538532143938882,0.0211521834237408,1.8257763613012068,1.006889321519296
331,0.288287824097229,0.0133263252577574,0.3123338447523878,0.0090772994751666,0.2091937402117973,0.0273599775610717,0.0139674414588371,0.006152963317116,0.640294358521159,0.0093416108976962
332,0.0553691943652613,0.0103727590592205,0.3060544448503179,0.0462077414301238,0.1740797271292941,0.0410312613550878,0.0278987695998623,0.0091362676908278,0.5709058319940163,0.0473512998087505
333,0.200442002754861,0.0157416033774278,0.3906649147186767,0.014108665626825,0.2665184949816461,0.1397186912797512,0.0172819394060242,0.0090242843336215,0.6915611536984542,0.0143580265760066
334,0.1610132954682869,0.0114092191548434,0.2371362295504468,0.0090584575958254,0.1715001369973426,0.0633447411854228,0.0155787825103748,0.0071001599977487,0.6091493020279842,0.0094746669401086
335,0.1153498233340009,0.0118184307086064,0.0036895031612064,0.0009551957893517,0.4336040689256039,0.0111060201525973,7.682502310503377e-05,1.914753364110548e-05,0.0037084590346748,0.0010225689559186
336,0.2285736825591149,0.0246405587789231,0.0023028450802975,0.000451342919606,0.5211450578821015,0.0098517290859704,0.0001745066224798,3.244372064873997e-05,0.0021770085585368,0.0004495987911936
337,0.0636445098679662,0.0157556852807184,0.4696797208383859,0.0557859786200269,0.2075704035708143,0.0628492428491624,0.0269194935688134,0.0117216778500391,0.6977952043230553,0.0572203392025029
338,0.1748211099186278,0.0176937033701603,0.3112598432778359,0.007265435495987,0.2391614406078083,0.0372269975860409,0.0172780802103139,0.0072363622288254,0.7755304041981905,0.0075130543436814
339,0.4496417354660996,0.0169802734957719,0.4384701070720932,0.0151713724786547,0.1594895792589516,0.0594145115977273,0.0157759398220339,0.0097292853858282,0.6945382133795299,0.0156928460645516
340,0.2392727601889578,0.014843422244673,0.2524732627335111,0.0059297378173306,0.2092999900112073,0.019908813703627,0.014660405906844,0.0058032764588069,0.6760142721054896,0.0062107451459671
341,0.1969130008666766,0.0117775414537556,0.3360402832509093,0.0360195754716338,0.1493357490088416,0.0424291547690342,0.0221914908957681,0.0102803615191029,0.6454792634719814,0.0364812479408657
342,0.4708739726515298,0.0436151379897278,0.0001022930159631,2.4180980083855065e-05,0.1615205885017304,0.0140234266276948,8.538884494230391e-05,3.023012991215929e-05,0.0003431838598397,0.0001971645260628
343,0.1926597507332932,0.0131791714106682,0.2405671552836196,0.0075280255326736,0.2389397010943849,0.0282750865978633,0.0146111161113373,0.0059813037224597,0.6479788266754412,0.0077902533200825
344,0.2019160286602168,0.0182056285380661,0.3483997043000423,0.0045010542332881,0.2341773048793934,0.0224278511794479,0.0158938522026296,0.0069838739548753,0.7613888461855987,0.0047548126533142
345,0.2062585624057685,0.016322290499135,0.300196067094446,0.0060116380121985,0.2850675970502039,0.0188965038561373,0.0138099563962995,0.0056390822160448,0.7193203726465287,0.0062577361670073
346,0.2251267791678209,0.0178441804818904,0.3584458422678359,0.0089483802367663,0.1944882193273634,0.020454817952583,0.0147798866273206,0.0065758363442755,0.7166063416685068,0.0092060756581752
347,0.0611380153524371,0.011387227105524,0.3362892150630834,0.0341271221418402,0.1052964762712691,0.0367803394395612,0.0200847062797585,0.0104905579291872,0.6207843174725534,0.0359898161107601
348,0.1595784345616313,0.0162876267370111,0.3241316124286237,0.007473475648762,0.1724865335837836,0.0294003072629332,0.0147223390427128,0.0064582664675768,0.7206520049677339,0.0077206243669201
349,0.1201265352265693,0.013396228447468,0.3680956270266436,0.0212472938465865,0.1888670976281151,0.0376396082395177,0.0145278852872552,0.0094190935248815,0.6327420645663587,0.0220383590278304
350,0.183509648400017,0.0151329832316185,0.0010671690234316,0.0003366014697484,0.381359259779741,0.0197331634520385,0.000109827765086,2.35958252529834e-05,0.0009587959038681,0.0003718786825553
351,0.139260885831202,0.0115797565969883,0.2369186530637863,0.0077763620186238,0.1783778415859285,0.0896944334872095,0.016759791236329,0.0071922371369492,0.6080593123625659,0.0082153043369215
352,0.0144180676188839,0.0132318971909285,0.3963049629058244,0.2707994801508196,0.2244365636343752,0.1860923719158386,0.0159858346928269,0.0113379637077194,0.6645773158865428,0.1235167248564085
353,0.0166983780678998,0.0151914440054038,0.3552665460468911,0.2281789190115278,0.2287165978000326,0.1851011828131799,0.0163424214363329,0.0114934099685804,0.6733803378833504,0.1216513159355359
354,0.3849095907176157,0.042802448703667,0.0002328871337041,1.1447265894721662e-05,0.2691136299326769,0.0049211963723693,5.181478121135588e-05,2.1028019758830212e-05,0.000391620487682,0.0001597851034174
355,0.266327696209972,0.0140654690641667,0.3116176546684168,0.0065388688187595,0.1854100253296105,0.0350138780947633,0.0145435667958423,0.0065624431058603,0.6893727543809118,0.0068226515113106
356,0.4236568730091972,0.0488291453481566,0.0003030476071584,3.928161683304307e-05,0.1867247155358677,0.0102571458051215,0.0001357893845709,4.108691478232855e-05,0.0005140071100895,0.0002410373329089
357,0.0163188573055701,0.0105840090496865,0.3916702674773811,0.1132120736647523,0.3572443252333839,0.0266097430410287,0.0629064577189857,0.0229884886616752,3.343487692709581,1.0964635478023133
358,0.0201561130713201,0.015165155051553,0.3852197835997615,0.0370823867788626,0.1979173552024158,0.0800024109954261,0.0167070674244723,0.0115421471662115,0.693664666552426,0.0350983168406015
359,0.3446624181170755,0.0257008686338494,0.0015345413117133,0.0006269674839584,0.3431485634940177,0.0265297580147453,0.0001768203781622,3.211797942910358e-05,0.0015471205498285,0.000676794426913
360,0.2229472562632877,0.0136177443934447,0.2584854200669358,0.0074709439737025,0.3963559077040687,0.0164902878498947,0.0117922281374637,0.0047151179288803,0.5957234406996575,0.0076638820406303
361,0.1227569411942205,0.0113671235503336,0.0193484627313877,0.0048531198207516,0.3168777417450339,0.0183546494231906,0.0053605962702686,0.0003125505410638,0.018860610406478,0.0048660394911629
362,0.0153611275706079,0.0113920148580648,0.4628391733600987,0.0297963170767821,0.1613037973039771,0.0922347892429601,0.0165496973718784,0.0108715033864223,0.632959966169292,0.0287613836411316
363,0.1579648942485947,0.0132736169058309,0.2457257084170377,0.0057585023406289,0.1903694344419985,0.026045533355683,0.0142224615881439,0.0057260569582266,0.6718434067149512,0.0060347202914156
364,0.0989249229212815,0.0186177693626892,0.341178421436536,0.0050839062024499,0.2168540614970865,0.0172542868850722,0.0166828971008718,0.0064797535757803,0.7663915668830669,0.0053211541590451
365,0.1518575730096032,0.0119665192724061,0.3508335343261001,0.0073872132626249,0.1474545628496235,0.0687108044155507,0.0147320053076912,0.0066079841309955,0.6454683374476454,0.0078035675776195
366,0.5152061604159739,0.0269867232081108,5.734745322871794e-05,1.124992117149992e-05,0.1418823252885074,0.0105430484697762,0.000104578225809,4.269975194500887e-05,0.0003448056326488,0.0002353946638877
367,0.0212314273715523,0.0116141700908274,0.8015034568820554,0.1088642367520531,0.3582888531687797,0.0095888515534172,0.0774545571554273,0.0245045000606946,20.02341428666169,1.1708287411839098
368,0.4522216338951318,0.0278162482883069,0.0001101861666157,8.032844005050997e-06,0.1670659721022259,0.0065274244470603,6.722922775371666e-05,3.471707766427589e-05,0.0003111604219667,0.0002076220302915
369,0.2173396861369821,0.0114173550429782,0.395497313662285,0.0173463630798921,0.1112335897880349,0.0305190981009739,0.0179595632553847,0.0100534278925244,0.6466241983016427,0.0176146102480239
370,0.0244611080558192,0.0113738672836503,4.86450685889534,0.1123064042906193,2.806750419457938,0.0075346641623113,0.0841754338690146,0.023526963723153,125.90491566244296,1.1461767864128862
371,0.4433217661620087,0.0225038291661729,0.0001297393413573,1.2507361573899067e-05,0.1846848368847813,0.0079981537751067,5.969737830066396e-05,2.198108700812895e-05,0.0003280380628015,0.0001711440724891
372,0.4652264143524945,0.1112915491541552,0.000147923427084,1.6748831680285915e-05,0.1600161084287708,0.0089644272635947,8.226776245661373e-05,4.06652181748884e-05,0.0004958099740659,0.0002379875650565
373,0.1512277326024178,0.0126637233877278,0.0031809849122004,0.0013870541601223,0.4443997539994895,0.0397872077693558,0.0003002570843158,7.392510219040437e-05,0.0031896571108448,0.0013858471864474
374,0.026666394384339,0.0183744160596202,0.4149246056196219,0.0428163159569312,0.21798170458848,0.0791652350001735,0.0183753814267756,0.0124653989991365,0.7002688210352903,0.042059135694164
375,0.0216517849073148,0.0105549062376571,9.85687094814827,0.1132274332108551,5.8649183543961785,0.0116507092095517,0.07550260975925,0.0223124311966385,186.5958304401076,1.102709394129331
376,0.2151451004133358,0.0418905076990384,0.0002851477464028,6.390714822529576e-05,0.4858643632952052,0.0130856958567306,6.773029793216054e-05,1.5663918674884702e-05,0.0005376322915436,0.0001849870771741
377,0.2040140017262668,0.0151256455013387,0.3277966703562812,0.0068047365363914,0.1870989487528427,0.0567944818188914,0.0154510222238294,0.0073559822374577,0.696322857473688,0.0071381174190221
378,0.1543039596486712,0.0132634871983041,0.2458876915171967,0.0054264184160495,0.2096815080548376,0.0234039637416283,0.0145173236900892,0.0051935634059605,0.6612041929339912,0.0057183882929202
379,0.177695152127462,0.01274393298537,0.0009770048157018,0.0002646761219817,0.2609497948581766,0.0060270844875883,8.007844584845652e-05,1.613785370267492e-05,0.0009424295432716,0.0002665091514682
380,0.0127781274913452,0.0117497995957038,0.2772644193682214,0.2415503361171697,0.1111044104125596,0.0834254996953501,0.0155889477621653,0.0104092352778107,0.5969140294025722,0.1386383304057913
381,0.2365475395950137,0.0092940507240277,0.2890081335935073,0.0113117146733672,0.1496267846269472,0.0661489712941975,0.0165321555599295,0.0076982170870367,0.5831172389426922,0.0118679819624974
382,0.2245769253215677,0.0137859502363942,0.2699044748747196,0.0068769478328541,0.2175944666834717,0.0274714896768201,0.0154007172561097,0.0060146275044925,0.7078542358884947,0.0071462582098085
383,0.0461147023812412,0.0020672591825364,0.0110962446591646,0.0050855370079537,0.2464247934591219,0.0108565009497514,0.0005354694343031,6.0085692371911145e-05,0.0110191540767004,0.005079760075719
384,0.0904701603226873,0.0080406024384895,0.0130195116158469,0.0047249357689573,0.3508066979799978,0.0117204321051408,0.0006294930496245,0.000147145665241,0.0128610621362888,0.0046985512032901
385,0.4001933861149512,0.0964845721643951,0.0002529061941737,3.390302751826169e-05,0.2282839775288433,0.0094142439661682,8.684976559396848e-05,3.267808112745479e-05,0.0005328989373017,0.0002190589910824
386,0.1266232728842059,0.0129266648254808,0.3038359888481,0.0062135756859953,0.1806377880305545,0.0485793081148139,0.0141940752849594,0.0059857891989278,0.6374140594884655,0.0065561167158762
387,0.0119269717253987,0.0089736909205128,0.3394722781590269,0.1424396445427124,0.3137461420992802,0.0669020098972443,0.0440126855842839,0.019201240937965,1.086856280485798,0.8728281617937022
388,0.0808651981005185,0.0159948853850926,0.3590760638157082,0.0046900969520713,0.1315105781358898,0.0217408509359015,0.0155258743033572,0.006055172260155,0.7377739468301573,0.0049950637945231
389,0.1818809471827062,0.0146091451654597,0.4990061836632198,0.0240688212232864,0.1494828446478921,0.0510987726049593,0.0157458606722002,0.0098031146728983,0.662533261203459,0.0248882799223929
390,0.1286312649900721,0.0155242944016231,0.4259093993742064,0.0794742695610227,0.1430527625039662,0.0488315748992468,0.0370104495543636,0.0123041380584563,0.6720770125518744,0.0797198764394324
391,0.2108797394568658,0.0119082869691122,0.2970180078810165,0.0084012045829693,0.1507994757263872,0.0744136872919244,0.0149391630637718,0.0068306223946365,0.6385318843476834,0.0087214483288694
392,0.0103664379463843,0.0080288140459867,0.2513011050505655,0.2147730725992505,0.0150577590488606,0.0097692162514124,0.0263960002859372,0.0132717628608156,0.6417588451670198,0.3843274133424276
393,0.1520829118418588,0.0173622715551432,0.2777992227515405,0.0054600902437512,0.1967883682499388,0.0171200921352026,0.0157916511482691,0.0059471944568045,0.7473502202995116,0.0057139496072837
394,0.0106823775356829,0.0082700851604915,0.2954368005350175,0.1977558147138554,0.0466386587389916,0.0114577197684402,0.0327417324379279,0.0160903381422794,0.84328469429881,0.6145837377883484
395,0.016004084997353,0.0100796982935925,0.2891321532574904,0.0260155642435205,0.125010993879539,0.0570166298261001,0.0181146282263169,0.0107270741710493,0.6037498322371366,0.0228916975769436
396,0.1721386473900624,0.038822901274275,0.000388802645882,7.045944944812982e-05,0.533496100101799,0.008455988750222,4.430928821600637e-05,1.407445209670731e-05,0.0005955843337508,0.0002106611340843
397,0.0100578832798901,0.0088786086772973,0.3033167508557238,0.0961722756163519,0.0942879255318521,0.0582585861121392,0.0179264214028241,0.010994775037305,0.5570899228625261,0.0913587526469907
398,0.2144351853730777,0.0167913983785058,0.2703563409369721,0.0062188595003146,0.2389372780160574,0.0327578839367481,0.0153255984471837,0.0059324635239666,0.7242437436056445,0.0064772268977744
399,0.0109129465736859,0.0091815399931326,0.4336663353133788,0.277807098916559,0.1269562935214747,0.0395413891848058,0.022450194267557,0.0126216248769336,0.6109424809852281,0.2354824593713579
400,0.1412456607711905,0.0126203017599176,0.3484653471281692,0.025761285513688,0.0922432083762538,0.0221815774334328,0.0201009391820205,0.0108818386851003,0.667880303319533,0.0263329051025302
401,0.4930534850691996,0.018819195252855,8.564769261320735e-05,7.711795725600812e-06,0.1626653769289313,0.0085794417216533,9.096419393893912e-05,4.4107439842448585e-05,0.0003251608276291,0.0002277659453946
402,0.0211447489538773,0.0193241203780497,0.3992549576954536,0.126578132236243,0.2365678436322603,0.15010302806993,0.0181917554086046,0.0127818035387483,0.7444870426384492,0.1038564324058918
403,0.1970832650237178,0.0036267208289215,0.0133897410391848,0.0042394938992608,0.4774783620103258,0.0255351281020518,7.036891730449277e-05,1.5924256763977053e-05,0.0131835008820312,0.0042310619481333
404,0.1916572887480231,0.016204260037863,0.3644420614249606,0.0076807948424948,0.2027991487699236,0.0353738808173896,0.0143843667680103,0.0062344401256362,0.7239712893708014,0.0079547022963576
405,0.0202029971069745,0.0114584688169363,0.668378618678046,0.1089992279997736,0.3616841560086693,0.0109154056780206,0.0745450916659269,0.024279606945504,13.695667646542278,1.161314508632136
406,0.1634367792719766,0.0131559350619157,0.2359746589058261,0.0063278320708271,0.2260073694464853,0.031695985692811,0.0135762721378059,0.0050227119165837,0.6568328292226252,0.0065840789712461
407,0.2155666289814617,0.0157585735472747,0.2676354384187064,0.0090662217803011,0.3140444378416187,0.0308658108183111,0.0149920983026206,0.006127337685132,0.6994003262486337,0.009309567885766
408,0.4088412629358056,0.050583268113516,0.0001778377742701,1.1196380683494652e-05,0.2393024833425351,0.0059915894785916,5.998984785560719e-05,2.4606291805309816e-05,0.0004031025515961,0.0001812518952562
409,0.162089511412911,0.0167580113066046,0.2685371049399673,0.005426961067033,0.2208277874453104,0.0232441276179873,0.0157548757581399,0.0062197640254691,0.7242788622156325,0.0057003754131829
410,0.3432504036824235,0.0133196984617637,0.3093063695685987,0.0116769744354395,0.1606585474245087,0.0733146389930582,0.0161335139013771,0.008692036372855,0.6388518336021862,0.0122218668128223
411,0.4939829371968834,0.025301015919641,7.376525615778693e-05,1.1039845795893982e-05,0.1559879814290901,0.0112507039606684,0.0001248572043716,4.817881803413176e-05,0.0004283875077307,0.0002324921723682
412,0.1631055198581486,0.0114118307245662,0.35834747711532,0.0076157056596444,0.1999919720871076,0.0730914358394065,0.012760511221843,0.0060611330272356,0.6113390012850206,0.0078794979389472
413,0.3449709094656801,0.0115556359523191,0.2833968155189095,0.0111673943838816,0.1004607766656027,0.0382289875323128,0.0165251976402333,0.0083432131288543,0.6208489701240598,0.0117408571895627
414,0.0117247758589966,0.0088773456802659,0.330815692797934,0.1494443020900333,0.2960615854202973,0.0483559942151904,0.0421143323826751,0.0187091159362895,1.062696950735339,0.8524131586325113
415,0.2190701894007291,0.0143315865267346,0.3521820186256478,0.0075570636081999,0.1566757665287843,0.0760959900770788,0.0147521866990485,0.0073670411151415,0.651466771382683,0.0078497609792964
416,0.2234419849315403,0.0434215853576357,0.000340632814809,8.375989698030677e-05,0.5533959280763567,0.0132291069215057,4.213505700034099e-05,1.1582249200430094e-05,0.000554556063306,0.0002034987068372
417,0.1486003109525023,0.0135560921001157,0.3508515163326236,0.0080673574793407,0.1630213495877848,0.0713119580243331,0.0167141667943381,0.0075778494840718,0.6815801012660823,0.0083957183200109
418,0.024270596331273,0.0115811160503216,3.9473417950460767,0.1115228847861954,2.2085934566033054,0.0074270439291983,0.0842833425753595,0.023988101205778,99.2609898100194,1.153870855942386
419,0.5124932868967069,0.0339256351517149,8.099843234515879e-05,1.973172517548253e-05,0.1493356339687539,0.0159303354480165,0.0001147920029578,3.582898574057029e-05,0.0004704633127464,0.0002137504448792
420,0.1616378545318275,0.0119460651019915,0.3456607273770624,0.0067973544225603,0.1322689169793078,0.0615714000154059,0.0132951322118753,0.0061706305382604,0.6281688473671706,0.0071270137397733
421,0.1590427175635862,0.0121379926127139,0.234772807632335,0.0066867647473057,0.2108859401906932,0.0369097716819529,0.0142999430896878,0.0059299652372638,0.6177865853233321,0.0069993279284505
422,0.1183580992175337,0.0088822657135743,0.0076854565807049,0.0033592267859484,0.4367116143294211,0.0042950589410902,0.0013606288933685,0.0001522274694905,0.0075829478347768,0.0033356117236309
423,0.0106116762401522,0.0082545942356811,0.2565483330785764,0.2153681439610178,0.0160201295245605,0.0097184194076607,0.0268762807987424,0.0135136818120486,0.6366303348569148,0.3910569168771771
424,0.1415761295842911,0.0171380226246785,0.3272663261534497,0.0066347403145872,0.1606091631757542,0.0395073338301147,0.016005769915981,0.0068017467479004,0.730744812553629,0.006886610346486
425,0.1725141900616717,0.0128287023451933,0.2790798251826755,0.0079250784200933,0.2833419004982568,0.0192532521889641,0.012965857346341,0.0051239495589355,0.6391909251836412,0.0081596602066081
426,0.2747236377006238,0.0140582517968513,0.357677076746506,0.0170397262557404,0.1268464277751646,0.0427082637857029,0.0155118968316265,0.0093375045695635,0.6659973978128664,0.01759542618059
427,0.4554410055412358,0.088264780644944,0.0001864115245538,2.4408639977120984e-05,0.1622810862404093,0.0103577469770074,0.0001021487290052,3.808121510032336e-05,0.0004568856548248,0.0002372400890883
428,0.0152721399944011,0.0103039216173461,0.383196747404841,0.1160407793558477,0.3531659160459593,0.0374517999304719,0.0597213837409612,0.0226175533734152,2.420183924273583,1.062943244988728
429,0.3952658275481838,0.0331597972239995,0.0002063469868238,4.663380310001927e-05,0.256897318587769,0.0170236201064159,4.799208164914293e-05,1.2327900555845223e-05,0.0003650011309464,0.000167106847771
430,0.1428669888695732,0.0140861416959248,0.313404279910517,0.0055078348005539,0.2064569929599712,0.0204502519295536,0.0136043430354975,0.0052347273042877,0.6756596110473082,0.0058135948653455
431,0.1092218492094963,0.0243305252906446,0.0052485953110493,0.0020923171512783,0.2859725386279756,0.0658661884175407,0.0012222357885494,0.0002869839900601,0.0051884307526756,0.0020855565197688
432,0.1533151603907639,0.012908880910225,0.244361064303848,0.0074835949770369,0.1443129056312255,0.0652797954683737,0.0162451690440895,0.0070262175275143,0.6916350805962457,0.0078113335971565
433,0.099360652160711,0.0091346269825091,0.0013778865557436,0.0005853114408123,0.3855076822030033,0.0205153417658458,8.470599926321205e-05,2.3144034975262884e-05,0.0013833741750263,0.0005973267513749
434,0.2967325013426508,0.0134126992174889,0.4291346687217643,0.0228567948018068,0.1230068065234061,0.047289007441571,0.0160859940801586,0.0097430590350955,0.6560694796067891,0.0235320798300389
435,0.0157980045758375,0.0144666508829386,0.3819198172035504,0.2786229674830647,0.1521879979072429,0.1242357134097621,0.018280163699751,0.0122236855289977,0.6836311487262929,0.147527495745666
436,0.0152507651638773,0.0110815678208983,0.2386149542547045,0.2042402719591891,0.0467079734827897,0.0275891111560652,0.0241390882768923,0.0121963494037068,0.6171752429586149,0.2225654370755567
437,0.4309348042745746,0.0753294070018325,0.0001220806034118,1.4094301733646296e-05,0.1808912573231227,0.0092926685253486,0.0001068677714716,5.047457152047026e-05,0.0005988291835626,0.0002458360268912
438,0.2364905683058824,0.0164888910090208,0.3812375742042558,0.0070480550351397,0.1834560737529828,0.0291127946306287,0.0161774464524226,0.0066758063255584,0.729062960192026,0.0073426868078498
439,0.1080451286503825,0.0116910574959936,0.337012171207094,0.0093488344271502,0.1201931445658874,0.0498539827357083,0.0143268449213701,0.0074124806209155,0.6555583309296955,0.0096335258219778
440,0.2488609687268483,0.0143696116190169,0.318899854282894,0.0058121130185729,0.1839843408450173,0.0230471522838649,0.0157496982682577,0.0059081598263704,0.7096181045004324,0.0061132175892655
441,0.0228145705384051,0.0107962224269096,3.7660186799027167,0.1133735919595543,2.0692015912687256,0.0093272067353135,0.0788941089567302,0.0227012523550906,91.25590889578775,1.1136839665098084
442,0.0552177681128829,0.0149512916957272,0.3962443061903251,0.0722951078796463,0.1726266104828574,0.0688457481000775,0.0309694188770541,0.0124768732104592,0.6749600135555347,0.0726123280492208
443,0.1353422114927375,0.0159085301883493,0.4133701243848785,0.0210277878152084,0.177122545013193,0.0339918102292508,0.0152008472995163,0.0101005647153242,0.6934781284960773,0.0211798560944104
444,0.1443862951408817,0.0192759332526712,0.0022670318173826,0.0008956101909123,0.2016395230963763,0.0321710215683747,0.0005090627556898,0.0001282182653083,0.0022790517149539,0.0009309407267414
445,0.276416099377208,0.0165080820977686,0.4086166862446232,0.0210301675641157,0.1648890020005346,0.0481264491538437,0.016189275655604,0.0101522450966348,0.6732350214872127,0.0215575534732269
446,0.3003090627889321,0.0117845845428066,0.2348889775937269,0.0056797591504436,0.3165548271702429,0.0275299891351543,0.0128179417817702,0.004906415428683,0.631300175810008,0.0059415302911838
447,0.5032780956376036,0.0588952899586127,0.0001723107916213,2.82664508150472e-05,0.1449319421478669,0.0125996120346551,0.0001073140173191,4.9075149094102434e-05,0.0004080248286158,0.0002617511331846
448,0.2642663489584423,0.0151806739877853,0.2703632386962668,0.0082886111112017,0.2470318539179945,0.0260413603965269,0.0161966019067548,0.006452757169985,0.6953654374895748,0.0084941529076603
449,0.1277932463091328,0.0122328392046667,0.3252962006993227,0.0083040645606794,0.1885630878526418,0.0546900632474184,0.0158304261376233,0.0073483567534889,0.6651098425119933,0.0087106813310676
450,0.0220144880973361,0.0105829985553086,6.84073332587292,0.1135208070856018,4.006063161564001,0.0112018894287327,0.0765532878359648,0.0224388951299165,149.51426864256075,1.0983604298608995
451,0.114592503679057,0.0118286829351085,0.2659556091008083,0.0056440701257993,0.2134799168795073,0.0709659983552501,0.0151672036665557,0.0064203745242558,0.6521957719148147,0.0059589864061405
452,0.1949862302950735,0.0167501758943013,0.4062493422863548,0.0081365599948838,0.1599718338018586,0.0869750555591499,0.0168513354731106,0.0080382094975306,0.7322916126016331,0.0084930146000194
453,0.1941745534974259,0.0162660738942194,0.2846820953569777,0.0047658637866157,0.1845045158342313,0.0187549785433469,0.0147400386347661,0.0056367699931693,0.7419896232341193,0.0050505065035286
454,0.2321111105295792,0.0115719030997843,0.2357587155213461,0.0085173605231613,0.1544482061597961,0.0683196843351127,0.0142757106629924,0.0061391711365622,0.6201175951689722,0.0087808304040833
455,0.0113629377845118,0.009960984472527,0.2603494937299059,0.1638020290169761,0.078734137952729,0.0376432626138426,0.0189426372653513,0.0115050647151511,0.5864219080722378,0.1797864488233752
456,0.1899896741300041,0.0493170343832928,0.000292292189697,4.7847929418966544e-05,0.5221746808113109,0.0044230323440294,2.8502562910335172e-05,1.1331400897578584e-05,0.0005322900568853,0.0001850589925698
457,0.063964337826646,0.0143697353296376,0.388799396861046,0.0295780399081907,0.2372602295266807,0.0457780128206512,0.0209764073991942,0.0107267761505983,0.6690299515634724,0.0295850029032304
458,0.2933377915216145,0.0119800326081941,0.2386637951373761,0.0069571053288526,0.1918446710827594,0.0181648875727088,0.0152115674485081,0.005772575950737,0.6690676668919722,0.0072487097911123
459,0.3484806563721624,0.0279040188672265,0.0020756951093535,0.0003339672710847,0.4698876715514315,0.0076855112209263,7.34620314438277e-05,2.4268338998040968e-05,0.0019696196543527,0.0003450211077939
460,0.0172165975735192,0.0153527435960257,0.3376076818828803,0.0460486001829989,0.128489922772004,0.0993718096863613,0.0194932519479978,0.012566268936991,0.6866260728063273,0.0575093592209042
461,0.2919521542474455,0.0144632367485961,0.2661643208862121,0.0063638399629799,0.2171004762252311,0.0204553972968489,0.0160390149893805,0.0061036002883607,0.7028455179180229,0.0066472197518851
462,0.4965772991634991,0.0383834170495684,0.0004267771918108,6.349776348570545e-05,0.1479910028089865,0.0160299448635772,0.0001356442389216,4.091802180654357e-05,0.0006689492044594,0.0002655071027161
463,0.0138086070961998,0.0122540051731368,0.2583035487497792,0.2437808072425704,0.0810068920529441,0.0535463777826796,0.0204621457415545,0.0125142285220642,0.6807372022406684,0.201315499544328
464,0.2039509397015142,0.0140387599197903,0.4025662327803153,0.0073380671222712,0.1549394969985053,0.0695020406974959,0.0170965752064534,0.0077155879697454,0.6756612403453033,0.0076021849654068
465,0.3866134829821307,0.0097596828852293,0.2744256287274682,0.0094830795637233,0.1336010557666894,0.0531352917796777,0.0169329796782598,0.0078745369393824,0.6063568294137964,0.0101097998512284
466,0.5009087982587506,0.0217659287839759,7.524214715858901e-05,1.0856207741902696e-05,0.1584596608490533,0.0083822241503875,9.185601424992456e-05,2.8366637297790464e-05,0.000417780426702,0.0001981681346553
467,0.2083797754527818,0.0104102857754751,0.2838731380265588,0.0101362350778958,0.0772118722680183,0.023416848957828,0.0183142067293953,0.0090458298213289,0.6137128827752004,0.0109930328071084
468,0.1521746488762414,0.0139920835649084,0.2453497092003625,0.0053864801365603,0.1637548256768607,0.0169958553489595,0.0150022201564215,0.0055779394277336,0.6813435131428408,0.0057126732379946
469,0.0990843134995427,0.0134139458143447,0.3918474629539596,0.0651512018899634,0.1291877283911225,0.0506553753070492,0.0337006572390526,0.011694755946523,0.6755596963509677,0.066637957210913
470,0.0151153822709383,0.0136196120586597,0.387347866677539,0.0542159132281518,0.2037769416277342,0.0890628869990525,0.0138731847795553,0.0101588865831389,0.6445254157023298,0.0546626668797649
471,0.1006961727045427,0.0081560607191491,0.0025977290968277,0.0005162662534202,0.4283142159832291,0.0231550691134423,4.7422478251868495e-05,1.5624496315860434e-05,0.0026179014117892,0.0005786390288238
472,0.0161015992003469,0.0143195290126621,0.3138823601341147,0.1500841231296144,0.1869102723206399,0.1323701282090873,0.0180594632723209,0.0121181369266161,0.6562095709053131,0.1178553117266566
473,0.2556918660032033,0.0156491429836876,0.4908167309585376,0.0150004565874628,0.1292141183828629,0.0439456062885087,0.0172722924870133,0.010281088951672,0.6969850718742171,0.0153021192652526
474,0.3917369034492144,0.0118704906774376,0.3621417713139006,0.0323509085150097,0.1382158316349319,0.0541406510141357,0.0171290738427913,0.0101380613739935,0.6472820150584704,0.0329319110667145
475,0.3681197713713444,0.0204645447147554,0.0031453272563559,0.0012278436176713,0.3162131305272194,0.0420434303929742,0.0007679873311396,0.0001523058776628,0.003147693816948,0.001256410859033
476,0.0132889590342722,0.0117456158210725,0.2515295266910114,0.2426595243223002,0.0633341853027866,0.0399889412307675,0.0207568920172129,0.0124680993854858,0.6385613068271339,0.2149564421945449
477,0.5608612907448156,0.0282924699714796,3.235684821546363e-05,1.01471857715717e-05,0.123009809790009,0.0116782434796091,0.0001236659121871,5.280937753353295e-05,0.0005427327419023,0.0002826280967899
478,0.1818785104459915,0.0126830890966672,0.3454585705223608,0.0103916955437516,0.1001917412216453,0.0431234004646053,0.0151756669353018,0.0076411550608405,0.6378696731249844,0.0107001301048571
479,0.4986239604724141,0.0162888876277306,8.202888780978158e-05,7.71159466344116e-06,0.1620960222441714,0.0087875788935289,9.913545860303138e-05,4.044221004134629e-05,0.0003242355714851,0.0002197653882581
480,0.0100217183526193,0.0078293718778468,0.5173749157773583,0.1839497172875422,0.0663501070040384,0.0179836491440242,0.0224942457447517,0.0118624729850475,0.5595695510579167,0.2565079609787695
481,0.0216462791907816,0.0102083028397124,0.3696650355663122,0.1045613870791951,0.1539653211032075,0.1081938410633127,0.0209709841864164,0.0117448115756702,0.62403631665288,0.0971691251221876
482,0.4184660322710765,0.0373917748514978,0.0003176344882423,4.7638405608465685e-05,0.1942063068189232,0.0101280781414111,9.629921907379033e-05,3.3701991393811786e-05,0.0005784452636232,0.0002326288701911
483,0.1214117631964919,0.0126672187687747,0.3615535928764066,0.0065265073692837,0.2023248272403304,0.042437541852223,0.0145438330379498,0.0067119269418051,0.6774813582666881,0.0068454533403533
484,0.2768405817372557,0.0167752575027088,0.3331295332632034,0.0103187000353377,0.1500505823416806,0.090518742542163,0.0149057552833747,0.0074135133920909,0.7015385223258798,0.0106154940991398
485,0.2052515471589446,0.0133948137276425,0.2889342557058189,0.0083197584159425,0.216399974703695,0.0304613777971566,0.0146176967925308,0.0062948020863637,0.6522865997050381,0.0086068464022769
486,0.0739322163623692,0.0126374923178251,0.4029993389471027,0.0396330415481776,0.1367595848077497,0.0392396761216272,0.0267953960942438,0.0106719408953481,0.6479312253710339,0.0407973958703049
487,0.0233987424690532,0.0108887248963944,4.784718099048401,0.1132392684462508,2.720693030602896,0.008812001934745,0.0804855397263163,0.0227550616369725,117.75710245085808,1.1225683952165253
488,0.5416368081201112,0.023528799146751,0.0001941261695442,5.689792222994489e-05,0.1372987129733569,0.0179479211005774,0.0001340660039201,3.853625068706864e-05,0.0005221234671455,0.0002523410990384
489,0.5070183690717122,0.0469630073310446,7.59927333779679e-05,1.3100310946982907e-05,0.1433164116406212,0.0116720243381949,0.000119569993758,5.092877458615088e-05,0.000547403804296,0.0002506725228785
490,0.1255859332186133,0.0141194876652961,0.2887912259403596,0.0046345200160254,0.129085361659417,0.0156638112344984,0.0155977825039385,0.0060516240294368,0.7060490691001571,0.0049764802658904
491,0.2379115616302436,0.012621392044498,0.2913685082712525,0.0110575670878,0.1013604574335675,0.0428363658931523,0.0168768172158574,0.0084233517961159,0.637760730437651,0.0115807290988343
492,0.1430202571111708,0.013453196374763,0.3466420861433112,0.0067376779702278,0.1493858886940096,0.0679087600754505,0.0164401610837339,0.007689283507506,0.6700529673369716,0.0070916576367742
493,0.1568560555640631,0.016218398272444,0.4377644518740204,0.0099739549710632,0.1906527145832744,0.0787723959007966,0.0165812738801847,0.0084480545680376,0.6972379179537617,0.0102255033759555
494,0.0098370342885803,0.0079469872786549,0.2494157644221191,0.191332878252799,0.0470445812781048,0.0095847946902638,0.024051302814982,0.0129283308128228,0.608750065168009,0.3545953075170154
495,0.12978693051285,0.0135875277305051,0.2849921862814369,0.0082841647788258,0.1537744049707099,0.0677637475515601,0.0149825072952882,0.0073536901453803,0.6368202167715947,0.008649340595867
496,0.1878163959433131,0.0130879592685929,0.354095588528214,0.0121568286062731,0.2098419852183907,0.1062198780394387,0.0167522702824437,0.0083013527820644,0.6480689137849337,0.0125590496750633
497,0.5060224085427917,0.021851711806535,7.44201381285593e-05,6.9746948023458375e-06,0.1544261850860659,0.008259093932972,0.0001051461649989,4.625293744390151e-05,0.00034656132326,0.0002339251379503
498,0.4398225311969411,0.0250855230650571,0.0001154019927535,1.1628802437959656e-05,0.1677875927633616,0.0096367911885554,9.777302920445106e-05,4.490583526484223e-05,0.0004646630483058,0.0002278125836383
499,0.2252955605575656,0.0126744422506706,0.3094554556507544,0.0079895672284864,0.2221112895917242,0.1155934014434665,0.0140995975570743,0.007475746047618,0.6582331411449998,0.0083818118857564
500,0.548657077455756,0.0318112737487673,4.178566361201831e-05,1.3436895216852664e-05,0.1269577114424757,0.0147840961465216,0.0001249589265757,4.9616610421036506e-05,0.0005490173365998,0.0002614151786495
501,0.3645738395193455,0.0124582620453462,0.364744588375824,0.0093245667439203,0.1177024183847792,0.0422745826323059,0.0144072204001363,0.0079562580043327,0.6283296674525506,0.0097780201858079
502,0.0110267121474454,0.0083397097625665,0.2444940065687408,0.2127459393026017,0.0201988486837484,0.0103812937608877,0.0262811578632042,0.0129427579700762,0.5978874157522903,0.3619188168061665
503,0.2506475071689131,0.0112379428814907,0.3151292692332286,0.0109629556757592,0.1306768885722285,0.0256313310830005,0.0167700396516641,0.0090658189568463,0.623536323992187,0.0114718765800646
504,0.0247904083642222,0.0114915679459493,5.512873630751021,0.1120091771236951,3.2274746725409984,0.0073784114130094,0.0852576264639707,0.0236903299686188,141.1244184767147,1.1539793796431117
505,0.0144393059806281,0.0133307371995915,0.3434295441745493,0.0318971071627127,0.1881820460733118,0.1072858012655717,0.0177737721587961,0.0120538751988889,0.6726832130012381,0.0343194339481646
506,0.4862401813409921,0.0125326721993881,0.0045726748001099,0.0023414645432237,0.3744574717228406,0.0236580396839817,0.0006298563080716,0.0001562004180963,0.0044793777551264,0.0022869565885556
507,0.2245746319161152,0.0123669559634077,0.3285609041435596,0.0252646852321811,0.1258765106271461,0.047432954809907,0.0170391106447302,0.0102409907711894,0.650086807988671,0.0260003309120758
508,0.0243454530727906,0.0115675178211189,4.460477688665334,0.1114172178713222,2.5362157350036347,0.0074707062380713,0.0844343710753433,0.0239352706110762,110.79946532693816,1.1563268787328658
509,0.1537150415341955,0.0127607226492097,0.2822497814913774,0.0081053587838916,0.1873334536947452,0.0324104280130883,0.0150846907558733,0.0065311325427101,0.625932587228842,0.0084011385308136
510,0.1047016260891751,0.0126172688952752,0.417754145339758,0.0334488974179029,0.1822060254607394,0.0384665898258797,0.0251221015332502,0.0094225811026857,0.6211512260259283,0.0341201240108157
511,0.1120016331701809,0.0159906938900385,0.2981491977528751,0.0057510493016967,0.2238613994180668,0.0619516445665964,0.0158995084100095,0.0066523751848542,0.6943840096477958,0.0061208673239897
512,0.0109658432458253,0.0084554991583729,0.31160997010546,0.173425264826511,0.1390336740535129,0.0267052364015147,0.0357895309232116,0.017196103969896,0.9423193576735694,0.7231181027695872
513,0.0157833260301533,0.0146698724317111,0.3772861085203172,0.2882660990604589,0.152945869903887,0.1242852715477519,0.0177389945247692,0.0121284092037002,0.6916661447413235,0.1492616038870567
514,0.1367720042245545,0.0138321831694193,0.2620416305711857,0.0056554300277015,0.1447161691057062,0.0191396139459914,0.0151683016810097,0.0056530919134788,0.6872753180956118,0.0059117723816999
515,0.4835668021580561,0.02263261478174,9.16918675562404e-05,7.475072579670008e-06,0.1645414311646437,0.0070727689706325,8.906444750515893e-05,3.415244898159972e-05,0.0003348493019258,0.0002089874356382
516,0.0124061042554155,0.0112115264941738,0.4733964147831772,0.2686125346678709,0.1898656194955622,0.065860964391963,0.0189195141117585,0.0118705735771459,0.6078353494050799,0.1885632961727912
517,0.1857856663044644,0.0140853447859442,0.3010324849017463,0.01048951070041,0.2126255529841328,0.0785975967493307,0.0150606140048072,0.0074154119819137,0.651575270337492,0.0108328165093271
518,0.3491003885067341,0.0531701136426835,0.0003301995801982,1.3928062076524538e-05,0.316343245706767,0.0068981728311317,7.073424817214287e-05,3.5481550958942424e-05,0.0003587297500769,0.0001796735277094
519,0.5043124760343654,0.0318701099400172,7.523159631161466e-05,1.2054319555220593e-05,0.1538919009249552,0.0145938027179969,0.0001896287766543,5.004343602532781e-05,0.000518856206741,0.0002284455159712
520,0.2005470064648312,0.0153705010536763,0.2490334858574568,0.0059788163545547,0.247229996638552,0.0156441120017839,0.0151562450019853,0.005742785857451,0.6957017401578847,0.0062232054511489
521,0.020582660859899,0.011463067365722,0.6815402216462636,0.1092480224268787,0.3576559802369621,0.0101735212768677,0.0754367830799873,0.0242162971070083,15.289483676745943,1.1643529195067124
522,0.0117954908052277,0.0091772910504525,0.2375506719030865,0.2060240568084493,0.0322613626557288,0.0174275734837305,0.0234521857633383,0.0122190829334197,0.576802781293394,0.2612276494270359
523,0.0238232520107435,0.0109981725832421,4.772896734033898,0.1131204312371622,2.729404201020595,0.0084126174330729,0.0818113918521705,0.0229411845582823,125.10198313447935,1.1269465321941667
524,0.1908493715008398,0.0137818914375917,0.2709893711541435,0.0064746381133478,0.1752060513511557,0.036260990769229,0.0141781984764839,0.0061877097838301,0.6716897212248197,0.0068020352544353
525,0.0114448759244919,0.001149713097776,0.011143522501802,0.0050132155815869,0.4509752267726349,0.0056691643986717,0.0001193781505243,2.36895664314448e-05,0.0110752963998884,0.0049943850605405
526,0.0234140364220388,0.0117664272298085,2.5556192787442304,0.1096795534320243,1.2724682987677711,0.0078676024853223,0.0828659859356803,0.0244688787561545,60.02587751545708,1.174721015215001
527,0.3480241512684082,0.0156215266670597,0.3309611244287924,0.0212698859465042,0.1702656263513628,0.038952566483706,0.0148593715493444,0.0094252968378513,0.6938773382324541,0.0217053602644382
528,0.1703405931728906,0.0090126765067979,0.281815233483755,0.0098080208313627,0.1568048709243052,0.0654981099722414,0.0162449803320472,0.0075719870287409,0.5774526362377549,0.0104122877563127
529,0.1401794699769185,0.0130013286832417,0.2773956999482447,0.006324225980818,0.1108885463518733,0.0507539531835699,0.0153220380498801,0.007020435429033,0.667386176989367,0.0066849509923672
530,0.2252207174103794,0.0164932173447055,0.2839396650304903,0.0067228993141287,0.2233896231035888,0.0181593495243549,0.0162804113558307,0.0061865337891562,0.7566088562266404,0.0069639761347536
531,0.524617190872936,0.0115070266444489,0.307753665549261,0.0121497507659116,0.1319206904776956,0.0538065230940433,0.0160648544774851,0.0084679505812609,0.6217786235853986,0.0128236016538432
532,0.0204241714231434,0.011502274720424,0.5295885293322516,0.1090702447545388,0.362613335444709,0.0103017164576802,0.0751475210132798,0.0243171296345827,12.94079021244912,1.1645220533548146
533,0.1009724655382919,0.0181690711201093,0.4550731532765943,0.0063490949115284,0.1739668744053597,0.0843362182812954,0.017282102601164,0.0086668774591614,0.7453912760617623,0.0066100694754148
534,0.1025138739069876,0.0155662368246306,0.3646109664610338,0.0606306336233735,0.1649652807474798,0.0465990895773502,0.0372053777722424,0.0117006685252733,0.6883921396650007,0.0619417893431841
535,0.4342057787386071,0.0328999593528634,0.0001655147630069,3.5309651020435054e-05,0.1837552432540297,0.0153116769291172,5.615142412097864e-05,1.607737742110154e-05,0.0003606689122236,0.0001734385156125
536,0.1366082271577298,0.0114849269492896,0.4782123625112248,0.0095746845991543,0.0991729115748115,0.0235182953792722,0.0191197775749373,0.0095915069044123,0.6681344671607394,0.0102587670876981
537,0.303466593144162,0.0149935011355945,0.4213597478886324,0.0134161033056739,0.2369395313987482,0.1166142929669654,0.0146711320091288,0.0080275764691413,0.6794765947604854,0.013653370869709
538,0.3659809121317834,0.0597225289216298,0.0002383210137198,2.155429269607076e-05,0.2773891083747751,0.0097384647053604,7.541203776195395e-05,2.5619616209572456e-05,0.0004042359074121,0.0001866427368006
539,0.0166263309633928,0.0146572576076314,0.3972358850841747,0.0860331066863605,0.2022058004903158,0.1462535308216631,0.0194627780097254,0.0126637539654676,0.6767914820700663,0.0845083555145959
540,0.3898137429604421,0.0233150531381342,0.0003418694054167,4.928000490527634e-05,0.2459471355714799,0.0098336445390521,6.21994609904411e-05,2.1652986391912583e-05,0.0004887822482064,0.0002022703194798
541,0.1215591275691419,0.010091839590353,0.2723317666552575,0.0116995494741393,0.0864930751493342,0.0270204219791101,0.0186391843151276,0.009883477174463,0.605314461281598,0.0126781801232298
542,0.4849885954413575,0.0192798102173967,8.9498520291522e-05,8.437084692123691e-06,0.1614491438716668,0.008825560007046,8.572835689263719e-05,4.403913547167635e-05,0.0003250491180552,0.0002293146951055
543,0.1081899381409396,0.0122300864230128,0.4038059919315505,0.0082666830195439,0.108971634937795,0.0455326112453157,0.0146002451032949,0.0075234875246256,0.6294024587978386,0.008621978290561
544,0.2041574177079955,0.0142360858087359,0.0013676519504164,0.0006563349196951,0.2683975636209627,0.0387981676454305,0.0002928912769647,6.127504092117893e-05,0.0014713222360962,0.0007250279170321
545,0.1155721052342301,0.0153479358681548,0.3085843508368053,0.0068972179811824,0.1925830428659957,0.0393067872973599,0.0168550482419759,0.0071555878593742,0.678437034023467,0.007137836327795
546,0.5237727581731129,0.0261373767999955,5.462663344284131e-05,1.3279862178249348e-05,0.1437102471327671,0.0155758308966836,0.0002040621178875,5.947432143609829e-05,0.0006049896654465,0.0002516689307415
547,0.1711867597106081,0.0161827229417316,0.2643231877804377,0.0056180312839518,0.2025426133042564,0.0178835954613777,0.01451849303639,0.0058156650306956,0.7168733048922139,0.005884392723094
548,0.4423026215701309,0.0283113235228636,0.0001303418433712,8.64367256939597e-06,0.1859284788891851,0.0053948750975658,5.962852132004589e-05,2.5325826967513008e-05,0.0003422154805249,0.0001860212012523
549,0.023814856225318,0.0117208726451284,2.6873785150943514,0.1104484147829785,1.3663786601840566,0.0075359850098295,0.0835077519985394,0.0242084888400221,65.13470028433373,1.17145982056491
550,0.0137144872334112,0.0123315339619313,0.3504430757064937,0.0745712464033249,0.1195154412713891,0.05590038590294,0.0182608735858127,0.011682911769517,0.6217063771296044,0.0789787323190478
551,0.4283410109746973,0.0113527589897548,0.4287019061059225,0.0123157322432306,0.1365222950370099,0.054389947169105,0.0148771684512238,0.0079910546729766,0.6331172816331709,0.0128080366190419
552,0.1219276289162839,0.014774419105338,0.3451867412704125,0.0080077103676308,0.1353995726023877,0.050474616628035,0.0168092774037749,0.007925573295436,0.692884588303185,0.0083980366651905
553,0.2263770065024868,0.0160398473854536,0.3846026296515305,0.0079372668111092,0.1610744760194378,0.0864514437083392,0.016024574787482,0.0076969453631472,0.7043499694750315,0.008255964011804
554,0.0166612363391553,0.0133210386062151,0.3727985214481054,0.0458960221996224,0.1565004455416811,0.0887828806319087,0.0177636599161833,0.011769949509935,0.66824299660086,0.0400789262484563
555,0.0844341170219964,0.0115220322798564,0.3981584730567022,0.0227589250395347,0.1438484758446132,0.0288755877966429,0.0181816891460058,0.0104050406855244,0.6404690510255524,0.0228536252018236
556,0.0101790115354828,0.0079752656536838,0.2712670311824789,0.2135348704801645,0.0136240567367522,0.0069088263108598,0.028390144153838,0.0143935705152573,0.7211646828675965,0.4443710166434964
557,0.4300099978913363,0.0843068421192274,0.0001258011929629,1.5224697020548012e-05,0.1857996040376323,0.0077995865478712,5.95554379276594e-05,2.99147399040382e-05,0.0005488600131378,0.0002052356111239
558,0.1492561369794175,0.0292372676692062,0.0003017425165152,7.474225648117599e-05,0.4780470965823669,0.014103139694901,4.53313168258714e-05,1.2508609597554126e-05,0.0005651309839204,0.0002227365842617
559,0.3764109095911624,0.0288935770273611,0.0002145675578597,1.5782317305016764e-05,0.2661892405523051,0.0083389463557114,7.286643979516978e-05,2.376026148916889e-05,0.0003996106568779,0.000166135060313
560,0.0141831671121302,0.0117017787892301,0.3149076877788339,0.0244434405748216,0.1192741760501834,0.0472430652104178,0.018704244964617,0.0115883859426903,0.6591470562497794,0.0249574710906769
561,0.1336099844797038,0.0124934809589207,0.2624290742097641,0.0061575540738004,0.1689050991616655,0.071110700364644,0.015792080869169,0.0067585156868089,0.6748365497431275,0.0065991816382896
562,0.0104921683780515,0.0080811860108338,0.2582857364839718,0.2135518918020249,0.0137782635601289,0.0083836306078446,0.0278221324243544,0.0138006039546799,0.6547461009148567,0.4220594414447611
563,0.0246071558474016,0.011669148600672,4.291935332959451,0.1110596884413894,2.4161348561907783,0.00734811914968,0.0852728178117234,0.0240227994054627,111.11724144310324,1.1674362206517812
564,0.3271415981384389,0.0126815116120381,0.3134666284798388,0.0125392867751775,0.1107268824312747,0.0379373647132295,0.0176725739687578,0.0094896894225869,0.6638406825099878,0.0131156387125696
565,0.4358032792016312,0.0237848385984296,0.0001300234826123,1.0165334486685894e-05,0.1929075049339749,0.0070735232561925,5.506138647935734e-05,2.7921659433317836e-05,0.0003243724184048,0.0001875415577228
566,0.1993794874357649,0.0139921290303466,0.369597679714238,0.0084782524942394,0.2335794388834078,0.1260854086080213,0.0130168664251208,0.0071101718041652,0.6455005201599625,0.0087622973796575
567,0.1500406931384121,0.0227704301426161,0.0004677871196481,0.0001386344856939,0.4899904684667314,0.012256259202979,2.919431336994429e-05,9.821697807280993e-06,0.0006786310822696,0.0002507405665619
568,0.3739645079834897,0.0116840802490224,0.2857367901738733,0.0132588141012458,0.1165194769955969,0.0483798062480611,0.0160319054202561,0.0084262174002506,0.6234090412399823,0.0137419629224867
569,0.5150432216362808,0.0232017298675476,6.23726076147525e-05,8.89480078565968e-06,0.1455063346750348,0.0104673506263842,0.0001347554736665,4.092578779660497e-05,0.0005069864885475,0.0002268494858517
570,0.01317937574923,0.0120510553374253,0.4700509596681945,0.086796486703927,0.183133792525136,0.1227968029376736,0.015871900282308,0.0110213681476183,0.6275116831055391,0.0862247303796927
571,0.0222361685258209,0.0116753108186525,1.0791462572053336,0.1094393998931216,0.3463452050075294,0.0084550138857298,0.0798387803972418,0.0244280615303208,28.42793986377032,1.17104000232971
572,0.4240840796684501,0.0262262935271833,0.0001536835657935,1.0308089464364326e-05,0.2143487070191148,0.0066169492454799,4.663936648468165e-05,2.755977489434944e-05,0.0003434930363562,0.0001853652639841
573,0.2156757722666215,0.015653849075081,0.3016224503781134,0.0069567109148735,0.1804601483866642,0.0418495690020519,0.0155093522806982,0.0071415497652343,0.6747217596719837,0.0072428373813768
574,0.0153841684553498,0.014203433338319,0.3573848797524501,0.2901183237828234,0.15200999060223,0.1224442819930861,0.0178044880843983,0.0119502935127175,0.6671021337390132,0.1543274246904223
575,0.2503179728580373,0.0157578049719336,0.3850361408097014,0.0135275356643347,0.1288670718856463,0.0582836073989678,0.0174553392644733,0.0094426041597069,0.6982671531184891,0.0139359363334624
576,0.0366219001450301,0.0080547298041954,0.0029712938991953,0.0016686535644748,0.2906797916189322,0.0034731248222489,0.0004306977311312,8.312131328186142e-05,0.002927617281334,0.0016664502029948
577,0.1435214837511717,0.0128546213776691,0.2817707219633368,0.0074415041880859,0.2305191707398577,0.0933073633264597,0.0166216673171543,0.0072115299338825,0.6762103725739171,0.0078052848033509
578,0.4687936781513167,0.0944543704252568,9.541846585048472e-05,1.3226681493315036e-05,0.1599968231620851,0.0093494836161866,0.0001153481972952,3.724506912203836e-05,0.0005671098410501,0.0002283263237503
579,0.0172297966234317,0.0108290890711909,0.398102635238146,0.1115282643437217,0.3604682998375801,0.0204406902684307,0.0657883738513953,0.0233723664750553,4.256211600632295,1.1227083362470025
580,0.5353973814574384,0.0199882336811744,5.798130853525227e-05,1.0632640058623052e-05,0.144040075748303,0.0099978102114088,9.688715553856892e-05,3.864842494165982e-05,0.0003687964216192,0.0002309607799614
581,0.1679304103020125,0.0141163494130578,0.3195760850565752,0.005076764521187,0.145597478872193,0.0667519555695693,0.0149908157844264,0.0069023083157523,0.6977506816962791,0.0054087167892187
582,0.5260899993859307,0.014348429442475,6.035156212596976e-05,6.577727220686449e-06,0.144638315159968,0.0105787332685526,0.0001323156734774,6.497128997471832e-05,0.0004477616468887,0.0002747343828183
583,0.0124104746508254,0.0097489527555857,0.3036846073707299,0.2213848198478024,0.0414639142516019,0.0179861420234154,0.0241922908841862,0.0126407269574497,0.605628222064177,0.2732778810883676
584,0.0129190852670933,0.0106899630167454,0.3397131981562046,0.1705847349197791,0.1326417323013195,0.0771556536514103,0.0222127915540268,0.012658478265976,0.6395112432946212,0.1275240456269178
585,0.0209755419448938,0.0104983802826919,7.753988843416135,0.1134156588250898,4.562447536361003,0.012150866198962,0.0737102381331867,0.0223002378318786,133.40288195981975,1.093668895455818
586,0.0157730469322432,0.0088885243413348,0.247520271081693,0.0302716395211093,0.1409188176091308,0.0459055715875807,0.0186714642963004,0.0105707757022617,0.5978967116089556,0.0274494597927376
587,0.1677123084472122,0.0148967244713482,0.3201713138667407,0.0114205669015876,0.1577681969550791,0.0735229549310617,0.0181480283571026,0.0087751726950939,0.7150485787986861,0.0117304728007921
588,0.2602626479279532,0.0129260752082962,0.5111069416335708,0.1077171865142425,0.1909179678041836,0.0817100266950015,0.0614361745036797,0.0122941386917854,0.6460198949602759,0.1084688986782799
589,0.1614098197282633,0.0150115383686755,0.4302664893904545,0.0101292014322781,0.2314822944286513,0.0650847655747947,0.0163805090015317,0.0077652081505198,0.6918283032960032,0.0104131640362253
590,0.010746462700749,0.0083227942133829,0.3088075455806942,0.1814377695149047,0.1151164386311623,0.0235278847524245,0.0345773599743334,0.0168472351786037,0.93410016083825,0.6923080080191787
591,0.1760738614898858,0.0113471522432408,0.2931603369871729,0.0092875872737458,0.1900952820528809,0.0463827317411006,0.0152229416974105,0.0067613100146383,0.6349381192451149,0.0095838833708177
592,0.0794502755023994,0.0136446728487522,0.326407962044975,0.0324344181400011,0.1501757895733032,0.0384947555987869,0.0246431841402729,0.011834179303871,0.6644117776579607,0.0328345162404018
593,0.2412384904303653,0.0377899629477102,0.0001135268698221,1.3888694848196632e-05,0.4669104763675666,0.0054264998808542,5.990504943520006e-05,1.886813609669828e-05,0.0003421579354815,0.0001832408699046
594,0.2498543793575131,0.0144732583064435,0.3365016513135361,0.0187292722645078,0.1625312864763206,0.0747648921033353,0.0211378731131864,0.0084399013673726,0.6528966455555568,0.0190289891795673
595,0.1623621500801496,0.0141154561116217,0.3597393302689957,0.0115508292617789,0.1256077258572371,0.05713984527992,0.0149901681210297,0.0083139626806874,0.6715586332483982,0.0119349057141245
596,0.4747072237215232,0.0797875571926612,0.0001299167535291,1.9811148668405464e-05,0.1618910015155034,0.0097508875985699,8.454855363215107e-05,4.536902310113028e-05,0.0004395412342899,0.0002493658003691
597,0.0158877426177562,0.0104607990917208,0.3887138402150948,0.1142413212481682,0.3553055442698637,0.0303434088664316,0.0615333907127244,0.0228114336124255,2.855275441269909,1.0807654767630277
598,0.0412940380182646,0.0124130474156303,0.3599137221994975,0.0138920890881455,0.1449560079731922,0.0230831531125475,0.016141753485824,0.0100984844382348,0.6154844338109933,0.0139422874487474
599,0.1896861232707145,0.0114997717304935,0.3402407220169751,0.0104930316677438,0.1414730312597276,0.0616022506729937,0.0139133711892923,0.0076999475905149,0.634259810614456,0.0108677232456123
600,0.1020823206212872,0.0135301984943043,0.3272928522051774,0.0059744145536989,0.1814154344787462,0.0483887388566943,0.0164242531331727,0.007219356508487,0.6626646946923663,0.0064546864194708
601,0.0106925763954234,0.0086361620303366,0.2422376575269933,0.2167865059062208,0.0222219893937817,0.0132456085499747,0.0231741619426349,0.0124420416514979,0.6158254975596005,0.3032409849173967
602,0.0444427829714002,0.0083904139865103,0.0077240271103948,0.0033987105659167,0.4260311986446319,0.0026158791621538,0.0012587158981137,0.0001522509754185,0.0076590601782372,0.0033822449478826
603,0.0331640685406577,0.0118163100576021,0.3482455087639131,0.0416061808053196,0.1320805270470294,0.06909018383097,0.0208477254571523,0.0119943008706925,0.6408061716557193,0.0420575848837104
604,0.0243920814443697,0.0116717322676933,4.008001611862988,0.1110210540176334,2.2358021901292746,0.0073872231326583,0.0848055995568323,0.0241052545933943,99.70932300582658,1.1640429938377723
605,0.1449081738192534,0.0114215496035109,0.2670712467049365,0.0094395896326441,0.1493720984911399,0.0625262977839157,0.0154666772108123,0.0079047372483587,0.6270313846845861,0.0099464442561376
606,0.4517199762613031,0.0307894843866453,0.0001183645348556,7.89318580270551e-06,0.1680121340162242,0.0058855569536432,6.489251935758675e-05,3.102781645827256e-05,0.0003153987549522,0.0001983245687098
607,0.4989057153153939,0.0178946574030999,7.946998036652011e-05,7.338843860669688e-06,0.1571441196367974,0.0083048686726745,0.0001003425252434,3.981710787238238e-05,0.0003478784511992,0.0002245586948483
608,0.1206596462267724,0.0132394390329809,0.2497004315404029,0.0059884555790179,0.2533795394420717,0.0390572356108569,0.0151353396806106,0.0059915478297038,0.6669410761040624,0.0063295379489449
609,0.1837166384131867,0.0281870226877965,0.0011298383817232,0.0002283542733164,0.4640002982577882,0.0062720025343944,5.233996272114656e-05,1.930497395827772e-05,0.0011982440019761,0.0002431020629842
610,0.1636228598203807,0.0158853129699427,0.2940814935395043,0.0077949405464475,0.2171554107999162,0.0271831172594454,0.0160545719814674,0.0067212930721975,0.708834497932172,0.0080498870626643
611,0.0096604368119676,0.0077380288201655,0.2988741499890948,0.199019378722814,0.060969353232705,0.0319902433929805,0.02348057246177,0.0126490317882714,0.6441374097768361,0.1724833131095276
612,0.150590250736406,0.0163575774738885,0.3924105003618385,0.0079546689957103,0.1502419834400445,0.0543574519427773,0.0176755591552549,0.0080560661779121,0.7127197695083104,0.0082258005625637
613,0.1342140413922366,0.014431057243097,0.3447463307009067,0.0064787670024332,0.1597181985750124,0.0616539454312466,0.013786013077287,0.0065269063110636,0.6643947291132284,0.0067997013376838
614,0.1968077981653389,0.0130483696439287,0.2554089272436164,0.0078927434434519,0.1598274155040481,0.0708812545823583,0.0169291620832244,0.0070158554704576,0.6805029004475981,0.0082082631019916
615,0.5533306584142618,0.1016909655287971,6.453967055541438e-05,9.757928282734224e-06,0.1270220215539261,0.0127642961450346,0.0002052933193084,9.955997512088196e-05,0.0006287520280722,0.0003534768486152
616,0.0239187240591529,0.0116838381837789,2.9057808603770874,0.1106408456781963,1.5131712520245126,0.0075502725751132,0.0837184369812208,0.0241870825098634,73.50489879865066,1.166487633307885
617,0.2894452570396869,0.0221331984215919,0.0034532668368332,0.0013177696136419,0.3609208486196766,0.0237774229521408,0.000784536804893,0.0001393585253368,0.0033030876752436,0.0013541961013653
618,0.1454775431266005,0.0107149063464374,0.2595108438572285,0.0047497822763569,0.0892762198353555,0.014893517661359,0.0168764382309104,0.0083083823045044,0.6001110144616625,0.0054793199390496
619,0.1103780741978305,0.0129238827475426,0.297811536558566,0.0086057387209543,0.1489755976044368,0.0636318767693297,0.0172158630029333,0.0082409403208985,0.6537590745332346,0.0090991633823936
620,0.1746213498208567,0.0139258927439037,0.4183284918432329,0.0081047204525154,0.1790125541673987,0.0568681110281256,0.0144337273822227,0.007044313921001,0.6733807046743586,0.008492343715803
621,0.1299905893271866,0.0113188812418117,0.2764379325788676,0.008473330063478,0.1286901456859457,0.055366074138447,0.0167721831643508,0.0080111001525963,0.6332662412733746,0.0090365052164632
622,0.2795186292288147,0.0140616770593022,0.3167607281283366,0.0093883368751893,0.1700956635794955,0.0825627703733523,0.0155646998813934,0.0072857597975622,0.6788836986192984,0.0096183541707307
623,0.1256417371661459,0.0147576712718846,0.2865147769108118,0.0058177833403323,0.1858014762968559,0.0199965242157608,0.0171116517098981,0.0066195730536948,0.7227450581555334,0.0061360082713057
624,0.2036124134746508,0.0128436918618631,0.2556322141166504,0.0093882275527267,0.1541569385108046,0.0738784835866041,0.0179934982426185,0.0088097495081725,0.655515062429449,0.0098513355198115
625,0.1777172344770039,0.0116394704906658,0.2491804489063323,0.0060973918526334,0.1268316674478312,0.043619388108567,0.0139821794318731,0.0057965504185176,0.6351447969178257,0.0064477273553979
626,0.0123313731256642,0.0102380729716816,0.246311245623641,0.2256093111965325,0.0297568136294236,0.0182112746474457,0.0234759808005386,0.0128402036450925,0.6227707223646681,0.2892281361146149
627,0.4889367292915305,0.0920440785987872,0.0001064431862353,1.3868879426803711e-05,0.1599885028987435,0.0100912901761737,9.71822596479485e-05,3.928122281868945e-05,0.0004766327645505,0.0002339323248129
628,0.2292118143227803,0.0132952362518706,0.2674214161944084,0.006354095062894,0.2310419743160902,0.0302794449294609,0.015125793575919,0.0059782151698275,0.6614282203647138,0.0066669474183459
629,0.0225875119936358,0.011676051408652,1.504443764103204,0.1098185584046666,0.5967004469642517,0.0081524281893862,0.0805878360181071,0.0243443308187002,36.21662406899519,1.1683353906266734
630,0.158501023788343,0.0133267643445434,0.3050476062249067,0.0091725041274732,0.1169744370628535,0.0536079107359745,0.0138216602596253,0.0064520529924783,0.6525668159099494,0.0094091392821427
631,0.4829888905358524,0.0186053063886108,8.075420411569993e-05,8.307702378022368e-06,0.158608570252724,0.0082749089763644,9.22575724604736e-05,3.684737459728171e-05,0.0003277287196956,0.0002101049260921
632,0.0970134257609381,0.0161578524295518,0.3826534534254738,0.004603957355838,0.1563411166405428,0.066649332317659,0.0167578040785605,0.007540739979223,0.7099095012446224,0.0049933581106613
633,0.3843396835821919,0.0372358417463517,0.0002341605984727,1.232568685019941e-05,0.2664292349197144,0.00483647639977,5.212660454766077e-05,2.098031493241541e-05,0.0003777757799064,0.000162997220684
634,0.1289039515089213,0.024206725786851,0.0019175763813601,0.0004527326685002,0.4006235677263863,0.0050825256492666,0.0001457473544439,3.1433564934303705e-05,0.0019883035097789,0.0004731420241822
635,0.3841465819393079,0.0509003659725625,0.0002374778471334,1.125054569996302e-05,0.2699832157317053,0.0063737129913404,7.929207276234996e-05,3.325978790998745e-05,0.0003735830879747,0.0001850565664912
636,0.2802729016733577,0.0166431913441766,0.2733680514198909,0.00630360707747,0.208785774768796,0.0217898769140767,0.0163178590948554,0.0064330383179136,0.7235172181840882,0.006580084943661
637,0.3829580651826574,0.0129116256216692,0.3340229004115288,0.009300660990589,0.1168442677741297,0.0452199653802187,0.0164862976773803,0.0087072668766135,0.6413428315137228,0.0099043242362612
638,0.4379848104958199,0.0424020781352451,0.0001489481964674,8.378657565718503e-06,0.2078375283959903,0.0061424843612929,4.930072584913442e-05,3.4512071401224774e-05,0.0003290873863221,0.0001980523619785
639,0.085923197189819,0.0142794650912402,0.3522034488066687,0.1038380805437762,0.1730766420056462,0.063031333617394,0.0351225781697169,0.0115336811298327,0.6590700427714886,0.1045873529260968
640,0.4966319852735172,0.0864328480599399,0.0001360166091772,2.038499600810287e-05,0.1520616938170888,0.01114306809882,0.0001033252516903,4.978769790970357e-05,0.0004747878325954,0.0002608388073097
641,0.5461590743766335,0.0118783467564346,4.610557839584451e-05,6.521795845264718e-06,0.1370661952193931,0.0118672116577018,0.0001575876122304,7.731301906459151e-05,0.0005104397576592,0.0002986061227222
642,0.0121072195436961,0.0095382080268614,0.2543030821227607,0.2255219907814237,0.0217369595903497,0.0137962490966697,0.0264018032201095,0.013591721084272,0.6640654028581997,0.3480384439639715
643,0.2147495284014601,0.0177093953171544,0.4455825843283338,0.0067754017859072,0.1625123156008747,0.0660399447591438,0.0160303889957303,0.0074700932082904,0.7496955880505819,0.0070525479307595
644,0.1186900683371505,0.0105474571435545,0.3062729623861862,0.0148003862644752,0.0809028226258073,0.0174706577593756,0.0191418952357033,0.0093321908766372,0.6168229180968858,0.0149987959760761
645,0.1743632443036128,0.0137746820957344,0.2504145418225022,0.0083506698413021,0.1773368994623508,0.0755177815618354,0.0165561121280871,0.0072644020073263,0.6656725250392334,0.0086932059878349
646,0.1247010207603498,0.0128376094397841,0.40445001674106,0.1057130573811312,0.1655952591679331,0.0674565708880576,0.0511009461939496,0.0109256241081383,0.6245867278458419,0.1064290718297987
647,0.2672245774126873,0.0190098373889416,0.4728350632243771,0.0152754618887695,0.190957576379958,0.0995965593108182,0.0201884586727689,0.0083455594824317,0.7267500629737115,0.0154178506629873
648,0.0244510415378989,0.0112605336981053,5.301321121864617,0.1126257087945311,3.086484354498712,0.0076764136636874,0.0838912327981354,0.0233169745284155,138.36808761244683,1.1413045968164013
649,0.1549340439740099,0.0176527730593353,0.0021901302832434,0.000708152112626,0.2668883299466917,0.0108158285208504,0.000141904688213,3.644657874289486e-05,0.0021525208943108,0.0006981581584812
650,0.0124086132446372,0.0092914342624456,0.3566872451769189,0.1329256304327398,0.3350334105464698,0.063933936161634,0.0486499801251023,0.0202013485790509,1.2731960252659822,0.9404611612122384
651,0.0157461850159327,0.0103466635343627,0.3846656520057749,0.1155539630456328,0.3546551509397765,0.029728774459335,0.0608755869307324,0.0226038833712281,2.852759748531891,1.0707941969073282
652,0.4961512657032145,0.028891230283635,8.372798869701535e-05,8.810853687044562e-06,0.1598140321662912,0.0103145638082429,0.0001378259339055,4.6088354929580026e-05,0.000618116179962,0.0002379018898314
653,0.4347367824725092,0.0702352511786985,0.0001319993813528,2.0553471911713623e-05,0.1857540998685477,0.0087226778193411,6.367474000935379e-05,2.7151755487362344e-05,0.0004561300432707,0.0002111700382377
654,0.2468919643398514,0.0156471464371685,0.4341785435679752,0.0104730899304487,0.2151794081318865,0.1040430106710173,0.0161088204218195,0.0084150135463486,0.7261184921853385,0.0107833118092405
655,0.1346302177090933,0.016044720881629,0.3479322340561058,0.004857306529337,0.1355857619688421,0.0488444317718221,0.0152946646155425,0.0069172054818319,0.7272469589848453,0.0051970045949867
656,0.255009543966717,0.0112533181226176,0.3100077791335314,0.0083072918490807,0.0925822940343397,0.0301142102711096,0.018202889494977,0.0087205808537632,0.6614981781515095,0.0089280346636281
657,0.009540663609813,0.0074776374462588,0.2833636628986414,0.1399744343655546,0.1030882097764593,0.0493847278861693,0.0221765645079058,0.0119041231150064,0.6090386195722772,0.1410897999927634
658,0.3585825855411659,0.0553004584590661,0.0001220529583843,1.1001761964215504e-05,0.3015331503095209,0.0092923341934929,0.0001087155444204,4.364492417103629e-05,0.0003718330040871,0.0002160374384806
659,0.2716190198602083,0.0123463986194652,0.3521402976473949,0.0130670729060817,0.0856440030566179,0.0342978496353962,0.0166495050116884,0.0085979856569646,0.6068214452883016,0.0135715097240222
660,0.1662421340305735,0.0109161347390039,0.3724279402844738,0.0090123324324529,0.0841355149880361,0.0194791157470259,0.0174240394143892,0.0085430424833703,0.5931717574972052,0.0096498110549745
661,0.2355713435925004,0.0120557914908689,0.3291815920087395,0.0072504812571156,0.1557543214236814,0.0546954082079214,0.0148243719781828,0.0065024006624123,0.6566335451543736,0.0075921504274373
662,0.3925915395051365,0.0403983753050353,0.0001582014687365,2.835355184991069e-05,0.2457654010087652,0.0114643160392808,6.162005766706464e-05,2.2576541414107925e-05,0.0004107522235865,0.0001986891604223
663,0.1765097746778145,0.0121375789209906,0.0014906857753003,0.0006256070165604,0.3054910504060903,0.043336201117482,0.0001346737400038,3.745510591194093e-05,0.0015166739791929,0.0006379795647587
664,0.0135806292702284,0.0097477882130277,0.2590741288608988,0.223411287108657,0.0267795156057272,0.0154826530924874,0.0280822415220212,0.0134765646071951,0.6599882795773542,0.3263618957571114
665,0.1715495033654193,0.015765169896865,0.2897610217843687,0.0077124430106311,0.1808810093079692,0.0168698552495081,0.0149146128559569,0.0059707035035772,0.7246698603847354,0.0079466629524583
666,0.3070996529362086,0.0674428369280648,0.0005435597538046,2.193260683585453e-05,0.4905216295121736,0.0067605687026689,6.0686394134624834e-05,3.404697890570626e-05,0.0005426857303065,0.0001623261956783
667,0.2273419210394394,0.0145387397188776,0.6212319064378324,0.0371801504372741,0.2352075714655815,0.0485820870453512,0.0232133198213899,0.0113554122425917,0.6690129774586694,0.0379430336173841
668,0.1238122722036006,0.0195893553739364,0.0020382598111713,0.0005231402390661,0.3352916037895106,0.0082857831928596,0.0001622952104319,2.7596317832929197e-05,0.0020928581731572,0.0005516772093062
669,0.0126076506590714,0.0107936384311113,0.2424728987287062,0.2218133648678943,0.0409228320917301,0.0251127994828973,0.0219557361977493,0.0124873600931483,0.6047201943451702,0.2479616579413293
670,0.0108112986314901,0.0084802874523999,0.2979700641156886,0.188503813447935,0.1332055820889666,0.0680848772216543,0.0221937026409591,0.0118032324978758,0.5578550388300827,0.130777604175254
671,0.1998266903930751,0.016171912329391,0.3673921864575859,0.0122601691338141,0.1723578089341357,0.0885892708792095,0.0169304203111148,0.0083932435097593,0.7183201855035006,0.0125453829909427
672,0.1710370875901058,0.0131404305247478,0.0032521299420851,0.0014758077768737,0.3033168427465574,0.0467311326710224,0.0006257974177144,0.0001018465478269,0.0032523495461522,0.0014940982635977
673,0.1590768240867189,0.0165975192082917,0.0013512072589883,0.0005434938092217,0.2742082794705173,0.0136633401666678,0.0002654786432458,4.519533581795605e-05,0.0014684467097865,0.0005924816758844
674,0.0145756619300476,0.0106605753088413,0.27479074657222,0.0667386722190683,0.1103546626632371,0.0754583234970241,0.018639755169965,0.011305346880199,0.6273487825652496,0.0741153836363056
675,0.4856192918973661,0.0201678662915873,8.938531006095632e-05,1.0547334189322212e-05,0.1622868618874704,0.0098873704315515,9.385418531220964e-05,3.297772246512765e-05,0.0003606858091222,0.0002045549769935
676,0.3369846175749076,0.010350905834128,0.3986856459879589,0.0308400851766491,0.122794115117355,0.051195708120118,0.0170439252548275,0.0096041362399337,0.5808707653438768,0.0314814042293559
677,0.0137426142398767,0.0121680419336936,0.2544980164602742,0.2066351626665761,0.0820051945454994,0.0458501954422534,0.0210146685787394,0.0125809871783687,0.6287948930267375,0.2087422642972923
678,0.2105595600907884,0.0142632394655627,0.3667661388144809,0.0092306350584477,0.1374797787747943,0.0643174070802859,0.0155889621046049,0.0081349593045453,0.6593637284815721,0.0095887807896919
679,0.1743601778008208,0.0339631673513331,0.0002787061430795,4.955030376142597e-05,0.4130727736493288,0.010247000859977,3.561942870631507e-05,1.3043688825596878e-05,0.0005629010825166,0.0001979449011718
680,0.0239565017170152,0.0117523178447862,2.9556301251410084,0.1103767135702349,1.5416034526039253,0.0075159055162732,0.0840167901126489,0.024321098627729,72.88808244776389,1.171443740045274
681,0.0166190368241185,0.0149621100953938,0.4705369287183621,0.0353063493218764,0.2048173610629765,0.1039920898791091,0.0178092719524907,0.0120772260641746,0.6788968485056558,0.0402265647103987
682,0.1286975225617817,0.0106739957976545,0.2472973973399178,0.0077461307603487,0.1344904758762135,0.0582094050750854,0.0146098079595642,0.0070925289467376,0.6086695646030461,0.00824232728801
683,0.2238417087836272,0.0157251584403562,0.2792656188682429,0.0070712432666877,0.1883148662290037,0.0273430123028959,0.0155959274855789,0.0064319940657003,0.7045723349801915,0.0073467154788702
684,0.1568415253569443,0.012941585465727,0.2769853090505657,0.0079153008578035,0.1522880777413366,0.0678664076933924,0.0161571226837971,0.007382016391388,0.6386996815328172,0.0083581338859661
685,0.0142957198116205,0.0128766116934948,0.3573996945052432,0.2205764037910418,0.1737027302869841,0.0836939487270776,0.0206123145632384,0.0128774753899334,0.6706886353761456,0.1730749492987994
686,0.5076204395169472,0.0142235014823499,0.3268226934628392,0.014442177719501,0.1372584581357289,0.0567424975809003,0.0185019611837959,0.0095422259768311,0.675567130783766,0.0149872448179398
687,0.0231499521598123,0.0146564986625088,0.3905120551902725,0.0536726583442836,0.2086181352402624,0.0762521310472918,0.0164564057374034,0.0110978287454299,0.6585975849930713,0.0558473467719497
688,0.3200887602080335,0.0106634177726967,0.3511650144158841,0.0109072850410699,0.1061147195221866,0.0409999729208566,0.0182266543354561,0.0087037931660964,0.6499296118071354,0.0115347083796852
689,0.4298048565024452,0.0691567952287068,0.0001743803236397,2.876137078350517e-05,0.1841424949240053,0.0088149105568975,6.22784712012887e-05,2.6467959030187813e-05,0.0004128461173597,0.0002088268519843
690,0.1294434394725102,0.014652158555248,0.3147922624890372,0.0058539153268992,0.1952196338160149,0.0700406953926939,0.0172605991922113,0.0077496918666412,0.6811596255462279,0.0062231138501253
691,0.4771942881372397,0.0212787533379671,9.533527509163832e-05,9.938680120736295e-06,0.1654236465517429,0.0088553670173248,8.787269547229389e-05,3.078063067889507e-05,0.0003373080522277,0.0001975502390908
692,0.0110668451562983,0.0094411106725129,0.4442501349891544,0.2008368062463832,0.1082539007894066,0.0496332884597942,0.0206818101015926,0.0121027416444182,0.599725643130709,0.1844372045175727
693,0.0236465547781551,0.0108339332397932,7.737607690681774,0.1133546744259103,4.608532308579346,0.0093200203281712,0.0811344162146969,0.0227065847698725,193.23330471936188,1.117381967557341
694,0.2804384402084089,0.0173001453061444,0.4786545200052604,0.0174443300241496,0.1603470600785671,0.0828032665339728,0.0205142058137914,0.0092162103565653,0.7059881404672691,0.0177181236729792
695,0.363048785811303,0.0118443412679242,0.2814052730815668,0.0120200376831862,0.1050388531425922,0.0362771684648673,0.0179441478756146,0.008826036725049,0.6488662818842623,0.0125778902987315
696,0.4636685519016852,0.0197530273097486,0.0001072110772549,8.711535116019621e-06,0.1662972548621827,0.0066358008244247,7.536048741310317e-05,2.7508637282220496e-05,0.0003233111803472,0.0001904812667279
697,0.0105121481706503,0.0081520426625551,0.2630923683128469,0.2145465100913539,0.0138617666505219,0.0079575772354934,0.028411391355372,0.0141376316634744,0.6826805464129881,0.4353706503483691
698,0.4281410721082346,0.0288863731216875,0.0001478852409774,9.86768979401221e-06,0.2085948894324659,0.0073615497286415,6.871987412710333e-05,3.431129438192786e-05,0.0003429577625772,0.0002017578163316
699,0.0159713714322851,0.0138077481365977,0.3613286058548675,0.0337016404323213,0.2511475850586873,0.1065015467132106,0.0178377062299741,0.0115917927203611,0.638801458791247,0.0265487031183315
700,0.3133879390250149,0.0146661822152174,0.312218373442278,0.0080554353712322,0.1767983255207296,0.0579325921370987,0.0155552291660487,0.0067603091600966,0.7037791243618038,0.0083654190439078
701,0.0188884204696266,0.0111813594488422,0.4074638063906919,0.109857548268309,0.3612800685430529,0.0135715735530046,0.0706655700031525,0.0238890780156324,7.784257743856138,1.1442512609994615
702,0.0614737293268995,0.014016644433426,0.3238256981048371,0.031996930383232,0.1805011347401949,0.0287116338304672,0.0193750046273113,0.0116373012582454,0.6778707693239159,0.0322780627816764
703,0.0200821060344622,0.0183919529204456,0.4457475408545299,0.2510556176603406,0.2175672421987162,0.1754787173684118,0.017250492571461,0.0122592642446659,0.7180239748178062,0.1517502244240897
704,0.2970383307968675,0.0114994407515837,0.3245262158043107,0.0133188832516364,0.1116418510793886,0.0478628798283225,0.0156176382554443,0.0086846265471703,0.6522738465513064,0.0138213495066457
705,0.1642814439796434,0.0150320154142494,0.3523943818133865,0.0198584492167418,0.1128620086315811,0.0484403014231303,0.0265795966156366,0.0091628298509653,0.6468883063832997,0.0201971050538233
706,0.1773688741028512,0.0117804382056547,0.3177162914993239,0.0070933347909111,0.1406653061755015,0.0690822902394929,0.0142627841029066,0.0062446702302062,0.6229641552669672,0.0074351740854036
707,0.02425969030435,0.0116418533079762,3.406971428108465,0.1111826237327727,1.8508882058679528,0.0074020618054422,0.0844017673482972,0.0240737073440759,88.20087614530571,1.161207076340459
708,0.1778129718097146,0.0163156505370733,0.3961721618140192,0.0065335728911918,0.2001415192893893,0.0503135670609529,0.0157437425325015,0.0067091983169391,0.7143746768018373,0.0068276424051998
709,0.121104004154888,0.0138003545744547,0.3195680476698497,0.0083625594177572,0.1169453633230062,0.0468685021737779,0.0190205413227278,0.0086567702875449,0.6909090368275775,0.0088889111862343
710,0.0164994789864745,0.0088755961038325,0.2897806240927794,0.0369944838883781,0.1029070645371173,0.0683703435723254,0.0201071288870025,0.010990560875819,0.6072861978059529,0.0292441735801871
711,0.0230939426733091,0.0087566136154869,0.2959752880136101,0.0237117699141793,0.1365837368170121,0.0455535086035269,0.0190073660608139,0.0104888392766026,0.5854424456494888,0.023173064893003
712,0.0100317131836509,0.0080809742958833,0.3647525421462201,0.0974448772103257,0.1166633247756143,0.0811165216768703,0.0219374006257305,0.0119511806250339,0.5933565731933639,0.0660426691708274
713,0.1824576815154332,0.0141608655025995,0.2458799597508076,0.0048780533661382,0.137010754812132,0.0167578616289579,0.0135961392645287,0.0054030813422415,0.6517817196008058,0.0052074521865349
714,0.1517827759165202,0.0149298640989244,0.4720435397405395,0.0088574885317593,0.1924054483867921,0.0538910299495591,0.0167888659084553,0.0079925860459697,0.6872219903948532,0.009181036792492
715,0.0353213624676819,0.0096005122763029,0.283075355796104,0.0616585015482534,0.1213850419660926,0.0818428515828254,0.0265493574723482,0.0115219332067487,0.6054518818179536,0.0624758431805076
716,0.3997425905942747,0.0116123248416531,0.2956959782911937,0.0159916985178294,0.1561959878187225,0.0560270452430624,0.01843583367336,0.009535246707874,0.6279805294055679,0.0166495730872406
717,0.2780507183173809,0.0130778929902555,0.002182304460787,0.0008592615323919,0.4293439483906464,0.0231255967847721,9.927359009310833e-05,3.321045558653106e-05,0.0021966365491854,0.0008975870225387
718,0.2647068582605497,0.0153535212384015,0.286680283620339,0.006608035675516,0.1657812564161582,0.0217256130274477,0.0151487195558569,0.0061926477902661,0.7071538575344841,0.0069088400918438
719,0.0556360574590591,0.0089570777627594,0.2582720122016802,0.0305536801269112,0.1091529410400656,0.0505446898225134,0.0267959700482545,0.011178162270087,0.6226566515736657,0.0326300381099358
720,0.1485159541598044,0.0153021178285434,0.3421788646584585,0.0094966877982179,0.1737981108062277,0.0824977176867137,0.0171742496901672,0.0087691024214675,0.6967044099568429,0.009920706928646
721,0.1275324763106295,0.0269933157244459,0.0014812278459869,0.0002130440355737,0.3661567987993489,0.0059110331838038,6.282555846025345e-05,1.285433921433908e-05,0.0013929955122049,0.0002132847629024
722,0.0244034506144315,0.0110936695037982,8.025003749202623,0.1130773338885641,4.840290272515655,0.0081188129664074,0.0835451037048563,0.0231007005119336,205.2170270547664,1.129423404112761
723,0.4284540447373448,0.0233646618883551,0.0001490807299739,1.1999060046813143e-05,0.2077630534719948,0.0065340141277047,4.849435658248365e-05,2.3062127589625792e-05,0.0003405150165217,0.0001803665464926
724,0.1060746699342563,0.0125360437394941,0.3674136739844501,0.0386214859435734,0.1419752613581642,0.0455316109062483,0.0281717839213627,0.0101434712495036,0.6441130067921419,0.0389414133306412
725,0.4426106221404398,0.0140186660540339,0.361750788461718,0.0197728708328134,0.1169303134173993,0.0471744959841667,0.0191681239786257,0.0101036656690729,0.6841364742113484,0.0202508943193274
726,0.0276788990613502,0.0080728071289689,0.3145645075266459,0.0157339059274949,0.1219931359738098,0.0524853406415168,0.0191444361010623,0.0099236800398174,0.5611335881747551,0.0132402189217101
727,0.1428178565306848,0.0146077073294901,0.3923103979622536,0.0069276428654195,0.1167952351085247,0.0499131633004687,0.0159147926242066,0.0074307747642488,0.692134627238731,0.0072487945240879
728,0.4848214555945538,0.1061512534644368,8.953228816543738e-05,1.1676391721332512e-05,0.1615393742016538,0.009885665466969,0.0001658432182357,4.882588930225353e-05,0.0007132258426241,0.0002489045276309
729,0.1939695157048888,0.0244212715360275,0.001277486304614,0.0003077042368773,0.3828392142577233,0.004417854806326,7.649370396074342e-05,1.5980412454048203e-05,0.0012096274896056,0.0003139202445456
730,0.180177419247782,0.0161276285933249,0.3349928355294004,0.0096757128550858,0.2838493519535197,0.0801937353223611,0.0160603977341954,0.0072924242966416,0.7111408140495639,0.0099116912294054
731,0.2272440965165784,0.0135314545434503,0.2417652637862219,0.0053541083835706,0.185752711455943,0.0197872430721445,0.0144058324190379,0.0054845224218066,0.6633858105899797,0.0056824482642107
732,0.4692156485792099,0.0270796640596734,9.119349355901568e-05,7.617771827616177e-06,0.1607417249124566,0.0074950848191043,8.940850190735674e-05,3.943849979659278e-05,0.0004092007927707,0.0002187992895089
733,0.1486776081346439,0.0127979297556076,0.2698574352162614,0.006192616039169,0.1240752450754403,0.0586972147573639,0.016680912068306,0.0070033737515954,0.6592938886166162,0.0065328544357246
734,0.0216051266938188,0.0115996801224729,1.0526081038200894,0.1091808689862759,0.3530021234156044,0.0091252851066358,0.0782582817740775,0.0244213647488544,24.70948861134721,1.1683398830866063
735,0.1327473667296787,0.010444995110343,0.2294085517414492,0.0080185226286331,0.1641098621673022,0.0678666759960738,0.0152710188230097,0.0066394528622611,0.6162549013736663,0.0084251912785955
736,0.1131274308088331,0.0171665067154241,0.4021832254806403,0.0052641462220397,0.1194933736602859,0.0263036038345024,0.0155765101170415,0.0066133949767305,0.7384880569943552,0.0055819410897957
737,0.0169133934536845,0.0133473115861575,0.5166240129073135,0.0787388581163874,0.1536301562236779,0.0988355261801164,0.0232197133963865,0.0135901917847217,0.6789649037050018,0.0625638694878196
738,0.3953476667538085,0.0474534569004423,0.0002055784345808,1.0331174314710064e-05,0.2534657768552792,0.0053475550522613,5.791530500142211e-05,2.7967471448616808e-05,0.0003699530798767,0.0001763733481625
739,0.4533183057266821,0.0312841860066043,0.0001184271299013,7.86567504559078e-06,0.1723639819048218,0.0067362056130617,6.569240057996104e-05,3.5293598568733535e-05,0.0003391826212163,0.0002062150347402
740,0.0242979907485957,0.0116401271453147,3.327664835065931,0.1110035363276167,1.7910474898445878,0.007454556632755,0.0844714723728263,0.0240224034400678,89.12377489979299,1.165741877759449
741,0.054647983424501,0.0136583394031056,0.4280435119691022,0.055261901037754,0.2200655482029117,0.0578141936923607,0.0213436781024234,0.0103650452062271,0.6515796188830002,0.0568683469128288
742,0.0505093576363295,0.0107573832167269,0.3871641414744672,0.0136181939718578,0.1114131042273959,0.0315313089287731,0.0185300776367515,0.0107543521229782,0.6243804643769626,0.0136018778381607
743,0.2916091730940559,0.011119218924049,0.2801268083729935,0.0078985797522467,0.0986664181862416,0.0304966166850444,0.018612410404932,0.0088315021405492,0.6667659028755331,0.0087249415232014
744,0.1611259030315071,0.0110022477172665,0.3361782315075174,0.0099300599082063,0.1456152190817676,0.0650004896781094,0.0153153614927588,0.0067967778821493,0.6258713188031735,0.0102660371662364
745,0.1688302897685366,0.0095310469414608,0.3438732141570431,0.0154567370405495,0.0876572949205761,0.0199339896266059,0.0171651822822976,0.0090137394749339,0.5834026803400266,0.0162177914660357
746,0.1291799870742436,0.0099522773272602,0.3524343925837991,0.0130987468533446,0.0974209287402261,0.0240899364255852,0.0182416385894942,0.0092222752259325,0.6006343868089199,0.0139245759841665
747,0.096401445091746,0.0181357622730085,0.4586794409599634,0.0058613033513228,0.125328089178192,0.0389416773155824,0.0165308285007645,0.0091424991862341,0.7260524640518284,0.0060306874634718
748,0.0183089392200775,0.0110657936666363,0.4299996950925195,0.1103108293668692,0.3611947896559757,0.0160676600894506,0.0691259316480477,0.0238485852329228,7.366416486359763,1.1319438749860713
749,0.023096427936172,0.0117113292467334,1.6499160427712276,0.1100192892310362,0.6931809857418101,0.0078294982448112,0.0818556493915781,0.0243294235191819,42.33570958751356,1.171009416548081
750,0.1576283202324627,0.0147097441260658,0.3008003780179715,0.0051614912367811,0.1885976539872814,0.0199112267610582,0.0155635499033448,0.0062397198669268,0.6957797720582444,0.0054340345166889
751,0.0165953304423159,0.0106649209618091,0.3919441887427171,0.1126469440221072,0.3584383022961776,0.0245753445250236,0.0638316265902442,0.0231563034321406,3.372024756552133,1.1010318862960666
752,0.1173894722379417,0.01414032093066,0.4738204878263958,0.0435808330360407,0.1645315356913963,0.0404618168566927,0.0282097540420107,0.0104784911543094,0.6613430038350967,0.0447724420202021
753,0.101604327489625,0.0130378949573401,0.2701514698062141,0.0085923427453978,0.1186946081253912,0.0507222963811503,0.0171273379182002,0.0083887204671833,0.6492509989585564,0.0090953905470293
754,0.1738063795596468,0.0128449060808428,0.2851905649616397,0.0074823100560714,0.2138818976774603,0.0235593449452452,0.0135293781724705,0.0056923637838699,0.6363405574245684,0.0077709050047492
755,0.1406760138656458,0.0156018093313002,0.0012855739161036,0.0002655349527075,0.2850879926871368,0.0091481951732015,8.978359934705796e-05,1.3671230787136136e-05,0.0012356818097238,0.0002668615662311
756,0.1286908509641828,0.0166276534683316,0.433120215301832,0.0053863427763062,0.1325311133198568,0.0539319002113933,0.0181205419709207,0.0087591458509758,0.7255274105382523,0.0057761847062864
757,0.5353574073503773,0.0240706496551417,5.45168285702935e-05,1.0161525381477167e-05,0.1427541963764114,0.0152754084131088,0.000228604997997,6.027972730061956e-05,0.000650022476826,0.0002546602446415
758,0.1748949547848053,0.0121571537979801,0.289448942951685,0.0136443475565675,0.1101013365610008,0.0319021215637767,0.0155765945094632,0.0088084636465605,0.6196720795996069,0.0140815931876981
759,0.510826982647303,0.019092341441438,6.15120456857887e-05,7.945183081531543e-06,0.1446282852604933,0.0099766737638251,0.0001342795299833,5.786939935021928e-05,0.0004277250006358,0.0002595356261619
760,0.0867242615637749,0.0147532280394201,0.2520341878749471,0.0049582900797071,0.1447741053183178,0.0428215970429342,0.015950630071916,0.0062487811877827,0.6842757889537999,0.0053126026610666
761,0.0244838946670826,0.0112163109844688,5.218345421663904,0.1127414085569985,3.027305978315682,0.0077607063756767,0.0838727039656754,0.0232196322764369,141.4805352621999,1.1406327511327603
762,0.0164560415774974,0.0148797336082491,0.3539387014228313,0.2725387710892949,0.1811103850540331,0.1551243555950553,0.0180557544764031,0.0119927108711928,0.6607135155462052,0.1454471398969549
763,0.0325533856526281,0.012041973023307,0.3005459167949819,0.0480328399657444,0.1728622324333369,0.0657609830880247,0.0194563199614988,0.0109501492750062,0.6314714062537401,0.0507809099944878
764,0.0856092515966159,0.0117155775447737,0.3360083759727281,0.0602447329721645,0.111394664614541,0.0379345156316422,0.0330125951089846,0.0114182549427009,0.6234272048470856,0.0603360189627907
765,0.4784733183488177,0.0238979915619229,8.715230293303327e-05,7.278440669167487e-06,0.1641872352039367,0.0071293570211849,8.862159890774984e-05,3.827066515201129e-05,0.0003245945959172,0.0002178731985634
766,0.1353949959304691,0.0141548447314234,0.327402035538528,0.0062774412324855,0.2023927626695793,0.0317815961043425,0.016514434099824,0.0068244602430007,0.6852875717629979,0.0065744410220204
767,0.2095133553117381,0.0639289799005924,0.0001426684427541,1.91800281207575e-05,0.5240678255994375,0.0090656610513821,0.0001011494524994,3.8062529296247005e-05,0.0005210914794943,0.0002118730025718
768,0.4752421152676245,0.0255922825826503,9.61590957288964e-05,1.0515874901978366e-05,0.1640659869186589,0.0089376368236276,8.202470711331986e-05,3.244588841348389e-05,0.0003093998974887,0.0002035291678437
769,0.1646238107099289,0.0098009341721302,0.2270768311898764,0.0086424528854571,0.1564454061144806,0.064462984986535,0.0157689911866901,0.0071802222622742,0.6231112516802217,0.0091358896213921
770,0.2011746706752828,0.0119023867979072,0.2414241616936443,0.0080843151021624,0.2314689744941685,0.0278331614022365,0.015455807495479,0.0061477915687822,0.6486377409360674,0.0083443843994775
771,0.063321519615207,0.0087837208665702,0.2522845758895199,0.0247384909326957,0.1132798554849526,0.0362814438332336,0.0222729745617928,0.0105514878298997,0.6095301889367718,0.025291578046549
772,0.0400622067883268,0.0077821867185453,0.2520600858493358,0.0356117463622057,0.1073284416850842,0.0494868223213642,0.0261887516597126,0.0110730628444581,0.5956908845136909,0.0382615123268889
773,0.3880691423855613,0.0139326094866583,0.3613344338444474,0.0139358147922822,0.1309763786181882,0.0541406901521529,0.0160960292525497,0.0092014709452236,0.6557482212030974,0.0143479515251353
774,0.0451645670963336,0.0108212304621493,0.3520536116211923,0.0178408615836704,0.1603599310389083,0.0472319564568182,0.0204503412091376,0.0111783432510637,0.6527482833440381,0.0194883446604206
775,0.1724703078306155,0.0224322089451548,0.0015688320697774,0.0003411764302734,0.4821510788274387,0.0092418347319166,0.0001110030248309,2.581476191841214e-05,0.0015958383386765,0.0003564037842751
776,0.0393531028117469,0.0099500097402455,0.2867334549912502,0.0115526472746429,0.1576617293894738,0.0525464577669755,0.0182693065066288,0.010658253145415,0.6050329544273136,0.0119712568629189
777,0.0104166909372907,0.0080413678794657,0.2510164618589088,0.2115221243023165,0.0167060788391673,0.0103710810563753,0.0259935767421171,0.0130944950377522,0.627485394991051,0.3530337568481817
778,0.1799192505200938,0.0169656461173154,0.2776133306546739,0.0058872141908421,0.1868806252710191,0.0458357489643758,0.0156541225199474,0.0065420001388592,0.7341019308962681,0.0061775409445758
779,0.3165001693625664,0.0115609187545829,0.2256809160155743,0.0132773778218053,0.1128545406930135,0.0454077276309091,0.0177688745246146,0.0083803520565002,0.5817594273788973,0.0137579815042032
780,0.0248329536081152,0.0116458637779922,4.9478899976234665,0.1113869245314043,2.845066676898031,0.0072906823697819,0.0856917932217314,0.0239113692347519,124.60604695433264,1.1668180529247714
781,0.2249903576696238,0.0160767510856511,0.4187963133820382,0.0112972578165262,0.1319044046227509,0.0375838190720811,0.0174965598115151,0.0095535764409231,0.7113169030591198,0.0115920698192123
782,0.2324443666009298,0.0580352204259334,0.0001155011570676,1.841469963481121e-05,0.4949927321228761,0.0097651865453399,7.782634867289028e-05,2.0992465602293935e-05,0.000361913563119,0.0001776188981337
783,0.4494635159336436,0.0256326118846501,0.0001190972261195,1.3550128804985142e-05,0.1723553142664617,0.0084935504317287,6.470232749836956e-05,1.993777972338057e-05,0.0003470429272846,0.0001727504756072
784,0.0105230156253164,0.0086402158126076,0.4277860648062759,0.2274151035779336,0.0692094307561604,0.0186652402121198,0.023923727377609,0.0129820081449554,0.6301590007507462,0.2962760588485497
785,0.4173705199919656,0.0696705702026277,0.0001738067276053,2.675878238276276e-05,0.2118989340659669,0.0099521331625794,6.015828172438272e-05,2.5614009199006583e-05,0.0003691407863588,0.0001997040607668
786,0.5385659280962518,0.0171202054659067,5.138298350069215e-05,8.385843235962215e-06,0.1401190979180416,0.0128060716751722,0.0001376399145236,5.865279588774603e-05,0.000501575305292,0.0002534422049355
787,0.1485050167477581,0.0121553703106578,0.2401614441871412,0.0061553076597665,0.2363236614306284,0.0297918318586765,0.0148456711131855,0.0056166859638872,0.6666597006972507,0.0064105437450394
788,0.4791171630301302,0.0685314067804193,9.620948305282512e-05,1.1618668118690477e-05,0.161797822804989,0.0097999952051624,8.601972145577913e-05,4.658510746814394e-05,0.0006176435496928,0.0002425787217359
789,0.011762478779009,0.0093449944890839,0.2553297890281621,0.2251690793006635,0.0230371279156725,0.0147896818563645,0.0254121184578718,0.0132491494611835,0.6465162767018618,0.3268815131417781
790,0.0243254876626038,0.0112263702278203,5.3398628662719565,0.1127089359949831,3.1100916329189485,0.0077343645552546,0.0835183775084535,0.0232799907357391,136.0649767224057,1.138707667713567
791,0.1639714636624895,0.0147363929089898,0.2893321199351099,0.0074753740053835,0.1761108839472297,0.0404367908597239,0.016469837914692,0.0070782491204168,0.6979475654370485,0.0077650658878965
792,0.0916531526050908,0.0114676134376202,0.3410438739794296,0.0359166202834646,0.1473490236160377,0.0324101236341859,0.0259754627066126,0.0104615659001759,0.6260402442345979,0.0366647271764667
793,0.0097994438033864,0.007930438458061,0.2654326207535314,0.215316252573365,0.0140934741983066,0.0079789603341161,0.026866559269083,0.0139421251836035,0.6890468188896192,0.4279599018429108
794,0.012587428859586,0.0107186521466419,0.3569606132364928,0.0433830114442476,0.1333941150027899,0.0959737788583501,0.0203157890218233,0.0118636449822637,0.6276420375352711,0.0303413500251401
795,0.0567603739746793,0.003530121301132,0.0107636634683817,0.0049657407535655,0.4302248846319769,0.0158167949491528,0.0005934633365121,7.735596891251476e-05,0.0107130269545191,0.0049945173811735
796,0.0244636430573692,0.0115199670101499,4.33858008571505,0.11169136468358,2.4553196905947985,0.0074124783082985,0.0845136375051195,0.0237634003582402,109.51439252767968,1.1571690266272243
797,0.128504414028756,0.0148708256063036,0.3264464705212755,0.0084043286510119,0.1560062871701249,0.0662034377011801,0.0169325724167322,0.0079981560568636,0.6934788630242891,0.0087836909436651
798,0.026212560089183,0.0078542763569221,0.2801339872340456,0.0419949920384253,0.1270293906483269,0.0929764472024388,0.0188238665122873,0.0100405932397474,0.5799688269277616,0.036800402649682
799,0.1007303755949872,0.0128098806891775,0.3232200477983698,0.0081938989306779,0.1509819764568498,0.0305631337535256,0.0164450267356755,0.0078187646951383,0.6376447098766048,0.0086798571046022
800,0.257231289672187,0.0517770416866859,0.0002084571981789,2.305780366184845e-05,0.5560802159484768,0.007564239426322,0.0001156175067299,2.5209663171382045e-05,0.0005988894071344,0.000185707657405
801,0.1500129233822519,0.0125081749806819,0.3048573610193748,0.0098978104561676,0.1625345955804819,0.0703649848279662,0.0161590975322427,0.0078773485053708,0.6529214410526649,0.0103292687812929
802,0.0230299828197033,0.0117604538247327,1.983355237434742,0.1094011393763829,0.8986282528869015,0.0079814672803559,0.0819412192110677,0.0244774049104279,46.41296681208357,1.177697962221292
803,0.2337798041500863,0.0126812075203334,0.3068328974751987,0.0378044675852707,0.1256796991066384,0.0592672821641561,0.0225845027617031,0.0107903450732514,0.6306928633201017,0.0387933234571557
804,0.013694950586458,0.0120843501508008,0.2845574221068286,0.1955811595790494,0.10357813857919,0.0386130864922358,0.0208179516493307,0.0125780873562005,0.6325802830114496,0.2150984301261517
805,0.37548832530294,0.064671956146843,0.0004039969898381,6.662320662193917e-05,0.4931736616434251,0.0059932686580637,5.671759125112918e-05,2.060979753513967e-05,0.0002973588032892,0.0001401061124403
806,0.5488366123531379,0.014687265829398,4.301280868370035e-05,6.830503714585661e-06,0.1326829710152292,0.0132132714882996,0.0001989946478084,8.272784013598056e-05,0.0005990390864576,0.0003057013558423
807,0.154103049987028,0.0116620152008119,0.2795450509753339,0.0058272490036897,0.1543388035032216,0.0718395727346949,0.0159001084735672,0.0065754102324213,0.6415468156960881,0.0062246669800445
808,0.1920954175290875,0.0128126978403812,0.2546986212674425,0.0052844210982036,0.1415137867983679,0.0343366331909292,0.0154307316590349,0.0063122772380971,0.6675676088980103,0.0056423554527941
809,0.0244582507278642,0.0114631221897122,4.0997729268704814,0.1119566203615224,2.304874560990988,0.0074407404738662,0.0843531767129107,0.0236577153190698,106.71972018222206,1.1534059973388653
810,,,,,,,,,,
811,0.1107861800442663,0.0132827351831747,0.3221281944396583,0.0057261005584673,0.1335347185876878,0.0583305663357515,0.0164120864977422,0.0072540384377352,0.664526905636244,0.0061189362452394
812,0.1365376933591665,0.0143703248508352,0.2936463776589559,0.0090608732822799,0.1612299279535325,0.0407527351697714,0.015677371675132,0.0079103645695346,0.6782909996616496,0.009425574922744
813,0.1398844840335786,0.0187301894650629,0.0008379939145562,0.0002565336759963,0.3052141793152585,0.0073452654698919,0.0001133375233928,1.977286116798336e-05,0.0009375516901336,0.0003007601468271
814,0.1336538079234794,0.0181653753328701,0.0011957060015395,0.0002755367899528,0.4550089603495801,0.0094678889941147,8.706543019581274e-05,2.035194276100783e-05,0.0013081863420395,0.0003370745402674
815,0.0184839697425193,0.0167555239092855,0.4323503746055749,0.0508781989734535,0.2226052690833393,0.1107580541230271,0.0168121813742841,0.0118567655620614,0.6998448095020315,0.050789884544896
816,0.2996060859447613,0.0136223656058395,0.3366624968043439,0.0124694539930705,0.1345613578085558,0.0405707306915034,0.0175161105007413,0.0096197379591313,0.6846900052149124,0.0131065032085651
817,0.1707820638278684,0.0120434731359708,0.32358874493239,0.0064727541812897,0.1716344423554398,0.0612861041493741,0.015011319745631,0.0062640465291542,0.6417610603147963,0.0068571545360211
818,0.0172291760955742,0.0100476437130643,0.33575682267928,0.0365174058302309,0.1510604033206354,0.0919912422799193,0.0201668144069402,0.0116621701377159,0.6032566683474936,0.0349017958303172
819,0.1701685145596647,0.0088569746764476,0.296549636578589,0.0079548849728983,0.0773577890874677,0.0196957774193942,0.0170216564737225,0.0085139816512383,0.6465532094187122,0.0088658500902241
820,0.2960538877352185,0.0157358358687273,0.4051123104164857,0.016783750948521,0.1467971775065945,0.0710554405278946,0.0160863547216007,0.009007169130504,0.6805361797834691,0.0171135781672954
821,0.149420012510042,0.0122331507682801,0.3019033698554831,0.0064878321969549,0.145083613996663,0.0617971463557959,0.0158944700716753,0.0073258171527475,0.6762762340928291,0.0069703605465552
822,0.1825635424956846,0.0129054179611964,0.2625372814332158,0.0079532649713594,0.151412837061295,0.0805755277974338,0.0158616128578049,0.0069409706071106,0.6538488962890375,0.0083405376226802
823,0.3428298663313103,0.0118164822538791,0.3523430322128631,0.014768863176441,0.1063827581572023,0.0435426060861186,0.0171848962893321,0.0089380974416522,0.6418593814292242,0.0152005008295707
824,0.4633154186649325,0.0457664226937896,9.33805231410113e-05,9.038100937483897e-06,0.1624249736371648,0.0083374109414851,0.0001420832241602,4.540267903849318e-05,0.0005508487631988,0.0002309433913302
825,0.0564002084405802,0.012168640183229,0.4806846295488492,0.0109489384309107,0.1041616502825024,0.0175884688363735,0.0207996048572242,0.0109427991789611,0.6595211022895111,0.0106970598373285
826,0.5064096538580188,0.0174924672802441,7.373875774016755e-05,6.8877320446119465e-06,0.1537301141575437,0.0082611416179197,0.0001064178325164,4.350227413816733e-05,0.0003461521257938,0.0002331428413918
827,0.204186328296111,0.0387989485080426,0.0006734448343288,9.595037982474872e-05,0.6204897181196685,0.0063595611268056,3.738956876638572e-05,1.7597649637376534e-05,0.0004963313928388,0.0001426201962211
828,0.0099128236453125,0.0080290457229436,0.3349820786361659,0.2059655076602244,0.0308464813473606,0.0099567402877836,0.023228218814484,0.012535750447182,0.5892918405264,0.3137410212449116
829,0.0102600044050767,0.0079953403407923,0.2728462667329418,0.2148574678700176,0.0136583013409842,0.0070965842989811,0.0287610801029455,0.0144449486376595,0.7177293719242229,0.4569364508712462
830,0.0923816652233198,0.0313679622173587,0.0010128098349265,0.0002862656137283,0.4682789177095,0.0056542715137808,0.0001292658675649,2.2796727836612093e-05,0.0011343540075349,0.0003366482263821
831,0.0104884083167803,0.0080857045480926,0.2531180261029234,0.2135042387060762,0.0151254877586695,0.009288382255978,0.0271009671666305,0.0135551120675645,0.6433849752201568,0.388631486797401
832,0.1894853202248085,0.0116016765461266,0.3036097462366277,0.0075139328782818,0.1399111607759889,0.0486091807165281,0.0143236089550646,0.0067344594525706,0.6428892112589351,0.0079186082078863
833,0.0228866890690952,0.0107175482975275,6.933263990103906,0.1132523990093629,4.057676212266161,0.0099914430881891,0.0788886210682176,0.0224857455166607,156.64462701362146,1.1154621894805363
834,0.3682690808242671,0.0751439252269924,0.0002361469178531,1.5959164555847234e-05,0.2757025894284694,0.0081692418897091,8.090833444304286e-05,2.934553015456397e-05,0.0004108043640157,0.0001851176423556
835,0.2870151412125808,0.0126290869594307,0.28039685499708,0.0180133342037146,0.0948749959277574,0.0337533024683874,0.0178252605264908,0.0093799005735886,0.6497694583514092,0.0185504170548561
836,0.0162024810227161,0.0105221731141467,0.3912452198536829,0.1139070666946559,0.3573290008348573,0.0269703798919351,0.0625026311863061,0.0229181881730596,3.262297597948672,1.0916280796128723
837,0.4793134574033387,0.0221190792874711,8.156465859439413e-05,9.577147270408494e-06,0.1620786708680449,0.0084956131134456,9.203580158108846e-05,3.24652774681172e-05,0.0003658578873628,0.000207603329875
838,0.2359910126214214,0.0129339042111325,0.2558430300025596,0.0069849152896243,0.1578552031515255,0.0236252435334941,0.0155974781034958,0.0061674519420861,0.6632658600739373,0.0072822178747048
839,0.2036021336831305,0.0161216662257807,0.3399477886445206,0.0060514260603105,0.148267382066948,0.0241801423570943,0.0173308543739129,0.0069718238873794,0.7569722563722064,0.006336429851477
840,0.5310871136153066,0.0177368228483718,4.724978326908545e-05,8.262782642116372e-06,0.1369946931904981,0.0119382730460392,0.0001464806261321,6.178805274272239e-05,0.0004781327568862,0.0002680981367863
841,0.4760542060041414,0.0255116743509118,8.849957796653008e-05,1.2311805016218494e-05,0.1628943386490959,0.0111977466952051,0.0001088052441777,3.864807697314511e-05,0.0003416334720825,0.0002088049775511
842,0.2369311110782005,0.0126972392851477,0.2490393214826147,0.0062281802290084,0.1543345250129285,0.0272819175255963,0.0144200545171212,0.0057798142921838,0.6635671277403047,0.0065494469008364
843,0.2147511888551096,0.0174351446957144,0.3139846720861812,0.0093511273373848,0.1984275215578401,0.0693617821586773,0.0157229070786312,0.0072289847997382,0.7167766995735178,0.0095088689226626
844,0.4611196470899158,0.0239295406372915,9.688740701558238e-05,1.0923038817320174e-05,0.1624136497648794,0.0083833598737367,8.20163005453004e-05,2.9325658077048453e-05,0.0003147847070644,0.0001938243309857
845,0.1521312326676714,0.011516521762976,0.2398817406276592,0.0052361625869466,0.1279701809458523,0.0586126707829409,0.0153853493532247,0.0061211962628032,0.6318449882247804,0.0056463278087902
846,0.0115347225271564,0.0096809699721366,0.3588677258536488,0.1403813067581832,0.1176723285618145,0.0689345977523788,0.0202341024461747,0.0119346196525102,0.6078350973839269,0.1302084515529049
847,0.020124548520261,0.0112293794280801,0.3856377252720558,0.0309526414520447,0.1179523126828067,0.0645896895518189,0.0197332099719075,0.0118161625783441,0.6450104347689423,0.0283548467911763
848,0.5260100832144086,0.0158268715464039,5.49062499595911e-05,6.510273498062957e-06,0.141217141275101,0.009843273569265,0.0001097377771173,7.257594806421884e-05,0.0003726742255855,0.0002952648381146
849,0.1070894003576528,0.0143417602605312,0.3600005161135232,0.0080585820531397,0.138759493366745,0.0578458627746104,0.0167379399056293,0.0085710449327831,0.6941463942070445,0.0084799394136279
850,0.5271160307809069,0.0148907037055269,5.919142818198394e-05,6.352234552855011e-06,0.1424187968488994,0.0097396421090562,0.0001062845968515,6.200031197928415e-05,0.0003828425999278,0.0002729307483674
851,0.0211856234086641,0.0115906027109964,0.7129129616698386,0.1090380594332978,0.357257201332536,0.0092701440315715,0.0771385633460636,0.0243461487978766,17.320501573352313,1.1726901246810075
852,0.0111046860570656,0.008541644396991,0.3132024749724998,0.1681578242673575,0.171875622349723,0.0315935052123253,0.03658280594002,0.0174285679080837,0.9530072771276816,0.7397630514922638
853,0.5072932435474335,0.0212435723955671,7.428191807143715e-05,1.0091653422448192e-05,0.1557677523148522,0.010760387095898,0.0001055048927829,4.14656037055785e-05,0.0003483680837858,0.0002205193113056
854,0.0618033583638048,0.0066992645145662,0.00882209389557,0.0040857701813813,0.2565307881031129,0.0061091409540738,0.0013690387324503,0.0001344982282411,0.0087385370476048,0.0040681257686286
855,0.2220572327138223,0.0169968347313077,0.2872102459657292,0.0072772479592032,0.2235674922140262,0.0229388520588467,0.0159027635440303,0.0064483778182355,0.7260574683475323,0.0075241720040973
856,0.2447484859296426,0.0151498571108083,0.3110595562199044,0.0075581395258105,0.1305199587294705,0.0655927621470323,0.0147646787043574,0.0069658462728162,0.6878025766909871,0.007816488400765
857,0.1727350802797869,0.0114213531114193,0.4025208031346508,0.0310907225871989,0.1115318571466864,0.0212447196609826,0.0174970756123127,0.0095459407811472,0.624853752612756,0.0312337261847306
858,0.0289675503616532,0.0084867534108839,0.4317367076823604,0.0354354468319916,0.1376815793823033,0.0419244552411609,0.0213535308093758,0.0108215994650901,0.5879887887299183,0.0393120599527261
859,0.4846604605186014,0.0208442712584511,9.120478446467504e-05,7.464217005497055e-06,0.1650317792526697,0.0075799983398746,9.069861560766016e-05,3.716428528367518e-05,0.0003677923331079,0.0002174996355886
860,0.2717514994879303,0.0126932443112063,0.2809675148513178,0.0096903470009713,0.0985909803889729,0.0280130495975951,0.0178000928927952,0.0087946887592108,0.6505670607886902,0.0102511217299095
861,0.0096877445362878,0.0076494920776561,0.2390543308017853,0.2094309054965196,0.0204126505660397,0.0133944393885971,0.0232540762603177,0.0122712305001734,0.6028392395955962,0.2994417842738121
862,0.0531829821408183,0.0096465189509525,0.2725953192389373,0.0090001912841394,0.1140415323042441,0.027983988146037,0.0194636511040927,0.0097347274245722,0.5946573555255088,0.0083025915155042
863,0.473993978449478,0.043849615005981,8.02201972926341e-05,8.997380410734763e-06,0.156968751531973,0.0084927151146595,0.000119454612825,3.931076013724509e-05,0.0006142916181665,0.0002300233805125
864,0.2850789178166235,0.0134658120877502,0.3543247349520668,0.0112289515219478,0.1153383433483781,0.0434761051184393,0.0154518786729799,0.0082338509215037,0.6473544074750398,0.0116188391583588
865,0.4120685344828015,0.0105630623463168,0.2684805516075549,0.0101011829874215,0.1061709388269945,0.0382450184386027,0.0180124306157708,0.0085079913132002,0.6309058337430864,0.0107315127615329
866,0.1649515835230361,0.0113671624543704,0.2370570737680394,0.0067551638865435,0.1703123110167186,0.0558729954736636,0.0154216248064943,0.0063250863919705,0.6517484880049593,0.0071662617644358
867,0.0209591802488711,0.011574503082447,0.5930720910490795,0.108984360848023,0.359892506664185,0.0096656929829441,0.0766660623365379,0.0244245768182241,15.861576855396711,1.1688674030130526
868,0.0244785803798501,0.0113779693337442,4.7879941418081655,0.1121699777186843,2.7490580407057097,0.007526999517603,0.0842032559746618,0.0234973758795457,124.30728076962396,1.1499690461128298
869,0.527087732437305,0.0177902763386621,5.462059649397914e-05,7.272553518487642e-06,0.1438708992178001,0.0102399619031034,0.0001122329818471,5.465173100092723e-05,0.0004189218105879,0.0002541781526202
870,0.1057704444895071,0.0156824152700597,0.3510821106885381,0.009614940421223,0.131294055005266,0.0561282353884758,0.0182827867404072,0.0086166641946166,0.693942650320194,0.0099331152730578
871,0.0229805856430312,0.0117133158188851,2.0016726118398136,0.109700044807665,0.9144635976504536,0.0080231946637804,0.0816563252204755,0.0243846495294215,45.53466255540595,1.172164006477018
872,0.3671573608026576,0.0131249121210653,0.3137624008226203,0.0104185250581465,0.1148636195858839,0.0477752570932197,0.0155591973990459,0.0083198130379948,0.6522782452843185,0.0108638316199616
873,0.1387744040610837,0.0311638525036039,0.0004769209622763,6.688947202698922e-05,0.6121887529097583,0.004834160898094,2.3918396671031648e-05,9.344982205066257e-06,0.0004788883832585,0.0001423640505516
874,0.0098496721491904,0.0079209857853274,0.2630640286365748,0.2171062657063934,0.0140751456373428,0.0078630604100799,0.0261347601187797,0.0137800889770816,0.6866253402638478,0.4042932635408023
875,0.3057958155932735,0.0141169967205942,0.3689375116520116,0.0094457548436071,0.1336806001041972,0.0351883821023918,0.01679374062317,0.0093965997518192,0.6589551751498236,0.0099139033162331
876,0.3952602193958857,0.0400440768016678,0.0002073745734581,1.075769481114478e-05,0.2582541014758147,0.0057007590055162,4.008983435394817e-05,2.51636692705343e-05,0.0003835037129757,0.0001745289889632
877,0.1269598108048187,0.0297497812189016,0.0004698069469298,9.23507932142878e-05,0.379564875647003,0.0097664665217555,6.257832855176741e-05,1.5713951335661503e-05,0.0005664244146998,0.0001593234337787
878,0.0184095066026126,0.0152376452580296,0.459024136998778,0.0533845109731722,0.2284263957178086,0.0575108409086796,0.0166157118966439,0.0110932664194459,0.6699505186380361,0.0563871411402832
879,0.1656375837254151,0.0144672967903633,0.3146294297432964,0.0116096147505894,0.1906411847772615,0.0726781300589129,0.0155871838894939,0.0076287679987954,0.670140230588941,0.0118426766398389
880,0.4695426161387038,0.0334114481704522,8.8200763778131e-05,7.919829049615171e-06,0.1600093126892727,0.0085977768947844,0.0002153666513176,4.799232955843082e-05,0.0007166183472916,0.0002394500085456
881,0.2370063957680643,0.0145864364978486,0.3489418942723195,0.0074674539010834,0.1664312416000834,0.0263293396602472,0.0152740592847418,0.0065151236803359,0.6876481488807893,0.0077737964035443
882,0.1884474818578762,0.0119939888736255,0.3903130499431349,0.0125356722701993,0.1561792177654624,0.0326100085023597,0.0169368759391828,0.0098629908819797,0.6609671322854155,0.013128792099389
883,0.1472489422037312,0.013757236107662,0.2703834449059663,0.0061296967188732,0.2533433103107064,0.0195403841831459,0.0154587478242346,0.0060429650035779,0.6622578436930451,0.0064437964810246
884,0.0120872000252239,0.0103160312835019,0.4360416173734515,0.2431656061097692,0.1114921350128307,0.0550428394861931,0.0233859122258232,0.0131129434682312,0.6215878265541727,0.1779513253017003
885,0.2264696431266558,0.0127776262945471,0.2615596101855226,0.0096436391802723,0.1342153884387915,0.0586591550658108,0.0144433711467785,0.0068599841129096,0.6341081023554415,0.0099594488272102
886,0.0211781335812916,0.0115674554063349,0.9078456034904384,0.1091629144315983,0.35649766235942,0.0094353004881766,0.0770834829652842,0.0243403519982514,19.712587371582217,1.16855790917204
887,0.0122553157300612,0.0107436917438311,0.4896623325008841,0.2894292075995336,0.248044875326099,0.0936974197041756,0.0198111557742423,0.0121039066130501,0.6101577526329104,0.216173843577257
888,0.0235269049835308,0.0118046099022799,2.399948568845576,0.1097272794915914,1.1719930016453686,0.0077161926971745,0.0831954595690231,0.0244922231498609,57.755124485654726,1.1779159674665045
889,0.0458882287491529,0.0099115335374137,0.3330932772549971,0.0929848941434896,0.1400045199594617,0.075007709216556,0.035714868693755,0.0109785802048576,0.6719843297655399,0.0957115461063371
890,0.0105738684813009,0.0076452065213,0.255546616634546,0.208845325618718,0.0155341575044288,0.0098222925878707,0.0270784489021686,0.0132334527738822,0.6925702247123362,0.3515805533262624
891,0.0246021077000162,0.0115092061137308,4.774127241711356,0.1117764369560518,2.7368767077535425,0.0074025826913192,0.0847981954500209,0.0237035105230368,121.46209841297814,1.157687169195032
892,0.3743268961086006,0.0439533899492772,0.000259966981803,1.2520630514019124e-05,0.281971037159565,0.00636478745781,5.296379527621268e-05,2.9414190387405e-05,0.0003612734764741,0.0001764201210117
893,0.1422429934780483,0.0471852641922485,0.0001648214616161,3.401203423950941e-05,0.445420406764385,0.0115616284513605,5.28370916124068e-05,1.7717888868946177e-05,0.0002905100361677,0.0001625836048557
894,0.1438078244494933,0.0159200450260703,0.0009328426969077,0.0003445410580482,0.4084961095318845,0.0174887995824075,8.458957565941628e-05,1.891515156365178e-05,0.0010822939749871,0.0004439090548526
895,0.1392014235165734,0.0138032025341819,0.2739236850326829,0.0068683268163695,0.1732734782818256,0.0270252002877765,0.0155995142442854,0.0061865893554868,0.676684585578183,0.0071596388772005
896,0.1310525505851297,0.0125978867270649,0.4232367802729689,0.0081901226466979,0.1145139484579,0.0480616003724119,0.0151297668006119,0.0079047169738515,0.6514478717839013,0.0086380741360699
897,0.0136121198708424,0.0096854673648205,0.3674476524576753,0.1243554495565413,0.345273944855817,0.0498997930523098,0.0534442863176569,0.021143448239637,1.749461002609638,0.9980846635380924
898,0.0112945218489664,0.0094621101897812,0.2748878398964044,0.0292884332911933,0.1451873809913812,0.0775060858569782,0.0188821555233715,0.010978892273742,0.5846790052180717,0.0228033510422333
899,0.1975853190054208,0.0158574593071407,0.3030736604564799,0.0064413169285509,0.1842560793736536,0.0307388421477469,0.0158176856191285,0.0063987711312118,0.7246289801673358,0.0066926004331614
900,0.010448052780574,0.0080964501833375,0.2807979411079516,0.2120037679453507,0.0142369181362435,0.0074824084122145,0.03011405467384,0.0149335671493698,0.7765392553587376,0.5086774650880744
901,0.012052823204489,0.009781980250246,0.2436766581826731,0.2188904507995163,0.0262322298060381,0.0150846940500644,0.0240471248860824,0.0128046630736546,0.6004605556670257,0.3004202466757241
902,0.2832594150129412,0.0386010954769388,0.0001062777463106,1.2428862005129228e-05,0.3688899270495807,0.0050541532594256,4.471975536140605e-05,2.0970713861189813e-05,0.0003591621382452,0.0001909932802558
903,0.1455582690406651,0.0159411520831328,0.3641699828722753,0.0057648578085094,0.1436923269205764,0.0280890710405819,0.0150055999923374,0.006242424970361,0.6984434359318902,0.0060855989512331
904,0.1843639804087008,0.0138760221474474,0.2495518817183269,0.0078655720217914,0.2117159728753757,0.0238793120265212,0.0151779028594178,0.0060196035677346,0.6824850192507619,0.0080572275116448
905,0.0121199563790422,0.0091070354399064,0.3406842518432382,0.1394039715244615,0.3369798832832521,0.0512154514182467,0.0463374967150169,0.019581304483024,1.3042683095819922,0.9067106725609928
906,0.1303697239987732,0.0113976183601232,0.2840707995661796,0.0096578238793301,0.1394753357091728,0.0622828973424257,0.016274718042381,0.0077331197215568,0.6431846240796936,0.0101287677915797
907,0.0130462701346752,0.0116771735901775,0.2559789980570015,0.2421214521617116,0.0915744534717446,0.0609033486961046,0.0195199243313569,0.0121411179257967,0.6549115494988371,0.1832359986413362
908,0.2560834994925178,0.0131614791804475,0.0075075189054459,0.003476963368488,0.2468127497986457,0.0090726629274719,0.001294234209267,0.0002485667359008,0.0074631679294812,0.0034773720966672
909,0.2443146299169095,0.0168637431338058,0.5037516840638812,0.0140959238108253,0.1977999939966477,0.1041634182776663,0.015855402372044,0.0084751296242657,0.6856506290100938,0.0142494580567704
910,0.5034353863740353,0.0212277999367482,7.647403903997321e-05,6.512117562324516e-06,0.155331644499611,0.0085070269101912,0.0001069801251616,5.115112569922817e-05,0.0003590464785464,0.0002476714448681
911,0.1888865720227225,0.0119959555172447,0.2529386244020136,0.0077744612592039,0.2559148935067755,0.037915320734539,0.015113217389504,0.0062633175227217,0.6379055314386926,0.008074395937444
912,0.0108359028651651,0.0082814806887742,0.2652982650644834,0.2163617026166204,0.0139959849228114,0.0084302787100069,0.0291327225803233,0.0142684001750771,0.6785070792486548,0.4567697557766558
913,0.1218821369952213,0.0108324075970583,0.4324856050804827,0.0323758181019411,0.1284330049996019,0.0401118014978724,0.0246572945895577,0.0105434506567198,0.6297383338619029,0.0337726673773154
914,0.010724528101229,0.0083511098375959,0.302360887502936,0.1858028763274254,0.0817463521737668,0.0186699663471355,0.0339111605638306,0.0165553293853354,0.8818518847135943,0.6583265172814438
915,0.009686977131655,0.0079149860486201,0.3353975826529272,0.0796941863266947,0.2272096106749662,0.0983211996431632,0.0182866919390387,0.0103569292028389,0.5378127885515467,0.0787326952612692
916,0.0968358025731904,0.0160422320734373,0.4452848160336493,0.0226755251361853,0.1815113197297316,0.0353882347294992,0.0166800190488069,0.0105683454327297,0.6864627226392721,0.022801734608852
917,0.3925751171934796,0.0303478262042291,0.0002229189924822,1.2296084484627536e-05,0.2609275151686464,0.0053282349348697,3.751526573181468e-05,1.878501665802447e-05,0.0003559736850189,0.0001564043240849
918,0.1418934946069978,0.0108420546600268,0.2576667898558186,0.0136916741872949,0.0863818790827354,0.0293601671006911,0.01994868539858,0.0101635562569675,0.6295827622310197,0.0146790894922827
919,0.0131592781472882,0.0116377141607709,0.2783732396184202,0.2047985047249136,0.0646960648972472,0.0340897810066995,0.0217884791631737,0.0128609731235364,0.6389834893116293,0.2346571693926818
920,0.5130371796896385,0.0155671403058689,6.943869471629225e-05,8.634832760020266e-06,0.1522183872316445,0.0104303832504393,0.0001111396974914,4.2505117616860384e-05,0.0003773119696754,0.0002272008194002
921,0.127937659134447,0.0116676375755642,0.2637026332812158,0.0060352945788443,0.132582921192037,0.0634528501603924,0.0153243324912529,0.0066776559717889,0.6376364352256892,0.0064545347293498
922,0.268826983380518,0.0094002877977251,0.2955337915046072,0.0072927311048024,0.0817307002743542,0.0234402316272216,0.0161897028948792,0.0076891746967989,0.6494200863704499,0.0078372732824522
923,0.2528165160303119,0.0090421358062193,0.2692060368401578,0.0194453873884643,0.0901904770731756,0.0302891875993108,0.0172549262732968,0.0086967860764173,0.5685669601701785,0.0202799728612135
924,0.0126385421788321,0.0114745445962082,0.2773789773167155,0.1618943899273171,0.133167057072332,0.0613183803470685,0.0186829619022487,0.0119916029056874,0.6676895883520985,0.1561186605367886
925,,,,,,,,,,
926,0.0110039181514461,0.0079735228396336,0.259243423175059,0.0430799776751989,0.1137613738581298,0.0710029903104846,0.0198908256718629,0.0109880375371605,0.5975983417954914,0.0302094654894932
927,0.4267684003112332,0.0335798273227393,0.000148912296169,9.357565907664144e-06,0.2125554009412574,0.0065383297046105,6.043248404618075e-05,2.994331769065824e-05,0.0003284398567244,0.0001904526622697
928,0.0091674390231233,0.0073231240135659,0.2599489240165349,0.1873755350774384,0.1099334890927805,0.0624882622781054,0.0225904553909527,0.0123278582012002,0.6445953081081929,0.1078287316330038
929,0.1770246333907922,0.0160574446480589,0.2764367259263173,0.004866797972603,0.2359677567981196,0.0212257565823781,0.0170722191517343,0.0064623742556854,0.7325354885372125,0.005162808335834
930,0.2385332192866003,0.0148651411875562,0.3633970118412641,0.0173438721899764,0.138749799378761,0.0415113645775689,0.0164474776231214,0.0098726033300221,0.654980691076693,0.0179446437954563
931,0.0176259408432015,0.0109415564775536,0.4007017500520308,0.1108458133782055,0.3607369405268513,0.0184277406838029,0.0669677418908214,0.0235431486430304,4.666733162917877,1.1233766814595003
932,0.195699619204457,0.0132476214063376,0.3147774300060634,0.0120222484902465,0.1203005590744797,0.0452168731029562,0.0184972108893857,0.0090185120289679,0.6561886673162167,0.0125588089065528
933,0.5179641519696913,0.0216895575311649,5.537307626090824e-05,9.05895754271019e-06,0.1422827728156484,0.0119498356847948,0.0001876164926925,6.569972781121677e-05,0.0005007387734915,0.0002754560693233
934,0.4010672011325778,0.0448339731047559,0.00019383725992,9.876518811622046e-06,0.2463949144873397,0.0066692777331756,5.836283111373832e-05,3.493428083300538e-05,0.0003531769487725,0.0001942135255444
935,0.3886387770729299,0.0520828610459398,0.0001318543900164,1.1162290092569562e-05,0.2589147917002287,0.0074253105905477,7.785059409633432e-05,3.4590450770812827e-05,0.0002962354583955,0.0001960813726397
936,0.1096252058900721,0.0112102929536528,0.3032063049959513,0.0210381823685571,0.118715422937505,0.0260538808752484,0.0193925474588946,0.0104883034066606,0.6304293751166854,0.0220194339741872
937,0.5101822861737753,0.0250059088779422,5.371222708391236e-05,8.054751428874667e-06,0.1458028119080299,0.0105366962505337,0.0001114663970968,4.717627692525759e-05,0.0004986821648001,0.0002438208007836
938,0.3565273659852937,0.0116257601806592,0.3069805518418577,0.0128025237570891,0.1055255879999626,0.0387782895287706,0.0190795606858501,0.0096658161900193,0.6458497817926625,0.0136630401961949
939,0.1790453585985804,0.0169407001592625,0.3803150079870052,0.0061077391838604,0.171246358297823,0.0293789431253215,0.0158150233596469,0.0067399618612575,0.7433598874103543,0.006386433496729
940,0.5101832013522553,0.0161213727671542,7.023586553398228e-05,6.8481738107164726e-06,0.1496511352851423,0.0091344928800999,0.0001070086113387,5.181736157151348e-05,0.0003365857045334,0.000250038667684
941,0.1510621103490447,0.011060031550357,0.2629643678089126,0.007157603986977,0.1570796409290384,0.0686526423497957,0.0158187710679691,0.0065909493827347,0.6518089409528636,0.0075660061472821
942,0.0187699456258626,0.0112051326157933,0.4099375889999699,0.1096029952828799,0.3631052382125654,0.0142211827061389,0.0704946298020996,0.0239792623086066,7.545454160067738,1.1458548097764247
943,0.1926200973623585,0.0139102319847995,0.2890794024241352,0.0092738197813156,0.1954906300188644,0.0276737300180513,0.0133359657603886,0.0058069425556025,0.6542049741063553,0.0094775909811459
944,0.3429607140241699,0.0366366978632793,8.652248769578596e-05,1.0956852161458553e-05,0.270211083323423,0.0118492520090611,0.0001440563918494,5.606067472661987e-05,0.0004612100236203,0.0002423226907075
945,0.0129589195818636,0.010557710166723,0.2379446094418591,0.2089684472731207,0.0603917200860478,0.0352412368763076,0.0212555659113855,0.0118110039497656,0.5882661178648818,0.2063440853982594
946,0.0327469351778912,0.0101703753669516,0.294379822815935,0.0152899642897113,0.1178272795543109,0.0206494194571377,0.0181311247880252,0.0103210448810085,0.608903858613122,0.0173704249724454
947,0.3617172080695208,0.0502684242640745,0.0002880919432151,1.3135240395633886e-05,0.2959761195734746,0.0051828425224036,6.023217250723995e-05,2.2546180437856768e-05,0.0003326797734408,0.0001579929001056
948,0.0103398665994772,0.008041552724229,0.263079809130768,0.2141827460549744,0.0143242883016181,0.0089101754378978,0.0271477068258506,0.0136953442681762,0.6804634730405805,0.4079933580340209
949,0.4761802602806098,0.0190090689237791,9.553589848616444e-05,9.376707792142045e-06,0.1636715990463592,0.0084498561076699,8.284977162407645e-05,3.509252662028922e-05,0.0002874597233311,0.0002084820948558
950,0.366461097415002,0.0125587295340496,0.2868136847873866,0.0089825122689905,0.1201374717459542,0.0468938782341199,0.0176651340093815,0.009009833713862,0.6596137145197737,0.0094898709625396
951,0.4489245231557159,0.0321937277197225,0.0001202566562679,7.980580454131525e-06,0.1731838007000607,0.0060921634905716,7.061194034114288e-05,3.1721967960788295e-05,0.0003197081596244,0.0002008788016846
952,0.2914016323929549,0.0139583228649985,0.340850488017901,0.0059874313984663,0.2166184552313601,0.04246761992536,0.0162758712313301,0.0078561542143347,0.6715509406698098,0.0064809650009797
953,0.2129617747205181,0.0092968636639785,0.2617579353370652,0.0188163901340931,0.0896721179001096,0.0232229527198379,0.0184806091924284,0.0094038190495515,0.6144438648894959,0.0196957360043494
954,0.0918874497412319,0.0107710397374815,0.3304464834261872,0.0457229324215946,0.1076781045549605,0.0386441974043369,0.0293500597764044,0.0103384848319974,0.615379752819928,0.0476690904378751
955,0.0120027492883838,0.0090317244443567,0.3422147699154407,0.1406587533234352,0.3196749476851342,0.063198857488745,0.0449527601958987,0.0194082955835294,1.096504690015084,0.8888486069242777
956,0.1879221143179801,0.0119198305121214,0.2569894841564666,0.007854383764071,0.2246800597802613,0.0579685954194975,0.0158214016419728,0.0068195252899655,0.6360342785561142,0.0082416629924123
957,0.0236945963916536,0.0110001814628584,4.932652539450688,0.113126060369744,2.828810009809786,0.0083342344266653,0.0814543038644372,0.0229373285373967,119.36844523107648,1.1273577974318103
958,0.1779977857397303,0.0377487196251891,0.001015118732242,0.0001764917761237,0.4678516054405188,0.0049030184114492,8.532251081089133e-05,2.045813895147639e-05,0.0011491848839745,0.0002186833276064
959,0.1372433744675501,0.0112347963629442,0.4221063882626202,0.012864485119467,0.1047182304140096,0.0204891413792266,0.0189021730497543,0.0096430745595066,0.6088296674914973,0.0136198199362068
960,0.1029508144943141,0.0125257204215045,0.2693019386214165,0.005129165223857,0.1587987894060444,0.0731748832199025,0.016244348827012,0.0066204656740456,0.6782451167875962,0.0055750924743363
961,0.470918005507376,0.0221153846072198,9.205450849288614e-05,9.585857494324442e-06,0.1643201398392434,0.0068875578458903,6.317481642163116e-05,2.7299657406192564e-05,0.0003228611918215,0.0001984928770173
962,0.4865210172316321,0.0243170689911151,7.535162438639443e-05,1.2424573605521058e-05,0.158404743578938,0.0115949479355292,9.819400959855508e-05,3.1464434478506946e-05,0.0003917422923527,0.0002018601455359
963,0.4129002548621747,0.0399340014147436,0.0001759296701882,9.610979540386526e-06,0.2336209373656419,0.0046730368225688,4.142688896664856e-05,2.176446073657579e-05,0.0003456403027299,0.0001699284541679
964,0.0119880401085083,0.0094736866570075,0.3863648585127695,0.114645167824655,0.1238417169303923,0.0854565806293075,0.0192979370675502,0.0117071445889597,0.6384636747199558,0.0827629777711435
965,0.1979248891067908,0.0608578626131597,8.157397896780602e-05,1.3530687280408738e-05,0.3993320822892501,0.0097303079646336,0.0001109887730925,4.408575069500529e-05,0.0004102624727522,0.0002337023891458
966,0.009990426112522,0.0078278338273617,0.2641270572753801,0.2117604311764574,0.0139388250649264,0.0079046297483545,0.0271007678310489,0.0138463896701454,0.7014736334233068,0.4049602784318654
967,0.1397218235078239,0.0157005897212303,0.4052505422463762,0.0057014671582322,0.1686494638039343,0.0317721716194451,0.0168672849104371,0.0070419788042138,0.6941331505097744,0.0060033484560422
968,0.0119368295850149,0.0086044927784378,0.243919535756439,0.2081272870865427,0.0191182543272435,0.0115160589580109,0.027221170720731,0.0130264554320313,0.6159952203504795,0.3367458615948814
969,0.1944432673241666,0.0166264606413595,0.2735568883031701,0.0066604022999105,0.2271241040069057,0.0229699652543044,0.0142758345224597,0.0056729770207276,0.7180933887764127,0.0069192822972647
970,0.1856557553673577,0.0136289430303422,0.2744552266220365,0.0072734527889409,0.2216129910419891,0.0283060933235491,0.0155939989194259,0.0061204210969287,0.664259112454201,0.0076102651395081
971,0.2200547068338706,0.0113723803554551,0.2281303317425446,0.0046012302598773,0.1776122297403337,0.0188085345951169,0.0135218329797666,0.0051323558926153,0.6488447890113727,0.0049379729936368
972,0.5286724541458934,0.013565798518525,5.8394486464795946e-05,6.55097322150369e-06,0.1425826970240671,0.009966508775666,0.000110709719823,5.786901417809405e-05,0.0003944690350974,0.0002622156962045
973,0.16830918845624,0.011498128109725,0.304855342380911,0.0255715874900549,0.1214657454764422,0.0332612785464661,0.0196750248754195,0.010448705375686,0.6389684312966403,0.026350814943614
974,0.020733710911881,0.0115071402142191,0.5041917497756137,0.1092506103065849,0.3580963619336995,0.0097163348007123,0.0758239826922477,0.0242328142382283,13.847140632129475,1.1650221424817857
975,0.3794865353234943,0.0504512392320271,0.0002154179245764,1.1092795699548653e-05,0.266417024490913,0.0072734344537286,7.062511075810761e-05,3.749919476674519e-05,0.0003559563900919,0.0001947633210637
976,0.0230370032914414,0.0107520172480913,6.038659347463929,0.1133552107023852,3.512316833221603,0.0097751110813719,0.0794176445811649,0.0226158275720836,148.8993301053639,1.1125126872710849
977,0.25042853438006,0.011138440236214,0.2554433903751507,0.0086433831505992,0.0741063246835806,0.0231704318148484,0.0184334784101557,0.0090015811910878,0.6213561185524304,0.0094975952937137
978,0.3401315075192461,0.0548041172183666,0.0003071405027328,1.431475809567276e-05,0.3203269506077091,0.0083173406992213,9.506406046942735e-05,4.823923933151166e-05,0.0003466597297104,0.000207891808127
979,0.1048689932768382,0.0112617593905851,0.4071721696586481,0.0077489165788078,0.1013012052340687,0.0144369768301124,0.0209236439255356,0.0100296027910241,0.6650692148782976,0.0083140436570879
980,0.2892082648810978,0.0435934461323329,0.0001241503888156,3.917109437885113e-05,0.4422023260116215,0.0157267556380749,8.613873327724361e-05,1.9543839074920224e-05,0.000471234714464,0.0001973761747611
981,0.4972716721889504,0.0195783406119979,8.044404251487559e-05,7.168848142535431e-06,0.1567564609156277,0.0082921998182916,9.65913740469058e-05,4.382605483723756e-05,0.0003293214127715,0.0002326361884457
982,0.5192109135289974,0.0311193680044017,5.359190628457449e-05,8.22013434638155e-06,0.1416208705941696,0.0105023067916697,0.0001310624457007,5.475394220880224e-05,0.0005775408308632,0.0002666774653154
983,0.0107508164979049,0.0084026166310143,0.2857389810456209,0.153737548259822,0.2273804503591365,0.0584824662022411,0.0231093849835061,0.0122783179759653,0.5879909050196426,0.2697418809671771
984,0.2211951219016081,0.0221826867236599,0.0006285971828167,0.0001774486337913,0.4283270995058832,0.0064557376762748,6.93056795387111e-05,1.7571977083505252e-05,0.0006528231434335,0.00020257633877
985,0.4039050479877893,0.0122130063301872,0.2642023462715243,0.0108476819284993,0.1344017219393848,0.0564539663777263,0.0187883352068985,0.0092110031620009,0.6437809369116398,0.0115426266305724
986,0.1520772332271008,0.0114159773885861,0.2716467564051175,0.0077733271080488,0.1528179531498361,0.0663869510867649,0.0157087330941871,0.0071881667492133,0.6516791961436466,0.0082145920907114
987,0.0116271554569206,0.0088082218756003,0.3270397900608818,0.1514422251296634,0.2779020073222527,0.0466786824123732,0.0408858350266003,0.0184025479180195,1.0259399148997386,0.8273637798800363
988,0.0125147708490459,0.0108347101975725,0.4050087737214596,0.1307003415946033,0.1473215567781573,0.1106819499709455,0.017800077160816,0.0112921477708213,0.587395548178972,0.0948553815425795
989,0.3891444709703714,0.043028740792931,0.0001944285391581,1.2065886352367155e-05,0.2598223207140215,0.0075358901815081,6.3364815499744e-05,2.887614234819223e-05,0.0003597999708819,0.0001780625539226
990,0.3642720187370388,0.0543229773466044,0.0002822068250617,1.2466689561036706e-05,0.2860935410214505,0.0068885882372868,5.530018567765342e-05,3.3470267651726896e-05,0.0003621931129301,0.0001827604626081
991,0.378702919062254,0.0570663617590341,0.0002017088257606,1.250666899350316e-05,0.2584588297692936,0.0082401907132205,0.0001421985406225,3.377131503318775e-05,0.0006218022798783,0.0001983181792727
992,0.0202356559771716,0.0088358620611842,0.2491341363959852,0.0354751632829497,0.0956768689474942,0.0623364862727903,0.0210774620924294,0.0113765321739509,0.6300640715000564,0.0273400177591207
993,0.0110501392442399,0.0081598001390129,0.2560271549321334,0.2128545193850304,0.0147746620948208,0.009201171960193,0.0280173348533993,0.0135878972315548,0.6483286559170738,0.3932281962421232
994,0.1025556279295069,0.012314553154823,0.3621670787810647,0.0185603522333611,0.1347498915455675,0.0318552155971969,0.0172404636931277,0.0101373357041241,0.6265576090217154,0.0190655657599012
995,0.01110457695208,0.0095165434536469,0.3135500961325961,0.2285203491785199,0.0341518244200278,0.0158931664244378,0.0231367343900977,0.012758344607384,0.6137430169823408,0.2963457620011063
996,0.0234486883769538,0.008059505935769,0.2440414841844765,0.0482680541748454,0.1301070511897284,0.0882618979978191,0.0200430971485134,0.0106172603279189,0.5525388505631985,0.045409194864854
997,0.2916078180476709,0.0114678647676391,0.3410508867401995,0.0083512198714574,0.0915966781483985,0.0304550790173669,0.0172847173034685,0.0085974190352515,0.6450437335337911,0.0089591453597265
998,0.1852569673509445,0.041360997386467,0.0001413757312515,2.4434081167333712e-05,0.5140920975033387,0.0040718787018641,2.0018235974936525e-05,1.0169171804792044e-05,0.0003704338875663,0.0001673614303547
999,0.1199674375259398,0.013205497524498,0.3453983996335601,0.1090581245671222,0.1370639287226024,0.060996629199969,0.053241715327244,0.0113568352366183,0.6286404259526184,0.1091149954121163
1000,0.1259269438396817,0.0134042133924813,0.3103895339919979,0.0071652725545613,0.1642390973453198,0.0740798190779023,0.0163818822871194,0.0073448300917924,0.6797653821176415,0.0075249975268908
1001,0.1437103781414655,0.0132534924949001,0.2498202967650355,0.0056440243472586,0.1234554922693892,0.0245483311840137,0.0154370586827964,0.0064887929171623,0.6582890235064567,0.0059694881340315
1002,0.5164433872567529,0.0225184255994399,6.697773820791313e-05,8.564178732917541e-06,0.1485546857073222,0.009963850683957,0.0001071722737023,4.606749330190192e-05,0.000419672904378,0.0002348756513028
1003,0.4277906563999158,0.0368426608489208,0.0001512324507839,8.746332458611124e-06,0.2123741630084025,0.0065566123962817,7.27812120875933e-05,3.4222180435057776e-05,0.0003379136180493,0.0002022251077545
1004,0.1044391483094008,0.010102803072606,0.2522724761271264,0.008213667543578,0.1169201441512993,0.046332082411714,0.0156241805099494,0.0076450663741654,0.6266073449464531,0.0087647438360351
1005,0.1115862913442329,0.0114777278444111,0.3687464938085869,0.0149373866737752,0.0971474421516507,0.0291766403942042,0.017710547398225,0.0099597612838802,0.6624916974951836,0.0158244724339476
1006,0.2671074493590996,0.0103838846073682,0.2722575520204528,0.0138171212846264,0.0970852494264466,0.0337631244438002,0.0173915702034882,0.0091904264782662,0.6407643103005154,0.0145674648897257
1007,0.3846587925523927,0.0114506497827177,0.3767074575630923,0.012228909182856,0.1116665742112954,0.0444208471604597,0.0167893987354108,0.0087478747662686,0.6248687951008701,0.0129185946045132
1008,0.4165574987668399,0.0476707222344107,0.000164255597118,9.030952685779391e-06,0.2243478552663909,0.0066286962371173,5.185632532222509e-05,3.760037614677714e-05,0.0003401170842138,0.0002013076220801
1009,0.4379674202700826,0.0284762498975798,0.0001183531689698,1.0689781198517255e-05,0.1742536844902053,0.0074459519828532,6.818940881862447e-05,3.1429396565273506e-05,0.0003218922178,0.0001965352483716
1010,0.4720895801770684,0.0927894890092447,9.03964484066853e-05,1.042912534892728e-05,0.1616494760393576,0.0094130109559064,0.0001452245900779,5.602980151375356e-05,0.0005475925087024,0.0002598378259201
1011,0.3573144156494777,0.053278697215562,0.0002976676640658,1.3572586900506105e-05,0.305580674083818,0.0052403580827621,4.554167635587002e-05,2.455506692179097e-05,0.0003192801204737,0.0001593941676284
1012,0.3521148642779717,0.0131476273583038,0.338278709479016,0.0117623975594683,0.1071834150307077,0.0397378716057458,0.0180866359229866,0.0091090469828449,0.677496795697209,0.0122009670883566
1013,0.1775727235604814,0.0267939292530934,0.000428564523583,0.0001177718789112,0.4623378431642715,0.0099180647778901,1.6449308448246912e-05,7.5500130367955325e-06,0.0006355059689924,0.0002479418133901
1014,0.1282945669382092,0.0150981701644109,0.3056581169870143,0.0057323150595407,0.138913613301737,0.0630623454120833,0.0180370177510125,0.0077101993626411,0.7269222591344662,0.0060612984283063
1015,0.3898020964586117,0.0120663451414265,0.2955792380526024,0.0076510284563971,0.1057973561769504,0.0371114595273539,0.0181438050826334,0.0085958041608071,0.6399164898754792,0.0081718414746563
1016,0.0245109473785729,0.0124068196334261,0.3652197705200307,0.0284757695814221,0.2090165195540483,0.0561042853852372,0.0162180358601458,0.0106281073113095,0.6346643776292137,0.0298928977601919
1017,0.0102265989774155,0.0079138562498267,0.2703753342601606,0.2146346889806838,0.0137024594651951,0.0071868602471284,0.028281754692748,0.0142044704054122,0.7146055459155487,0.4439153439328921
1018,0.17638388366825,0.0097201787459285,0.2255980304921541,0.0070092933184192,0.1429434802941834,0.0641653792057533,0.0147701210039512,0.0061463299735005,0.6226071134951917,0.0073595981507668
1019,0.4439506759937681,0.0290398902890111,0.000110966309607,8.27734806044638e-06,0.1630386259304237,0.0078185432030609,0.0001069508297415,4.404632816304454e-05,0.0004931917880239,0.0002281599048028
1020,0.397773259774714,0.0134822137015436,0.3626450774438695,0.015701749896899,0.1257146415408234,0.0526950334329782,0.0186545080505154,0.0097061866424693,0.6882163876115684,0.0162090551647497
1021,0.0138676084233143,0.0111872174511161,0.2587626760556877,0.2320624414343647,0.0282310829359673,0.0170724514729918,0.0264413275276002,0.0137850609950805,0.644552734775146,0.3238456332607228
1022,0.0236385351060087,0.0109751209899241,4.823679872542409,0.1131853042369105,2.760298094240639,0.0084771534322016,0.0812918514881622,0.0229217919638482,119.7898946338543,1.1249811623124135
1023,0.0100748412520963,0.0082152016159111,0.3282768709580987,0.2005168009735919,0.0504904192321983,0.0193604281406692,0.021525859693596,0.0119371129693539,0.6024833194075813,0.254481011977975
1024,0.2500281120833704,0.0585168662291287,0.0001132214776094,1.2990012273502626e-05,0.4909759825066563,0.0060089516298895,0.0001016610745802,2.310774151017527e-05,0.0004623500032679,0.0001865442555496
1025,0.022545206935931,0.0106498824205883,6.310611471958564,0.1134510497292799,3.667153465955365,0.0105901603376472,0.0779959481771293,0.0224816595596586,156.7406764770693,1.1055137963094608
1026,0.2010669850925962,0.0591352250164509,0.0001537975793781,2.1666352153982457e-05,0.5049337967325511,0.0073074240204388,6.353067996881266e-05,2.439629807273965e-05,0.0003011433564873,0.0001772747805496
1027,0.4378863126117491,0.0445016601532064,0.0001194417964658,9.92098551184811e-06,0.1786062840270461,0.0083889481281253,0.0001647653300876,3.940326232080455e-05,0.0006419360784927,0.000221010352992
1028,0.4188300603146074,0.0401188287271256,0.0001608647743017,9.147407740469491e-06,0.2211316814615415,0.0068468819993541,6.047158254482412e-05,3.43935981747779e-05,0.0003433258257662,0.0001966902020403
1029,0.0233761497387609,0.0108726800357144,6.015658770837812,0.113270419151837,3.5128736351618266,0.0089330326678944,0.0804313631656801,0.0227573565473285,133.66068210782836,1.120604841930398
1030,0.1789307994748518,0.0132898206039911,0.2452797898233989,0.0062069695597215,0.1566569764109481,0.0276450727606881,0.0149997845904671,0.0059539207499561,0.6513722402734015,0.0065377845814714
1031,0.1133479793651165,0.0101262139024921,0.22258919025575,0.0064224954159754,0.1360421298245847,0.0518008460048788,0.0150198380261106,0.0067432743269562,0.5898072643965012,0.006970287655727
1032,0.4780163509115507,0.0201965222726203,8.648154188743835e-05,7.893926581198264e-06,0.1633654229579006,0.0071087100283112,8.927637758241284e-05,3.200501157676789e-05,0.000356966242435,0.0002052539967037
1033,0.4276693536012229,0.0329916814193617,0.0001306542576089,1.0152995169616942e-05,0.1939972451796948,0.008267535283474,0.0001474721294093,3.440681904257551e-05,0.0006136774910428,0.0002086315093319
1034,0.2373774102232358,0.0119401349503828,0.2293461587507901,0.0087846744928055,0.194332255099418,0.0979803502207927,0.0159466280154722,0.0075569749069709,0.6241282268400867,0.009239234820611
1035,0.3908292704913006,0.0122825055919986,0.2852291571083123,0.0096637603212445,0.1249601480451037,0.0482292782528661,0.0186238142682886,0.0086247582134042,0.6260597514077185,0.0103036491780098
1036,0.0128984504491198,0.0112563812527871,0.3294741015491299,0.211911102774617,0.0724943429415144,0.0301975453906625,0.0213110515269376,0.0125721356450357,0.6101389222579182,0.2271318389486864
1037,0.1608024821236923,0.0136878452969051,0.4529641492539724,0.0127391294245328,0.119138751475049,0.0520058117024362,0.0179596953458743,0.0089875729522266,0.6544302616566469,0.0131757122862103
1038,0.0118385208204509,0.0094002678259212,0.5378942270476533,0.044911110980586,0.1768132812585255,0.1077968307760214,0.0200627838531375,0.0115027346218196,0.629761478223763,0.0311677651041785
1039,0.2129473640682126,0.0153156297876152,0.4005966077355474,0.0079497723147768,0.2795815152906807,0.1487041620051863,0.0159049918165474,0.0079338228916431,0.6986091451394778,0.0082895724573169
1040,0.0098955380496237,0.0077305736323622,0.2570760102799799,0.2163952770881866,0.0141785177915501,0.0078435525126555,0.0255002635106115,0.013371839993116,0.6743207103539828,0.3829566472893457
1041,0.4223105849539681,0.0308347659700802,0.0001571013488133,9.861423697220252e-06,0.2183272898945508,0.0059536251416223,4.622833864875495e-05,2.4634597417187065e-05,0.0003641730245342,0.0001801271712283
1042,0.4431317964977646,0.0312642768900683,0.0001205316147982,8.242721030237427e-06,0.1759794029500976,0.007033588875198,5.84422209678999e-05,3.576595913925534e-05,0.0003335715845598,0.0002091133598965
1043,0.3281424612785036,0.0614559072906828,0.000406058419576,1.6704548811828707e-05,0.3717589494447504,0.006983768312968,6.131751907799594e-05,3.513931608368003e-05,0.0004051854389268,0.0001759797911805
1044,0.5394113023426104,0.0130321671777665,5.1143420239221285e-05,7.341997521075253e-06,0.1407113891550427,0.0119654309129237,0.0001325723746612,6.039316412094212e-05,0.0004944706770909,0.000261389194123
1045,0.1349885502430572,0.0141830169698026,0.282758789804653,0.0059731715858243,0.1886029985398715,0.0703210436652586,0.0168120691513548,0.007083017939555,0.6885965910710179,0.0063692712943205
1046,0.3616004161217318,0.0517584325459798,0.000286451370788,1.2642302379324682e-05,0.2916489043852156,0.008563982970662,0.0001037962190879,5.00373051571435e-05,0.0003764190288451,0.0002160899130151
1047,0.489480977264224,0.0199038220769055,8.721934623297372e-05,9.366903124296134e-06,0.1626485547783265,0.0083799636551423,9.565020863106168e-05,3.2035114127631486e-05,0.0003424925774416,0.0002019234709592
1048,0.3637758133092118,0.011908049177196,0.3095293154498784,0.0104388919749058,0.1249142306468691,0.046966242543531,0.0166228408341833,0.0089712429673763,0.6400454167997313,0.0108115188605051
1049,0.4095153727262364,0.0382126799944493,0.0001633059703652,9.6127391304852e-06,0.2338752935473382,0.006939317047122,5.710056435396636e-05,3.289210244152771e-05,0.0003606430029764,0.0001944944622981
1050,0.186542011338225,0.0124735476772819,0.370200747730966,0.074989227168062,0.1370109262242441,0.0451230811265348,0.0456274631155726,0.0113430889814517,0.6328490019709901,0.0753439473266979
1051,0.0122126125606162,0.0096417928067275,0.2828396398439384,0.1289406028667807,0.1123643955314971,0.0790847296189629,0.021566337783878,0.0122368056560487,0.5850956953854212,0.0766289475270823
1052,0.5505243814041941,0.0261814034637776,4.076585538796145e-05,8.225773271480696e-06,0.1323038886018899,0.0120595563451572,0.0001734774017711,6.732804687736674e-05,0.0005605326624846,0.0002917303366391
1053,0.1521182080368132,0.0142882976305326,0.3296182302315407,0.0094237678908024,0.1572615255152737,0.0529406314523902,0.0148992516684216,0.0076152306075725,0.6335176154612512,0.0098048976772753
1054,0.4350834025775756,0.0350008742118076,0.0001390458231771,8.712604280463249e-06,0.1977432433956701,0.0065925485888292,5.223396023969891e-05,3.238504113941216e-05,0.0003213122771049,0.000197171081835
1055,0.4091662157081618,0.0797686676176903,0.000154923000786,1.3258849420379677e-05,0.2224336050613482,0.0083775671505658,0.0001119790945804,3.693218892603117e-05,0.0004473941921677,0.0002136384609065
1056,0.1658022225822588,0.0115190811878208,0.2403104130851439,0.0111152398230694,0.1784476233197801,0.0797760861521545,0.0171163652904987,0.0075671507638353,0.643480384938768,0.0115174450865523
1057,0.0139750808106442,0.0117447087761634,0.3988912932276271,0.1977365566887,0.1482452316174319,0.0491565335781443,0.0220887120641809,0.0128048090834693,0.6430343645568083,0.2069500216145713
1058,0.4354199917313103,0.0266307277405723,0.0001209839651395,9.12604045062232e-06,0.180188549258722,0.0071091022858643,8.832288859990481e-05,3.098387717771676e-05,0.0004013665533379,0.0001998676851043
1059,0.0304500631420515,0.0083150657646862,0.367899414827615,0.0274521911635939,0.125849154194097,0.0689547583803529,0.0205545749523618,0.0104677452114064,0.5778580334824136,0.0289156145444687
1060,0.1083848325197808,0.0112573313668341,0.370451113997944,0.0780631374189195,0.1188396392754816,0.0482121585484858,0.0357603354823844,0.0108912400103672,0.60419683742921,0.0789809947922287
1061,0.1632996145700788,0.0134486667983208,0.2540331858636573,0.0055212612853069,0.1213633560548013,0.0285467268543876,0.014674215406257,0.0061312781399088,0.6703192371515032,0.0058646683129071
1062,0.1365915972414428,0.0152154888566076,0.3201131642204757,0.0059767357435627,0.174329735931235,0.0177480245855366,0.0156437207597986,0.0062248044138043,0.7099634485384999,0.0062547428395631
1063,0.4382837297527782,0.0414106143281813,0.0001375462717334,7.998003383107552e-06,0.192820753499468,0.0075501947363615,7.320672995028615e-05,4.700132240929682e-05,0.0003220711726019,0.0002265310682682
1064,0.5296175753234461,0.0203064503044213,4.967599650654712e-05,9.188983351854643e-06,0.1392663176110947,0.0129913345023093,0.0001572198009144,5.76575859146981e-05,0.0005335595854925,0.0002559346026005
1065,0.2254526479400062,0.0122172916069547,0.3740792484694236,0.0111862818374057,0.1345989531980191,0.0341724197872995,0.0170644233346829,0.0095649711145101,0.6779433887853348,0.0117156944084561
1066,0.1715994582705054,0.0132797276316204,0.2725705951168408,0.0097758342075351,0.1494239504216108,0.0668727635855066,0.0165769812736288,0.0073859601253057,0.6528232969109968,0.0101564697146062
1067,0.0665451965720703,0.010734711556788,0.4223737478484278,0.0676224791944111,0.138683865600585,0.0573838381501185,0.0364255046197918,0.011570900695015,0.6056869238326897,0.0701205305654548
1068,0.4730397279119273,0.0245600405298609,8.738627654009746e-05,1.0210836804930516e-05,0.1672740763959339,0.0068731148061939,5.600642628047445e-05,2.532706840302997e-05,0.0003160157653589,0.0002011658833151
1069,0.2043053035570576,0.0365476001200492,0.0001244577543262,2.80981090060203e-05,0.352720573440816,0.0080817111838308,8.975256041639815e-05,2.685434079865935e-05,0.0004537861919524,0.0001911870471053
1070,0.4048795201573019,0.0486640122204745,0.0001840190413433,9.56697897284936e-06,0.2403507894091302,0.006582083662422,5.745779130065929e-05,3.5825921512435034e-05,0.0003480587202836,0.0001975700795774
1071,0.0162672962613448,0.0105091692183388,0.3899502200091893,0.1140862847095937,0.3567291109130915,0.0260782959849705,0.0625497852986957,0.0228208308413926,3.517241702616672,1.091096391531204
1072,0.4056251272874875,0.0414218076107886,0.0001609247863115,1.0333567473795264e-05,0.2321742953032474,0.0073271065338447,0.0001357142213658,3.2622623212419313e-05,0.0005621820812507,0.0001975894003587
1073,0.389108824347124,0.0412442231852265,0.0002231382068736,1.120982965907768e-05,0.26719975030381,0.0054258141637154,5.067937798442485e-05,2.539404561463975e-05,0.0003827882621309,0.0001707818564853
1074,0.0108784320253869,0.0090362906787761,0.2943309730504241,0.0796500912056982,0.1196224140175899,0.0861675289842102,0.0218244196599995,0.0121499575236768,0.6047987743614754,0.0875181237745509
1075,0.2410554964124361,0.0112367135395622,0.2574824734383507,0.0163558130904544,0.1189848581705298,0.040010896878994,0.0191783176000595,0.0098286414695699,0.6322546351054237,0.017257168164441
1076,0.0094624298074981,0.0074763030929372,0.2735578026245789,0.1529986466218179,0.1489686596248525,0.0276235409014897,0.0229278922557913,0.0123828966634105,0.6236685849028362,0.2972855912147398
1077,0.3916658795203913,0.0469384098389105,0.000216353107418,1.0739927194931588e-05,0.2604634133677873,0.0061023184727331,5.279710549476637e-05,2.960131827504107e-05,0.0003739684371576,0.0001834828857084
1078,0.0096342443034495,0.0079091797710616,0.3813861400493833,0.2806600022037457,0.1044965924956072,0.044402715243988,0.0210740524109316,0.011888320315736,0.5949364169862391,0.2222206068064034
1079,0.3881780582932354,0.0404365741040835,0.0002272499250752,1.1754537124674512e-05,0.2690719868367686,0.0048561573043243,4.110380079150783e-05,2.076048650988404e-05,0.0003659169229904,0.000159116982825
1080,0.1428175966605567,0.0119639124648743,0.2390445557538393,0.0064253126519634,0.1600360465280642,0.0304814182270394,0.0144457487243516,0.0058986423249309,0.6549408511079634,0.0068018886512265
1081,0.3698562348704278,0.0507700752582272,0.0002306144401235,1.2399090735333936e-05,0.2799717501092408,0.0059210103470753,4.504855011216091e-05,2.733618522533009e-05,0.0003272562548825,0.0001676551375125
1082,0.0227709824474169,0.0106940598268324,7.201484958730209,0.1134121795315306,4.249149926108031,0.0102220477551357,0.0786463578172141,0.0225476785441305,161.6918286284184,1.1078865553042092
1083,0.0370575093408975,0.0092110430624443,0.3201560259192579,0.0142378010229684,0.1035856614795881,0.0419507144040093,0.0213067459410638,0.0107772545642934,0.638278702748606,0.0107353638682478
1084,0.4339922399092601,0.0365714054235245,0.0001421261749399,8.534834623740363e-06,0.2003122983435886,0.0063490343697648,5.114144813897705e-05,3.253966551191813e-05,0.0003361152260737,0.0001977982601431
1085,0.3821981473284281,0.0134344203751044,0.2909744119522341,0.0087698677439799,0.1347542679405207,0.0467716559649641,0.0166453139409329,0.0083028993737314,0.6568952498457965,0.0093128624804634
1086,0.1838104797746999,0.0195329522743014,0.0006771316444139,0.0002619731124019,0.336009067412756,0.0126614192286063,5.6731196394176064e-05,1.5062960266022022e-05,0.0007899206108102,0.0003640584280448
1087,0.4746298564726655,0.0232650325299235,8.683510843207181e-05,7.491375162466154e-06,0.1646708372225397,0.0076378794053799,8.688475042412807e-05,3.939871238850944e-05,0.0003473473085726,0.0002226972731872
1088,0.3138197188398678,0.0584366676446364,0.0004884863838637,1.9437065271605046e-05,0.4488362176951003,0.0072121865108536,6.274084235514814e-05,3.639947079991509e-05,0.0004875999827363,0.0001710777595653
1089,0.5255122667527689,0.0150461280004553,6.051902002650946e-05,6.732686197303496e-06,0.1443573463194866,0.0105233297115147,0.0001376472035029,6.346431817242252e-05,0.0004540844176975,0.0002709698371872
1090,0.4330231547656352,0.0668216923789135,0.0001221286087499,1.4208467205577972e-05,0.1822308051019517,0.0084546329982914,6.342002193937138e-05,2.9101518452601988e-05,0.0004374762842925,0.0002052695044368
1091,0.5448007887536155,0.0152489324647685,4.684008488785263e-05,6.946616807717971e-06,0.1373527758447641,0.0131241808790095,0.0001884236450111,7.097571420846311e-05,0.0006295967331735,0.0002820774527398
1092,0.4867708296979102,0.0238145020359668,8.886096054697498e-05,7.210877888687363e-06,0.1618560641598568,0.0077261813412292,9.088384217057716e-05,4.184434115558405e-05,0.0003423626860841,0.0002275703560493
1093,0.1230530227145711,0.0123649383424782,0.2591539304100419,0.008309872301474,0.132221538232162,0.0531753083259969,0.01744864924474,0.0077473584718726,0.6680179376511541,0.0086848529294757
1094,0.2308476887308102,0.0134189752422043,0.2874868655803363,0.0075150098929349,0.1645672812304027,0.0491865675572185,0.0156571772381468,0.0067812116390844,0.6719836034134646,0.007833016492089
1095,0.0094979559103904,0.0076348710375834,0.2710487808602944,0.1827482208515059,0.0957661405996708,0.0561973866757542,0.0224722922935169,0.012166710859658,0.608177487760454,0.1144874194858541
1096,0.3934631396506113,0.0454521262608695,0.0001775327761374,1.0065237087871809e-05,0.240820056886303,0.00634468131187,4.80273434481989e-05,3.0336147052046025e-05,0.0003466272016641,0.0001856377125226
1097,0.444017801573345,0.0346483557463678,0.0001149833155897,8.056767953512963e-06,0.1677150939291998,0.008637772082945,8.872786944130364e-05,4.997166598241584e-05,0.0003129471488292,0.0002314246079273
1098,0.0103364340235693,0.0081981649109555,0.2616569279000874,0.2145751909183713,0.0142821816282052,0.0088433878382984,0.0272901605557573,0.0138081078716577,0.6657923822463915,0.4275541689901003
1099,0.3757427287670945,0.048591396610794,0.0002208153065649,1.1567097746383115e-05,0.2699567478488525,0.0080147956135035,8.206098553790035e-05,4.020902641481234e-05,0.0003856299216543,0.0001987237786044
1100,0.0120467835545054,0.0093989160964289,0.2983263233376935,0.0354234695241109,0.1214435107003357,0.0841981409394399,0.0216467130274327,0.0117166762812357,0.6303971378981547,0.0221367989288238
1101,0.3536501822941837,0.0512107671587727,0.0003076466798541,1.3475751962020548e-05,0.3051562496854077,0.0059676112406227,4.70743903712392e-05,2.88283741637617e-05,0.0003602044573318,0.0001686494070767
1102,0.449759238408546,0.1081302356560632,0.000109904262654,1.3990336053620608e-05,0.1613788829127494,0.0089945121748034,0.0001017389120668,3.9349493798085645e-05,0.0005168107306603,0.0002296370659742
1103,0.0135171207946126,0.0116442233274796,0.3781179937601772,0.0226865145649453,0.1175753805331621,0.0516298797359946,0.0176706063806055,0.0110969691539967,0.6411984561544808,0.0205997545348487
1104,0.4459421303073743,0.0344586461861844,0.0001211728479159,7.976739280173782e-06,0.1745706069252047,0.0062608166502362,5.863567653303096e-05,3.3020256398709155e-05,0.0003246005958549,0.0002033149567636
1105,0.1519661682962401,0.014585755280306,0.2921474264697014,0.0101097631300483,0.1769254122019105,0.0771260879707694,0.017202439453265,0.0080703943080319,0.689048190853548,0.0104446148382247
1106,0.4909743114756466,0.0220953853402922,8.547232685161463e-05,7.268106440692186e-06,0.1602472440337864,0.0081068993664943,9.37506541717873e-05,4.523890847013188e-05,0.0003593483901449,0.0002342594521407
1107,0.1286440875813601,0.0125714535648955,0.2794484961716377,0.0078977606062706,0.2304084456475379,0.040004164683601,0.0166512271623799,0.0074317018756849,0.6741123920280487,0.0082984762644813
1108,0.0096453262048803,0.0079179720410243,0.3766540256349384,0.2829275067444188,0.074573174837676,0.0217556666660493,0.0215902190467197,0.0120082012964648,0.5852338695198736,0.2650173825058157
1109,0.1830559624099417,0.0128262466665946,0.3929359011897071,0.0318019130948961,0.1329984330419997,0.0490962819426969,0.0194475866209686,0.0103042886882692,0.6657653534373188,0.032872133345234
1110,0.1474314053031218,0.0254482732864269,0.0005087758273428,0.0001194225790605,0.5323732507485017,0.0062517515117569,2.2000370086857284e-05,7.548775736857935e-06,0.0005718018264578,0.0002088603057292
1111,0.5498235059871445,0.0153443634393352,0.3794742095894052,0.0175806302331142,0.1610917331829972,0.0721337818545746,0.0164303412355903,0.0096295202984016,0.6681809356003361,0.0181243387342398
1112,0.4370724127739328,0.0301415373025466,0.0001357492394934,8.97797729435669e-06,0.1946817586691187,0.0060657890257146,5.361049717012725e-05,2.833370252119917e-05,0.0003368405336014,0.000188940656831
1113,0.0387631089153527,0.0073032299685602,0.301860213167744,0.0537696230152646,0.110997494355515,0.0664120381074482,0.0297625779712654,0.0107724203257083,0.604984785357615,0.0543412055368313
1114,0.1383494772756203,0.0091392864809679,0.2280925551226728,0.0081620324695949,0.1023735014437952,0.0185992360343434,0.0176734971296099,0.0087008297209432,0.5751990579332116,0.0090282390206248
1115,0.1159612644765249,0.0108738254675241,0.0065404994062978,0.0034400404817871,0.4323873681255198,0.0117382299654052,0.0014145653223212,0.0001837613578223,0.0065643033206034,0.0034706324359036
1116,0.3983704787953231,0.0441322739323533,0.0001979420238311,1.0538766031728087e-05,0.2525365080447377,0.0064666769851034,4.2389444516893865e-05,2.935097143229809e-05,0.0003406476462612,0.0001811897958158
1117,0.175334174466477,0.011275039839568,0.2792282454714741,0.0340344928343592,0.1114483198538175,0.0301424659514958,0.0228191593635278,0.0106562370002146,0.6489626186632814,0.0345418665675614
1118,0.0110565485259031,0.0088792006922485,0.2495363182555856,0.2211662629895216,0.0215651351458405,0.0134963454266602,0.0240774130671169,0.0126904581147681,0.6103025144774828,0.324180283581923
1119,0.5091219588947081,0.0176104972620151,7.330213923387889e-05,6.86274092724226e-06,0.1561031328325361,0.0086469686992388,0.0001097487504036,4.572657501525298e-05,0.0003548490223379,0.0002359596594764
1120,0.1489938716987991,0.0147673181044403,0.0009525602953744,0.0003800573104841,0.3020733128155926,0.0261813550973832,0.000109707506622,1.94492505108266e-05,0.0010209132218719,0.0004794541501855
1121,0.3038400336515496,0.0649404022877883,0.0004910983109116,2.283724012491189e-05,0.5031444035358066,0.0068408913672436,5.62937426429244e-05,3.4774504659768296e-05,0.0004958123437433,0.0001652309528724
1122,0.4795789762212832,0.0275319379139019,8.44091529338303e-05,8.483940070290676e-06,0.15926522442718,0.0089369164856069,0.0001096308815781,5.264683540567951e-05,0.0004931400458869,0.0002532896113441
1123,0.3932709569991438,0.0488475639894601,0.0002146304607784,1.0411368134589968e-05,0.259400300133527,0.0070502135794417,7.700923595947714e-05,4.059124330474708e-05,0.0003751445995973,0.0002033374629406
1124,0.0116015795566555,0.008795617274342,0.3267988422279555,0.1524504353487518,0.2805057228036684,0.0498722363099516,0.0410454828286859,0.0185166701772379,1.0337308782862398,0.8260910721485206
1125,0.0105248247470622,0.0088623081729384,0.3978668557714304,0.2986309923540625,0.1119313790936346,0.0407369837995882,0.022342958444518,0.0125467712672991,0.6205162288568296,0.2504005153747219
1126,0.2049306393570459,0.0082343016822574,0.2255495054409585,0.0295079683798019,0.0931781882693513,0.0281577575870947,0.0197409584411818,0.0090524843376494,0.5445755689219212,0.030129586986108
1127,0.2280268080883617,0.0117271616707362,0.3169011063629027,0.0110350580589473,0.1089791902785579,0.0354402795604419,0.0184194192264983,0.0097356726398101,0.6433775032549868,0.011802100137606
1128,0.4327419424156069,0.0401401972535382,0.0001430693034251,8.39573893915502e-06,0.2040125814613006,0.0068933900918132,6.465753610105339e-05,3.949784987660646e-05,0.0003381537000225,0.0002109944511587
1129,0.2098126448081565,0.0089473693448405,0.28505724444651,0.0132935982478116,0.0963070979340032,0.0234278364394037,0.018071158120887,0.0088728711981202,0.5761210445378285,0.0141020605581309
1130,0.1862159472636374,0.0129250676116569,0.3840631026455183,0.0091950497407483,0.1344715954063762,0.0531748409788484,0.0159594229817901,0.0081146181187721,0.6745914976693532,0.0097242262638173
1131,0.4287924549051231,0.0314520292828595,0.0001488107578645,9.40792309566221e-06,0.2136019824660405,0.0047583290975044,5.046559264409181e-05,1.973767095418896e-05,0.0003566908879926,0.0001715474345577
1132,0.0191716523065229,0.0112882781037887,0.410047692045241,0.1094650922240993,0.3633701457299794,0.0131967983921632,0.0716857438383362,0.0241066185392376,8.515131925674073,1.1495537813712189
1133,0.4292131735269737,0.040993489865315,0.0001477143539959,8.55851222883622e-06,0.2079702590323125,0.0057761016467403,4.99834945989085e-05,3.075327888544226e-05,0.0003462487808182,0.0001906892980416
1134,0.4182600255370456,0.0434273685024899,0.000150637142887,9.147691642420422e-06,0.2193670468223931,0.0076537996821837,8.721020736457473e-05,4.428514226370042e-05,0.0004025648830187,0.0002156011069086
1135,0.0187393712700166,0.0112272256244105,0.4088819258675412,0.109512872579594,0.3635664794640463,0.0138604186697701,0.0703711810883664,0.0239350457489117,5.892522416623683,1.1484712679765676
1136,0.5388564151652502,0.0197082508754973,4.465843894759736e-05,9.354014817413197e-06,0.1354351250007849,0.0146251532298603,0.0001986461530692,6.744494188146537e-05,0.0005824625467958,0.0002722216514354
1137,0.011074404038372,0.009276211565118,0.3939711197907933,0.1487790213234044,0.0869503084775625,0.0433945531164406,0.0218362095810614,0.0124668931075049,0.6542806474892526,0.1798168703477395
1138,0.4978489331896489,0.019215261371694,8.203979534531372e-05,7.362155926476744e-06,0.1622987558951849,0.0078732141922763,0.0001037217294552,3.5431194459986484e-05,0.0004416970470093,0.000215118427882
1139,0.3243340141273569,0.0419352651931113,0.0001758759173263,1.3115074228754984e-05,0.3877336424126601,0.0053093202700774,4.943214777716337e-05,2.159386221340234e-05,0.0003708149753487,0.0001716972815932
1140,0.5077224473894872,0.0166451403969843,7.410795341899145e-05,7.10067175347464e-06,0.1562920202797487,0.0086430532953214,0.0001079087795558,4.147309705009238e-05,0.00037504052008,0.0002284181948888
1141,0.4907976334047477,0.0174405521201135,7.674633062602215e-05,7.949994081319092e-06,0.1558266819507288,0.0087882552933187,9.508088451506735e-05,4.284768215348512e-05,0.0003370148354444,0.0002250569388477
1142,0.1845525030213288,0.0361885619879016,0.0003502918793151,5.318622268574919e-05,0.3761383860937485,0.0058511160235271,4.454564137490442e-05,1.5178898699194116e-05,0.0002674595964835,0.0001431557443202
1143,0.5555677955466114,0.0139560315390683,3.796700722880881e-05,6.6353433558066266e-06,0.1280403976459035,0.0135206685807407,0.000202021877528,8.580188548594089e-05,0.0006519921732345,0.0003125036137332
1144,0.4584532893931282,0.068750738647021,9.752969920017844e-05,9.791291284132904e-06,0.1631040882987869,0.0085207365574068,0.0001651116071102,4.34430883829385e-05,0.0006443956085555,0.0002335745193729
1145,0.1704347411230096,0.0146394662365478,0.3190106764061562,0.0067019365670422,0.165877810804562,0.0277858606362397,0.0142958779349718,0.0061465026685755,0.6818856159872625,0.0069601326368467
1146,0.0125413481880695,0.0102297518449116,0.3384878564360877,0.2329033948373856,0.0401071976683695,0.0185530796571611,0.0242406516492516,0.0130786692128494,0.6411946268924408,0.2993273131106835
1147,0.4056050541780548,0.0403732546986318,0.0001816256467918,1.0159089894081505e-05,0.2418049512086049,0.0064927981236343,4.848760396383678e-05,2.8906826601699087e-05,0.0003399121335425,0.0001837237256233
1148,0.0085511612736144,0.0068443099251069,0.2414865596714918,0.0461153159395434,0.1070325658029937,0.0734251002828232,0.0200208901359338,0.0107710334674758,0.6103332620133449,0.0234154753838437
1149,0.1653575114977196,0.0126154534366259,0.3422780049070206,0.0097313346922878,0.1600163056739794,0.0752537112511417,0.0167719838931077,0.0075303723250566,0.6812051558982055,0.0100363880487035
1150,0.0137142217414857,0.0101611071070934,0.3959756502667926,0.0320397406148282,0.1293189060512909,0.0631545024794869,0.0198161479350938,0.0113718631586287,0.6146192397514716,0.0258666302037601
1151,0.4338020607569526,0.0258783496603529,0.0001405543825415,9.676268344578024e-06,0.1981830084544446,0.0063350490512827,5.556270324240742e-05,2.7447802099868106e-05,0.0003221084714715,0.000181287389737
1152,0.1983673955721953,0.0394588236501173,0.0008038835848017,0.0001371806072217,0.4996712911876562,0.0071757689231855,8.409971269627184e-05,2.007535812180846e-05,0.0007501636881044,0.0001674422748158
1153,0.0108488808223219,0.0084257447084924,0.3117851791926664,0.1802648519184731,0.1212749393975951,0.0297082204792193,0.0349590289210347,0.0170758312482843,0.9431553571207096,0.6915420720310114
1154,0.0107869837278183,0.0083918288578343,0.30356744139434,0.1828906624738948,0.0829087903057312,0.0208874980563877,0.0342415108926051,0.0166744218635621,0.89153851631385,0.6628684337652447
1155,0.4517498594558771,0.0279593226370379,0.0001163830610038,8.157845738969234e-06,0.167115923231599,0.0066460687222858,6.4626801631161e-05,3.42732643599879e-05,0.0003145661490845,0.0002069969756453
1156,0.0145663801769891,0.01205608135558,0.3227394926375723,0.2420967734802262,0.0370450348813347,0.0170988141767175,0.0269675585362839,0.014171108548709,0.6836391354237867,0.3342365937312266
1157,0.0175796508613228,0.0109484682985876,0.4016650191563103,0.1108530225216952,0.3617826582844385,0.019249135983246,0.0669791081917427,0.023628190898041,4.95195772701336,1.1267866167893192
1158,0.3874729644415607,0.0534104917714554,0.00022936954204,1.1065963187444884e-05,0.2635517729769166,0.0064112831076465,4.262447526478249e-05,3.088061507381282e-05,0.0003498858796584,0.0001794214578248
1159,0.1856116408231417,0.0121268279039783,0.2481557041084043,0.007748946962507,0.2239461023647058,0.0664344290504454,0.0168848649842389,0.0068879182682323,0.6652188057583408,0.0081086127556757
1160,0.1737047224697656,0.0110331536143943,0.3349736676543643,0.0110378268518871,0.1096850535165811,0.0230787387085326,0.01841000354316,0.0096093639869153,0.6322469475544447,0.0119166016162396
1161,0.0129681001282604,0.0113454019906072,0.3419798596274088,0.2446684323768977,0.174364695327207,0.0915261926990285,0.0217385100158093,0.0129857077189641,0.7081841951681143,0.1804539099184887
1162,0.398807917144041,0.0384088271170752,0.0001983337325609,1.050892391148299e-05,0.2522124488865906,0.0048043868192639,3.670738124338913e-05,2.0896183696064447e-05,0.0003796369808351,0.0001681276054506
1163,0.4303387490116586,0.0388417644733381,0.0001461464246614,8.652463629190123e-06,0.2069929489211657,0.0071336187224449,7.315231477076676e-05,3.80831075179796e-05,0.0003559492120527,0.0002067103937154
1164,0.4383916378610832,0.0414548846376915,0.000134535849819,8.11126589343684e-06,0.1912814102022053,0.0077833108836813,8.892057956453673e-05,4.824839360403021e-05,0.0003157730396166,0.0002258945152819
1165,0.3874339201179604,0.0495065730076929,0.0002201636001901,1.118771374351547e-05,0.2614302811118905,0.0067999895332731,6.546409916579848e-05,3.340580978557445e-05,0.0003413682557469,0.0001816715502643
1166,0.3078574500439102,0.027191975593151,0.0006847878654169,0.0001601488951128,0.4175964596704517,0.0095906112766894,5.774248235956638e-05,1.2780110067447731e-05,0.0007324485395355,0.0001988983353985
1167,0.4433610563093346,0.012147503611172,0.3125959886760589,0.0164128545323028,0.124049641586445,0.0544174046363933,0.0183176645876298,0.0096029458943283,0.6449590495116204,0.0170639159602896
1168,0.1770680784303844,0.0127795923226587,0.2646501138237216,0.0063880895998877,0.109918850947685,0.0484517655914311,0.0166992947784416,0.0073179239601297,0.6688328081059223,0.0067229351671598
1169,0.430388395055803,0.0346553816385744,0.0001440878488667,9.08355767014218e-06,0.2066207578178891,0.0070535996969585,6.84281032585538e-05,3.707042509980736e-05,0.0003365196721521,0.0002029519585009
1170,0.4727760818972451,0.0276675638286424,9.78314436914172e-05,7.432788012600017e-06,0.1647000188115068,0.0081560208026285,7.963680711477338e-05,4.762133772102024e-05,0.0003039811621484,0.0002333592435109
1171,0.2442128384273745,0.0149104984222062,0.2601430334971637,0.0055311577412537,0.230293124739985,0.0231653959742016,0.0151712248498806,0.0058895106208781,0.695885663296398,0.0058117021026436
1172,0.5400020037772336,0.014757003456315,5.072560564939148e-05,6.6486340582183895e-06,0.1401435149909498,0.0119898009726042,0.0001689211530996,6.723670454582144e-05,0.0005862212175961,0.0002774010594876
1173,0.1458416533860486,0.0117045061865188,0.2479431618987602,0.0080602413286191,0.1250885197113998,0.0519066412033632,0.0154206372570862,0.0070414086554578,0.6173452841978315,0.0085433852790282
1174,0.0252618102287744,0.0012283182641849,0.0134865087517135,0.0052412001641076,0.3763404845770501,0.0101891024939425,0.0001685422368276,6.584173020782969e-05,0.0133452687865948,0.0052377358791619
1175,0.116470944659461,0.0117290369450479,0.4172454270390148,0.0071930991643098,0.1451950539704676,0.0634579268668516,0.0158584881984301,0.00719343377991,0.6518157839576504,0.0075468979243632
1176,0.4933054014070287,0.0168845143584168,7.06089384012046e-05,7.831290105582491e-06,0.1513497130232059,0.0090089302244358,9.861959870106744e-05,4.376023706319733e-05,0.0003430599282591,0.0002282526808221
1177,0.0126816498197666,0.0093633914971573,0.3503440081776442,0.1311205224293674,0.3423257939324008,0.0550318535685977,0.0500042928511603,0.0204107401418818,1.4861345224766165,0.9534925762044932
1178,0.017331842713552,0.0159434601447537,0.3060273045593056,0.276383883422213,0.1407975099008611,0.110642391530755,0.0204524231463998,0.0131501101219217,0.6942124183022,0.1830720057117293
1179,0.4424229463233933,0.027074931103401,0.0001135813341441,8.430080912459577e-06,0.1686961963678911,0.005615136185703,6.944482129466805e-05,2.5307802841204385e-05,0.0003366071358637,0.0001861414837164
1180,0.4139345099768717,0.0105355246854326,0.3109634411935417,0.0123176199546663,0.1391349763022596,0.0554888309128142,0.0163925716465991,0.0083622835112535,0.5955160833476854,0.0129814931180378
1181,0.4825837131962824,0.0642221177403164,7.742649490529185e-05,1.0492462014533231e-05,0.1607195523457715,0.0099553132009443,0.0001217332817721,4.003458850562624e-05,0.0005650605248337,0.0002326716832131
1182,0.0150282533374583,0.0134149480727397,0.3212430091413995,0.260235691010145,0.1445254117626617,0.1133452183717756,0.0188925069311694,0.012108434292444,0.6601430716089308,0.1542007078215193
1183,0.4204477122977993,0.0449134456854248,0.0001599802574261,8.930866806027162e-06,0.2205485263360107,0.0054974036794098,4.484957592676199e-05,2.9787950485885583e-05,0.0003416548096639,0.0001863094762579
1184,0.0909497982500886,0.0126532858827026,0.2415516279368517,0.0042430163703481,0.1274723058358951,0.0630297408393655,0.0149899353524343,0.0062263840512163,0.6707903827637944,0.0046766153819967
1185,0.4152678771187389,0.0441451171583935,0.0001670577037002,9.137061836564278e-06,0.2254293452159323,0.0075130091676071,7.097523068635041e-05,4.074694106347561e-05,0.0003365432140463,0.0002089422193181
1186,0.4393631301454256,0.0371245632059602,0.0001339138853777,8.132349303201251e-06,0.1897592270108656,0.0058043413880389,5.953456535370666e-05,3.200077841436567e-05,0.0003362090565993,0.0001965306209935
1187,0.0097508317526992,0.007764706882708,0.2346213418010672,0.204847172350414,0.0220797881526643,0.0131510743482141,0.0228688041857861,0.0120911900989064,0.5708651317199652,0.2915864972133922
1188,0.4781566625676788,0.0193629202532862,8.239729437614072e-05,8.19922487362586e-06,0.1610204040725524,0.007375969712332,8.795323339914646e-05,3.1565049914576494e-05,0.0003596780102204,0.0002058291923139
1189,0.4547259679462461,0.0336789345270767,0.0001156850656496,7.650120592988018e-06,0.1648608341203159,0.0076189095822539,7.291506683579503e-05,4.725472499409847e-05,0.0003034466716682,0.0002314974652602
1190,0.4276133981080302,0.0373546165555638,0.0001333174465396,8.734953104442252e-06,0.197160381802528,0.0073715886708328,5.944723257067695e-05,3.771157765480224e-05,0.0003209784603292,0.0002072452813905
1191,0.4781662004191955,0.0808524792863936,8.776503264503301e-05,1.079783950032672e-05,0.1621867583808635,0.0089823586736649,9.505422967761116e-05,4.671355963385427e-05,0.0005781578423986,0.000242306247553
1192,0.1463252147520773,0.0096738924916529,0.2454214289648253,0.0115413365503915,0.0815076959989324,0.0209165802804429,0.0186893453883659,0.0091610698292294,0.6259674091268305,0.0122381960253559
1193,0.535112103674141,0.0128999917763736,4.958299658394e-05,6.75743736697807e-06,0.14164777857732,0.0103817307928191,0.0001123135537998,5.815852606915503e-05,0.0004622183559701,0.0002637907144348
1194,0.4140466355058209,0.0409580679855677,0.0001695858119689,9.269961105879536e-06,0.2303131329828121,0.0058719952193329,4.592125146997939e-05,3.108942540794089e-05,0.0003666168340874,0.0001902012203793
1195,0.456392555597754,0.0256811142822878,9.921848997371584e-05,8.234025424270517e-06,0.1610049390127307,0.0071528288068734,7.549559715442703e-05,3.513578658377295e-05,0.0003278721758609,0.0002079986872975
1196,0.0144851900257527,0.0099905862435718,0.373977249236862,0.1196558193345184,0.3483035068716793,0.0444224566081847,0.0567987112299555,0.0219514056909812,1.9946916423850327,1.0324620700774871
1197,0.011054115268087,0.0086311113973501,0.2519374894126737,0.219182510976211,0.0198359724833618,0.011288853762319,0.0261164451173596,0.013242899293148,0.6173101082603651,0.366234744201311
1198,0.4563028726057072,0.0218880782843902,0.0001120964892866,8.933991187875003e-06,0.1662649388559239,0.0068373209595445,6.845508548830061e-05,2.727891659132842e-05,0.0003426127531609,0.0001935103959033
1199,0.0125113957411386,0.0093690305586187,0.3553423355689573,0.1315810257615389,0.3391714077188102,0.0614288908567799,0.0495068851181433,0.0204065575387031,1.3611154184296224,0.951969299559615
1200,0.5566564889954956,0.0168217866814694,3.1970595083640324e-05,7.044692403897394e-06,0.1254054158059507,0.0146145311636641,0.0002476331132955,9.709195869748782e-05,0.0007051654146454,0.0003314286570376
1201,0.0825011914506096,0.0110183549842757,0.2976801334553649,0.0164880438585546,0.1195544594819297,0.025814994642812,0.0185689771853779,0.010015422911529,0.5808655235746909,0.0176200848597972
1202,0.1424046052252708,0.0116787224343171,0.2796478546883116,0.0107273568786387,0.1257268046968728,0.0557590445351742,0.0166768104057673,0.0072091867161396,0.6173766642705508,0.0110476855218982
1203,0.0105370406997155,0.008466240132286,0.3193757113330707,0.176172862878511,0.1242529788139268,0.0369839205931018,0.0234158979561215,0.0126995390589522,0.6140686608305456,0.243283437441667
1204,0.223728320358913,0.0331498622531951,0.0012032383137834,0.0002460889418108,0.4021439848898216,0.0068040216144906,9.603018100907722e-05,2.391795428819122e-05,0.0012852175093059,0.0002644951118422
1205,0.4826821311836639,0.0362944942442422,8.11279169084255e-05,9.1136303590833e-06,0.161618951108015,0.009568976568726,0.0002155751311666,3.8796712219178144e-05,0.000783630893571,0.0002281072316128
1206,0.1721249111039592,0.0098444640128305,0.3786572378036058,0.0190205250678836,0.0880964244796789,0.0221680685817707,0.0189028833853563,0.0094988894547203,0.6198761568639541,0.0197591455989372
1207,0.1076873773174377,0.0145857701138044,0.2844784132438966,0.004432360865879,0.1949587401817412,0.0658969575496965,0.0169328832265438,0.0068015564688358,0.6976675907069299,0.0048112649629192
1208,0.3979680813026996,0.0435762563294582,0.0001728400670189,9.80179501536328e-06,0.2393674807636499,0.0064906640183841,5.655381084530285e-05,3.2019179990858785e-05,0.0003477726385186,0.0001903125843101
1209,0.434516621959962,0.0397722354286642,0.0001387976498546,8.27796458774349e-06,0.1995340533022405,0.0069352177976219,7.241644829607694e-05,4.112942539824816e-05,0.0003383641372018,0.0002159926562527
1210,0.4477521116190146,0.0324195223523326,0.0001276449488415,8.143113936606938e-06,0.1888251334289404,0.0055724392885661,5.491508273174456e-05,2.908038000977356e-05,0.0002894176871283,0.0001908577399047
1211,0.4517467263844619,0.0298519999771323,0.0001143360323453,7.964960742622231e-06,0.1653124918255901,0.0065841168214276,6.357909459559071e-05,3.3823350019256266e-05,0.0003275891170536,0.0002073059466793
1212,0.168558676973963,0.0131231919725014,0.3852813034208516,0.010372124650744,0.1356714265648951,0.0301896824229033,0.0162121761551196,0.0094296525697314,0.6427219337473158,0.0110055833184741
1213,0.0272938220299447,0.0102362158958286,0.5963619160634727,0.0166668087335555,0.141366025850558,0.0326690294936179,0.0197648212632969,0.0108800036686,0.6429611333286219,0.0146178603561237
1214,0.4757594584762255,0.0262026191505984,9.58786585842567e-05,7.369387713640031e-06,0.1646760821819262,0.006790502381843,8.223027383221678e-05,3.609561669151637e-05,0.0003446738715253,0.0002138714962225
1215,0.0862248751670044,0.0092646212014866,0.2675341772680386,0.0179589381592365,0.0964670485420811,0.0257351380561907,0.020763121369727,0.0104541312464369,0.6310320758141853,0.0191699516580086
1216,0.0099322730980993,0.0080239583113804,0.2573386274214531,0.2147239463147458,0.0148394163000967,0.0085753151846749,0.0255230895696407,0.0135428595017468,0.6579956757615134,0.4004652060420526
1217,0.4012975079526742,0.0467576273347252,0.0001693839468837,9.661251984305112e-06,0.2364147365337464,0.0056784976355094,8.83573189302021e-05,3.121859104693419e-05,0.000359654467241,0.0001910496239126
1218,0.1802507696398865,0.0310762110677012,0.0001777715198232,5.7094742294993904e-05,0.4621468561185222,0.0106170669119403,5.5244501911111314e-05,1.1798598861997718e-05,0.0004481580296834,0.0002035355295249
1219,0.3595693373479869,0.055215048014717,0.0002937181719889,1.3247593019073528e-05,0.297723483026246,0.0058476211821149,5.05734388882334e-05,2.8253994044860475e-05,0.0003156814924045,0.0001686816346943
1220,0.0102655041307204,0.00817942818384,0.257903302887342,0.2091122190301189,0.0150557215274948,0.0084580170334545,0.0254119913407564,0.0134691720856474,0.6537466443113849,0.3892793531256633
1221,0.0244793495483539,0.0113729755477115,4.956152710342185,0.1122588015285761,2.86584857346906,0.0075579680114257,0.0842383290954126,0.0235311833721587,128.31689036748466,1.1467086016416677
1222,0.1002704120740276,0.0110626005081815,0.0009621957861757,0.0004881539423118,0.349285860196965,0.0216377876477798,0.0001231493891258,3.0121986053077672e-05,0.001030123723265,0.0005622751827361
1223,0.4841943557393776,0.0207690763289482,9.060359515463788e-05,7.66880091623509e-06,0.1630484070791114,0.0073140871813098,9.130256523083424e-05,3.443898974685497e-05,0.0003585941564546,0.0002113323661738
1224,0.5277977838103943,0.0143624116535999,5.929253999565485e-05,6.51631532687554e-06,0.1440724251601118,0.0095578845327784,0.0001164696483441,5.2288143516254e-05,0.0004499125276618,0.0002499397549394
1225,0.4658438088961214,0.0291164387258241,9.503074846587224e-05,7.4407863934220656e-06,0.1615619385191558,0.0069379987970785,8.381535043682192e-05,3.709853264035435e-05,0.0003473134023625,0.0002146521884714
1226,0.5185088321907897,0.0283658523254977,5.749190212100438e-05,7.24483860906007e-06,0.1448579035244711,0.0099919552370338,0.0001497944221146,6.002882292423914e-05,0.0006171855801981,0.0002709358313706
1227,0.0107550732142214,0.0087388529896819,0.2565323268581925,0.2192709538086337,0.0255068375423937,0.0149637348327639,0.0246766449443759,0.0130714747618295,0.6326972341546184,0.3250109808070941
1228,0.1615029544432597,0.0233374576709517,0.000382110130269,0.0001068055525706,0.3891856196732857,0.0048228925592338,3.1123940795247465e-05,1.0853481672568145e-05,0.0006282612571397,0.00022535873651
1229,0.4422776435647625,0.0243850933898413,0.00011287734947,8.952773809585308e-06,0.1645720115904174,0.0079315346202942,8.370186321593306e-05,3.682180192563502e-05,0.00029546067064,0.0002065837666593
1230,0.4330595354700874,0.0350459385168911,0.0001436243129527,8.649593707238491e-06,0.2041666858382255,0.0073610469063403,7.322249422545353e-05,3.86178881169645e-05,0.0003512039051531,0.0002118592752611
1231,0.4422439248250657,0.0300284593513756,0.0001133509959671,8.155660598110838e-06,0.1683782365067389,0.0060822444621306,6.609803352933812e-05,3.056394851695099e-05,0.0003266743306384,0.0001986035895493
1232,0.1673479601216158,0.0119119513939966,0.4942522585008832,0.0364736868429785,0.1207039886249261,0.0442749609034473,0.0249616507568842,0.0111608183287591,0.6551909334009377,0.0372729808716373
1233,0.5071606643228628,0.0184354332068318,7.342090745534126e-05,6.939267887860493e-06,0.1527575534381398,0.0104511764292704,0.0001431986845129,6.762307510364856e-05,0.0004678232093286,0.0002742340253296
1234,0.0430807028249549,0.0088535161736805,0.3226525214891012,0.0088883514634461,0.1099196347882782,0.0284506839153958,0.0197532432642107,0.010516467892041,0.6535242712739829,0.0081627184247603
1235,0.0114534303049166,0.0092752122460793,0.416456521789298,0.2816513365193282,0.0662353351894975,0.0189370889179876,0.0251996802415396,0.0134758545550687,0.6459379440587657,0.3250920956782334
1236,0.4523000157840699,0.0396504784267558,0.0001037012426021,9.10746146198904e-06,0.1654666146996602,0.0088085540789439,0.0001517579509622,3.777381817851354e-05,0.0005878109488665,0.0002180189005135
1237,0.3778289830197722,0.0487502116743022,0.0002555019249874,1.1877725185278355e-05,0.2760117447167968,0.0082017283585247,8.422162849071495e-05,4.16471142114572e-05,0.0003816552342498,0.0002030347709627
1238,0.0089668718146479,0.0072704592244618,0.3124174935841047,0.1260644369719863,0.0789821710544669,0.0477298440078881,0.0216067518769425,0.0119028543955742,0.6326794804426589,0.0976100005231326
1239,0.0200593597457419,0.0114254879534116,0.6386141379701005,0.1090609849400012,0.3614679221786965,0.0113173282116127,0.0741944451934195,0.0242741028033487,13.378177146613684,1.1607999092492662
1240,0.0116628699885327,0.009877502654734,0.4713875039440003,0.0743974848587486,0.0917905868793737,0.0412312629189859,0.022315550552157,0.0125735397235774,0.6081566815978493,0.0686290570436735
1241,0.4303579802252016,0.0368857147275473,0.0001487890960715,8.824074376893877e-06,0.2099369044155523,0.0066643627532896,5.399025961741089e-05,3.311994362046125e-05,0.0003422823761397,0.0001962289092752
1242,0.0242427910216346,0.0112119734482199,4.079843265394112,0.1127128487287323,2.288778122128903,0.0077414187094574,0.0831998772919243,0.0232041446260283,110.94314298177356,1.1408672859626352
1243,0.5636327282162416,0.0125432435673041,0.2929901437896631,0.01830873713731,0.1483487710408219,0.0640048662595726,0.0197060615806701,0.0102378813113816,0.6704400029235073,0.0189784189706542
1244,0.4487141394775333,0.0262412441968031,0.0001055443420059,8.218113068428379e-06,0.1607864811689658,0.006150523394406,7.108081262249487e-05,2.881889955666113e-05,0.0003216108714313,0.0001952024995174
1245,0.0460933560626964,0.00755158944402,0.3452059378961456,0.009100719857595,0.0914906126671256,0.025027570607828,0.0186947437630961,0.0091523209606673,0.5871789557258678,0.007167264451968
1246,0.463958812643266,0.0245666248194578,9.476214291951342e-05,7.757509180979226e-06,0.1610288541711292,0.0081769458133563,8.559814352013653e-05,4.559717418434755e-05,0.0003221793639554,0.0002275494658021
1247,0.0103897467967939,0.0089051768572329,0.7503537564168006,0.3543347521797769,0.1995169200916559,0.0790621674761613,0.020103852028559,0.0117294042269891,0.5934328931187473,0.2173424216882439
1248,0.0096652815146625,0.0078819900711212,0.3154738580221911,0.2275256021260697,0.0516878947300537,0.0136296508627737,0.0227269934193423,0.0124393912406427,0.6051321836364432,0.2905369550275261
1249,0.1063539484883816,0.0084404079836061,0.2514564641734732,0.008076414461614,0.0900582305470371,0.01878963704405,0.0181319249630228,0.0089876792491486,0.5630708569931204,0.009408746276897
1250,0.4263643389103054,0.0259542043069901,0.0001325937655299,9.855843219114785e-06,0.1953080535777927,0.0057003483974729,5.083058456530286e-05,2.3057146052408533e-05,0.0003417160401558,0.0001793880805206
1251,0.0095214246013099,0.007730287814642,0.3301777449726077,0.2235258735150685,0.0560209401625119,0.0169963615055831,0.0216495349334257,0.011909174443625,0.5807017326411681,0.2616134004732538
1252,0.0099287259647469,0.008660635917045,0.3161388321118288,0.1503393398818291,0.1321342243509962,0.077881231462101,0.0185444118577273,0.0111808039528771,0.5716725737623075,0.1571366616376561
1253,0.4625085414423707,0.0289330158057658,0.0001019004086808,7.673871061282122e-06,0.1647096715955415,0.0072583858919312,7.103790549909417e-05,3.802215644658738e-05,0.0003283074040552,0.0002149531799653
1254,0.5397024834628595,0.0104094158802738,5.027858291209231e-05,6.994638634339511e-06,0.1392531797901174,0.0116210545388377,0.000127713100885,6.302215168049711e-05,0.000481787057714,0.0002718916946775
1255,0.533513238165834,0.0129771851574409,5.618916686759209e-05,6.6974677485914265e-06,0.1446313169953347,0.0101771249635027,0.0001182675813813,5.574947502485907e-05,0.0004628824921361,0.0002571029403563
1256,0.0140432086412758,0.0097587667107648,0.3342810535162392,0.0212922148561103,0.1237253877991101,0.0544068221665476,0.0206804086754428,0.0116887118358969,0.6480754962257119,0.0181290726200914
1257,0.1314411871243717,0.0123738605044914,0.3036010189663181,0.0069337885744114,0.2351608349820724,0.0527551841285576,0.015955370434013,0.0069978736422477,0.6294611084422557,0.007387834541279
1258,0.5447092747530768,0.0149693345884666,4.637836024874624e-05,6.995296262627851e-06,0.1349967732392827,0.0125627001108305,0.0001821581370245,8.26445625171259e-05,0.000587946590418,0.0003098122816551
1259,0.1099142603297248,0.0116821408386627,0.2922782148021134,0.0069443139405965,0.1176087471842393,0.0198407276105332,0.0186400935420612,0.0097949432136141,0.637146592818168,0.0074705254319294
1260,0.5154791981353471,0.0163676232192339,6.699314655860618e-05,7.203936700038431e-06,0.1477847025187837,0.009409475366076,0.0001172381714845,5.377147592168575e-05,0.0003900341684976,0.000249107788574
1261,0.4541684862789845,0.0342997162832642,0.000114852218364,7.659506823030685e-06,0.1647495309201216,0.0067649632214414,6.159264189058935e-05,3.9199778199378095e-05,0.000317996418981,0.0002131479570277
1262,0.4914067092402756,0.0205731021894202,6.475818147587215e-05,7.402029921187381e-06,0.1457747122644869,0.0091612077298366,0.0001189244123451,5.817609828007405e-05,0.0005262258855484,0.0002681342154131
1263,0.0510244280834472,0.0012807059355556,0.0134908635246161,0.0052224798315583,0.2740252172749036,0.0123355295528686,0.0003144320969171,4.458959516224485e-05,0.0133405672710086,0.0052175986979327
1264,0.1489043072399529,0.0121356232070626,0.282760823989256,0.0084239467162374,0.1723829909804936,0.053098958511595,0.0163581914066263,0.0077994909203688,0.6214913974177901,0.0088992591549993
1265,0.5526832731475075,0.0135216082436145,3.937668728805768e-05,6.728256638758146e-06,0.1266745907057067,0.0133159548943603,0.0002004554443279,8.482564340265879e-05,0.0006119962205088,0.0003105926111488
1266,0.5204200999869688,0.0171204159470459,5.738828963519942e-05,6.4610088274239845e-06,0.1430497453535739,0.0097525589061299,0.0001138757625363,6.273732459153683e-05,0.0004335704756833,0.0002693937746769
1267,0.3922848007327537,0.0512344551769604,0.0001860876088984,1.0241427919816336e-05,0.2516865034740697,0.0056688665965252,4.6130548465608623e-05,2.873322583637878e-05,0.0003300596901111,0.0001780768527227
1268,0.4100465305037405,0.0373291998995054,0.0001731456758097,9.893959913375034e-06,0.2392274520816394,0.005182096937462,5.0702182300351217e-05,2.417882637915316e-05,0.0003472727021423,0.0001758307852569
1269,0.3782397953630078,0.0507164568433247,0.0002502165658325,1.1659879097749809e-05,0.2725101882243973,0.0067843206874766,6.094904346612271e-05,3.345751096478344e-05,0.000376140026391,0.0001856110230028
1270,0.5002079232016865,0.0190016807317104,6.82513150008231e-05,7.192876613492896e-06,0.148816905693093,0.0086830214045741,9.898309149187352e-05,4.791061324210328e-05,0.0003954496571074,0.0002425168118578
1271,0.2285369751246917,0.0336678154063547,0.0001111440260033,2.1039037919597092e-05,0.513145282706171,0.006130744035563,5.506932213236386e-05,1.7710477768635297e-05,0.0003905339407386,0.0001864636178746
1272,0.0685167871344831,0.0094839395983328,0.3413031178840569,0.0710767726842944,0.1331248121878717,0.0502761523744621,0.0385874270144153,0.0105926276949614,0.5971458895221132,0.0735321045802627
1273,0.0400040853624353,0.0091844165260506,0.3139722846856773,0.0504315652323722,0.1044197514571627,0.0650367381760196,0.0263397858791846,0.011290210895601,0.6210781692715125,0.0496500384142691
1274,0.0402637124512842,0.0107968736956678,0.2930073066178055,0.1471039897201514,0.1212763077037345,0.0669728475129047,0.0331818947840294,0.0112799164202714,0.6250588726290907,0.1504838132399004
1275,0.4499437685814915,0.0266749667574393,0.0001089198293927,8.304431415460466e-06,0.1675080389028722,0.0070493691204257,6.657599472429914e-05,3.553026974833505e-05,0.0003154223925127,0.0002093386728903
1276,0.4235511532073009,0.0327394040925273,0.0001549705250817,9.499545410599817e-06,0.2188314177303524,0.0042188375818216,4.831120291912226e-05,1.8775494702536347e-05,0.0003556159281019,0.0001669475629607
1277,0.010160503746214,0.0078985905851004,0.2644042691541946,0.2161857736087476,0.0141889256594538,0.0086703133984062,0.0272337072479195,0.0138247662464806,0.6888279373621131,0.4038000628223648
1278,0.2701010522862889,0.0104696839770248,0.3170904006888926,0.0397729757156172,0.1238098507531522,0.0443689949469958,0.0239613452739696,0.0101312218276006,0.6106798263158201,0.0400929772613705
1279,0.0248011794305963,0.0115160956891244,6.437420447417135,0.1118593057130903,3.822714786718378,0.0073993940404115,0.0853584774160661,0.0237370556557356,155.85832161761036,1.1555661026591544
1280,0.0126114988279272,0.0111558075363502,0.3826315360646745,0.2134055935388319,0.1170810089361715,0.0571905540493372,0.0218596649907695,0.0128105762448184,0.6399873614882426,0.1821910148534669
1281,0.5314851830073116,0.0155894362972048,5.0607755570077606e-05,6.462670983960923e-06,0.141815325661888,0.0101766990968456,0.0001227300435476,6.440220127751035e-05,0.0004458669629582,0.0002773148125891
1282,0.0107228757386684,0.0082973512746855,0.2955163858653036,0.1913308408494487,0.0555552329808591,0.0133127302756501,0.033076900414117,0.0161426071342231,0.8452391932008007,0.6276754781265501
1283,0.0118061791481976,0.008903565849624,0.3349083788446376,0.146797922173254,0.3087626503675353,0.0468168539178333,0.0430468071986436,0.0188509614191586,1.072331934659709,0.8573091504917364
1284,0.1682586214113935,0.0111478004853002,0.3143294575457,0.0179112794528574,0.1020611175660413,0.0347918283263087,0.017643741139713,0.0095936878532287,0.6082289725895543,0.0186473628474114
1285,0.5305874900304145,0.013129716008938,5.753373536773154e-05,6.556587844193053e-06,0.1431484034298958,0.0101893696280627,0.00011374993594,5.917477142849046e-05,0.0004038805690571,0.0002643192262553
1286,0.1301278180263153,0.011802672597362,0.2825949658511026,0.0066950759338605,0.1423814000420628,0.0421533292788611,0.0147961889842001,0.006580335643418,0.6569742436279082,0.0071135411966028
1287,0.4427888587538521,0.038459561983328,0.0001319577333814,8.025194790243397e-06,0.1893272946894848,0.0070632113660023,7.575850198398402e-05,4.328819477418759e-05,0.0003051314280373,0.0002180706492351
1288,0.384690921175717,0.04712940475015,0.0001960656035706,1.0687233486886146e-05,0.255871554280812,0.007083925751228,7.013859080068348e-05,3.4235810196113974e-05,0.00037925221359,0.000190096430305
1289,0.459395463845195,0.0279109473947917,9.696263041917548e-05,8.027872205203764e-06,0.1636696379126421,0.0070564671713799,0.0001073154463229,3.5050535419725664e-05,0.0004423473695419,0.000210901660335
1290,0.0105391185325962,0.0088557901485776,0.3690532034196546,0.2715360822487454,0.0666545731876468,0.0203854530572263,0.0229019138316096,0.0128645952668575,0.637893400467686,0.2874257490884537
1291,0.4365827829367538,0.0304896973720832,0.000137306581014,8.979851821344436e-06,0.1968017217104696,0.0058202855591003,5.367523603923724e-05,2.628853884514336e-05,0.0003447431866054,0.0001857397977369
1292,0.5073096992670257,0.0186655976619971,7.396268214338256e-05,6.777878613605143e-06,0.1555453876718349,0.0081205858565791,0.0001121963944619,4.271293484448713e-05,0.0004094784778505,0.0002311163308558
1293,0.404969140998175,0.0390850916990084,0.0001626855678232,9.792440576663507e-06,0.2309997950489176,0.006681369964353,5.904098311258466e-05,3.0555367510454375e-05,0.0003557908857409,0.0001850654437063
1294,0.3891855800902947,0.0434455329914808,0.0001863604027498,1.0452471670415816e-05,0.2534518361212194,0.0067298782150559,6.213058783655212e-05,3.492055789017206e-05,0.0003592552672327,0.000193393866883
1295,0.1369560577885829,0.0119827535083081,0.2689662803208628,0.0088757561035795,0.1371972687672784,0.0574231837239034,0.0164053729332576,0.0075643607097861,0.6142564551809047,0.0093363328775484
1296,0.1827587547192052,0.0169210278168062,0.001341396404862,0.0005157627601875,0.5021830120572723,0.0194719811135739,0.0001522121744237,3.635924054208459e-05,0.0014047962080473,0.0005461279371887
1297,0.5345967290628506,0.0151700146949929,4.819897530442703e-05,6.287444939176405e-06,0.13504449789156,0.010396868959738,0.0001333922894213,6.85829492343486e-05,0.0004700618689377,0.0002847030409978
1298,0.4809790469451425,0.0217426466017433,8.286009117180779e-05,7.32734197933209e-06,0.1606876350041482,0.0072248826330775,9.216780691808031e-05,3.553815679359357e-05,0.0003326804122788,0.0002131045604954
1299,0.1787358077469814,0.0116612857053033,0.314234869256074,0.0455520605906257,0.1372176140161786,0.0232010213370905,0.0277473151961612,0.0108091558473582,0.6223853659586495,0.0464595406847557
1300,0.0186669131727689,0.0111622835632259,0.4068360661279567,0.1098309376588065,0.3619523262145412,0.0145266329862463,0.0701351689199614,0.0239199701470598,7.325817089988511,1.1399780829919888
1301,0.4173091803669985,0.0360384243638543,0.000165248398019,9.50532759096247e-06,0.2245850771657529,0.0052920109012233,4.429266974779006e-05,2.431712648968106e-05,0.0003561091000234,0.0001761499820188
1302,0.0093417773208735,0.0077627744753808,0.2915763748346697,0.1881998282241241,0.0386469038877152,0.0130973561783888,0.0216955434603708,0.0121188150495048,0.6078626538750196,0.2677125509241475
1303,0.5107836505125469,0.0234019027362928,6.414717127075751e-05,6.87134500098214e-06,0.1461083385689769,0.0086461736346885,0.0001622956794165,5.281458690927071e-05,0.0005903692729529,0.0002579867010361
1304,0.0096003830158086,0.0076251319761281,0.4218724815648234,0.0495028629597419,0.1231495257458015,0.0835206757168405,0.0213769025099827,0.0115421010545019,0.5938686168744305,0.0485739977524814
1305,0.3787135254099055,0.0460755921412951,0.0002474256714495,1.1875921497227122e-05,0.2769074821716619,0.0061814730357292,8.249439511311825e-05,3.0337224577800168e-05,0.0003741610344605,0.0001788827953384
1306,0.1440528995757455,0.0123733329544368,0.2471564589478348,0.007585079465312,0.1359133678643367,0.0628522192305138,0.015868364919082,0.0070101765084031,0.6469882967067128,0.0079273220076576
1307,0.0132014008933585,0.0095682040903395,0.435430630831513,0.085628955116208,0.1771962685166754,0.1109983470877608,0.0195414724186741,0.0115875778596101,0.5934279730870368,0.0639596661917328
1308,0.4467804320609096,0.0318794582333899,0.0001245195394402,8.148827185910552e-06,0.1768411269163533,0.0064745112369802,6.19761937264824e-05,3.209770967830858e-05,0.0003074059277522,0.0001954818697936
1309,0.0140922576387608,0.0114898275456453,0.2610655076447268,0.2221142486282191,0.0454427502568406,0.0231200683126319,0.0233944449951683,0.0127415172404423,0.6161750695964497,0.2494035703282391
1310,0.017661776319698,0.0109635068118426,0.4035576942281747,0.1106948570966462,0.361895687891236,0.0185428194644884,0.0672060102076907,0.0236363753185252,4.91768960670409,1.1293042890666516
1311,0.4132408631564204,0.0422384449447229,0.000170988858692,9.436026922167833e-06,0.231383702320532,0.0057741229895261,4.2227728993074016e-05,2.995078001090528e-05,0.0003405239205599,0.0001855337686539
1312,0.0105204628914562,0.0081048277983662,0.2803250857270801,0.2109921801539641,0.0142025640971351,0.0077288483160809,0.0305769612493268,0.0150947804598186,0.7693977363280893,0.5236067344274344
1313,0.0106711013896235,0.0085638075422592,0.2475297002161621,0.2162662640941497,0.021798325369673,0.0130361493480822,0.0242410761986002,0.0126534154397883,0.6092785908700483,0.3213967004319599
1314,0.5007910248503151,0.0164975020757279,6.937772866830851e-05,8.077124363125748e-06,0.1517202552334326,0.0101617969634529,0.0001389580117864,5.310421677451271e-05,0.0003972803995894,0.0002450445458091
1315,0.4119732020090292,0.0490146931400152,0.0001509390662032,1.0454539203506169e-05,0.2198960873692038,0.0074376766322047,8.09534213889231e-05,4.167863613528897e-05,0.0003485217494273,0.0002110492286196
1316,0.5136258141958188,0.0154315979770845,6.905938280627643e-05,6.998240829128891e-06,0.151811159148458,0.0088038263900213,0.000108697821312,4.3371405371233904e-05,0.0003955048470398,0.0002301868198848
1317,0.0092699656347174,0.0074036390471039,0.271655089425573,0.2124757642661361,0.0379436277492459,0.0103863349039655,0.0233919456228554,0.0125788714012783,0.6435866146718913,0.3096310237274075
1318,0.4705024148789549,0.0190570687873744,9.021032844864912e-05,8.740649678859131e-06,0.1607665712517268,0.0084604899649108,8.64526651824182e-05,3.5513100301256616e-05,0.0003176181179361,0.0002061601385635
1319,0.4522388929175314,0.0251885315314968,0.000114716371034,8.771332013452331e-06,0.1634942502526813,0.0087140801552522,9.506093767423764e-05,4.838716664266309e-05,0.0003441780044727,0.0002307203932355
1320,0.0338428368596855,0.0077317827993915,0.3076882922386258,0.0475941503697965,0.1125239978540871,0.0754038079966451,0.0228854822591081,0.0102915849741407,0.5589272309699175,0.0440544001577606
1321,0.1187167567036735,0.0149733885785257,0.3288162387046279,0.0051790640471608,0.1326896479791992,0.0583271310992274,0.0163773065599405,0.0070522001873466,0.7036285046986529,0.0055352324869634
1322,0.4432681430062279,0.0338611551062164,0.0001128928095037,8.081062447047737e-06,0.165195570577645,0.0059954971892336,6.479465203516729e-05,3.200779399675952e-05,0.0003224898230295,0.0002000041599543
1323,0.4648911313302162,0.0230724440894147,0.0001047525241056,8.594051667784954e-06,0.1643550072062796,0.0076098573429864,7.736796135974528e-05,3.4613877052979927e-05,0.0003129598067909,0.0002046107043417
1324,0.0109323673635476,0.0084252349156286,0.2999244771639128,0.1888237569507918,0.064257974990791,0.0128646259122895,0.0340598313523066,0.0165125071352719,0.8701050953833731,0.6594721152418747
1325,0.4471310705356565,0.0634607855149418,0.0001109317266518,9.852593723108876e-06,0.1621735138943445,0.0085255077742535,0.0001829069449948,4.019000684542795e-05,0.000660857706996,0.0002234420550122
1326,0.1079414402367402,0.0087577507038291,0.2706644734057516,0.0122591027266433,0.1041051413702175,0.0159819853687549,0.0190268342554551,0.009358727830412,0.5904171468942325,0.0131200355789301
1327,0.4708293294163947,0.025809731850599,8.838401543837778e-05,7.996422554517531e-06,0.1615046222859051,0.0072708861680145,8.47218096192672e-05,3.499186907099519e-05,0.0003267108183589,0.0002117603012721
1328,0.4823918463587604,0.0198724042708674,9.21779155342536e-05,8.996528113437349e-06,0.1648994058803377,0.0087317451308866,8.985360015365915e-05,3.558359945527324e-05,0.0003307133791082,0.000206055153118
1329,0.0925576544640553,0.0078687979248867,0.2975879067148999,0.0396403483304784,0.0960546481063965,0.0339825748606511,0.0286807448238431,0.0097873601205548,0.5724205783423644,0.0409843062586816
1330,0.010228514816438,0.0082113424486592,0.2848603758220666,0.2220644608879662,0.0146458131364892,0.0088490395603532,0.0261260119701996,0.0137091024114371,0.6838094468756786,0.4072370660796217
1331,0.3973053663445845,0.0495641948462334,0.0002033142754587,1.009279365299328e-05,0.2518480155072718,0.0053351640928561,4.768819991453252e-05,2.90600939383648e-05,0.0003478150624851,0.0001806094565955
1332,0.5271679468882783,0.0271351808256011,4.590696114036173e-05,8.541814734898206e-06,0.1393016449089787,0.0114559707826006,0.0001521804285719,5.9742124527424334e-05,0.0006032689642029,0.0002715348013095
1333,0.4102625975665375,0.0097510658099739,0.280382647661318,0.0098763243788821,0.1113924707642333,0.0387650107035789,0.017005215010457,0.0078474329398477,0.6172447304113924,0.010493682953841
1334,0.0236692529955502,0.0109387343488809,6.505116869410318,0.1132544770386801,3.843624449068886,0.0086212681766778,0.0813498771253586,0.0228901506068956,150.71653332867103,1.1215672274798452
1335,0.0238318860203808,0.010943410447672,7.722520844034874,0.1131170072092886,4.604337060791169,0.0086218589360838,0.0817234133541376,0.0228202062854709,175.10476094693334,1.1269771346165325
1336,0.0104017317338508,0.0080431131358841,0.2714596551604529,0.2148161186951616,0.0136246556617006,0.0074053066623401,0.029016628015444,0.0144472993696657,0.7176949197908573,0.4677152147436902
1337,0.380097402707543,0.0545790794262879,0.0002472965280769,1.1670506236242604e-05,0.2709529855049769,0.0056857384009483,5.583250983393982e-05,2.862206827111952e-05,0.0003429272928969,0.0001737717361476
1338,0.4863412014584202,0.0193226915137799,7.8035819742113e-05,7.673207470978046e-06,0.1599545891222698,0.0096345504401432,0.0001146855775167,4.734261169260825e-05,0.0004151798895551,0.0002316722540405
1339,0.4775177778203772,0.0202499466896624,8.485936221311681e-05,8.283751098439804e-06,0.1620276075872186,0.0078039168351179,8.95126928125953e-05,3.588953950088768e-05,0.0003623394363151,0.0002119281808512
1340,0.0099968576140699,0.0081641080462191,0.2737551759994043,0.2187780938683033,0.0190105769582488,0.0107674165092827,0.0252126887140989,0.0133216592078219,0.6563442420533526,0.3611054647281484
1341,0.87100152346889,0.0213913019700656,0.0090302984742329,0.003182015032232,0.2846904392925872,0.0206944832158517,0.0020000433144379,0.0003285100507249,0.0091012811893154,0.0031593236196494
1342,0.5184098498304721,0.0173633367785207,6.583902998794662e-05,6.389381322881895e-06,0.1483322121616997,0.0088283741431713,0.0001156841359045,5.271761903893958e-05,0.0004109075616493,0.0002527247723607
1343,0.4675841154409939,0.0257886785189517,9.027339683740705e-05,7.6000880066764865e-06,0.1612881785759922,0.007264755109657,8.044392957849582e-05,3.684548818966012e-05,0.000299223972319,0.0002117051438183
1344,0.0105604396596815,0.0080089194964222,0.2488783357468723,0.207744863082411,0.018696331618813,0.0096270732440839,0.0263017932090296,0.0130226869943714,0.6180229238070423,0.3617149591980768
1345,0.0092464024844631,0.0074033603942416,0.3048683954463846,0.0882453989935587,0.1702240477586484,0.0692654319387974,0.0229337711030921,0.0124368707469373,0.6445109205592942,0.2579810068078201
1346,0.4591524633041731,0.0297299546110936,0.0001092864570398,7.751814285165023e-06,0.1625743508314271,0.008397448286157,9.146389096607316e-05,4.736013641425782e-05,0.0003304316259111,0.000230439725591
1347,0.0131819453056708,0.0113758334990797,0.3586459021128771,0.1928002986603505,0.2063533345068662,0.0694337058269044,0.0207433224757165,0.0122718066089074,0.6106275797417281,0.1880889765138632
1348,0.4615119123834271,0.0320492410130943,0.0001073082331854,7.535609332685989e-06,0.1658927570856544,0.0072013117558416,7.486078429706222e-05,4.287888240805225e-05,0.0003038236672914,0.0002193977918322
1349,0.4936428233829789,0.0217326630521037,8.369454464935969e-05,7.041213221328897e-06,0.1600017830103904,0.0084733508627369,9.88340028564731e-05,4.807081046451121e-05,0.0003659835286747,0.0002347258882012
1350,0.0521767403563565,0.0100966319378957,0.2701236210830135,0.008125565971463,0.1185633469594828,0.0217565323768615,0.0186866460953264,0.0101501753938529,0.6213568623207486,0.0085055505409193
1351,0.5501225176652397,0.0137087568635715,3.786352435423596e-05,7.054366869638379e-06,0.1290671574128205,0.0140179497624157,0.0002082087898238,7.983807908954298e-05,0.0006753993114603,0.0002997215241096
1352,0.4265800197841923,0.0252026460429533,0.0001308789398223,9.862873444083627e-06,0.1938350660123083,0.0060223157388596,5.168436876704162e-05,2.4307516667622056e-05,0.0003403401801289,0.0001810597866098
1353,0.414799963161917,0.0461329301422802,0.0001698513337892,9.028568289213468e-06,0.2286034535487907,0.0065883141811425,7.488177864162714e-05,3.861534244429497e-05,0.0003455767058165,0.0002037022669276
1354,0.5126897576878666,0.0197767440787685,6.056833581767806e-05,8.230353157455742e-06,0.1441552921427035,0.010129463670328,0.000108524318421,5.1324937489280845e-05,0.0005069201960208,0.0002513015887502
1355,0.0100653163362952,0.0079854950518065,0.254975098529805,0.2117660898661613,0.0149507812304346,0.0082551495047755,0.025081513225867,0.0132810124836247,0.652066721560091,0.3644885094626713
1356,0.0531628368629691,0.0104519787043292,0.318045325941531,0.0175537758868505,0.1159281336304635,0.0379881010123879,0.019477981203596,0.0103208586358978,0.6319844393911858,0.0156012008329036
1357,0.4815053037900381,0.0265300928855463,9.260910123884124e-05,7.09031346108714e-06,0.1634205664580687,0.0079823874310553,8.660630797417259e-05,4.7693067482727074e-05,0.0003086804422253,0.000237353441976
1358,0.5464604659885502,0.0128635132629989,3.90069327630932e-05,6.360647889206996e-06,0.1264689093212385,0.0114345560718338,0.0001546106398657,7.994383380074156e-05,0.0005243386282828,0.0003111110341954
1359,0.0097643179937966,0.0080711802328368,0.3147340540759153,0.217756060175898,0.0321845093686076,0.0121465441365002,0.0219108572055805,0.0120656114730975,0.5699770325477879,0.2818781698872662
1360,0.0144073902624496,0.0131378849839275,0.3155898844184213,0.1085390412436325,0.1319312659068452,0.0780679167755973,0.0196213867975752,0.0125237833479728,0.6542595086091315,0.1117003389118158
1361,0.4600748693791328,0.0262402950328655,9.825027612965892e-05,7.90316322792146e-06,0.1628496379866409,0.0074735692361753,7.392894625931693e-05,3.529531098436874e-05,0.0003385083885282,0.0002080670524556
1362,0.103549002734114,0.013309260415337,0.311252442404327,0.0118682979009859,0.1076495492567391,0.0220506619528819,0.0207415351714314,0.0108567494948916,0.6802332905280357,0.0127327021953821
1363,0.1476773364553786,0.029656161816492,0.0001053219886503,3.077185589561701e-05,0.3209958560736051,0.0121831071732268,6.088849389132498e-05,1.5918067459218027e-05,0.0003814073709984,0.0002021423245686
1364,0.0114649664182439,0.0092788839398482,0.284683134989908,0.0590752522527121,0.1296804101782357,0.0859992186769231,0.0227720634583779,0.0122282033795108,0.6417428914583598,0.0415010616137533
1365,0.4035164188421693,0.0113228192798231,0.2631921151537975,0.013744729888519,0.1212426161518219,0.0481362869064225,0.0187013599130537,0.009286437689542,0.6421259020220768,0.0143228420876729
1366,0.1235743024157415,0.0263595412432314,0.00053410584087,0.0001297577926152,0.4660074501008175,0.0161541700975475,5.068299585314587e-05,1.335096674328683e-05,0.000693955056847,0.0001974178167841
1367,0.0104453547596866,0.008534515009211,0.2927256413960148,0.2303608517951457,0.0339473550616422,0.0131355321650204,0.0242927485829946,0.0132278187262941,0.6579878299873712,0.3205338006049129
1368,0.0295097252207601,0.0010200231893575,0.0145759080395458,0.0056714669820596,0.3316540774123375,0.0076735456114607,0.0002115294314268,3.021083428602072e-05,0.01441995031578,0.0056510078811616
1369,0.0767953013105047,0.0108822138142005,0.3047392329782553,0.0151145521864975,0.1363462962440542,0.0357680975738609,0.0205506095198628,0.0113934273413041,0.6450908588136935,0.0167744489337166
1370,0.1954980394132002,0.0334747072327672,0.0001047629217601,2.621186735490556e-05,0.4793193602706612,0.007010811693274,3.1084800849298446e-05,1.3111935640812224e-05,0.0003946965808774,0.0001875926450593
1371,0.420235069325422,0.0293911999491222,0.0001389383922495,9.95615775297574e-06,0.2041141534207521,0.0070704786575204,0.0001103625970953,3.0845837596629594e-05,0.0004923440187533,0.0001959140631772
1372,0.1381275404846567,0.0124412645925708,0.3307267655657918,0.0144709847572806,0.1204977061086958,0.04578874290734,0.0170312004663697,0.0102078382655379,0.6486962889485107,0.0153532525714079
1373,0.4913952212250181,0.0191070823970109,8.574170721935013e-05,7.513000538455979e-06,0.1612719511599933,0.0074049410917787,9.633276594481244e-05,3.321602974777679e-05,0.0003601790859,0.0002094705340626
1374,0.0101505704103171,0.0078712565392044,0.2486957328873005,0.2126674800713941,0.0160860312297739,0.0100203980406551,0.0258806120988542,0.0131449355124583,0.6438402896359828,0.3668150173383409
1375,0.075554195737187,0.0107256617220838,0.3398853491627742,0.0613362524952313,0.1471362318770123,0.0553358152004681,0.0339526677813521,0.0113261393983182,0.6591118789690115,0.061515574600857
1376,0.0107248365654916,0.008117263294182,0.2579938285005436,0.2150707984074353,0.0143003263823452,0.00892234416523,0.0280021385057015,0.0138025527969233,0.6657465232410545,0.4076689577693322
1377,0.4908749514180733,0.0232130900236758,8.684052524205634e-05,6.958508047309674e-06,0.1617165481689729,0.0084204910501343,8.989297888635733e-05,4.92907384062168e-05,0.0002956427317891,0.0002403621639255
1378,0.0099042672443617,0.0079918124469203,0.2556098296788647,0.2167156428579813,0.0160398745909302,0.0087924681537564,0.024494311701881,0.0132218179401701,0.6486056790887206,0.3764941301439563
1379,0.5432903515614566,0.0154561431370959,4.0552767063496536e-05,6.255970135149854e-06,0.126993072724814,0.0119421886333876,0.0001914788568339,9.29628093582014e-05,0.0005847712417915,0.000336552827337
1380,0.0740153019632169,0.0128558171914291,0.001017148362542,0.0004770765968042,0.2837325597735182,0.0137091057953786,8.578185133863526e-05,2.780166694199213e-05,0.0009767856241392,0.0005036751068687
1381,0.0109595068373929,0.0081524520950245,0.259417735732709,0.2142044585445874,0.0139902156897227,0.0085705233816052,0.0288412297711687,0.0138926804240268,0.6619993020256597,0.430463352402581
1382,0.4684399904140258,0.0250263093873235,9.533271748073348e-05,7.7785673225232e-06,0.1631517057931794,0.0076080223413175,7.844306822822871e-05,4.271807786744678e-05,0.0003118689319571,0.0002233094164143
1383,0.5115448577604679,0.0170473414359826,7.014295527630277e-05,6.702813017863734e-06,0.1522215841406241,0.0082088677975025,0.0001104935412992,4.484392107736759e-05,0.0003885568694587,0.0002359155984273
1384,0.439900903471374,0.0215411487901028,0.0001295092059699,1.0140376387830348e-05,0.1841995834041283,0.0059896166343273,6.01277764372767e-05,2.387550622996516e-05,0.0003155547402651,0.0001782882128712
1385,0.4525356490501779,0.0253537794575666,0.0001191757632571,8.522902514899563e-06,0.1716487274893726,0.0075835517520669,6.44381995313495e-05,3.683225645763612e-05,0.0003010048174817,0.0002079063283763
1386,0.0769023623616928,0.0091152569675685,0.3453559041337183,0.050907087763307,0.1065802361141666,0.0596520147771976,0.0339939221183146,0.0112974667684914,0.6146878873270003,0.0524540742100826
1387,0.4149971942983094,0.038863670664642,0.0001515584402396,9.019156706502366e-06,0.2218921105716558,0.0068586975988609,7.397725388650882e-05,3.6434678676183846e-05,0.0003506929805417,0.0002028523425946
1388,0.4893803476487801,0.0197297239924891,8.716230802609792e-05,8.157845893438811e-06,0.1613182718282085,0.0084147589070993,9.817039299132766e-05,3.883551915159189e-05,0.0003399430163747,0.000214980391598
1389,0.2032403854830444,0.0097451948745635,0.2312130452920544,0.0076996981384784,0.1500760811046414,0.0631765177043312,0.0157778041210304,0.0070934497850504,0.5798629913420917,0.0083169445699524
1390,0.1948555440202312,0.0129474720847171,0.4305689131322953,0.0106438832493322,0.1561663494658663,0.0677471495538207,0.0167242638789585,0.0082348331876808,0.6405655264751811,0.0110898630974217
1391,0.292476776856803,0.0107923453045494,0.3390201839742441,0.0129594278662374,0.0863220090136683,0.0289565957475954,0.0172895608479141,0.008439576748574,0.6074214141170706,0.0134862744694996
1392,0.0097547493723497,0.007901954204521,0.2565859780319774,0.2003735283388992,0.0349939309216156,0.0089951186481014,0.0238499292271902,0.012988808039333,0.6407576619797625,0.3425829008163414
1393,0.3498188826668277,0.0097185213943484,0.2988998412749616,0.0158233175812849,0.103129391468057,0.0383697323373573,0.0192742529187764,0.0094523603339717,0.6361901011609261,0.0166918796901146
1394,0.5427442576743762,0.0141002715936048,4.802032135226939e-05,6.4964779856649976e-06,0.1376061970444463,0.0120421316912221,0.0001643471116878,7.297365760755318e-05,0.0005739926127122,0.0002898867827216
1395,0.5044365816262076,0.0161613638024651,7.124358036957218e-05,8.318070955667109e-06,0.15225714634706,0.010013208628625,0.0001206590958194,5.3461300926754905e-05,0.0003890889423922,0.0002483073069213
1396,0.0242307613546345,0.0103603029665436,0.3557497205704913,0.120108578837555,0.1407395701430166,0.1047907135785639,0.0239597791846106,0.012203832916185,0.6149832343891508,0.116566653595877
1397,0.011524027697074,0.0092433429686801,0.2512660399186162,0.2236170055489359,0.0214088408765958,0.0133525806028503,0.0248134604782717,0.0130397791122044,0.6308268059886232,0.3339104676608859
1398,0.4170943127502862,0.0428760351928372,0.0001661486373799,9.22935489514286e-06,0.2272244541135817,0.0067164661058714,8.228762482176156e-05,3.74246400090795e-05,0.0003489317309393,0.0002026720092565
1399,0.0228816644996666,0.0107173272256303,6.587122686760341,0.1133394824556964,3.851909645661104,0.0099956579359572,0.0789470561955072,0.0225520719851183,157.17531992364005,1.1114433347967456
1400,0.4392826679550794,0.0394015864783829,0.0001315918898077,8.23557313074496e-06,0.1881907099749485,0.0063452010275119,7.859364818999079e-05,3.588547588723499e-05,0.0003260422105477,0.0002051988485836
1401,0.427480802465581,0.0120878682601707,0.2830120241707479,0.0130698721370932,0.1150651217254606,0.0442452113418497,0.0186414676541837,0.0094683767860687,0.6412571787004302,0.0138451668008374
1402,0.1224768569820896,0.0090002452743994,0.304430405233458,0.0067650048703036,0.089137804042444,0.015330376004911,0.0182216149123489,0.0087923334407193,0.5887866642838123,0.0076534816143635
1403,0.4727558931110061,0.0251419711030507,9.8097935394483e-05,7.416417416485658e-06,0.1655297438650208,0.0062140842088742,8.306364520902668e-05,3.4189564778607454e-05,0.0003256520752379,0.0002091992242719
1404,0.0111651153244732,0.0089755316832805,0.2491849146832445,0.2207394472178369,0.0211047762913072,0.0131752713571408,0.0247093454979174,0.0129845787373956,0.6200707718808666,0.3314713441301443
1405,0.5362682809893663,0.0187761569242798,4.770264310454759e-05,6.545024757172471e-06,0.1370461952249709,0.0103709270158639,0.0001205588417632,6.304724196651149e-05,0.0004658908912199,0.0002729951296141
1406,0.4609022201531204,0.0259254739152814,9.573768297091249e-05,7.760932516122382e-06,0.1621842567223409,0.0074459789531173,7.816653338741515e-05,3.994258540082231e-05,0.0002969205066059,0.0002159465048222
1407,0.528412259876313,0.0133671215267001,5.840318390615004e-05,6.810177784430236e-06,0.1421375139797264,0.0103172356461111,0.000108534454569,5.638142494987509e-05,0.0004316235406234,0.0002606031412657
1408,0.5085259562359258,0.0154826141567152,7.111417184170606e-05,7.225967087592407e-06,0.1502945392103746,0.00880142617038,0.0001062385486688,4.283502586742152e-05,0.0003585070557634,0.0002326971572256
1409,0.0109307437544288,0.0084387097783305,0.2547383299636301,0.2185134823520242,0.0188320439436977,0.0108429808644128,0.0266917417965203,0.0133581179862195,0.636904808222642,0.3771126612871828
1410,0.0091576951348155,0.0074336324661298,0.2998920157445054,0.2292999875063306,0.0776912236288475,0.0275626368078248,0.022198558088053,0.012224379141856,0.6188180016907543,0.241990136349928
1411,0.0118222745973364,0.0089139121620163,0.3326825563019098,0.1452837962329475,0.3128406399262802,0.053858794734046,0.043168249637801,0.0188965326021056,1.0660303268793163,0.8605898572671722
1412,0.0098149074078941,0.0078776529291873,0.2601006950586152,0.2175911638394026,0.0150821848305414,0.0076423593990702,0.0250253564001687,0.0133779091887458,0.6600879801065894,0.3785486733779646
1413,0.4647045628473959,0.027799789813651,0.000105659265466,7.58115104332887e-06,0.1647410917632284,0.0067868911349294,7.748394324923495e-05,3.6247965428244266e-05,0.0003043293182522,0.0002112050072371
1414,0.0206496274920562,0.0115156547679056,0.7514064937750751,0.1089640981254959,0.3593538661426981,0.0103218692463879,0.0757757399790803,0.0243327999329732,16.152829288283424,1.1689464338371078
1415,0.0237359930600798,0.010986024995365,5.444169418647093,0.1131137205534938,3.1507009231136585,0.0083609031160105,0.081519409056971,0.0228896586398254,132.13934453076254,1.128283772574972
1416,0.0222671213783051,0.0116988938273079,1.144165311014824,0.1090577711565225,0.3575635211523829,0.0085233159135362,0.0800159778843823,0.0244585976978069,30.01097579733371,1.1773612506341185
1417,0.0110235541195234,0.0085096311230763,0.3139344942328165,0.1702593893150022,0.1646622157053981,0.0362604874413156,0.0362398561034321,0.0174577305399367,0.9623187615396276,0.7278450324424043
1418,0.024598678193871,0.011639111520346,3.858497568372415,0.1114452126185076,2.1419940987368387,0.0072813209354251,0.0850900953277795,0.0239301355188348,99.79952014014373,1.1644759182360702
1419,0.0240734059105039,0.011708526019818,3.1984222401080453,0.1106700409312193,1.7031317120670555,0.0074763720547908,0.0841438145596822,0.0242089066469957,79.88848352757383,1.1670941574149896
1420,0.0143396727550753,0.0098698385231618,0.3704892874822835,0.121185316286637,0.3494369259900665,0.0408758935819271,0.0558584830564794,0.0215275687868355,2.0914164738890406,1.0258703180203812
1421,0.0120328229229117,0.0090596942642231,0.3426926461850527,0.140813222159576,0.3261849900813467,0.0561903895447272,0.0452958455054835,0.0194289584491536,1.1347485298322029,0.8896166222600935
1422,0.0141725068923012,0.0098880824185773,0.3730532170139575,0.1209760697578906,0.3475230673657728,0.0462438582699134,0.0556365452528671,0.0216423965478918,1.938461290686188,1.0245087964225914
1423,0.475585001042972,0.0226100308296974,9.681751533620156e-05,7.570523709498265e-06,0.1654758711010485,0.0073224951535189,8.769301603673695e-05,3.721959094666892e-05,0.0003364090431903,0.0002152639628548
1424,0.3305578671554984,0.0101131206080775,0.2732540135385531,0.0111096837916387,0.1035873759928323,0.0381838954315774,0.0191939924572011,0.0090356538392509,0.6477310202242238,0.0118620329172647
1425,0.0123017026828752,0.0092020790494468,0.3492346016948432,0.1348453064596669,0.3303631619913634,0.0630400123068316,0.0473245551402857,0.0198687416009261,1.2036486736133682,0.9217503309905084
1426,0.0104236353493273,0.0080749945263282,0.2837424684420611,0.2053338411624644,0.0242907764012566,0.0082324180515113,0.0307611842804302,0.0152248581718936,0.7652602812282246,0.5433603840099849
1427,0.0239245048924739,0.0110130686539521,6.7286338112309965,0.1130962879581701,3.990405817987469,0.0083294421935913,0.0821161012152015,0.0229743529143221,158.68408687573705,1.1270265845677871
1428,0.0233077000217799,0.0093436646291291,0.2684066988830512,0.02378370851499,0.0990070946497198,0.0621683389097776,0.0211708965501937,0.011640614239157,0.6601027294757204,0.0196311043257289
1429,0.0241144030597141,0.0116344629630535,3.3085972284284666,0.111105144683384,1.7785979516964987,0.0074399227221278,0.0839715141008234,0.0240232540919594,81.48522859933207,1.1631475939497544
1430,0.5339702256560427,0.0140764097148753,5.52273211271717e-05,6.320984570790613e-06,0.1422182118764786,0.0097266259274225,0.0001132841141732,5.645093456917131e-05,0.0004769251378922,0.0002595896010414
1431,0.0124517858130113,0.0093089239901665,0.3541952108102469,0.1320489761611058,0.3358143383692759,0.0599652206223207,0.0489750319623104,0.0202098334430147,1.3277430911895778,0.9424192116131416
1432,0.5314705996667526,0.0146206715741843,5.711484163939984e-05,6.225418460594886e-06,0.1432070712765432,0.0099903652011623,0.0001177877048475,6.473667859479885e-05,0.000418055881906,0.0002755506003814
1433,0.0245097139832161,0.0112254381961624,5.876301886854211,0.1127676937487533,3.464617458167967,0.0077675809703662,0.084021601287293,0.0232896406811785,157.7276939221919,1.1370274895138113
1434,0.0116939172927704,0.0088436370174319,0.3336672575439318,0.150061493805375,0.2968302667214203,0.0493598668496707,0.0420391639616525,0.0187397052016142,1.040646489055403,0.8445358397629852
1435,0.5096524063981057,0.0161097186740706,7.09528933641296e-05,6.993118312540772e-06,0.1518678557579599,0.0085896589902972,0.0001109789546705,4.313999266120241e-05,0.0003978244724306,0.0002305022410562
1436,0.0246304550079034,0.011324942400616,5.502694525678065,0.1125311966855298,3.2218273095294654,0.0075618993380721,0.0844966645114553,0.0234217107011116,147.05504257328215,1.1440768722482697
1437,0.413828875518641,0.0363797744007805,0.0001536185821001,9.493577807871996e-06,0.2214168555971273,0.0059208834578019,9.818016930236996e-05,2.852546874441031e-05,0.0003679421662815,0.0001869702572969
1438,0.0182463852759711,0.0110322703110837,0.4519170811298154,0.1104862767225692,0.359638329802589,0.015951802176577,0.0687960679153729,0.0237010526734209,7.144509902932849,1.1338128516990398
1439,0.0209646691713192,0.0115751448542406,0.8355526268299563,0.1090709289134696,0.3629454564551624,0.0098399309699283,0.0767256465252746,0.0245085219191429,18.71004622081673,1.164065535197242
1440,0.0234426206940099,0.0117334225899157,2.3403217369833107,0.1099857968651401,1.1372126812465162,0.0077289721156288,0.0827639847988817,0.0243436588121362,55.47162479459861,1.1730130615732046
1441,0.0187834773787913,0.0111490514635137,0.4063872485415331,0.1098957440323884,0.3598282077510029,0.0139198739161258,0.0703427452966131,0.0238185966412966,7.818041504489662,1.1438540828367731
1442,0.0199406573162703,0.0083178691184766,0.2458440683918564,0.0363512190748096,0.106521467429444,0.0700860760400902,0.0195659947358254,0.0106507051637734,0.5853839828634013,0.0280871412268706
1443,0.0244398165461179,0.0112912290774775,5.132446299604667,0.1124447990829587,2.974882610917837,0.0076508761485509,0.0839276311014021,0.0233619490736503,132.72343652897936,1.1441621300957523
1444,0.0154386167439131,0.0102828963807327,0.3851617882186749,0.1158453831368897,0.3525132839272447,0.0337028710140892,0.0598472945099351,0.0224103978329294,2.553957357153022,1.064935070998183
1445,0.0120252309643641,0.0090328643018621,0.3386063311288226,0.1416075415348682,0.3187870779295783,0.0546180819835537,0.044692030671583,0.0192318456017225,1.1049332193458208,0.8856815684523913
1446,0.4489670212463814,0.0272784113994682,0.0001092468267128,8.23740025590664e-06,0.1667123723819778,0.0075823160597904,8.67157950465699e-05,3.916211468398537e-05,0.0003013439927722,0.0002136253309376
1447,0.024660222257599,0.0115679006978335,4.564171812216014,0.111654352280956,2.601665360679556,0.0073575997626689,0.0850835182495737,0.0238045561395346,118.06452418038452,1.1599391376547783
1448,0.0122737530775305,0.009194357768529,0.3495172441177492,0.1352616481163714,0.3346123743545188,0.0575849823557243,0.0476031829553868,0.0198855726689242,1.287330563482037,0.923542814296674
1449,0.0135704839695534,0.0096238971380042,0.3653445371012587,0.1253669262610938,0.3466333587889879,0.048034675412826,0.0531345900855258,0.0210258198296029,1.7769133789079226,0.9949726181532031
1450,0.0101125544676674,0.0080865992445619,0.2634120795681954,0.2139365820021916,0.0140360784807399,0.0084011702502092,0.0271282459845257,0.0138826253737843,0.6740949122202742,0.4371745200303624
1451,0.0183345190310944,0.0110738295729099,0.4194257560971924,0.1103431203083003,0.3614846955119715,0.0157911376342715,0.0691972913497907,0.0238569839251131,7.254893466908238,1.132876761781462
1452,0.0105056018807099,0.0081556228320218,0.2884094257993182,0.2041820575771027,0.0309913803817235,0.0097341524280731,0.0313769912487297,0.0155255579543068,0.79796076546988,0.5620039270537128
1453,0.0107269097625702,0.0083408141745464,0.299653894103713,0.1896499781414579,0.0690454236484477,0.0153203362617444,0.0335286613796127,0.0163855636066453,0.8754436677940393,0.6436794830798752
1454,0.0120786817103627,0.0090798902002485,0.3407273395246438,0.1410017141782149,0.3226442303727619,0.064975047994917,0.0452547110614677,0.0195177238204964,1.1187960828259589,0.8906007456074492
1455,0.0096536632349166,0.0077973330597325,0.2519707342174132,0.2116400058474959,0.0151522902350598,0.009530311666736,0.0251469089986764,0.0130888877087829,0.6362459778166161,0.3658566256603068
1456,0.0129290636892951,0.009482466884514,0.3564108301441704,0.1285020153118486,0.3428160841598173,0.0556251956563522,0.0508213443110257,0.0205573466132489,1.478345683489036,0.9725629983114936
1457,0.0111172664639987,0.0085275984527408,0.3176576097760467,0.1678652091441602,0.1749411390121004,0.0361501952279287,0.0368536820974638,0.0175283438526069,0.9835364999940506,0.751482248691513
1458,0.0177727133581613,0.0109105059779367,0.3996029352852928,0.1110738741656059,0.3588141712740925,0.0175983452224785,0.0673314406547221,0.0235092790493233,5.666154007138172,1.125081875082819
1459,0.0104945454442268,0.0081481450048393,0.2863287771465884,0.2078201517503458,0.0262438794187084,0.0085213813169552,0.0307742140334844,0.0152627823504641,0.7757706225270112,0.5398843889832298
1460,0.0110943723954649,0.0085526836553233,0.3113085203694152,0.1716711374182191,0.1328032765056264,0.0253768316380873,0.0360774483264923,0.017233743481691,0.9302307951760108,0.7278963396271542
1461,0.0103142580386317,0.0079945581785399,0.2576724112941729,0.2158959271634477,0.0154156904486139,0.0102517273692494,0.0264147924609183,0.0134153433584143,0.6563053045359876,0.3723108198076789
1462,0.5362915583581886,0.015512188433816,5.309532576848739e-05,6.868529907889134e-06,0.140338782644231,0.0123706441006164,0.0002001887598756,7.944302082498048e-05,0.0006249424688244,0.0003018003888753
1463,0.0167108681419588,0.0107147353881358,0.3962211100895813,0.1120999794462766,0.3576854273517897,0.0241035071775684,0.0641735787515801,0.0232277972017976,3.5149468218914635,1.1008060379194575
1464,0.0111626737350048,0.0085867435850343,0.3179273667942004,0.1677456114635057,0.1824958648093003,0.03653005968844,0.0370653331624177,0.0176307760409836,0.98414214966311,0.7528766375265518
1465,0.0244730032049156,0.0116637053834711,4.193322670613588,0.1111346373623561,2.356031565161747,0.0073705809417905,0.0849449372022757,0.0240572577074745,105.55487009789046,1.1641977848246503
1466,0.5050448539019999,0.0207884846587303,7.521712790368898e-05,6.504780461927593e-06,0.1548190089021565,0.0084444853431276,0.0001060260002599,5.603749755562332e-05,0.0003229085179195,0.0002588882340101
1467,0.0112679573722752,0.0086352271460675,0.3210829778103803,0.1636716397531563,0.2180819566894267,0.0393684188379411,0.038115160644725,0.017902956392239,0.9987714261194818,0.7773157495886933
1468,0.0156335640919687,0.007866980319683,0.2623880949183882,0.0320123178316488,0.1228841559416996,0.0825943527766762,0.0191460574194926,0.0103309913441308,0.5806048679317198,0.0222337785574556
1469,0.0176251267002212,0.0108346204301659,0.3971244111290303,0.1117775545545885,0.3575740143367486,0.0179837955409171,0.0667411018183559,0.023396411401505,5.6617247079296416,1.1137649500691715
1470,0.0105854226226191,0.0081879311080975,0.2875612808968332,0.201616106662577,0.0328321785135451,0.0097991745122107,0.0317687114426839,0.0156311680150402,0.7968942934796298,0.5725078783444467
1471,0.0408572329320308,0.007994097426768,0.2392180539426673,0.0160270190923769,0.1097309570842904,0.0487601215685901,0.0187168221711475,0.0098507507814255,0.5560458917168036,0.0157345943885962
1472,0.0103960227193305,0.0081630817823433,0.2958668905943494,0.1993577647715618,0.0526152872345193,0.0149124139997189,0.0319094217347253,0.0159207680763277,0.8522143520261359,0.5880383674078581
1473,0.0114842352608205,0.008745181583755,0.3265020251294661,0.1560785976775796,0.2711694444575196,0.0496920429447552,0.0402387671976507,0.0184161862354387,1.0364832345441803,0.8132891651104038
1474,0.0210889002292438,0.0115204750001572,0.7578655396253832,0.1093714855238516,0.3540246730613501,0.0094280870433396,0.0767184848120016,0.0242352916804198,18.01936677735213,1.1659558613053438
1475,0.4602595546996375,0.0265691076649152,9.78525963563696e-05,7.657953145022102e-06,0.1618630750409005,0.0073551520421337,7.785594699693195e-05,3.974458047633284e-05,0.0003076657489849,0.0002198972102827
1476,0.0113747570518536,0.0086949062574358,0.3206713968038623,0.1605361824782817,0.2042368885399576,0.0360980426077432,0.0381977979173679,0.0178314695816656,0.974386534678728,0.776538836499098
1477,0.0445426783614796,0.0082738840130483,0.3117315674150333,0.012759530343587,0.1451275526584832,0.0342234162315634,0.0204116725496912,0.010721590713804,0.6199476619558273,0.0149824151455578
1478,0.0106493706227527,0.0082098960623488,0.2867825354081234,0.2036159698724501,0.0320168086596099,0.0092206061430811,0.0316835566454617,0.0155666607336862,0.7917983672948272,0.5699157805220921
1479,0.0099814239861501,0.0079262886935356,0.286825264357686,0.2086707296219789,0.0298578328917454,0.0095895956597639,0.0295391187377699,0.0151500244784446,0.8043074080540487,0.5154184818528662
1480,0.4008600934425478,0.039647487747334,0.0001683623300859,9.723091163503758e-06,0.234753450854389,0.0058891777785815,6.305668263634361e-05,2.914006810598689e-05,0.0003711984249679,0.0001861249540086
1481,0.517850358679134,0.0141655725081814,6.154257444075108e-05,7.276850305714165e-06,0.1461632643497911,0.0106732017198251,0.0001183025616783,5.416413192544026e-05,0.0004469244698176,0.0002520501277783
1482,0.0105615214710152,0.0082017392861739,0.2951078327949816,0.1997162981959675,0.0471523649885423,0.0118191520492902,0.0322032550219022,0.0159106096293423,0.8454022658072947,0.6041954196419695
1483,0.0220491829397891,0.011642103715415,1.4658193199837444,0.1094100010043372,0.5652299975092017,0.0086130850826865,0.0793135498038107,0.0243841145690873,30.69096355420455,1.1693177355776616
1484,0.0146120959567527,0.0099816712399401,0.3753092211794019,0.1193520950772965,0.3495986373325406,0.0395483432360443,0.0568940797832943,0.0217554820351627,2.182407865525656,1.0390005853176243
1485,0.0143289735554308,0.0099191669178481,0.3725048316545812,0.1205677505678326,0.3492239518583649,0.0435937308410158,0.0560652401952043,0.0216610832474696,2.008727083471845,1.0310713646997336
1486,0.0102683591605831,0.0080253124310167,0.2893735774711179,0.2118851311687757,0.0269895582512315,0.0086203818215638,0.0305357846912896,0.0153480624583689,0.8053636902047275,0.535690879586793
1487,0.0115035568626625,0.0087599217733121,0.3238508045312385,0.1558450231236065,0.2554271671644438,0.0406885619920045,0.039681201630337,0.0181798496504624,1.008234160012574,0.81105614903777
1488,0.0106300013852292,0.0081693446946964,0.2820280636879693,0.2110070705659062,0.0150095831295073,0.0076356164346896,0.0308208748220541,0.015138365925619,0.7631547215774784,0.5339165638272819
1489,0.0112568372928102,0.0086105334108654,0.3159289448910778,0.1649944337714619,0.1780137266217536,0.0243231441526529,0.0374767144176856,0.0175205891805863,0.951886229983938,0.7657294066526318
1490,0.0106445341850168,0.0081645940280924,0.2711320366751416,0.213113056223111,0.0136297767541155,0.0075019603507141,0.0296632872628758,0.0145335011651569,0.7030659279661224,0.483280230937856
1491,0.0206082813976843,0.0115055761426802,0.6709486094330155,0.1092212148547931,0.3618217062457259,0.0100614050878141,0.0755971639652215,0.0243318268283615,15.304615908657656,1.1606124873493315
1492,0.0105993669537764,0.0081961886578071,0.2742451697043836,0.2132260353157131,0.0193635453791727,0.0074719175842451,0.0295547398009821,0.0146376040932271,0.7226541876082957,0.475429556023249
1493,0.4982340814561929,0.0178631760999319,8.15500451095206e-05,7.415629399718382e-06,0.1610586494676092,0.0081761149239716,9.74722568737244e-05,4.170879076556676e-05,0.000332551622884,0.000227149729053
1494,0.0109423604561619,0.0084577756349712,0.3034914423866565,0.182384794170717,0.0887443533208247,0.0165688308950229,0.0345330254007985,0.0166377909670141,0.8952915656756036,0.6812950155950853
1495,0.0238681090765452,0.0117509172273812,3.079998996355863,0.1101093274671206,1.608236997434025,0.0076412144577967,0.0837795863018104,0.0242857497353375,72.91577957636373,1.176609867982667
1496,0.0143493025566455,0.0099233733116571,0.3725230201335972,0.12047293491598,0.3502413576144173,0.0431547140928654,0.0561177951010447,0.0216559997089549,2.061713100306455,1.035043421313774
1497,0.012429948085979,0.0093188261658067,0.350707783048871,0.133026981708546,0.3351599083808157,0.0662700823846445,0.0487798974429281,0.0202966828613026,1.2544001464673598,0.9422345377216634
1498,0.0107197104627914,0.0082751778900725,0.2918817554086835,0.198878112871468,0.0387155064132567,0.0104324438751101,0.0323630538893294,0.0158010702687032,0.8071879435772996,0.5960342202949923
1499,0.0224741464602873,0.0116923431927352,1.3147793390523774,0.1093361351523218,0.4663736323852926,0.0083451225850548,0.080394827497352,0.0243538521214594,32.634194351358545,1.177636688588771
1500,0.0113958131096988,0.0086878154076385,0.3226989981696716,0.1594409116885276,0.2274108608273769,0.0364402449211596,0.0387273342685889,0.0179415367457828,0.9924445751627268,0.7916764978802331
1501,0.0118958252997771,0.008980881333839,0.3383918597671653,0.1457180466336033,0.3087568839605716,0.0620245972084551,0.0434613717077769,0.0191633889090564,1.0932852076927275,0.8653979606074632
1502,0.4727159634604,0.0253315222097144,9.028632083610596e-05,7.39042710723403e-06,0.1657142396325614,0.0075615065242053,8.430527652065062e-05,4.181217159751015e-05,0.0003047570555629,0.0002264913611418
1503,0.0179763182785203,0.0109886524719682,0.4019580214884036,0.1106431230590037,0.3605006059407288,0.0168935822773953,0.0680043581853944,0.023635936219714,6.0161389287601335,1.1300277926255655
1504,0.0165727845824439,0.010634835740895,0.3918526592620946,0.1127840173968689,0.3574214902147018,0.0245072745276602,0.0635795614392441,0.0230079257350175,3.4678768745503463,1.0999549427199835
1505,0.0105621100636651,0.0081286253735856,0.2799803157190987,0.2107381266801166,0.0137201430326929,0.0075932364079611,0.0305440691014923,0.0150218077873245,0.7589856035718348,0.5235752271300165
1506,0.012404762183979,0.0092958662437308,0.3505864674670173,0.1333285802839137,0.3413761541913441,0.0559926744562746,0.0486818645256993,0.0201264669438217,1.3679699987306355,0.9436830647932214
1507,0.0163624478299111,0.0105667798835404,0.3899866244111254,0.1133967934151436,0.3574046808825537,0.0258562854107502,0.0629308685301867,0.0229182988938324,3.2148192623103387,1.096623818552262
1508,0.5986015111239781,0.0129326062670967,0.3037367280372877,0.0171851131742516,0.1344324963193712,0.0523023398299197,0.0178396662454257,0.009336114025213,0.6636605445344768,0.017744318675392
1509,0.0106029497392644,0.0082274389951826,0.2965518982524877,0.1950713114772104,0.0528374285844498,0.0130376635290099,0.0327531350275222,0.0161129903164158,0.8485073573787288,0.620147232887445
1510,0.0155403600248405,0.0103002983803397,0.3830623682474559,0.1157859873638808,0.3529448404153436,0.0321485589162713,0.0601322398452814,0.0224301396809422,2.63105981021884,1.066074825396602
1511,0.0108210779051495,0.0083059012666329,0.2927661204646699,0.197964620848432,0.0386923601757586,0.0101056476801784,0.0326863481883409,0.0159006149995844,0.8305600282706791,0.6105972595715952
1512,0.4320187378092067,0.0376468815661053,0.0001471501683989,8.611417965024874e-06,0.2086845969324962,0.0073800135448932,7.233797898987514e-05,3.940357948965337e-05,0.0003444549953873,0.0002117913264387
1513,0.0246998943201653,0.0117058744043028,4.580682014545003,0.1111047532704656,2.60423994219473,0.0073107642083704,0.0855513010292664,0.0240660583520871,114.6193570212162,1.168826610768245
1514,0.0105353060754748,0.0081451983853692,0.2827628107866667,0.2077818288565771,0.0242806262954581,0.0082397461503903,0.0307621169941099,0.0151783584230906,0.7711001428261653,0.5309381632413817
1515,0.540802727970946,0.0110440528725394,4.885655219789012e-05,6.706200353971691e-06,0.1372545601219435,0.011680826579108,0.0001405275512863,6.754938048249685e-05,0.0005128775536304,0.0002813403868969
1516,0.516083289622441,0.0171725148905196,5.987304054628017e-05,6.340969373716797e-06,0.1458854324172733,0.0089971087098972,0.0001124687493626,5.933088839152594e-05,0.0003650888745803,0.0002688551196566
1517,0.0108535319512517,0.0092482583793051,0.3354337608383789,0.1313696257521666,0.1274230520451464,0.0757309756960532,0.0220418773676528,0.0125513072569478,0.6309157423003373,0.0815178566134631
1518,0.0105708417260218,0.0081495522141746,0.268626566845238,0.2153135990087069,0.0138243423114426,0.0078379914670136,0.0291048711693765,0.0143920663730443,0.706328544425196,0.461419618808723
1519,0.0105451975846649,0.0081674247158028,0.2835124212470553,0.2082167830343319,0.0212419173166544,0.0079017451704484,0.0308295860105774,0.0152041080200444,0.773749390194492,0.5339929301765151
1520,0.5057761938148012,0.0191327714264463,7.349067883043714e-05,6.691918386253408e-06,0.1520717638022726,0.0085835879307842,0.0001027868054357,5.05807390086108e-05,0.0003262073827461,0.000246789727819
1521,0.011745945816452,0.0088848859744752,0.3321382818457565,0.149029143207675,0.304116686083517,0.0572339440208046,0.0425186176810439,0.0189146143766777,1.0699763252070549,0.8484624176961593
1522,0.0101262147985469,0.0079920163440314,0.2844819239795706,0.2113646169672286,0.0257552892839698,0.0083395604054044,0.0297747985956567,0.0151393054390531,0.7890250223332821,0.5165144062824732
1523,0.0153223626182063,0.0102216324731359,0.3820480083184998,0.1166251235163531,0.3531969531630874,0.0334783112113069,0.0593087601030002,0.0222260486520695,2.5491347250219407,1.0647505584664942
1524,0.4686499383439063,0.0291225131400386,0.0001026624131891,7.249411443446456e-06,0.164312714290105,0.0073912423788904,8.133970453926943e-05,4.314228247572002e-05,0.0003067467578626,0.0002266112622025
1525,0.0121174738705893,0.0091064875904921,0.341230661233129,0.1389641365737871,0.336098221830276,0.05732106633267,0.0465056065935793,0.0196952269859424,1.2575962381929404,0.9074549695693762
1526,0.0122959356280776,0.0091986568581122,0.3490260148014115,0.1346990822195523,0.3276186421581191,0.0639225607331818,0.0472884034483154,0.0198512038386137,1.1721530271942735,0.921289887873798
1527,0.0183721569866534,0.0111177294919548,0.4057639558779107,0.1099307667872027,0.3620341888130622,0.0158352587794006,0.0693608741892513,0.0238895079233231,6.940794584934003,1.1377146374318872
1528,0.5464644635219731,0.0126557220029128,4.463739077568013e-05,6.004719623943628e-06,0.1328663931434048,0.0111822075323882,0.000153075955808,7.81493727515092e-05,0.0005052186522303,0.0003025316974994
1529,0.0120368882040986,0.0090462161213718,0.3389028158063606,0.1406653120911947,0.323456546726752,0.0526668303368991,0.0448799526718392,0.0192252006178423,1.1284547684248456,0.8891369463073276
1530,0.0103602623476423,0.0080591977222326,0.2769215952037578,0.2114745313778861,0.0136708501903563,0.0074591731288087,0.029639315672417,0.0147691980874768,0.7439356735942111,0.5008360338016841
1531,0.0126008214317672,0.0093563166402635,0.355823751336421,0.1313297883808686,0.3399746471777746,0.0560282102790249,0.0495473017548984,0.0203042971312955,1.4229263129923042,0.9496243203218092
1532,0.0142329771059829,0.0099426420899513,0.3738050451867182,0.1201762177990787,0.3463164419093229,0.0490647001940597,0.0560314726209583,0.0218344778897983,1.8909268826852936,1.0270650962719212
1533,0.0122302885327685,0.0095889295677782,0.240089876499263,0.2070916338034057,0.0478486213009462,0.0269432464924675,0.022592251274615,0.0120557804450021,0.6002476092888487,0.2284567206705391
1534,0.0204896899482449,0.0114721442594525,0.7839432713896716,0.1091385161628536,0.3605116058193235,0.0104277793638332,0.0752594249715121,0.0242836021847964,15.822066824193952,1.161277631917749
1535,0.5387094313067246,0.0154204261338649,5.029002332272976e-05,6.668534368107826e-06,0.1404887029250221,0.0117092202113946,0.000171021505434,7.395510741510992e-05,0.0005517785652123,0.0002929867730424
1536,0.0183574163703378,0.0111799493131602,0.4090881046669813,0.1095591721968947,0.3644080730729312,0.0155944608571982,0.0693615297268384,0.0239170781717309,5.559632991291486,1.1443563140252353
1537,0.017927171221453,0.0109929171280517,0.4028589087957332,0.1106098947681466,0.3608602808710482,0.0168429771743308,0.0678145485105797,0.0236050024736749,5.293489406400358,1.1288891858731656
1538,0.0164671893529388,0.0106214707975814,0.3914873905440894,0.1129624936815034,0.3568960659088731,0.0254613506669506,0.0633195325830055,0.0230432721627553,3.340018664771709,1.0939107454388506
1539,0.0104332037981311,0.0082208379640442,0.3070323939141912,0.197741502045308,0.0789172593114519,0.0233130859814483,0.0329312999330068,0.016542943896059,0.926964339061508,0.6240111650538744
1540,0.0121905029721709,0.0091592690285058,0.3456716977613923,0.1373400963480641,0.3321970138776688,0.0604747800041972,0.0466843200780732,0.0197309634063485,1.177769399573542,0.9156137472691612
1541,0.0122658288711044,0.0092084711131099,0.3459772340939833,0.1364303758437363,0.3378838546404748,0.0595855516325519,0.0477073081733614,0.0200037447696545,1.2858892187647597,0.9216427483922142
1542,0.0197804346513376,0.0113645262409652,0.4108921104244011,0.1094267799971027,0.3624963567286113,0.0112018289647924,0.0732219681388065,0.0241083171961252,9.71796109007861,1.1545902322832693
1543,0.0101743262865464,0.0080338527174992,0.2625091162867969,0.2147142341314812,0.0140577028779578,0.0083962135181021,0.0276114983220736,0.0138591993950954,0.660718939434368,0.4393602049588678
1544,0.1517636277767225,0.0201174093979677,0.0002267030775595,7.458023531249606e-05,0.5046291748155857,0.0079532125633709,5.377385478374731e-05,6.36895502083427e-06,0.0005063482513117,0.0001953938469624
1545,0.0239054706571413,0.0117572927378228,3.0608413585791263,0.1103119170871624,1.6062250471457136,0.0075229939288021,0.083885122617439,0.0243169542770593,72.12266201629832,1.1720840748524155
1546,0.010595972359541,0.0082437437523945,0.2952745643264577,0.1944546325612298,0.0556136837901735,0.0137788323225763,0.0326875970907532,0.0160930228908223,0.8546193064960141,0.6147733203574817
1547,0.0104449593639427,0.0080414004012226,0.2808488807725294,0.2142207648693513,0.015848091542423,0.0074884754872925,0.0299928635898921,0.0149014836188278,0.771233848146449,0.5098601657156578
1548,0.0208923829619953,0.0115383122035035,0.7786127458829972,0.1091128574979281,0.356681974127899,0.0097191264010863,0.076278316002835,0.0242580569626014,16.981431929444096,1.1694495955763993
1549,0.0124163453471551,0.0092721628607506,0.3481586356958682,0.1335911612467672,0.3411060834027029,0.0521472516338103,0.0485799747868581,0.0200101177772765,1.4073366655321649,0.9377381387847472
1550,0.0236441364307909,0.0117404137342563,2.2058561753900965,0.1101194136635757,1.0531239614108057,0.007645288579449,0.0832023494017951,0.0242876630577201,57.21822489968643,1.1737997367172843
1551,0.0127703964880509,0.0093821571913322,0.3526651686029569,0.1308489379136617,0.3445208438638704,0.0513154926967486,0.0502024505403665,0.0203892289258984,1.544789747884648,0.955823811933397
1552,0.010972519096835,0.0084140049109595,0.2996669452067373,0.1847887680173303,0.0714592292748449,0.0134803340462348,0.0341443589769611,0.0163754435923634,0.8603216145502708,0.6667093120096783
1553,0.0125414480173035,0.009342110392968,0.3551409493406508,0.1313012069903225,0.3360805589221974,0.0587259005722686,0.0491144812044107,0.0201858138518093,1.333150619646933,0.9508647368347654
1554,0.0181959869790761,0.0110383971092798,0.4035227975785098,0.110456214499056,0.3608270716834087,0.0160352825831223,0.068656677811467,0.0237103776213092,6.318101146666446,1.1331531583390246
1555,0.0105015020015765,0.0086763323692051,0.2656221555311432,0.0715110083219631,0.1142810690744303,0.0798054180020512,0.0214155641880448,0.0119546198357207,0.6173970104544467,0.0406193809511238
1556,0.0160385634446731,0.0104889502293046,0.3898953692566367,0.1140725622134289,0.3562704125061957,0.0289226370399218,0.0619159095784177,0.0228246348231443,2.8735204727663657,1.0843058608869085
1557,0.0102455016948673,0.0083130013475607,0.321955296319711,0.2330368708397913,0.2247032577482468,0.0535581489947531,0.0235539083733971,0.0126783073887264,0.6223399696186003,0.2199915466802122
1558,0.0164637864333559,0.0106026397082248,0.390834677890121,0.1130997397358487,0.3576200904972672,0.0251762650226815,0.0632460009705492,0.0229619610338652,3.3005844728254687,1.0989934056160626
1559,0.0101679398088516,0.0079964278871902,0.274084723295566,0.2135079786584844,0.0136775269699277,0.0075345379454328,0.0288085979937285,0.014537258812273,0.7410983301715082,0.4779971124710878
1560,0.0181344317058078,0.0110492875840522,0.4043522463968913,0.110442538252603,0.362881310848376,0.01616932274217,0.0685280421904235,0.023770810389985,5.858882053946959,1.1293619486701445
1561,0.0188617902739799,0.011160048135707,0.4399977766016049,0.109965356256426,0.3602851679345933,0.0137884816988987,0.0705892145266265,0.0238880571495192,8.407452965217647,1.1391241634832774
1562,0.0120896019611223,0.0090927435239306,0.3444300017928521,0.1400224693293372,0.3293087489991582,0.054608449415234,0.0456420106171812,0.0194581068224968,1.1792594307678688,0.9007959772729092
1563,0.0119192232513699,0.0089947318560988,0.3350592338054151,0.1451085180088952,0.3193218933984484,0.0532696003542792,0.044013777655885,0.0191694289561854,1.096132499582735,0.8735062750955123
1564,0.0106811869970682,0.0082775794057424,0.2956465640835726,0.1995852758743811,0.0422666138470214,0.0110097517153908,0.0325742431704526,0.0160271765404675,0.8477093354858505,0.6070988919966059
1565,0.0116689431787415,0.0088300828141882,0.3287997834965551,0.1507435332201845,0.284859300635784,0.0528098792068348,0.0413094664763352,0.0185616611099002,1.048686062167718,0.8314406327260534
1566,0.4535160929621893,0.0321712871005877,0.0001061297155758,7.460171606602009e-06,0.1636027718715361,0.0066860391941281,7.162756434521236e-05,3.838556786655968e-05,0.0003227504465516,0.0002139771668928
1567,0.010531422170698,0.0082201576217066,0.2982957611638239,0.1956656508630165,0.0599623949914674,0.0147960794932723,0.0326999720095494,0.0161677897494671,0.8623735594000109,0.6193112768470679
1568,0.4945967083590895,0.0178517855791324,7.142948751545717e-05,7.060270777427937e-06,0.1540187210423875,0.0078220725528943,0.0001034837399066,3.979446149900399e-05,0.0003545759686708,0.0002212563230535
1569,0.0105328731120418,0.008183528584559,0.2854970545586821,0.2108434775846886,0.0227036891642521,0.0079885392485788,0.0308828716850414,0.015359922357491,0.7789652793355728,0.5336482316405758
1570,0.0116584490068101,0.0086985798817404,0.2528202372388887,0.2186563766409205,0.0189011052002013,0.0110988792901651,0.0270760012183747,0.0132027909641016,0.6241898306127314,0.368872245217613
1571,0.4616004121421981,0.0307443674001334,0.0001084248640589,7.538132869383202e-06,0.1653195826898918,0.0066744706055614,7.36563028703769e-05,3.660931514859012e-05,0.0003088852926566,0.000211411213195
1572,0.0122488840643969,0.0091810335435785,0.3450943721544797,0.1362354216937338,0.3297033157663838,0.0643013806287022,0.0471216057861865,0.0198780765437208,1.181350917148272,0.9160381215746856
1573,0.0103313412184235,0.0080272873495463,0.2778069145099245,0.2133502718818958,0.0136350366859382,0.0075030599046584,0.0296251540441505,0.0147539524421144,0.7425316971442935,0.5042082661738966
1574,0.0141698103082324,0.0098695922753421,0.3710898296274439,0.1216924719607662,0.3494810904537427,0.0452056307065043,0.0557069657985072,0.021695391741816,2.017747660666621,1.0221942092771936
1575,0.0144735729676973,0.0099916431893485,0.3729835302036515,0.1198691356360688,0.3497859297693148,0.0433345461672157,0.0567877444117906,0.0219219737449919,2.0910110576715484,1.0348629774121516
1576,0.4736920321778345,0.0236629168954752,9.711584231520796e-05,7.691912982831664e-06,0.165278517439973,0.0071040912012514,8.462404861880602e-05,3.815144937882286e-05,0.000349063760117,0.0002152819187368
1577,0.4821832452834982,0.0268310813498823,9.219660191596524e-05,7.060551683038693e-06,0.1639233306742918,0.0081651480624925,8.375003571767784e-05,5.157688334544009e-05,0.0003154944980494,0.0002428713684737
1578,0.0183767536555101,0.0110774674950128,0.4060820323020118,0.1102740951528371,0.361244490801382,0.0153489832743222,0.0691779104186693,0.0237740436437169,6.717435929878034,1.1341280965952962
1579,0.0161616910580416,0.0105148934262344,0.3880428239412103,0.1140858046589726,0.3575249049858339,0.0274645601035397,0.0623572561388127,0.0229180354570221,3.104289040508809,1.0865015586044098
1580,0.0300958266096465,0.0088655274278327,0.2848026144386356,0.0265243391816266,0.0945357414869813,0.0524691457101939,0.0192158041593198,0.010289167761311,0.5899506567823061,0.0221285161123473
1581,0.0178856053411021,0.0110115174645163,0.4038697864492973,0.1104883872986415,0.3619903099641219,0.017431067175959,0.067895367053974,0.02375118958672,5.533276968949024,1.1272912621660522
1582,0.0117834095821794,0.0088938086811918,0.3315899167489542,0.1467067843432023,0.3155492429956244,0.0509154771344724,0.0433594941478733,0.0189608060230622,1.083856829556549,0.8608276347241987
1583,0.0244182957896866,0.011752266563866,4.345531435416571,0.1106229977996687,2.4461329470383117,0.0074437019231865,0.0851319593680999,0.0242853103943189,107.67363803188834,1.1693134140063224
1584,0.0139110995785122,0.0097535393503252,0.3679719911827664,0.1227848305435964,0.3467168648553295,0.0469221783778556,0.0544258927956059,0.0212930137884952,1.8573954043896623,1.0109997734266147
1585,0.00989809749344,0.0078729711157944,0.2740104781684193,0.2103569047015559,0.014462080913694,0.0069676380808584,0.0273831973194163,0.0143414252348715,0.727702030040917,0.4480027812973243
1586,0.0145934388777461,0.0100000316754641,0.3738714005119928,0.1196137871362836,0.3511175983024008,0.0415892712537062,0.0570495856937723,0.0219116659898601,2.0902718287326523,1.039595051507653
1587,0.0120383254181003,0.0090490881175714,0.3389330924950725,0.1410435877949055,0.3309160901745697,0.056752527901099,0.0450485965293002,0.0193327052698338,1.111542571883334,0.8909613339720043
1588,0.0123844664022167,0.0092912918360918,0.3518411252207093,0.1345070998872485,0.3375997006833672,0.0630571516540113,0.0481803463386654,0.0201429704053792,1.267338381578404,0.9385662078565308
1589,0.0196954095647583,0.0113280797785632,0.5220124304534434,0.1095192343560023,0.3607682380343746,0.0116893846019051,0.0729942166541493,0.0241019866458399,10.9679988884378,1.1496250505886318
1590,0.0247577288152816,0.0115160078390829,5.053549534758322,0.1119002646372377,2.9254892650766,0.0073801329900038,0.085211799426159,0.0237162844776261,133.62130054860043,1.1562189870583597
1591,0.010772946797445,0.0083654847294563,0.3026111762877682,0.1881336859382461,0.076239329483413,0.015956645142789,0.0338700809937575,0.0165218564956548,0.8887572986061515,0.6597292310771505
1592,0.0185070939282819,0.0111269386509089,0.4063456001349758,0.1100400590942305,0.3605902362310429,0.0145864147055084,0.0694926438883433,0.023739026738021,6.492147787263504,1.1394545250730326
1593,0.011116168838203,0.0085695909330722,0.3158427708375271,0.1708266521073799,0.1583971050081653,0.0331614302761388,0.0365016614957665,0.01746266037577,0.9658869310993484,0.7368950953646135
1594,0.0103023400621294,0.0080069335423271,0.2821976618189274,0.2081022483964485,0.0209637256389128,0.007878683658593,0.030134407557834,0.0150642625882374,0.7692546340989402,0.5247444422320076
1595,0.0121807069351089,0.0091460555887134,0.3448713351074902,0.1376505828820218,0.3354989646344168,0.0576677799466205,0.0467899956355219,0.0197335195948047,1.2210384708457211,0.911854389705924
1596,0.0201038836633289,0.0114022642815825,0.5508363832183439,0.1091435418030478,0.3581105499691434,0.011227451717058,0.0741761395860856,0.0241633399341225,12.905797329550994,1.1626854739473578
1597,0.0109144243766346,0.0084501958614516,0.3108083511699724,0.1767511197016593,0.1321502438845696,0.0277819774888415,0.0352511217805468,0.0170488339852414,0.9464236418735188,0.7041947049785777
1598,0.0101435024467284,0.0079186767039054,0.2786182959769822,0.2117328347713124,0.0143643252125783,0.0068817202963817,0.0293880490273058,0.014791745694071,0.741372944278289,0.4876709469598847
1599,0.010294184872775,0.0080251837154611,0.2782840116077488,0.2059009982087885,0.0221637190334681,0.0078916914429045,0.0298417626000576,0.0148812685939516,0.7365254902618213,0.5083710000549037
1600,0.0163502172079243,0.0105651673967558,0.3903298384579831,0.1133750959832035,0.3565838676756859,0.0257815286690462,0.0628586538690291,0.0229213471726193,3.311715705804969,1.0915392451545565
1601,0.0246539158755296,0.0115876778571625,5.048168945461093,0.1115562875029216,2.916853012579572,0.0073642080700697,0.0851672992700812,0.0238833913277392,124.60621219695943,1.1600281623737243
1602,0.022307431472618,0.0117061923454158,1.22269577196748,0.1093535361609625,0.4088269180172323,0.0082963852589067,0.080012983790838,0.0243988838239403,29.14014093954836,1.1761478500857698
1603,0.0117976797122541,0.0089160875395059,0.3324129498108331,0.147815970652897,0.3083825628053955,0.0509537261705594,0.0429082578103994,0.0189125083190787,1.069479410968537,0.8562553343354423
1604,0.0220582553041634,0.0116492106970204,1.3921937197227945,0.1092781730672312,0.5158858274302106,0.0086641855148298,0.0793530234271859,0.0243801143326957,30.37796065909556,1.172071225832663
1605,0.0100740697053709,0.0078506877060819,0.2431360417984618,0.2106521213493636,0.0182047356422662,0.0111584629531825,0.0247100748179993,0.0127040004085442,0.610741434431548,0.3351500594368709
1606,0.0610078749092843,0.009272267547992,0.2775409674591109,0.0146063303536282,0.0960296311883578,0.0219275873198266,0.0194289925551803,0.0099357222064436,0.6487596240721372,0.0131564196738509
1607,0.4661981857243336,0.0229555152426046,0.0001034135094688,8.04438835464174e-06,0.1645587389243528,0.0069896318211792,7.959676214659811e-05,3.281840080017361e-05,0.0003276656637764,0.0002051330113798
1608,0.0107903470348027,0.0083697564038653,0.3053182926483502,0.1842461431871531,0.0903885781821971,0.017330249992215,0.0343437213710428,0.0166963014414627,0.9035912589304028,0.6820151463536005
1609,0.0105636330990124,0.0081988938997612,0.2906013012812974,0.1993261783206312,0.0404571290542305,0.0113017229080701,0.0320320176573811,0.0157416852987991,0.8273089557674626,0.5810177094449746
1610,0.0107049582343318,0.0083381901648731,0.3077330090463185,0.1866070317279793,0.0942270258969429,0.020162287957419,0.0342028904952902,0.0167781867090477,0.9272280699503158,0.6779131231419905
1611,0.0105481110572209,0.0081658866520618,0.2858075854305518,0.2054551342216205,0.0256109265180205,0.0086749901385475,0.0311954249142974,0.0154021060802859,0.7771731055529312,0.5540337954856001
1612,0.0151903269982627,0.0101798386090632,0.3797624953625529,0.1174617686628534,0.3540772654680224,0.0345584328999348,0.0590665810846592,0.0222739156413462,2.561042080806555,1.0595550858159324
1613,0.0238886397059159,0.0116984764523781,2.96257865406842,0.1105111253936664,1.5456602742552703,0.0075912223458031,0.0836786674329492,0.0242075496951769,72.85521185866563,1.168829556205023
1614,0.0105591089232728,0.0081793361663838,0.2845197428937538,0.208330430009494,0.0240683389630106,0.0084109071426772,0.0309440325452533,0.0153287577962788,0.7904934059049273,0.5389294792045045
1615,0.5187927567421169,0.0159861083226901,6.504520378930121e-05,7.593623052294113e-06,0.1457797897294034,0.0115065120669175,0.0001534114788449,6.319155036939027e-05,0.0004879151758886,0.0002652019859991
1616,0.5211930193994643,0.0137537210003351,6.413772427874424e-05,7.192623935116543e-06,0.147857635626119,0.0101533481960189,0.0001168325074283,4.729289715909217e-05,0.0004208297642499,0.0002395340856917
1617,0.014648246520085,0.0100543033102574,0.3761333644706451,0.118628041285398,0.3502057318421643,0.0422537529168894,0.0572598579131829,0.0219514292167857,2.096053456663384,1.0455907243669225
1618,0.0140172785580483,0.0098239843356586,0.3706806989570132,0.121964449854257,0.3463532286124938,0.0482448620049157,0.0550414447614005,0.0215234042950896,1.8509410452325064,1.0148589957446257
1619,0.0106313777860155,0.0082341433677593,0.2869399075899028,0.2017363855856523,0.0344280797527712,0.0099799676468475,0.0317833378075338,0.0155540381130887,0.7938060744134524,0.5624641083709557
1620,0.0106708596125799,0.0086478096987084,0.4205961690136826,0.2911438106950241,0.0847782506432793,0.026999887746415,0.0235040997228846,0.0128263762477657,0.6274574318138675,0.2842921901789558
1621,0.010360867270035,0.0080420806508706,0.2640065675240363,0.2161922383038841,0.0142486461485717,0.0086155820801107,0.0276289091086582,0.0138812315608068,0.6846880755646033,0.4162467025742147
1622,0.0204650379214659,0.011508936549012,0.5456555748863214,0.1090856826907278,0.3613452130190616,0.0101324562137659,0.0752082242671338,0.0242695563172997,12.848148252283162,1.166240758998601
1623,0.0104632898138623,0.0081249290852053,0.2841828939103676,0.2085146579772781,0.0213250687368686,0.0081050815309991,0.0307930706996304,0.0152537566721877,0.7775414383550046,0.5318679086503605
1624,0.0096259224738548,0.0077778727857584,0.2574798314472302,0.2126774483992364,0.0160532335383879,0.0077501304262936,0.0247916114969725,0.0132795638677252,0.661058900605587,0.3788615751623962
1625,0.0149071049361041,0.0100801990522234,0.3781138984141974,0.1182670743076285,0.350872566359442,0.0375006496543667,0.0579307366050241,0.0219944592261043,2.323431321520692,1.0465959728528953
1626,0.0181913869965602,0.0110947330591832,0.4058612551801597,0.1100199363526,0.3617785532293074,0.0165222805193676,0.0688541825077624,0.023855130487374,6.364326565382841,1.1362307694133815
1627,0.5098439297799835,0.0160177147370902,7.065548536392904e-05,7.01626782915389e-06,0.151587653424263,0.0086598061963728,0.0001097868781725,4.1049572592514005e-05,0.0003909184915982,0.0002284072508774
1628,0.0103928679555613,0.0080448959573853,0.2753106228831831,0.213101951327545,0.0136713991110426,0.0072646083802139,0.0296128116682214,0.0147041793220479,0.7356171225115832,0.4876875050081233
1629,0.0223180958269143,0.0116933398383825,1.3649112951528013,0.1092557551612175,0.4995482424459184,0.0084338823458255,0.0800901897279536,0.024440936961439,31.93875473071745,1.1750778061479836
1630,0.5313213240320848,0.013540084570323,5.687327869415118e-05,6.654021527616635e-06,0.1417879938487081,0.0106423792230942,0.0001225462956629,7.73181229882919e-05,0.0004012029940974,0.0003040502276476
1631,0.0124656609813144,0.0093315880441765,0.3514571802367618,0.1319383465361756,0.3377303201081671,0.060918704731067,0.0491866906475648,0.0202920778573807,1.3327250779343105,0.945055851847292
1632,0.011934385107132,0.0089916026020607,0.3362029489559156,0.143622438628736,0.3264086272934431,0.0493340051957726,0.0444122594627664,0.0191534550715706,1.1689697307136573,0.8801004607375862
1633,0.0113382370459033,0.0086761889241954,0.3214196596348305,0.1601727331468571,0.2218659530573494,0.0453697983393172,0.0383818011138607,0.0179507604849221,0.997053856740159,0.7806190845779728
1634,0.010854953639992,0.0083931194392144,0.3053564643142218,0.1849634013795362,0.086871425928868,0.0159495532558768,0.0344541059485388,0.0166960150125581,0.9064345676169604,0.6846327701157372
1635,0.0131893125482217,0.009507654666566,0.3589771620288675,0.1286583122549342,0.349859261795361,0.0469699542103459,0.0518642819970942,0.0207433492296964,1.7900876897462172,0.976736259531875
1636,0.0131584080748802,0.0095807844625109,0.3646389480399867,0.1267217360991489,0.3436610377711094,0.0571681559725477,0.0519339492270917,0.0208974465838765,1.5272510510913155,0.9868552599628466
1637,0.012386328467137,0.0092822502865712,0.3556978665129464,0.1337578703320248,0.3357024745762909,0.063106100233464,0.048341020286235,0.0201325490263877,1.2693050892347189,0.9387144586404694
1638,0.5021960671789912,0.0170247975254782,7.704540168117577e-05,7.243420267723719e-06,0.1555512881672451,0.0080831357440118,0.0001035355299346,4.113129669234095e-05,0.0003477512618635,0.000225695551321
1639,0.0187787627645464,0.0112091132980743,0.4101891973286565,0.1097558745402896,0.3645353259288806,0.0140811303769615,0.0704677536742365,0.0239768969764766,7.211128764957795,1.1437080181707198
1640,0.0107513234560462,0.0083709744167356,0.3079803562806796,0.1836836396094315,0.1010664727389249,0.0221028695631842,0.0344219311119911,0.0168707816342666,0.922543579421586,0.682370389528815
1641,0.0127358139040168,0.0093677355740484,0.3515666274826062,0.1309003324821483,0.3437620452022431,0.0522868445447844,0.0500033302464055,0.0203248919831727,1.5090929574916845,0.9557274365624636
1642,0.0129783575423359,0.0095395051101039,0.3632374320370914,0.1272781576335069,0.3385106366875102,0.0631305082056087,0.0514276241768287,0.0208671142875197,1.4123669186585588,0.97638305513464
1643,0.0508896836186021,0.0098860661195595,0.2663876357762808,0.0266873367801827,0.090222171487066,0.0385603325756075,0.0211810459751966,0.0109080055822159,0.5990270617733687,0.0262659697746394
1644,0.0110199269583162,0.008505594944376,0.3142048203633778,0.1719425098378027,0.1553939385396431,0.0293068360672222,0.0361661948622586,0.0173522886086859,0.9574556866773574,0.7366134441118914
1645,0.0116231044786417,0.0088239766963456,0.3277653003345359,0.1525483789642736,0.2852773541861491,0.0439011906177612,0.0410983800792799,0.0184819521115615,1.040660375677169,0.8362985044869642
1646,0.0110170461269776,0.008274784266919,0.2650592185168325,0.2179539943651539,0.0144431958711508,0.0086564345169854,0.0291944135536491,0.0142315133019435,0.6971846268737911,0.4377002527410237
1647,0.0160387263560678,0.0105021632192176,0.3881046942710637,0.1140806847491975,0.3567093817850774,0.0291545444237029,0.0620937923658339,0.0229379798296223,2.99473958284113,1.0841801428859414
1648,0.0122470385322078,0.009193861860236,0.3476414732281516,0.1370585710275644,0.3325773305670323,0.0638941027805626,0.0470237902200139,0.0199122135891642,1.1762292519948645,0.915933597675588
1649,0.010837933163462,0.0083786390753026,0.3030965541165948,0.186674913431871,0.0749238703513349,0.0155775329927225,0.0341025039350013,0.0164923199097655,0.8841342179749733,0.6625707562743339
1650,0.011170082061357,0.008598046292741,0.3161046670772195,0.1687681463215142,0.1681841918262526,0.0285629926247751,0.0369572126769572,0.0175672514376219,0.9665002834485832,0.7538288471974102
1651,0.0579634623567946,0.0074325416957421,0.2280817882503853,0.0075325702109914,0.0970072927482203,0.0152737954121892,0.017835670390988,0.0087919296638255,0.5384781887641067,0.0089392480022607
1652,0.0100921739342067,0.0080189833131415,0.2714389859679584,0.2129076980812111,0.013649647341789,0.0077137106995876,0.0283248790040602,0.0143973398189485,0.7190292656599294,0.4733069851023898
1653,0.0235223987306144,0.0117422174699972,2.077240137281372,0.1101810076238093,0.971636249746734,0.007615742344788,0.0829093577342695,0.0243111562668767,52.156107579021686,1.172201151197016
1654,0.5271675383626524,0.0140827641027057,5.918010669919031e-05,6.576241574862554e-06,0.1426227239914166,0.0097301282636752,0.0001075594495641,6.02334801051103e-05,0.0003849010046364,0.0002653484997877
1655,0.0105308842078507,0.0081412154739159,0.2764184086832463,0.2131903215996694,0.0153303410427748,0.0074232695090134,0.0298045318345324,0.0147361121893796,0.7384875959766529,0.4935263718721143
1656,0.5491556787318154,0.0164506557115192,4.205605979472787e-05,6.762945987951301e-06,0.1291568222681383,0.0135700085093642,0.0002399139562093,9.004914149067656e-05,0.0006993236433424,0.0003209968774009
1657,0.0116998228504145,0.0088438357083398,0.3304250334951873,0.1491364701220147,0.3045858191744954,0.049421947304575,0.042421874958342,0.0187660160432196,1.0556235018869076,0.8465542960332146
1658,0.0099563790939262,0.0079668815250308,0.2729273825249647,0.2162205117858534,0.0140017477618999,0.0070970104865515,0.0269847186371152,0.0141578415038113,0.7121216209140796,0.4368398568303027
1659,0.0138244941465604,0.0097429322755217,0.3671958913920147,0.1230042869607691,0.3457847488633236,0.0488212292338864,0.0541626331546115,0.0212574601201342,1.7656088473082583,1.0091297663025545
1660,0.5100643451473967,0.0183021810041207,7.07261313776004e-05,6.850732412550964e-06,0.1509703991540856,0.0106069649680654,0.0001559952821343,6.276602823534322e-05,0.0004978851823751,0.0002648810316502
1661,0.0110955430098069,0.0085076126580133,0.3171197190855986,0.1657832526444254,0.1920162023054286,0.0413638882514951,0.0369829183609414,0.0175863486173958,0.9721959550662566,0.7473862708732941
1662,0.2639972089464186,0.011599367575576,0.3004102778159683,0.0084329797319471,0.0800924060425492,0.0275053627686367,0.0176936606930879,0.008628217838617,0.6526188117452716,0.0090716852107874
1663,0.0167511881308606,0.0107976700246087,0.3992043586983894,0.1115207064151795,0.3597122067517639,0.0253105825038426,0.0644853357832569,0.0233989929032865,3.2469960564740403,1.1055729834662316
1664,0.0174979802183466,0.0109318732514653,0.4021081431032501,0.1107592532233388,0.3606462846139234,0.019457853232582,0.0666823360017579,0.0235571383086123,4.725524236214195,1.125039011317699
1665,0.0208805045949119,0.0115100038550624,0.7481433235997157,0.1091754022174065,0.3560001395914129,0.0098562341955037,0.0762238530522872,0.0242476866908578,17.16168956818018,1.1670455911365631
1666,0.010287959159311,0.0080629652500971,0.2910280159208026,0.2031619604520674,0.0392656396737909,0.011906309515374,0.031032205074618,0.0155782636366528,0.816311209779219,0.5587145136104306
1667,0.0117949703117192,0.0088943018820183,0.3352759789484509,0.1455292054198305,0.3102306273940231,0.0602418229304565,0.0431743409711565,0.0190278787855759,1.0627595706145745,0.8564928511264744
1668,0.0183754929886175,0.0111104878776246,0.4065274448640329,0.1100733997243608,0.3630699637917125,0.0151023952438081,0.0692331686088625,0.0238142614890182,6.081293524716303,1.1370140877639046
1669,0.0116227499171715,0.008824612032715,0.3291531968399027,0.1532065713429455,0.2918943448885989,0.0480560288918949,0.0413683902489493,0.0186154616462083,1.0602960543054354,0.8353749316945234
1670,0.011073600227328,0.0086661364689509,0.2911183256305902,0.0151954041661256,0.1343759306963747,0.0743252160041886,0.0201467413899398,0.0108955790307502,0.5945374076258146,0.0155183201779097
1671,0.0140096261857477,0.0097825544534595,0.3657724126266632,0.1234527234805726,0.3518001999972718,0.0438881545235268,0.0549220404667568,0.0214446668819788,1.972947470869748,1.0181431785182966
1672,0.3624977343283156,0.0094661697782836,0.2437665801604043,0.0144832213771093,0.1062975931053274,0.0363822811399638,0.0183667939414463,0.0087657282847932,0.6114876087882233,0.0151739739774773
1673,0.013567402427174,0.0096934496407163,0.3670969473697841,0.1243527349858873,0.3456856441610015,0.0516622027495284,0.0534007617106533,0.0211546189034626,1.733624062697172,1.0004032773058205
1674,0.011792138649625,0.0088984406951826,0.3342868724323744,0.1476599157402957,0.3022966529429075,0.0470329109391672,0.042602529955488,0.0187744715304278,1.047478433668803,0.8522449820409654
1675,0.4869444288631633,0.0242779690180055,8.876508289489148e-05,6.97913481129598e-06,0.1612207628598643,0.008844006418701,9.827284550652249e-05,5.750740145395464e-05,0.0003617851707052,0.0002558953514035
1676,0.010128062560527,0.0080455750089188,0.2701688327102406,0.0446682080169223,0.0992987440056564,0.0593555294952368,0.019484490745603,0.0106939125173769,0.5496995069967082,0.0281830810531786
1677,0.0183320076646479,0.0111604590475274,0.4084643072135596,0.1096656818484791,0.3638027550434209,0.0159007412350906,0.069254571938801,0.02389203906258,5.884226171389906,1.1422381834264663
1678,0.017864548035703,0.0109600482437286,0.400981928786153,0.1108829859319013,0.3604596182265831,0.0171575348987671,0.0675982256642061,0.0235608647465159,5.452144597560832,1.1260647563947357
1679,0.0121479713387379,0.0091234926983132,0.3420340256461569,0.1376532399011115,0.3302753698161099,0.0585384507931987,0.0464346388174885,0.0196465518346538,1.1957343560906015,0.9057858401302384
1680,0.0123646242142833,0.0092602058832643,0.3502809045509019,0.1334332665353569,0.3369157290966891,0.0579923449578338,0.048421705800942,0.0200425147978764,1.339893760608917,0.9363066220316452
1681,0.0105266561456906,0.0081666883217431,0.2828108012143658,0.2102977122550179,0.0275746541707342,0.0084594318929625,0.0306818860943344,0.0152470256090841,0.7831161763906711,0.5276309835353183
1682,0.0245986454427369,0.0116812376875328,3.8241049397714,0.1112191100980492,2.122233050534608,0.0073113706239919,0.0852819984038134,0.0240670353250409,102.5816898381826,1.1646498175645623
1683,0.2886625624660086,0.0099686621339334,0.2569726919256027,0.0118462986208934,0.0965912835075786,0.0342789669638724,0.0159706491160949,0.0078216784238526,0.5650697317108202,0.012382311393884
1684,0.0106824034535205,0.008174190372046,0.2645026818905206,0.2143119847792415,0.0138264696926403,0.0080029137680973,0.0290224725236599,0.0142373294985672,0.6949595757937086,0.4480109628135138
1685,0.0115741278686661,0.0087857300074224,0.3316675944299847,0.1531587405386463,0.2693738698928117,0.0517512200581479,0.040487117417238,0.0184173990044151,1.029586785280266,0.8220578500057938
1686,0.0123078454615454,0.0092303939187798,0.350135561461304,0.1347900965034842,0.3395317980701337,0.0527363796370389,0.048093993418933,0.0199194882602443,1.3806272242301767,0.9325228483316558
1687,0.0116542868031519,0.0088273541356087,0.3331192346676728,0.1498146296392747,0.288962061031867,0.0636584459450961,0.0415869608244389,0.0187677065341381,1.047900997825337,0.8326431953336385
1688,0.0149884660993593,0.0100894906483017,0.3771368791702776,0.1183599321686192,0.3523509254279965,0.03626810028333,0.0581695929994395,0.0220144536235539,2.337449712131763,1.0495649380468717
1689,0.4798284475675484,0.0242920222748099,9.37361282004756e-05,7.478931643112339e-06,0.1652523638399171,0.0078496509597371,8.694418462617985e-05,4.084222086054185e-05,0.0003217132287961,0.0002199812309107
1690,0.0237945693663661,0.0117611973439674,2.713865458452533,0.1102161885733617,1.3858283182807876,0.0075649785904875,0.0836819137979396,0.0243852202495475,67.16360242912044,1.1709652124058578
1691,0.0131124755347898,0.0094967303245038,0.3539466481458545,0.1283289474458535,0.3456430876713837,0.050898543405815,0.0514597160253836,0.0206675997249817,1.586153998066281,0.975249547596553
1692,0.0240338760605193,0.0110057221626958,7.640560710100745,0.1131457497907492,4.578485753939662,0.008362253165093,0.0824096101436272,0.0229673676941239,183.0775354875496,1.1258341555976183
1693,0.0171064728907972,0.0107693808209334,0.3960048496304603,0.1119068494789276,0.3591412352216572,0.0207814602943238,0.0652574941873797,0.0232650085437999,4.094060255209015,1.111167089995671
1694,0.0160529912279938,0.010465290312251,0.3894602319072447,0.1142634573014057,0.3559026832074506,0.0280672607143063,0.0618517431456203,0.0227417717550673,3.0711993530856345,1.0841136200159878
1695,0.0173531396718343,0.0108612665658486,0.3996054861593169,0.1113092172521211,0.3603672439726277,0.0200959264434141,0.0662063411255775,0.0234927086200786,4.767711048931346,1.118659067261065
1696,0.0109264579481728,0.0084356263767991,0.308467740611321,0.1754014148220627,0.1343849208057158,0.0244511386589771,0.0353672640555568,0.0170326464941155,0.9248809903780092,0.7082143759062859
1697,0.0160017371947406,0.0104420029636449,0.3871136888500878,0.1145132373764803,0.3552301998355583,0.0280929709225182,0.0617112618648757,0.0227424477254072,2.968751759593195,1.0786629291247256
1698,0.02405307472619,0.011025831871553,5.628243501468485,0.1131796688842712,3.286640577967897,0.0082999573399451,0.0824627066379109,0.022981978937489,145.9106955621265,1.127300854171283
1699,0.0133523604342705,0.0095767811153419,0.3604149681699079,0.1268992751305455,0.3490429171771594,0.0471421597257709,0.0524144281024139,0.0208440212642628,1.7600294142408557,0.9860779829230676
1700,0.0185168017104298,0.0111787981452746,0.4095263432875192,0.1096295016846573,0.3635539355541745,0.0151200522937111,0.0698116964855107,0.0239522861022114,6.685681052987074,1.1436500919556445
1701,0.0120247916568199,0.0090458687021734,0.3413285617663096,0.1408957249540526,0.3245151918245125,0.0633793360410705,0.0452873310663761,0.0194908123513706,1.1090938955540102,0.8901376066924332
1702,0.0160621602413388,0.0104633408335877,0.3859585244423849,0.1144075444015252,0.355999219139644,0.0275942633550229,0.06198049015076,0.0228136112505272,3.11988618241595,1.081524003046943
1703,0.0106033593748617,0.0081145786309632,0.2733195376107525,0.2091495201678762,0.0201075884388157,0.0080806450179206,0.0302225830255663,0.0147487353421248,0.7248771859813589,0.5089664065821968
1704,0.0180198585585242,0.0110227189719743,0.4037561970806556,0.1103561537273958,0.3606054608693272,0.016752031106415,0.068152527887108,0.0236575415789847,5.6742819129496125,1.1321736842549317
1705,0.012343793156229,0.0092538256089273,0.3521820929285829,0.1338400377804796,0.3327703293686417,0.0655884266632301,0.0481892051059449,0.020137698730292,1.2387715551182832,0.9317531117583095
1706,0.0185490511568881,0.0110963922675099,0.4048720155652694,0.1102254428384663,0.3601360489053783,0.0148726840447981,0.0696717858600658,0.0237923886072694,7.388673328647695,1.136838315197896
1707,0.0130380920542135,0.0095244370183954,0.3627780351972176,0.127516831584559,0.34154851973284,0.0577580898733641,0.0514985144193148,0.0207998380168445,1.503719749389958,0.9761192583889564
1708,0.0113860052766496,0.00868120461096,0.3219490672545769,0.1594013519372353,0.2291891332335118,0.0387285198458088,0.0388272160115192,0.0179734869825384,0.9943308948986428,0.7914045767253687
1709,0.0138306260526251,0.0097768325471221,0.3699735573673807,0.1225741982685946,0.3442632822626306,0.0512713692449671,0.054424987337159,0.0214127369668108,1.7640338397392317,1.0075864333014033
1710,0.5168349792598156,0.0178470599573017,6.570038618061635e-05,6.3144049861032204e-06,0.1451812858121824,0.0086925135567693,0.0001115791901347,5.3840930688639e-05,0.0003811357877097,0.0002576477909872
1711,0.0123149098113668,0.0092354466279885,0.3494620363370895,0.1354061890201577,0.3364713077774561,0.0607283899355382,0.0477057505076666,0.0199758295287017,1.268499791809807,0.9309592758226634
1712,0.0205543702967664,0.0114415187423826,0.6969222173286863,0.1094124378922901,0.357486844860759,0.0099905509477379,0.0752485199213396,0.0241424869952299,14.890046133538316,1.1623887849316843
1713,0.0245958730651522,0.0116204102878457,4.973874758622556,0.1113048980417824,2.8648495996106167,0.0074002357269404,0.0851501401776804,0.0239703002386106,123.35473421347646,1.1618416446983382
1714,0.0121877216333085,0.0091493437026302,0.346245591049467,0.1380497997049695,0.3299190808122641,0.0551157126357315,0.0462806851926693,0.0196093938643856,1.21711249039319,0.9074886974998144
1715,0.0189066820904531,0.0112078280661057,0.4082364071051957,0.1097088769699125,0.3615370206644761,0.0136665415321917,0.0708008177457337,0.0239620306002158,8.053752636231732,1.1418856473983223
1716,0.0150717270259062,0.0101176081627032,0.380829955473969,0.1177954453509945,0.3523956149188393,0.0352210562310758,0.0583676059104977,0.0220281555619243,2.373386884767382,1.054603995928893
1717,0.012195063969287,0.0091564917929844,0.3469504527552295,0.1374623110949203,0.3312119220991729,0.0628589263273589,0.0466390414157621,0.0197877422993884,1.1706772468045166,0.9114706516995024
1718,0.5034651665391732,0.017769229880022,7.622310776992534e-05,7.011172201817765e-06,0.154676162795763,0.0088325917875695,0.0001029660859636,4.943587779176148e-05,0.0003210616587118,0.0002423222250858
1719,0.0223044774762966,0.0106132434923732,9.003830016074687,0.1133335569697642,5.360753145007415,0.0109929435340725,0.0773210609197808,0.0224252617458702,192.1197465790529,1.1042996949933468
1720,0.0148509046807021,0.0100512418464658,0.3770476597632083,0.1189632232904134,0.351628113308045,0.0375603687660334,0.0577837222222421,0.0219975799299255,2.2933802811182287,1.0445966709842462
1721,0.0175238450219541,0.0108508065477266,0.3993502834255949,0.1113985502994084,0.3582807225865239,0.0186553793728112,0.0664664347619307,0.0233555941195021,4.992323526498095,1.120136228380339
1722,0.0147907944019414,0.0100843549270653,0.3759657784314332,0.1184949301448165,0.3513128735146948,0.040251276751465,0.0577722718293564,0.0220536999404695,2.212087972365557,1.0468612337981982
1723,0.0211331911672857,0.0101630521593054,0.3962024683104756,0.049787362643954,0.1075456120276537,0.070277523688292,0.0206163243015057,0.011804033624127,0.6208796173938534,0.0455390810321229
1724,0.010394047585654,0.0080885804039922,0.2862206806836267,0.2121531073057417,0.019463892244814,0.0076982890197425,0.0304586448269191,0.0152398668952401,0.7964339589590225,0.52925861266136
1725,0.5163780118157232,0.014481484411678,5.700974236295311e-05,7.201337287379958e-06,0.1443424464566255,0.009880184264883,0.0001117843921129,4.573373505625712e-05,0.0004473115037545,0.0002369389084037
1726,0.0246271495524155,0.0115229164681072,4.822393209025726,0.1117887563612015,2.7675571440391264,0.007377904817708,0.0848786853930094,0.0237166374865891,121.16596888290889,1.1588072475185056
1727,0.0286943668179155,0.0088234949382299,0.2568547728366085,0.0261256686094537,0.1090785985210997,0.0573605560700405,0.021407883706384,0.0112474742900644,0.6351207578756811,0.0221300443268902
1728,0.0237185893576358,0.0116984792910922,2.415118555531208,0.1105560844345726,1.197663462260326,0.0075822298736185,0.0832891682582616,0.0242503206066778,62.24268556201638,1.1657671062550885
1729,0.0209628694876757,0.0115342843819885,0.9381121467030632,0.1092134600237782,0.3577320799791294,0.0095961461194971,0.0764710082312591,0.0242927987936066,18.506846726893414,1.1649231204529198
1730,0.0209520254987359,0.0115412662524137,0.815429986693323,0.1090501721594833,0.3574236776499661,0.0098153642454581,0.0765215831887155,0.0243396621639609,18.07810990572754,1.1668221648478
1731,0.0121383734176477,0.009126964060887,0.3436068835317457,0.1383809980254812,0.3344893094030327,0.0567959786107303,0.046416271678775,0.0196411997838912,1.2158206203879365,0.91198773004191
1732,0.010746585257792,0.0083551431359767,0.3032685143596011,0.185354856911572,0.0800556053601933,0.0177991111188533,0.0339727902861106,0.0165378211013281,0.8800493852348172,0.6649751296122405
1733,0.0194730933373528,0.0112956912917999,0.4210142994785026,0.1095948626958445,0.3613607188454648,0.0119944725532025,0.0723527284406837,0.02405046874374,9.507176322661806,1.1472071392274497
1734,0.0123748003062986,0.0092712191779728,0.3496315068553396,0.1335499992540195,0.3398358975010261,0.055310959383143,0.048507835434744,0.0200413908413581,1.3814068879655343,0.9396693458902156
1735,0.0145323185339204,0.0099958622601332,0.3745594865250649,0.1193003458466373,0.3484813878759243,0.0437218618530141,0.0568337822935588,0.0218830313409472,1.9994835706046603,1.0354088580785754
1736,0.0157814797993804,0.0103800260795808,0.3855085068526709,0.1150477497782865,0.3548778037967296,0.0300857419724783,0.0609147955861139,0.0225517416711184,2.7438209729528245,1.076608207258093
1737,0.5366113599473239,0.0142673122148429,5.283365579650345e-05,6.44290090591982e-06,0.1402079635803924,0.0112369774715439,0.0001624994984581,7.769558534283759e-05,0.0005088275981109,0.0003020384534169
1738,0.0246111407128002,0.0112661717997844,5.787616422130154,0.1125721037924338,3.3883679757869203,0.0076405614875684,0.0842493516163417,0.0232499865941901,153.27974240532944,1.146215495087557
1739,0.0122633813224687,0.0091854561968171,0.3475353736003235,0.1351092856463126,0.3373376257408506,0.0551932158679495,0.0476791235833522,0.0198661559668639,1.3392221555168051,0.923256521461718
1740,0.5403498217546163,0.0122918001271558,4.5619233219315386e-05,6.556264093299516e-06,0.1362599363356539,0.0113398133463853,0.0001355777498815,6.971494572636453e-05,0.0004892340982557,0.0002860705072138
1741,0.0106358346227491,0.0082352059505216,0.2952485406297996,0.1977097828685275,0.0479364830783807,0.0120811137378168,0.0325138508640895,0.0159558220202098,0.8408455412326938,0.6096242664723347
1742,0.4345146535822129,0.0360329664748737,0.0001421063220606,8.610731899815214e-06,0.1994114871702365,0.0080912265211273,8.293792372148539e-05,4.44510303869314e-05,0.0003285321136476,0.0002217524381803
1743,0.0106097314992541,0.0081298141024482,0.2661296428332788,0.2152987923183459,0.0137612801169494,0.0081621959924291,0.0288916642347716,0.014196550315472,0.6887986782579123,0.4601492835910289
1744,0.1526505777633097,0.0132383052990783,0.2571404982952829,0.0066523741416807,0.1692295839668177,0.0800586252183061,0.016610220107782,0.0068975827215827,0.6859216061563947,0.007045438142869
1745,0.0122255138488875,0.0091822172794543,0.3470625910287606,0.1364773833540524,0.3368469934745833,0.055422169949766,0.0471386778457411,0.0197680147100672,1.2696444959966309,0.9189617868987916
1746,0.0130263973136346,0.0094924046761886,0.3600675323512953,0.1281747342927025,0.3433575680691816,0.0540774391051837,0.0513261439941251,0.0206854363643567,1.5650317521637755,0.9715716154712372
1747,0.0128209580668951,0.009448006483457,0.3600262219648217,0.1287896750351062,0.3370783324433339,0.062759564381345,0.050801347782511,0.0207217255654239,1.3915339737186208,0.9635178061303415
1748,0.0198859364905385,0.0113683012951036,0.5151668624342408,0.1093569775043705,0.3597203030737151,0.0113677634593245,0.0735229878571385,0.0241320404726058,11.760013810699608,1.1530566654094323
1749,0.5067063961933969,0.017114410211298,7.304808983029977e-05,7.191534240621052e-06,0.1521059461331986,0.0095930630987728,0.0001084795158483,5.550353510711503e-05,0.000391052675745,0.000252712823353
1750,0.0128280133369517,0.0094074157441356,0.3541054126470754,0.131124196813154,0.3476076882844061,0.0518849118901785,0.0506605575473626,0.0205870694611364,1.5933217729727354,0.9628179335751136
1751,0.0159822275033216,0.010450731833741,0.387858734397165,0.114405654260873,0.3558105892346105,0.0289231602000956,0.0616790594032571,0.0227575206487544,2.87043097528702,1.0797960534735762
1752,0.4390890848003279,0.0329278224208601,0.000120523244008,8.319821915836841e-06,0.1781032455832035,0.0077910122503678,7.14561206678405e-05,4.098311645986054e-05,0.000299104990684,0.0002144004624902
1753,0.0120910925970725,0.0090814725777778,0.3434626040909175,0.1395055120944384,0.3255900666871043,0.0652809347704415,0.0458440374589414,0.0196186486965834,1.1219790460698469,0.8957196731648058
1754,0.0247232146757936,0.0115300690938533,4.605930728575162,0.1118751545113166,2.6333991675757784,0.0073565665186726,0.0851229393219816,0.0237184961425443,120.29989102752688,1.1579932130311414
1755,0.1860355852657422,0.0086878770870556,0.2428466592082302,0.0076743613229066,0.0740019714906872,0.0203178273155622,0.0172597457120872,0.0078180264044153,0.5454413447847664,0.0084487179108274
1756,0.0153979448579702,0.0102196414401512,0.3813620921203768,0.1166369961524287,0.3532782604983973,0.0322149839999115,0.05954806668556,0.022243722047328,2.6468123722553,1.0642390972898148
1757,0.0290114810124024,0.0096909483541971,0.286862676271116,0.0106616811979312,0.1178268477965393,0.0535933613939166,0.0204349171832563,0.0110702478654432,0.6200983914316505,0.0083010678117706
1758,0.4554926123432481,0.0284397625196681,0.0001029549027124,7.680025543486743e-06,0.1632453078703606,0.0068158683013861,7.24950964113436e-05,3.621734448202938e-05,0.0003196200780518,0.0002116690020501
1759,0.0111240720483474,0.0085767757062277,0.3174949025341519,0.1702789856305724,0.1750402121452292,0.0322627063396981,0.0367439865423112,0.017547895236487,0.9770758590654116,0.7472640411516308
1760,0.0240898444300925,0.011739331859534,3.3381449931043616,0.1104211744585655,1.785550432681564,0.0075065448448526,0.0842706927005278,0.0242502282156403,81.44154423146682,1.172450711632258
1761,0.3872566613656718,0.0558449439408107,0.0002287756263535,1.0708176796356971e-05,0.2625548543575861,0.0068003023730116,7.475301039761066e-05,4.087799060805045e-05,0.0003480238128867,0.0002020569952445
1762,0.011576774946356,0.0087907082067738,0.3284853516348667,0.154657758908261,0.264567930460525,0.0542975448855501,0.0405951997198057,0.018494160329854,1.0566150915787222,0.8168383698989264
1763,0.0173626065235693,0.0108463417744758,0.4001229999205808,0.1113503904270957,0.3594666230206171,0.0194064674991243,0.0660353138853803,0.0233648655577242,4.365364580502363,1.117268208025332
1764,0.0153393569986668,0.0102374965428565,0.3817027898157579,0.1164324034728899,0.3532273201303846,0.0339747694841414,0.0594313636139585,0.0222821986406632,2.48365802967624,1.064294721308868
1765,0.0184756745717773,0.0110934125358575,0.4049136505472036,0.1102389848702679,0.3618268279221555,0.0146121060205725,0.0694652706974001,0.0237770245583907,6.537741542414942,1.1387588032573637
1766,0.2200077357117559,0.0132019287560465,0.0085155024409664,0.0029395419168314,0.275699080985879,0.0065743823203436,0.0021428027156742,0.0002401289264658,0.0084405633423974,0.002947034847431
1767,0.0108517356498192,0.0082954772240085,0.251140667972842,0.2150630978895014,0.0174280349755012,0.0102036095072439,0.0264125990267374,0.0131336841977027,0.6268281734840861,0.3681667522966561
1768,0.5113580319441582,0.0167938175899333,5.901674294911516e-05,6.977646787110629e-06,0.1433790464478539,0.0089576989107736,0.0001059030861291,4.829354129185069e-05,0.0003716118772415,0.0002460499688256
1769,0.0135323185334326,0.0096539794643789,0.3648619037214798,0.1249519029805727,0.3453771689794768,0.0494298955287808,0.0530386728014711,0.0209895224839198,1.6917654087313732,0.9944686127849612
1770,0.0126631071235708,0.009355165161805,0.3568606463867872,0.1306404276902607,0.3370393099573008,0.0561521499810069,0.0495583141059843,0.0202526046398452,1.3972644488331556,0.9520356537385782
1771,0.0226911458698568,0.0116869330589452,1.4116590106887206,0.1097418621210367,0.5329346524454951,0.0080241885387405,0.0807994370728989,0.0242763298915162,34.91218493665411,1.1746298225664218
1772,0.0091271533655618,0.0074159901415734,0.329537084704502,0.2056608433900037,0.0743074333889196,0.0387286588665246,0.0230302585511951,0.0125141416481422,0.6451026561257518,0.2095726018567428
1773,0.0109011933512471,0.0083817764152218,0.2999641675307588,0.1877601877110298,0.0661861416864262,0.012363056240019,0.0339787391977372,0.0164276623724783,0.8732371811035248,0.6633907851479158
1774,0.0105457988203791,0.0081752110978402,0.292546698247059,0.1976368365268293,0.0479727224040943,0.0119711773045257,0.0322532464961057,0.015887978900432,0.8326936378096091,0.5996880976499142
1775,0.0100938071112877,0.0078074217150559,0.2593861763173753,0.2133709820784849,0.0140429825534481,0.0089994910168229,0.0266695053394001,0.0135131154208131,0.6825431769425195,0.3887248119255972
1776,0.0147671325424472,0.0101216850606817,0.3788568688000259,0.1179576560125491,0.3502228069174331,0.0425199386062051,0.0578362424721548,0.0221606637376692,2.140146377896804,1.0482893470370849
1777,0.0107146775590561,0.0082003153499107,0.2761777124409857,0.2135720774093244,0.0137116135489319,0.007639733039572,0.0302559957461809,0.0148063277066022,0.7345756860290849,0.5120011990328152
1778,0.019134954055992,0.0112890441294435,0.4295950264001617,0.1093512934456642,0.3632148931095457,0.0131565170760276,0.0715473233128954,0.0240658294515655,8.49001395684174,1.150872366217783
1779,0.4751219663870172,0.0225749618679977,9.646832984050568e-05,7.79830291838247e-06,0.164517050063494,0.0076994352911113,8.362395513742813e-05,3.7478698590443e-05,0.0003070104969438,0.0002114913373663
1780,0.0099510162670403,0.007867876973795,0.3091350104508978,0.2371520738312119,0.0282853623470936,0.0095682624042311,0.0242884049169479,0.0128668181555944,0.62562900406554,0.3344675278219339
1781,0.016444304671269,0.0106410376188368,0.393166185953588,0.1127576010247033,0.3573877958325935,0.0260340518637128,0.0634152962698012,0.0231185362133162,3.455432913655652,1.0995883633541643
1782,0.0372959538928839,0.0084361359465006,0.2949079384463308,0.0382885484677813,0.0961468566943556,0.0610316161935267,0.0224304586975188,0.0109629741271691,0.648723287943796,0.0365204367709489
1783,0.0145057611549381,0.0100294888610636,0.3762563002065315,0.1191112932111207,0.348895451534736,0.0450531899970725,0.0569654400865955,0.0220034127205425,2.033445902818298,1.0392637122742443
1784,0.0141685433658772,0.0098266257060977,0.3696457448141377,0.1219798216196138,0.3492808136226618,0.0430808857085474,0.0554000445512205,0.0214943738214278,1.9889626332819408,1.0206240593418736
1785,0.0189629409712127,0.01127007492276,0.4434526649105064,0.109303353303801,0.3628782685469588,0.0138900217729334,0.0711468926022445,0.0240643523777932,8.257746734227958,1.1526624464122874
1786,0.0127580751246046,0.0094455130857114,0.3595523508063007,0.1293835918672989,0.338451053168904,0.0609793781476722,0.0504225382423403,0.0205781018626235,1.4017553548914834,0.9611743432358942
1787,0.0123865528582117,0.009282724622129,0.3514471758095691,0.1333635382328247,0.3350168957274458,0.0627504512625405,0.0484493419541729,0.0201857864182904,1.2834394866110486,0.9355219362761475
1788,0.0106374617860795,0.0082596627969721,0.2914382755465827,0.2027423000792152,0.0391372203844892,0.0105798272054363,0.0320836869825559,0.0158442415209875,0.8290416918275137,0.5851130393742521
1789,0.0105812777576299,0.0081401282093653,0.2818952894193257,0.2102340586640402,0.014869169336275,0.007541137526358,0.0308069998952368,0.0151693685008915,0.7617357625720885,0.5348452850906195
1790,0.0222982045315068,0.0116980462302724,1.296960838583996,0.1094159049041096,0.4619123505377381,0.0084053241938867,0.0800692487872514,0.0245014284353999,31.517685285790847,1.1694797928371496
1791,0.512504956221547,0.0180538678445308,6.169721750642333e-05,6.626678611513656e-06,0.1469073278193337,0.008127092525844,0.0001115818832148,4.634384634572696e-05,0.0003966127000057,0.0002398047350441
1792,0.0195215079257373,0.0113423447813053,0.4830098443526576,0.10928399013902,0.3628933536860556,0.0122629285656516,0.0726679792028344,0.0241556340795677,9.883782676654723,1.1565451598133163
1793,0.0127466779127084,0.0093981668273986,0.3562198785589948,0.1307348298761781,0.344983914768389,0.0529566577691231,0.0502234247342185,0.0204478683840013,1.5335637677903156,0.9566267746958096
1794,0.4188953928993392,0.0417520988563361,0.0001649549179647,9.096007351453538e-06,0.2278174411304789,0.0056794403201907,7.926551236351755e-05,2.978596717508885e-05,0.0003530917144184,0.0001894642802584
1795,0.0105373852136331,0.0081675188688768,0.2882762985029891,0.2038525653395365,0.0301420146665554,0.0093211581903761,0.0314699766196043,0.0155426629286411,0.7960514607934435,0.5651024503721749
1796,0.0108349994993901,0.0083689151718547,0.299536310373215,0.1900496595330083,0.0633514773996224,0.0132331980967833,0.0337078629426101,0.0164052382879518,0.8804375647443146,0.6530831784991186
1797,0.0148158612394215,0.0100730915317539,0.375334938553357,0.118418046286564,0.3506453279770103,0.0389061520044768,0.0577328354639608,0.021996653725788,2.23162939053222,1.045273485378786
1798,0.0154022643461124,0.0103269805088349,0.3818015009084743,0.1158662964551274,0.3537317910708613,0.035098953011941,0.0600819611632338,0.0226198321896261,2.584506315084207,1.066688848503225
1799,0.010233248386143,0.0081278954479953,0.2619582214963717,0.215683842686287,0.0141182510116658,0.0086126195665766,0.0275866943816011,0.0139790006583833,0.6762673695285625,0.4330631197113031
1800,0.0133458716473197,0.0095897049345379,0.3660550557656766,0.1262935904056342,0.3474736414640791,0.0483453478383504,0.0523048151456662,0.0207972136672395,1.7233527889393565,0.989747409481206
1801,0.0101153424032939,0.0082457191619051,0.2719115739063455,0.0500857581343649,0.0987194429965944,0.0713471694835365,0.0205429161907093,0.0114295595767891,0.5933278964687092,0.0279832849809899
1802,0.0159972210916009,0.0104475684253487,0.3868883079398339,0.1145506770095177,0.3560344389693457,0.0283160470392207,0.0617691105283294,0.0227649381563342,3.073417666967696,1.0828440448618175
1803,0.0187581692934325,0.0111715417347947,0.4074387813904647,0.1097983002840174,0.360666989980994,0.0141200305552666,0.0703087512823715,0.0238442253706606,7.513910923792322,1.145446523512503
1804,0.0185299101355181,0.0111537523269344,0.4409534447952398,0.1098100276509946,0.3618544788669208,0.0153709384525075,0.0697767776046648,0.0239108754867073,7.537170539675875,1.1398282595487994
1805,0.415558867734822,0.0393376174203585,0.0001469451319282,9.034828870021754e-06,0.2146534032333368,0.006928052909371,6.14010355564825e-05,3.409535191647223e-05,0.0003510529309621,0.0001974705509327
1806,0.5490363473862709,0.0131957923638472,4.298646086889156e-05,6.382357778191267e-06,0.1328568624897166,0.0125072798675024,0.0001979907038952,8.5362404042147e-05,0.0006045123793809,0.0003144541978628
1807,0.0186363814846837,0.0111685672508547,0.4079276567204991,0.1098513452160977,0.3619988960345597,0.0146640399071721,0.0700406566345975,0.0238986098007862,7.155394937663649,1.142702896147615
1808,0.5294506752907046,0.0158137327088862,5.82179685895932e-05,6.096580443313934e-06,0.1428914154876873,0.0100683127502167,0.0001269733568752,7.477254795008306e-05,0.0004302443188327,0.0002985571856675
1809,0.0112215174339335,0.0086207044884994,0.3164183457898175,0.1669100153495438,0.177824558253229,0.0292871318521133,0.0372652106584018,0.0175928106483197,0.9673417219775934,0.7586398234583582
1810,0.0114407408441336,0.0087036301481655,0.3248782135750135,0.1563598798828983,0.2521338124078311,0.0445290945225052,0.0397018146004726,0.0182341945904289,1.00416860430504,0.8031927184192863
1811,0.0094585647567823,0.0076698565780437,0.2653107591955304,0.2128534780215391,0.0172288239793951,0.007522650008069,0.0249599765425629,0.0134948462265121,0.7044892763420221,0.379494223218467
1812,0.0107405375780525,0.0082812686436903,0.2933453074510461,0.2003613373775566,0.0369814238557248,0.0099238315826701,0.0324751727654703,0.0158968543658096,0.830457740016923,0.6035119727980865
1813,0.0186284850641423,0.0111259526236703,0.4063392862728742,0.1100976952435178,0.3613957880706055,0.0142532174217079,0.0698902709277546,0.0238189594646855,7.27049364898127,1.138285174473866
1814,0.1553948237723294,0.0115966129910377,0.237612942904036,0.0076112193527418,0.1833472782758922,0.0844119565400708,0.0154664193966094,0.0070597729297355,0.624316641394897,0.0080124416053164
1815,0.0118414078969179,0.0089397852214388,0.3351255072530334,0.1454322681949135,0.317145129358262,0.0622025870652524,0.0433738429989547,0.0190781542991283,1.0836262464166349,0.8655795583982245
1816,0.0099806000211799,0.0082574662454522,0.2817649870984977,0.0448191807269817,0.1236340133174638,0.0883177160288509,0.0199826672886049,0.0111990053133654,0.5780617007878177,0.0251143329820729
1817,0.0106196493893492,0.0081689134676374,0.2875782023866288,0.2014580452070328,0.0323938179433385,0.0093512379369812,0.0317897047122178,0.0156002562712034,0.7981028701331887,0.5833456055107907
1818,0.0120820381584584,0.0090997241512446,0.3434696255490285,0.1409179428485582,0.3242509316428597,0.069098752842073,0.0455696782861085,0.0196771167863135,1.1354485522706248,0.8963095110964433
1819,0.0103651674392612,0.0079069076078422,0.2681544389894147,0.2172650510151456,0.0138591704894211,0.0082139150920965,0.0283623207191656,0.0140560699055576,0.7016153413640541,0.4481576706484416
1820,0.0114555935947334,0.00871667548092,0.323285914875787,0.1570405005621395,0.2561678421301959,0.039078612633781,0.0397981274811799,0.0181909146262675,1.0091750003562197,0.8069058506000127
1821,0.0112206605975156,0.0086059050511521,0.3165343042416467,0.1643689693522223,0.1945991173713917,0.0354152689649522,0.0374434530303068,0.017666148368331,0.9707048241440744,0.7589146272727968
1822,0.010194448926618,0.0079521726255982,0.2846681999089565,0.2121777308203425,0.0219226526257047,0.0078658382945688,0.0298611785823774,0.0150462212620785,0.7957576230243227,0.5057423448915572
1823,0.0207910970168846,0.0114855749641947,0.7261887526397983,0.1092074507286047,0.3557413167656071,0.0100510981744915,0.0759884375021393,0.0242428703879619,16.814858976152987,1.1648606235101937
1824,0.4258955484015025,0.0359098409106069,0.0001508861691549,9.26056963799637e-06,0.2131069765143211,0.0061177799833959,4.833593029176127e-05,2.7993570635268893e-05,0.0003426004100183,0.0001834017284487
1825,0.0108501117936628,0.0083994302194731,0.3061831616155768,0.1776003065958434,0.1128936541811114,0.0229076471387498,0.0348761353259652,0.0168668126570506,0.9049193322600232,0.6929888615388694
1826,0.4281429960890366,0.0417285762163951,0.000151237978457,8.5846138526605e-06,0.2119074383621385,0.0056443017173867,6.84431144236066e-05,3.2843078865709404e-05,0.0003285859167175,0.0001943106068839
1827,0.0136365309786629,0.0097078190010605,0.3683443247048253,0.1236437150251137,0.3434009010324356,0.0531453246348872,0.0536896858334535,0.0212460607982989,1.6896156297307905,1.0007751758114187
1828,0.011318916327746,0.0087787155599788,0.2586568339216804,0.2221284043503094,0.017989464808616,0.0109676167168578,0.0272542869141188,0.013585426669556,0.6485277712103844,0.3829429429040583
1829,0.0192499073591751,0.0113280615307616,0.4835527209315736,0.1090550565917025,0.3637639761182071,0.0129697309698863,0.0719575827748074,0.0241193267516654,8.927501776701709,1.1586856489289918
1830,0.0138747883386146,0.0098142867988419,0.3714911502739439,0.1220686966584283,0.34424099653173,0.0531979695796502,0.0547449866987957,0.0215720292915868,1.7517977682916557,1.0124979474354987
1831,0.0245208855542812,0.0113740763492695,5.179860413032821,0.1123733393372622,3.017945606962217,0.0075274595196644,0.0843538227293484,0.0235483928738489,132.39593949469472,1.144408126295503
1832,0.0229383209349095,0.0117253574981743,1.719192202133413,0.1095961428783587,0.7318230167754977,0.008054544552137,0.0816014986390636,0.024412445994135,42.65888390100684,1.1745463636237672
1833,0.0134730933982142,0.0114989009745192,0.3880006129355809,0.0565537596835631,0.1454861188058123,0.0979212526509577,0.0201771784228448,0.0119739030369239,0.6297920673591101,0.0478837440367549
1834,0.1220792188064315,0.0102666236357951,0.2893070873087206,0.0087917775116242,0.1329230125979791,0.0572156219979603,0.0153529900506973,0.0073782384086517,0.6213629421337074,0.0093573001238256
1835,0.4278612341281984,0.0345626449976747,0.0001331239677077,8.77231527550954e-06,0.2004370428409862,0.0058140609967048,4.987397289677278e-05,3.042985704298889e-05,0.0003494136955031,0.0001926960930042
1836,0.0112002914212682,0.0085613953754111,0.3166981412406612,0.16362711855522,0.19875861242167,0.0369873357183045,0.0374128466968722,0.0176042514878804,0.9748114544076654,0.7590901105614462
1837,0.4895871210012127,0.0216227522416994,7.818970931325273e-05,6.969337654286315e-06,0.1579445415829627,0.0069730658752793,9.75725062659541e-05,3.919524780554739e-05,0.0003625228616103,0.0002236861172058
1838,0.0126230641071422,0.0093461611124449,0.3499693673542943,0.1314452774612885,0.3405591635664678,0.0548449597249317,0.0495498000424122,0.0202649452570504,1.420770640661701,0.948847335152508
1839,0.0107778637636864,0.0083286960381582,0.2999622097274412,0.1844311616640047,0.0751934521976347,0.01515171011984,0.0339967452171933,0.0164569436978411,0.8695268545979716,0.6622485046988593
1840,0.0105930690509132,0.0081805461591324,0.2918092160092207,0.1976062062704287,0.0449413859148467,0.0112703242838173,0.0322174002002843,0.0158053481462573,0.8224693278524474,0.5981413764816264
1841,0.0246772310954791,0.011548272199822,5.445931347874595,0.1117600290455809,3.186011415203677,0.0074137754021695,0.0851916071360339,0.0238680068265032,139.84316574447098,1.1542887018533952
1842,0.4712465397051242,0.0219673688152607,8.701481604289125e-05,8.077978379231022e-06,0.1639525048130886,0.0070712786125227,8.476769920972752e-05,3.208895606367837e-05,0.0003482357681931,0.0002069440641718
1843,0.4922300459080685,0.0213604860408199,8.504566283663073e-05,7.098203352477564e-06,0.1610366761963683,0.0072485147093429,9.431754240960157e-05,3.8438993444965926e-05,0.0003405451606717,0.0002210568568332
1844,0.0108635085725873,0.0083685271680635,0.2981493326903855,0.1896268358152483,0.0614505730850634,0.0132677129872233,0.0336201318197099,0.0162985923974621,0.8584192521426867,0.6457654766437755
1845,0.0106617333687568,0.0081728711180724,0.2675190161936697,0.212484825919835,0.0136290201613566,0.0077712380114303,0.0294497344107652,0.014432079946708,0.6938968577412946,0.4677791354788091
1846,0.0239784257360444,0.0117751741265592,3.0348789416549766,0.1101386366248587,1.5850733741690537,0.0075506348674474,0.0841145218718487,0.0243332139160153,74.13317972069495,1.1760260773991158
1847,0.0239748725219954,0.0117144895379997,3.1975609690975797,0.1105445830854287,1.699709396248721,0.0075222155915374,0.0839411412344847,0.0242436646109566,78.21843839884943,1.1674552508581604
1848,0.0131456530894974,0.0095592241111444,0.3628874217431058,0.1272281906313526,0.3445381329597343,0.056195549813019,0.0519397638951794,0.0209106638316701,1.5400571969157877,0.9831313767525052
1849,0.0241675786558828,0.0116636201845682,3.444248015176632,0.1108576252846211,1.857120771049769,0.0074692772753119,0.0841686498461103,0.0240417745328201,84.90337300196114,1.1687644254177287
1850,0.0149438751772344,0.0138525460608959,0.3099736653721923,0.2052433686901732,0.1387393028528103,0.0973117816357744,0.0183457729411565,0.0121878840860765,0.6650461711073596,0.1546114102818923
1851,0.0107418559430936,0.0082832581322085,0.2870074256293944,0.2037112846263236,0.0323499380103133,0.0090049829892592,0.0318598294427221,0.015589039861738,0.7938646425087227,0.5695633117618879
1852,0.0106303663999103,0.0082931289202758,0.2968397042957487,0.1945854338745674,0.0571303615242689,0.0145214495739281,0.0327590831044063,0.0161297723376054,0.8472795496119984,0.6145292353122939
1853,0.0103470337301048,0.0088039615319481,0.3770743135080522,0.1096162482648574,0.1277997144283234,0.0856026094303184,0.0212714154412691,0.0121520609779065,0.6290862363372047,0.0565202834351795
1854,0.0106334125656371,0.0082192843700565,0.2967584967279568,0.1912250595420106,0.0591778914091712,0.0136810673131405,0.0330260859837629,0.0161494522052385,0.8499470009791253,0.6336171779280844
1855,0.0115995454421647,0.0087869271669134,0.3307573588089197,0.1526342586998419,0.2547127468088691,0.0448750110018296,0.0401672315088182,0.0182412882186157,0.9982145177918944,0.8129194384407002
1856,0.5228091141990004,0.0131618046340975,6.187451331808335e-05,6.932862903994696e-06,0.1432030636216823,0.0102353144264061,0.0001097670676047,5.722216586141448e-05,0.0004004500825203,0.0002573977012048
1857,0.397041771435246,0.0490682826063906,0.000206369583394,1.057843398646538e-05,0.2557402454107232,0.0055943340120625,3.982175271622854e-05,2.707790846241509e-05,0.0003268689411932,0.0001749442353347
1858,0.0141993311812164,0.0098996330702661,0.3747446388963983,0.1205857727921277,0.3462558342806231,0.0468673170176356,0.0557017398765357,0.021627391743145,1.9104067355316248,1.0246070986706024
1859,0.0124269111942468,0.0070017127254984,0.2811518814183366,0.0300631580393812,0.1202663805323072,0.088546212984058,0.0200401337332007,0.0105201272796979,0.6096790683227202,0.0160997813760074
1860,0.0138258140298978,0.0097129088691419,0.3667980960916313,0.1236555766360574,0.3469075880054587,0.0460114741911804,0.0540509069043811,0.021180742107926,1.8678564198932388,1.0053508133773987
1861,0.5227663305675287,0.0136728992285302,5.847002866267439e-05,7.03688391002797e-06,0.1451815868533116,0.0098406578096886,0.0001115912712446,5.6631438066649904e-05,0.0003665979635246,0.0002590869835986
1862,0.0229893736657592,0.0117629775535168,1.5791269319450751,0.1095804655804053,0.6433434365960048,0.0079257462285981,0.0818075461909495,0.0244725851263872,39.8259374287417,1.1757372070955028
1863,0.0127983295650387,0.0093965225066592,0.3525977357718852,0.1300224084462062,0.3428198450548949,0.0526465001219932,0.0502024888112619,0.0203675877868948,1.5197067752470328,0.9596590798010028
1864,0.0248794789704091,0.0116521249495492,5.795943110052104,0.1113440619912636,3.3972923439111304,0.0073210766342366,0.085876208576825,0.023959450460776,144.41499195557563,1.1653540462070984
1865,0.0205941930765028,0.011484978546772,0.7535671902148594,0.1091842839246897,0.3597775841532184,0.0102218045765535,0.0755195315351566,0.0242856620078233,15.873675905982594,1.161581961379656
1866,0.01110689366872,0.0085337693012301,0.3198797870627367,0.1683197866995377,0.1923183389220693,0.0425502984923812,0.037214944031057,0.0177189051280607,0.991392196362505,0.7505026449647064
1867,0.0107605886595569,0.0083701172003155,0.3022535824693032,0.1855312711818017,0.0796293930239062,0.0170089158579715,0.0341166925381538,0.0166151659899498,0.8865352463733065,0.6630518643673702
1868,0.0122381690314575,0.009187343052108,0.3482779720496463,0.1377174352639262,0.3297768082859189,0.0686922380975764,0.0468846507835293,0.0199444882613441,1.155287073905663,0.914360140601077
1869,0.0148926464652037,0.0101546129876875,0.3768736571718957,0.1175932879803272,0.3503856946484128,0.0409671592812203,0.0583088055809986,0.0222725084060548,2.1653101250521205,1.0482109815614056
1870,0.0101691747514637,0.0080099360683416,0.2845553142367345,0.207553363986771,0.0338736741375554,0.0101168420694095,0.0302241970237686,0.0152308866542425,0.7974974303933106,0.5160434689011841
1871,0.0233286654030097,0.0117336046081948,2.316204217708308,0.1100295175405341,1.1260048828650573,0.0077668710893913,0.0825172959279869,0.024399425787364,54.458248520365,1.1683798977130455
1872,0.014131876095704,0.0127676387568693,0.3865703332309206,0.2723116309285597,0.1730377618007083,0.0908753320262663,0.0193053885263849,0.0122673220593076,0.6547549571088987,0.1816199334538873
1873,0.4563203700550878,0.0285010690955426,0.0001036299329173,7.734486709995316e-06,0.1640251515490344,0.0067706824184418,7.366539278904323e-05,3.651775352258605e-05,0.0003079360312857,0.0002110496485657
1874,0.0999120165512394,0.0074822843023031,0.2968962304390826,0.0518905442802056,0.103984908321516,0.0458560541336014,0.0373970207217088,0.0103440905964602,0.5871217628058677,0.0538689200370705
1875,0.0116064192258791,0.0088018823182067,0.3277669050280278,0.1531738983545001,0.2713341161095948,0.0465266442877084,0.0406794858520096,0.0184297332056207,1.0259539900824015,0.8218901032620319
1876,0.0123666418520353,0.0092663923868635,0.3521734343010764,0.1337478346449738,0.3331012512011508,0.0680895807427048,0.0481860009571703,0.0201697586206399,1.193669080182294,0.9313050346084746
1877,0.0219251616245911,0.0116264737095839,1.297885493588166,0.1093920886903942,0.4580276276272063,0.0086604928320346,0.0789826820305312,0.0243650884574857,27.72504625361916,1.1688853114627893
1878,0.0247030831050971,0.0114114653044913,5.6143915511363565,0.1122297476323736,3.2907447638838323,0.0074805432658475,0.0848399782127356,0.0235417615588004,145.1162097645808,1.1502837658151486
1879,0.018504418293909,0.011189290406429,0.4092102441838652,0.1095201364111308,0.3642641376606768,0.0152541922029713,0.0698073285540211,0.0239661568707282,6.407166018649275,1.1458786937344496
1880,0.0103481866759752,0.0081350939376835,0.2965007303707743,0.1982224080767979,0.0542911851332645,0.0158767017067817,0.0320251684549153,0.0159926132012805,0.8554395536614345,0.5930162291298072
1881,0.0201436576805088,0.0114095314487924,0.6705559240568582,0.1091697899905729,0.3592718301308688,0.0110888119556392,0.0742984902107845,0.0241903256622716,13.503533587249848,1.161938010231777
1882,0.0097161714686327,0.0078009510745369,0.252384338366275,0.1362471865484687,0.0888983775901825,0.0175887637832738,0.024017373635224,0.0128801694903885,0.6398903295829483,0.3472659372278064
1883,0.010557972931928,0.0081716206051891,0.2744104019730695,0.211576528006132,0.019840345454098,0.0080552111361351,0.0299985249157975,0.0148672795883421,0.7461111792295316,0.4971253423421678
1884,0.014782590887008,0.0100771352271979,0.3772884612708863,0.1183431003511947,0.350472154063302,0.0402043441522741,0.0577107677959618,0.0220390988771906,2.2065984308489237,1.0452271342830242
1885,0.3502516253935698,0.01087236057447,0.3657111994416614,0.0099975576759915,0.1195499859613994,0.0419461538362623,0.0177467785741412,0.0088095542026837,0.6678816402454638,0.0106863169159388
1886,0.0159971895764545,0.0104425759996748,0.3881967019763333,0.1146271037674259,0.3565446181055251,0.0281963237928268,0.0617194367876005,0.0227331972694373,3.1941333078634893,1.0845978755825982
1887,0.0244050781556779,0.0117876402781369,4.0142137425020845,0.1104307257209424,2.2223984314877003,0.0073932922830094,0.0851397242348445,0.0242928475875026,96.58475502901284,1.1751522171556563
1888,0.0124792456844393,0.0093273702212515,0.3538079872200941,0.1319277071581555,0.3319194403463172,0.0662609901950465,0.0487934557987853,0.0202531622085397,1.2316478055029163,0.9417055287586852
1889,0.0142075200283315,0.0099187547778898,0.3728388770468321,0.1202310440130809,0.3452843856001469,0.0489391742177816,0.0557226299625278,0.0216706785051459,1.842757966599802,1.025075154285248
1890,0.0093449195224079,0.0074459544368983,0.2886558067962588,0.1882319274017941,0.0501871265892912,0.0223046183382619,0.0235022177722026,0.0127623611099165,0.6875218082559527,0.2371727288213302
1891,0.0091089346640171,0.0074846814149498,0.3414315520310854,0.1457065715059488,0.0859525176107666,0.0541492492844287,0.0217439445371699,0.0120184950884123,0.6421715565707085,0.1185280275878216
1892,0.0114624087785474,0.0093918457959168,0.3418812951758907,0.2057461750433112,0.0840461054318895,0.0164663450330632,0.0239319914603372,0.0129993707952938,0.6304575422189362,0.3137354104577596
1893,0.0105024506276997,0.0081672275961846,0.2928011761387162,0.2035712772228318,0.0358754775932869,0.0108812974406343,0.0317494871926099,0.0157624494616678,0.8271750913137216,0.5816385131334637
1894,0.1610800001455523,0.0114078183774274,0.329494109783178,0.0159731701519974,0.1249165326671397,0.0314801823720797,0.0170491793062529,0.0095226964059378,0.6188838584552772,0.0170069187326025
1895,0.0105833425274921,0.0082285700161144,0.2909795535407487,0.2021354094729659,0.0373056674424264,0.0110206926082991,0.0317956093938405,0.0157239564006882,0.8246374848704858,0.5772055080497676
1896,0.0098072717090828,0.007949608539912,0.354087389408008,0.2720129966432585,0.0411886161877501,0.0138381487996548,0.023980842625566,0.0128741330981275,0.6285373552585818,0.3250859025340381
1897,0.016319753105937,0.0105769716927406,0.391762142689996,0.1131734677501974,0.357073493122251,0.0266254537204757,0.0627993938215989,0.0229109845248014,3.0924226674963,1.0967357561065194
1898,0.3670711282659678,0.0112230453957157,0.3333288072235328,0.0179748668035445,0.1117468120664986,0.0461722550600161,0.0180903556552917,0.0093101448923875,0.6625998351444505,0.0185861687386036
1899,0.0099549685854021,0.0078457781253383,0.2958127068503203,0.0358138625810769,0.1092984589999696,0.0524907838424513,0.0202163963979728,0.0108850447290207,0.5810581039001791,0.0245845342790758
1900,0.5167696084334272,0.0141197643979452,6.638480479331751e-05,7.194683177269233e-06,0.1476383424140132,0.0095373742152772,0.0001152579328584,4.36718067566652e-05,0.0003909247173597,0.0002318153448643
1901,0.0105640763136858,0.0082023867151637,0.2892781887974893,0.2066736139831779,0.0285647195800958,0.0091996791294334,0.0315284033845691,0.0155699495090082,0.8155360717487704,0.5599474958525495
1902,0.0115643891590363,0.0087839329180465,0.3281585185846465,0.1531263025912825,0.2558459030268425,0.0575154817716335,0.04007902083654,0.0183647882693675,1.0315865282774048,0.8117615769867499
1903,0.0114338704694151,0.00869444493289,0.322730939847962,0.1575939969638777,0.2435526346468311,0.0419097105704403,0.0394547131694095,0.0181197022488162,1.007137470727412,0.7979989739406195
1904,0.4896949630569618,0.0205105410666589,8.755085627780066e-05,7.49349959768664e-06,0.1641603315677943,0.0073962925365506,9.440985964799742e-05,3.439635165702701e-05,0.0003591749455927,0.0002124492629845
1905,0.0101833263727255,0.0077992749970364,0.2547285866430965,0.2138444283261537,0.0138153079054604,0.0087666059373209,0.0270322749579722,0.0135930270437061,0.6895228364346159,0.3968898649944548
1906,0.0098378873317956,0.0080136850669006,0.2587088921798369,0.2092520050706368,0.0175186803157053,0.0079266375090472,0.024892578225883,0.0133670305067069,0.6567264230124354,0.3823278578358204
1907,0.013882081487788,0.0098542134147865,0.3729030550342224,0.1213074460269984,0.3422699738970037,0.0556809307331357,0.0547907304402849,0.021574646003462,1.6684428267767577,1.015347533381321
1908,0.0233044743659655,0.0117893117834382,2.263592268412268,0.1093774681714391,1.0744440334427174,0.0079330519074466,0.0826296406059035,0.024460496108988,53.897602466253474,1.1825044191231833
1909,0.0248208570899778,0.0114673386743196,5.802259723181357,0.1120665135540994,3.4153783977863847,0.0074124520449776,0.0852854497051179,0.023645588837526,152.25550805054405,1.15302232238684
1910,0.513633594092648,0.0176948594082079,6.827689567012979e-05,6.500281351025434e-06,0.1491108698045937,0.0085300099044982,0.0001114658227194,5.082880678415609e-05,0.0003679377253226,0.0002515999935339
1911,0.0124140257099602,0.0093060960112846,0.3523478047814198,0.1327138124311644,0.3395298678775936,0.0587928057089683,0.0489649635579901,0.0202147482790974,1.3814440157394885,0.943770905289549
1912,0.0118056485882833,0.0089238901614713,0.3343511140780266,0.148532860878867,0.2954810873791509,0.0457320535941109,0.0423281845117525,0.0187484790042356,1.047785459240976,0.8493250620195283
1913,0.0244523322092555,0.0111714412994682,6.737726257464054,0.112902559648785,4.019934366873382,0.0079015835956936,0.0838173314899023,0.0232350422519736,181.65069700779216,1.1327642202379995
1914,0.0095186161823281,0.0073951803403773,0.2503686948109741,0.0520230259707208,0.0961028415219305,0.064855577280838,0.0215817276917961,0.0112543117470835,0.6248121125310857,0.0294664436037886
1915,0.0109144789585675,0.0084511542007696,0.3099848819903574,0.177445814243081,0.1241700414194663,0.0244815355320281,0.0353332204913638,0.0170956270266513,0.934489938180317,0.7055581128494204
1916,0.4130528314283079,0.0463552161940382,0.0001706979861204,9.16829791814112e-06,0.2313197502988892,0.0065716901626635,6.170375245886902e-05,3.801464451706311e-05,0.0003390129039716,0.0002019788607811
1917,0.0127087554829709,0.0093997348163393,0.3540206857473527,0.130571310502672,0.342231622708648,0.0567583431669864,0.0500567129255847,0.0204443521506064,1.421283239244673,0.9592362511739658
1918,0.0110245918380073,0.008519083207676,0.3092728481474898,0.1766990390477836,0.114143698992684,0.0193417997873007,0.035478331079459,0.0169884130396647,0.9211952285566496,0.7192599998053717
1919,0.023218642690345,0.0117495505252229,1.7485022268516086,0.1097395757761772,0.7536441539533089,0.0078768975288915,0.0822814547315891,0.0244014743288156,46.09817772575777,1.1756174885405923
1920,0.0127770978376859,0.0094070871108042,0.3535150269882649,0.1304069165190589,0.3442982576140508,0.0545077464983438,0.050294307133315,0.0204478520716421,1.499650036009878,0.9626108981453088
1921,0.0226741298274014,0.0107313574779691,4.867325766928086,0.1133934046209883,2.763310364565376,0.0097709236991644,0.0783913546273058,0.0225716481119286,109.0901735987486,1.1120158779147484
1922,0.4369922110581977,0.0333882661166766,0.0001196160419196,8.298800657984312e-06,0.17757904102063,0.0069560529225368,7.388363268726008e-05,3.613081377301355e-05,0.0003791036316079,0.0002079264897767
1923,0.0144251252515812,0.009995985040071,0.3736615963444742,0.1192634121217128,0.3471179679821618,0.0471395643021272,0.056501862628616,0.0218384545522549,1.8913899187955243,1.0344784456087892
1924,0.0132602236222499,0.0095500738727438,0.3617965156651365,0.1266186933612096,0.3436286134965814,0.0528944509332734,0.051975133496411,0.0207857084591079,1.5736750547103853,0.9833742112416916
1925,0.0118961538657984,0.0089758220520791,0.3364876379633133,0.1448682430694075,0.3178015317352339,0.060535564031064,0.0440019219228612,0.0192144484684204,1.1030830587540137,0.8742990320824322
1926,0.0139051522556672,0.0097466643433405,0.365913512486354,0.1233769022724928,0.3487349538972647,0.0446543869663244,0.0544013532762062,0.0212467774099673,1.9240173115813493,1.0101014062913374
1927,0.2723411409637035,0.0094374855118546,0.2580684862001489,0.0175193461967316,0.1116907058227086,0.040271497261868,0.0181999240350302,0.0092904470668781,0.5748417208931885,0.0184902524684853
1928,0.0110016732131187,0.0084734817205346,0.3081954339753798,0.1752967899445623,0.1157221428761627,0.0208577245043888,0.0354576754662395,0.0169143003875844,0.9136064130498412,0.7109372982325742
1929,0.0186666962134454,0.0111576525881309,0.4065041433755481,0.1098615766433241,0.3615010731759098,0.0142309467495616,0.0700805796596456,0.0238669468105455,7.078075281237732,1.1415802379247302
1930,0.0120001725451156,0.009024111648982,0.3406903534289432,0.142035968286113,0.3236306599093146,0.0616129957860994,0.0450233282317204,0.0194149969195087,1.1116959748037407,0.8876924419402141
1931,0.0114438977719735,0.0087188031410989,0.3248579759778486,0.1575955001112228,0.2492868601771468,0.0458301248676114,0.0394041965960098,0.0181712584389684,1.0249847680922344,0.8034716243346676
1932,0.0237176718569815,0.0117637430987279,2.693261412025829,0.1101529967886235,1.3682368721014488,0.0075893044132725,0.0834967440365373,0.02437657061277,64.56664263017804,1.1730481932704957
1933,0.0105710198076837,0.0079268804290821,0.2544138504093287,0.210680649120871,0.0148769614098122,0.0094417300808751,0.0269547076620328,0.013365316802593,0.6616629804993533,0.3702407110504946
1934,0.052419579738286,0.0102404448326251,0.3368002678204576,0.0152732989370535,0.129963887148028,0.0284648645696098,0.0201863327465709,0.0107896405575597,0.6410263995556528,0.0157153300829099
1935,0.4681076653230753,0.0235945698492387,9.207552957585152e-05,7.6094061021515315e-06,0.1649271155444574,0.006224639995757,8.162368381112795e-05,3.082521840429953e-05,0.0003240952532293,0.0002011149223672
1936,0.4769485292144328,0.0254229011673464,8.585223681561175e-05,7.161814260497718e-06,0.1596574508510267,0.0087003813127958,9.167619271693084e-05,5.46315984048423e-05,0.0003257463669269,0.0002504235331914
1937,0.0149380359877064,0.0101237436701665,0.3783572348586289,0.1177713133913818,0.3519419637482552,0.0386210569405481,0.0581547859897752,0.0220791739080841,2.215046637931302,1.0537351940810251
1938,0.0099382588732428,0.008200438283658,0.2696555697563205,0.0901180810696676,0.1263568677447716,0.0944206224944695,0.0219055840513615,0.0119383548956735,0.6201888105635771,0.0356289198707918
1939,0.4325694729150918,0.0404656081364208,0.0001439363825816,8.410569622260609e-06,0.2014238600447585,0.0068284903654376,6.345012120854473e-05,3.853791020492518e-05,0.0003217314540152,0.0002089505022624
1940,0.5061410648445661,0.0187239390858131,7.374563419483934e-05,6.683131369577668e-06,0.1532161884850295,0.0078958629649459,0.0001076351354417,4.29367105644911e-05,0.0003776111963442,0.0002313227432184
1941,0.0173517818388753,0.0109158916550037,0.4027537451578492,0.1108215136700481,0.3612981290838759,0.0203829303876447,0.0661992613439327,0.0235357430207746,3.9884723242298143,1.1176811869190113
1942,0.0102964239541733,0.0081865566587554,0.2667569990260148,0.2197819772825689,0.0153690459345621,0.0085936444408479,0.0254761193803671,0.0134738095471883,0.6582252464960578,0.3786678861895992
1943,0.0118713073200635,0.0089553240748663,0.337214937657637,0.1458314899926455,0.3033280742201865,0.0631157672443756,0.0430672886113754,0.0190242855724174,1.085219419774858,0.8606299295400204
1944,0.009848286383299,0.0079018347174399,0.256881208655342,0.215973046358747,0.0155144698094326,0.0077394874142673,0.0248418501814635,0.0131860422020039,0.6449848026698645,0.3742977807162818
1945,0.0165728462016953,0.0106478333472432,0.3933861740689607,0.1127852571466342,0.358363527075379,0.0246141038915278,0.0636405909893026,0.0230759829935444,3.41360659565435,1.1009656201143176
1946,0.0223277581755309,0.0116615885803471,1.322883259799858,0.1095509806520369,0.4771468557396804,0.0083705496015347,0.0800056726523681,0.0243842850993176,32.53666453667676,1.1696673238995292
1947,0.0133595691028793,0.0095780755697624,0.3639511128632748,0.1258526010614504,0.3430404734110234,0.0509267472877106,0.0522856742627682,0.0207989994173905,1.6341540978579685,0.9851216052712904
1948,0.1119668638298645,0.0312802760045483,0.0001856930395503,5.826082630236594e-05,0.3419065234704599,0.0076464377093645,3.145162319604953e-05,9.35557506193855e-06,0.0003472041069251,0.0001618515116935
1949,0.0228654409752282,0.01072864316018,7.131489879076966,0.1133884329491901,4.207379557329054,0.0098583092691163,0.078907738335588,0.0225714731676976,152.1000633353516,1.111595980295106
1950,0.0173023989418215,0.0078759105683191,0.3379526695087456,0.053196340079048,0.1212820411403419,0.0861347989200563,0.0181932750187661,0.0104539379029616,0.5528217227034129,0.0504266285525587
1951,0.0108283299670311,0.0081879844224788,0.2709879933193332,0.2124933665202115,0.0136311158503481,0.008026399394435,0.0300708532809938,0.0145052077114513,0.6899292924993672,0.4944521116745424
1952,0.4597200476112314,0.0287277837285173,0.000101183696621,7.666296888814381e-06,0.1639722015444412,0.0076674006378709,7.101956964263117e-05,4.3663623133308033e-05,0.0003213957115128,0.0002279631474172
1953,0.0190550181890508,0.01130551125107,0.4119774475160548,0.1091313277854382,0.3643175457279649,0.0136109198889074,0.0714588405365147,0.0241379595588639,8.18620251389813,1.1535861567523271
1954,0.02254745723744,0.0117045336225294,1.5068066541717262,0.1094407612095597,0.5907224695283837,0.0082009873839525,0.0805921794289705,0.0243809355607725,34.619364376623416,1.17608005963439
1955,0.0241099772630039,0.0117544958359083,3.1351539537803483,0.1104005379649771,1.6552022055561135,0.0074625398033681,0.0843318744901871,0.0242559126871086,77.71764820679465,1.173538359279122
1956,0.0116552750909436,0.0088385930888711,0.3301773057344618,0.1516509811157684,0.2830725796451164,0.0516596414095277,0.0410903950848418,0.0185331362225591,1.041742400069236,0.8316215085203299
1957,0.4461279408198291,0.033335665827096,0.000124526961619,8.040531720154054e-06,0.1775049049516071,0.0071337559075056,6.2136497012339e-05,3.783925192577682e-05,0.0003222912759531,0.0002127877813451
1958,0.0105002113310132,0.0080949534228861,0.2737872187368266,0.2107285069904983,0.0136497502137522,0.0073876333944788,0.0294846374067487,0.0145586595965311,0.7196788671706971,0.4825498829918583
1959,0.013458183645561,0.0097596793088641,0.3285472018753856,0.0229173448269862,0.1466022713143315,0.0795555244038741,0.0200255336479713,0.0114033890296298,0.6586936738180376,0.015202544559111
1960,0.1291986658498549,0.0162473462140768,0.0001302297778491,4.432614694592587e-05,0.2766490573442336,0.0050871137712409,1.621208147840595e-05,7.484589631191433e-06,0.0003613820164508,0.0001858530744632
1961,0.0245241764010895,0.0113792243906382,4.849888071862373,0.1123100980075989,2.800980096302976,0.0075118748082007,0.0843598318989721,0.023541327250179,128.3346558257592,1.14613963212176
1962,0.011678263211589,0.0088415575513073,0.3297362437488073,0.1501973721086432,0.2888154093765879,0.0524217704067197,0.0417740832801768,0.0187101632779821,1.0493817326295645,0.8390057997433877
1963,0.0140572802157941,0.0099047113900535,0.3758252174926828,0.1201765937655084,0.3418771031822841,0.0545733868076543,0.055358936538347,0.0216938409985029,1.712334221121671,1.0212024486712217
1964,0.0223359246041948,0.011710010548091,1.2814255966783397,0.1093007926583955,0.4470496852723051,0.0083889468104379,0.0801419065291413,0.0244479242983225,31.07125455302408,1.175386458875156
1965,0.4927781269302197,0.0207598834060396,8.577967288386743e-05,7.23850393992453e-06,0.1624456617425805,0.0095751821799564,0.0001176587023517,5.728168876191418e-05,0.0003968232279182,0.0002549747424814
1966,0.0112132312331874,0.0085948033350658,0.3140280138766221,0.1675885015339969,0.1633693811950836,0.0242874073508114,0.0368889603732612,0.0173675288038299,0.9461622876977466,0.7551607778672645
1967,0.0233602406613029,0.0117702193148698,2.0210024174436967,0.1097004313179997,0.9245198215461368,0.0077597466084364,0.0826425239216949,0.0243769755107447,49.00646179073388,1.179826934424801
1968,0.0106923890113852,0.0083315832844752,0.3061650310949892,0.1883197540623698,0.0818316263835735,0.0201012112766543,0.0339048945393385,0.016605651396556,0.9052765047417912,0.6603773924849099
1969,0.0128974501502981,0.0095216605749638,0.3622945886760939,0.1279179902740757,0.3395542690482284,0.0638434317637351,0.0511292921036262,0.0208074329016092,1.3976275593587308,0.975225125388554
1970,0.0127717853781462,0.0094330216857481,0.3570959186036447,0.1296058378218721,0.3401372548572787,0.058377275848112,0.050367015669821,0.0205215303642946,1.4376349463740403,0.96225416111064
1971,0.4457790056082858,0.0336978665668063,0.0001268633628622,7.943421396275186e-06,0.182294083521846,0.0054768021252812,6.05703748084705e-05,3.037425656548317e-05,0.0003386527719399,0.0001958620144002
1972,0.0243956215531697,0.0116154301189452,3.714305414395964,0.1112488905335475,2.044689668404624,0.0074078503601742,0.0846221080816769,0.0239578844542527,95.85891503641956,1.163333291903199
1973,0.0243029985391118,0.0116518390987128,3.419736453822811,0.1111085284922692,1.8504977079413525,0.0073829143720307,0.0844412763195513,0.0240031850222843,87.40599713445236,1.166093515557807
1974,0.0101431761211784,0.0080065309481288,0.2868965838724278,0.2122302933940373,0.0253692994464874,0.0087454117155659,0.0300013659859396,0.0152280605811878,0.8084853640910155,0.5079390218687218
1975,0.0196545263540085,0.011352993643868,0.6115697309309006,0.1092085460769136,0.3613720469200769,0.0121908711612045,0.0729872874206466,0.0241488924807944,11.580210427265566,1.15652042258185
1976,0.0102955895554473,0.0080757499434033,0.2900459035040071,0.2088189281775447,0.0293930486094461,0.0097187807348863,0.0309253394802274,0.0155437561791489,0.8229395538258447,0.5433263867439202
1977,0.0163083658371627,0.0105895299720702,0.3921428358088835,0.1131660735515319,0.357503194555033,0.0269537679767848,0.0628909313805059,0.0229846486786297,3.281469426989829,1.0978404075826298
1978,0.0151542743644542,0.0102417617936262,0.3823176383737818,0.1163289755144331,0.3514736733254165,0.0388208922598605,0.0591104419890729,0.0223978853827338,2.2427287999518226,1.0589655697791556
1979,0.0115826176121156,0.0087904734752296,0.3297382587431803,0.1524688694003352,0.2760857968714673,0.0504367765034385,0.0406743699275834,0.0184429752447095,1.0322773595118058,0.8242072065631058
1980,0.013007184512239,0.0094838834061997,0.3612108633656024,0.1286669627056844,0.3444591967106262,0.0534506560092553,0.0513616494544085,0.0207236057894181,1.589821311152669,0.9705453736778372
1981,0.011885906509039,0.0089672977777797,0.3399018715430402,0.1449898373400951,0.3108664328918294,0.0593705691822285,0.043568368882261,0.0191288698897096,1.0800543242843794,0.8682640061513096
1982,0.0100546753316521,0.0081126436505532,0.2646694312694233,0.2159493962321583,0.0152784025234467,0.0080248669040693,0.0260488244949853,0.013742373131779,0.6794331896659664,0.4156698600448966
1983,0.0105051157998204,0.0081935394151091,0.2947150222112029,0.2039420938710025,0.0436608471097457,0.0120221220183359,0.0317603483608775,0.0158217304751451,0.8435083322314338,0.5848916132470506
1984,0.0103810318895548,0.0080590728044446,0.2787777052917058,0.2083486817310687,0.0206684359626004,0.0078495351902079,0.0301013213639294,0.0149771500700156,0.7730030589032854,0.5135734363736872
1985,0.0107322243853969,0.0083314105840098,0.2991706917927902,0.1903949215076946,0.0660520443155931,0.0150535678088312,0.0334447813960918,0.0163557906219608,0.8637214473052708,0.6416681918484516
1986,0.014592356040292,0.0099918991580102,0.3756455337618984,0.1192872144200336,0.3486109507702163,0.0415571922004427,0.0569260740578684,0.0218540921444096,2.073182037867885,1.0347720198116683
1987,0.4716678938365398,0.0253105064437529,8.967558842745349e-05,7.420869957379006e-06,0.1640402583733084,0.0070918110479589,8.479311743161828e-05,3.967082942357488e-05,0.0003201284254767,0.0002193013692135
1988,0.4985940739664964,0.0198010148956806,8.031404858861091e-05,6.977644680689771e-06,0.1577337084825142,0.0078259589646684,0.0001024318226555,3.954376339740925e-05,0.0003338645209464,0.0002223441685422
1989,0.0177699662480009,0.0109946964180401,0.4025583526321202,0.1105182323207703,0.3616049089331741,0.0179601228793285,0.0674987984392856,0.0236673813680216,5.170676005040063,1.1269767896350993
1990,0.0167758198328385,0.0106590187407991,0.392685931310319,0.112753407037729,0.3581226468625675,0.0227724338285511,0.0642138953807732,0.0231087188679079,3.9919121398070394,1.102935315086187
1991,0.0215073671030341,0.0116388024575805,0.955294500417382,0.1090127481199526,0.3569305113353631,0.0091149030666317,0.0780760597485675,0.0244594205171687,22.00725864840819,1.1715903591986705
1992,0.024424764286776,0.0116900739775269,3.80768920741542,0.110983945799922,2.105895509039806,0.0073858260679734,0.084919363590196,0.0241272395588873,98.37845434614228,1.1653934901136556
1993,0.0124409620301731,0.0093226610707959,0.3534980457076489,0.1323261736926933,0.3311027623025991,0.0714170580097488,0.0487840587725772,0.0203383798503419,1.191614611713683,0.9397105613490996
1994,0.0124286734577303,0.0092956564944213,0.3546724455799585,0.1320934559237153,0.3344308891028521,0.0613237681658912,0.0488039659997009,0.0201755410986259,1.3044450334160431,0.9408593924193454
1995,0.0109194839847466,0.0084188882381108,0.3040335209261287,0.1825059345978647,0.0896050718370904,0.0153012112634001,0.0346278619690968,0.0166684231518737,0.8819985958630832,0.6857041025040542
1996,0.0117024718358457,0.0088849935001196,0.3316378048306641,0.1512641190737477,0.294111368254573,0.0505068420542216,0.0418205836515951,0.0187661780288158,1.0675234826994486,0.8448405312437282
1997,0.0103519415334964,0.0080989429686146,0.2926050312308687,0.2061359602601614,0.0383794635920427,0.0109455881343337,0.0314512954509371,0.0157317572835921,0.8452526945463331,0.5669674418951623
1998,0.0090411963534657,0.0074323524840065,0.5322138834794471,0.2824991757112473,0.1169124147542837,0.031736771867243,0.0219016589006245,0.0121645388513134,0.6113740013108103,0.27245828669713
1999,0.1227808274339876,0.0114309737487737,0.2555061315745439,0.0099386297535655,0.1447035000712139,0.0621447004486617,0.0164756873615013,0.0079177600042186,0.6369447409203842,0.0104528539110656
2000,0.0209326314484087,0.0115466803872613,0.6632411244749363,0.1090677011598016,0.3581863919254364,0.0096557578100312,0.0764612964206647,0.0243241216210755,16.376441944683236,1.1687984658863586
2001,0.4900569100837673,0.0223326169017671,8.656605932678301e-05,7.12160050680112e-06,0.1609364670982235,0.0078984172466646,9.693542305580726e-05,4.259761907396753e-05,0.0003452213927017,0.0002285396380951
2002,0.0178786210174677,0.0110354355986829,0.4042998837463588,0.1102469918175329,0.3629316689044889,0.0175579422650127,0.0678458377710192,0.0236993357895066,4.940081278215096,1.1351521770912696
2003,0.0194376922068651,0.0113330258776119,0.4124172673961762,0.1092837850976662,0.3626459036997749,0.0122535689994308,0.0723525808828638,0.0240915081349325,9.067344467740398,1.155138778083455
2004,0.4861089489206869,0.0274135025585515,8.919545809268358e-05,6.754590608453423e-06,0.16199172316602,0.0077319066252852,9.351412731636244e-05,4.9922415086930994e-05,0.0003298486444295,0.0002424762499515
2005,0.0112269473805338,0.0089414020415965,0.3236937197858496,0.2614244296553716,0.0721350609193435,0.0220159514215067,0.0255973170219585,0.0133858181970499,0.6569350026698693,0.29813084783914
2006,0.0151516014383286,0.0101840677931121,0.3804617763535834,0.1171583550473054,0.3530701710963013,0.035393112410021,0.0588917617737891,0.0221969558071189,2.479727191031506,1.0609824771230532
2007,0.0184030877100987,0.0111040252552576,0.4050453881213312,0.1100714736607038,0.3608463232738981,0.0153335420176066,0.0693416412021768,0.0238340835681888,6.932975290751096,1.1327071627776353
2008,0.0119845933435259,0.0102442113479785,0.386302142890191,0.0774896455266164,0.1762964931116041,0.1091333263817002,0.0219542260026823,0.0127246968748867,0.6569560845303589,0.0549904764495696
2009,0.0154560796467653,0.0103304244739901,0.3845858754744813,0.1155416773771044,0.3530093917813865,0.0348069848210069,0.0601233383422552,0.0225891149854211,2.509046990105695,1.0652819764825183
2010,0.0103547157868581,0.0080421191721716,0.2712184735058736,0.211720266885198,0.015523679036602,0.0072323156857833,0.0290192912042108,0.0145055350348482,0.7197965825038767,0.4633422748151838
2011,0.010564796155197,0.008187642781279,0.2792046988908654,0.2089106048799423,0.0180013374455877,0.0078578743993156,0.0305291923614723,0.0151277463581028,0.757477352961317,0.5187884674236992
2012,0.0114723560325239,0.0087333653146955,0.3220181701713153,0.1576541798523986,0.2330375757155163,0.0397211405945429,0.0392579237091338,0.0180467795706898,1.0092471436983492,0.7973540833655275
2013,0.0192582058937698,0.0112559227325661,0.5251036951815957,0.1094758176174162,0.3601083293141,0.0129294035575193,0.0718326702730431,0.0240249900451514,9.959803316663884,1.1498805925196305
2014,0.0170376851588202,0.0107692493365917,0.3971752309711882,0.1118690059579242,0.3595769682413706,0.021425597358386,0.0650359114168127,0.0232433442939463,3.772117997667794,1.1112347097871618
2015,0.0242133105287695,0.0116103725948027,3.0534332503708104,0.1113360503708706,1.6219946277877555,0.0073844156142791,0.0841442980237242,0.0239702043373748,80.20114246217993,1.1602137091057747
2016,0.5405192826602903,0.0132445690779963,4.853588926991695e-05,6.490359273946331e-06,0.1351800780511822,0.0112556841370605,0.0001396662447644,7.527876160354616e-05,0.0004802301123367,0.0002992138920852
2017,0.0115083538931591,0.0087484960257934,0.3252132910750398,0.1561986058542409,0.263732445103077,0.0434351500352043,0.0401997169904409,0.0183237004873282,1.031047299772191,0.8132965044446828
2018,0.0105757549828998,0.0081882217172357,0.2815392388856382,0.2076621252632324,0.0185236202619246,0.0077490748941179,0.0307187557062011,0.0151316803795669,0.7628161625949487,0.5252440554288147
2019,0.0246823100934958,0.0114470875459628,5.609962370751349,0.1121237829718579,3.2904650801085897,0.0074251516675423,0.0848841289075825,0.0236193482990718,140.43042400041182,1.1510146830822268
2020,0.0101098091040871,0.0080840885047409,0.2937124075736127,0.2096410809245054,0.0252539076879487,0.0092362216204705,0.024115833744224,0.0129629275791114,0.632374231120806,0.3463668314641764
2021,0.4170087134579445,0.0369448384612162,0.0001640175299838,9.360245931553835e-06,0.2255489970209177,0.0042990346732782,4.416412951806401e-05,2.1474541334929436e-05,0.0003691051663605,0.0001731838421045
2022,0.0137699891837629,0.0096967716124746,0.3660139146421408,0.1236311800283661,0.3449289778069627,0.0483063758023597,0.0537521963208579,0.0210958569141895,1.7458418267924012,1.0041238411977056
2023,0.0237535184761496,0.0117836091301129,2.7075830727493884,0.1098513545581029,1.3701599530210624,0.0076749165827724,0.083650457958993,0.0243963764621543,66.55713960754646,1.177806280096806
2024,0.0245905595248795,0.0116226584918352,4.479743236250791,0.1113261510908957,2.5411621280087697,0.0073416709313069,0.0850714865720143,0.0239191590113078,112.11912681091016,1.1640488073074795
2025,0.0181666728299347,0.0110917523853808,0.4041763760429346,0.1101443198940444,0.3628130043946199,0.0164170751376785,0.0687653500600683,0.0238437488814763,6.0939550720560165,1.1359228830036217
2026,0.0244478271757752,0.0114223630043997,4.136839651457892,0.1121495376208307,2.330790413330189,0.0074706617418707,0.0842065438636952,0.0235771803967639,109.93059771954456,1.1505232017363745
2027,0.0193578593550889,0.0113131454056341,0.5801770963170461,0.1092422515310316,0.3616784635554291,0.0127986037576605,0.0721942653279229,0.0240939142179016,10.324896485294165,1.1550219583403
2028,0.0116647004070134,0.0088405805518027,0.3284977889305282,0.152946397724725,0.2704509692472664,0.0425709602380121,0.0410062317724618,0.0184668846441519,1.041425882979719,0.8283586849173794
2029,0.0103717730615437,0.008135365333666,0.2925959099827565,0.206667806548808,0.0392723217450513,0.0114526706383818,0.0314005150034338,0.0157646660155242,0.8473006198419875,0.5628580904098428
2030,0.3941635080663234,0.0351757856371343,0.0001751893706357,1.0999960653915472e-05,0.2440188584715448,0.0077633357290371,8.432367396988579e-05,3.397580253786848e-05,0.0004281564153644,0.0001999983076721
2031,0.0109499463319767,0.0084953162230464,0.3159940347820391,0.1800057777442916,0.1304246669715188,0.0294811577393746,0.0355251710471497,0.0172675641096446,0.9696570152853804,0.7121904454827033
2032,0.0127552517750576,0.0094018522466611,0.3563103313620681,0.1305955731563587,0.3441938491967345,0.0535632206365281,0.0501594976664093,0.0204141529374046,1.497988249055553,0.9601230015249193
2033,0.0165746351369791,0.0106480473007624,0.3933221817302577,0.1128090552558487,0.3582606297694219,0.0247735548401656,0.0636192903900719,0.0230885104973569,3.2297411105670406,1.0962497401795983
2034,0.0102547297440965,0.0080279090988561,0.2855090889200287,0.2069397266361877,0.028347876667794,0.0094049085122974,0.0302952228209429,0.0152090295401713,0.7932999093380715,0.5278949190966814
2035,0.0100436757553607,0.0080775772581946,0.3829648737855187,0.1572823759227525,0.0970135234446355,0.0277484381839269,0.0230727458188682,0.0123845019124492,0.6056499419351064,0.22590961726529
2036,0.0125176499707464,0.0093605498015269,0.3568446970769376,0.1314597813648074,0.338374793698209,0.0614599439263849,0.0495019121362101,0.0203940998539393,1.355479697323506,0.9489604859497532
2037,0.0132367211386677,0.0096066094789102,0.364875349068347,0.1253473112358202,0.3385515640532882,0.0608093368830507,0.0523030701972995,0.0210036801530442,1.4690748691432074,0.9837972265371436
2038,0.0147475526266258,0.0101173473877439,0.3782009125589912,0.1177583236517254,0.3489375810783943,0.0438717754628604,0.0577209964387446,0.0221190087785597,2.030497133581662,1.0457498678331922
2039,0.0245967853292466,0.011488771631487,4.761488288200355,0.1120583469580392,2.741711207986861,0.0074027226236865,0.0847769748087389,0.0237216009161963,123.8014698400974,1.1511104304772335
2040,0.544610481570646,0.0128881637398597,4.606389036705687e-05,6.022964134904499e-06,0.1340449210090179,0.0110380950129,0.0001504826122066,7.625224422041119e-05,0.0005182366688746,0.0003022890741431
2041,0.0157828617633198,0.0103888920265563,0.3854128214941466,0.1151846957385299,0.3556601152958303,0.0301971268823897,0.0611341852251787,0.0226891661640824,2.9747760954693327,1.0776845531621737
2042,0.5005188971380327,0.0167513929857424,6.565404739311782e-05,7.297593370008842e-06,0.1493575040657184,0.0095016303600976,0.0001038332463392,5.068500210748043e-05,0.0003625484907984,0.0002439660571018
2043,0.0104572041801943,0.008190427556708,0.2983659798492463,0.2035433222099014,0.0482590564463804,0.0128183110317223,0.0321227255893608,0.0160287043411059,0.8538845021153685,0.5947568696885281
2044,0.0105349242434443,0.0081067526946926,0.2792789770873443,0.2114548544526958,0.0147824092840996,0.0074423760918144,0.0303241336166954,0.0150046548713331,0.7559325669322953,0.5080678240967094
2045,0.0245915575180418,0.0115238358729585,4.286546333171694,0.1117002439006517,2.4189651568336354,0.0073910788501728,0.0847982325182347,0.0237182727614867,112.6090579654992,1.1598960554025313
2046,0.009571593314047,0.0076173963828309,0.304329995885479,0.197893441212355,0.0453169887519839,0.0165479016474251,0.0229322761843841,0.0124417278655518,0.6134641979418574,0.2717079584665344
2047,0.045207117702661,0.0103659899501973,0.2599069245256161,0.0086109013834106,0.1103991867095313,0.0362082157104462,0.0204468982703725,0.0108904839084129,0.6521097278745992,0.0065136113342133
2048,0.0212426166597054,0.0115807168835361,0.9362151922602894,0.1091004913039591,0.3568960332388602,0.0093564548127855,0.0773132821685593,0.024380147313148,20.333271705194463,1.1699939475822023
2049,0.0116041081495725,0.008802929978191,0.3263032576306448,0.153580815457671,0.2709274996731603,0.0436404580325522,0.0407294765947747,0.0184065405874203,1.035318062206066,0.8234813390547768
2050,0.0107215761621936,0.0082180192480869,0.2775814170493365,0.2114496377032889,0.0137772947350524,0.0076897438001887,0.0305608570456972,0.0149032694624477,0.7355933532293563,0.5191731393126922
2051,0.0194577294601498,0.0113369816657297,0.4124919749254132,0.1092622035979847,0.3629022073251937,0.0122159306202708,0.0724282408972702,0.024112981885427,9.308362609235305,1.154813979068069
2052,0.0150265770001988,0.0102556094400324,0.3811158065428451,0.1164422339447548,0.3517616040617113,0.0417984517534766,0.0589390923354033,0.022462336348293,2.1615750585442277,1.0611878455091484
2053,0.0112345804538146,0.00861322983372,0.3194495592814632,0.163529755777587,0.2137662137823058,0.037268463959866,0.0378761834173311,0.0178005596988637,0.9944386753716212,0.7737927611194355
2054,0.014516946471846,0.0097221279034957,0.3559002709158955,0.1347858099651535,0.0928291898015955,0.0544064544462357,0.0199145218093561,0.0117810426527872,0.6220777697153173,0.1053192623312361
2055,0.5030643812386602,0.0182373037839421,7.715284642134595e-05,7.072401037348899e-06,0.1565306250706816,0.0084320703513189,0.0001015924717697,4.443949963337647e-05,0.0003345756459418,0.0002332833278247
2056,0.0105451088960546,0.0081229643407778,0.2783510091727666,0.2101468666574322,0.0158093060959378,0.0076597787044264,0.0303882228134368,0.01496630055931,0.7463641059436523,0.5172044323493935
2057,0.0114099015127217,0.0086894306987978,0.3228895234635835,0.1581724430270508,0.2281531887585632,0.0371739326354834,0.0389261670578753,0.0179400309461744,0.9940413797438384,0.7928248128582717
2058,0.0107324793314576,0.0082415449833076,0.2924628004322153,0.1997482985014596,0.03916088578653,0.0100413419928473,0.0325173607886651,0.0158791132355675,0.8366301931955435,0.6071970141770595
2059,0.009725259970612,0.0078888608996117,0.2715646035274658,0.0385469347998627,0.083655400020304,0.05166260313674,0.0218780135778248,0.0116896816330743,0.5806835669534437,0.0414756642500609
2060,0.010866349962717,0.0081877132318958,0.2675539624733502,0.21393976569535,0.0137486292720996,0.0079144894484616,0.0294473937306409,0.014289997606845,0.6850566388170077,0.4685256573035199
2061,0.0111406629912206,0.0085864819433166,0.3155002098588392,0.1689021534009464,0.1663123664119314,0.0303611039985923,0.0366774052563634,0.0174985237233185,0.961007185074618,0.7451509693096013
2062,0.4064174507668966,0.0415717849712689,0.0001269613351264,1.0618793982066416e-05,0.2505047918313482,0.0054007418667164,4.3513020264434304e-05,2.530021821418833e-05,0.0003098675176855,0.0001861134402689
2063,0.0160383694304082,0.0104697972944674,0.3897692029470134,0.1141454104779533,0.3556643520388408,0.0283047035414487,0.0617897638844115,0.0227316373426454,2.909878484586164,1.083911151072149
2064,0.0120221766393456,0.0090613551051569,0.3390889282498826,0.1430716037953578,0.3213123100885703,0.0548971475146506,0.0445452422432828,0.0192943988411853,1.1018659066062864,0.8806014513619826
2065,0.0248581910952244,0.0116243396201172,6.176833218102362,0.1114375249450769,3.644519604292424,0.0073358472234316,0.0857646281486477,0.023919658727976,152.53138841901847,1.1630715999116228
2066,0.0119329852865103,0.0090109715996611,0.3396065362600352,0.1438822908527144,0.3227377852509857,0.0616831126409877,0.0443161411096665,0.0193213951942659,1.103479019908191,0.8799555580826034
2067,0.0148882671305788,0.0101188814850362,0.3807328476822086,0.1179092092374256,0.3509451729611698,0.0397996661515072,0.0581693374393979,0.0222132962197969,2.233346022294492,1.048241780901217
2068,0.0106707952777525,0.0082971959204875,0.3002509551718236,0.1906596464118704,0.0743178305596084,0.01597540631722,0.0333880206460081,0.0163749992125969,0.8830334855405503,0.645507481357152
2069,0.0196482637994111,0.0113408599492647,0.467091712384142,0.1093137378772456,0.3616971293317982,0.0118626229645099,0.0729143567064111,0.0241194188408315,10.51297886827691,1.1544167765694713
2070,0.0137815751676971,0.0096951344720623,0.3659145562803074,0.1238103226005631,0.3462589581051906,0.0472506947462973,0.053958149041109,0.0211858798973831,1.8417548011281952,1.0031313381937743
2071,0.0106289209752916,0.0083796127652619,0.2697479732936477,0.2098859796039747,0.034956245248144,0.0164028450741161,0.0225449538172187,0.0119363744208519,0.5640884963525837,0.2720790635026347
2072,0.012270854092711,0.0092012685492738,0.3456080129480588,0.1355229459000698,0.3381336530851967,0.0540173587438074,0.0476306049949276,0.0198467058546506,1.34471214725459,0.9235736141852908
2073,0.0182078894871182,0.011089933972797,0.4064462660122817,0.1101193237591995,0.362877898868343,0.0159510094410384,0.0687502454338844,0.0237642559909837,5.662553996479321,1.1371580583466383
2074,0.4362594603022917,0.0342718761518117,0.0001225589659974,8.204673586794662e-06,0.1811324265709066,0.0066718292212116,5.728111385454002e-05,3.3598524930055084e-05,0.0003224752647167,0.0001994572590612
2075,0.0105645944946142,0.0081098580879343,0.279850915063069,0.2106223357631804,0.0170232466770537,0.0077623083808481,0.0304360771713215,0.015019920765575,0.7607477608450712,0.5220598494042343
2076,0.0092592058986311,0.0074892545342014,0.2849617088825453,0.2023623909951029,0.0561146355557806,0.0165639933458886,0.0223993725062752,0.0123246966963644,0.6125355176652764,0.2697471193825823
2077,0.0246950437980349,0.0115108547593532,4.870760219786017,0.1118544325573475,2.79974101125446,0.0073892315581924,0.0849984786838364,0.0236721685321779,125.33898405871749,1.158267012409455
2078,0.0147296478602219,0.0100288539898381,0.3779477013276365,0.1187155644113402,0.3501388745350049,0.0400301834295928,0.0572677118932113,0.0218441092462243,2.1300922301007885,1.0449901723702206
2079,0.0191947497168738,0.0112508893608248,0.4382213147796582,0.1095433621709316,0.3614227725901158,0.0129835244815273,0.0716139060712028,0.024000808525294,9.128739875520628,1.1501327645566164
2080,0.0114521617322589,0.0087271214951457,0.3260768832319687,0.1564556441030453,0.259727066518065,0.055408117333698,0.0397850171699921,0.0183603746159767,1.0309937969172158,0.8029458095318164
2081,0.0245252259119527,0.0117196287057992,4.4254792579566855,0.1107203130830209,2.492939820592119,0.0073911890227078,0.0852320981681431,0.0241310216987928,106.94245901799344,1.171808078028758
2082,0.0199613840528697,0.0114361998996622,0.4855604792535821,0.1091495532680661,0.3635055277258235,0.0111882688909079,0.0739034597404295,0.0242668810855403,11.181943001447284,1.1581757807462505
2083,0.0121165197915674,0.0090967525902823,0.345556502080815,0.1392495984249859,0.3277770107989503,0.0633794194221502,0.0457827350580592,0.0195890264700126,1.116829032811178,0.8974419387505543
2084,0.0233898071306779,0.0108478541216367,5.364505088416729,0.1133847266424975,3.099381343673367,0.0091620253984518,0.080472694063065,0.0227546604787514,133.56212092878516,1.116823856418627
2085,0.0102414888637829,0.0076462829997822,0.2749622226340981,0.0700030098102331,0.1126613069364988,0.0824089456692137,0.0216997550652343,0.0111942621055239,0.5685547956852328,0.0343358713686473
2086,0.0106198597702761,0.0082916492742766,0.3060609550792124,0.1850917862559571,0.0969607979390187,0.0285130265678407,0.0335888546084327,0.0166125919205053,0.9154632385732934,0.6487310193067122
2087,0.4729838894421902,0.0246553061758174,9.767219207211702e-05,7.578662161708339e-06,0.1652950807304613,0.0075472812500942,8.294461452658673e-05,4.105016063120621e-05,0.0002929649777973,0.0002229742300647
2088,0.0189018364363286,0.0112285543629853,0.4173435199722564,0.1097256396403323,0.3645188431465574,0.0136819641866531,0.0708832391004858,0.0240434110232018,7.875524810402748,1.14407330752354
2089,0.0105484560340214,0.0081439479209069,0.2842653960425849,0.2025531010452694,0.0313248131488622,0.0095421871079489,0.0313508824577655,0.0154192406683985,0.7931443907479815,0.5593545740378257
2090,0.0110894414416568,0.0085342863324394,0.3184204007889318,0.1682520876869739,0.1874042367542814,0.04156401786247,0.0368888983399337,0.0176215985161367,0.9819640154687388,0.7469538241408231
2091,0.0224332138133699,0.0117173039724423,1.428263620701514,0.1092277765674807,0.5411676234081979,0.0084406996958784,0.0804411749209187,0.0244911384254535,34.73629584262338,1.1750846333490328
2092,0.0140828976630752,0.0079003987157459,0.2913927454345698,0.0373384088860976,0.0890949274508744,0.0667387535636706,0.0187621025230191,0.0103470447498696,0.5785314622653592,0.0244097194549712
2093,0.0120775511598505,0.0090851802503191,0.3451839162804415,0.1401728272253571,0.328691137534805,0.0577917438078517,0.0456459715760191,0.0195053161813801,1.1651249292681938,0.9028259457869412
2094,0.010012762813973,0.007846129567306,0.2583640612861424,0.2143989167821333,0.0144719235563935,0.0093682020622491,0.0265626530417851,0.013568421542103,0.6637864384760366,0.3835847531775678
2095,0.0106019615030911,0.0081960631909866,0.2904923099571624,0.2029699370290891,0.0397038470104063,0.0100897862602542,0.0318062303121505,0.0156653576906958,0.8166545428030333,0.5822902628292004
2096,0.0150694894162605,0.0100979172830291,0.377978649999157,0.1181461817132178,0.3515759596125291,0.0341042409987595,0.0583718651616544,0.0220109281602675,2.537570799367042,1.0490100436774197
2097,0.0133535972895362,0.0095641910225395,0.3608559417749044,0.1266362339188753,0.3469882109132922,0.0478999136915022,0.0522974718844589,0.0207857298307328,1.7382423497094115,0.9857089873155704
2098,0.012278811720848,0.0092147500879117,0.3497917696627657,0.1355987710466333,0.3326194384922659,0.0654980761016852,0.0475243968195668,0.019996610748817,1.18456757191829,0.9250074040378888
2099,0.0208603827483787,0.0115218471868331,0.7213899836146714,0.1090954829212377,0.3581753555726955,0.0097434679502338,0.0762576803396206,0.0242988024329328,16.503822401255643,1.1682269094233282
2100,0.0181135322570533,0.0110831513392386,0.4055868857043724,0.110047172573889,0.3628036251222866,0.0164342093492648,0.0686105504903051,0.0238312497893846,5.790865891037223,1.1348060631426795
2101,0.4473257806056852,0.0319151828394955,0.0001085655464594,7.663248797525443e-06,0.168895428065021,0.0063100610526245,7.058964901784931e-05,3.638440270388582e-05,0.0003317182298667,0.0002103391991973
2102,0.0113664406743728,0.0086818311123168,0.3192909402928302,0.1611140390116622,0.2127112684451231,0.0342121227856902,0.0383023969092885,0.0178224079580736,0.985832465660856,0.7828408820421849
2103,0.0106143366441559,0.0081837332325909,0.2812582389454826,0.2112094476483116,0.0136901187079154,0.0072957013910279,0.0307986695346565,0.0151475181623877,0.7640450918358073,0.5275328067732687
2104,0.010512778180232,0.0081600851419857,0.2729016421568613,0.2137414375446369,0.0139311565595333,0.0080411377480221,0.0295935473663043,0.0146673989980694,0.7349098340375019,0.4868414373715517
2105,0.0158851034186189,0.0103868614904853,0.3847687081879293,0.1151249331974386,0.3556008120065703,0.0286921317346333,0.0612614110424439,0.0226077220770014,2.8910267398181726,1.0781570948981003
2106,0.0247338244028841,0.011738137932686,4.6792428190556725,0.1109079167782924,2.6605828020159707,0.007308872012806,0.085709119475889,0.0240996113092776,115.18479752664672,1.1734111695593143
2107,0.0247924380361354,0.0113904108607017,5.69572177112603,0.112387006700212,3.351342410166606,0.0074820594395813,0.0850425421844777,0.0235179785364375,153.5835434362574,1.1475013705717796
2108,0.0147146422639033,0.01013939388514,0.3777127642884084,0.1173738134773257,0.3474492908357998,0.0459373812819519,0.0577107762262879,0.0221526027294816,1.9004718295124603,1.0477954458504473
2109,0.0146895471354221,0.0100038730018342,0.3734016604011487,0.1194224172306009,0.3513510738304512,0.0387148810474185,0.0572473146751375,0.0218580357797745,2.232992802654407,1.0418808960227286
2110,0.016960414714088,0.0107254611923832,0.3942447038988119,0.1122857014944451,0.3586551068440952,0.0217999779624698,0.0648235309472084,0.0231944093663846,4.107930186851003,1.109928216464447
2111,0.0123420077465766,0.0092530159755998,0.3485309760883097,0.1344275212476318,0.3425618642790655,0.0533101301834101,0.048391221937063,0.020018853301364,1.4229680379657157,0.935672096911706
2112,0.0109807586636472,0.0084700889607972,0.3095918623596503,0.1749391349466382,0.1316870648255415,0.022573416993836,0.0356091131327393,0.0170852700677875,0.9292299382249798,0.7194439963786655
2113,0.0106566942635411,0.0082288202906946,0.2662318056019734,0.2156005451816594,0.0140702025182301,0.007981864370605,0.0285100626851426,0.0140755139313166,0.6818028234021599,0.4452276352692365
2114,0.0106886932195463,0.008178266096528,0.2742057627438438,0.2123711245685771,0.0136870359882185,0.0076499005290608,0.0300804137866516,0.0147344069490748,0.7236384948012189,0.4994538186386347
2115,0.0109418414701884,0.0083859118452526,0.2995748033585317,0.1853141896849646,0.0672493656112982,0.0126055337923495,0.0341399423147345,0.0164143001001322,0.8393214982302551,0.667307459831303
2116,0.0140593188475109,0.0098511605313338,0.370389554746471,0.121700042273305,0.3470493663517339,0.0479536823154943,0.0552334261801303,0.021563217404601,1.8603247435897856,1.019991629243093
2117,0.0104008364104343,0.0080585165888421,0.2684721792634779,0.2123581084791283,0.0136533291909368,0.0073766385079359,0.0289738455954659,0.0143733197804554,0.7025518200701552,0.4642399363020333
2118,0.4613998908278715,0.0266194941853907,0.0001069989587411,7.83810007975174e-06,0.166084270543853,0.0060784636900146,7.25367121265828e-05,3.002391427828707e-05,0.0003120884248137,0.000200297535408
2119,0.0110660323208426,0.0085537893559933,0.3163347324701166,0.1727314008937342,0.1630244862713404,0.0340507829214589,0.0364391792053908,0.0175551717834968,0.976710510115023,0.7332285823953915
2120,0.0231028132849288,0.0117064035453561,1.9551957874287325,0.1097777363066884,0.8841329129081978,0.0079765263546856,0.0819098372483618,0.0243395148153671,48.30016648698328,1.173518741668171
2121,0.0116223559852258,0.008823794568277,0.3312331705990445,0.1528839717282024,0.2756209051649629,0.0573278403968606,0.0410574388552442,0.0186069683896581,1.0624526680062998,0.8301776338648592
2122,0.0144485431604107,0.0100003649721963,0.3752205900139116,0.1195856040730235,0.3483328127356639,0.0452806025047729,0.0568175385624137,0.0219947740642388,2.03195625170185,1.034626884227799
2123,0.0107222682304125,0.0083281973924436,0.300251560244521,0.1928752989582593,0.0612470058221669,0.0143561316001003,0.0333937725311038,0.0163665139386638,0.8733974516167684,0.6385359667078986
2124,0.0238991019984529,0.0117393990399597,2.871443963339229,0.1103641515558462,1.4863208877904115,0.0075597663165711,0.0838268249861628,0.0242910234396379,71.09580959804083,1.1708233898483194
2125,0.0157615056266217,0.010379779341131,0.3859301966525245,0.1150544278087597,0.3548831603067804,0.0306163472165514,0.060835746770214,0.0225188975840525,2.6980511924949333,1.0781386048040988
2126,0.0161432949002172,0.0104779750513334,0.3874611010292034,0.1142155175056963,0.3555939124131524,0.0267061705309393,0.0621458936254146,0.0227569422111256,3.2127248016233683,1.0859963748428318
2127,0.0166768357108101,0.0106782162955991,0.3935188988862788,0.1125627551780508,0.3582185551870258,0.0240443299714395,0.0639910774801693,0.0231599590161906,3.546463703172571,1.0986280813487863
2128,0.0228730926247111,0.0117202535824248,1.772075024828418,0.1096135636053656,0.7688010228350076,0.0080763590873013,0.0814583614698026,0.0244522115473138,43.00001327579748,1.1707878073704607
2129,0.024459668891618,0.0114145415335391,4.593599826860231,0.1123225503908634,2.634833658992461,0.007460852173849,0.0842489474522666,0.0236024573588165,117.83779588622986,1.146149617497792
2130,0.0104984450531338,0.008107310023373,0.2737311352099718,0.213630213613406,0.0137867383536368,0.0073757926982215,0.0297524957187156,0.0147258497316159,0.7358681678287915,0.4860085463934038
2131,0.4726165133141189,0.0258405924765772,8.988974612632492e-05,7.832949870264989e-06,0.1625295707731056,0.0065113312697207,8.289916869204547e-05,3.061467691101953e-05,0.000351579535448,0.0002030708444821
2132,0.0245602180231772,0.0113368833037373,5.43076575115379,0.1124541239356911,3.1795904911994004,0.0075783916913374,0.0843837667977489,0.0234835271748736,144.99655327764546,1.1429487381119374
2133,0.4317919942658193,0.0342435019145702,0.00014307327786,8.824663875481378e-06,0.2034601909894202,0.0068619464899433,6.41759676229762e-05,3.381484970879664e-05,0.000358453365235,0.0001992829793815
2134,0.1240739942983041,0.0319140981736321,0.0003409114190631,5.300506780034896e-05,0.5310696585835853,0.0053366611960686,1.6374979966835296e-05,9.009460314414035e-06,0.0003410994325404,0.0001343941304186
2135,0.0183981673916241,0.0111007265674068,0.4055421702248323,0.1100379677144152,0.3593977509411399,0.0155457212035983,0.0692943971976305,0.0237785021591429,6.922025129747392,1.1380495859810924
2136,0.024459156500323,0.0116814891827363,3.892737639541488,0.1110050829208524,2.1555235014614222,0.0073726469823514,0.084926632206104,0.0240569329110505,98.84282135954932,1.167586901171021
2137,0.0106741621190679,0.0081320416411124,0.2725466938023262,0.2174166461543632,0.0139329790016377,0.0078508719392885,0.0296050672435224,0.0145675570846532,0.7228050629429006,0.4747570117648381
2138,0.533911085772069,0.0124386347967544,5.261817134679262e-05,7.105016938440164e-06,0.1403977153023512,0.0109786408781188,0.0001164532641478,5.967768402701367e-05,0.0004599575239695,0.0002628648723586
2139,0.0158899209206043,0.0104821535414633,0.387460660148283,0.1142029962062907,0.3562681726402188,0.0306994756458758,0.061630460863079,0.0228414713594465,2.8312360360077173,1.085439978954013
2140,0.0106374214590281,0.0082846505038601,0.3017836540123861,0.1868638196687271,0.0838989530540057,0.0177477560891907,0.0336147892000672,0.0164981964244147,0.8835816146842268,0.65999257418929
2141,0.0226103130038909,0.0116982121777239,1.4441091318695047,0.1093563948719183,0.54968224567041,0.0082860357827137,0.0807470119890324,0.0243644559947042,35.523899367317405,1.1774471865064102
2142,0.018989683532058,0.0112054195513681,0.4081637977686903,0.1097768450550378,0.3620028087176956,0.0134075624377103,0.071010209993464,0.0239530547659764,8.212569184578593,1.1454897283299454
2143,0.0105471981382121,0.0081807236651035,0.2863725695869576,0.2045080269296796,0.0332337655125311,0.0095027430699434,0.0312750429397272,0.0154327752014777,0.7784350503188298,0.5541491875993377
2144,0.4844155897233665,0.0245933640913083,9.076953865614378e-05,7.144179285234407e-06,0.163041711594048,0.0082069990372832,9.249374683477868e-05,4.857125846163477e-05,0.0002898234672412,0.0002374367676622
2145,0.016370500185292,0.0105441255681524,0.3901379461771858,0.1136139627437373,0.3562695789989797,0.0252476823719328,0.062879353276552,0.0228751262281191,3.4890709165880143,1.0930570312600922
2146,0.0175778129332491,0.0108779902517152,0.3993668297222264,0.1111446512917742,0.3597066026408011,0.0181684654588901,0.0666639272790641,0.0233821526311513,4.620311751308998,1.125273156424363
2147,0.0199244293191594,0.0114034854381115,0.6098018918867201,0.1091597581938678,0.3621628367218806,0.011541711032187,0.0737836185312462,0.0242264873186406,12.302307024717493,1.1611823186042514
2148,0.5382568618401462,0.0128302614252452,5.17190054551626e-05,6.257598157899354e-06,0.1400696715635876,0.0107935731440658,0.000131409448209,6.837605618648328e-05,0.0004615389341588,0.000283060748058
2149,0.449469967360958,0.02942577549968,0.0001194632149623,8.220711518288264e-06,0.1727818645137994,0.0059779330551343,6.426860484139683e-05,2.7558796009938854e-05,0.0003378583148535,0.0001929920865328
2150,0.0106698228651389,0.0082195244277927,0.2881665896074165,0.2016004032316308,0.0328306258695062,0.0095171499327459,0.0319044946109782,0.0156192794153462,0.8012671711882937,0.5801165538579113
2151,0.0153376718166025,0.0103197624204428,0.383142013140934,0.1158936091910446,0.3537797221612716,0.0365661043715958,0.0599364025626125,0.022640904190126,2.470074267590855,1.0659050502102494
2152,0.0123335318374019,0.0081769306488868,0.3319006099257145,0.0988833327407656,0.0977874310103822,0.0647417096347237,0.0209282449590928,0.0115529014368023,0.5622106126561989,0.1087833099893611
2153,0.0160952091905411,0.0105287909673404,0.388961185433936,0.1136948024676052,0.3559810600327001,0.0284579697136091,0.0621908015578162,0.0228721003563666,3.0187563946771743,1.0894304033603084
2154,0.0117923390263989,0.0089119538748258,0.3348773863133619,0.1468886902581092,0.3019828083999339,0.0564341865218093,0.0426273115099808,0.0188876104689656,1.062673970902887,0.8562200152696539
2155,0.0109735351289165,0.0084589596328491,0.3094332802044928,0.1739399752139783,0.1255496155811166,0.0241294086396128,0.0354896569003693,0.0170187492968082,0.9272739683572516,0.7138886331987088
2156,0.4600759882328726,0.0296985584646494,0.0001082626724367,7.728514575383967e-06,0.1640198405759941,0.0074133978335999,7.317158773619674e-05,3.978740182518365e-05,0.0003073612658878,0.0002139128187036
2157,0.0118455808109897,0.0089250111448415,0.3333039138134723,0.145273366103233,0.3080342509520694,0.051232888383946,0.0431287840967179,0.0188664447280613,1.0564624003883143,0.8625128214255007
2158,0.0109033955417298,0.008440263453531,0.3095374064929276,0.1775523115864356,0.1208492991103667,0.0236547882518282,0.0352309820735671,0.0170502658605651,0.9312911581914932,0.708276056662683
2159,0.013139041977673,0.009550982126894,0.3593395310043789,0.1273692464051141,0.3428142856443611,0.0565261078561086,0.0519557868109293,0.0209349262174065,1.5526335749418565,0.9776174751014084
2160,0.0096072222827432,0.0077482538208414,0.2506106626665534,0.2139829302946096,0.015782408092286,0.0086241212153327,0.0245759939273279,0.0130565065346721,0.6304331169272163,0.3593629134814821
2161,0.0101040452899675,0.0083775175013047,0.3105421696008256,0.2341946178993193,0.0402628547294676,0.0127251539352826,0.0230231454906612,0.0125987677285861,0.6007515259999378,0.3074584881148814
2162,0.0122330275666119,0.0091805896531863,0.3466432388218318,0.1365700217531374,0.3339097697702107,0.0623937954978741,0.0469967049530692,0.0198171220735645,1.1911065070445273,0.9203212187728832
2163,0.0162616128834207,0.0105453552486565,0.3905168183211406,0.1134048750371304,0.3569812059315528,0.026606069384636,0.0625248380394175,0.0228049276869541,3.0781983142316007,1.096850022444218
2164,0.0241188460209201,0.0111416753165555,5.23403957812251,0.1128805413189677,3.0363342599279397,0.0078928668213324,0.0828181301420093,0.0231511277062379,130.9861904897059,1.1342129611512917
2165,0.0170664492657232,0.0108058543129971,0.3970115986113069,0.1115478842232334,0.3590988083672408,0.0216607581337816,0.0652270481930204,0.0233223936589289,3.909786362816892,1.1105223571434026
2166,0.0117968525486466,0.0089194250608354,0.3350082185822768,0.147031137636583,0.3131091624163986,0.0589031753773234,0.0429609814761605,0.0189863270667129,1.0817406564371257,0.8580173970048529
2167,0.0159272081708525,0.01038045746909,0.3866953944520771,0.1151537918966322,0.3546049557395844,0.0277331509299405,0.0613722518137381,0.0226325536579676,3.1859661093575724,1.07458135847614
2168,0.0117723152825702,0.0089001031759135,0.3332314756816821,0.1478996908591595,0.3121616814090369,0.0488244846950827,0.0427747709188753,0.01884366788737,1.0651369633721823,0.8587422851769319
2169,0.0106036240927667,0.0082759915129089,0.2552747564370479,0.2167556369843497,0.0158295222860305,0.0104503761169739,0.0266423552464727,0.0135036307275183,0.6479482278129917,0.3743054046840789
2170,0.4261736881619383,0.0395173070843952,0.0001503005024914,8.85642385796666e-06,0.2123362107834864,0.0057637598451506,7.99042094454891e-05,3.099483024494959e-05,0.0003301007933768,0.0001904517760934
2171,0.1719276423369306,0.0101943446894264,0.2747231595202276,0.0091869202573748,0.1575157731520903,0.0445044664431611,0.0157836183002206,0.0074088358545915,0.5996756995878757,0.0097337781253151
2172,0.0148509243862864,0.010095993416191,0.3774643048711109,0.1180750348876162,0.3506095806509178,0.0398658283589681,0.057890075283004,0.0220697534119307,2.1626449094382787,1.0473904744889464
2173,0.0102880152636161,0.0080129745385324,0.2682018050078461,0.2153742795666686,0.0138192886481117,0.0078542331305816,0.0284878734414304,0.0142479654118181,0.7104612569746873,0.453566229096389
2174,0.0244535797591101,0.0112319101842543,5.485980629083422,0.1128170948330551,3.215578796470415,0.0077497479752745,0.0839018220632121,0.023323778284094,146.51948568891171,1.1359359620451848
2175,0.0107110835801783,0.0082846253945444,0.2978846497539276,0.1934287258733805,0.0575873669736569,0.0131915183657876,0.0330778583077045,0.0162154162411436,0.8612158624827762,0.6370162739414579
2176,0.01063300318981,0.0082778524877724,0.300717940067038,0.188975272746138,0.0699883479892705,0.0168599451097314,0.0333748292078103,0.0163535793019278,0.8687236800030825,0.6444627853127437
2177,0.0106412482488342,0.008170918441128,0.2843500665159053,0.2074922235154289,0.0219556670331978,0.0079673433466321,0.0311119434647087,0.0152328719659574,0.774276413016219,0.5496143046451705
2178,0.020896846229499,0.0115209023685013,0.844083890221396,0.1092273045413424,0.3558299669623411,0.0097689752188254,0.0762496447440703,0.0242441757477178,17.991335304125077,1.1656943986539956
2179,0.0106546084679801,0.0082079715937231,0.2925216626300685,0.197821682295588,0.0411510357444854,0.0108380514642894,0.0324166878925711,0.0158526811930962,0.8286469771193432,0.6031021064821462
2180,0.0229014502766769,0.0117282516366324,1.7159766973228034,0.109631809990978,0.7300081164411119,0.008060205353535,0.0815096974053465,0.0244221090994814,41.45389631842382,1.1737451956587797
2181,0.0242384902643727,0.0118214739571194,3.561737211418781,0.1101980740030376,1.9276545707808963,0.0074450927081027,0.0848574168921737,0.0244004413354241,86.87496975296807,1.1764329815458268
2182,0.0105886245739683,0.0085414361926578,0.3497117439978021,0.1474309483679169,0.1047423470861095,0.0493685661786212,0.0223903773330401,0.0123431893668246,0.6176887820608233,0.1547890972460949
2183,0.0168873675999412,0.0107646163155169,0.3968204234913323,0.1119211561051026,0.3593415099743861,0.0230694548168666,0.0647737578880652,0.0232976847098728,4.034473168896169,1.1119174912464231
2184,0.0133756127167226,0.0122495043826131,0.289416693948196,0.2599288799852501,0.1420112355429824,0.1082810259014215,0.0183976722479941,0.0120166611789849,0.6615324302701266,0.1510632150733885
2185,0.4756564867952739,0.0210893625490231,8.905063743639618e-05,7.970175634678793e-06,0.1629111444238696,0.0078180108545115,8.483067639447683e-05,3.514487133927079e-05,0.0003364309176704,0.0002095461063743
2186,0.0096191477334573,0.0078632545343282,0.30343011724687,0.2416866526901653,0.1017063768940769,0.0467510738377111,0.021820819255586,0.0122631053439488,0.6152134426938711,0.1848161610937951
2187,0.0124014923306177,0.0093030503822203,0.3537404148597384,0.1322115669478973,0.3346526223344024,0.06550741787013,0.0488985673465844,0.0202792579872812,1.2582298256449147,0.941051598340088
2188,0.0102358538172734,0.0080557938120699,0.2632799000319689,0.212688970200762,0.0137862737886317,0.00803519364531,0.0282923841108678,0.0142656914217473,0.6975659160832556,0.4440877364832569
2189,0.015070402196067,0.0101722947165575,0.3775370705260523,0.1173744275335216,0.3518756290288549,0.0372165242964205,0.0587074502766258,0.0222347362736964,2.3681937900064627,1.0533170031410832
2190,0.0104762324206353,0.0080764964820335,0.2837902541093202,0.207392228390462,0.0241800600511276,0.0084299337510562,0.030972110746703,0.015284692998816,0.789444841257232,0.5468253300649536
2191,0.0241242669372132,0.0117188626662664,3.3673669819521463,0.1106227572611837,1.8090652674019927,0.0074734231423886,0.0842823139390814,0.0242088099096865,83.33181377818093,1.16897463084839
2192,0.0204942911651263,0.0114415992977978,0.6695873623720179,0.1093398451839197,0.3572883867366196,0.0103398203822576,0.07516865197968,0.0242070900669798,15.166672749548216,1.1577354803516418
2193,0.0208982589716379,0.01145495627372,0.9767555438161372,0.1093830209010769,0.3521771495144715,0.0099754086968279,0.0761398201577017,0.0241547252708055,20.15775688713636,1.1647420252911969
2194,0.0388035409066734,0.0036170365123042,0.0092727807789908,0.0041193510965617,0.4183665413242259,0.0090126310878882,0.000338395635575,6.168044944859872e-05,0.0091670507594864,0.0041204174588268
2195,0.0137310038710852,0.0096924807424213,0.3654666395784822,0.1243979773311118,0.3478676553544138,0.046607809264674,0.0536869050756606,0.0211191729549035,1.7905641708377578,1.0010440066619413
2196,0.0126571192406747,0.0106571099983993,0.3038688386703986,0.052405323796788,0.1321698019899323,0.0941882817377596,0.0212786207238559,0.0124380227353478,0.6744890140875773,0.0380268936820139
2197,0.0137935778643265,0.0097373688114705,0.3677762071416062,0.12357139101923,0.347684522760657,0.0462464341395175,0.0540013926686839,0.0211727814854003,1.858302284214272,1.0064543423708188
2198,0.0107547659872241,0.0089171955701932,0.2979007657580433,0.0333361561839423,0.1259445485642538,0.0892894283124454,0.0210583341881416,0.0115987914576219,0.5838827503956862,0.0164348182409647
2199,0.013483218787717,0.0096103437645271,0.3646112337309782,0.1258513459750831,0.3472230209552945,0.0477984967733101,0.0529921572340737,0.0210184360241515,1.8199940894207776,0.9907654385196636
2200,0.019049253085645,0.0113006913296003,0.4127873939629966,0.1091355397348809,0.3648249473235169,0.0135303888218498,0.071429339676618,0.0241293317932497,8.132839450180043,1.153679800182311
2201,0.0130562487247679,0.0094974014749428,0.3613838276178389,0.1274823185676575,0.3393444069717851,0.057253430320186,0.0513341336122483,0.0207329529544306,1.4941288737227578,0.9721905498037318
2202,0.0105582402262322,0.0081357842700125,0.2778851392872856,0.2072995157812258,0.0237585953463855,0.0080834725699844,0.0304120185553776,0.0149242882674494,0.7425272356420314,0.5180212767438724
2203,0.0212322609897256,0.0115792156322808,0.8981213300646843,0.1091573112926285,0.3574997417373665,0.0094028461297417,0.0772773216231986,0.0243955508142346,20.357729774342936,1.1662507015594452
2204,0.0158547843680752,0.0104391007970324,0.3873225523027192,0.1146050687946578,0.356260121475682,0.0304211208845525,0.0613842080525755,0.0227250754152757,2.963072216721162,1.0838593349500845
2205,0.0102976986830492,0.0080763523431188,0.2758966974337609,0.2088395677021613,0.017552644547254,0.0075876751859296,0.0294771597421791,0.0147240694913821,0.7362722614301678,0.499215589912479
2206,0.4298517314128903,0.0349691722822706,0.0001277676065287,8.506783923309324e-06,0.1922949533747993,0.0060751836316578,6.134352977437981e-05,3.171813129087004e-05,0.0003510680809635,0.0001970763468993
2207,0.0105677012457419,0.0082052623563473,0.2880484041708055,0.2047746466357442,0.0288004056918768,0.009300306543536,0.0313373519628392,0.0154913265589858,0.7907871065843384,0.5580619499851639
2208,0.0180883201387406,0.0110219723439341,0.40334450240501,0.1104345596626301,0.3601059993017492,0.0162603899231714,0.0683018690842979,0.0236412128690412,5.88510185099168,1.1317549003309213
2209,0.0166725100635038,0.0106865229593944,0.3946618447977968,0.1124344533959003,0.3586349974488134,0.0239866521962667,0.0640485207342915,0.023201890796743,3.48269902318662,1.1009157474156743
2210,0.0170906008918059,0.0108379853080964,0.3988446473488982,0.1114581885496371,0.3607849918757398,0.0220161803526216,0.065496923742273,0.0234768461236733,4.06458212406404,1.1128634296197335
2211,0.0106266127500304,0.0082473367431742,0.2950302796579286,0.1980817188384062,0.0479374415682611,0.0122237648709732,0.0324758966840542,0.0159938707191304,0.8409554604902899,0.6061872511888726
2212,0.017202945441593,0.0108300437082542,0.3969338107206895,0.1114337218393994,0.3593134551154538,0.0206072741484367,0.0656932325261592,0.0234038714741992,4.132432628270776,1.1123486029615048
2213,0.0110656292989271,0.0085265724503894,0.3112352760685209,0.1720848936668685,0.1377496340776539,0.024064688921345,0.0360658527139741,0.0172053854113297,0.936338779038948,0.7305458408564344
2214,0.0117608258843696,0.008880481732685,0.3321778765430251,0.1479194100425917,0.2885989597292296,0.0476514795342194,0.0419096656723049,0.0185912259104297,1.0345522863953591,0.8463458753341611
2215,0.0118094908599845,0.0089347011096783,0.3356101680286098,0.1480292261449779,0.3049032313691549,0.0732455147976259,0.0428629062764413,0.0191410655923787,1.1019684479919372,0.8501765933183109
2216,0.488514117688036,0.0173592819710189,8.80436718516419e-05,7.931994868008144e-06,0.1613703581266013,0.0091325040046952,9.256756090260908e-05,4.930123205400581e-05,0.0002936873750552,0.0002364712688355
2217,0.0108090201660771,0.0083903710980983,0.3091872592249431,0.1808320702077107,0.1093188841862411,0.0269872723745457,0.034733304558435,0.0169376427255096,0.9192981113625386,0.6848279085567173
2218,0.0100871564535872,0.0079705896484728,0.2664022470693025,0.2148772712621856,0.0140809738183325,0.0081294647126679,0.027775135956541,0.0140238184323523,0.6914573646590114,0.4400818187958454
2219,0.4082535816997109,0.0397555077588105,0.0001784691042831,9.766454312245748e-06,0.239160442345759,0.0053247841779841,3.922900780334724e-05,2.499242124837151e-05,0.0003598431728897,0.0001756429478191
2220,0.5051197562719333,0.0161845486281452,6.729771089754839e-05,6.928245465546073e-06,0.1504883279010064,0.0084560879042877,0.0001088557757931,4.420838393698288e-05,0.0003554686909694,0.0002333387556128
2221,0.0141405493142326,0.009835866251244,0.3705226198153487,0.1216798290816403,0.3482088351553071,0.0439525175192466,0.0551535352112455,0.0213804586329652,1.922024207889816,1.02254087125785
2222,0.4752153322183506,0.0242541202976607,9.690883551394164e-05,7.511746065139111e-06,0.164993890520022,0.0076149344551046,8.497561439417198e-05,3.980821130985788e-05,0.0002979409820185,0.0002188149655656
2223,0.0244475185467937,0.0114276796542394,3.949933665103072,0.1121589166865805,2.2097779220598466,0.0074571903024704,0.0842089853763556,0.0235807535263129,105.17600767431396,1.1510258070647503
2224,0.0238619803711259,0.0117689091607721,2.9183377842424223,0.1102233642674102,1.5122990331770862,0.0075464808583418,0.0838125182031021,0.0243407449886805,70.47174468602634,1.173493051452028
2225,0.0186140439230206,0.0111460523752191,0.4063397680836882,0.1100000203606405,0.3611521884399791,0.0147314708436284,0.069927198011564,0.0238620674998366,7.421367392960875,1.1395063900407096
2226,0.4890438527061178,0.0217772828519072,8.696562056931413e-05,7.118758476808935e-06,0.1599913176723348,0.0083909803330035,9.175923149728018e-05,4.805884560602129e-05,0.000310003044437,0.0002384450975373
2227,0.0106999440509486,0.0083107907386045,0.2964855149462213,0.190879100059017,0.0626416470516011,0.0142516221679488,0.0331755151925395,0.0162387692014443,0.8477892110192181,0.6309655580307757
2228,0.0253081333033097,0.0085544280608697,0.2823662118391333,0.0419027936628169,0.0913249360279347,0.0561028919251001,0.0205439403004867,0.0111752463224185,0.6301876134406993,0.0375258938895193
2229,0.0098171973712532,0.0078529176182516,0.2604563463478448,0.2022562569366705,0.0221859937163414,0.0084453579862568,0.0255309216944512,0.0135053135883687,0.6654990034342747,0.4059600425043993
2230,0.0119116100490029,0.0089865886544232,0.3399596535411474,0.1442747722999671,0.312386494082022,0.059059825455142,0.0437317522553631,0.0191448726194942,1.0832480111454923,0.8710750931015535
2231,0.0135170609582526,0.0096649606510419,0.3640349900966838,0.1252762731947853,0.3466879521679307,0.0515396728456075,0.0532902220910947,0.0211784716793943,1.7145205803670616,0.995441637417626
2232,0.0098781308607393,0.0078163449688782,0.2499859342634554,0.2115450558635204,0.0188091469837819,0.011431299258248,0.0245446027789539,0.0128287234183416,0.64094783919326,0.3367735731920155
2233,0.0106856220978495,0.0083133801927187,0.3000234350641808,0.19289549562205,0.0620683653976483,0.0147779142462902,0.0332804105546341,0.016339088789656,0.8736606038901202,0.6367203326366087
2234,0.0187220433322729,0.0111831822057252,0.4081732427109111,0.1097754107669611,0.3630613548856705,0.0143059063238315,0.0703845036930873,0.023974600815834,7.432536089517529,1.1459014407262584
2235,0.009318196598242,0.0074965264884944,0.2574589780233422,0.2193081385454784,0.0142198564961877,0.0075273115973508,0.0243353536163954,0.0130418511918077,0.6693174373947515,0.3606719834736368
2236,0.5026159122993661,0.0164517546196968,7.80300065541912e-05,8.222257233200229e-06,0.1573242230166331,0.0110194429741079,0.0001394221360279,5.6083486751307126e-05,0.0004667210791329,0.0002483136873855
2237,0.4471718603836597,0.0297216665431888,0.000123050710059,8.234905323181262e-06,0.1778149549411894,0.006006571828642,6.180409922405851e-05,2.9125052048240168e-05,0.0003466796372249,0.0001941869334805
2238,0.0247195632109043,0.0114757800834892,5.362342501303727,0.1120408654680818,3.12662354746144,0.0074336422739175,0.0850417392802752,0.0236665269768557,139.91474984496375,1.1536744887392532
2239,0.0161589693272531,0.0104872410138363,0.3880421711428619,0.1140987442783629,0.3562973919435737,0.0270117559484533,0.0621915133188809,0.0227529542567222,3.1988156440711,1.0889326585353996
2240,0.1271204684481419,0.0139888026819308,0.316464208819737,0.0076568579616764,0.1530016166425728,0.0723776128864804,0.0174211063104634,0.0079690748930818,0.6769925786315015,0.0080569279145652
2241,0.0117551826799029,0.0088899798381396,0.3343164200055735,0.1487958714757959,0.3043385631296422,0.0582827728460034,0.0426787615964268,0.0189854150063174,1.075650982424955,0.8519934120924045
2242,0.0130209467316888,0.0094706157320048,0.3598910301588124,0.1284984873449232,0.3447798203292997,0.0523095486604892,0.0511454927817783,0.020583946910161,1.5659100042316336,0.9732026440284076
2243,0.498389259476366,0.0203595422397612,7.996347034927333e-05,6.923642465638977e-06,0.1569884386986195,0.0078637276153305,0.000100828201234,4.3134721029322725e-05,0.0003473222091813,0.000230266165702
2244,0.4225101491319492,0.0389797496757885,0.0001548647455999,9.1093054071325e-06,0.218843982787498,0.0056253996867792,7.405239762955736e-05,2.9866243833224087e-05,0.0003324573075491,0.0001887354079707
2245,0.0109841441785459,0.0084938355121356,0.3127430652586661,0.1745223716231149,0.1403942641470839,0.0287163214569488,0.0356861157302295,0.0172085515880693,0.9549926215708554,0.7215331370544529
2246,0.2181766863865661,0.0100212539312193,0.2542494728876708,0.0130133210978334,0.0805376239366431,0.0300371925567769,0.0181563331905964,0.0090535035820064,0.6141143814206249,0.0137244266095302
2247,0.014521945078207,0.0100540913908169,0.3777833552168921,0.1182947068453155,0.3452124685188248,0.0470624550841964,0.0569721856658377,0.0219982159942713,1.9339105520254365,1.0354147919384409
2248,0.0134792396605408,0.0096708057731735,0.366999834599457,0.1241349019113582,0.3415581477305121,0.0563786986846105,0.0530121462835051,0.0210950140029646,1.5709523561066454,0.996556124712286
2249,0.5447194793541079,0.0121460975133436,4.587207710610293e-05,6.359134322187224e-06,0.133579443355476,0.0121246144911909,0.0001794628097613,8.005569879873816e-05,0.0005621046786658,0.000304651653002
2250,0.0107664587470202,0.0083665560851453,0.3071283972999856,0.181276722427035,0.1062388749180847,0.0240563636954349,0.0344858577477251,0.0168462327673059,0.9149477660918874,0.6821649962643098
2251,0.0102602608748662,0.0079793785364391,0.2558832190974212,0.2082791541999055,0.0168524137801993,0.0088219662423835,0.0262075346265823,0.0133694604487159,0.6473413634325971,0.3690031705958611
2252,0.0118381786933754,0.0089289000201294,0.3369158989080598,0.1454818811880242,0.311516831014616,0.0646602261130392,0.0436478405287486,0.0191778569409367,1.0977637338845938,0.8664163785062842
2253,0.4150231002346484,0.0400456233421871,0.0001686264450428,9.147358447131378e-06,0.2298991171848586,0.0058082362068915,6.641241671738751e-05,3.230180400536425e-05,0.0003698030013396,0.0001932653382902
2254,0.3730193571763922,0.0486495137695209,0.0002606244782608,1.2346868982025789e-05,0.2811481537260653,0.0076153480296617,7.295733466369794e-05,3.8318785865429793e-05,0.0003771479573901,0.0001951357136317
2255,0.0225303375506551,0.0117493663034733,1.5169491163999715,0.1090484731459548,0.5920075011071578,0.008295643122531,0.0807081252250299,0.024472769966185,35.43057676347582,1.1819897128930752
2256,0.022018562387023,0.0116149123651041,1.1792713311987792,0.1096034950676814,0.3853812083889859,0.0085873298434788,0.0791637873976422,0.024343764755789,27.96533526528363,1.16607139600454
2257,0.5248123574116547,0.014249430799075,6.095467748637237e-05,6.604471109618249e-06,0.1452367911620009,0.0093195317905859,0.0001175061253884,4.900619630595957e-05,0.0004438336091773,0.0002407893960016
2258,0.0105187047109193,0.0082022983139346,0.2902372434262714,0.2062556952076807,0.0359772036935644,0.0100743941088774,0.031476487637011,0.0156093948088994,0.8092417734160761,0.5591869379357737
2259,0.0109373468437604,0.0084456018795035,0.3023913617309091,0.1842302138079811,0.0768357322242799,0.0155133580170211,0.0342672147587814,0.0165384324315197,0.8765086931940693,0.6721594382561152
2260,0.0184177161738275,0.0111435827329946,0.4076355590489768,0.1098196053019109,0.3631126742600951,0.015394927299093,0.0695190410539788,0.0239118205462881,6.6216180833382365,1.1427548519874218
2261,0.5224407370724574,0.0135379197439504,5.537403093438684e-05,7.1382345787422765e-06,0.1429565069392354,0.0101740683982285,0.0001097154654211,5.925960272631562e-05,0.0003763756820783,0.0002655378935157
2262,0.0202563385104338,0.0114185436263904,0.6179507873322339,0.1093541338533134,0.3588470102945022,0.0105539048107063,0.0745039014184881,0.0241451685346987,13.22893801661745,1.1595733860251316
2263,0.0242788521858016,0.0115615365959809,3.9680644834137846,0.1113703652683117,2.2058422650056584,0.007447670370438,0.0841657283262158,0.0238513554305592,98.48890755848974,1.1610778382471565
2264,0.0113004503700536,0.008645294928892,0.3215877469060887,0.1628382913784573,0.2139888530764442,0.0413257138508288,0.0382901863940604,0.0179339371142143,1.0041042346305933,0.7788274565065185
2265,0.0156644288914331,0.010366670055429,0.3855161685449768,0.1150062967014035,0.3531331205236679,0.031997742286673,0.0606209593778441,0.0225769072852904,2.586521576629321,1.070072297928898
2266,0.0129235010402759,0.0094393386926432,0.3560284271406831,0.1287910525330972,0.3404342982466823,0.0545741656917014,0.0507644739893402,0.0205205741637606,1.4923596485257489,0.9637532977540216
2267,0.0198284155836241,0.0114082008775741,0.5825313624565985,0.1090213769430588,0.3636317775078334,0.0115540290409912,0.0735592020316019,0.0242506787175638,11.472168286349875,1.158801025899709
2268,0.0108421909106485,0.0084112366321882,0.3065721914644908,0.180819154778623,0.102317665642347,0.0202536867076728,0.0347950528916136,0.0168957571958808,0.9142145226471384,0.6912873235828261
2269,0.0247752623406031,0.0115991913088906,4.948498083688948,0.1114965187977701,2.844575022209521,0.0073463391143743,0.0854226093941914,0.0238238836395113,125.81270739804803,1.164426451599302
2270,0.4518001991089999,0.0283322846343567,0.0001057827953004,7.714607576299799e-06,0.1666489569875597,0.0070243753751792,8.111524234524863e-05,3.958353763969842e-05,0.0003500477067508,0.000217410303169
2271,0.0120569173440046,0.0090608305204564,0.3409853709359257,0.139812492986153,0.330160415408105,0.0557211317830155,0.0456701061685459,0.0194606353446282,1.1828011462026664,0.8965232203602199
2272,0.0216032237537618,0.0116164076252785,1.067473662802766,0.1091360795593395,0.3533074629241984,0.0090440087574244,0.0782308323476446,0.0243873996825822,23.680968195920467,1.1720220259124348
2273,0.0108205803687436,0.0083643279068648,0.2992842530577065,0.1904800547894466,0.0618933015770021,0.0140099942396952,0.0334616731233475,0.0162790860513957,0.8671808536244673,0.6426634201960195
2274,0.0104878380725033,0.0080989932437218,0.2765045931527163,0.2137182993348177,0.0137193955063763,0.007350738994221,0.0298968509160259,0.0147626862393868,0.7323409184263184,0.4936551561934494
2275,0.0159515894988529,0.0105285515098586,0.3913937627184959,0.1134388337923724,0.3562829798057732,0.032058664730613,0.0617905285858601,0.022877333912089,2.561901706873583,1.0892836904844263
2276,0.0119304240749943,0.0089884053228953,0.3361378484228617,0.1434768555368963,0.3250772183290539,0.0486469272935351,0.0442919915397801,0.0190983550432142,1.1737108725481034,0.8821122981330033
2277,0.0118171797036057,0.008941749585845,0.3355242611893476,0.1482588290940452,0.3014896127879493,0.0579700259672289,0.0428113548877534,0.0190098882220195,1.0865303605714784,0.853662258334154
2278,0.0105058859981999,0.0081275414456341,0.27852266564612,0.2136319059665103,0.0137424503105805,0.0073675757120422,0.029759804425598,0.0147605494143293,0.7380070080373978,0.5024191467942071
2279,0.010742921518822,0.008334374796327,0.3059862721729768,0.1836395911994356,0.0950313300083808,0.0208775507020397,0.0343338772919732,0.0167177785648657,0.8987356184639292,0.674469549829937
2280,0.5103064724109236,0.0177780607132717,7.148143137872497e-05,6.748754347311892e-06,0.1531117622807702,0.0094043741119268,0.0001102083383523,5.631355241347681e-05,0.0003891390785255,0.000256413506816
2281,0.4726551607726557,0.0244628617396208,9.776809689771085e-05,7.734751381789459e-06,0.1643475716457383,0.0078195780921127,7.937529648059091e-05,4.008142172694905e-05,0.0003131027992802,0.0002193754991244
2282,0.4400435915287518,0.0309185041646098,0.0001214509731121,8.294467488342925e-06,0.1825330752445944,0.0067762491860915,6.280511554348009e-05,3.518223605267425e-05,0.0003471287323149,0.0002062556466506
2283,0.0098145334752787,0.0080959420690647,0.2999945134497526,0.1000096516673814,0.1124487023921992,0.0768544417998351,0.0221379008707305,0.0122799099047349,0.6337859015390663,0.0570392616497567
2284,0.1116458917415992,0.0117222106447917,0.250883718000919,0.0077607951480983,0.1844313349666894,0.0455312945734315,0.0172808949830417,0.0078563429487808,0.6522699762543257,0.0082863508611122
2285,0.0105248878181316,0.0081278732036828,0.2827829576863245,0.20746376106237,0.022373612690036,0.0082160620167371,0.030848381718046,0.0152293142740374,0.7814963389032746,0.5391652303710232
2286,0.0107380270336031,0.0083785251046813,0.3041351427641868,0.1869551963946286,0.0818310804717541,0.0199363985213463,0.0339573943891644,0.0166784523852439,0.8981904279663706,0.6603714834008574
2287,0.0107351244745871,0.0083480103299774,0.3022806029794133,0.1903521866265215,0.0679756230398571,0.0157706899618387,0.0336380393392315,0.0164441789155191,0.8748390873180648,0.6509274149817519
2288,0.0135768424575979,0.0097068900192833,0.367032661131426,0.1240325268764499,0.3438187546399936,0.0549234686866815,0.0536563962267388,0.0213424913695393,1.6720786413822866,0.9998868708414764
2289,0.0957635567430548,0.009316528094599,0.2528491543954397,0.0252234640588454,0.1421717409497485,0.0290016783112992,0.0213763904179322,0.0101140023066833,0.606039922183781,0.0267219078079203
2290,0.0109044681671374,0.0084515173166247,0.3072529975356269,0.1800083258814858,0.1058842459640621,0.0198655263342291,0.0350467570233541,0.0169749351646928,0.9261029241304928,0.6987777744959666
2291,0.0242513004604285,0.0117828961563529,3.667433999023071,0.1103086175646068,1.993716294947216,0.0074809762081842,0.0847842409083834,0.0243141422838002,89.58148709661774,1.17587686189547
2292,0.0130578733207721,0.0095762224414557,0.3650536533917496,0.1261734185621942,0.3350951686215579,0.064322412121988,0.0517028362857669,0.0209110967745017,1.4014527311577885,0.9758609151904726
2293,0.0245151649662579,0.0116925477193074,4.5951859976450775,0.1109011320034056,2.610032349076105,0.007398268187469,0.0851600338105295,0.0241154379222522,112.222084394145,1.1675277054811202
2294,0.0103699432178176,0.0079330438217944,0.2662719661373958,0.2088597972788358,0.0187852381955185,0.0077244679402663,0.0283776031636028,0.0140661979175902,0.6941991655610853,0.4418276216011382
2295,0.0116207037206648,0.0088035230248633,0.3296687498094818,0.1510196111623802,0.2763573459706361,0.0643756384368507,0.0409987769474336,0.0185903594498189,1.058360814199689,0.8259046077175306
2296,0.0110604923517919,0.0085384942658252,0.3173709373425986,0.1709646747414608,0.1695181161284803,0.0393572412814774,0.0364136229708311,0.0175328838394862,0.9809107411089276,0.7336132696113681
2297,0.0104249425187965,0.0084216478421267,0.3903070249067015,0.1337727483660028,0.1666688109686268,0.0419797227151764,0.022937067518625,0.012441874270625,0.593035278338943,0.2651883899273272
2298,0.0107961508478499,0.0082152853888727,0.2570551337874501,0.2140166342998095,0.0168686544154776,0.0088749522893001,0.0279905659727129,0.0137075222084106,0.6457121697996895,0.4107913660243988
2299,0.0117820258101215,0.008900805482509,0.3327908089963234,0.1472829730293061,0.3032392493606605,0.0510647211371746,0.0426629444607962,0.0188129039182374,1.0594307166950507,0.8585279555275233
2300,0.0229862222849616,0.0117881611550372,1.8741141845449312,0.1094781912534039,0.8321501407838924,0.0080068802382748,0.0819337406627201,0.0245861474945183,44.77203006965094,1.1755259144092265
2301,0.0160665956842612,0.0104864326805402,0.3888988565000398,0.1141147913360654,0.3561178719752685,0.0283543214286468,0.0619658771278879,0.0228128370674883,2.9584457411381444,1.082906565724446
2302,0.0247844290548251,0.0116875265158442,5.363606624141941,0.1110644091003221,3.108677102458172,0.0073395448005441,0.085746498995979,0.0240319880354597,132.39303699959075,1.1688673402017966
2303,0.0240996428222714,0.0111109480807678,5.305986770581332,0.1129939787182435,3.0811551041521,0.0079912817422412,0.0826953603811123,0.0230941183820144,134.0079993495007,1.132349112178757
2304,0.0170160433184766,0.010758857814175,0.3954709875398838,0.1120176820922191,0.3598363872841803,0.0215647638474486,0.0650438115650535,0.0232712315084771,3.815533040120631,1.110690364370602
2305,0.0242004541656852,0.0117001181109121,3.3254835506400453,0.1107082742625566,1.7803645592704378,0.0074702715971721,0.084384121287588,0.0241324613688305,84.59719995691249,1.1707829831358172
2306,0.0213823062037673,0.0116040932694164,0.9611440175275108,0.1090475927136758,0.3559205130778114,0.0092736883472991,0.077699472548213,0.0244029321133695,21.36214265088949,1.1713714848263703
2307,0.0155835506533738,0.0103059768568276,0.3826620587203753,0.1159318456734542,0.3545220107860488,0.0311786562499853,0.0603454377274099,0.0224836997678655,2.763557240947769,1.069906913560057
2308,0.0095583910115837,0.0077419497422084,0.2998933120736627,0.188180315137097,0.0280717829216862,0.0106935748493372,0.023026074098179,0.0124582444556735,0.6127119149669793,0.3018832077136905
2309,0.0106343953313332,0.0082946391394091,0.3026819831049289,0.1893969386341537,0.0759540409919256,0.0173359504970253,0.0336176260851797,0.0165205053825503,0.8915684778304659,0.652239552886103
2310,0.0112923771491718,0.0086314536426084,0.3215661038980555,0.1622045331731036,0.2206817166065346,0.0459445753545437,0.0382385147033447,0.0179306034978463,1.005002952095785,0.7730122226563426
2311,0.0147926370391502,0.0100934072308824,0.3775354459868185,0.1180970454207044,0.3505769957226984,0.0407080985734748,0.0577557031869534,0.0220467288745056,2.168612132465431,1.0490706882514351
2312,0.5412604133728975,0.0197765383783973,4.843042885817207e-05,8.984744201314279e-06,0.1360152071025984,0.0143230139261762,0.0002324284728221,7.59170742156044e-05,0.0006493033030254,0.000287568437271
2313,0.5249029594068031,0.0133703761623536,5.499620918342918e-05,7.116430883574498e-06,0.1414684664032014,0.0106981814495178,0.0001097027113433,5.2508629388809854e-05,0.0004558533330614,0.0002492637870642
2314,0.5476746569522676,0.0162836041684968,4.2783611158064735e-05,6.481292003265315e-06,0.1292303930431069,0.0119524787865461,0.0001860260037624,8.109222521545646e-05,0.0005847929209595,0.0003089812474877
2315,0.0115120314288428,0.0087613384401591,0.3281548028193499,0.1538239863773889,0.2788952967116757,0.0591182165109768,0.0404158859498408,0.0184894513573933,1.0487357551611796,0.8169479446565273
2316,0.010414068814762,0.0080331917268062,0.2700846466301482,0.2119048862840134,0.0134618564128995,0.0078183346098993,0.0290498082516678,0.0143420252397916,0.699138170538218,0.4807929115999128
2317,0.0108811593067261,0.0084278433587315,0.3072563804616867,0.1803043339502332,0.1072110034402363,0.0185913038765338,0.0349836054004335,0.0169165584066017,0.9181394378164768,0.7027836130144685
2318,0.0158639771707817,0.0104282002969811,0.3869232806086877,0.1145745544323593,0.3552026620348507,0.0299903727623283,0.0613311170693352,0.0227104293231635,2.8211715042068506,1.0781846794277472
2319,0.0113109976666288,0.0086536160420758,0.3187150851365656,0.1624047252943849,0.2002184469507937,0.0342391544046046,0.0378276861151754,0.0177169010068826,0.9755571851333792,0.7732822222382318
2320,0.4604772295236887,0.0307011690039994,0.000108835136657,7.486743824881308e-06,0.1640806942860693,0.0065051944282568,7.432564678506106e-05,3.659661154753257e-05,0.0003156353697155,0.0002122525540401
2321,0.0105983983204199,0.0081432591421157,0.2795937038819579,0.2084173379876034,0.0171714806913857,0.0075441245498189,0.0305550268070153,0.0149454807987122,0.7455425004599529,0.5185456241155018
2322,0.5351146202579815,0.0128210855940756,5.3429733202933344e-05,7.3306218233953186e-06,0.1396622471141232,0.0113489909379444,0.0001254301522035,6.65323074489533e-05,0.0004490209384129,0.0002778041662149
2323,0.0128585975504488,0.0094338221184125,0.359013968750502,0.1294715784479198,0.3422750793678328,0.0559722815922629,0.0507618365346353,0.0206411624095856,1.5083520834311874,0.9641813817191436
2324,0.4455959067276375,0.0354598099842444,0.000125623754299,7.962998348411e-06,0.1792828330057057,0.0071058336380297,6.125525072359909e-05,3.996754159517336e-05,0.0003181715591099,0.0002155591234595
2325,0.0105535795976259,0.0082370970387987,0.3070200234854884,0.1890615810804372,0.0926677184541222,0.0238935999896151,0.033619694287868,0.0166450780704159,0.9120712825898044,0.654356076660932
2326,0.0220512535173038,0.0103434250840192,0.3863052144017401,0.0219997924691468,0.1112735367672591,0.0401851037182068,0.0203095662522648,0.01142994807191,0.6826423170359178,0.018846745675429
2327,0.0097807010277243,0.0078369146314609,0.2645205118154548,0.2132712948037447,0.0140380059363941,0.0075989511581588,0.0260820573716517,0.0138720495256867,0.6988741542786288,0.4143634293886641
2328,0.0234367635048353,0.0109119006354093,4.33895042578352,0.1132415267986283,2.4474013754281074,0.0087394661247516,0.0807143765865835,0.022866379639225,113.99002391534223,1.1199049012609943
2329,0.0095699005271783,0.007686973711183,0.2756970918766264,0.1694878115800633,0.0340424418038958,0.010403004413157,0.0232266485860377,0.0125545751729841,0.623059393051882,0.3070338161373687
2330,0.0117783156908133,0.0089041887944884,0.3319171229974675,0.1480101635787397,0.3010172376412366,0.0498823943152818,0.0422458822296537,0.0187237599131019,1.051201017005917,0.8525774240388463
2331,0.01139431823372,0.0086848754104819,0.3191110549119589,0.159781488776178,0.2186296200986343,0.0309004864436121,0.0386618837769902,0.0178335006832858,0.97544666285112,0.7886284083727891
2332,0.4382004540570977,0.0307871679640617,0.000117623210801,8.364942299634297e-06,0.1743219074117263,0.0067527148907977,6.221878562019793e-05,3.3897743145478576e-05,0.0003221909174519,0.0002020459756971
2333,0.0114676018936911,0.0087491729478025,0.3251700021607054,0.1588186910450915,0.2453962371182441,0.0406646238262764,0.0395395074995537,0.0182387663344597,1.0239959359928152,0.8081068620437607
2334,0.0222863473852859,0.0116894423461138,1.3343756863643597,0.1092110132457081,0.4799792055674087,0.0085462312967971,0.0800326037961585,0.0244597935127341,32.20350929243201,1.1744726075787566
2335,0.0160971398744002,0.0105052885896006,0.3881146433248635,0.1140830007563131,0.3563716791868865,0.0279264422307455,0.0622043562365971,0.0228986597842509,3.2329020487535867,1.0858655181960708
2336,0.0108785254844626,0.0084194418209674,0.3079454265900477,0.1770106003629095,0.1193314159945475,0.024227224736125,0.035081373535874,0.0169931353646503,0.925805584722553,0.7040103052271312
2337,0.0241925090621958,0.0116815917730683,3.669231687706812,0.1109933145199901,2.018598622784826,0.0074145020892969,0.0843757533898989,0.0241858946959666,90.1985021319668,1.1618067073726832
2338,0.0150348009059045,0.0101614230019908,0.3800284552504043,0.1172405185279451,0.3512530491583897,0.0373442602585609,0.0585241105455471,0.022171533788174,2.351245647915467,1.0544320028314584
2339,0.0114316595025047,0.0087136540613921,0.3223340021500167,0.1570999334517347,0.2509716148379406,0.0440697691331185,0.0395473970221749,0.0181854317109112,1.0130573154485545,0.7983568638777363
2340,0.4724047455446762,0.026806911978147,9.802439032696822e-05,7.356573861702816e-06,0.1653246488477749,0.007005168809163,8.248831546323713e-05,3.88525539077854e-05,0.0003177699603825,0.0002187224201517
2341,0.0189260131391219,0.0111896624781896,0.4072892916717081,0.1098655216344218,0.3621069347264751,0.0132617985872551,0.0707469681678216,0.0238885648056108,7.413941288050195,1.1435269202507132
2342,0.0158589714167817,0.0105005828932665,0.3907247670615476,0.1136728165758609,0.354309187687522,0.032589225275864,0.0614939111353997,0.0228348967395961,2.605030671891136,1.0825154308691685
2343,0.0245485839023839,0.0117455626381038,4.656662315328961,0.110751970308028,2.6485276313454964,0.0073615374168965,0.0853820501037214,0.024216904825155,112.66409021492042,1.170389322320506
2344,0.0229485206317934,0.0082162221216462,0.2803794465927243,0.0289197040510913,0.101890868174229,0.0645668907580867,0.0199360488023797,0.0111005523826133,0.5974736313173973,0.0290077591880772
2345,0.0110460850722282,0.0085118629067799,0.3143628376904174,0.17099526400053,0.1586661401191559,0.0335955916914541,0.0362838974207504,0.0174035461417326,0.9567299182649388,0.7316090642538908
2346,0.0235649243030506,0.0117624553550546,2.3916967646637506,0.1099196433505837,1.1677806635372958,0.0077007196942961,0.0831234413653168,0.0243718880428835,58.08237659546513,1.1759781462096202
2347,0.5049808986272944,0.0166038513736156,7.60817844320388e-05,7.111113548218772e-06,0.1565135051161729,0.0088777431877065,0.0001050425117428,4.531037889162306e-05,0.0003411485764461,0.0002341184545666
2348,0.5365597436460692,0.0115984999816571,5.299258290041961e-05,6.541973489902857e-06,0.1409681430060591,0.0105380528540079,0.0001121539890297,6.254693869638902e-05,0.0004267949465656,0.0002739012664815
2349,0.0096075656312257,0.0077428377227974,0.2784099327729527,0.2339445175442764,0.0141381931047134,0.0076111125266309,0.0249891722519354,0.0134247183174321,0.6912889367860887,0.3722602841670237
2350,0.5218197366989663,0.0133514816816456,6.210364689621162e-05,7.49856134099891e-06,0.1435562787085094,0.0105751429460477,0.000108093453548,4.996799157094327e-05,0.0004365290799896,0.0002465521033723
2351,0.0165540965128527,0.0106142563616069,0.3930511224295851,0.1129885064034551,0.3575806696961502,0.0242791962878106,0.0634782018313861,0.0230077321694974,3.5201777340235147,1.098169898232384
2352,0.0201873126849089,0.0114645925580859,0.5954947261027707,0.1090355817963218,0.3628431279571887,0.0108607165701455,0.0745300700079515,0.0242987384993885,12.791504580768756,1.1626066230433487
2353,0.0138326021104231,0.0097829970934408,0.3697283412536452,0.1225348147937613,0.3450329417461981,0.0511765977731216,0.0544986889768773,0.0214419784666549,1.7824430424395894,1.0099921676594106
2354,0.4690247443752696,0.0237592637714028,9.39793976216094e-05,7.636157032152816e-06,0.1640630931454131,0.0064628355593116,8.520369135498488e-05,3.098305857125854e-05,0.0003683509856232,0.0002039400995886
2355,0.0107898083169888,0.0083699827615029,0.3110683357938489,0.1815503367901485,0.1196720947302963,0.0264689476824172,0.0347412909673026,0.0169498718733625,0.9460656425709064,0.692289609145269
2356,0.0104498207174546,0.0081824921164069,0.2991458300410916,0.1948211081039567,0.0632469528182667,0.0166575957887118,0.0326402934972394,0.0161724063243722,0.8743995076966914,0.6169145434694224
2357,0.1536329545692981,0.0114059898462185,0.2817920373936216,0.0340357411677106,0.1191603256739611,0.0480760286925886,0.0206249024202378,0.0105180499292027,0.6277650935410102,0.035402419901473
2358,0.0156092911073229,0.0103575509433892,0.3840092277552485,0.1154799981323839,0.3556764482162788,0.0325247912841707,0.0605980982300861,0.0226184517393264,2.65939611957488,1.0748566074115693
2359,0.0119231387882621,0.0089889705534782,0.3371503624532211,0.1450141568743747,0.3096181100612584,0.0509056049056626,0.043491375423834,0.0189790377127115,1.0818906082569857,0.869660508791361
2360,0.0106170340139763,0.0082650541530549,0.2969757181046569,0.1910091106362506,0.0657181244764716,0.0157457338024886,0.0330166411153307,0.0161831862894847,0.8519916975542008,0.6249892603121204
2361,0.0108012744185257,0.0083842179420319,0.3046597693678572,0.1832928760875032,0.0920440042482777,0.0190546368717954,0.0342906772169,0.0166281316364885,0.9045970331030476,0.6763912122921887
2362,0.473753325520456,0.0250780631053459,9.71997359943262e-05,7.480823146584561e-06,0.1648659147890359,0.0070858787680967,8.341441960511956e-05,3.788122269510248e-05,0.0003296564303221,0.0002170267510683
2363,0.506109179983462,0.0168397846082525,7.361175174032067e-05,7.147620700505434e-06,0.1525622314736069,0.0089180491091203,0.0001035959083614,4.518317961439341e-05,0.0003488464419931,0.0002336330668006
2364,0.0180814206754448,0.0110465884950425,0.4053888305723466,0.1102313461123287,0.3620848318810895,0.0164919014304232,0.0684276150020192,0.0237632947218523,5.821784526764901,1.1327559439083574
2365,0.4687171442488199,0.0270747668757589,9.544166922972036e-05,7.37934712769448e-06,0.1619743381224675,0.0069310617416069,8.215621801171262e-05,3.70523010998898e-05,0.0003331874624313,0.0002170867009176
2366,0.0101961095418272,0.0079181244703917,0.2704834127385744,0.2121395416560751,0.0146991625053242,0.0074429182138717,0.028489788436323,0.0143057951925007,0.7251694510554507,0.4581485971023491
2367,0.0146908498769899,0.0100820793438244,0.3786898824976313,0.118100722765273,0.3488834013551355,0.0443237456654719,0.0574578110897451,0.0220365052188796,1.9960881124580507,1.045700686488372
2368,0.0163533422689462,0.0105926054786235,0.3912288375756464,0.1130788056533142,0.3581572599205556,0.0265730060584697,0.0629774236216889,0.0230049665105239,3.0382949938213755,1.0957171309799498
2369,0.0186669710019159,0.0111777231631318,0.4154554306165227,0.1097320655086122,0.3623089120630119,0.0146366666470983,0.0701836344312544,0.0239441506493157,7.595456490393432,1.1425530350040918
2370,0.012040565682373,0.0090493044539595,0.3429626999816966,0.1399884251952693,0.3227201750324751,0.0614876297398616,0.0451620424892179,0.0193835230037373,1.0992684154624732,0.8941592442063433
2371,0.0113559079426681,0.0086791261607467,0.3260070323405557,0.1605985830502884,0.2435561767863978,0.0477956281297359,0.0391384475441768,0.0182013692978347,1.0360629656817235,0.7953099646976599
2372,0.0243887933984785,0.0112163900695577,5.291240466702215,0.1127857448493213,3.0771344503415734,0.007744454536714,0.0836274178925318,0.0232371246494669,139.6598587184251,1.1385853765036966
2373,0.0123012260194834,0.010500554405076,0.2991357187842116,0.1583657656080238,0.0812193979656296,0.035009567980219,0.022802636873219,0.0128707945855356,0.6320895049971833,0.1948955457008177
2374,0.0110277591528192,0.0085269752144634,0.3096185331285187,0.1764904456304083,0.1131286433743103,0.0208202660980685,0.0354882561794238,0.0170293707481593,0.9289285616430372,0.716950881304863
2375,0.0149445058207656,0.0101843028256518,0.380102211340069,0.1172238527906037,0.3511520309307994,0.0406875482482337,0.0584778955207922,0.0222944740724387,2.1775896231052254,1.0551972249853194
2376,0.0205445211881867,0.011468889644633,0.6553930693158471,0.1090747558212617,0.3580281588220193,0.0104497223824894,0.0754080804064369,0.0242525237946809,15.380300787999058,1.1671232525658548
2377,0.0127232447979021,0.0093851040916733,0.3514506226597945,0.1312734184394802,0.3446535589348911,0.0534868424716009,0.0499588266298809,0.020381782160726,1.4829448493970847,0.9583127870776024
2378,0.0112178647820655,0.0086142097859811,0.3213332055283074,0.1663856585259869,0.1957329041573042,0.0457359253170429,0.0374950617638192,0.0178054847090426,1.0002094998798488,0.758599913381736
2379,0.1625812389616426,0.0090064873549871,0.2753871460889044,0.0151574745576452,0.1178546680965132,0.0221432090215181,0.0182197808818488,0.0090534894318585,0.5862522780323821,0.0161286453955184
2380,0.022663932477174,0.0117422158085423,1.6055231388385145,0.1093014015633017,0.6570467810962755,0.0082555353354431,0.0810431605765742,0.0245179071709714,38.72627062817214,1.174802263029296
2381,0.4544150152193484,0.0272610819096518,0.0001128219621177,8.126855695680518e-06,0.1656103312176645,0.0062689511208576,6.938286529266625e-05,2.899086863359898e-05,0.0003358408380379,0.0001978263740067
2382,0.3169725690109339,0.0096863777733935,0.2398312983772917,0.0085810161593077,0.0890111457700721,0.0321671466306332,0.0180155506687051,0.0081623532187356,0.5991044708869429,0.0093598675079961
2383,0.0107499510486227,0.0083107505644337,0.2982279852065728,0.1899914526291508,0.0664155588642823,0.0142001315424235,0.0333435106238674,0.0162086036790038,0.8597613221288379,0.6394338664298559
2384,0.0111475945631076,0.0087172728919036,0.2963958807223992,0.0292268870685175,0.1169195728527682,0.0815268589396054,0.020607737381272,0.0109968282863674,0.5971832809803596,0.0163638439166084
2385,0.5258394042210767,0.0183776657598533,6.0563912785169046e-05,8.813374342094403e-06,0.1453067632021887,0.0118785458288475,0.0001186689675467,4.931007259476629e-05,0.0004554115886214,0.0002387161036539
2386,0.0124349125488145,0.0092638046491297,0.3497245773347295,0.1331067452458926,0.3396807257612519,0.0523024663364107,0.0486961950760006,0.0200205942960363,1.44437889916595,0.9363549480494532
2387,0.0104451318933054,0.0080833721097536,0.2739599479516283,0.2147153918064261,0.0137112108571274,0.0075902306299683,0.0296021866100038,0.0147327488874707,0.7482139774619729,0.4816723566722525
2388,0.0154701937182886,0.0133342944640395,0.3000061278015058,0.0371928243594637,0.1397614201380828,0.0948813684367495,0.021465466649687,0.0127313826231864,0.6571550909883073,0.0305199102278949
2389,0.4983364863437667,0.019129400788458,8.026605157494167e-05,7.143943867623063e-06,0.1579817391944359,0.0078410770483747,0.0001032171938976,3.8596562575430815e-05,0.0003783414727044,0.0002218646687732
2390,0.0215878300320248,0.011617749625003,0.988743223054774,0.1092676702340812,0.3540318147033803,0.0089747611330655,0.0781391225059523,0.0243716656843345,22.80455762621408,1.169279430330919
2391,0.020307333925634,0.0114783548716436,0.6789507407503732,0.1089706326410309,0.3613063851842611,0.0105934907069288,0.0748145029215477,0.0242613396145454,13.42696248774325,1.1668112489373876
2392,0.1392832407424218,0.010728466062203,0.2971036621900479,0.0194417151878593,0.1487342021213246,0.0249490834802124,0.0177758157551798,0.0099684091133941,0.6269759795597084,0.0202401214604901
2393,0.0108789971296755,0.0083920463688705,0.298906613426547,0.1878230498766699,0.0625864113776101,0.0138370967567284,0.0337351234960444,0.0163287997811039,0.8477106416288009,0.6498323025225755
2394,0.4520536054764968,0.0321011408555712,0.0001044409005017,7.749497943060079e-06,0.1651588211292148,0.0073604895491883,8.255020950884579e-05,4.2940424673813095e-05,0.0003376932157122,0.0002226253183214
2395,0.0196941482576042,0.0113545446125446,0.538119552297193,0.1093515120624615,0.3622534235809093,0.0117012783740633,0.073050883505348,0.0241429881755496,10.89736007157948,1.1531047592104475
2396,0.0243273212087869,0.0116683613569172,3.615709227513479,0.1110308994428769,1.9781781574817967,0.0073985264741645,0.0845967819034687,0.0240730864358466,92.06107156525415,1.1653559812246357
2397,0.0121747094954959,0.0091433804576349,0.3455751694876149,0.1383889982419697,0.3310991984722882,0.0649492924705242,0.046604211015662,0.0198206771712262,1.1431136586467758,0.9077236086039544
2398,0.0186517782366719,0.0111843825112596,0.4105184810210226,0.1097146248393641,0.3630802430679391,0.0144510606491495,0.0700910202698152,0.0239174023025485,7.079852748140008,1.144056259537432
2399,0.0114839882396612,0.0087455877800346,0.3275006430652124,0.1571683347494037,0.2569507902854021,0.0596771213073191,0.0399673305859333,0.018461217726915,1.041522298564015,0.8033852785905694
2400,0.0111713073596087,0.0085643956264043,0.3187771578116123,0.1642783586011919,0.1924942359728514,0.0440724449659646,0.0371659412336465,0.0176343762210889,0.9808283622618992,0.7530786886629605
2401,0.0193544690801781,0.0112854367567368,0.5176615259869686,0.109440775458282,0.3611072322405915,0.0126906861363292,0.0721507261429224,0.0240985887521388,10.126719589535208,1.1490106678610743
2402,0.0152953289333688,0.0102158391239979,0.3819945316519959,0.1166772883390058,0.3524506950405159,0.0339842651402114,0.0592553453798672,0.0222373210028211,2.488175003520453,1.060435990663856
2403,0.0148841342267631,0.0101131502725639,0.3781556502855474,0.1180597595129622,0.3517414195481765,0.0394005653047473,0.0580495195807316,0.0221079300660081,2.1796069880460625,1.050629626080317
2404,0.0106587931866256,0.0082896156087141,0.3048825583984205,0.1844851269938884,0.0974528963486623,0.0214370538974287,0.0340309467296181,0.0166702013976576,0.8989481431243214,0.6688468065590576
2405,0.0098390183424912,0.0080468281631763,0.344533544755408,0.1527469053688094,0.0296091618722876,0.0127039002507983,0.0223962248244074,0.0122766184759897,0.587543890356677,0.2687443849854254
2406,0.0133368348056867,0.0095918457644134,0.3626990465696112,0.1254175960854674,0.3399249640732268,0.0566415103690168,0.0524547560640947,0.0209701663358714,1.5186221861691864,0.982293095920573
2407,0.4892449322049889,0.0227028081541559,7.76142642203562e-05,6.876667863246314e-06,0.1564018470756032,0.0085728236358129,9.635321803356624e-05,5.245337902474888e-05,0.0003618615913233,0.0002453191739654
2408,0.5267829723003925,0.0156351133903066,5.915454920836156e-05,6.191184307312832e-06,0.1422429508677817,0.0094382313820035,0.0001070956662439,6.239700779513934e-05,0.0003719082330775,0.000274463449769
2409,0.0110738395683372,0.0085279800334514,0.3152392383268085,0.1689484753529533,0.1681713009313821,0.0375821338167715,0.0365064836403451,0.0175210180308838,0.9664972498566344,0.7346818966942618
2410,0.1385353353365457,0.008940868959755,0.2737924531293624,0.0189659009381414,0.1805526425377081,0.020287411716201,0.0186137858874562,0.0094272135761365,0.6214274556414378,0.0197621630071738
2411,0.0224446128258738,0.011669037320676,1.577661987238676,0.1094645627358794,0.6388663000880852,0.0083763101211872,0.0803342737473316,0.0244007935665407,36.06577331683143,1.1711438424294935
2412,0.010666749800591,0.0082484001825856,0.2922502761379811,0.1992333910750346,0.0387358716760747,0.0106266315343664,0.0324099068232185,0.015913522400654,0.8291532328012335,0.5992491408446254
2413,0.0169873496431102,0.0107037445088439,0.3929981641640476,0.1124838612815603,0.3573389271017659,0.0211629131726526,0.0648431012845053,0.0231820887017433,4.3650567026771085,1.103754740528882
2414,0.0195907680249603,0.0113107819126335,0.5724698481301099,0.1094229566591571,0.3603734583166229,0.0121789661777899,0.0727395199140565,0.0240788364489704,11.06660137433228,1.1543248474388514
2415,0.0117349763813835,0.0088730771721089,0.3346629865389798,0.1475755210791774,0.3050059242570798,0.0507851100107924,0.0425502911751433,0.0188264106812961,1.0467698576313529,0.850374127424993
2416,0.0121475510494281,0.0091192264724727,0.3433851803178311,0.1384873871177898,0.3256597637218613,0.0638905352770215,0.045965016927062,0.0195975905255715,1.1273553913090624,0.902885442884758
2417,0.0199274215213391,0.0113430415719727,0.5789409786427319,0.1094817197904162,0.3591549389854941,0.0114406819731654,0.0735965283743838,0.0241055893962405,12.545405278778098,1.1544757768076248
2418,0.0107305059543903,0.0083085878820083,0.2983752865543658,0.1923696844147543,0.0563476381868725,0.0134868174115197,0.0331937134233003,0.0162136662214382,0.855650052904315,0.6347471480272617
2419,0.0101277187707178,0.0080925931715903,0.262154784931297,0.050829219557577,0.1360557444385544,0.100612818034256,0.0194449244542867,0.0109510675560029,0.5770436585918519,0.0328348838037265
2420,0.0112867940929547,0.0086592888722519,0.3196672083099212,0.163289622958698,0.2108605313001802,0.0385376693971786,0.0379964783760369,0.0178641097674645,1.000325283471064,0.7728325562503122
2421,0.0109956901243749,0.0084936905123545,0.310533600455562,0.1745029391617812,0.1328109247421021,0.0237045010078835,0.0357576352342631,0.0171681587475863,0.9331163463070667,0.7209080854264134
2422,0.0232293438142417,0.0117565242549583,1.9917677727236984,0.1096160874308901,0.9041752717591336,0.0079217267680051,0.0823311193546332,0.0243972007635692,49.46076610677952,1.179012470844409
2423,0.4948420345995202,0.0212630701676003,8.179756997832985e-05,7.0058691760217816e-06,0.159639280540753,0.007113296794842,9.863015788411084e-05,3.875503618558579e-05,0.000344993403042,0.0002214014892857
2424,0.0098277940112551,0.0080943693252009,0.2806500229718335,0.1252776499897704,0.0780714826405045,0.0487517252329054,0.0224554018882939,0.0123210024956403,0.6250912462979553,0.0910313475295156
2425,0.0122047508151779,0.0091719989972143,0.343274504273299,0.1377303053731921,0.3413920208251497,0.050871869728071,0.0470602769478485,0.0197097331447684,1.346832489220109,0.9223782129963368
2426,0.4383622045239794,0.0338127822182442,0.0001160465313794,8.376450381470351e-06,0.1721166272717932,0.0068380506659568,6.474736005840442e-05,3.726798744302576e-05,0.0003302799419424,0.000210463692094
2427,0.0187882730486118,0.0111492244945828,0.4816622948107034,0.1099390969342093,0.3597656834639797,0.014241788520867,0.0703746189531367,0.023846673368548,8.539859031359503,1.1424636596993478
2428,0.0230554648909847,0.0107287092545974,8.361398139106711,0.1134489918507993,5.002177269227237,0.0099572032288003,0.0794642720470673,0.022610147183741,185.402266210807,1.1087418940223972
2429,0.0105757894300186,0.0082332103407526,0.2959458821903448,0.1934382378032278,0.0601983716192633,0.0147825713994987,0.032591323750462,0.0160141607343529,0.8467610045868275,0.6138466469915479
2430,0.0104040217701368,0.0080934809563891,0.2872680654639522,0.20758743465457,0.0288254179410905,0.0090953140119965,0.0308879714254992,0.0153808103539685,0.7951963084351366,0.5461919039739725
2431,0.010458335360159,0.0081175968378953,0.256409280358071,0.2149238956840607,0.0165549884040464,0.0090932977139948,0.0273409252443075,0.0136297305020392,0.6583686036293531,0.405414222502269
2432,0.1059825281187148,0.0112423619470993,0.2551829802497855,0.0084536603752435,0.1213978953718968,0.049601664920933,0.0160988941745381,0.007536073797439,0.6305075697279354,0.0089265975339559
2433,0.0130659024955337,0.0095696839645195,0.3649089253203459,0.1265047016472505,0.3377266831485814,0.0636367031062119,0.051833944257731,0.0210002369308808,1.423810172361765,0.9762425974327062
2434,0.5262225674922811,0.0154710329561037,6.023385448997487e-05,6.3267817737786e-06,0.1447856265523336,0.0097539106877437,0.0001134239506785,6.084375800951965e-05,0.0004171152442686,0.0002707754244073
2435,0.0240656414550855,0.0117029855610732,3.0839832453195783,0.110696980415124,1.6308035709179565,0.0074877871047498,0.0841179071302094,0.0242085144277611,78.80513777525086,1.1666149382537767
2436,0.0140676798631572,0.0098221592674406,0.3690092130974371,0.1217737400688322,0.3459982020374774,0.0473163432107298,0.0551465843610068,0.0215279821123326,1.850541981904969,1.0151940667046893
2437,0.0175983305744601,0.0109183876667511,0.3998105306557618,0.1110562658551546,0.3609888021347558,0.0186607710883033,0.0669594893755112,0.0235922706540709,4.937769571870762,1.121035284858756
2438,0.0101195735952964,0.0080409840329784,0.2518968612269874,0.2150507026827885,0.0157870107168409,0.009790263333995,0.0258366120521847,0.0132877597230788,0.6412537893865792,0.3788921532709333
2439,0.0105303943806336,0.0080922052258539,0.2772142996795227,0.2122669140440566,0.0136470032673495,0.0075461313817344,0.0299750698991024,0.0148012398992923,0.7437189115783046,0.5083545557752911
2440,0.0248888989032625,0.0116394261311458,6.29149000086595,0.1113960110437825,3.725230337890791,0.0073550138225941,0.0859323287839884,0.0239871865395921,159.7746349208823,1.161842226143846
2441,0.0106114609601393,0.0081632092950831,0.2819793384719251,0.2091983987160213,0.0174078228496237,0.0078807133026502,0.0310266857502415,0.0152011730291665,0.7879655033656124,0.5353859779145098
2442,0.0186095069766268,0.0110948703604373,0.488010191870756,0.1102083775378842,0.3582863736954855,0.014759965112321,0.0697578421081743,0.0237289840129091,8.286114423000045,1.1383906170239166
2443,0.1977245961813652,0.0096822902591793,0.2426181320975417,0.0103660614801315,0.0832021104950367,0.0169006027614898,0.0176767818634684,0.0086452803622855,0.5917972570292854,0.0113701978570798
2444,0.012258929219592,0.0091895204352989,0.346227656259265,0.1371267029172008,0.3309967521828754,0.0589379144907219,0.0465901854269506,0.0196637101488912,1.1933630788661245,0.9181334704307806
2445,0.0109549761837354,0.0084728173892065,0.3078632339033628,0.1757107445358917,0.1210594216923532,0.0219543557502123,0.0353673896580149,0.0170418218198867,0.9149572441050908,0.7076464386542042
2446,0.0107188861517967,0.0083223771115942,0.3032910437315421,0.1821089481923124,0.0930455162497492,0.0212214177324087,0.0341199842137341,0.0166358343069265,0.8920175815935276,0.6678098842947536
2447,0.0121740601934096,0.0107130285982936,0.2839974214641013,0.1414534550909149,0.0815136645367903,0.0296588509139078,0.0213923781212095,0.0125964679595028,0.6262302614672839,0.213015619232059
2448,0.5396248673896261,0.0174593000460036,4.214101332236728e-05,6.669665110626411e-06,0.1321043771171258,0.0119128632928853,0.0001794208136678,7.542355690999713e-05,0.0005728652459319,0.0002959937079433
2449,0.0151044479366454,0.0102086639284656,0.3807920107751968,0.1166044037305733,0.3506704820992848,0.0382700133122752,0.0588595774396878,0.0223018862530949,2.28469617969776,1.0556865161186595
2450,0.4210755931796089,0.0343164927236444,0.0001625123487649,9.548500270256164e-06,0.2219884431184605,0.006233100370745,4.819221365603118e-05,2.856274154752185e-05,0.000343559642471,0.000183176187814
2451,0.0109754934956896,0.0090837534188517,0.3130451921474991,0.052414661457839,0.0963231313930703,0.0688078902893643,0.0221881195896199,0.0120696589049829,0.6267578532885448,0.0239897134762711
2452,0.0104526910557566,0.0082319150293787,0.296563375076576,0.1941216575320157,0.0648218573031964,0.0178836940191701,0.0323985278150782,0.0161437799587994,0.8598669441498953,0.6013776164000062
2453,0.0104540172699137,0.0080998772563203,0.285253883605867,0.2055545927358047,0.0265627601226804,0.0088393858168665,0.0308838054657025,0.0152804867552983,0.7761067345428855,0.5460212920779314
2454,0.4137068016758977,0.0366835175317721,0.0001685764835482,9.506865035611748e-06,0.2297598916940673,0.0045559052000986,4.297910054996141e-05,2.2331660935939117e-05,0.00037494115341,0.0001750996288309
2455,0.0236486032911871,0.0117809766189027,2.2731542582902087,0.1098987103642227,1.0930353340622805,0.0076555319991056,0.0833498857165103,0.024378351074664,58.17806580010576,1.1774739044425957
2456,0.4808050664728792,0.0229056424517995,8.231651661150149e-05,7.549005183460837e-06,0.161392848027314,0.0082328667853944,8.575877382283428e-05,4.777568653837219e-05,0.0002936937146314,0.0002378954084065
2457,0.0095924524429565,0.006985361148853,0.2885798461860636,0.044539184849354,0.1124375566014262,0.0826359735452604,0.0192012422999128,0.0103044222348716,0.5932970239465951,0.0255608626547161
2458,0.0241872605031191,0.0117000755011148,3.3715739076424844,0.1107978169521874,1.811101094462879,0.007414994791776,0.084304746438719,0.0241070262742225,82.66876753714597,1.1699829657128669
2459,0.0113258067870182,0.0086571294588288,0.3210198131050629,0.1602278954008978,0.2233428754602386,0.0442935061652146,0.0384386917999588,0.017977729290629,0.9973527593895828,0.7798784218320775
2460,0.0112627277084637,0.0086366145466448,0.3171978053631058,0.1638477256314886,0.1943084847859266,0.0356990634386838,0.0377186669044819,0.0177711145402607,0.9757656183179088,0.7623275633294879
2461,0.0099349523970509,0.0079477746475241,0.2673928414352282,0.2106115325078522,0.0137246090798189,0.0071976038261814,0.0272828185591429,0.014105502490367,0.7011679345590884,0.4376119645732348
2462,0.0135768982814709,0.0096908831320954,0.3657387207973758,0.1248008272795761,0.3475448084338375,0.0505405745785343,0.0534653702100836,0.0211835407700453,1.7447457091355587,1.0003137025398507
2463,0.0194754141770331,0.0112964783839333,0.4377340327129028,0.1095682654214747,0.3617277324402402,0.0119043803536365,0.072353112929489,0.0240190364019063,9.2282777247212,1.152745164608646
2464,0.0194540697674625,0.0113389379698783,0.4110502755908841,0.1092823395768923,0.3632322675638557,0.0121254225686842,0.0724586156831603,0.024124393243904,8.85609249080384,1.1567452393757742
2465,0.0137186135705832,0.0097578756432347,0.3680477953354101,0.1234510694447498,0.3462978580683871,0.0519127889126981,0.0541106968103613,0.021376282048342,1.7338541444572786,1.0081601350582157
2466,0.0160468859277846,0.0104804842668617,0.3911443058501615,0.1140829486281192,0.3556890088685949,0.0283978225509721,0.0618937290158962,0.0228020362369528,3.131305225220461,1.0835846852070763
2467,0.0106263531509207,0.0081348816375678,0.2759646260871692,0.2100412135369305,0.0173808952737319,0.0078284295625538,0.0302347550984661,0.0148109492968441,0.7314722464293614,0.5159722296344527
2468,0.0153867840264552,0.0102803887894952,0.3829601835943623,0.1163625554455371,0.3542008772184478,0.0340260534141706,0.0598673096493661,0.0225046602226049,2.6463187888916107,1.0653730456538966
2469,0.0119297669905756,0.0089894925523253,0.3380702757617676,0.1442273372284725,0.3177731818346678,0.0532502015051261,0.0439933769361901,0.0191114274263969,1.088696997633751,0.8781424917136602
2470,0.0153010832574325,0.0072838034617551,0.2578665302016126,0.0604072424994306,0.106464043856015,0.074014825419309,0.0215493020180502,0.0115616325386717,0.6208229479389417,0.0701731042914951
2471,0.0120316391425506,0.0090604674114717,0.3406178464542213,0.1420632567337008,0.3256580613809531,0.0632186597376345,0.0451352818900793,0.0195231444562217,1.124461664232737,0.8918835687916387
2472,0.0137064490945466,0.0097014375949354,0.3678044763296598,0.1239527564861594,0.345010997760294,0.0487407897805612,0.0538597553358508,0.0212469121213185,1.790877816789746,0.997948666985162
2473,0.0238311458936942,0.0117106883835168,2.753277067177048,0.1105611050457889,1.411546223230873,0.0075410826598187,0.0835303453872336,0.0242102700279662,68.13679894481977,1.1686006260881996
2474,0.010277735786632,0.0080469984125107,0.2685713821867256,0.2152593547917804,0.0140288317807017,0.0080260692295543,0.0281351027055554,0.0141400267882886,0.6979876541468047,0.450668005919403
2475,0.4902262710270779,0.0181708598130772,8.291147425463394e-05,7.667038985394636e-06,0.1605801404561397,0.0082058259842782,9.515836744969918e-05,3.727835337643413e-05,0.0003283688930384,0.0002162358101996
2476,0.0178619972484071,0.0109721615733538,0.4014965980035058,0.1107216802925735,0.3614161600230083,0.0172081474488461,0.0676315977971927,0.0235799671891724,5.104293202499502,1.1300411828704369
2477,0.018561232274013,0.0111020410344879,0.4331017897148378,0.1102169616114602,0.3601089100602451,0.0146795467724098,0.0696704770644165,0.0237684664888727,7.560812074793471,1.1374169610288505
2478,0.0170003941280088,0.0107803234010077,0.3978697402087462,0.1117694439147395,0.3599229295876049,0.0220975121867427,0.0650461934027442,0.023290816892509,3.948846186643854,1.1148277532190394
2479,0.0115347478278502,0.0087488336049049,0.3269200265246902,0.1539252893540325,0.2650719786949826,0.0491422662008842,0.0403380638651358,0.0183468042580839,1.0158101969286122,0.8146298156070051
2480,0.012170623209636,0.0091441336802227,0.3450626082511135,0.138252846735492,0.3319065172799547,0.0582530304240602,0.0462346239254112,0.0196071889300353,1.185264033233195,0.9093324330446724
2481,0.0104899474431182,0.0087098037866861,0.4887282266988123,0.130994058792194,0.1404840627345835,0.0707091147449319,0.0213057951022311,0.0120014913008038,0.6090952912288535,0.1103295553794199
2482,0.0147208479017322,0.0100273475714617,0.3743452550982817,0.1190240574464671,0.3510793952147834,0.0387991821925086,0.0573356987494313,0.0218663585466702,2.210820277584761,1.043012285894683
2483,0.0228672046502141,0.0117343081829483,1.7466219959423228,0.1095142000044377,0.747263623432852,0.0080424231643395,0.0814444360493103,0.0244227083302902,41.24191624118964,1.1759642940918815
2484,0.0247472868109121,0.0114816710678548,5.357005126078593,0.1120185328780536,3.121416696074104,0.0073879162973884,0.0850823564969032,0.0236421383486551,136.92144590148035,1.1549997602494135
2485,0.0117034456902586,0.0088517739036576,0.3323937245828198,0.1498545672356251,0.3001653921486677,0.0586937671069402,0.0421192579348887,0.0188170396518696,1.0683721642443151,0.8415516674061275
2486,0.0177839438347028,0.0110193978109219,0.4032404985703269,0.1103896790072473,0.3634042443604669,0.0179158179850927,0.0676553950143261,0.0237548558949267,4.834422629275759,1.1308208915703526
2487,0.0119948913455859,0.0098327080233877,0.3625643355104518,0.1907261601245443,0.1190377163461897,0.020428518824752,0.0233777867899182,0.0130820607336616,0.650244425595465,0.2959009584514711
2488,0.01106096806875,0.0085350141770108,0.3135645040949467,0.1712994716073528,0.1577036931608689,0.0299689599886965,0.0363479696087125,0.017423150915604,0.9635640075570112,0.7330905881069627
2489,0.0106706345128272,0.0082556238018288,0.2965853648240579,0.1958611117497478,0.0485602515899331,0.0123289520316889,0.0327899934821342,0.0160670491142098,0.8464349904223711,0.619377166176552
2490,0.0868464780139476,0.0084690693673758,0.2538882446262788,0.0788952492969692,0.1495221722217705,0.0405652950366758,0.0407294348350845,0.0103361198558626,0.5773602637330739,0.0799918558551093
2491,0.0157977919492946,0.0104055339974857,0.3878388972804484,0.1146593565867697,0.3545231230144566,0.0304936393787932,0.0610789472996669,0.0226586168007223,2.868976341826857,1.076475794148494
2492,0.0143889067964111,0.0099940314364513,0.3760969072144144,0.1193962568570177,0.3481225993086659,0.0466661924068345,0.056435933510527,0.0218213086008224,1.9471967495714424,1.0381803604702435
2493,0.0231969936553666,0.0117781861050951,1.6844207686435009,0.1095284035856915,0.7116290934793614,0.0078869389145389,0.0823488981773875,0.0244784850877553,45.27838997889511,1.1772004036427166
2494,0.0224812672697088,0.011687788832203,1.5100557346601309,0.1094596921922634,0.5949909512127717,0.0083708885030772,0.0804472876019162,0.0244140920964935,35.632340288714985,1.1726344987583233
2495,0.0145884131915538,0.0099443202932776,0.372384629766143,0.1201767722049109,0.3501133443379312,0.0386202662504932,0.056728863474555,0.0217235693480172,2.206534553375437,1.031807971201416
2496,0.515872862980509,0.0142971239069999,6.176301384284767e-05,7.324288952686171e-06,0.1474829297372534,0.0093711116773131,0.0001142463237071,4.478838838723016e-05,0.0003815075193456,0.0002340188825645
2497,0.0113554936701108,0.0086949364529655,0.3208498160131702,0.1619595550533685,0.2051383053013003,0.0370068790960652,0.0382958045773098,0.0178711848770652,0.9904555459891732,0.776871394391268
2498,0.011399295109558,0.008690490760127,0.3226367675928571,0.1575534691837744,0.2348846664780725,0.0409840592336311,0.0389544399459008,0.0180037375982683,0.993804966041915,0.7915252837746029
2499,0.0175351108234857,0.0109188052123743,0.4013113385587208,0.1109877577008552,0.360851681826131,0.0190042208601043,0.0667230093168563,0.0235482373922782,4.641806861808598,1.1215087166755973
2500,0.0119524619987453,0.0090034491839498,0.3399669507819005,0.1430539965028091,0.3157692910171727,0.0566503290845994,0.0441337909472173,0.0191616895632238,1.0834192058672705,0.8771473661089325
2501,0.0107177124505202,0.0083553102884244,0.3047627156250424,0.1858582918585259,0.0898176420259996,0.0214940320590354,0.034019932509654,0.0166857663051984,0.8844357478639722,0.6618447993814884
2502,0.0246778584634887,0.0115252957130046,4.588825777064122,0.1119516217742858,2.629731986300148,0.007360753167934,0.0850746233813072,0.0237826412288329,122.82726859293916,1.1540816277428796
2503,0.021342775646262,0.0116147966589964,0.9101715429256304,0.1090211367060017,0.3581307736645285,0.00925048072326,0.0776380153230236,0.0244436043051449,20.75872048676068,1.1705469645040103
2504,0.0114099482185541,0.0087093079394057,0.3217029752676859,0.1574733987920547,0.2425490831646149,0.0476976118326631,0.0390332773870235,0.0181030875798268,1.0075189502879651,0.7907144645722469
2505,0.0137547021269334,0.0097578952794104,0.3682186036015282,0.1234456806847345,0.3469299433176024,0.0508290116921178,0.054182795200167,0.0213963210163265,1.7494569766004513,1.0079073426249163
2506,0.1893096624646978,0.0112967548898287,0.2847135557581086,0.0081045696950735,0.1502407762922813,0.0675056410997793,0.0162675566728845,0.0071480483752983,0.6270569749242156,0.0085070792044979
2507,0.017026507531177,0.0099295807717775,0.357105593610849,0.029731846592842,0.1153449506458339,0.0514701535306103,0.0199495410746873,0.0111373152138376,0.5788686631491643,0.0259744181770477
2508,0.3931638375969477,0.0435336475777011,0.0001785486800803,1.0073335726804652e-05,0.2466155037610547,0.0065817580342322,5.082303623107311e-05,3.3419722800098345e-05,0.0003654146002475,0.0001905075406174
2509,0.0135144273689771,0.009644726504173,0.3654708976340652,0.1248945010852735,0.3441091425224286,0.0505465806586125,0.053131976246114,0.0210728798001786,1.7333453864589352,0.9910278807901164
2510,0.0647594698924647,0.0075855726289589,0.2818353767775353,0.0427426178445327,0.0918494272711681,0.0386541803595866,0.0279301065392789,0.0099989215662503,0.5837935371965068,0.042223636752914
2511,0.0139661471263166,0.0097454132718633,0.3657818887566911,0.123074554612424,0.3475048722961887,0.0452275262498499,0.0545449857215136,0.0212833734354582,1.8926029315399149,1.0104017427500431
2512,0.0119661582271768,0.0090214946822939,0.338345497519216,0.1429607756778788,0.3259863293484415,0.0546436860850658,0.044757526006372,0.0193075403522758,1.135973759372047,0.8874630477665304
2513,0.0200168692167082,0.0114362357139413,0.6075265538808778,0.1090069766748906,0.3616083666034786,0.011322600387924,0.0740347496117818,0.0242398649340435,12.543078425332729,1.161816244459848
2514,0.0147104213957418,0.0100213200295236,0.3742550153195038,0.1190751124615537,0.3504787641247529,0.0387144220890596,0.0572463640868447,0.0218146162164508,2.240013818652108,1.0427877996489126
2515,0.0123249260296384,0.0092423005586717,0.351309556858267,0.1351688036699181,0.333586670384803,0.0663630666462734,0.0478203485108067,0.020089585971323,1.2150654786397894,0.9296782567384038
2516,0.0104585084021003,0.0081973004852359,0.2996493732567862,0.1991687529763102,0.0575167650356407,0.0155213263637063,0.0324896633540165,0.0161616532109659,0.8650303822687346,0.6098254396777983
2517,0.0128130779602763,0.0094397945234732,0.3580317143719608,0.1294382353473153,0.3416258371955533,0.0587927968220634,0.0504745000640972,0.0205386575842234,1.4153561336865372,0.968812940169924
2518,0.4189522059022233,0.0430763073413626,0.0001636266542938,9.010002399105652e-06,0.2233862291532182,0.0073075136378659,7.066823219138512e-05,4.1085992573009946e-05,0.0003431956093074,0.0002095890063494
2519,0.4212415466444251,0.0328048171851464,0.000139809666289,9.291037156020244e-06,0.2075230141504158,0.0066144496104964,0.0001430179704692,2.9571607204942287e-05,0.00056153378737,0.0001943019303179
2520,0.0162661674008162,0.0105401412105563,0.3899686158389105,0.113545707485366,0.3561741629584506,0.0266485213728107,0.0625887665086045,0.0228893476719375,3.116953241626541,1.088454632300404
2521,0.0246106005014942,0.0117216383331391,4.268132654496981,0.1108901413724948,2.396402111604272,0.007355629416069,0.0854119920970669,0.0241201911402999,109.71547123199292,1.1710011978203685
2522,0.0164078787810237,0.0105378253989494,0.3918677557777191,0.1137292350294399,0.3574618510751884,0.0249367180912333,0.0628859607128985,0.0228322973861613,3.469643892024504,1.0951867164839586
2523,0.0116247870405119,0.0088037540604289,0.3297611855213826,0.1506324580612132,0.2957296013726833,0.0539984922100339,0.0418234573949113,0.0187175561767268,1.0571864071617176,0.8380125399958469
2524,0.015963150316872,0.0105060776561304,0.3886602417651043,0.1139577937448167,0.3570516234919966,0.0302964249967565,0.0618830467688935,0.0228935107832638,2.8495024388384524,1.088402089063507
2525,0.0238810139059162,0.0117390938783707,2.865629372396989,0.110496745656932,1.4877105446825722,0.0075288085969948,0.0837944240970223,0.0243219830448209,71.26641571684979,1.1673602055064012
2526,0.0106722649246408,0.0082427551025803,0.2944527873310841,0.1952849379684772,0.0503777523120282,0.0116961990337709,0.0328470878950628,0.016070061761842,0.8326386838182578,0.618152229835995
2527,0.0115569766769073,0.0087977194085325,0.3279321966521173,0.1545021768940203,0.2711734785177688,0.0451476063524346,0.0404412441055926,0.018417889013865,1.026975258778522,0.815968105907078
2528,0.0112510506407758,0.0086274012182855,0.3182773189616283,0.1649891391076466,0.197385847098796,0.0339758596380727,0.037727070713399,0.0177597833597455,0.980615436547469,0.76826584590218
2529,0.0098552395767942,0.0079113577181671,0.2722480729601591,0.2135149595912655,0.0139384896209816,0.0076695269244444,0.0272673429981251,0.0141875878290473,0.7292505029497912,0.4384070919023168
2530,0.3875682166494537,0.0487942201384338,0.0002272034499968,1.0979173712605487e-05,0.2650817593614868,0.0058513189459905,5.931192828340848e-05,2.969438209709709e-05,0.0003721239327515,0.0001808119793516
2531,0.0114499423562971,0.0087145274254987,0.3263369734780628,0.1561214357955769,0.2699218297141554,0.0521989249935859,0.0401503553342182,0.0183981386090571,1.0371298812440866,0.809429904897001
2532,0.0103834121785712,0.0080620530887433,0.2825699474658491,0.2091670850982781,0.0222417884190866,0.0079074015412623,0.0304467736899597,0.0151413592993258,0.7720458395515927,0.5256427288591984
2533,0.0120353683283854,0.0090620855396112,0.3434006474556591,0.139327208240026,0.3264485848858514,0.0739337025949412,0.0451718965527409,0.0195390927457331,1.1147436856326924,0.8910757028729264
2534,0.0110466520964641,0.0085166096689102,0.315972352908071,0.1697269595015592,0.1748109392659542,0.0384662169536319,0.0364723552486471,0.0175250260980847,0.9636906325893252,0.7360725121053896
2535,0.0166100991468132,0.0106747561518289,0.3933131471994233,0.1126111640319355,0.3590554940463645,0.0246797678381149,0.0638776339738481,0.0231690517427936,3.51923036293197,1.1024775641303166
2536,0.0119259218366561,0.008986265248715,0.3386731147261401,0.1443701509143698,0.3081530978847446,0.0599769436710634,0.0436044228454284,0.0191023290583599,1.0855759107134475,0.8728490750245584
2537,0.0113583642523934,0.0086777485816498,0.3212703609439404,0.1619112056111716,0.2163830007870252,0.0405737974821086,0.0384775495484322,0.0179603414892749,0.9989182176912852,0.7789479094078605
2538,0.0106797023359366,0.0083242536158721,0.3008379122610249,0.1895189846810162,0.0756816429463814,0.0175498325801372,0.0334093957626334,0.0163613832764253,0.8838103051200997,0.6421734524215077
2539,0.0102855466142654,0.0079929649429124,0.2768503912637882,0.2142066371089049,0.0138389152164488,0.0075964698924264,0.0291432712029939,0.0146342666110361,0.7551348971480385,0.4773667642396304
2540,0.0494067096301094,0.0075915629402944,0.2653193735360842,0.0399034317115257,0.1207622221622921,0.0523161361940986,0.0280726063181416,0.0102161338852162,0.5669252968972909,0.0417949995256189
2541,0.1887763002240532,0.0383414297163293,0.0002035725317249,2.4279131905916195e-05,0.5444979687202639,0.0049373087150702,3.594026969654387e-05,1.3952437574144666e-05,0.0003626045261372,0.0001638481994564
2542,0.0247222830168348,0.0115982982492729,5.391425159439345,0.111488034635968,3.1347291452368,0.0073604331639724,0.0853417019919818,0.0238716130797898,132.00442511934452,1.1623833620711774
2543,0.010860667250383,0.0084153527404975,0.3074405073570216,0.1846197672391777,0.0914822923795151,0.016926255471119,0.0345844433918075,0.0167724900973675,0.9162625368709304,0.6898164377286169
2544,0.0183209464298327,0.0111271942107712,0.4069277065670655,0.1098958448515757,0.3632652110807025,0.0155122433290954,0.0691473357483724,0.0238342145581478,5.895446765077016,1.1407367168920386
2545,0.0225284638542751,0.0116711026237408,1.5423312275098395,0.1095316218656725,0.6174887941312379,0.0083499957602252,0.0805355131971141,0.0244037980290744,37.65566505434671,1.170497271896401
2546,0.0190699930442719,0.0112723788095088,0.4478574524172755,0.1094630422072833,0.363588626040511,0.0132313542790576,0.0713514525958615,0.0240552429578486,8.294260680997983,1.1482095823549276
2547,0.0114115655652219,0.0098352542035376,0.3529898565260862,0.0886575439933442,0.1529856685238447,0.1095957187593762,0.0202329717937458,0.0119091523971428,0.6290001704938334,0.0609972820345469
2548,0.4437310572730893,0.0345069420572748,0.0001259145544327,8.137896074579231e-06,0.1830029059491851,0.0057814961199316,6.060151580451988e-05,3.166713095091428e-05,0.0003278233890033,0.0001983268354027
2549,0.0163764645884407,0.010617950087583,0.3925353018371003,0.1130148907815315,0.3572709369428665,0.0263173591587738,0.0632003119894648,0.0231179144051866,3.341025862647079,1.0943523230526393
2550,0.011227097885238,0.0086308590991617,0.3159315736812906,0.1653305811723941,0.1869368620902504,0.0312348370937283,0.0372541256022854,0.0175879805082766,0.9657404025812012,0.760910688681245
2551,0.0191288890084506,0.0112067551129811,0.4575365128916771,0.109819665124705,0.3605749387368935,0.0128423002195939,0.0713260574004207,0.0239235843257698,8.846972791772558,1.1443942470499135
2552,0.0205164300415428,0.0114713159946246,0.7508048803305527,0.1091733498976527,0.359975048336958,0.0104749898699599,0.0753572272734055,0.0243114081035723,15.791638958598286,1.159664843653576
2553,0.0203060636504313,0.0114276594650256,0.5292809355837518,0.1092618443275517,0.3595250260541113,0.0105952168299477,0.0746921578877883,0.0241986379756851,13.028026572893982,1.1597550334900308
2554,0.0106265167622008,0.0081731119209704,0.2758597854732406,0.2114676323262587,0.0136504267544503,0.0073750459327196,0.0301604317090297,0.0147868702400429,0.7253309571533456,0.5029449611863105
2555,0.492006479716394,0.0196453647186577,7.795774128524829e-05,7.604305257960416e-06,0.1597623772754501,0.0080552438618292,9.789805208787876e-05,4.057621213816363e-05,0.000354854080895,0.0002234703229754
2556,0.0140516090612192,0.0098436178415962,0.3710763897233502,0.1217180531838136,0.3469194433904433,0.0481162481378416,0.0551689340459978,0.0215566467859601,1.8532990935980331,1.0194982080332058
2557,0.0221100086804608,0.0116565850446717,1.1790952396655692,0.1094543241015699,0.3847358029656567,0.008563609361096,0.0794851855366433,0.0244074869921048,28.98476764664712,1.168828487278391
2558,0.0233347326019983,0.0078270932300898,0.2530272279131798,0.0138513271802762,0.119658166461108,0.0670316989364175,0.0203452350769299,0.0108934547239158,0.5899498074369531,0.0172153551547751
2559,0.0112466302457724,0.0086181144985552,0.3237424742600199,0.1660390733835134,0.2055538248789387,0.0448937801397186,0.0379948513561473,0.0179097852115432,1.0157170805004787,0.771252695982097
2560,0.011634309318022,0.0088107079833242,0.3286151194578058,0.1512776506336644,0.2743128979634234,0.0434433856638652,0.0408381464009299,0.0183577941190925,1.018188708727978,0.8304503276735362
2561,0.011080815969616,0.0085249830327241,0.3113022194050128,0.170748766315994,0.1463166563503247,0.0250979337182291,0.0362342402800715,0.0172448717367032,0.9290180786982716,0.7354614169882687
2562,0.5062446379043871,0.0176411223740992,6.344740604599555e-05,6.644567146753283e-06,0.146378097547125,0.0087917320855817,0.0001057887351624,5.1934776970861965e-05,0.0003792617380356,0.0002511372859427
2563,0.0158714751277077,0.0104312939165428,0.3845092186401836,0.114714590866929,0.3563753616862802,0.0298716464328149,0.0614636282134874,0.0227736001243627,2.866030458194785,1.080505780556972
2564,0.0132224500769384,0.0095808047241609,0.3624213322963004,0.1264571709968106,0.3439246008475087,0.0548297893196945,0.052133183669086,0.0208895149382118,1.5906438488336916,0.984821391017266
2565,0.0106414965784767,0.0083288296200365,0.2999785719064389,0.1941104265058122,0.0618181527043752,0.0167542767904935,0.0330207223370638,0.0162488727988874,0.8625437463196538,0.6237662313197452
2566,0.0103591655226378,0.0080128145545224,0.2755769168009739,0.2115760020590627,0.0205599429102116,0.0073895721335467,0.0293350644408006,0.014642344311458,0.7296492164635079,0.4799993906358712
2567,0.0100762551827479,0.0079637730382041,0.2723168323610604,0.2153995927341515,0.0138984935112222,0.0077679095587196,0.0284509762363548,0.0144659974555703,0.7420533690154222,0.4635735136464453
2568,0.0247929555957265,0.0115056945421575,5.785318336977868,0.1119198205268426,3.402734359875925,0.0073842061519946,0.0853054284304747,0.0237163502039724,145.55109249343744,1.1552799714532047
2569,0.0103804986852319,0.008061023841734,0.2742931280269634,0.2140002073728662,0.0137409188458512,0.0075031020456967,0.029117765862988,0.0145269919368958,0.7254746402078978,0.4817154854965359
2570,0.0115230711773122,0.0087620490115606,0.3263978954106286,0.1551147745086873,0.262012522642125,0.0427832013052321,0.0400530843946272,0.0182596833591052,1.0200843146703953,0.8134780467279851
2571,0.0201451172896817,0.0114326639779298,0.5790151714278478,0.1091115389945046,0.3614043763945138,0.0110082567214577,0.0743850650641312,0.0242724694215199,13.050219854587963,1.1595122379127
2572,0.0094642199043045,0.0076391853659406,0.3848220795297952,0.2432810895514023,0.0555802803576208,0.0141908085173802,0.0224160302771889,0.0123859780972578,0.6115859843027504,0.2968999456557248
2573,0.0184246483537103,0.0110790331700189,0.4062610098887092,0.1101733772723142,0.3604544385027337,0.0150121975493431,0.0692357726904327,0.0236812144412132,6.502330341688467,1.1424915912372666
2574,0.0121059769663128,0.0092096235962064,0.4674624222261442,0.2068689596680049,0.0460814608062801,0.0148788600240644,0.0247972276086774,0.012728720851093,0.5979850751914529,0.2908888131051402
2575,0.0095145622789573,0.0076686990381234,0.2463804059260547,0.198066185755711,0.0177403379739985,0.0088308775374629,0.0229747822897386,0.0126336626629161,0.6259639521109326,0.3144564562063902
2576,0.4551458000736014,0.0313368301409066,0.0001166663716844,7.691343985457853e-06,0.1655987141363023,0.0063817442365389,6.832574898044354e-05,3.4195385348657715e-05,0.0003341738826356,0.0002069317143264
2577,0.0180817039502598,0.0110181048407968,0.4028212298904615,0.110570218405975,0.3612026208649913,0.0162691952096507,0.0682843263468886,0.0236631373222391,5.723669470656004,1.1300428932327615
2578,0.0096394705221883,0.0078251588287483,0.3396531827862774,0.2534086096752501,0.0631217832476819,0.0176982626009337,0.0223855277659435,0.0123434433985494,0.6047323228168633,0.2864722305654357
2579,0.017067082482501,0.0107320254735971,0.3927576702508134,0.1123040041032791,0.3575667042115964,0.0207954478366325,0.0651312145417101,0.0232317093099099,4.49381126682105,1.1063886473917175
2580,0.0210548153271885,0.0116079745838889,0.6719324423711346,0.1090050519977519,0.3621955186553015,0.0094745637141631,0.0769509484487659,0.0244795419267214,16.858162810113413,1.1682084586476706
2581,0.0105690107149756,0.0080941964784378,0.2738305345910826,0.2123581398903984,0.0152753578769555,0.0076512341069124,0.0297767326988313,0.0146404596068039,0.729518024818389,0.4889592762109424
2582,0.0112659608283093,0.0086363145522639,0.3156258273760069,0.1653491616840591,0.1785369144743381,0.026376196693028,0.0373654835604663,0.0175328328426329,0.9646001153716414,0.766574937683534
2583,0.010299722694918,0.0080033339079835,0.2767168441907093,0.2088561023163907,0.0198738330351024,0.0078162998512321,0.0295503959563658,0.0147211103868897,0.7422440267448331,0.4976323500470678
2584,0.0102671100208505,0.0080930882278163,0.2616404894289284,0.2144958485243273,0.0142225005079857,0.0082370016217187,0.0272441090164596,0.0137024828977487,0.6597914862756497,0.4251048649052451
2585,0.0115943582098184,0.0083164534084664,0.246845132798326,0.2092204644159938,0.01890793465511,0.0095942189464118,0.02815265390842,0.0132234862600811,0.6096336728574754,0.3747689772978332
2586,0.0105282475914727,0.0081260140108677,0.2836468698128639,0.2114979872691461,0.0163336251014399,0.0075887432851556,0.030672590198021,0.0151970835052291,0.7808058888058333,0.534395880185885
2587,0.0106911433485195,0.0083302568060843,0.3036085607901834,0.1872102344952641,0.0851685921987134,0.0184182138688657,0.0338178994347568,0.0165373274479169,0.8934721257583518,0.6628175618085342
2588,0.0117820416096599,0.0089007256855089,0.332454384286499,0.1486340182338206,0.2900870259161714,0.0585186177722128,0.0421442320740666,0.0188125059582749,1.0641524646121507,0.8429813215167856
2589,0.0104671241500632,0.0081164303253785,0.2822891260258915,0.2092345564077994,0.0205502223831051,0.0078699986478219,0.0305100785867924,0.015130402109626,0.7665410576491013,0.5207177374132191
2590,0.0554771314022574,0.0091503389815369,0.2533932386395996,0.0188010020707221,0.0859516621030148,0.02964865647852,0.0198424451030543,0.010209376180041,0.6369937433373354,0.0176928165335475
2591,0.0243409382086248,0.0112080873811469,5.06471078444711,0.1127054936681229,2.9197743979183888,0.0077695900332551,0.0834222697524895,0.0231700088023089,130.0841734569539,1.1421899243124254
2592,0.0112748919229538,0.0086211116307442,0.3186805954155893,0.162877074204028,0.20234838485941,0.0364087216051619,0.0377618494069482,0.0176982243083442,0.9895009811457768,0.7727905243296069
2593,0.014748280554585,0.0100915678364448,0.3775055963590244,0.118177715675122,0.3498414272780594,0.0417666775212913,0.0576931272030702,0.022089743473196,2.109535726043006,1.0454622441348629
2594,0.4752265414258193,0.0280058000692171,9.12979538378794e-05,7.113834477215183e-06,0.166090814748448,0.006551543108804,8.225071262695825e-05,3.807944223266255e-05,0.0003396444657708,0.0002184053692913
2595,0.0118977005222819,0.009701362041698,0.3854773622769453,0.2968899901198181,0.169605860831371,0.0791746766159932,0.0219508157401332,0.0122858860375374,0.5808470261968874,0.1867454244482328
2596,0.0107276161775554,0.0082535784244619,0.2891471186823239,0.2003382126271767,0.0396153112115157,0.0101790457237565,0.0320187530596162,0.015637240924139,0.8053579815603558,0.5875497724785567
2597,0.010600545021769,0.0082123013770874,0.2447838702002362,0.2132684367352694,0.0205536972590748,0.0106138259282679,0.0254968227211354,0.0128298755371778,0.5941934889902055,0.3558530796727504
2598,0.4902033049990084,0.021427394961069,7.803668338791426e-05,6.9659616265209255e-06,0.1586483804245559,0.0078375760582078,9.883750995122196e-05,4.801175813094559e-05,0.0003309495912273,0.0002403769557614
2599,0.489540903889113,0.0210829084204433,7.730652091468142e-05,7.067992663482571e-06,0.1587614527693559,0.0077446721195878,9.86405022188239e-05,4.3007609596257137e-05,0.0003268702788254,0.0002289477327225
2600,0.0107573732268159,0.0082224967480878,0.2779675540731875,0.2106159207306279,0.0144074226906274,0.0077566133493511,0.0305687801106474,0.0148902131116074,0.7457537825180731,0.516397548668858
2601,0.5085227237037113,0.0138983866075913,7.09457541629317e-05,7.679480886699324e-06,0.1504868703990755,0.009147361930742,0.0001056149479871,4.507589904448079e-05,0.000352861511875,0.0002352955192623
2602,0.0209940057226494,0.0115550806652989,0.7559586119568957,0.1090896319800395,0.3591564104559954,0.0097865435001359,0.0766988717253762,0.0244186978710625,18.253526445685896,1.1643966013589993
2603,0.0107412722878059,0.0083809425632246,0.3067550989504414,0.1884847633055957,0.0842964743526851,0.018308447603097,0.034064731547076,0.016709860528029,0.9120768186577232,0.6702898808478444
2604,0.4907485392796603,0.0223534697050682,8.614724599736996e-05,7.156921247206248e-06,0.1609412362802846,0.0076160824402289,9.320581893302862e-05,4.041928805397527e-05,0.0003278217402291,0.0002224123739649
2605,0.0151428030213875,0.0102207384116644,0.3828006254986021,0.1166281112106321,0.3518710463508004,0.0376203521881403,0.0589855128533919,0.0223299864379573,2.360134850452532,1.0578751169298468
2606,0.0123525507021537,0.0092537051535225,0.3495691464450555,0.1342244440198582,0.3363648170458103,0.0605904028315844,0.0483218565728052,0.0201369969698386,1.3043383905033676,0.9302331118303004
2607,0.0116835384593786,0.0088438655211955,0.3306056017207398,0.1500738898305694,0.2894801892738777,0.0571905045936689,0.0416011368345821,0.0186888339376916,1.0470006018140292,0.8342750072946243
2608,0.0099896270656275,0.0079556414361459,0.2928958728997506,0.2069636663662023,0.0436997195696401,0.0143976805119523,0.0305142012137349,0.0156334848948578,0.8515120509398106,0.5306888360054346
2609,0.0101893471824618,0.0081808596230862,0.3101836445220125,0.2442479687065558,0.0294532736477729,0.0104553960253078,0.0238619557443766,0.0129952135265033,0.6350610184292139,0.33224868002663
2610,0.5308959085511163,0.0124958787264596,5.31393073466245e-05,6.720128584349578e-06,0.1430940350371203,0.0103418304064132,0.0001138215058212,5.637017758462936e-05,0.0004154684409224,0.0002606088540259
2611,0.4828304977929518,0.0230008234590377,9.172232056902342e-05,7.378009021086836e-06,0.1629247350156017,0.0077244844279379,8.954810368130604e-05,3.8525471794117454e-05,0.0003049246051612,0.000217925106141
2612,0.0236061269101567,0.0117697768120422,2.259357151161851,0.1099578937472459,1.0854726005390218,0.007666072628893,0.083226303721942,0.0243743449183901,57.10089133770628,1.1757424519201598
2613,0.0104180725332627,0.0085542770483998,0.2875126549991135,0.2122687875631353,0.0364824638137269,0.0178356195444394,0.0217017287306136,0.0118898486780643,0.569142418831585,0.2658856581846471
2614,0.0207396461048924,0.0115646981075323,0.654783937147935,0.1090605918009998,0.3643314848399596,0.0097972228216234,0.076060089505155,0.0244331593762167,15.175073634971127,1.1630577176343853
2615,0.0122057428123989,0.0091694751024772,0.3429523129010112,0.1381257643359127,0.3393692788847682,0.0526335408171877,0.0469519795239029,0.0197385690932429,1.3260435991189063,0.9170089827185482
2616,0.0183277882380054,0.0110594720386309,0.4041395733676683,0.1103659799252839,0.3607357815266908,0.0153941081335556,0.0690005950121979,0.0237224083849615,6.582645123845873,1.133935701162627
2617,0.011244746684787,0.0086196481132986,0.3151197789986482,0.1637129462685849,0.1927942017644823,0.0294977651692873,0.0376098163268665,0.0176191598159941,0.9583111934173268,0.765341275369983
2618,0.5282552417996031,0.0167900574882932,5.122525864735736e-05,6.501056409165838e-06,0.1375752460743796,0.0100326128354927,0.000110058388562,6.33954329320726e-05,0.0004320811899867,0.0002766807684752
2619,0.0243455814654135,0.0117378406543807,3.792668556023719,0.110661980232865,2.0795844544917994,0.0073914121564231,0.0848030491426686,0.0241607858147931,91.24694766091775,1.1738317281596886
2620,0.5382904268557354,0.0135229388965474,4.709383922492555e-05,6.630847442215493e-06,0.1385332552208946,0.011057054135445,0.0001339093875922,6.335970586092364e-05,0.0005108851216986,0.0002715042578295
2621,0.022512783467987,0.0116994731667407,1.3801323912326509,0.1095082722329078,0.5118576665814353,0.0082358150808161,0.0805010249434307,0.024387130488329,33.25092122420277,1.1741933357703822
2622,0.0094571407485182,0.0075773852641214,0.2523387191727225,0.184241716013795,0.0372957335515386,0.0112893931408559,0.0237296800225535,0.0127831940612414,0.650234219417086,0.2987474624606496
2623,0.0153343017321842,0.0102255759023571,0.3804544432194934,0.1167286063129533,0.3533684681986542,0.0334515161958132,0.0594711667700803,0.0223116242453442,2.5650605251523526,1.0618310828892066
2624,0.4688190746006548,0.0263541930863708,9.3669733760307e-05,7.34569074653012e-06,0.1618241922253141,0.0071092065869506,8.400002304388945e-05,3.749099672431276e-05,0.0003490684010358,0.0002185126152258
2625,0.0106519374850526,0.0081673710457306,0.2829797899412868,0.2076026931647247,0.0216142647520023,0.0080931817687846,0.0311208089035045,0.0152177619081264,0.7699531606772995,0.5477091886229618
2626,0.0112979008860391,0.008661621723346,0.3176487129143261,0.1645279310648351,0.1847866126119384,0.0325307609145412,0.0376272735943739,0.0176839727156343,0.9805585617223632,0.7675278062533261
2627,0.0177080495733732,0.010995049121873,0.4049388951084726,0.1104416861084101,0.3621448561054375,0.0183389752129624,0.0673422444914898,0.0236676006783139,4.751319133434127,1.128821762027104
2628,0.011708371154053,0.0088433915892992,0.3338197425171239,0.1488335881868031,0.2942388309611586,0.0548802902305064,0.0420448931508608,0.0187579468746132,1.0469808029779115,0.8389587470541131
2629,0.3302090741569723,0.015554094020886,0.0007914482974688,0.0004155927244287,0.3239878267207018,0.0170462608204082,7.11920638222869e-05,2.1038482910923896e-05,0.0008575729358512,0.0004897880406795
2630,0.0167903684629124,0.0107096308232476,0.394326936626667,0.1123691826830158,0.3590688018834215,0.0232665447064705,0.0643595255619466,0.0231954595805174,3.7564123554340783,1.1054664563744387
2631,0.0135390203697953,0.0096671591576921,0.3646214875745585,0.1247719407167348,0.3461943826289876,0.0520648868580402,0.0531813250848447,0.0211098333516481,1.6698047392627675,0.9991093825844312
2632,0.0138598476679464,0.009717864809774,0.3682109227439017,0.1238185099891616,0.3496437906858715,0.0434248965031825,0.0541173341395754,0.0211536335561442,1.945315226084059,1.009453153500716
2633,0.0105558744101874,0.0081266055815498,0.2746908965343718,0.2114489581724692,0.0136623064111424,0.0074362751040951,0.0298799912748955,0.0146984780399232,0.7282814735806314,0.4954525944300879
2634,0.0102923169399408,0.0079951035692577,0.2757693937263036,0.2122092245825324,0.0136734704497405,0.0070409920538806,0.0293734671301835,0.0146998729620968,0.740259257500468,0.4779476761511424
2635,0.0125524374935334,0.0103520368504494,0.551180412850202,0.2794141638045443,0.1865073924220961,0.0483098828885809,0.0239240565275871,0.0130195543730514,0.6181055515041673,0.2916549852750698
2636,0.0111821375770373,0.0085595985177059,0.316928367218948,0.1648951562132108,0.1936396068710419,0.0332698092437585,0.0372648831954158,0.0175467460200603,0.9703446003191027,0.7609303695219994
2637,0.0104002560714908,0.0080584008921189,0.2695212353737715,0.2137241845308023,0.0136785576880174,0.0076824137828524,0.0289099868649932,0.0143701097525104,0.7118422539125604,0.4673418288562457
2638,0.0111935671356959,0.0085786565349103,0.3158659483131934,0.1641606422801126,0.180029175795581,0.0348777386259007,0.0370889708250961,0.0175205913366336,0.949747276008218,0.7504745642287379
2639,0.0118354199998145,0.0089279858683319,0.3325154967758077,0.1464660596578031,0.3168245846924147,0.0466250278327042,0.0434181880623771,0.0189168736520961,1.120365351677297,0.8655726216144007
2640,0.0106149601346348,0.008244468414554,0.2963120266755314,0.1941510058985472,0.0602770877710133,0.0141042921707921,0.0326542458173005,0.0160604634550045,0.849201041428537,0.6207339244411878
2641,0.0102889801565851,0.0080214195728649,0.280444920384949,0.21101611870134,0.0177693996990294,0.0075158753469192,0.0300264109509178,0.0150540368060654,0.770830140304873,0.5011713168349066
2642,0.496363305266905,0.0172925615814289,7.0936695247645e-05,7.296540014961768e-06,0.1549157827599704,0.0079365151236905,0.0001049293164702,3.872692797466949e-05,0.0003640494965691,0.0002225553108464
2643,0.0229998994531043,0.0116887122331745,1.7479804943284472,0.1100965361118313,0.7604082387677745,0.007829455926572,0.0815976145029865,0.0243403388625886,42.681324876850354,1.1657167708288243
2644,0.0191141440794823,0.0112434727999454,0.4763263597690231,0.1096085620405434,0.3615796229618192,0.0130433512547861,0.0713661393532601,0.0239712626282783,8.698494791655026,1.1479938880582785
2645,0.0232793708013496,0.0117425751336416,1.7698303069130368,0.1099804584415349,0.7718421899233749,0.0077273636591255,0.0823698345960066,0.0243627602669031,45.72404757751762,1.1723399398345058
2646,0.0204742307182427,0.011503637674996,0.588886654010567,0.1089258932687745,0.3607313111100436,0.0104809859867471,0.0752926008424124,0.0243193180455286,14.211033768815486,1.16564497113197
2647,0.0106148427138462,0.0082533413835114,0.2975147837757283,0.1960564949725156,0.0552430734996332,0.0133670704753961,0.0327389594405242,0.0161424134239676,0.8654864268946922,0.6214009344420702
2648,0.0112751557733814,0.0086053404444759,0.3197947758478229,0.1600030502451555,0.2409864070416347,0.0420780397723299,0.0385630121703896,0.0179417255854353,0.99386097489479,0.7828983993565536
2649,0.0237438275219159,0.0117833713280965,2.617361145318113,0.1099005162413145,1.313421248813636,0.007650913447375,0.0836045461403643,0.0243849465358385,64.06211618419691,1.177942787337532
2650,0.0096730409613514,0.0077274872053139,0.2541912195967129,0.2088438463333502,0.014481606881783,0.0084749968373003,0.0245321545412449,0.0131025889392959,0.6477125406688936,0.3803763005559802
2651,0.0230168854427444,0.0117034348332379,1.3673211313020408,0.1099728063197566,0.5120147067474148,0.0078519774895247,0.0816429054658576,0.0243121279442427,38.12150537819239,1.17121822925277
2652,0.0109957217029332,0.0085001929449254,0.3076721145962632,0.1767528243989715,0.1176153801890752,0.0198624481200188,0.0355144946151433,0.0170837464836555,0.9174022604954782,0.7119477189223281
2653,0.0097131959626949,0.0078395796691941,0.2545001216167775,0.2176301343701479,0.0149284336950279,0.0081643649476785,0.0242675119830869,0.0130507657039942,0.648176999988288,0.3606656259035395
2654,0.0117373316545531,0.0088870643656281,0.3322963283733994,0.1490111536347848,0.3042963418126149,0.0500013226258099,0.0424933206628917,0.0188248983093016,1.0728142252597392,0.8567310308385638
2655,0.0248363303492289,0.0113842192154686,7.78913868833927,0.1123461175016059,4.706271455102404,0.0075030483209804,0.085172389982378,0.0235237914733257,190.96194273615083,1.147027385990579
2656,0.0105919373347675,0.0082101310619147,0.2937253946981194,0.1961539014910588,0.0537916210871456,0.0126933245054138,0.0324512771248677,0.0159457994620696,0.8341683096932251,0.6072300300793312
2657,0.0212101898737437,0.0115476566222801,0.7854035870141071,0.109371315086305,0.3565803832856003,0.0092734116278173,0.0771096601484536,0.0243223061018794,18.714894683279304,1.1637856487416105
2658,0.0180939490933664,0.011040419908537,0.403710988520414,0.1103467293749917,0.3606580108781766,0.0165478648812624,0.0683546111535202,0.0236725205545566,5.939459714247846,1.1330497571703944
2659,0.024708040751972,0.0117072806842357,4.37530808580926,0.111123268735471,2.469659399330472,0.007314503320185,0.0855641382233971,0.0240541455248359,112.06702003511258,1.1698672957815286
2660,0.0113458348519717,0.0086594368893543,0.3194091962143723,0.1622128518879013,0.2034838637560025,0.0328671467159818,0.0382081906080004,0.0177693200440105,0.9908292447128708,0.7817944627362025
2661,0.0108425132719356,0.0084102806474004,0.3058365315435027,0.1804209117543246,0.1046427148616275,0.0222200822406102,0.0346376023154259,0.0168092150242296,0.9063813787362816,0.6816093228288388
2662,0.0238505481296744,0.0117768060053993,2.545262208545108,0.1102236819596804,1.2717223116592904,0.0074978911019649,0.0837450457198412,0.0243021564153086,62.2429047725966,1.1764560952140648
2663,0.4437518194323415,0.032096622513273,0.0001273921438398,8.304259485391843e-06,0.185398486038837,0.0058537346197297,0.0001137208110424,3.1148688822556205e-05,0.0003399454220621,0.000196409167174
2664,0.0107889772068095,0.0083608607438799,0.3134935968365825,0.1806525878493873,0.131402776636152,0.0311542142578141,0.0350377629777798,0.0171056983057127,0.9514586323375994,0.6971542034159787
2665,0.0109245162034661,0.008469487497907,0.3100774055004497,0.1784032201702648,0.117694301172361,0.0219821484136237,0.0352482928232388,0.0170592809592424,0.9339625080138392,0.7093357609522275
2666,0.010443759086287,0.0080524193467102,0.2711782902116978,0.2172701755956468,0.0137740848623578,0.0075404348231133,0.0289540950475148,0.0144249564689828,0.7106788501814291,0.4631113795177902
2667,0.010814745045148,0.0083922902037872,0.3003643835359351,0.1876467085507086,0.0705814583231118,0.0145860513566654,0.0339754138777654,0.016543300131511,0.8857837694690106,0.6557353481220723
2668,0.0109649363666731,0.0084705259755518,0.3136784253896112,0.1756305843112548,0.1354336906786623,0.0269767591458441,0.0356977789483626,0.0172304842681728,0.9580118769992924,0.7249979854135933
2669,0.0100920125304357,0.0074004796563177,0.268420464094165,0.0416680712272054,0.1225219463160584,0.0894617230654914,0.0206202324597104,0.0113601927444758,0.6126483206249962,0.0392162337146034
2670,0.4985579156309973,0.0186509939121192,8.075332897758563e-05,7.26563024318031e-06,0.1600214808234679,0.0075602002069205,0.0001037413500857,3.483642127352965e-05,0.0004028151456342,0.0002142265890557
2671,0.4832907825894323,0.0211403493106089,8.147647990546182e-05,7.457190561550412e-06,0.1615367806713388,0.0073352441023884,9.603574271176568e-05,3.564566528290423e-05,0.000387825697691,0.0002154303930729
2672,0.0166447833963454,0.0106243399700206,0.3919744638411197,0.1129522591591247,0.3568414784535651,0.0235543788290798,0.0637693816731789,0.0230218013837062,3.861415869610775,1.0986807220111898
2673,0.0190551588404425,0.0112051257939922,0.4080397808436309,0.1098328359278897,0.3617720532172059,0.0130263915371214,0.0711216927146574,0.023924111385739,8.226247257058315,1.144084981144189
2674,0.0122357482094341,0.0091792455054362,0.3430465386829777,0.1378570205230628,0.3325676139194867,0.0537122649315597,0.0464871065341872,0.0195981542386291,1.24639551500887,0.9165694121780176
2675,0.0118881243666048,0.0089544559863353,0.3353666527277624,0.1441602535480807,0.3127235514737841,0.0543523415863809,0.0435604053669724,0.0189874760880829,1.0673300578728424,0.8697370969425612
2676,0.009348561353933,0.0076516666043737,0.2738844124790576,0.0716543427078513,0.1221149049947437,0.093773162469743,0.0210293741832241,0.011441274903586,0.5957560175296112,0.0441044149896725
2677,0.0139713905789177,0.0097795250845103,0.3690045784942119,0.1223022542579266,0.3459325195171984,0.047845764513682,0.0546468620117044,0.0213577142496709,1.823991050173878,1.0129635206414525
2678,0.0108564565286896,0.0084334165684259,0.3066369375569958,0.1802809217285252,0.1074240321268697,0.0221630342835961,0.0347472644085385,0.0168951262568846,0.913475436862362,0.6892931839698684
2679,0.0246714946363151,0.0114776171628201,5.404906257179447,0.1119072767752331,3.1525424383450584,0.0074363445440903,0.0849480706974914,0.0236808913453673,139.18952584033298,1.1538176871153265
2680,0.02024776032225,0.0114303880228206,0.6444457722713345,0.1090909632935062,0.3579897566736705,0.0108588770342877,0.0745338180092832,0.0241598000565126,13.78328896995869,1.164748667403295
2681,0.0092269964446728,0.0076323988791986,0.3001089395898674,0.1161196191338695,0.0784522487644818,0.0573121545557437,0.0208063410585955,0.0116635936484827,0.6132529555455942,0.1299941774525312
2682,0.0141163740924937,0.0098750509722936,0.3714073445054942,0.1212407532904003,0.3471765621417524,0.0486099135328456,0.0554967621795067,0.0216661387337061,1.859139729485509,1.0225777503457338
2683,0.0110054546153918,0.0091796165205244,0.2989685733216639,0.2213395981300305,0.0341709225285078,0.0163509736801324,0.0230695169640018,0.0128039250725348,0.6318772419306912,0.2914229794105299
2684,0.0586686074251901,0.0199612998014874,0.0023534104251191,0.0008708958595294,0.2788432936448885,0.0196579772787478,0.0003927581777331,0.0001149613596192,0.0023938361318146,0.0009174166587438
2685,0.0238983328575992,0.0118176258284702,2.653189203578437,0.1099686269273649,1.3409880417082396,0.0075398911369142,0.0840457653693066,0.0244330259026672,66.64853739748047,1.1773889156825874
2686,0.0112818172506224,0.0094016879975947,0.530525520878918,0.0687886781481714,0.0892037936639155,0.0312243810761178,0.0230269653245328,0.0127922425477573,0.6285384479369461,0.10110652598776
2687,0.146554220704683,0.0116065977664265,0.2716716058459327,0.0069972829904054,0.1247621399893661,0.0586822245576967,0.0154047598722631,0.0066759900842315,0.6699416092328503,0.0073552354149392
2688,0.0099512673153491,0.0079435602640441,0.244856656442777,0.2101163074261783,0.0211952739191619,0.0130091244247068,0.0239270770445674,0.0126279247423201,0.6130458733677001,0.3127082615589413
2689,0.0115912921785138,0.0088002138551311,0.3290412966450298,0.1534160373541536,0.2768367018486388,0.0539640460952866,0.040920640702884,0.0185569177448709,1.0512639713041665,0.8252667151727224
2690,0.5277134508555925,0.0142098372580087,5.056342858238e-05,7.835419592325434e-06,0.1397560772363429,0.0112948737728334,0.0001193679990747,6.296192832103848e-05,0.0004228939748361,0.0002708348006652
2691,0.5240284013055008,0.0119860249119958,6.171609035742418e-05,7.255028435615969e-06,0.1460237772208769,0.0102280345448324,0.000114761251128,4.8587614417103554e-05,0.0004054305725525,0.0002428791320259
2692,0.0148723361656066,0.0101083239012404,0.37913863685247,0.118030440069181,0.3515233182139226,0.0394721419475599,0.05800775908514,0.0220920613574233,2.253610104316885,1.0509113818281028
2693,0.0161076005314623,0.0105192357634938,0.3910546818261122,0.1138505254148072,0.3574974427680909,0.0286027191022305,0.0622252726927603,0.0229081271766512,2.973857630888205,1.089077939964585
2694,0.0226461420503526,0.0117470094771578,1.611524294781174,0.1092657412613767,0.6553668798860299,0.0082153767832383,0.080984722544906,0.0244737464226095,37.23027620753076,1.1799340355396335
2695,0.0162350846128493,0.010518522262473,0.3898220431198791,0.1139780790537232,0.3566765171602947,0.0265472947146693,0.0625161500847567,0.0228568115069649,3.449673013927012,1.090975921379847
2696,0.0126271102105312,0.0093602860637894,0.3539232681339098,0.1309934796195405,0.3395607847394606,0.0576088920701812,0.0496715154933744,0.0203567179823905,1.4133348664368854,0.9546995198573328
2697,0.019876691629913,0.0114044198472897,0.4121132205426318,0.1093339201111481,0.3640669137794151,0.0109346060761129,0.0735553142446433,0.0241766769956174,9.645210340632708,1.1555921995594158
2698,0.0186794258649549,0.0111592902819916,0.4073494410488702,0.1098403010127562,0.3619532612027595,0.0145260732900513,0.0701689960259257,0.0239087833205425,7.540578282273089,1.1417129676072226
2699,0.0239160917284752,0.0110363578347438,5.202334892868279,0.1130689282698356,3.0018527269828583,0.0082156732766871,0.0820682610127126,0.0229614135655804,130.05238780585012,1.1307032630524618
2700,0.0149936000323999,0.0101533997984119,0.3806849212973713,0.1176113461183673,0.3530709343377909,0.0378836338028781,0.0584249772498553,0.0221588926161513,2.310833649575879,1.0581974278771915
2701,0.0242712218524718,0.0117750420964081,4.706273746448153,0.1102532811713989,2.668976976361028,0.0075301769675404,0.0849046007722398,0.0243790859483994,109.83158939530692,1.1715291559703125
2702,0.0110396562987439,0.0085320598054702,0.3164248126501999,0.1730435341619817,0.1694613079058594,0.0346123167269293,0.036365499580444,0.0175319484186229,0.974952407368082,0.7330480942408739
2703,0.0487421856841565,0.0106682192193686,0.4042507840090456,0.0086395658622586,0.1021330197492588,0.0253544468590874,0.0215562752383176,0.0115726757556313,0.6697101234422879,0.0095982207844867
2704,0.0244656144663935,0.0112124143723677,6.257519373234881,0.1127055251090953,3.695983364780045,0.0077910278325218,0.0838514199534745,0.0232364325638929,163.053050005797,1.1400531951767134
2705,0.0209218276474882,0.0115658451863453,0.70050495382126,0.1090857221710791,0.3597191683766923,0.0095346841446082,0.0764370501345078,0.0243317615985554,15.883540871134583,1.1694359935255618
2706,0.0247403443686322,0.0113732256365521,5.558721169766326,0.1123745041526331,3.2561475427402304,0.0075066594344288,0.0848646541436308,0.0234778592019803,149.08322938451562,1.148420291086718
2707,0.0193103189937453,0.0112629427819444,0.4428591039241527,0.1096205049823674,0.3611097118807375,0.012531739901973,0.0718659620282646,0.0239677612362537,9.216215326759285,1.152377067528469
2708,0.0126817662711131,0.0096421583135341,0.2512057393324169,0.2233026277355264,0.0272831679844915,0.0165861835162795,0.025203923272691,0.0127873191323106,0.6222910501500788,0.2995526594006484
2709,0.4285596328218234,0.0319916319035937,0.0001285109801656,9.052216272808516e-06,0.1926018754980404,0.0075805194231858,8.587795832962802e-05,4.008261433361373e-05,0.0003682791746336,0.0002148160212945
2710,0.0304213032170278,0.0072562834586883,0.2520668334140049,0.0126098364567006,0.1142627317550561,0.0484011003469474,0.019185205823222,0.0102245433506652,0.5987849887487279,0.0111268021150513
2711,0.0116498917445924,0.0088490337497309,0.3288844628842003,0.1528643093842272,0.2805855929030257,0.0489814689837391,0.041191235801178,0.0186050971636258,1.053839620043748,0.834078519071971
2712,0.507594733351061,0.0181932079276411,6.595015505670628e-05,6.642253563295489e-06,0.1491112483774436,0.0082358181958761,0.0001070067605397,4.754293071754005e-05,0.0003616648554481,0.0002437517285693
2713,0.0227455418420427,0.0117265630810223,1.7522716606707998,0.1093638410010449,0.7503672648023899,0.00825958443012,0.0812034010959302,0.0244825152975521,42.43822372321751,1.1745729967092955
2714,0.0104852837995787,0.0081147714586157,0.2819115904701582,0.2099783807221494,0.0222218925795523,0.0077766926259105,0.0304116557579348,0.0150601586942979,0.7640140827044208,0.5262540329442845
2715,0.0107065279622252,0.0082223222996213,0.2921716829676922,0.1999567995832462,0.0362679373622294,0.0095773726405004,0.0323588050635833,0.0157897972474877,0.8186125376464818,0.6023459921589963
2716,0.010481452914772,0.0081219789098955,0.2863820774017692,0.2057357706639973,0.029117152173561,0.009088637683324,0.0311459680406319,0.0154503523677643,0.7895550093356556,0.555210822952176
2717,0.0230117238243077,0.011731338961366,1.7892006633572153,0.1097369900020431,0.7815151579336725,0.0079234030090075,0.0818308388222833,0.0244625752704104,44.11382153815766,1.1712754716001783
2718,0.0234722434057924,0.0117826001985599,2.333242267902304,0.1097442523087107,1.1241999124436028,0.007709732714087,0.0829282078762425,0.0243761185688926,54.60196404627286,1.180237087628781
2719,0.0122039121925365,0.0091644040813821,0.3474319395923525,0.1372499920718963,0.3297973232284354,0.066285224232534,0.0467021920482033,0.0198112000601653,1.14802769713365,0.914635192381644
2720,0.0247816998663334,0.0115111354409396,5.139820922917801,0.1119103305168579,2.981999593156983,0.0073788327290756,0.0852712065176749,0.023709396581802,136.01083480606897,1.1560016272517029
2721,0.0243551787441437,0.01172149657086,3.862948066573163,0.1106460648567224,2.126929636756467,0.0073999007913713,0.0848080068378755,0.0241432152747788,94.08865285922626,1.1724224841575903
2722,0.011022732522874,0.0085158868818838,0.311276907502592,0.1757565402534,0.1310273403110401,0.0250734877355258,0.0357364119320843,0.0172116599700201,0.9444114389446056,0.7172522576195357
2723,0.0201811477714185,0.0114802395261833,0.5167874568212499,0.1089100294528847,0.3640958678242302,0.010947232386862,0.0745860617704559,0.0243641427461212,12.595979458070252,1.1606957953593455
2724,0.0122486600371466,0.0091846611381025,0.34517946374198,0.135973984696014,0.334746599710687,0.0572034965264018,0.0472638695551739,0.0197967100501402,1.2706657068853355,0.9198610574756602
2725,0.0147134830180918,0.0100249245629783,0.3762731141374867,0.1192299013490641,0.351799445881516,0.0392735815214849,0.0574052777984886,0.021956322028174,2.2119450902873954,1.0437726728726204
2726,0.0158353265870146,0.0104019085814554,0.3867606377490255,0.114820948510267,0.3554694289757147,0.0300011033357823,0.0611246977361746,0.0225983556854639,2.800295999628984,1.0801994568532562
2727,0.4051405152860028,0.0444818003126868,0.0001611084033566,9.285924586253537e-06,0.2284554175850439,0.0074443422070586,7.527247471682274e-05,4.130435438081269e-05,0.0003552436178815,0.0002098167415443
2728,0.0169270752202614,0.0107320026595681,0.3945253738751434,0.1122726653248403,0.3587512527085252,0.0220077341320687,0.064789442205564,0.0232773867066076,4.010657130411858,1.103464086689438
2729,0.4553696937673715,0.0295722286634069,0.0001146916659571,7.894932564765467e-06,0.166940617123227,0.0067062906441691,6.857905959326359e-05,3.4425773228765274e-05,0.0003353974077295,0.000207886765694
2730,0.0165782068369294,0.0106415542796153,0.3935999377285586,0.1129229571770756,0.3583158593843482,0.0245488117475597,0.0636716429335346,0.023117511254395,3.4241981556461862,1.0964067734016314
2731,0.0110125032613375,0.0085320129039894,0.3120781432037165,0.1771998872680368,0.1245854348014147,0.0224849059080177,0.0356008868883187,0.017157445561756,0.942559048633002,0.7194112311263647
2732,0.0199776703613383,0.0114320169503496,0.4607428162876855,0.1091126142892887,0.3633278214088318,0.0110567787021041,0.0739226224646902,0.02423448200712,10.784646858898656,1.1613224301131115
2733,0.0104881500986249,0.0081045649353241,0.2841749152762036,0.2075642315504408,0.0240783053169349,0.0084202779722029,0.0308858403547904,0.0152970458833925,0.7802677912346537,0.5426667395446213
2734,0.0099814504099597,0.0078934172734029,0.2714103297869413,0.2144788358461696,0.0137184563281005,0.0072800223711386,0.0279851946377026,0.0143016551106717,0.7291239301861719,0.4513188146840421
2735,0.0102842177089397,0.0080506827645696,0.2857507154133679,0.2067762837867302,0.0288578528841967,0.0091531104506384,0.0306001200975554,0.0153177223056307,0.7834698583225381,0.5306022691044907
2736,0.4554688567544824,0.0321070548919582,0.0001030542851204,7.402577310166268e-06,0.1645891900513815,0.0064953341051106,7.06991042398126e-05,3.724052396088655e-05,0.0003311372104879,0.0002135315376513
2737,0.0107059933438243,0.0083526327409812,0.3054260356591054,0.1851037102413234,0.1019868312162357,0.0233695908085274,0.0340337823555826,0.0167507532739349,0.9132149008595852,0.664245620098502
2738,0.3852297506840993,0.011340208106211,0.2728401808363692,0.0099122748843533,0.1035877186421936,0.0386695121628662,0.0176049118518372,0.0086942765469871,0.630285156228442,0.0107042304538274
2739,0.0231048419779327,0.0117181644661743,1.8752990461263648,0.1098633057997591,0.8366533669124162,0.0078848462566161,0.0819508731294773,0.0243750729714886,45.93409574072371,1.1719066983926478
2740,0.0237422300827048,0.0117835035548704,2.9191532846188157,0.1099510413897496,1.509561861584474,0.0076465696172265,0.0836552330018561,0.0244387268980837,68.5560831153292,1.1745006187116238
2741,0.0124694836806267,0.0093434498903132,0.3533082100091719,0.1321772682946759,0.3356413398884126,0.0650789722864858,0.0491034644656618,0.0203337926811815,1.2835406546896706,0.9464349436396776
2742,0.0192881360144289,0.0113045576122157,0.5854774172310208,0.1093516276122372,0.3634971484840805,0.0130172414961697,0.0720372547486779,0.0241433720163505,10.206406009773666,1.1518337809219945
2743,0.391323069391735,0.0455041412569362,0.0001841383681357,1.0374771209509923e-05,0.2473089913954284,0.0069042098186677,6.188049195476104e-05,3.290013608787538e-05,0.0003492606667955,0.0001894501128566
2744,0.010720095416286,0.0083692654473774,0.3032437644660726,0.1874204342378309,0.0793323581906214,0.0186295353222734,0.0339848366341587,0.0166727901351922,0.8978364922377936,0.6569848507974847
2745,0.0162656102912368,0.0105580693935074,0.3898544595359187,0.1136368561381766,0.35802800128292,0.0270270565224313,0.0627144717956088,0.022954956428476,3.2753116861036307,1.0936858536478808
2746,0.4369119079046137,0.0317014537073157,0.0001201478092788,8.338261214014661e-06,0.1794680517193231,0.0067528004183697,5.913811906469032e-05,3.462225429771291e-05,0.000341939942246,0.0002054026085249
2747,0.011520300999597,0.0087642744496406,0.32522375268064,0.1560300582617481,0.2499371082226007,0.0465360771273324,0.0398008926755948,0.0182383105335596,1.0309119678036758,0.8085333373340565
2748,0.019873150115464,0.0114345674756597,0.4142788084764758,0.1092113711131996,0.3657897996282823,0.010863434720186,0.0735979023244869,0.0242247429787328,9.344783783370554,1.1569705604131115
2749,0.0102620681900055,0.0080316847043272,0.2800451170829882,0.2088041155374957,0.0249484703658835,0.008240593027248,0.0296378243394571,0.014814232162355,0.7648667818080783,0.5018373720857093
2750,0.0140051478548343,0.0098623427290573,0.3727896086836731,0.120535010295663,0.3413021906504805,0.0547739581086666,0.054968152687274,0.0215531758836027,1.6569010938172073,1.0170994793977648
2751,0.0167380309451667,0.0106760583771404,0.3939324069480377,0.1125831666887681,0.3582678832629599,0.0232752051588323,0.0640879469354289,0.0231059252570181,3.597875935280091,1.1015865888219871
2752,0.0189119956846531,0.0068900067913861,0.2381372542405474,0.0313523132822901,0.0991595803288989,0.0718327833570859,0.0195039802182043,0.0103167813377441,0.5844500508572344,0.0243223031884648
2753,0.0206935283008959,0.0115261777364325,0.7505640982092838,0.1089571106256744,0.3611078690912497,0.0100846505285693,0.0758981424909849,0.0243606321588691,16.123128451656186,1.166682624727071
2754,0.0135002494657358,0.0096744322222085,0.3646138486708032,0.1245196161626517,0.3436171145534277,0.0557683557408637,0.0532216889324383,0.0211906728805099,1.5642039482452852,0.9960027594356912
2755,0.0094728327490341,0.0077223550172618,0.2639890678460339,0.20908461692338,0.0182277088640689,0.0097520534601034,0.0241972852796552,0.0130841866240273,0.6428016102423787,0.3436164401389381
2756,0.0105779339779114,0.0081574215121915,0.2725544604274694,0.2148696628986312,0.0138419403138398,0.0078586360841198,0.0294893690465537,0.0145464502928066,0.7222628182351079,0.4783496212244655
2757,0.485240626009468,0.0199461496081033,8.352828694158677e-05,7.700362233355906e-06,0.1620081683638308,0.0075680009879317,9.284690094932756e-05,3.6357736827506816e-05,0.000374932213282,0.0002180099834361
2758,0.0232974241129667,0.0108349125103594,5.593702828230745,0.1134433053746526,3.245309744394426,0.0091387561995537,0.0801875004971328,0.0227274781898063,132.202939613547,1.1161390313183888
2759,0.0173623168496285,0.0108374709242605,0.3984357230369732,0.1114400384522134,0.3591348623341736,0.0195240343761397,0.066055741520272,0.0233608664699543,4.562291532901002,1.1175491405935054
2760,0.0099099744076197,0.0079527406464614,0.2731553318420964,0.2150314902075762,0.0139101053488367,0.0076703165267975,0.0277635286542159,0.0142458660781134,0.7234006563160886,0.4552201422815095
2761,0.0102027888370465,0.0080039210521355,0.2587117721458593,0.2145061252781649,0.0147694534257438,0.0091316532770474,0.0265087934698202,0.0134982375232305,0.6626309093258768,0.3865051069826059
2762,0.0239973956856318,0.0117155341323596,3.14897876993816,0.1105072291214039,1.6672078598626263,0.0075757981311845,0.0840130773040116,0.0242513378303693,78.82733655742533,1.1684684803279408
2763,0.0235958018432784,0.011755563225102,2.412722571815894,0.1100831306287618,1.1833885411298797,0.0076268102112283,0.0831310112754189,0.0243270139195208,57.7739735802212,1.174997856066834
2764,0.0111728155128057,0.0085818029256399,0.3155863288820231,0.1668522788031913,0.1728568504157135,0.0323915656537294,0.0369459102150349,0.0175231110682258,0.9629864705687472,0.7519258041787423
2765,0.0127171282543353,0.009383375246897,0.3529869039447734,0.1300349519611426,0.3397611460786014,0.0559352246552569,0.0497029705815539,0.0202359785577438,1.3884440074801554,0.9601129431439314
2766,0.461075742580193,0.0245188674116537,9.679273572118214e-05,7.830693579055503e-06,0.1627989462229326,0.00673110372635,8.101818418361706e-05,3.4399150534439345e-05,0.0003669638465166,0.0002104632781415
2767,0.438586132175698,0.0350297145025279,0.0001362106864615,8.28244743567792e-06,0.1955214599228944,0.006182246299222,6.0516909225041104e-05,3.298078502462118e-05,0.0003501090182727,0.0002010913958044
2768,0.011344290178101,0.0086860452056435,0.3238349585073479,0.1620367586078873,0.2342638610423126,0.042315053856964,0.0387821763670727,0.018102431300575,1.021341994030721,0.7906513152684971
2769,0.0117279747742096,0.0088864577049584,0.3360861138772739,0.1492219095847607,0.3141887938257094,0.0693207353447768,0.0430027514933907,0.0191578457931087,1.0996386017063946,0.8538387328349372
2770,0.0238113206455901,0.0109730936989113,5.645522559114956,0.1131132131898337,3.2834753210429946,0.0085141770356765,0.0817373681993225,0.0228942601626747,144.26980803533024,1.1265938220466178
2771,0.0117378701458217,0.0088823400030757,0.3276373461935031,0.1501620822597221,0.2864524827691219,0.0462700949829778,0.0416306994316832,0.0185795115857379,1.0481368291183015,0.8387368919591759
2772,0.022592792771912,0.0072927116899238,0.2884085996992377,0.0392347000659073,0.0955053955472787,0.0517280919520085,0.0199418097307618,0.0107355035741779,0.5811152684020575,0.0368088201011444
2773,0.0102062350685982,0.0078181289941676,0.2486565222737568,0.1929134000362259,0.0765079015621241,0.0129816662054993,0.0254910899911312,0.0129677899237074,0.6323479319400678,0.3378603072727436
2774,0.4380265635368323,0.0350353030159681,0.0001357356378402,8.541334677490616e-06,0.1955079333013639,0.0060325859446456,5.534066144459601e-05,3.1336017203844644e-05,0.0003178985166625,0.0001937805392249
2775,0.0221519259611962,0.0116908842661768,1.2395696590275644,0.1092129783687628,0.4192298655122436,0.0085297225381149,0.0796804699077275,0.0244430354826735,29.06727032208384,1.1745003518150616
2776,0.0118595211311353,0.0086955061643503,0.2540787317008595,0.2060628028648242,0.0450736529915238,0.0145940194845928,0.0265730119493151,0.0129824589024277,0.6276621888156441,0.3199192447557781
2777,0.0154402927284656,0.010306467519841,0.3849132350669737,0.1156507510534348,0.3526237046574342,0.0346187151207105,0.0599267170554242,0.0224713666457313,2.432312462411276,1.0661096455189127
2778,0.0193138637791629,0.0113206384789999,0.486315328402475,0.1091773400281791,0.3640947593830503,0.0126981531354645,0.0721267948855558,0.0241468154460423,9.26270187898842,1.1551348321123658
2779,0.0187513142295772,0.0111866542026927,0.4302995487474758,0.1097613749431582,0.3622413479081577,0.0142699379120286,0.0703962485743357,0.0239441366594165,7.789662618663421,1.14336490697438
2780,0.0106132643739947,0.0082391186388007,0.2957446532503905,0.1950327807258214,0.051046183686589,0.0125708454967177,0.0327453016400132,0.016099974055249,0.8481763176015206,0.6179857749381122
2781,0.01235014467272,0.0092498339223209,0.3494555450528041,0.1348982968994037,0.3320508232695793,0.0649128636301078,0.0476220868157266,0.0200001674158194,1.2036752261953845,0.9301020221436256
2782,0.023944359017575,0.0117167399678733,2.972712576627474,0.1105179497530708,1.5550907550668749,0.0075433272722207,0.0839017643221901,0.0242714844711495,74.651656473579,1.1682764371016798
2783,0.0247246543494988,0.0116824834420213,5.168688420055962,0.1111391791618528,2.989322179653108,0.007331135899221,0.0856145885886613,0.0240667872306182,131.0687217478008,1.165559564108635
2784,0.0190788304777922,0.0112440388489208,0.4504998055807471,0.1095958293114693,0.3615612152514821,0.0133704515317182,0.0713151343779407,0.0240090712445359,8.81155978382906,1.1465909453243115
2785,0.0104939985979306,0.0080864288756458,0.2800815058006778,0.21050531103582,0.0165583112343882,0.0077179562260707,0.030352290594928,0.0150027588050851,0.7746987893647579,0.519308931373527
2786,0.0100509509160719,0.0079700706686798,0.26034456577525,0.2147694248599089,0.0144160735273712,0.0087093270227175,0.0269105669765594,0.0136995311536919,0.685448095484309,0.405705941770297
2787,0.024329931198295,0.0117177395477229,3.643662042443271,0.1108640443445312,1.9955435277480824,0.0073837761346753,0.0847476966827752,0.0241805954333074,92.40687142894174,1.167238206634009
2788,0.0202353601312397,0.0114515132811599,0.5770717313566058,0.1091864572827577,0.3602146086929585,0.0104063091545333,0.0744772563059154,0.024147069204939,11.839278327151376,1.1641787881996628
2789,0.0246170164491834,0.0114357575713056,5.1736355506971865,0.1121669927129279,3.0093182260801865,0.007452307330345,0.084703416156086,0.023621507236633,134.00840770352653,1.149573523748487
2790,0.0111580135869534,0.0085777081219954,0.3156165876928931,0.169019612492931,0.1656911310158608,0.0310526382983486,0.036794143344466,0.0175260758290153,0.9623596066068452,0.7477882675454469
2791,0.0099103271971457,0.0080132595109006,0.4226926800186442,0.2333096490784867,0.0314347534870377,0.0102513429608283,0.0248393902726926,0.0132768928416467,0.6396694439025901,0.3650469449008493
2792,0.0112262389921199,0.0086164026085866,0.3176855110057667,0.1647795772144624,0.2001379843789146,0.0341246412109844,0.037561730762303,0.017700056275363,0.9763492235918764,0.7655080658600959
2793,0.0242087160274886,0.0111336558666792,5.832880426715059,0.1128565854838035,3.417068458487833,0.0079559159707186,0.0830204672167544,0.023115655776859,147.19903058045924,1.135400264272133
2794,0.0239641615615629,0.0109996498917056,5.5795140371749055,0.1131770155126709,3.2487824418839395,0.0084222304465143,0.0821670532246741,0.0229287115981546,145.35098947458283,1.1268269741690762
2795,0.0110986457147655,0.0082894208318248,0.2588724737698437,0.2173834994212902,0.0149719347187175,0.0094879499276964,0.0282031116118084,0.0137101991951671,0.6573595731323394,0.406392004849893
2796,,,,,,,,,,
2797,0.023322005822718,0.0116496015843019,2.5102570569832863,0.110307667956111,1.2505394241305634,0.0078508118260623,0.0822691588572317,0.024229853585821,58.7235528306456,1.1659787199927671
2798,0.0227055785560857,0.0117660074019887,1.607043747556814,0.1092171148410487,0.6540462507635489,0.0082292755863546,0.081158735211973,0.0245001239761843,37.98466920513712,1.179756643438722
2799,0.4471080199522921,0.0347594426894025,0.000121590454686,7.804679666965173e-06,0.1747621093967555,0.0065533976384091,6.0715095490529645e-05,3.913462933280796e-05,0.0003106602775721,0.0002132653585437
2800,0.0237082835295533,0.0117904506097339,2.796704607548069,0.1099544779515706,1.431288145924042,0.0076509503578804,0.0835745518053717,0.0244472389746234,66.81250787882784,1.1745427861632278
2801,0.0226406019876918,0.0117049274829149,1.533704719255582,0.1095353730993974,0.6133894604376184,0.0081864387060563,0.0808731114085972,0.024440665658563,37.2981033735616,1.171599195575706
2802,0.0136302341487628,0.0096551088349318,0.3637430148622047,0.1250350548350118,0.3479529710493271,0.0463207119088193,0.0533822071759808,0.0210232769326544,1.8363454763817568,0.997476598881068
2803,0.0103340995170796,0.0081057759352369,0.2890947864249273,0.2107083935417512,0.026027947454271,0.0090004193909171,0.0307286853140216,0.0154585446947074,0.8108382427520978,0.5355563230374537
2804,0.0131308819600029,0.009447657405313,0.352928362306487,0.1284756540078066,0.3445126450242233,0.0488798136198145,0.0512718609907248,0.0205410638954125,1.6259648768015245,0.9715186214944154
2805,0.0108759917638276,0.0084370015070319,0.3018546853994072,0.1846231517753418,0.075350021613192,0.0156896304174627,0.0343753538779363,0.0166309249216593,0.8806073565297059,0.6641188909248206
2806,0.0093769859544656,0.0076523545331125,0.2615726856667726,0.1956670992376671,0.0167130798459919,0.0088299007674968,0.0224991281525809,0.0124894261425766,0.6165867297880654,0.3095460819980828
2807,0.4587551020908934,0.0207525659105328,0.0001122911516128,8.84757922828832e-06,0.1650961417846658,0.0074765518002455,7.450320806911894e-05,3.283474268550172e-05,0.0003066994672986,0.0001995393983501
2808,0.0111973941284661,0.0095385880370361,0.2795091356650339,0.1023679399063268,0.1452213950368909,0.0972719617247623,0.0192945200730956,0.0114255081867859,0.5701966938766178,0.0609641115509417
2809,0.0181644710351536,0.0110116591967895,0.4018396437695761,0.1106288574701071,0.3596977047667372,0.0162830447204756,0.0685620318576648,0.0236964523159469,6.699146807527858,1.1295988913775814
2810,0.0156474330122435,0.0103470624347061,0.3877616294919886,0.1153925370043632,0.3545560976439804,0.0323253169916407,0.0605110753511599,0.0225391059274759,2.5307472658218386,1.073327253074487
2811,0.0169322634641416,0.0107541762990507,0.3963419607488327,0.112032224720298,0.3598290312422745,0.0222484912103088,0.0647952256651044,0.0232735852310777,3.657223093013642,1.1075082963488083
2812,0.0273292032258853,0.0081745968402936,0.2956672270683042,0.0480978396372119,0.1370237738572914,0.0882702204457138,0.0228519809226543,0.0107612850737743,0.5750576214464013,0.0484814057248266
2813,0.0170087775930906,0.0108426528246023,0.3994661162980818,0.1112566284743408,0.3601967447953629,0.0228994159764296,0.0651835163895568,0.0234013488908047,3.58282551564736,1.113651782076336
2814,0.0101856212860828,0.0087260917490437,0.2990084224409257,0.146136967634532,0.0978912060494163,0.0314692466966476,0.0193777500356699,0.0114223095663484,0.5549967229837518,0.1885274654772112
2815,0.0124238683787635,0.0093139678996541,0.3511867318733663,0.1332876185614663,0.3399051473188805,0.0609931962930804,0.0488811666179234,0.0202744066790213,1.3367735978725317,0.942504265746294
2816,0.0104532376768855,0.0080801184734967,0.2801406879680977,0.2120113713135855,0.0173289175588309,0.0077314911432416,0.0302460480519439,0.0150533365480175,0.7690603320680932,0.5186783537333166
2817,0.529721244107407,0.0133899710312469,5.793572025678632e-05,6.441097986189215e-06,0.1426864017192589,0.0102168578423525,0.0001125267551184,6.536077304020278e-05,0.0004099308522334,0.0002797939042531
2818,0.0115409388415677,0.0087842386879333,0.3258307728828833,0.1556442251254273,0.2557135492741202,0.0456996564401174,0.0399126363443008,0.0182719108055906,1.0375343382325752,0.8134845729547304
2819,0.0111554483628542,0.0085777299489934,0.3179739738915574,0.1675279359035421,0.1808078544955078,0.0342724573802126,0.0370429928640923,0.0176169707553404,0.9860471591154838,0.7570154041671651
2820,,,,,,,,,,
2821,,,,,,,,,,
2822,,,,,,,,,,
2823,,,,,,,,,,
2824,,,,,,,,,,
2825,,,,,,,,,,
2826,,,,,,,,,,
2827,,,,,,,,,,
2828,,,,,,,,,,
2829,,,,,,,,,,
2830,,,,,,,,,,
2831,,,,,,,,,,
2832,,,,,,,,,,
2833,,,,,,,,,,
2834,,,,,,,,,,
2835,,,,,,,,,,
2836,,,,,,,,,,
2837,,,,,,,,,,
2838,,,,,,,,,,
2839,,,,,,,,,,
