tracer_number,CO_max_error,CO_l2_error,C+_max_error,C+_l2_error,O+_max_error,O+_l2_error,O_max_error,O_l2_error,e-_max_error,e-_l2_error
0,0.5595039841581905,0.0318759521393658,3.4100341715326976e-05,1.9354746377199604e-06,0.1235815341364002,0.0092609133139267,0.0001472359147105,6.583054415990768e-05,0.0004133502366236,0.0001749556776084
1,0.0021596061784085,0.000269377577037,7.898047088168472,0.0054922404862427,7.84282144609062,0.0035865998080726,0.005483880527836,0.0003634983683545,2.8690159708783054,0.0053766926662625
2,0.0167540033569291,0.0057325770543811,0.0025581545433268,0.001226327648603,0.2929033806628986,0.0041633199815054,0.0003359363069079,0.0001432474213665,0.0024927423141081,0.0012119834007203
3,0.4962587876971053,0.0256117935191385,0.0419153226880322,0.0058488508095779,0.4045513605806728,0.0282292175691097,0.0001094510904022,3.733409824477976e-05,0.0403326589585629,0.0056848563071053
4,0.2634929553237922,0.0096938090619011,0.193074525062893,0.0090909829703076,0.3679784338583245,0.0407834183225956,0.0106035929907683,0.0028224167368363,0.187393712578763,0.0090384048547315
5,0.1222015154359264,0.0099022469508838,0.0793248064497884,0.0097355974262391,0.7091557455068563,0.0369063952673094,0.0004162258302004,8.017111940176726e-05,0.0720608528916808,0.0095323708058292
6,0.1919692088832373,0.0362600671441344,0.002265334948399,0.0003534766766194,0.4870972330312989,0.0138946277476813,3.396725586066363e-05,7.014415204344757e-06,0.0021893486444312,0.000349910899631
7,0.395984092632899,0.0484887076614362,0.0004130387239225,3.891568735468264e-05,0.2443689564059536,0.009366426379167,5.48646078233749e-05,1.973727404985984e-05,0.0004612468167531,0.0001050154690603
8,0.000721499056326,0.0003522927807027,0.026907922481647,0.0036405455694137,0.011064177866833,0.00294752567056,0.0006069248673742,0.0004155485991931,0.0068024035362209,0.0017543981421063
9,0.3970861376112254,0.0522418055213515,0.0002128554572674,1.0320892527793102e-05,0.2612822622900025,0.0053653669810392,3.8444777493248426e-05,1.987341642239012e-05,0.0003214199363816,9.580426661262538e-05
10,0.4473950980098437,0.0075999105613892,0.1518672159725315,0.0082997302005401,0.2657451686777879,0.0310137726386459,0.0033563037007614,0.0007884300795237,0.1225046751227549,0.0082678980089772
11,0.1672377489038944,0.0232876844535774,0.1204503086607321,0.0095414808870159,0.5638681826959566,0.0275147998724171,0.0004434273692526,0.0001396672137668,0.0981528455159972,0.009254810264253
12,0.0010499844182487,0.0002755613875096,1.3672457699496396,0.0052999466334261,1.3636413744414664,0.0035464673538388,0.0028904051177202,0.0003771947132151,0.6624629273566587,0.0046097437967992
13,0.0037300170594657,0.0034037836688654,0.1526923976477844,0.0130043519127363,0.1113125060584499,0.0214021307420874,0.0025332994387342,0.0018574144056347,0.0944490246097567,0.0110700792012183
14,0.2791959046687057,0.0384950427129679,0.0004065247808444,5.445795766850925e-05,0.3510105651651916,0.0127176974379399,6.828299763506724e-05,1.7156414987735544e-05,0.000381982932642,0.00011831163247
15,0.4852149938773474,0.0609857508294132,0.0064826948712083,0.0010382925068636,0.2928039878579642,0.0129782318252343,0.0001284385924566,2.940359175972194e-05,0.0063283650552169,0.0010114288622817
16,0.3035897894830619,0.0054457784113465,0.062662011092696,0.0105487439009483,0.603541179205234,0.1507191079515867,0.0023398011482536,0.0004608709087733,0.0573038791942461,0.0105039936235825
17,0.4514984837124125,0.02153118934859,0.0002897378715404,6.455314961961771e-05,0.1686124804841401,0.0212181369597943,7.095225315556343e-05,1.8164645461577223e-05,0.0003601584052306,0.0001211747489152
18,0.1633716358307584,0.0198122584300208,0.0045992755573302,0.0009401368852967,0.5269162152842741,0.0238120786461368,6.235528616787227e-05,1.6078335692422184e-05,0.0045386071278482,0.0009125871966007
19,0.1029886856221435,0.0236975772663532,0.0013946856956207,0.0002643528097798,0.3430302655307527,0.0265851288984589,9.322923163406884e-05,1.863926791823501e-05,0.0014175042342628,0.0002745474194583
20,0.3388204052613014,0.0321437417462802,0.0475707555942043,0.0062138661712969,0.5601957252981214,0.0419077366917072,4.306586652523116e-05,2.220925790273656e-05,0.043743902541961,0.0060586537448324
21,0.0008485596117789,0.0005945046019703,0.0533215056246391,0.012073573297673,0.016920670741718,0.0040032645298197,0.0010063111822425,0.000673816927159,0.0156236223971587,0.0030029715087496
22,0.0007296352709551,0.0002755644745956,0.0797434940655996,0.0056332203837579,0.0770951835355749,0.0038612863018101,0.0011411050659046,0.0003632342940012,0.0255618437999734,0.0023488368402074
23,0.1837778843700338,0.0254107865931699,0.0587456307764577,0.0080686810832534,0.6201384016404297,0.0349520749019685,0.0004048459605587,8.685461705103903e-05,0.0530962134033676,0.0077646602252451
24,0.3037163342160585,0.0482772726674954,0.0001484557095684,3.514746647446088e-05,0.3786511677884113,0.011185044733577,0.0001191760475356,2.8940273941251008e-05,0.0003195958544315,0.0001078738739713
25,0.4165228850697976,0.0250257498071099,0.0102828104924139,0.0022586514445408,0.31436557754827,0.0398016791020383,7.028335525876802e-05,1.668969442893831e-05,0.0101031068595789,0.0022135450312371
26,0.5058256106083727,0.0358899841104163,0.0001368741857355,2.364835146022314e-05,0.15175419432686,0.0218202428305572,0.0002320529633473,4.4369057350173074e-05,0.0004845278656203,0.0001384895871594
27,0.4860449560013727,0.0393855689056994,0.0168759794977638,0.0035546154397019,0.3111704828310879,0.0240418944451166,0.0001051379789903,2.015331184997247e-05,0.0165695045392559,0.0034744968317967
28,0.0759942341889081,0.0070570856780445,0.0145013358799444,0.0038116574049169,0.4013089612076463,0.0133430917613365,0.0008714193226151,0.0001842362207546,0.0142739358566463,0.0037234732980119
29,0.0016867482258429,0.000277885068155,6.263393657616463,0.0053376676778368,6.255306267594964,0.003380957159994,0.0043975772185343,0.0003796339106303,2.4045184845567724,0.0042599283758326
30,0.3021616264456498,0.0794876234182893,0.0006596580012836,3.113877363449534e-05,0.5595800024613884,0.0040377623070458,4.8432035574615065e-05,1.6803888731589472e-05,0.0006615507040753,6.5733251149304e-05
31,0.1812409547419604,0.0071180330395886,0.1061843700061027,0.0103393127262611,0.3409960653889201,0.0989727331356051,0.0022040889113178,0.0006194075894074,0.1017055237466302,0.010302305233733
32,0.525685633104488,0.0626390239114967,0.001817404658598,0.0002374628553239,0.2420473760919395,0.0112642512637218,0.0001169133900495,3.310609074103866e-05,0.0016962002090049,0.0002594296428799
33,0.2233940199212533,0.0116484496118196,0.1244507040485714,0.0101658131814178,0.2551609654147724,0.0333494437350816,0.0079730138946027,0.0016862448749951,0.1197235723963469,0.0101152699679498
34,0.5001137832597236,0.0359903123384457,0.0063393758584315,0.0011176771586897,0.2169498292839821,0.0239256514733081,9.48189810536713e-05,2.4226290371546945e-05,0.0062154771345386,0.001100517707561
35,0.1668325055541316,0.0075488204368742,0.2101411625859758,0.0137134390355382,0.1991897218521101,0.1049571798091853,0.0123658776613694,0.0035001266770811,0.1814393417918474,0.013663934638555
36,0.507196953851982,0.0355763318820238,0.0073215761208021,0.0012668647926437,0.2803160207915691,0.0244858752198548,5.5629340666903445e-05,1.0448506219749804e-05,0.0070441898017139,0.0012239847859423
37,0.5417085487296369,0.0368198333275225,0.001120688071468,0.0001549755933498,0.1302155752673351,0.0147129787237397,0.0001931260258968,5.497662163329672e-05,0.0012057908012554,0.0002360138171155
38,0.0007353508894909,0.0002894072250635,0.1441734757333673,0.0057888455691814,0.1415245026054823,0.0043219967597946,0.0011770225517522,0.0003825339942465,0.0452057001148474,0.0026935595767698
39,0.157208506129909,0.0064320640033219,0.0481051203436224,0.0063237323817378,0.6057733630179468,0.0367096234458405,0.0001644134334285,4.044040162326536e-05,0.0439262320487198,0.0062038004502516
40,0.0199212812316348,0.0028447626390312,0.0142960928993509,0.0020078371377228,0.3244980933416172,0.0128358209121131,0.0001559189457869,6.60955646902732e-05,0.0139946605194491,0.0020263837008105
41,0.4288283294741652,0.031167262974476,0.000733116227241,0.0001114142284133,0.1924209872745602,0.0131526218770701,5.920157324020841e-05,1.6540206414059728e-05,0.0006425151888108,0.000140837625425
42,0.4968978395190699,0.0325582400889553,8.5498223254395e-05,5.003861055805174e-06,0.1603456163311114,0.0086229185556191,0.0001056522035594,2.5537406923289277e-05,0.0002354334423796,9.761466898136918e-05
43,0.1649747552691163,0.0215410195756103,0.0403524882346756,0.0056507334065287,0.5262076430048133,0.0128847191743685,0.0002291932464475,7.76895401717858e-05,0.0380935927130696,0.0054731785144465
44,0.1921773305813462,0.0052690625464015,0.0245077035294986,0.00394692559799,0.520309206560729,0.0966036394192085,0.0002299813708019,4.448835766053012e-05,0.0236306342976573,0.0038742089336295
45,0.1671481678358538,0.0106908564111121,0.0334895467101962,0.0057352162497754,0.4636115082978992,0.058289750914222,0.0006025878820673,0.0001241169940773,0.0320703151741515,0.0056117378926204
46,0.5221123714027561,0.1090940790294188,0.0001507082134824,1.6994388589714297e-05,0.1400784104081224,0.0065043481218062,0.0001050710978437,3.3056353269551175e-05,0.0002726148570933,0.0001185114627966
47,0.1696823889396266,0.0532731173809654,0.0209022781486665,0.0025150368021366,0.4514795949073865,0.0143708974599166,4.109754723263653e-05,7.678901737398205e-06,0.0205352334737523,0.002455608229296
48,0.2509590076068475,0.0281153410901228,0.0038497995397811,0.0009403470026701,0.4696466249653018,0.0208875313673306,4.162524403485351e-05,6.579604781836439e-06,0.0037855997818396,0.0009206831946586
49,0.0205004669257875,0.0023493131861522,0.0177202011291724,0.0025394157998998,0.3796009067111361,0.0170819616882958,0.0001433248383391,5.327430833321195e-05,0.0173334964851438,0.0025581520132111
50,0.0018567043022757,0.0002771786904797,5.895015912700185,0.0054739697199034,5.872852279975808,0.0034669297520742,0.0048012037152028,0.000375529403622,2.319650183263062,0.0045082984341048
51,0.1975895038257895,0.0182322708118106,0.1101319953702715,0.0062389207154401,0.5240528300696818,0.0206783149987424,0.0003242995956861,0.0001169880397316,0.1019607692498607,0.0060613119895176
52,0.0796371514435057,0.0063067456170598,0.0488832919236148,0.005385730432256,0.5755249020107527,0.0325810054110967,6.644835913289166e-05,2.3196950930487368e-05,0.0451792146785106,0.0052659788887433
53,0.4773620548480461,0.0611669202399346,0.001445653120059,0.0001645977257815,0.1622543018101783,0.0129924414128843,8.715915460098426e-05,1.993549414303296e-05,0.0014235234648954,0.0001960444290751
54,0.1828126811153911,0.0099086882132851,0.41949788480125,0.008700165868645,0.1575682293737075,0.0303198386534977,0.0126235527811747,0.0031488717396001,0.1548352122322356,0.0086696940219258
55,0.2065835701594679,0.0058725312431446,0.0766322311147765,0.0091189295696206,0.6459496209457934,0.1523924612087101,0.0005796798194347,0.000106390468419,0.0690753458075581,0.0089702239573315
56,0.1711364398739639,0.0313796337318772,0.0011920824032506,0.0002161159546957,0.5097240317107536,0.024142699028826,3.676878847472941e-05,9.970848105480516e-06,0.0011758905622532,0.0002363824168878
57,0.4384907719918227,0.0384683756994684,0.0001297832675542,9.8747174364545e-06,0.1872860801233785,0.0114237112857149,5.953082978517702e-05,1.8268571935060782e-05,0.0002913181653338,9.505686296912164e-05
58,0.4029474237503034,0.0230210151279502,0.0001947743457505,4.44201371018292e-05,0.2470989236740382,0.017245590486507,4.574777897326517e-05,9.783358197085954e-06,0.0002711093448571,8.256818929980279e-05
59,0.2871254114015965,0.015132898939411,0.000780255079885,0.0001301160767489,0.4741646748094009,0.0157371962671039,2.778252807650877e-05,6.819244668978383e-06,0.0007391580797694,0.0001240332105007
60,0.2245456704351325,0.004908231192028,0.1065111618922327,0.0071647710736804,0.2747509199799105,0.0619651184157473,0.0020010884844035,0.0004887018938881,0.1021847590771737,0.0071344095328241
61,0.2382970640121624,0.0117734852608917,0.167287333053874,0.0098284485873977,0.2588146503171565,0.0316397173241538,0.0126814547858622,0.0031411892563274,0.150813973022505,0.0097700330808543
62,0.001609923759163,0.0002699120319224,3.703437257176416,0.0054364091510968,3.695066453135432,0.0034211729070531,0.0042121223384141,0.0003669046522221,1.582623384387562,0.0043752947411546
63,0.3611422774041015,0.0158592500972185,0.0085347272483939,0.0011510598394648,0.303779758056443,0.0241502546027276,6.134096265184565e-05,1.83054175510411e-05,0.0084358520094352,0.0011487407451043
64,0.0016956351977316,0.0002654902943134,3.960946530637352,0.0054530037911507,3.9492104488670328,0.0034228096025587,0.0044139289800288,0.000360895345785,1.6665868748032844,0.0044421590646042
65,0.0037141766229765,0.0035180224279828,0.2316048879486741,0.0192557571080744,0.0959069466746751,0.0213304454963774,0.0027535629179532,0.0020608494770264,0.0651772333954408,0.0156063218690597
66,0.4432178961533544,0.0421679105083234,0.0001174703468804,6.544861252718635e-06,0.1701871471320053,0.0044859050993278,6.745435117786028e-05,1.6276443265602407e-05,0.0002561763244067,8.028773960798332e-05
67,0.5601893972344391,0.0490541177021668,0.0030870734491822,0.0003429280848901,0.1933747005011127,0.0260262487870332,8.129036323890764e-05,1.6405870878583806e-05,0.0030387955935831,0.000353249112811
68,0.1640979452057512,0.0094016803908922,0.0037183704428724,0.0009949668127205,0.4781520192986092,0.0255204834833493,0.000167017379563,2.4085098019476552e-05,0.0037124595115475,0.0009757170878209
69,0.1300345863521304,0.0208154938820271,0.0258964521635946,0.0051164453882884,0.4232388606458906,0.0274264152411525,0.001017328523823,0.0002959676186691,0.0244802081793042,0.0049730276827466
70,0.0007535435123845,0.0001218444480655,0.0294911020960181,0.0037595173808714,0.0172391315162374,0.0022173603911777,0.0006152178766005,0.0001512689339773,0.0092788503128212,0.0015315105946875
71,0.2748885607812011,0.0265132528503632,0.0797875797695624,0.0088667500125032,0.627888873703797,0.0347968868688598,0.0016912928485592,0.0001670265533581,0.0736370377799732,0.0085985194573321
72,0.4004191123955979,0.0280602578158865,0.0007409431349084,0.0001295075530529,0.2241567366766839,0.0169478372143668,5.7366804319880826e-05,1.5133711098125456e-05,0.0008093401064034,0.0001617900681418
73,0.1171145561327404,0.0130456083875214,0.0581487348997891,0.0078990257849861,0.472087482741199,0.0455961322792462,0.0004490717979672,9.39770525782826e-05,0.0537478887376513,0.0076872249025746
74,0.169453072448626,0.0090338863786203,0.2142353225697522,0.0074946312722428,0.3389870162648802,0.0332315259917357,0.0269168826989715,0.0027496090814798,0.1876333453422971,0.0074546915951744
75,0.4970987592059575,0.0788884212909289,0.0002117189535691,2.3190981552692806e-05,0.1507584438808029,0.0083046821802105,0.000108031462332,2.650538895535332e-05,0.0003351248157947,0.0001137110779449
76,0.1100239871992735,0.0234992446548631,0.0096726361604903,0.0019039386871637,0.5091944750284799,0.0281296106007262,0.0001052394548535,1.660567952029531e-05,0.0095226322243069,0.0018637835344077
77,0.4867897408783497,0.0295935654780483,0.0031721224598966,0.0006012149261937,0.187785388360503,0.0287860915095613,0.0001046284771943,2.3153362831618964e-05,0.0029550838975872,0.0005722606272812
78,0.0020249090234564,0.0013579997330432,0.0246003767253014,0.007344040929093,0.0257382501398982,0.0081925255217043,0.0017234591102077,0.0013249220361122,0.0130128914175758,0.0043583604163424
79,0.164486013116674,0.0087146333518158,0.1714113756599358,0.0083831845130964,0.1613392171853586,0.0363602843543669,0.0054641771360107,0.0016572911976212,0.1230510140691146,0.0083568187950393
80,0.5463198789868572,0.0580978309830504,0.0014528748747195,0.0001768258521099,0.1369400775918711,0.0157728891379805,0.0001443153972804,4.313339192074093e-05,0.0014922935675088,0.0002418136461939
81,0.5344635801574809,0.0600671112273946,0.0006023020555507,5.910347905046688e-05,0.1325936137239326,0.0125808818609013,0.0001777863389812,4.843110912791629e-05,0.0006331745329901,0.0001635842163581
82,0.3587657428555417,0.042511917180625,0.0363334984407304,0.0051223950829171,0.4117133041087574,0.0410798848590857,2.99714601467724e-05,9.485380647352298e-06,0.0352598862841264,0.0050121480549987
83,0.1859274444387971,0.0063245570029895,0.2362069442252648,0.0550461768032297,0.1261719586251625,0.0579558067403564,0.0268867583690275,0.0047211597421944,0.1359563477304561,0.0545875170458473
84,0.5655106781423179,0.0467716767333651,0.0008376977062991,0.0001364714362154,0.1463285185402075,0.0198713833777315,0.0001606632412491,4.468664720979672e-05,0.0008695136662364,0.0002081983454007
85,0.2897354422261959,0.0377982146987093,0.0383317025832624,0.0055119357875134,0.5493834870585408,0.0297583092869921,4.902776677170343e-05,2.142622952691564e-05,0.036830501148192,0.0053605520786846
86,0.12350383868364,0.008039457399787,0.1203103418761926,0.0093257655701052,0.2969219309964969,0.0578567820344527,0.0039309453840099,0.0008407762590664,0.1166658701143941,0.0092814346871451
87,0.2556089747415631,0.0297637660827625,0.0047531367700744,0.0007385592945451,0.5246853074526825,0.0230050554893802,6.128978328596916e-05,1.0696598540215164e-05,0.0046424519124598,0.0007009973919134
88,0.0940805686818042,0.0119569023728613,0.0476434385525153,0.0049716507983017,0.3982757880849863,0.0172292369738023,0.0008311993472715,0.0001576886598995,0.0459412814475766,0.0048781512920768
89,0.2860707707207638,0.0072863252726515,0.1317528913871542,0.0402128660882118,0.1494703417726701,0.0638695630863164,0.0250002756030571,0.0040721251159568,0.1092377285382019,0.0400631576141958
90,0.3846548233634121,0.0486917181289984,0.0002046949606802,1.6205567983685917e-05,0.2583265811251571,0.0120859877955589,7.155888566964641e-05,1.7188986919871258e-05,0.0002747398728155,7.394321281882724e-05
91,0.0007519828423638,0.0002287224457267,0.0281256564483671,0.0044258995477178,0.0105789341938827,0.0017463770479309,0.0008376661476047,0.0002904413526408,0.0071905716447642,0.0008807915004885
92,0.2403805520350483,0.0441596346919826,0.0442432681201843,0.0032264256496801,0.6475124830836617,0.0154282441984687,1.143348879620522e-05,2.8755589154523954e-06,0.0434493132887665,0.0031661660166274
93,0.0007183159619097,0.0002809335948631,0.5002765724127409,0.0053907463456496,0.4975693626845672,0.0036900470972192,0.0020304511322772,0.0003817566340668,0.2598842911434947,0.004167102233066
94,0.1847992156135537,0.0087565292683721,0.0277550166895994,0.0048828749777425,0.4928431312333504,0.0824267958569107,0.0003211054665006,6.2369161940177e-05,0.026770203000381,0.0047795295138756
95,0.0382764622367052,0.0072104775930842,0.0038969860532604,0.0013554917800326,0.4043405850546713,0.0084901172151555,0.0011448239517211,0.0001443718861615,0.0039412474107102,0.0013751731264318
96,0.2301093663771963,0.0065090832502139,0.2061929891998527,0.0101188473912668,0.2196957592594983,0.1216671586148611,0.0090899454038905,0.0025742908652653,0.1630792741426829,0.0100797155342825
97,0.2231025403505442,0.0119891275975377,0.029948923548425,0.00454735571493,0.3476253687880662,0.1225716696558913,0.0005354506950771,0.0001310170579823,0.0293022286239873,0.0044860728468744
98,0.4706652650376283,0.0508431184835917,0.0076262645650464,0.001759798310495,0.3502736599607767,0.0239563022886853,4.31550322108693e-05,9.607234611175723e-06,0.0075273265019993,0.0017086687255986
99,0.1809865484566542,0.0098623246323167,0.2131262951968216,0.0135275696094649,0.2489300210782141,0.0865784279251561,0.0209749947687878,0.004154126650592,0.1343949953031893,0.0134575122822322
100,0.4794593780852877,0.0883765169475293,0.0015603219253705,0.000118289533078,0.1860223642447541,0.0113725680057175,7.943788396900221e-05,2.0243040671386177e-05,0.001584462548164,0.0001635478970252
101,0.1446478907759995,0.0069699337482245,0.3677927882623285,0.0578818130924786,0.1602623862009741,0.0770764682808575,0.0270284038582177,0.0039863832074965,0.3152993699779184,0.0576814523421893
102,0.4003520677045039,0.0327419802529841,0.0027703081713159,0.0004334825520097,0.2400513222427667,0.0203856990228364,5.019955608212801e-05,1.0274975559234077e-05,0.0028215462651033,0.0004327358157528
103,0.2436779456683706,0.0119037144092228,0.2427684745364363,0.0197634683214077,0.3539738625983309,0.0955616285985084,0.0262599759940074,0.0047760372802648,0.2221593260891521,0.0196651578619745
104,0.4663607348995468,0.0457421848723469,0.0004333578574145,5.607492601252176e-05,0.1591300714799857,0.0123082245516092,9.205894306245482e-05,2.883132523662424e-05,0.0005201654847611,0.0001167113592436
105,0.2807919026015283,0.0118642394638643,0.2030425817968876,0.0120285348630719,0.4486982463256272,0.0279205279528923,0.0161381244510666,0.0037513233640891,0.1704465117142428,0.0119499594714205
106,0.3610559515942473,0.0071911110440803,0.2521387959840533,0.0105671303609594,0.3070301093939528,0.1619618203754388,0.0110692680304537,0.0030040973652763,0.2406914551559325,0.010530754933026
107,0.0038032083915212,0.0033357189873284,0.2010792610015228,0.0215841172113182,0.0797155272729198,0.0220944267485445,0.0030385033697861,0.0021049749552459,0.1667047497809826,0.0174662001105721
108,0.1387860507773251,0.0200132972075667,0.0050511370841776,0.0009754962751225,0.6039565287972567,0.0218849957901553,0.0001071090681589,2.261391437266985e-05,0.0050728442613435,0.0009574371745022
109,0.3580226881490891,0.0106401517162066,0.3529702266985565,0.0232330517307375,0.1595069112693843,0.0710986180308598,0.0220820688528934,0.0048083366251324,0.2123835508551832,0.0231910270944064
110,0.144991102983135,0.006984812636396,0.1209962687244202,0.0132481105417011,0.137383032809099,0.0655582739461633,0.0110003092306039,0.0037671647774664,0.1062092830684499,0.0132227073694175
111,0.0014931369555811,0.0002589361835513,2.9294154490562714,0.0053648276211959,2.9234191872557163,0.0033724536423972,0.0039355406886949,0.0003533015223556,1.2886031721055575,0.0042461663735992
112,0.1865526036587797,0.0088831853175146,0.211532353736785,0.0085664122834973,0.193742672015918,0.038044555081407,0.0114662119719503,0.0030237019947131,0.1823027299608242,0.0085462007786257
113,0.500219512864102,0.0227020437525408,8.192799741402639e-05,5.47046211812458e-06,0.1566125789541973,0.0108524206155703,0.0001032119473886,2.395982760162565e-05,0.0003101510516947,9.832382321384662e-05
114,0.0008366092303633,0.0005976230212212,0.0274539729666923,0.0047191666772593,0.0216665289319087,0.0050310526613689,0.0009543638140421,0.0006794505728736,0.0137582569562609,0.0030126270629989
115,0.4154031867905308,0.0399822619696066,0.0013887893155771,0.0001808438520115,0.2261164971605868,0.0225485824019511,4.283843849727437e-05,1.0024493083776794e-05,0.0014052362150338,0.0002071354331396
116,0.1430081827945588,0.0370260917783668,0.0133920209447351,0.0024644590416009,0.584560667441004,0.0151310943475312,1.4631499552076793e-05,4.226224638558439e-06,0.0131333546556562,0.002400116871479
117,0.1329969383023644,0.0064503516766816,0.1590639491520956,0.0210075634393215,0.1065707818180798,0.0463259913991516,0.0136094701881152,0.0035111039283224,0.1200001234677461,0.020965433327224
118,0.1583986130074865,0.0172849149523713,0.0417574078790778,0.0056409760229305,0.5163469964164081,0.025936854591415,0.0003241614242789,6.666806455839457e-05,0.0398907257203223,0.0054944664730073
119,0.0863407865444575,0.0159101476971822,0.033269786854908,0.0062523660089191,0.543336938321006,0.0565776360507175,8.607035751533637e-05,4.5385864687436426e-05,0.0317820446267494,0.0061001561709063
120,0.226995107195694,0.0087329253681871,0.2478260690045705,0.0108299011815912,0.1521774052944872,0.0557638376975379,0.0123309357946808,0.0032778448989884,0.1832383649494941,0.0107842314054413
121,0.2393323343011595,0.0060120148735404,0.1425151138270915,0.0126444072614001,0.1626258524382274,0.0451517659854521,0.0126036267620978,0.0026729175879812,0.1344400655401165,0.0125802506132356
122,0.5394931795560163,0.0338984632026706,4.648345295469941e-05,2.777617275591508e-06,0.1367367583298439,0.0087606351400176,0.0001155556281579,4.720699907193483e-05,0.0003404588471569,0.0001483482108289
123,0.5061011861752919,0.0572636023915004,0.0004473824219737,4.895052568310018e-05,0.1484367225697686,0.0143786518725746,0.0001087700190294,3.1595490879463005e-05,0.0005139826165438,0.0001369666632481
124,0.0019531819883358,0.0014493929402935,0.0240577975372326,0.0069781319022555,0.0253604542720568,0.007806264831904,0.0017515123262463,0.0013070932178999,0.0106463539106018,0.003839665961791
125,0.5328892905759206,0.0719112292207753,0.0021714300340227,0.00018470715493,0.1868144793571315,0.0157827114221077,0.0001091670956119,3.875572727741013e-05,0.0021896087555823,0.0002343639874086
126,0.0669925497562193,0.0090543010223706,0.0737440769210885,0.0066786015535955,0.3694906450634238,0.0249173878593084,0.0015263021619773,0.0001828046846746,0.0700695745587065,0.0065679551871809
127,0.0017650206951516,0.0002648817878095,3.7874550014383495,0.0054961782824798,3.772505499515341,0.0035140697248887,0.0045601340760912,0.0003584114302934,1.6108688899656138,0.0045633117220824
128,0.3272678064988737,0.0092633891037989,0.17650301009989,0.0163605675781663,0.1916798393394943,0.106380227910624,0.0122570212161928,0.0040986194180731,0.1690662893953022,0.01629851720019
129,0.1788526786592445,0.0108520548731643,0.2323949206427202,0.0099249770908436,0.3939766351571543,0.0268521853595055,0.015810014951493,0.0035431477316481,0.1347495468397503,0.0098676899890312
130,0.0032123717064783,0.0029762806058638,0.0995659354625504,0.013352910199128,0.0962531996249922,0.0240911392538481,0.0027152797403836,0.00197208769615,0.0350064148676305,0.010394271555254
131,0.0007297239173874,0.0002797848449364,0.2950087758856963,0.0055561129485779,0.2927036855481052,0.0040069641689368,0.0015249187953675,0.0003747776235212,0.1341325230377534,0.0037825729935609
132,0.0478734722044019,0.0042293046667607,0.0062707879394276,0.0010840316506543,0.2673220570953052,0.0068006454292094,0.0010132766353951,0.0001064969915773,0.0061880248239477,0.001090907685512
133,0.2189725505814918,0.0105593218730173,0.1298088450029738,0.0215580143146921,0.2225758468800205,0.1144184558319351,0.025349696066973,0.0050097923835515,0.1201324348012883,0.0214865362460845
134,0.1969432772896414,0.0082660834847922,0.1734858665951255,0.0125330000675053,0.1581833660135577,0.0729337936019262,0.0143994773533591,0.0031707693107378,0.1634923628221049,0.0124673470338522
135,0.2675503216400648,0.0078061815215931,0.2488612560271733,0.0232342716278831,0.1259681887341491,0.0613328161059643,0.0123952499963918,0.0035987725350883,0.1286980499047151,0.0231959591618256
136,0.0148626614965255,0.0070371668584498,0.025362326139557,0.0051152056392012,0.3629564077336535,0.0137412299536986,0.0005777952849379,0.0001196841398365,0.0244359292448642,0.0050282263205326
137,0.0043449097546866,0.0029418655940853,0.3055760808702915,0.1058774541073737,0.1232914867983907,0.0334232583711245,0.0043862570174991,0.0020072324056638,0.268852659515318,0.0835685114281689
138,0.1684718984877845,0.0341919532985468,0.0003819773319744,6.53098551720531e-05,0.5365770874312683,0.0116314975776443,2.287303545243852e-05,7.769446400036991e-06,0.0004518807377003,0.0001060235665585
139,0.3784657740371916,0.0622746685485213,0.0035461439156178,0.0004304587794489,0.2642856786069431,0.0158911040167309,2.6422519827359772e-05,6.397669167537128e-06,0.0034747319407519,0.0004300810672113
140,0.0862744594590071,0.0058137450907729,0.1641065703554399,0.0689649066607961,0.128131925022252,0.0573925802859395,0.0337476294077425,0.0034538541819571,0.1631894039634299,0.0683690317705774
141,0.0815843558986894,0.0134940519087717,0.0204434223218566,0.0044888473482855,0.5233185267946245,0.0349852518245567,7.566791538072546e-05,2.4346822267586536e-05,0.019881308268662,0.0043845450541642
142,0.4126539226668129,0.1127835483862432,0.0002986475619901,3.4491006740309536e-05,0.2204482579669991,0.0085279479437696,5.735728383130967e-05,2.000517059820668e-05,0.0003646982841918,0.0001075986750494
143,0.2301005700188303,0.0125550465886203,0.201933407874071,0.0114469155272709,0.3315920768970068,0.0246537207217749,0.0277260325051235,0.0042795358194739,0.1590064259823108,0.0113794173259723
144,0.1788474005857089,0.0087439412379228,0.2677531795569506,0.1465347478395268,0.2322818064544527,0.1089903466065586,0.0564848116980577,0.0049294215018753,0.249825604056597,0.1454469111620924
145,0.4507501053302487,0.0340818692491749,0.0003091339605662,3.633737792390869e-05,0.1677867049732792,0.0234540112668416,7.706101191496374e-05,1.8251599293766737e-05,0.0004261508027484,0.0001114184971428
146,0.4815695636231816,0.0463420801126531,9.635577956324152e-05,5.141361918990044e-06,0.1628771315632945,0.0035931158503644,9.309140432241595e-05,1.7016476338790583e-05,0.0002145431007917,7.381664815795384e-05
147,0.2051429885464727,0.0088788551951219,0.1652871973661202,0.0085245968399467,0.2516329859752214,0.0278465104135921,0.0106744908841569,0.0030169067093247,0.1130224421632891,0.0084676476991686
148,0.1766381604040683,0.0082119501921905,0.3789645601028164,0.0087870157464066,0.2418008373865719,0.056367500071326,0.0070944884077765,0.0027127234833006,0.3555621976007636,0.0087612847692241
149,0.0015967728520494,0.0011664488969446,0.0235692693117791,0.0063733577206897,0.0241106911961952,0.0067677827555935,0.0015128335744579,0.0011517063197901,0.0115782159170514,0.0036068695044952
150,0.456997295431499,0.0655800344854529,0.0019823587573019,0.0003073007408858,0.2553334489681828,0.0196742884659632,5.674455881083737e-05,1.1964780845408932e-05,0.0020005095186286,0.0003176856511297
151,0.5962432580185867,0.0097641045021181,0.2202886708165132,0.007913722087913,0.3071432744026292,0.0307615585809639,0.0142493508376292,0.0029596637564134,0.2164719619858838,0.007886961087578
152,0.0007536871156775,0.000213535506763,0.0291410954163774,0.0044874805001044,0.0157949890215256,0.0019066689105341,0.0008383872587928,0.0002702102713085,0.0074289246138668,0.0008972771324385
153,0.0460073747560683,0.0044128098484673,0.2112752447632515,0.0267450303529826,0.0877155389081947,0.0345976872875483,0.0137147661802834,0.0025190531632003,0.174832387378517,0.0266051216042105
154,0.2019493397173365,0.0089675651806074,0.1745419791061413,0.0079905709914415,0.3100056869980918,0.0267550292484875,0.0128779673663363,0.0031851106995538,0.1676022396900901,0.0079666349230398
155,0.0274081807750191,0.0040723994501045,0.2630493659675864,0.1739879802308502,0.0951656758251509,0.040367886454621,0.0192851398010709,0.0025009777848996,0.2592619857615396,0.1668531975206733
156,0.524250856706451,0.0267154510261814,0.0047847441439127,0.0010763173390058,0.2441245151376213,0.0208998722645257,0.0001717499373184,4.417069083332978e-05,0.0047559692608549,0.001060854134038
157,0.0014484175895912,0.0002675112112592,3.4601544592784377,0.005347764566183,3.4535240659879407,0.003396950859392,0.0038277496382008,0.0003679919665319,1.4799276607002791,0.0042812306665684
158,0.2418290430935294,0.0082394925225667,0.1867542210684064,0.0156810689220319,0.1901550938688568,0.0945854245514647,0.0193345627693478,0.0036407359646315,0.1788452884874265,0.0156365290392758
159,0.0906959074308198,0.0106733273572469,0.0105337206401827,0.0021352309656599,0.4163688659575542,0.0412937192532104,0.0002054372191887,6.69205356403344e-05,0.0104073069685793,0.0021052353708248
160,0.0039722827347806,0.0035945724397945,0.0990583072093226,0.0192339249133897,0.0856539245895104,0.0247083273350037,0.0028907321503222,0.0021112768270696,0.0776899987884795,0.0165524699553581
161,0.1338742961217134,0.0070618230280298,0.1935577290014052,0.0151458117495386,0.1191264010459808,0.0431625639602429,0.0124685856918943,0.0037719680203104,0.1215874735732623,0.0151052543321682
162,0.4447349071355888,0.0323592573358514,0.0001273951409595,9.828767078555544e-06,0.1787417740216605,0.0115622781834591,6.438298712254617e-05,2.0241492202712214e-05,0.0002327733207507,7.694326570867117e-05
163,0.023653692434999,0.0044368172101321,0.266834641976222,0.0809684951952723,0.1253163191362326,0.0583537397320689,0.0146079389970138,0.0025751138952623,0.1792722709751763,0.080108815736741
164,0.0806144663739061,0.0065385918030155,0.1251390386683034,0.0100242189222476,0.1445637316346511,0.048864978061032,0.0113036726546509,0.0029194781151522,0.1222334279085001,0.0099761127978927
165,0.2260393973280413,0.0093489921138528,0.2153703018027611,0.0092443227993726,0.2905312901561342,0.0299191785021442,0.0108986015459803,0.0030925849402554,0.1534503812410344,0.0091998437678197
166,0.5132610737320135,0.0393055190293325,7.157172775916921e-05,3.8863402390540444e-06,0.1493722163124522,0.0047990746256862,0.0001106800672619,2.29076107197071e-05,0.000225104535944,8.975073264675144e-05
167,0.3797352671228295,0.0102525367708672,0.2562618919186789,0.0121455441268565,0.5088742853236058,0.0366485729265205,0.0115161931931477,0.0031190216229,0.2071477437228021,0.0120729167393403
168,0.3654025141364265,0.0083514856809995,0.1115548898251149,0.0464341215100877,0.1718707292042361,0.072267246314127,0.0250101960121311,0.0040806233659011,0.1022874539849958,0.0462199618149289
169,0.1570649699310559,0.0084117467934465,0.1614837144609007,0.0136909304141051,0.1906509313351306,0.0711189610520134,0.0145498227510318,0.0037915521358666,0.1554734125498091,0.0136607607261098
170,0.3612253278339312,0.008384479364204,0.2928462394132179,0.0123039854010002,0.1820672127904966,0.0499273582362204,0.0159280047247618,0.0031783436190081,0.1659186016121062,0.0122362122075884
171,0.191372453534342,0.0216854952940506,0.0015825062414539,0.0003329837303391,0.4635544327778716,0.0099587209225471,0.0002291274024386,3.191848108903274e-05,0.0014919665606102,0.000313497331635
172,0.2234019111736944,0.0099137525548449,0.146391195685326,0.0204253852429697,0.1546006146443488,0.0681680501343204,0.0235674979792193,0.0043447050949517,0.141346135591192,0.0203591702613769
173,0.2064938090164035,0.0284497783612118,0.0004340108459005,7.511099633140595e-05,0.5298713571261284,0.0138075222777753,1.9448494342761456e-05,4.561946592176567e-06,0.0004844028842593,0.0001310257461628
174,0.1297127199576558,0.031539809731726,0.0025480948364545,0.0007310820217306,0.5011986039266144,0.0260692456929121,0.0002289614412637,3.9998939452439024e-05,0.0024766594911739,0.0007048398810005
175,0.3756612025846465,0.0071738594900805,0.1788981980389318,0.0203208912310413,0.1309176713940008,0.06190084105962,0.0160881128914424,0.0038738367215857,0.1713774750924317,0.0202771906937086
176,0.003161894560061,0.0029118410542833,0.172139343399563,0.0390773188612713,0.0627816337202507,0.0304908459495941,0.0029773350745999,0.0018937372362497,0.118517349826921,0.0236310839590153
177,0.531517690931506,0.0294353262295993,5.374040799788126e-05,4.721475246639374e-06,0.1419416139205463,0.0137679338301447,0.0001485577063737,4.4479391581813e-05,0.0003874276083549,0.0001358130345769
178,0.2600381100028504,0.0082329166888296,0.269679102835585,0.0084792386334297,0.1561409469467444,0.035656765645502,0.0128685044770609,0.0030205120066078,0.1481634795627643,0.0084432371218439
179,0.392847607732161,0.0129330688231255,0.2095650174428132,0.0455484566977558,0.1499487374335902,0.0892760630839498,0.0274128129706694,0.0069886939830709,0.2055148998550776,0.0454797474688646
180,0.6331995375718056,0.0082762420802862,0.1695319763109261,0.0231516742341194,0.2388223789548081,0.1343912693887065,0.0184457531024452,0.0041345113644392,0.1648185012791332,0.0231150781669642
181,0.0024989902621726,0.0018700328615947,0.0295018018587481,0.008481348339643,0.030402397304475,0.0095320060086891,0.00219852692958,0.0016033196582324,0.0121741468483634,0.0044672052007873
182,0.3292247103381204,0.0402668082130956,0.0003777813924822,6.264297263322932e-05,0.5423119346624654,0.009543870460599,4.003049058017471e-05,1.1392621791636204e-05,0.0004466432577448,0.0001025121976448
183,0.1655812490213153,0.0106739861663422,0.1643868016273223,0.0094856591274735,0.3255245625433183,0.0317510267861233,0.0139984800412465,0.0035469317777004,0.1443005772785056,0.0094351575721189
184,0.3931730010921604,0.0342667385237589,0.0002252413482669,1.1396878862366028e-05,0.2590027988576628,0.0062052994263423,5.083097922235792e-05,1.3382179737066598e-05,0.0002942378303181,6.967470862917979e-05
185,0.4575911230099652,0.0077292628590878,0.117853504553535,0.0121152738956708,0.2283239138690524,0.1297718075493323,0.012115733167002,0.0031931052880576,0.1122846058229407,0.0120704457193672
186,0.166403279423578,0.0092663765241794,0.143379260257183,0.0131714622281721,0.1736315730011584,0.0944644904811134,0.0129465378715698,0.0036516226630812,0.134563218660383,0.013119604326038
187,0.542344290952208,0.0318083505016682,0.0003157798668686,4.772048325785496e-05,0.1280884636048666,0.012800243694391,0.0001407016044632,5.083055527220099e-05,0.0003861316795133,0.000173446102176
188,0.0016847827036949,0.0011260582408858,0.0252796772184701,0.0052330201102091,0.0202527667766354,0.0058604268355232,0.0015013904997933,0.0011587619678431,0.0104873416131534,0.003083364687938
189,0.0019397009438112,0.0002721699837345,6.108412570114421,0.0054749050461317,6.078736585602244,0.0035049541566143,0.0049910648830246,0.0003682142845167,2.3668355740277467,0.0045881132958142
190,0.0720964369350194,0.0083192022539965,0.0151041335414163,0.0026069699140882,0.3191458899401638,0.0123564926298264,0.0007008728531183,0.0002067617104055,0.0144980100023259,0.0025761286871784
191,0.1768102641408524,0.0167654260181927,0.2637341935871107,0.0119340738518339,0.1946844744026911,0.0327507885636288,0.0260435796297039,0.0051134219243732,0.2608065772673668,0.0118793250544672
192,0.5357473994242008,0.0845824245480926,0.0001606256427458,1.787350375220488e-05,0.1391052693677647,0.0094140149576511,0.0001071416031828,4.009682686884277e-05,0.0002871476110385,0.0001408214232249
193,0.1488231841458852,0.0085071030312527,0.2077469347979527,0.0099241875538706,0.2013820941302848,0.0678712231138907,0.0123178477355094,0.0034030941531368,0.171885101151386,0.0098840045585724
194,0.3361432685866928,0.009014530904791,0.2956593263944108,0.0104817894164165,0.2481290750296723,0.039578045259155,0.0130223850355992,0.0032203013148144,0.1804018107853343,0.0104358922945182
195,0.0968731666328457,0.0115924337312494,0.0021291787156168,0.0003752131494133,0.3985634740982985,0.0155297439744634,8.526361125396635e-05,2.000345879283293e-05,0.0020246239368052,0.0003580709738134
196,0.1455139363670231,0.0231437570673584,0.0061005298306239,0.0007575512085577,0.5875289569844118,0.0180811169233131,1.297797154736025e-05,3.4552782325956264e-06,0.0060168633514022,0.0007438922306629
197,0.0012830308117023,0.0008608711633808,0.0245146742537359,0.0043239372846539,0.0174936887292443,0.0044971465122453,0.0012315393259984,0.000910538331328,0.008688211809855,0.0022930885714383
198,0.293470240854338,0.0437175347359955,0.01247733060921,0.0023045433258372,0.5819875019865168,0.0194275690897698,2.0547096954967924e-05,4.58946729387825e-06,0.0121269145919902,0.0022376000818266
199,0.2444209700500273,0.0088963695718625,0.19965594008609,0.015693573597019,0.2612579032045803,0.1426052704092341,0.0187169069299247,0.0042157204671335,0.1828299310852342,0.0156646165048372
200,0.2540501448961844,0.0106046729626286,0.2341831789172255,0.0094420079636116,0.2576536761079139,0.024409651596955,0.0152992427776316,0.0035654627702464,0.2106787010191826,0.0094002360856293
201,0.0294227022648113,0.0033628421824426,0.0029854616788165,0.0010917534587918,0.4270717546256827,0.0052665383223389,0.0003442481236075,7.844821870516561e-05,0.0029687294783278,0.0010952388291443
202,0.4917815395056285,0.0544680940883553,0.0004631896815071,5.302439613986633e-05,0.1669426115339096,0.0094759147801579,7.698028724762949e-05,1.916034381320505e-05,0.0004574571359198,0.000117208862836
203,0.2805428220273901,0.0097495169111424,0.3147245128721787,0.0111210772909335,0.1925977314943499,0.0311885674348877,0.013003548093703,0.0033990420059414,0.1588165748418771,0.011075214941035
204,0.2145096208265874,0.0098959051590457,0.2801252480741922,0.0086655361154841,0.1867730448460597,0.0339254917954719,0.013981079325137,0.0032882656690184,0.2375056264035522,0.0086355996782107
205,0.0035064428247797,0.0031579116554461,0.1206897738349355,0.0154045790160684,0.09036512872236,0.0249320467845783,0.0027371568603433,0.0019770733174844,0.0525094027225377,0.0127676206921147
206,0.2823756314109389,0.0092253475437929,0.2700310202740832,0.0083701358701047,0.2151087701476415,0.029818673744633,0.0097621136812161,0.0029902747400941,0.2490714272011056,0.0083379541130573
207,0.432971987938055,0.0235563496332541,0.0001290604614573,7.9202902408956e-06,0.1849105281659863,0.0077561376010513,5.105403293806124e-05,1.175615559949608e-05,0.0002934917773155,8.153726613728296e-05
208,0.0030719605554339,0.0028000120211274,0.0881412029471259,0.0197483098276222,0.0493279558053193,0.01766157769647,0.0028683380589855,0.0020826004080907,0.0540307519680598,0.0111481902050151
209,0.4733663586487173,0.0614028214401858,0.0002848901909867,3.107865507272785e-05,0.1615274739330818,0.0123585366236467,8.806690068164127e-05,2.270670916651148e-05,0.0004276926653891,0.0001081596796088
210,0.2013267532342643,0.0088565151072962,0.3781735921981273,0.0093750948303636,0.17748388158748,0.0770405202103735,0.0125866636072237,0.0034468510273783,0.3501669465020419,0.0093573921048019
211,0.2567350078708096,0.0081156027058808,0.2014081310117872,0.0102306055717483,0.2825932479366513,0.0400429741177124,0.0139465927527886,0.003128050370577,0.1894753033105737,0.0101794692532092
212,0.44541569652864,0.0799230430553835,0.0002672199906675,2.8753779059576294e-05,0.1673148091888143,0.0067040497938938,7.33427726182458e-05,1.957698765597504e-05,0.0003481205446485,9.773629841946714e-05
213,0.1834558362183598,0.0111269767772665,0.0259924132369728,0.0016512845549961,0.350057845685574,0.014269211559243,0.0056670742575818,0.0003165610526259,0.0255233330650315,0.0016534143843992
214,0.0011607940243284,0.0002849285049052,1.6193766898072637,0.0052919340344611,1.6160177095943973,0.0034900256200848,0.0031548958932007,0.0003899281428167,0.7637595705325128,0.0043920386020392
215,0.1452789309872966,0.0070144872225199,0.2267442924131358,0.0107914538248822,0.1697414535546099,0.0885978467020204,0.0098147309832856,0.0031572462174278,0.1163911827416258,0.0107612508104095
216,0.2379827905090312,0.0087499490466497,0.2754487593854673,0.0112538372735022,0.1859063425326873,0.0506826058596591,0.0131307261223985,0.0033576228212502,0.2331774332119029,0.0111971083556353
217,0.4269268416656078,0.0078089318867905,0.2474393343246091,0.0238682492280888,0.1631876191761957,0.0781797645033271,0.0247668986738876,0.0043585933189785,0.2359319150186687,0.02385295514579
218,0.0024149787310725,0.0020233419689524,0.0402129120488555,0.011920273413308,0.0353142513760258,0.0134020316301196,0.002181577281913,0.0014873369753364,0.0167839844086166,0.0062676107201986
219,0.4610848982904605,0.0424413463414538,0.000239574938795,3.498626883620101e-05,0.2274182293068602,0.0095043500595873,5.697781923070391e-05,1.970269105033642e-05,0.0003043910590108,0.000109449915834
220,0.5576584049808353,0.0090472254730095,0.234344067238259,0.009277650883661,0.2621195686730846,0.0329125562011451,0.0114687791514208,0.0029419395732576,0.1526740739450204,0.0092349874499761
221,0.5015631836344652,0.0268820517298612,8.187081249028646e-05,4.629931523702428e-06,0.158465437427165,0.0085564727399356,0.0001087962056618,2.6569492817112466e-05,0.0002342099448879,9.459534615235617e-05
222,0.0018866843188195,0.0014931565042515,0.0262041632103874,0.0072882693803795,0.0285401320541047,0.0069082461062874,0.0017443881673848,0.0013077610452362,0.0120948823233268,0.0038730755130881
223,0.4189632852508448,0.0755442168383549,0.0005508222641156,8.278790626201138e-05,0.2119891309534927,0.0088626386931191,5.224674428603664e-05,1.406124363093538e-05,0.0005642408944498,0.0001192965235832
224,0.4496576738152659,0.0335765932466234,0.000388938278341,4.636725253565702e-05,0.1687052935605494,0.0118534016445004,7.463173036522189e-05,1.866388050100824e-05,0.0004098957692523,0.0001167648391239
225,0.4032344888332683,0.0066937216772843,0.1879329613807195,0.0135359840779654,0.1330660195181737,0.0576791878579464,0.0112890784228283,0.0034205661500525,0.1756143371538446,0.0135307452476571
226,0.0127563223694031,0.0031827709354952,0.2027268065198689,0.0547353626315354,0.0721212215522044,0.0311819720698395,0.0095346480505199,0.0020777608329719,0.1647483944529018,0.0532255835044418
227,0.2736483617144923,0.0104729172737434,0.2236665051730271,0.0083695686330444,0.3011793809019842,0.0276659640205713,0.0120235478793077,0.0031194253880397,0.2149201678790693,0.0083402334000994
228,0.377477283492572,0.0067925854278323,0.1565471796106524,0.0214157899371335,0.1501298257107202,0.0595061751240414,0.0111059035686124,0.0042756279807414,0.1188231512081767,0.0213471715518689
229,0.2367594505579484,0.0079018697337595,0.1804252716561313,0.0166051784508587,0.1334996267642562,0.0598201495986071,0.0147337961659478,0.0040188597747316,0.1644467990643067,0.0165676165231926
230,0.2212759843055475,0.0091338182890644,0.2225619743724903,0.0087512001856468,0.2083569176729943,0.0329556159921879,0.0141892041990963,0.0034306175631439,0.1573446260642768,0.0087248122177174
231,0.3704012998105904,0.0091910756860071,0.1227950434065018,0.0173802450827863,0.240850768217902,0.1391416012853327,0.0139637987657769,0.0039925272178304,0.0902954781060402,0.0173096537144039
232,0.519452772641717,0.0551799872454208,0.0005934949079619,7.422635412401618e-05,0.1415538924732758,0.0086329357645261,0.0001062833686394,3.593556134829248e-05,0.00056610794372,0.0001491194867848
233,0.2135615484234818,0.0077962500982514,0.2269979997747259,0.0119598799078596,0.1813388304177892,0.0954447832296849,0.0112368410464464,0.0031077605216162,0.1616053362342943,0.0119163062018346
234,0.1429085051436578,0.0067960378463417,0.4219649552823595,0.0416986482432906,0.1909966081478301,0.072399451747994,0.0263703934081043,0.004995648706328,0.3116230471312414,0.0415844632024144
235,0.0198680290607272,0.00341086317826,0.0042181121767639,0.0011966932547957,0.3450346624620413,0.0067367987488351,0.0004160476604717,7.545332057117549e-05,0.0043561287489091,0.0012123390331462
236,0.2757803978700446,0.0087423185710229,0.2446453164185604,0.0110698927903838,0.2247496608434647,0.0392686946902653,0.0156192141861802,0.003434665398731,0.1397062208045535,0.0110231254866136
237,0.4340488662379088,0.0792884355155151,0.0001733142715166,2.6045050200937715e-05,0.181860919130622,0.0090907528610785,8.199737465777889e-05,2.7428832020773214e-05,0.0002915734584333,0.0001191751835117
238,0.0023652635450324,0.0019179163419114,0.0560176809131163,0.0106066158494897,0.0360186250669048,0.0125290561900073,0.0022988266920678,0.0016198300423645,0.0193687042871575,0.0058451080027771
239,0.2245132070069189,0.0086942678366044,0.2185441286851191,0.0144501459879508,0.1856532570355501,0.0953818770729721,0.0170794194492442,0.0037101988692898,0.1388506024350208,0.0143930632586916
240,0.2222648234228591,0.0234531472977232,0.0020299087590609,0.0005000634673074,0.422859666905416,0.0120973833823425,0.0001024227430509,2.404412193850386e-05,0.0020108137415231,0.0004862235918299
241,0.0089320975454516,0.0020693302450163,0.3390148226898749,0.1113717446645503,0.1983913655119852,0.0741424369694681,0.012518045475317,0.0019287220066419,0.3121780158505641,0.1086694355783685
242,0.083246092496984,0.0109327899786569,0.0025697277142197,0.0010037896731989,0.4346754174891329,0.0127070629282521,0.0006222346685325,0.0001650388236516,0.0026533788091973,0.0010481911725379
243,0.5050262546167532,0.0416741812812536,6.944801971967434e-05,4.036876044696579e-06,0.1471566929882529,0.004166690008347,0.0001068731342364,2.188270675847298e-05,0.0002124825383721,8.769216929070881e-05
244,0.4017711568502786,0.0096700706306355,0.1870895294067242,0.0108396286952654,0.2221634279156406,0.0428865345929377,0.0163087139867951,0.0039162564693104,0.137793108370639,0.010806790961834
245,0.2067298709639654,0.0090956969766995,0.2410602979380865,0.0092462127242874,0.2360687460586089,0.0325238074991647,0.0121296770123733,0.0030747990431756,0.1584781415632645,0.0092006976062912
246,0.316884051358643,0.0104941543582783,0.2289601527227847,0.011916693106934,0.2791722163416901,0.0468836473553986,0.0143419543045748,0.0037441262273411,0.1977148239741499,0.0118615367325293
247,0.5438535122577479,0.0329616723086288,4.9928703270442296e-05,2.858066615310322e-06,0.1394732337345203,0.0107687342353745,0.0001166735197501,4.504586734711327e-05,0.000374972658991,0.0001482627259113
248,0.4287141618867786,0.0103060215060784,0.2263928354822111,0.0658630011488996,0.1735455310585564,0.0813778285242525,0.0337951345161109,0.0061954155637857,0.219117203388516,0.0656192892938131
249,0.2000337804273982,0.0067856601283028,0.3418131802688021,0.0119007855706027,0.1710050312716578,0.0808739619730317,0.0095253247198055,0.0034003652538,0.3060127868236557,0.0118770186559827
250,0.362364188891672,0.0110350057160809,0.2045776695848079,0.0111940628473285,0.1973204866129643,0.0357878611055606,0.015451125859635,0.0037045684336513,0.1976305421027518,0.0111504851972345
251,0.2278416841485938,0.0062150166145896,0.1860507259393223,0.0334547321928711,0.1368010214355504,0.0634835032752292,0.0141906739493431,0.003739180404128,0.1726539930726238,0.0333596954826536
252,0.0014662039479604,0.0009769786802063,0.0248030671087349,0.0058622456109519,0.0196681780415306,0.0062553241273163,0.0013606395070673,0.0010345499288191,0.0100399884518536,0.0032927509094809
253,0.4180387626608188,0.0856619842830882,0.0001449282324605,1.2500922645007376e-05,0.2112724982089458,0.008095803665505,8.137076874797615e-05,2.2128019118202463e-05,0.0003532256648705,9.865665147855892e-05
254,0.2554015935416468,0.0084522208411295,0.1939370529946974,0.0081670795765473,0.1641463313611318,0.0360116992318119,0.0106673944150065,0.0027835575575136,0.1650169114924295,0.0081332315630357
255,0.2474855700723402,0.0545412575713414,0.0021621119302851,0.0001987328589643,0.5381916753371742,0.0126228468594458,1.798594411736676e-05,4.3522665938795735e-06,0.002157329205619,0.0002117226803686
256,0.4137352548781831,0.011871095574798,0.1897871660752107,0.0112388192845988,0.2483379554065645,0.048581080188727,0.0219837252785483,0.004060893589612,0.1791087031644182,0.0111884700209802
257,0.0032764443549242,0.0029266042314844,0.1026476848277866,0.0133373892678333,0.0689632166498555,0.0189368171465775,0.0025877396203741,0.0018858969908393,0.0638202205259671,0.0094112203280093
258,0.1905587203458413,0.0065873562823907,0.256069313415792,0.0070177185892718,0.1811009372234851,0.0391272116660809,0.0095350928274681,0.0026319975461681,0.243756992515823,0.0069991664570045
259,0.1970973879858077,0.0091879786830169,0.2090690471868113,0.0094724707004305,0.2137965295368273,0.0349278796681082,0.0114270598921107,0.0032242438482386,0.1732758898181809,0.0094356369695857
260,0.4934433592145127,0.1017020216329416,0.0002326844828043,2.6026089109687373e-05,0.1484388902871921,0.0074956371632502,9.83795216004382e-05,2.606826850121962e-05,0.0003388972863064,0.0001078053643329
261,0.1663351989020615,0.0347050663713098,0.0002865623223388,7.455614152022644e-05,0.5043171595917143,0.0108052489464484,2.3610203642267724e-05,9.35734446415608e-06,0.0004824063509564,9.900781687836126e-05
262,0.0008467361768927,0.0002780355204732,0.8024524571131864,0.005329546175255,0.799105012924012,0.0035706769899783,0.0024234164070243,0.0003786866806424,0.4110882751360417,0.0044061718460513
263,0.5333106384651548,0.0461093369297694,0.0004339507553468,4.274670488523697e-05,0.1289723131711393,0.0111987728097372,9.821127075932592e-05,4.190073992179573e-05,0.0005077425099531,0.000162816147172
264,0.0104083061649173,0.0024783281990556,0.3171756128806234,0.2101279754383611,0.1256045585549526,0.0667874890142405,0.0118466975547653,0.0019370238583884,0.3071422727964816,0.190703139586532
265,0.0027832335269505,0.0023164573775773,0.3427128035580237,0.166905621383019,0.1531147883749808,0.0491874056662874,0.0036668841991942,0.0017216006084744,0.2556966128312579,0.0849131384152859
266,0.1497920938658668,0.0082501862274806,0.2141244916966161,0.0104230943815834,0.1974246675175464,0.104610811768947,0.0113437818321797,0.0034863644085205,0.2014435544557881,0.0103848866729569
267,0.1967197419278232,0.0105691241094794,0.2507349320300232,0.0086392477818068,0.2229754790952566,0.0332399149685724,0.0148410797388052,0.003529491846695,0.2212768669589896,0.0086143382681878
268,0.0237916969189335,0.0038334532833795,0.4186948430675324,0.2840818322614901,0.1125776985801483,0.045201931359169,0.0185952788268881,0.0022987118538337,0.4087537433946004,0.2579897749007998
269,0.0022354538945302,0.0006604033575338,0.1945214511108932,0.1141016743862818,0.0871351822333922,0.0229103747787693,0.0052303617701685,0.0007678321143288,0.0912129502624068,0.0269567886884377
270,0.4969546800664595,0.0419250883661245,8.492621302722609e-05,4.652538396030055e-06,0.1594611771339444,0.0044370448868871,0.0001018968659617,1.8749027043126032e-05,0.0002248160106006,8.683073621515978e-05
271,0.1692732273603015,0.0104394486188242,0.1662676607199414,0.0079701195170003,0.1598665896047427,0.0313986971292615,0.012795480302383,0.003413589305243,0.1330806272970086,0.0079410984979899
272,0.2059131610932599,0.0084295949738595,0.1723900671705248,0.0102659603516624,0.1225473541832212,0.0575264545461105,0.0113732032681484,0.003423360085915,0.1592706300298152,0.0102322076403371
273,0.00154698592718,0.0002690885823736,4.423834057351859,0.0053569053596068,4.417235509293265,0.0033816016883665,0.0040623478505738,0.0003686171773176,1.807141453307751,0.0042790277030352
274,0.4488834138032162,0.0272902125237554,0.0001258799974859,9.032425044425562e-06,0.1773053749238628,0.0122716499914493,6.684671793597123e-05,1.9795811653505812e-05,0.000245144101947,8.50831130957745e-05
275,0.1954914190828933,0.010431150737642,0.1837154316378282,0.0103257025047947,0.2038498041308606,0.0284246124907383,0.0136344107911812,0.0034663281309094,0.1770931382070326,0.0102756134970332
276,0.1503072715508775,0.0090843993605526,0.2635874982244753,0.0068508015626402,0.2206804793223012,0.0314369562832254,0.0116448621793888,0.0029070970352489,0.2076151798670441,0.0068314762622017
277,0.5199674469069684,0.0201220738568861,0.0001052499481793,2.1450393774035937e-05,0.1463694860439009,0.0172984345784597,0.0001011099058216,2.249821156229477e-05,0.0003103036106037,0.0001265813642183
278,0.2774139443168766,0.0092002189914748,0.196303880302205,0.010915661731865,0.2180600609133443,0.0543597640590504,0.0138205258326097,0.003627499665256,0.1903483198369862,0.0108761652884976
279,0.2756824535572791,0.0073779936700838,0.2232781829545075,0.0142699294683198,0.1704721910193196,0.0756116128248613,0.0115882569226605,0.0037385018660214,0.1543675512776916,0.0142446021132474
280,0.3411655922360277,0.0060851530499786,0.1905028239391637,0.0092716949367019,0.207742034779423,0.0958980423788828,0.0095899896252114,0.0024942614671237,0.1774572279089757,0.009232631655753
281,0.5189870401296335,0.0718381342323855,0.0003526148559103,3.44044411382542e-05,0.1447969547133888,0.0086557613467149,0.0001121942970458,3.292472175853148e-05,0.0003984156287774,0.0001294844290831
282,0.0018398166478146,0.0002648668347339,5.593187776277818,0.0054592266373623,5.571576272117776,0.0034548275277829,0.0047556463402705,0.0003592697080291,2.2193980146552543,0.0045294121893358
283,0.0029792859131498,0.0025469414047334,0.5099629460211346,0.128063584089279,0.1707628717698375,0.0318381654425037,0.0026803376480301,0.0019533190814025,0.3125454656259417,0.044952073599991
284,0.3756841106423756,0.0096993844365345,0.1472157955051764,0.0147960444646575,0.1927287814536627,0.0732162841735662,0.0173928891392612,0.0038343525345312,0.1337911561993081,0.0147166498882151
285,0.3837591660915161,0.024269256441393,0.0004396036093807,6.858836252709787e-05,0.2633883814164793,0.0152411736432242,3.48682997935596e-05,7.693559448805659e-06,0.0005149687273255,0.0001198596192499
286,0.4222313564437546,0.0306989504961856,0.0001448536402978,1.1725743186719277e-05,0.209145525234722,0.009637401683545,4.926991953200913e-05,1.5814870049776597e-05,0.0002454484832452,7.9820582004959e-05
287,0.2443239382714276,0.0071849393507163,0.1888059587930882,0.0157390455256215,0.1324011058014571,0.0479767483954084,0.014234263875321,0.0040980636069749,0.172665212410217,0.0156981857672781
288,0.1694400054483544,0.0092708640691629,0.2175272740838427,0.0116787055452549,0.2042570173670762,0.0959590049152494,0.015034658311466,0.0036286059026123,0.1641902883458405,0.0116381568857409
289,0.2327723086673953,0.0072775509075422,0.2774911098922028,0.0152808840138535,0.1494746096673657,0.0705352613995527,0.0115637499015126,0.0039121557834605,0.2120394721433084,0.0152511573545002
290,0.0013910428013323,0.0004719701240961,0.1542932894373735,0.0625869719884052,0.0566549474505077,0.0121420121569298,0.0031937476451104,0.0005737199067379,0.0786397211708472,0.0166888102158139
291,0.0022402939865634,0.0016146075828733,0.0274392149467012,0.0077430684299323,0.0282510478884819,0.0087895848868997,0.0020238408645788,0.0014777248103469,0.0133803715227071,0.0043710216062995
292,0.2085711952932884,0.0109573438623207,0.1471088732085171,0.0084737701959824,0.3359503296718029,0.0268174265830797,0.0141862802334056,0.0032702854287058,0.1237683001836248,0.0084369720561469
293,0.464727660632213,0.0975981803115976,0.0002004920284934,1.9990504460750137e-05,0.1618389800377027,0.0072439988631512,8.141520279840748e-05,2.1370921410166773e-05,0.0003596886505812,0.0001003282315063
294,0.4230231071974375,0.04310827331047,0.0002260062003663,4.5860422444650006e-05,0.4599637752626357,0.0085564582369417,6.68399607321794e-05,1.9254516287794345e-05,0.0002756834782055,8.790676109627095e-05
295,0.0065612859919793,0.0022164687536889,0.488369963930149,0.2991372223649887,0.2837974002231049,0.1000829976065811,0.0092138014046299,0.0018091598390942,0.4435787323066233,0.2043948491932808
296,0.2401803656697597,0.0637219243507383,0.0003527420380051,5.088162080321231e-05,0.5592482901071417,0.0084291664147185,3.379613483393826e-05,1.2550684545826486e-05,0.000327470130192,8.196049165551066e-05
297,0.3033893227764144,0.009990507489654,0.1597579493997882,0.0090389497195822,0.2602195208477027,0.0391058260833148,0.0123857787549789,0.0034049277453317,0.1567952132797732,0.0090091521584243
298,0.4571278083179549,0.037616082381347,0.000109620038754,1.6163709006023035e-05,0.1679940369470432,0.0155996023785591,7.581693549218326e-05,1.947698541334e-05,0.0002520005032514,9.55922227868682e-05
299,0.4695386209576054,0.0815408578797778,9.214228594028194e-05,7.490436007578598e-06,0.1615032735012754,0.0061763626067336,8.330869601726472e-05,2.938794876252243e-05,0.000322624199239,8.746829125791859e-05
300,0.2155726690145964,0.0101088819235865,0.2242168816097785,0.0092589463730124,0.2466314692528813,0.0365054438345607,0.0151692100815334,0.0034759996757693,0.1576852025524582,0.0092221893522104
301,0.1207600759795256,0.0077806808749803,0.2249971826369759,0.0097785906483741,0.1948581968279664,0.0975284206353587,0.0112634465228709,0.0032312460455659,0.14587742285019,0.0097615252219654
302,0.157812517884746,0.0110324247246866,0.1632995968217183,0.0252990145558168,0.2206648695208737,0.050083662662801,0.0199172507517383,0.0051577681929715,0.1332329766941598,0.0252445540223674
303,0.3986655183992073,0.0407322242651927,0.0001778248205834,1.6073868686245373e-05,0.2388868248064673,0.0073489206374341,4.2780616665892375e-05,1.1201016711940598e-05,0.0003060323959037,7.747547705261228e-05
304,0.1866182918770872,0.015069656133784,0.0008733707654853,0.0001961685882518,0.3280439825317594,0.013747034260205,6.20984394676003e-05,1.9744482682739087e-05,0.0008099868640892,0.0002133545804287
305,0.0200265040881416,0.0019258363203293,0.0019942780661127,0.0004552235657337,0.247657644678451,0.0097148150474021,0.0004009594586898,4.289962032006424e-05,0.0019318525685236,0.0004342100289412
306,0.0007698469353204,0.0002166332319622,0.0273394409140771,0.0051523318789443,0.0244383153786405,0.0024070477075688,0.0008610803425673,0.0002725791955642,0.0090730502403044,0.0013063497507369
307,0.2124692177792591,0.0071252273834581,0.1299214798623689,0.0186963465977523,0.1023868262235669,0.0479255462918358,0.011648222575101,0.0036167065398387,0.1228183719092455,0.0186561989307536
308,0.0055901741348353,0.0029528507149922,0.1633537674130528,0.0614110107394798,0.0904097068851741,0.0413257613142645,0.0054973421049913,0.0020583914517711,0.1533904578488157,0.0569719995988822
309,0.4751354504198552,0.0272421007775447,0.0002173851352296,4.405127859436354e-05,0.1652323569380119,0.0190980347138601,8.649329496663587e-05,2.260931652737717e-05,0.0003399520117395,0.0001108913361504
310,0.4969825213574358,0.0375488469405227,0.0002288900311325,4.1432584647218766e-05,0.1492250816891975,0.0161974956292456,8.579615863960836e-05,1.853757614160886e-05,0.0003611356110185,0.0001377732113086
311,0.1951492092143221,0.0084094878774708,0.3656627009382264,0.0087476669187058,0.161241709429665,0.0733072556004804,0.0120190778999627,0.0031058893430414,0.330310532296061,0.008733946542328
312,0.0032067169259214,0.0029494475407085,0.1011483238294194,0.0159736308000589,0.0710471315650066,0.0177479729209457,0.0029731590760794,0.0020856123875648,0.0694957226374939,0.0118451164915195
313,0.1497275495763266,0.0185231665083072,0.0020756238198534,0.000450933677789,0.2977688418090118,0.024198146519898,0.0004462392564296,7.971688814715224e-05,0.0019877877310981,0.0004556129582092
314,0.0148009521416718,0.0037335220817917,0.4989524647143045,0.1039796002535428,0.3246075597570693,0.0902066646218608,0.013815027553962,0.0030240556123623,0.4637823674387325,0.1025251401147255
315,0.309058431685594,0.0133275073686177,0.288894899290562,0.0200668539305344,0.2415383433721958,0.1123238525459118,0.0249137256469437,0.0060629646407234,0.2823144536355145,0.0200030521272365
316,0.262395134459054,0.0378172355572698,0.0003698015864787,6.553688291299212e-05,0.2875873155964399,0.01147284515726,6.0338974823391975e-05,1.6421357749773867e-05,0.000352420758844,9.558405316265684e-05
317,0.2172027939171803,0.0080576024502731,0.1501550199754716,0.0102904191255112,0.2338734926272642,0.0667051886572653,0.0148277616494776,0.003084337225955,0.1431533899679128,0.0102459666037953
318,0.1486884720486181,0.0348341833828704,0.0005881961978349,0.0001266686526708,0.5078671098361915,0.0129374047481468,3.072317942354487e-05,4.797733271671395e-06,0.0004898564127455,0.0001372547249008
319,0.0014652234668446,0.0002789099434923,3.889456964304113,0.0053252853274992,3.880951515222393,0.0034143837394379,0.0038657147419694,0.0003822602549026,1.6347205494903696,0.0043689232402547
320,0.1261820686681642,0.0166633527676389,0.0011074482638983,0.0002169785880704,0.5066680566711281,0.0137813776203892,3.450996885165589e-05,7.762318366389171e-06,0.0010256766243429,0.0002272576204395
321,0.1465472353413701,0.0157485330676867,0.0009346172617151,0.0003117126728336,0.4422001200006721,0.0168479018820923,0.0001386322043692,4.882616996207033e-05,0.0008741567253826,0.0003478607231325
322,0.1483657273601831,0.0065774983901982,0.172925508507403,0.0786822599123285,0.1327387057462696,0.047132026833701,0.0402178371434268,0.0037423883324016,0.1699551552953267,0.0780307948366767
323,0.6834772010856279,0.0107242132392467,0.2521471464844692,0.0427878347017054,0.2089218720016213,0.1132662733051793,0.0260865407905885,0.0063137616601954,0.2025964293753382,0.042739462276876
324,0.5813371958145921,0.0084986489829314,0.1023391543888352,0.0262815962160114,0.1643018215736505,0.0747002573866252,0.0144115173485809,0.0041470511963706,0.0987809404794593,0.026246418411343
325,0.5036750760779668,0.0527011338260946,0.000124592331251,1.3889024828689948e-05,0.146140076152972,0.0078583671541137,0.0001080860337037,3.3581458996538296e-05,0.0002677430588977,0.0001170302990277
326,0.4340572467032555,0.0481317650093135,0.0001465320641457,7.466405334557337e-06,0.2028184232670846,0.0050162036519152,5.257643157385712e-05,2.0903960571497957e-05,0.0002793152784512,8.144789043594895e-05
327,0.0255966241015589,0.0035604697796085,0.2622845180394551,0.1432176402079173,0.1271048905635812,0.064900817899983,0.0205991996909429,0.002471315969685,0.2336246575143908,0.1407008032584141
328,0.5413008102102175,0.1052698412175134,8.507736979072819e-05,9.875284740706068e-06,0.1327261242706914,0.0081294569556208,0.0001037617767899,4.536030110779669e-05,0.000400086051874,0.0001394877514542
329,0.001208497079855,0.0007440479876519,0.0399005775903315,0.0075187767720978,0.0177091454822225,0.004184597056598,0.0012416075600286,0.0008142337620013,0.0124036415929839,0.0025049108325209
330,0.0007366102465916,0.0002610476789925,0.0713487490443636,0.005743081037245,0.0689353153427245,0.0038420089087192,0.0010501916425088,0.0003396392188978,0.020561342764522,0.0020677248886367
331,0.3247664689911693,0.0114042002053823,0.1939868793418676,0.0119543263287687,0.2206048665264815,0.0386630206177918,0.0171041238153845,0.0044186274282041,0.1878765736315332,0.0118980787072389
332,0.071970080225293,0.0050785691525292,0.3844886401611543,0.0693838544010288,0.1852795562710952,0.0666295029856675,0.0362513678303506,0.0036863737938678,0.3339499602573589,0.0688019048532149
333,0.2094663803861187,0.0090692143843829,0.1482931675207929,0.0179715829614937,0.2767204515892986,0.1501444839698511,0.0214047136710977,0.0044430522986801,0.1453547488504951,0.0178881898131201
334,0.190055313272772,0.0088342394884509,0.206595801996447,0.0132676022889436,0.2150810940769559,0.0810724616042819,0.0190621531060321,0.0044751466240049,0.1979865997920326,0.0132377126400994
335,0.1151174950265849,0.0123132566276743,0.0026428272319717,0.0005590548627214,0.4336761742305526,0.0085817129659138,6.63925823116181e-05,1.967349811409974e-05,0.0026763857658135,0.0005709933835595
336,0.2241087205034461,0.0226927020118296,0.0032538248716337,0.000562549365876,0.5213901427807301,0.0106786506096211,0.0001666397949439,2.944583297076919e-05,0.0031611232457516,0.0005464399164866
337,0.0869293700778276,0.0060741047373871,0.1895183931578437,0.0864674348613212,0.1525690718739608,0.0689077603591508,0.0367573579491208,0.0039616552827817,0.1655205288694874,0.0856724662071394
338,0.2141934428840448,0.009541001128368,0.1751334427768403,0.0104597298764815,0.25807741895377,0.0480309251613252,0.0115708949347217,0.0033579817996896,0.1644769130358322,0.0104147132360704
339,0.4914596934609012,0.0078539519689026,0.1512124857619512,0.0228703561199869,0.1454223953180177,0.0713247226290596,0.017941902989837,0.0040238106984914,0.0988199230554753,0.022831183870825
340,0.2784380632192483,0.0086438397018129,0.1858234093576478,0.0085585819657804,0.2222713487303784,0.0334931413175576,0.0080044510543114,0.0028665283049812,0.1467315726786451,0.0085340289243153
341,0.2176451965355417,0.0061359320168327,0.286071852523431,0.0479082507727912,0.1421897072177361,0.0651432085131829,0.0245215068127767,0.0043406731778027,0.1943678272873498,0.0476607284883863
342,0.4727062462865226,0.0394502406527525,9.229717755176524e-05,1.2730158293589802e-05,0.1628284991277782,0.0125832500371668,8.532965031351877e-05,2.3148388770189048e-05,0.0002120146951426,9.182250727293595e-05
343,0.2308493010975593,0.0091252382167646,0.217502230543556,0.0101460071286123,0.2569945943155171,0.0379562746693086,0.0119915142294848,0.0034661843016053,0.1493387918069431,0.0101016822403475
344,0.1985370508209326,0.0079218778617911,0.2494596429972654,0.0075241796919764,0.2436775826300747,0.0310613673151172,0.0127916944481837,0.0026594537414737,0.1514539291512945,0.0075017220897522
345,0.2464025958177352,0.010017948582957,0.234931787088005,0.0086404708633821,0.3016431874457361,0.027541281652888,0.0118550927597373,0.0029866291756693,0.2215686592691674,0.008601324217289
346,0.262861297430497,0.0133376012234424,0.1636420261123316,0.0121541064452625,0.2272166447254382,0.0312466749388645,0.0205152174492508,0.0043030342644496,0.1538804881659189,0.0121047523397063
347,0.0791144257940948,0.0060422503219055,0.2361034553521364,0.0619231490795001,0.1434201702907099,0.0716306607469052,0.0259811254655002,0.0044679820703505,0.2110311934339068,0.0615715114169148
348,0.1950113553859908,0.0092299887427314,0.2315215303351582,0.0107221999745148,0.1995480455587402,0.0457645571554361,0.0120494978594782,0.0031906245673074,0.174015168081084,0.0106768982531735
349,0.1422573477315752,0.0069812980752099,0.1226244797573092,0.0350234838272909,0.1142004131009563,0.0571855121197594,0.0159821377298991,0.0042424358532282,0.0930162493758119,0.034898297987285
350,0.1794560268170736,0.0140047963691372,0.0017795995548389,0.0003355504522632,0.3814639860525553,0.0206318340374927,0.0001010203375823,2.1356528786765653e-05,0.0016825037166661,0.0003165022708649
351,0.1659081829825499,0.0084163495178474,0.2319676389905791,0.0117762695000053,0.2009659792105071,0.106844773586176,0.0145460872152446,0.0042469599738651,0.1227152483084488,0.0117530891198321
352,0.0028294553055163,0.0025931975706265,0.1169644431705069,0.0186064188376279,0.0539553802647393,0.0184884115619231,0.0027926216695263,0.0019310575331245,0.062865894821075,0.013043777755131
353,0.003191958998873,0.0029509725459799,0.1706963627021438,0.0334367859491901,0.0634173678401149,0.0228003479207292,0.0030346943561758,0.001975211659644,0.1167912742706093,0.020807696667505
354,0.3864214755226479,0.0591309334123202,0.0002383639552261,1.13312297631572e-05,0.269443048176058,0.0038415971046659,3.0097652789042737e-05,1.3006102309857676e-05,0.0003107565303512,7.77506295632619e-05
355,0.2907242199903361,0.0084544232660587,0.197943751689341,0.0096159419511879,0.1968861746448805,0.0448792828719151,0.012796772909564,0.0033204848969793,0.1646926223816452,0.0095826867647224
356,0.4261967010049957,0.056626714384029,0.0002549352186642,2.4962951307108808e-05,0.1870179925182466,0.007992527272593,0.0001058690002524,2.7356662033666623e-05,0.0003275601847752,0.000110213643024
357,0.0007354276175904,0.0002896720702518,0.201718077558422,0.0057439465012816,0.1991139976561475,0.004368667513301,0.0012649445776396,0.0003853435212913,0.0702040172756611,0.0031045577451377
358,0.0145741140950309,0.0035177504117912,0.1476205650019886,0.0370587714400028,0.1006550357941548,0.049065743556978,0.0116552360596585,0.0023582264660187,0.1436245425657351,0.0368193889536285
359,0.3481470117493782,0.024154935808192,0.0019667820180789,0.000411718550712,0.3425109660665758,0.0255093483293567,0.0001629177471013,2.960261829857729e-05,0.001895193560165,0.0004073552512073
360,0.2553399561789754,0.0108131342303979,0.2080547036735257,0.0094439642729703,0.4043505137962162,0.0228189042960216,0.0133757346264788,0.0031769980975133,0.2013350696920238,0.0093795188466954
361,0.1217136896562704,0.0118807028361703,0.0248598184688266,0.0018227849267084,0.3170639278754552,0.0154869964317138,0.0053064889973858,0.0003376114174917,0.0243143373210497,0.0018422059944983
362,0.0320635417861605,0.0031747280805901,0.2850875517897622,0.0550528185686306,0.1173799303920587,0.0461381386829682,0.0222225250445268,0.0024634799104141,0.1720924772278678,0.0543109824437432
363,0.1758576697655673,0.0096781179254371,0.2838571843073171,0.0083347579061163,0.2035245763483281,0.0354160032699182,0.0243052791202055,0.0034766638974404,0.1761604746123718,0.0082992117677198
364,0.1392733638593834,0.0095260611877628,0.2535897471149694,0.0079691352134283,0.2336831912183677,0.0287690268192538,0.0122684557802595,0.0028740483001456,0.1790148880945946,0.0079364873300959
365,0.1806381527490297,0.0083354183325664,0.3071162192125922,0.0115364944620741,0.1779774515602431,0.0867518547235896,0.0132984695088029,0.0038349858388654,0.2662199077408096,0.011508120387323
366,0.5162446289756097,0.024628073461723,5.9595495378839885e-05,4.334100335119942e-06,0.142263364884651,0.0078551232800345,0.0001068697604871,2.580824674622856e-05,0.0002266054117043,0.0001062192487605
367,0.0008613574666939,0.0002813357217867,0.7851201471479995,0.0053351735459128,0.7817073044973576,0.0036019834747453,0.0024552662908875,0.0003845209566047,0.40721724020173,0.0043705322857001
368,0.4537088025695173,0.0454416157216708,0.0001137267473195,6.238180029987257e-06,0.1694728419245774,0.0032377331446634,7.226160453966788e-05,1.3730589787442138e-05,0.0002322406305533,7.171721546183825e-05
369,0.2395922404768779,0.004674542704449,0.2116918511704019,0.0256148460559051,0.116818375340338,0.0482525092873151,0.0133721798692162,0.0032721081714096,0.1742490617636184,0.0255227591196829
370,0.0015953691649809,0.0002716035063711,4.131208771346215,0.0053945469446658,4.124023233659642,0.0033809015607519,0.0041784720559693,0.0003705694029911,1.7247079800289031,0.0042874870521099
371,0.4448291820724802,0.0247285722674058,0.0001328525128246,7.110192957585253e-06,0.1855173608414907,0.0068112508118861,6.457605422873698e-05,1.5100881854978582e-05,0.0002535718251833,7.505698655549875e-05
372,0.4671693090305622,0.1234284185494873,0.0001199957454409,1.2280077516081655e-05,0.1615447144946154,0.0057552678114033,8.705293679046395e-05,2.155881644944677e-05,0.0002975643409061,9.337673979998506e-05
373,0.1272887905880571,0.0129085876425805,0.0029458110704281,0.0007240500960392,0.4445758569303801,0.0434256226980521,0.0002857859997166,7.56660960162928e-05,0.0028421535981474,0.0007092898457273
374,0.0518560981612846,0.0040434453701848,0.1560629664402921,0.0618119381848146,0.1185678104506618,0.0456763423413622,0.0263851852980002,0.0024488881772516,0.1549106954776328,0.0611209606032486
375,0.0021873198905003,0.0002795928129892,8.258723417985976,0.0054628890907498,8.196706502096605,0.0035856767389336,0.0055500188505231,0.0003755391426525,2.9545102091917843,0.0055888093115305
376,0.2381895480502922,0.039798570418886,0.0003721714749866,8.232012720019895e-05,0.4859708819172927,0.0123748777658816,5.432905173475976e-05,1.1899603650703204e-05,0.0003665446602426,9.34124394261202e-05
377,0.2348199074538736,0.0080986444082476,0.2432937964105476,0.0106181217360259,0.2531998042002392,0.0709328760142114,0.0106039720671664,0.0033516640496772,0.2289198593229938,0.0105864832967543
378,0.1839233183901818,0.0090477023740274,0.2153560123319151,0.0080463736223044,0.2217257300984714,0.0349822565693547,0.0098459682337419,0.0029641616173286,0.1791400667107468,0.0080185006887701
379,0.1751330648059999,0.0123267566490532,0.0014865188604969,0.0004062392330286,0.2609791321213686,0.0078348015358774,7.398085852443871e-05,1.5365186338826496e-05,0.0014465604333398,0.0003931851655994
380,0.0033584798045211,0.0027619670532768,0.055502492025702,0.0120008294690929,0.0389059477112824,0.0131851911946189,0.0026970646519577,0.0020327305746639,0.0166229609797112,0.0067372901137423
381,0.2443383232420426,0.0065977480018207,0.1938857521096436,0.0166286599680941,0.1648531139864152,0.0815632689680486,0.0118065940683601,0.004168163507941,0.1560478529865685,0.0165973608223228
382,0.2543267624240602,0.0095659397270865,0.3004727369770779,0.0095830630286902,0.2329932975647703,0.0366671999952069,0.0113513319879383,0.0034889162389846,0.2248040196684312,0.0095460760620255
383,0.0455303970907936,0.0024125918342591,0.0018994857698383,0.0009757511514874,0.2463868920831713,0.0084586257798681,0.0004609719802163,6.0848220769224615e-05,0.0019164584124337,0.0009980566721589
384,0.0905843023832711,0.0094085686784538,0.0045989350303663,0.0014242097317588,0.3508583632796259,0.0087982573007122,0.0008038087843549,0.0002229836721698,0.004570750845487,0.0014231293692833
385,0.402001591013171,0.1027147260045709,0.0002141604919935,2.700792945282409e-05,0.2287184422935643,0.0072099688297995,7.022540300519111e-05,2.096296920477308e-05,0.0003562434973397,0.0001004917466366
386,0.1559822106787796,0.0088098692150936,0.2057898202322494,0.0094135108210948,0.2093338175589875,0.0645991054704026,0.0122372633834014,0.0034106072669554,0.1260311029168022,0.0093873016478769
387,0.0007741839953726,0.000236126156736,0.0278109419559112,0.0047251965432056,0.0155529421082836,0.0020535264464201,0.0008716346048145,0.0003011012370897,0.0073333817883731,0.0010761651806118
388,0.1167263060334074,0.0096957381101851,0.2795033791481731,0.0077844324275384,0.1464821663683595,0.0358238289251453,0.0115951602392133,0.0031032937347586,0.2739581211230387,0.0077670554874862
389,0.2082683251121385,0.0086344578221043,0.1750528329430687,0.0369545847276307,0.1287369509879971,0.0675892322971903,0.0172893016141944,0.0049933522365008,0.1543197510074963,0.0368714815802025
390,0.1524720802211948,0.0074899500502361,0.2030340035739482,0.1030301700697997,0.160079447654512,0.0761511919185546,0.0438622615667303,0.0050429600897945,0.1613535379548943,0.1020098508462507
391,0.2331601095938121,0.0080226449807539,0.23391277291198,0.0118569413591973,0.2041443657217402,0.0904299056067258,0.0139661341292415,0.0037786131736697,0.1270147278340532,0.0118183527092689
392,0.001102117335757,0.0007562905144566,0.0244367325107332,0.0043088614884787,0.0172303262829363,0.0044745565073297,0.0011442685136925,0.0008286370211591,0.0086500962989407,0.0024148514743845
393,0.182590116864064,0.0110797685132056,0.2352035357029862,0.0082590644438158,0.220591036396931,0.0268236374367029,0.0138024599434472,0.0032764457013055,0.1890125861495241,0.0082268471744189
394,0.0007939887712316,0.000143836158666,0.0263951827841141,0.0035329126878145,0.0063588008802241,0.0017653317578602,0.0006758519430203,0.000179866926465,0.0067694451679306,0.0011143617473188
395,0.0314851347754729,0.0034382112526485,0.30257898718383,0.0522658021570626,0.1235305738719026,0.0512228010402241,0.0224351938564954,0.0028329572839717,0.1921979309492825,0.051514363930681
396,0.1732619376215549,0.0387755536546376,0.0002935936235406,5.224139655611031e-05,0.5336769861072213,0.0078317103905045,3.318487938638788e-05,8.967607836122017e-06,0.0003684188098388,9.201164907319368e-05
397,0.0072135490952596,0.0018507783199657,0.2937686186558669,0.1503285302540917,0.1210966665164276,0.0510065962866932,0.0104422169065773,0.0017057107994422,0.2771287210780755,0.1295876925411528
398,0.2556968406241254,0.0101996872354143,0.2216625360452184,0.0088660731817235,0.2497330938853787,0.0414534085970841,0.0126661952989247,0.0031107117352946,0.2128206838589868,0.0088289115792896
399,0.0017183300604394,0.0012234374228535,0.272334737446967,0.0677555632963147,0.0677563961074877,0.0169961197263176,0.002770383107273,0.0012278646884742,0.0766794336279941,0.0242967383481743
400,0.1622353686842998,0.0063178476573317,0.2963935755937104,0.0428428033174291,0.1523509950418843,0.048251519364414,0.0191171584832116,0.0043942499652606,0.2538275089140485,0.0425240520805345
401,0.4940301101669854,0.0369877806325752,8.860138647471562e-05,4.73520376687823e-06,0.1623379880217789,0.0048495691662071,9.52235358702653e-05,2.0729186185607077e-05,0.0001914867151755,8.17575746512714e-05
402,0.0051987587348751,0.0029839598272022,0.1622859489308092,0.0943758846744742,0.0955264456412019,0.0415551948597588,0.0045721597014404,0.0017889378650546,0.152434684114156,0.078177423605976
403,0.2011951044718477,0.0085284894203746,0.0047090491080218,0.0012672697144137,0.4776618559523987,0.0226218069223807,0.0001129535965711,4.8701574750602126e-05,0.0045592185932951,0.0012826985499619
404,0.2300687431890004,0.0111422143935369,0.2259426254314279,0.0108738094111102,0.2162766642749095,0.0467295104154599,0.0153624703034033,0.00370305904649,0.1746603189566912,0.0108321064876094
405,0.0007331927236348,0.0002730898761631,0.6591304133923688,0.0053822791224975,0.6564019619059764,0.0036794888713083,0.0021492632028938,0.0003715182612949,0.3479403400137042,0.0044724326518518
406,0.1937665879406552,0.0091379374586213,0.2381697068958779,0.0085372411865078,0.2374141870555263,0.0424640521315539,0.0148970510072263,0.0029256612570309,0.1326495364052567,0.0084997822431692
407,0.2516010257459176,0.0117145050477864,0.2134597226453366,0.011630302867705,0.3253640877490183,0.0407836968774711,0.0176836621812976,0.0039019503186186,0.1755204359222316,0.0115708066233553
408,0.4106590301353322,0.0648746326775772,0.0001821231259946,1.0039535801741116e-05,0.2396467145187602,0.0042706774751733,5.183391023872972e-05,1.4228825908027954e-05,0.0003083610264137,8.623563716236003e-05
409,0.1977420397735367,0.0094993139766771,0.2146272688558509,0.0082394483469461,0.2322450176327254,0.0326145108948796,0.0137332757536738,0.0030460665184583,0.1373168421729922,0.0082073432380686
410,0.3582149401416499,0.0081072147653963,0.1611279344376851,0.0177894715082219,0.1734079340566457,0.0864101235125776,0.0177724107072467,0.0044150757588044,0.1385685179731393,0.0177627790769281
411,0.4949789552343536,0.0289629860590775,7.694745629681292e-05,4.963147817142796e-06,0.1565871194933239,0.0081862312940912,9.864697354925632e-05,2.945466865469065e-05,0.0002341708915254,0.0001000931735781
412,0.1914444789597557,0.0082239879581229,0.2503955316656029,0.0104850468316152,0.2385959333717774,0.0868652621879537,0.0123942282327048,0.0035911209334322,0.1743990607027077,0.010440327388437
413,0.3737068743564165,0.007168598978476,0.1678291083362997,0.0181112752681318,0.1422068548045484,0.0556366240043116,0.0115703979975316,0.0041581690484583,0.1073113493069928,0.0180693298874184
414,0.000764253056829,0.0002254290761561,0.0359958431732573,0.0054607687741801,0.033193527358964,0.0027490320193784,0.0008974870937848,0.0002846890470967,0.0123029550273865,0.0014787627081399
415,0.236257782193026,0.0071143958564144,0.1412018170480875,0.0109730124438487,0.1694152348712305,0.0895439568625802,0.0113375914403054,0.0031342461853304,0.1119679421363682,0.0109306412454597
416,0.2238978481484278,0.0397020647792006,0.0004195831401226,7.481683036522799e-05,0.5534857521294178,0.0128831215676693,2.9030771087799628e-05,8.043517715098228e-06,0.0004071999869333,0.0001019895940877
417,0.1768618665250853,0.0075083757958428,0.2600009933513494,0.0120356561484754,0.1792262912722122,0.0873448121019716,0.0134130579224004,0.0034879064644436,0.1679445399464986,0.0119972231092726
418,0.0014599712907507,0.0002622125779155,3.5578294018572274,0.0053956921012513,3.5507079987684342,0.0033904977368559,0.0038554399838391,0.0003612737594515,1.5138846305451157,0.0043111498346363
419,0.5132976541092941,0.0318874024994398,7.159361561895627e-05,8.469149727308754e-06,0.1494474865777443,0.0148409069188054,0.0001106712137032,2.937606472165946e-05,0.0003443953874047,0.0001161138693502
420,0.1902952964245777,0.0080174127596776,0.1664438650333708,0.0103028007330964,0.1792405552309923,0.0773319431050522,0.0105672241881479,0.0034308136239995,0.1179348268034804,0.010267371957532
421,0.1847894365862256,0.0084216967026468,0.1885081133904884,0.0098649902067982,0.22796447226592,0.0543725898732664,0.0114423853722472,0.0034218494063551,0.1658027776944724,0.0098328665754483
422,0.1173337656102272,0.0093892444792529,0.0061649390115903,0.0011739808693651,0.4367946779851125,0.0064756491947055,0.0013468702316906,0.0001658804495334,0.0060524450443524,0.0011502021395596
423,0.0011765329338846,0.0007703343697419,0.026056195756376,0.0053067115534542,0.0170065120984303,0.0054388834524295,0.0011272981871846,0.0008374834446291,0.0093455236415468,0.0028924371913894
424,0.1839271963802194,0.0092837309024552,0.2378965933641345,0.0100491456824406,0.1913039985557706,0.0553243055142256,0.0115540965166024,0.0031949768831485,0.2310970043365219,0.0100125965737355
425,0.1879724229214341,0.0109159414039421,0.2092272478310317,0.0101815676854646,0.2979756689233215,0.0273311943302863,0.0132448734100362,0.0036507831471866,0.1464131920063865,0.0101287122603092
426,0.3054742193760747,0.0082902016227566,0.1430199360313018,0.0252745502738528,0.1146602200195743,0.0577251520714385,0.0155901642263235,0.0047413098203242,0.1221929866686154,0.0252207931770554
427,0.4567884563709663,0.0938323798310684,0.0001532949179142,1.8399377282077976e-05,0.1631500706134522,0.0077394387246959,8.849791218320366e-05,2.4112726049882344e-05,0.0002823021871069,0.0001121998862601
428,0.0007301524149479,0.0002855202679095,0.1241248547694782,0.0058475558808519,0.1216071689801666,0.0044132436286338,0.0011143062593507,0.000378602488059,0.0350624851102111,0.0024739294563113
429,0.3965309280961605,0.0319729989447777,0.0002112964693777,2.5363225610212537e-05,0.2571857151394014,0.0161019079411006,5.028335145951058e-05,9.65718308967016e-06,0.0002867327162432,7.778660365100908e-05
430,0.1735488992089342,0.010317304223339,0.2187359965515728,0.0081565530470549,0.2212571240192565,0.0302337147943693,0.0127245763815836,0.0032320487271047,0.2107555289989077,0.0081318493486654
431,0.1073274217347279,0.0235486178674742,0.0072039612428009,0.0015861061350369,0.2860712086689871,0.0685233756735387,0.0011845356286685,0.0002757589027261,0.0071556438307487,0.0015868809102037
432,0.1800681442145006,0.0077013315753231,0.2182058077816931,0.0114373041645781,0.1631855213747977,0.083015663229864,0.0096558796891393,0.0034864242925802,0.1729647525307294,0.0114034980184677
433,0.0864394340082753,0.0083771064427891,0.0019659246285127,0.0004770401186136,0.3856644688813997,0.0218479752253463,7.916150927900015e-05,2.080074441088661e-05,0.0018891288301069,0.0004563950252863
434,0.3223533356722302,0.0067964422421578,0.2283794253019998,0.0333622248527217,0.1393088264377395,0.0669895975477813,0.0131281297900305,0.0041706152146446,0.2048831259822673,0.0332649712042641
435,0.0028759538165097,0.0025559972008555,0.1293800232549379,0.0183255037032897,0.0380863109361154,0.014675638577012,0.0026348394523379,0.001856598926892,0.0472832239298514,0.0097603420770974
436,0.0025185518856393,0.0019181059904124,0.2293649430772615,0.0558802439756381,0.0593187610795623,0.0147329947547192,0.0022027769737502,0.0016222490434949,0.0733027993316234,0.0111445543981186
437,0.433292346967922,0.0900371017674247,0.0001253312674136,1.086518522173682e-05,0.1811834003189153,0.0060669495405268,8.618427749114406e-05,2.760889505993782e-05,0.0004086401969373,9.554264043499646e-05
438,0.2739529653211805,0.0105709285955868,0.2695206763206834,0.0102344708095978,0.1955968478366582,0.0401761662038053,0.0155532198918928,0.003673820321953,0.2266083660486748,0.0101991698867997
439,0.1339819645976483,0.006701903440271,0.1562838822579922,0.0138458955380954,0.1354681660138571,0.0647341184133072,0.0118247497291705,0.0035079391788314,0.1398118812344049,0.0137928471654971
440,0.2753777922238052,0.0094164563196914,0.3412776456301591,0.0086593045952978,0.1957899445156451,0.0335641751912976,0.0123927004597608,0.0032575837386852,0.3127533706350494,0.0086319397929361
441,0.001639612708293,0.0002635655962517,3.051449536964107,0.0054756248846917,3.040595562040808,0.0034894695595005,0.0042637930987312,0.0003571174903736,1.3404804874570315,0.0045359157754417
442,0.0772707830232115,0.0050650966269569,0.2353537946013846,0.1027319179910461,0.1476795898332056,0.0634725498740582,0.0433248031726597,0.0035400096953751,0.2331403346138959,0.1012727256692665
443,0.1599780260646832,0.005740098838505,0.1717498093266196,0.0284539395540708,0.1092028424873785,0.0465323152508036,0.0176620765989332,0.0032629827815821,0.1682196610943404,0.0283428310522968
444,0.1421266404044014,0.0180102110379661,0.002127186403326,0.0005187896033272,0.201602476880041,0.0363396941592671,0.0004861547528534,0.0001177263635577,0.0021234030419668,0.0005233659431308
445,0.3049969220392892,0.0086547214500892,0.1396869471031443,0.0298480485896491,0.1223368550017248,0.0624186296439597,0.0229312863912883,0.0046747045735177,0.1351616380423115,0.0297848033174386
446,0.3296177618368148,0.0084033203430883,0.2018577568946703,0.0078895627634557,0.3259453694662992,0.0365336061922385,0.008549150495643,0.0028635912716546,0.1822177017006703,0.0078535815502833
447,0.503727521334412,0.0638394052600491,0.0001378455722098,1.9099480149820404e-05,0.1452305006388309,0.0092279651402876,0.0001095669526338,3.108402386320642e-05,0.000241751828019,0.0001212478159484
448,0.2976051375805934,0.0092485641952303,0.2967616509107662,0.0107796810067585,0.2578864736876372,0.0372161035032952,0.0154026346506116,0.0033489608173347,0.18145612176589,0.0107232847619656
449,0.1556593027493832,0.0081141455876249,0.2420891809724043,0.0127548961901795,0.2289793661591737,0.0717712613073309,0.0123392323288815,0.0039808911948505,0.1284917630026759,0.0127243851268337
450,0.0020039056438417,0.0002681697270674,5.633525112374931,0.0054996390777019,5.601358825759868,0.0035660739653165,0.0051162123219249,0.0003621598263297,2.20965064178871,0.0049753751618169
451,0.145422711215182,0.0076785353804694,0.1934872380826344,0.0088344430705329,0.2436572333088066,0.0876448674820522,0.0129667892938008,0.0033910226135935,0.1548887741819285,0.008807148849108
452,0.2262676405017644,0.0096688395848645,0.320276906917139,0.0123000283116558,0.1870053307234297,0.1008028504081157,0.0140259270327839,0.0039921873723564,0.3045338326920157,0.012273077661841
453,0.2189551471601668,0.0093846159951838,0.2311701330485133,0.0074086727037308,0.1950658569182955,0.0272398921097583,0.0151320148680985,0.0027702753543667,0.2200041723182714,0.0073858126790017
454,0.2593837700937302,0.0083805586684413,0.2880527791438899,0.0113315507122403,0.1756701745690896,0.083802379021567,0.0093195127140301,0.0036382497722166,0.1973039158657253,0.0112838628985505
455,0.0025225104231169,0.0018888890840221,0.3447817103367794,0.1266998859153503,0.1334097537998621,0.036585207939991,0.0031923375372759,0.0016584308458695,0.17787512705745,0.0435758920243316
456,0.1909941839078986,0.0531430888596812,0.0002434056648169,4.308809345414766e-05,0.5223879653071011,0.0059312549055028,2.704671146794845e-05,8.724326452412288e-06,0.0004330966930398,0.000104294695627
457,0.0853797396720557,0.004754020067813,0.1836977521972041,0.0464680856750119,0.1056493717148868,0.0403599986403581,0.02798956216247,0.0030964100452773,0.162339693972845,0.0461318639756511
458,0.3250550278055635,0.0092231829857767,0.2453848484311751,0.0095850868252147,0.2036228063773903,0.0296379361282272,0.0125327074767426,0.003627136689601,0.144319569750762,0.0095514825899248
459,0.3243318222140522,0.0276473635416362,0.002732307374313,0.0004237401526118,0.4700660215185969,0.0067750782130176,8.316325230356965e-05,1.90873179906046e-05,0.0026330721780946,0.000400068674719
460,0.0146088467213751,0.0030953444022086,0.2969294402603755,0.128299923904911,0.1541897869141134,0.0682361502446175,0.0132181523688736,0.0022000470910914,0.2647718082453056,0.1253753305800224
461,0.3208021721859784,0.0100876151984133,0.2494842044603798,0.0092713285770095,0.2391773816161813,0.0292171178450267,0.0122062138972113,0.0035393230405676,0.1694968614670296,0.0092361989734755
462,0.4978185117892179,0.043208314598125,0.0003458993830977,3.6748198372675546e-05,0.14806451393084,0.0137217603993466,0.000106794956451,3.062577723942556e-05,0.0004510911986521,0.0001386222643517
463,0.0023419924025235,0.0019498836880673,0.0372103383154931,0.0115216573078426,0.0359005569955771,0.0119541367887162,0.0022057914236288,0.0015870733656987,0.0201096626164696,0.005949119652785
464,0.2345753644263444,0.0067322325710583,0.2333442780002297,0.0105888517445071,0.1863708242827448,0.0855581066808436,0.0108177004848805,0.0030696610373701,0.1290436253842167,0.0105457963865201
465,0.4068469937858096,0.006696072917929,0.2437196511208543,0.0154465213126389,0.1518687268178374,0.0686115097897736,0.0140206173862407,0.0041001934566584,0.2026869962423927,0.0154233141146008
466,0.5018091806643282,0.0248313427351832,7.825552678623433e-05,4.724159682762934e-06,0.1589058198374701,0.0076690106278374,9.491985340361778e-05,2.173661124060081e-05,0.0002998020985324,0.0001061476296009
467,0.230931877507058,0.0064282317232046,0.1996544896201499,0.0220980921143742,0.1280524486469129,0.0449752231078329,0.0122066793592735,0.004286699067923,0.1227041018031516,0.0220291443332968
468,0.1956922692842012,0.0099009236117518,0.2374421386636902,0.0083255470686494,0.1781871764937988,0.0271654588273984,0.0112708451914941,0.0032998703627122,0.2018320066761127,0.0083056568184893
469,0.1193865609950258,0.006979206009234,0.2095367205007322,0.0927112296803756,0.1651871386396895,0.0846667817012791,0.0405974425268651,0.0050498984303607,0.1870187410348187,0.0920961990599263
470,0.0226967409735124,0.0039193089985626,0.232599878453491,0.0719832301582407,0.0959025987902722,0.0435159031630371,0.0175067266143533,0.0026016760917001,0.228324519052417,0.0709013770113394
471,0.0804697574410066,0.0075926004013099,0.0022811366119105,0.0003147923665707,0.4284112540626592,0.0225241843710242,3.962853404442156e-05,1.4251467179327633e-05,0.002245658084984,0.0003157398381166
472,0.0060599183238508,0.0025971175208014,0.2561021053364129,0.0851254262077542,0.1114824449994619,0.0377133003041301,0.0064022357193493,0.001880258057138,0.2386416086931043,0.0752730020531396
473,0.2954904275237314,0.0071596269095745,0.1000784436155026,0.0213053066581021,0.1205196378948814,0.056016437046105,0.0210382177071324,0.0040383872914472,0.0952451162346909,0.0212388375973882
474,0.4175204821020065,0.007240974378159,0.2133802394254168,0.0418168920529675,0.1567658549979177,0.0741899973359668,0.0201536264027786,0.0050090346346963,0.1656398122383606,0.0416732884353141
475,0.3314205404632672,0.0197784323995068,0.0036684110388423,0.0007347873103614,0.3163477521034459,0.0470783118063927,0.0007401337860345,0.0001463737718894,0.0036141147348843,0.0007328287838215
476,0.0022981204736927,0.0018329863688723,0.0622892097563796,0.0094933379816444,0.0289132603615077,0.0091639083337455,0.0021536012752927,0.0015408983880467,0.0187652901720007,0.0049198081403787
477,0.5630644429791156,0.0199216713722902,3.3524222955797975e-05,2.413332630935e-06,0.1232898652572286,0.009020684190001,7.869087015123065e-05,3.297530260312091e-05,0.0003687703617988,0.0001585372158399
478,0.2086531248960191,0.0070188932600047,0.1947301185877513,0.0150960819322648,0.1228073075150428,0.056587322440402,0.0103171521666132,0.0035041605922254,0.1608059854323302,0.0150487455511899
479,0.499289201069154,0.0390186326758783,8.480500957915032e-05,4.588963391206686e-06,0.1620903813492168,0.0057596992140693,0.0001028253527437,2.255335798903864e-05,0.0002054580711215,9.367020102553011e-05
480,0.0018954827921643,0.0011406176564931,0.260797136284327,0.1048172152483812,0.0901065104206847,0.0200826848076802,0.0026637233204165,0.0011808418648777,0.1001693404616695,0.0193888276258694
481,0.0367889186699507,0.0028464001749321,0.312358271266284,0.1357013080600253,0.0967402994807108,0.0375594249828361,0.0356110973301856,0.0025216165079971,0.3030937084972047,0.1283514620085887
482,0.4197244378050455,0.0498064396845797,0.0002644367020933,2.8997694560210145e-05,0.1945124016880014,0.0081883188571969,6.755452606239942e-05,2.287280354572585e-05,0.0003942695935219,0.0001078780842772
483,0.1444425615390197,0.0083839061165632,0.1620104369528735,0.0103312469891721,0.2293513876300994,0.0602848181654359,0.0114624890115917,0.0036893522056324,0.1568669830467649,0.0103044995753101
484,0.3085899041137328,0.011364557009467,0.2197864723626937,0.0143510411116731,0.1804454232232044,0.10393200446875,0.0170811788484194,0.0044049702215336,0.1844445895987191,0.0142976840753006
485,0.2317190481718605,0.0099972236642639,0.289987968501786,0.011302042640506,0.230010496557191,0.0436951730801357,0.0143965965107749,0.0039289656659955,0.2373010453587731,0.0112609941457367
486,0.0931721200284572,0.006279162417078,0.3114509497339147,0.0630831842008543,0.1651707944064196,0.0689382236080912,0.0337591482044468,0.0044091302310289,0.2875296294475111,0.0626344958874923
487,0.0017327849146516,0.0002704767544306,3.846000159681776,0.0054350853394809,3.832099020703724,0.0034461049124482,0.0044983449184899,0.0003658861489896,1.6214832384813789,0.0044869118609444
488,0.5425368554475413,0.0177643017013678,0.0001473893502821,1.98095643577792e-05,0.1375289268283879,0.01643617019259,0.0001076310382992,3.0402796293370077e-05,0.0003770959136857,0.0001435191730381
489,0.5077785520937228,0.0566044629819677,6.366784440435288e-05,6.480301486526584e-06,0.1436959158610944,0.0081229450881669,0.0001053734346611,3.019798257375671e-05,0.0003463258734347,0.000106452549218
490,0.1563513083948496,0.0088504134993147,0.1979958852058482,0.0078600136488584,0.1432486131997244,0.0306673309038536,0.0110281134960109,0.0031469539131401,0.1847824797238197,0.0078474184294884
491,0.2614614885657768,0.0081747443712917,0.1701012020765246,0.0175407661613412,0.1446968376567557,0.0600326445261785,0.0157980454158049,0.0044783808765783,0.1658062032654778,0.0175066905481054
492,0.1658090982731398,0.0072754416240919,0.2600915583793032,0.0108103499298106,0.1648190875931401,0.0833131101121485,0.0130059174027687,0.0034674909838811,0.2424745575972465,0.0107891054531106
493,0.1834545077091642,0.0092201134854426,0.2187758419064426,0.013629173240404,0.2435045753109521,0.0922856247337896,0.0242624406875816,0.0041227017572964,0.2016657828068546,0.013566279912301
494,0.0013330332405768,0.0008369530286226,0.2129082571624436,0.075719157635894,0.060170821062647,0.0093038063037928,0.0015317615247951,0.0009115831573862,0.0650311682805065,0.0092586283756793
495,0.1598306389608602,0.0075775264104969,0.1610206576174504,0.012751540399012,0.1959472180792401,0.0834330521169229,0.0099292174293837,0.0034657425781022,0.1562371107977327,0.0127161791341012
496,0.218061147468681,0.0095933339557617,0.1830569916874419,0.0164966982105442,0.2249412361031808,0.1217599247672562,0.0210216303909642,0.0050267491208887,0.1392427763149503,0.0164547688489398
497,0.5067834470791626,0.0417569273948036,7.714972403602756e-05,4.231169845938551e-06,0.1548747988590919,0.0046872092813216,0.0001085107504386,2.2119496504881388e-05,0.0002285799247198,9.04112542307514e-05
498,0.441890837129436,0.0372328297478859,0.0001185463472552,7.35697597146531e-06,0.1689122846225983,0.0067672183122834,7.172203970592482e-05,2.534616153773343e-05,0.0002661648995083,8.089071399400176e-05
499,0.2487137185202398,0.0077915833377718,0.1338296714562921,0.0121511645901263,0.2324561034835385,0.1264537900242815,0.0131260206809898,0.0038687614507082,0.1213132882549181,0.012120065876642
500,0.5492716589469603,0.022381509621144,4.327813488985634e-05,3.767612339021867e-06,0.1270385291429014,0.0131627431836526,9.626411920705552e-05,3.767187425979911e-05,0.0004108730825901,0.0001571970125081
501,0.3928086991799527,0.0071383460886994,0.2555987065389168,0.0154636673686381,0.1307095314922648,0.0548523985267829,0.0149091092900603,0.0038366081820327,0.1746338760944407,0.0154282900593079
502,0.0015559846844358,0.0009813658186271,0.025801879391869,0.0053175394187442,0.0187994295795717,0.0053547386084688,0.0013465963430714,0.0010280354372707,0.0090593010746719,0.0027135845910477
503,0.2780341772743477,0.0058012454867465,0.2462910162219846,0.0190401561115382,0.1259782471839712,0.0432950356545316,0.0143978978203677,0.0037382731440563,0.1610955393708276,0.0189929684622598
504,0.0016034965044321,0.000271670993005,4.71084986984009,0.0053669465952511,4.703898867599398,0.003378150178953,0.0042030577137611,0.0003712901984517,1.910890157723438,0.0042589359033175
505,0.011671318736955,0.0025662600699024,0.2788814364717858,0.0835207254900451,0.1216905350441038,0.0410342900464379,0.0111706291657032,0.0019698242671659,0.2484012233733658,0.0817019784950061
506,0.4857872511802813,0.0126713492285396,0.006031362614817,0.0015058959993882,0.3746149322463311,0.0255372889218832,0.0005849445312957,0.0001595618508542,0.005951213889709,0.001499278516328
507,0.2480854904951655,0.0064608063872358,0.1970700063713534,0.0380074589031153,0.1453251355513315,0.0679978223433802,0.0187058935919605,0.0043726556302227,0.1847716351164422,0.0378831903930428
508,0.0015235236943916,0.0002625150100643,3.9710018550369104,0.0053676063892301,3.964177595566509,0.0033864035064314,0.0040015063212324,0.0003606497641321,1.655128132133328,0.004303399542301
509,0.1808587830130594,0.0092991684895884,0.1732965998451671,0.0110931215897263,0.2041060678560408,0.0493163354505946,0.0153298267307659,0.0039727972984079,0.1243104103617318,0.0110530410465648
510,0.1247136683275819,0.0060018496612137,0.1801469621956791,0.0481769909016284,0.1268234016770585,0.053235324492329,0.0299157748147463,0.0038285838958737,0.1548022800264884,0.0479362914104947
511,0.1401589646462902,0.0089622915598579,0.3401456723389121,0.0095645609354906,0.239013108556001,0.0788609273999865,0.0113810915785302,0.0032513361504593,0.2956119624961427,0.0095436320612196
512,0.0007679803665754,0.0001834733309145,0.0291569928499687,0.0044754062434163,0.0170779097274305,0.0018252929341828,0.0007761585940814,0.0002275919886747,0.0074359091945236,0.0010346365202506
513,0.0027510067970565,0.0024799441582011,0.0976418769008674,0.0106216861491984,0.041145291877531,0.0138142415148889,0.0024701065803646,0.0017741508335069,0.0315146361329921,0.0067224473424046
514,0.1672301275494906,0.0098202866504811,0.2069276900500442,0.0083959241354111,0.1680447037601721,0.0309239304309204,0.0124049893737998,0.0033228491380728,0.1664245056855863,0.0083645683388526
515,0.4847646193270628,0.0443534975454156,9.483664433115612e-05,5.054167147608111e-06,0.1644593212980701,0.0043408384634019,9.313765303695304e-05,1.7219586417640872e-05,0.0002302960572461,8.624786119938796e-05
516,0.002604493419894,0.0019959833674035,0.5755526849560045,0.2873411809202164,0.2741732434805479,0.0643005266369793,0.0037859619902925,0.0016497030025638,0.3972877167511843,0.0924346546046781
517,0.2157162131233175,0.0102949410831208,0.1825903593961816,0.0146159903738509,0.2475922003196602,0.0946563956690158,0.0165738728369337,0.0045796244888494,0.1715846546481828,0.0145683203836677
518,0.3519280582472442,0.0686207763436084,0.0003376039114683,1.5300970659619436e-05,0.3164388777461547,0.0042526788266308,3.6630836617687176e-05,1.8225554423486758e-05,0.0003385323335024,7.503637501507808e-05
519,0.5050735096668666,0.0302711416352814,7.79869941246916e-05,5.299775416733407e-06,0.1542794825937324,0.0125224683859533,0.0001522115064464,3.769743983375837e-05,0.0003452033038232,0.0001119746769691
520,0.2328783985868653,0.0095604881973533,0.2370045245392209,0.0084710091131335,0.2574706998585008,0.0253683438926855,0.0123747055574905,0.0030703991984859,0.1306402611855325,0.0084330504970824
521,0.0007711883997245,0.0002712451296749,0.6618388413814381,0.0053327982906556,0.6588953634091138,0.0036072618682424,0.0022408767099169,0.000369125438498,0.3455077180688458,0.0043414253419816
522,0.0020405246900927,0.0013609102497115,0.1189721951169516,0.0234243418963738,0.0293100659198638,0.009051768828371,0.0017062861496703,0.0013012393856236,0.0294823122948423,0.0057548944573117
523,0.0016994094052698,0.0002659202216717,3.8408703937851896,0.0054267730925427,3.829954359423312,0.0034274878308012,0.0044244382069649,0.0003612258861237,1.6307277791887014,0.0044156269434647
524,0.2167559232522825,0.0091561776485715,0.1839965766711795,0.0096592137000175,0.1898834767881621,0.0483003006188608,0.0117471887201215,0.0034777084323091,0.1496561322006016,0.0096302862425317
525,0.011249868387061,0.0021405803387812,0.0025197332270579,0.0010289062268284,0.4512518181790309,0.0037469102008576,0.0001315611224023,4.5031255485945296e-05,0.0024512428248689,0.0010211737472499
526,0.0012861049269273,0.0002781422015501,2.408007002588312,0.0053255420718089,2.404742394496588,0.0034613723971195,0.0034446591576529,0.0003818110603461,1.1117018531909468,0.0044621159320799
527,0.3782224960725624,0.0070309221507976,0.1728782687139887,0.0305946615784668,0.1315606098296271,0.0517895221256703,0.0153826916541867,0.0037539152135917,0.160709036163766,0.0304969323296648
528,0.1656556593500354,0.0074589773774433,0.2411685734558092,0.015065472498987,0.1717733101042973,0.0800806857350824,0.0171331001029167,0.0047701536509929,0.2151388945471765,0.0150459347775499
529,0.1691514574364057,0.0075876704061376,0.1857665376879839,0.0105949349884296,0.1393069818045337,0.0679478415782849,0.0109761373753442,0.0034283977539351,0.120824708199114,0.0105664348354433
530,0.2631686138910213,0.0100951669837513,0.2033514833801841,0.0092264979317359,0.2353617919172727,0.0277033938082916,0.0121450925214799,0.0032112792024308,0.165785182055556,0.0091879095389377
531,0.5616186728991671,0.0071139933332194,0.1690171638201112,0.0195145549777497,0.1471815615453258,0.0695135814872317,0.0127651245860515,0.0042292922133428,0.1621151532261971,0.0194895535115857
532,0.0007236597088397,0.0002819353486433,0.5237965247063184,0.0053498641477441,0.5206791420006355,0.0036187321177539,0.0020789942099226,0.0003831847215401,0.2737278484290114,0.0041348440656457
533,0.1049112133289966,0.0076418054629331,0.1461749030603102,0.0104192254790225,0.1895873775542118,0.0998640658413118,0.0135478236916242,0.0032056515129396,0.1273927708775779,0.0103746843064214
534,0.1268431798479646,0.0080307960627357,0.2947323825864936,0.0894257403290881,0.1617516787364674,0.0814884150997245,0.0460254579558328,0.0051630330953758,0.2486102322265579,0.0887698996916364
535,0.4354010149843054,0.0333393185178303,0.0001251819631966,1.906580116665762e-05,0.1850072841801945,0.014911733673263,6.097136289001864e-05,1.3753034567230433e-05,0.0002717834814642,8.995335406251346e-05
536,0.1587420091676024,0.0068116574205983,0.2201250807323742,0.0202988508954953,0.0964265464478357,0.0452839029366523,0.0127690092188347,0.0045048943878948,0.1217134622285996,0.0202496634571743
537,0.3293428716536383,0.0092645314739016,0.1053954228688539,0.0173157175961629,0.2500979464430355,0.129522214562437,0.0152726472277628,0.0043012231226425,0.0915331536279653,0.0172278216466855
538,0.3677266593012753,0.070420893280887,0.0002447139342973,1.695459682467408e-05,0.2776103419341052,0.008355446998061,6.38171777771861e-05,1.740249151067677e-05,0.000269698060092,8.181244734826175e-05
539,0.0142457192851988,0.0025972239407425,0.2395760588291326,0.1356546558605989,0.0772230783619891,0.0376413815565279,0.0140851391969031,0.0019066920568842,0.2335190351953152,0.1288005206126148
540,0.3913000888221043,0.0337049666514538,0.0002749917547069,3.0997495275860425e-05,0.2462981690223606,0.0084629594536749,4.347895562168721e-05,1.5516633391696502e-05,0.000310258052964,9.122706408439744e-05
541,0.1389858002488565,0.0054530943117378,0.1498500986298757,0.0280958869497253,0.1086487495076177,0.0530501084941677,0.0126522521298468,0.00410707790661,0.1299185712549189,0.0279707554222976
542,0.4857948935949545,0.0334486565790855,9.261806760557716e-05,5.087942992592457e-06,0.1611396504524024,0.0051283606885756,8.910195386368304e-05,2.080789369361218e-05,0.0001943772460476,8.222484981447467e-05
543,0.1374350621631168,0.0067138901380974,0.1819118917349239,0.0133739545825531,0.1241128679646856,0.0605236868298115,0.0105490877240361,0.0034462100405286,0.1545484835943435,0.0133322116041386
544,0.1928509670658107,0.0137099839814396,0.0011527382668012,0.000304688692771,0.268365085963468,0.0421088428447622,0.0002721811414616,5.8429251612543096e-05,0.0010931620402062,0.0003228735440171
545,0.134207693785634,0.0088529378072335,0.2471965297694802,0.0100495394938415,0.2247011455427817,0.0565713174522705,0.0159533621695131,0.0035179341880553,0.1846329229546778,0.0100032921658755
546,0.5246727263916185,0.0241615787453196,5.65168583571379e-05,4.378725766676541e-06,0.1440888873692089,0.0128115277576245,0.0001501183418183,4.386993263219076e-05,0.0004028354744193,0.0001399074060677
547,0.1782812061797467,0.0095304446097667,0.1956261416701288,0.0082474995216857,0.2154912001717522,0.0269462756587384,0.0110940483755939,0.0029614239796106,0.1754884557212905,0.0082148577256708
548,0.4438182845565,0.0470385306091268,0.0001334957125835,6.806134068368551e-06,0.1869852749729721,0.0035606203181427,6.341267291786253e-05,1.2982233802149682e-05,0.0002669274681173,8.046379953869387e-05
549,0.0013134665131691,0.0002727049963415,2.4701043086771146,0.0053123983654623,2.466425718257444,0.0034104431836068,0.003517390610347,0.0003741157088917,1.110393439787646,0.0043641819733201
550,0.0059384438638436,0.0023980902946804,0.3123573379157773,0.1292267066442747,0.1549343340549339,0.064630129380573,0.0071633507306601,0.0018846867594427,0.2570636352482439,0.1195826424132358
551,0.4558006695580276,0.0076571396856715,0.2702559987869771,0.0182720195480291,0.1503262964114435,0.0682321583950943,0.0152767426430801,0.0044171360555765,0.1954020093620601,0.0182323601908126
552,0.1339761619178599,0.0080757935106621,0.1634672601883998,0.0130407953605,0.1833858803198447,0.0666446485303527,0.0115734388638888,0.003678980716738,0.1202135141358311,0.0130075876419344
553,0.2507228602309309,0.0088650222604463,0.260883480968387,0.0119267002689419,0.1748044838984796,0.1010809558693046,0.0128116006330614,0.0036616601169779,0.2468316045369482,0.0118887387516067
554,0.0129508284887806,0.0027647412048143,0.1592694965512613,0.033962448751607,0.0934533666144395,0.0419052980668645,0.0097262678562743,0.0020517626571553,0.1380226310536439,0.0336789143258809
555,0.1029790373896668,0.0050605234950141,0.2257088950248042,0.038522267783184,0.104451751256215,0.0471729562913764,0.0205747550173392,0.0036553643923792,0.1353676490181761,0.0382394012559662
556,0.0007260052925186,0.0004176716762106,0.0251476410629191,0.0050100572410217,0.0154474960617878,0.004543761647877,0.0007126367068423,0.0004887995734092,0.0088780279004366,0.0026584762219588
557,0.4312854984230993,0.0921573936328309,0.0001292441688834,1.151220254554906e-05,0.1860721775802093,0.005972466675427,6.068847311859187e-05,1.757020770880828e-05,0.0003581463907183,7.933912915988145e-05
558,0.1619637171255611,0.0286401363242752,0.0002275570174125,5.909607516088769e-05,0.4781603461385822,0.013653034508675,3.722633914406871e-05,9.74819608342446e-06,0.000438116118433,0.0001124937464826
559,0.3778370623092319,0.0362276884856563,0.0002201391665229,1.2796381586205688e-05,0.2666277048003976,0.0073958529468864,5.479508322226769e-05,1.5884097316466357e-05,0.000274205772997,6.895982060240038e-05
560,0.0315208336179772,0.0036641048290886,0.3844637797911377,0.0574722023908445,0.1928628557341749,0.0641860873512397,0.0203327970426063,0.0029105169353041,0.3047522585203892,0.0569825894489272
561,0.1621088020207991,0.0082993369436105,0.2099638694048554,0.0104374319409674,0.1918603679456444,0.0894591630421362,0.0130845294141175,0.0036650526746396,0.2034504210735241,0.0104217299472126
562,0.0009740721984773,0.0006368728105163,0.024641265708564,0.004134040361283,0.0146288457723551,0.0041888746336514,0.0009832143825456,0.0007136333841825,0.0073036999599152,0.0022026937186714
563,0.0015145147649329,0.0002607755854584,3.795471555169133,0.0053027306654043,3.788822866637227,0.0033766739321577,0.0039866224991688,0.0003585134597708,1.596462847524683,0.004266361841284
564,0.355160300514435,0.0061829206949246,0.2421853189640148,0.019890406174455,0.1147215405212374,0.0547668401109679,0.013281192590659,0.0037893780168623,0.1470507443046197,0.0198536462804815
565,0.4370406663675953,0.0352440878253783,0.0001343443688598,7.323500513439286e-06,0.194071766913411,0.0047670893079606,5.7179341391728224e-05,1.4379217934614632e-05,0.0002506491749663,6.870827588026421e-05
566,0.1969866652885505,0.0077556991369405,0.1586124993390008,0.0121019481938298,0.2427517119818507,0.1357857710673907,0.0125867401545252,0.0034399575985365,0.1002805429642336,0.0120505776923536
567,0.1259328563428237,0.0231207517155718,0.0003766800232129,0.0001030825886055,0.490103655565792,0.0125813039302455,2.89533964181546e-05,8.55978171560497e-06,0.0004093602132902,0.0001196060556521
568,0.3958958369277656,0.0082757918044948,0.1623146317930071,0.0191652845269943,0.1527431495821147,0.0648300677074105,0.0201368857453491,0.004864156181465,0.1400659285459581,0.0191091180790895
569,0.5156993979291955,0.027676917962855,6.480104399621899e-05,3.888750732436142e-06,0.1458874366781211,0.0088167492529168,0.0001140265564018,2.9595732166240065e-05,0.0003611336332784,0.000121549008797
570,0.0077041879992365,0.0026392515354886,0.2517445374590857,0.1422729340750526,0.0931104240112719,0.0563505759723525,0.0083748261964237,0.0020491989274271,0.2351032818200096,0.1313649108448995
571,0.0009817477517342,0.0002765409766776,1.035678082148122,0.005338307363309,1.0319284526496952,0.0035027809665001,0.0027427303734936,0.0003788420529212,0.5086120079745264,0.0042882260445411
572,0.4254700318652656,0.0391125787941264,0.0001574382947372,8.046842224223217e-06,0.2146601660473966,0.0045861643038813,4.947530646396919e-05,1.448238951467734e-05,0.0002694764707181,7.316431430423294e-05
573,0.2510603176775124,0.0095621748490557,0.1866446824516328,0.0102762771944219,0.1988240373360736,0.0575623633990663,0.0185889847587792,0.0037464513278489,0.1268072567932803,0.0102396236245071
574,0.0029957564071412,0.0025702720637972,0.089643837499571,0.0115258293136292,0.0339320569768939,0.0130248756745615,0.002578660527003,0.0018414072575963,0.0262457780694916,0.0068072143463434
575,0.2617820109578826,0.0078673161549163,0.2427212759091527,0.0197915847581943,0.1558630674067495,0.0694274426629784,0.0136047072552364,0.0040432925639618,0.2195878369694872,0.0197428400380676
576,0.0348913101860412,0.0073893744938471,0.0022478121008568,0.0006744145702151,0.2908970157885857,0.0044623070235639,0.0004076110377283,7.467712941827937e-05,0.0021893299374461,0.0006538116583016
577,0.1604667304339389,0.0073301815434004,0.2375899113529356,0.0115270112909054,0.2600500087880292,0.1100381820695285,0.0112484053446635,0.0033745000703991,0.1596816589210679,0.0114972574826229
578,0.4706976817156936,0.1067080826775698,9.019214871423916e-05,9.94444617822784e-06,0.1621608911210314,0.0066393527099553,0.0001038437625353,2.199667750581389e-05,0.0003722614401365,0.0001010169357612
579,0.0007325852474959,0.0002861250663866,0.1941073521172778,0.0054968789933721,0.1917052479954062,0.0039829036935734,0.0013766198670385,0.000381065431356,0.0819762991798011,0.0032362109433923
580,0.5368734417795632,0.0241699674215467,6.000936816440509e-05,3.460247060919826e-06,0.1444399947967558,0.0072896676327181,9.831641120948692e-05,2.286355285337023e-05,0.000247557123423,0.000108069783084
581,0.1837938916130341,0.0071790530846512,0.1641788207863071,0.0085167728000212,0.1598399079069861,0.0814817861822106,0.0111560650728031,0.0029497969880713,0.1357402993618587,0.0084928738898646
582,0.5270566808140852,0.0377402312571824,6.22312802488581e-05,3.434574843195776e-06,0.1449964251538964,0.0061374386281326,0.000114425187183,3.288721753380327e-05,0.0002099985018016,0.0001076151579881
583,0.0019317587445753,0.0013867187308874,0.1160479240601641,0.0258380136164527,0.0289447248637033,0.0080524911066364,0.0017306087230568,0.0012987457389052,0.028782480352453,0.0052812355305991
584,0.0037066296029217,0.0015530861498075,0.2440376764752906,0.0864379129579769,0.1058318148958543,0.0383701518795953,0.0055275269723946,0.0014122738199133,0.1646478761802838,0.0730167367308854
585,0.0020730016088213,0.0002689721529634,6.6674575498731885,0.0055207609666642,6.626239260007828,0.0036442967720413,0.0052529365313604,0.0003621605914672,2.495464180206424,0.0059853947933376
586,0.0297194517294262,0.003252700163959,0.2202543093765842,0.0277633467056612,0.1079751485847931,0.0518186049853156,0.0147295283948554,0.0028487419035277,0.1505536593635035,0.0276705291078669
587,0.2015790806159242,0.0081008125617494,0.2055173409543986,0.0158165828942741,0.172304223474314,0.0881099467680041,0.0119737465577667,0.0039913017983263,0.1558293380220677,0.0157640145518597
588,0.2805971471696439,0.0100838973234182,0.3298912971828557,0.1273882488968452,0.2277650269156976,0.1183715539245512,0.0662290786039482,0.0079029198989992,0.3207110129109887,0.1266107213938929
589,0.1918479501211101,0.010058620836937,0.1954461778677231,0.0137753263245211,0.2618636784723583,0.0815921037487111,0.0224956263030748,0.0044462825134749,0.1324234633733124,0.0137236622388227
590,0.0007907791611035,0.0001281179579223,0.0285347680205406,0.003778316247761,0.0068595486720969,0.001506468526988,0.0007062478078445,0.0001597711619046,0.0073152522514082,0.0009126964140201
591,0.209824438842532,0.0086506736820852,0.2281029835834071,0.0126577428252616,0.2169984230163277,0.06457426038331,0.0149821920879161,0.00414375588046,0.2176878579192481,0.0126105126518398
592,0.1005128108208031,0.0052213955699672,0.2742441217438427,0.0541443087806744,0.132202358022222,0.0608371927526618,0.0311675816166984,0.0037341885432727,0.1433963873737302,0.053744366155384
593,0.2454450031436746,0.035416801453177,0.0001224941353313,1.2846982707135529e-05,0.4671842162116408,0.0048255817359551,4.549424371073808e-05,1.1033460465426006e-05,0.0002469698052515,8.324911560359091e-05
594,0.255962461971995,0.0102876682411401,0.2143292450113826,0.0235550182250298,0.1757346558907251,0.0883302546140981,0.0254308663285804,0.0051811905729079,0.2034920315213887,0.0234658438516749
595,0.186762455912319,0.0076905777199503,0.1700647193340392,0.0168670248636106,0.1457226673320959,0.0684646077514767,0.0147793547010367,0.0038872054341608,0.1273987846764448,0.0168221231816325
596,0.4758709876887095,0.0826316887606826,0.0001077355139543,1.4511568044282856e-05,0.16174994108961,0.005880879963893,8.938728069046191e-05,2.2945985819203598e-05,0.0002583385619159,9.45027184699477e-05
597,0.0007359649785458,0.0002785935359329,0.1442427497167988,0.0056991099844529,0.1415806748991071,0.0042354548751463,0.0011929967843069,0.0003705521498546,0.0457197450338964,0.0027131448486363
598,0.0604956432482371,0.0049121458772953,0.3384606417059275,0.0276625330155294,0.1468020698138558,0.0436969699861966,0.0153710371520571,0.0033304043215372,0.3216196152280157,0.0276124603370646
599,0.2163321581570137,0.0064773740970799,0.2011895555598915,0.014862934721508,0.1543605897449914,0.0742505790502018,0.0132449968198525,0.0035873892149799,0.1436031222996563,0.0148212631780544
600,0.1306676936190638,0.0080102062770583,0.250169586593863,0.0105199814899811,0.2083187870781865,0.0663859470086433,0.0133261758897018,0.0035944127613574,0.1139543877750877,0.0105029748734232
601,0.0015808511336014,0.001145936914513,0.0235281490479964,0.0061369216220288,0.0218346453230171,0.006745395380796,0.001543359357152,0.0011507178796553,0.0108224418259443,0.0034165385535679
602,0.0431898157002585,0.008837230737112,0.0056741454453203,0.0010940218909586,0.4261948952038645,0.0038556924586995,0.0012184567929468,0.0001675302147137,0.0054219750339419,0.0010682779231822
603,0.05080777430243,0.0039468329904503,0.2506195305578241,0.0811731407815448,0.1312081325406721,0.0556779038815574,0.0319249126835268,0.0031800347079123,0.1667253647651047,0.0797166959361743
604,0.0014580288691625,0.0002639260565767,3.6140949336182895,0.0053466446400914,3.606803224697519,0.0033903914829319,0.0038507667941188,0.0003629206641699,1.5391015593318105,0.0042980565107986
605,0.1427751867708633,0.0077212762567453,0.1559244081848287,0.0148155156625213,0.1646164068863676,0.0773487517332893,0.0141933408981552,0.0043166304917457,0.1459996168597091,0.0147864611366845
606,0.453309155023094,0.0497188307817645,0.0001212719539382,6.329519989059592e-06,0.1687457061739546,0.0031785081537803,6.978216184741598e-05,1.340055318965104e-05,0.0002371948825805,7.213939827126531e-05
607,0.4998853190964655,0.0409590971118552,8.250092622941558e-05,4.508660852070175e-06,0.1576872519163277,0.0048912468101811,0.0001041520256642,1.973582536901446e-05,0.0002339093260996,9.100057457718144e-05
608,0.148325142201669,0.009028220237317,0.2039346273244734,0.008991090265659,0.2702067116253158,0.0550650887036369,0.0118992432149767,0.0033872889251739,0.1910361310388232,0.0089682153348503
609,0.1624978307620443,0.0276506592149912,0.0014680077428271,0.000305050648697,0.4641281781993624,0.0064422935838052,5.551281200795439e-05,1.7175454141984412e-05,0.0013644716573434,0.0002846979802005
610,0.1970068451240371,0.0101290651843151,0.1647831797348866,0.0109104017198497,0.23822759440936,0.0422227313042081,0.0149834245267256,0.0036570281949023,0.1533632447126061,0.0108653796352539
611,0.0042547751769908,0.0008829596937236,0.2107832544757422,0.1125192990238375,0.0768120912587193,0.0265717926122508,0.0076579014268617,0.000999205592781,0.1816260641357205,0.0769712658181831
612,0.1658705555673852,0.0083028569967954,0.2310754542247224,0.0118795499120683,0.1816701617975243,0.0721822259491421,0.0132019310001378,0.0035036327081977,0.1545750971293255,0.0118363840018808
613,0.166535985020263,0.0093089520352669,0.1880724446422386,0.0100154802489008,0.181701578182944,0.0768045796408962,0.0124431919962327,0.003610000102223,0.1829766224005994,0.0099853325596453
614,0.220876209042835,0.0084629970036632,0.2864296191090714,0.011460652761555,0.1758852137826112,0.086964061825925,0.0105409326821127,0.0037415594134594,0.2550948253546311,0.0114262108879984
615,0.5536151986124728,0.1082995092902434,4.9470427248613664e-05,6.481063393212711e-06,0.1271754851966503,0.0080740708669275,0.0001273225970053,5.6081040018607874e-05,0.0003346296048949,0.0001552296684643
616,0.0013577342444479,0.0002708049510611,2.6596122818429477,0.0053249529570565,2.654266691264721,0.0034106037910327,0.0036146508176288,0.0003717432246964,1.1813979329324404,0.0043262963843831
617,0.2880313790088271,0.0222942122731128,0.0044041877402125,0.0008163292885403,0.3609725556309913,0.0274560669394043,0.0007633408927462,0.0001409866627324,0.0042852730626771,0.0008148934317306
618,0.16884849624552,0.006374953573254,0.2023192822937716,0.0155840810294444,0.1271019200432267,0.0344600466578335,0.0112364613313987,0.003905707207404,0.1379342287585183,0.0155484436687513
619,0.1315834775578875,0.0075125528975908,0.2069788767293023,0.0140697714501571,0.1643949510154825,0.0786904741186333,0.0132927507842588,0.0039346049856503,0.176121821474101,0.0140447928235619
620,0.1975942905595341,0.0091731295409449,0.2181384585383793,0.012467825083612,0.2090269893762155,0.0729825463948032,0.0139447662809033,0.0039435901151243,0.1922486658971743,0.0124370537188024
621,0.1515184086690808,0.0069061381206732,0.192418488697024,0.0141879040300848,0.1761690597657821,0.0713339595238211,0.0114183786936847,0.0038692220624246,0.1762183576828019,0.0141641240783521
622,0.3008791210553174,0.0084284706816401,0.2030657523317998,0.0124054438287307,0.183539335338433,0.0966892770429723,0.0202174267198863,0.0036771947428766,0.1917732038568697,0.0123467460489145
623,0.1604387296985499,0.0098081736091985,0.2000260250758894,0.009150455066898,0.2021955425122353,0.0353703786650436,0.0151037963501045,0.0036550472034634,0.183298431867034,0.0091255448966026
624,0.2278323007162575,0.007130871982966,0.1755083088830257,0.014875875240668,0.1693198286802551,0.0891060424773836,0.0147021153597198,0.0040025055224221,0.1559376989453919,0.0148423321425794
625,0.2059286467784848,0.0087043145241481,0.1783575446898029,0.0096003975992994,0.1458830930748226,0.061843512419066,0.0106179299844211,0.0035472547750016,0.1590878452450074,0.0095787396131293
626,0.0019644615546718,0.0014532709732556,0.0258494877337681,0.0060039719986543,0.0273825730607372,0.0064138179913031,0.0017459415979248,0.0013333375872364,0.010488754644206,0.0034832353693554
627,0.489648800499137,0.1037235091502209,8.481739971763194e-05,9.503651186658145e-06,0.1600342504581948,0.0071580752219432,0.0001014997294415,2.341061351555017e-05,0.0002833392583824,0.000104087899066
628,0.2642911833613158,0.008843409935979,0.181717662881234,0.009095834231998,0.2458782065688079,0.0424447476804296,0.013886270666583,0.0032865304999424,0.1134550367972231,0.0090662993525859
629,0.0010932756882396,0.0002680177498503,1.4390410233082418,0.0053296508791163,1.4354619097310453,0.0034694864880682,0.0029979018666389,0.0003680034107292,0.68226425614877,0.0044382443536909
630,0.1889493931310971,0.0090731252650578,0.2016460490856425,0.0125038639954677,0.1406161088044098,0.0691742178588945,0.0129009407712548,0.0037015828352327,0.1701430311909076,0.0124468086943591
631,0.4839358757259301,0.0355059116454196,8.4012145460598e-05,4.892206621034133e-06,0.158479158085375,0.0053766028242643,9.633585584917954e-05,1.994346488092505e-05,0.0002149856137398,8.727505723740883e-05
632,0.1010364283909535,0.0080611508743061,0.1935961599838413,0.0091526864974956,0.1821888359204215,0.083620045543194,0.0122838072378369,0.0032534191683553,0.1722730510535459,0.0091357502933005
633,0.3858201322870181,0.0500046038077717,0.0002395736171912,1.1481637967170308e-05,0.266741209549212,0.0036501343933943,3.209095608670542e-05,1.1176213293970273e-05,0.0002979904759401,6.872471791214353e-05
634,0.1262347198980455,0.0231771356486573,0.0013048226097368,0.0004086900496933,0.4007406648503483,0.0069939504414575,0.0001419265002298,3.0134921420318727e-05,0.0012248332334607,0.0003906062505234
635,0.3856831317085903,0.0660283471341328,0.0002429777800091,1.1600440017211124e-05,0.2703327335999497,0.0036777970931791,3.631565942600791e-05,1.5571603207867584e-05,0.0002929737294532,6.885542736971059e-05
636,0.3142532285848915,0.0097795117965945,0.2980855639923627,0.0091773512121626,0.2194095113971319,0.0309231257195738,0.0148377673497725,0.0032563991362549,0.2141944440642899,0.0091409590538094
637,0.4148889432371766,0.0066791105530835,0.1509792170755412,0.0167368605806337,0.1322424491462542,0.0607645835174489,0.0117633469059105,0.0037506637296938,0.0805107128613717,0.0167055448863344
638,0.4391600389587212,0.0589956570680789,0.000152404371142,7.556584785176635e-06,0.208146110443446,0.003288731381407,5.229304194975125e-05,1.4906462782077914e-05,0.0002552931808093,6.542299565641238e-05
639,0.1069633950414222,0.0073167801665259,0.3134437930979336,0.1298635226227151,0.1823705373228614,0.0834335791821306,0.0437132401003065,0.0050242015871575,0.3032043361364946,0.1286674221167729
640,0.4973213333202034,0.0923941521990247,0.0001053686492895,1.4773313683188192e-05,0.1518075359015818,0.0075245491163894,0.0001070057398698,2.87880045294384e-05,0.0002843580080234,0.0001126229541407
641,0.5468218195296219,0.0344027259516035,4.770273086077091e-05,2.649043358072037e-06,0.1373105699675218,0.007391903018878,0.0001097136074191,4.264630164051951e-05,0.0002779190596759,0.0001300791927083
642,0.0014005939476448,0.0010571879175664,0.0251341496930388,0.0053241419431104,0.0251150478341174,0.0055658325333657,0.0014457595808543,0.0010546186405084,0.0099566265356349,0.003027743966711
643,0.2494927605956827,0.0094511640566167,0.1044701185979432,0.0104332177122004,0.2084712638616562,0.0804435197118845,0.0154481482027224,0.0034817285888774,0.1016795813548728,0.010393231210212
644,0.1377295178109848,0.0058686620624993,0.1419973721927875,0.028019992945155,0.1077096484370768,0.0372639759615773,0.0123687221961537,0.0040180621211287,0.1347133116066573,0.0278294354608164
645,0.1709727358259969,0.0074076068991901,0.2058619981427607,0.0127860737617195,0.1936330888145954,0.0914076958600247,0.0079935864337924,0.0032873806378009,0.1809964345821673,0.0127455544584705
646,0.1445463947085624,0.0072517661459283,0.2447417091429083,0.1320863403323036,0.1793653069528498,0.0740790561256287,0.059224015079654,0.0052080269308546,0.2433672633933451,0.1306534390935558
647,0.2431373325894178,0.0127306841068862,0.1471997146962093,0.0185939328188498,0.2188337495108779,0.1115480653390765,0.0270574877607384,0.005025983445908,0.1388518253421672,0.018481490788227
648,0.0016574059859978,0.0002674095990361,4.392576390893504,0.0053905048957782,4.38443297125336,0.0033847688107219,0.0043260167655907,0.0003639453808065,1.8137837921516584,0.0043008382473778
649,0.1525296963616467,0.0184067580337349,0.0028219928634981,0.0007333970844115,0.2670040366119052,0.0131129104844314,0.0001360779272242,3.838525341928504e-05,0.0027785370488117,0.0007208605759928
650,0.0007524146879762,0.0002623913244099,0.0282239695061827,0.0052620557153493,0.0247492088494609,0.0028714726960464,0.0009389476400381,0.0003387079534403,0.0087172908063532,0.0015262460532445
651,0.0007384297175796,0.000279115080664,0.142052943828205,0.0057130732904423,0.1393778322823957,0.0041617979819173,0.0011967425028523,0.0003709424622341,0.0448168664621721,0.0026975947065281
652,0.4967956298172535,0.0466861218359387,8.693387669495525e-05,5.218895352606103e-06,0.1598340824702583,0.0070346230877533,0.0001109164371185,2.67182143468924e-05,0.0003885882066169,0.0001054087180501
653,0.4359780495844648,0.0751634385151197,0.0001271970050446,1.47118362170642e-05,0.186023986620101,0.0068078526078746,6.0308878324552886e-05,1.7203985137279103e-05,0.0002836386233074,9.647882404745612e-05
654,0.2488717311169635,0.0082202029026266,0.207826847607468,0.0147888754058102,0.2257856222727211,0.1148677445710858,0.0154562364846121,0.003833147765472,0.1878222514244126,0.0147379460956178
655,0.1666074275271252,0.0083254226741485,0.2201839825052635,0.0086891802726958,0.1653652397980353,0.0657234181003398,0.0113343925515443,0.003083903117592,0.1997099425916106,0.008668275591269
656,0.2782648553431771,0.0067038844701167,0.176477878332287,0.0157003454145384,0.1393837076685623,0.0478686169881949,0.0118741748026533,0.0040742520565861,0.1573642460096636,0.0156682191774909
657,0.0077545391074095,0.0011362794290489,0.3192778692487771,0.1894711857263592,0.1258228402892179,0.048189302891481,0.012811646893367,0.0012562773850166,0.2872126118515227,0.1461745765920871
658,0.3625134346607958,0.0653376014410366,0.0001305830511179,1.1915539942988038e-05,0.3016995704282673,0.0061141162739452,5.7033497388571845e-05,2.4196173453718023e-05,0.0002179954938206,8.706703052857794e-05
659,0.2955510606148391,0.0079668513535267,0.225294016045781,0.0193978910167179,0.1043991583228087,0.0519647029815353,0.0165030998945954,0.004551731393517,0.1891193380598855,0.0193473716927843
660,0.1876225577244481,0.006538150069542,0.2213200398822637,0.0185143370823858,0.0976673673964328,0.0398316528951913,0.0128244453885979,0.0040588353141237,0.1275099798530395,0.0184615359937584
661,0.263516460503898,0.0097260565715113,0.262618860509011,0.0104276526767364,0.1727716941029572,0.0685913232681223,0.0181775768186305,0.0042905124957196,0.1737873686776359,0.0104014431001661
662,0.3945177929065598,0.0414315230772762,0.0001213178611992,1.6699559439226515e-05,0.2459116341431207,0.0107359434327163,4.384406891753516e-05,1.5754882695837903e-05,0.0002672504474562,8.747436211928799e-05
663,0.1735778202815149,0.011761432981861,0.0020524804110875,0.0004846472720441,0.3055725575913335,0.0471179296653994,0.0001238411187817,3.593414171486911e-05,0.0019845638911796,0.000467470412768
664,0.0015843934690326,0.0010973982625695,0.0797631655981738,0.0153498200329875,0.0250320891438202,0.0086475733583834,0.0024456153013781,0.0010734292548951,0.0239239954713567,0.0048981182518278
665,0.2142391772516789,0.0113398076975239,0.1908577662821395,0.010382457886315,0.1981749900360495,0.0272852608144811,0.0129995596104421,0.0036842247527654,0.1720436153832873,0.0103335319888915
666,0.311347697109314,0.0821418308767096,0.0005558265750705,2.57572578271738e-05,0.4908814319472379,0.0048969635303095,5.2392333504835065e-05,2.0557258348712025e-05,0.0005574574631636,7.322104472485519e-05
667,0.2526511280557618,0.0078973507668855,0.3580375817329071,0.0529839341199077,0.1564394250224611,0.0730297935910277,0.0257913312159988,0.005168034381216,0.2741690198513345,0.0527522392713467
668,0.1168243345165414,0.0192695326030406,0.0014088329758681,0.0004157593198619,0.3353939240595897,0.0095121612526117,0.0001533733924474,2.697865676408421e-05,0.0013423407085943,0.0004079331862576
669,0.0023876395016192,0.0017435300811082,0.0286462707415571,0.0084291324478847,0.0298352733467553,0.0093842004980474,0.0019957492835946,0.0015163992372713,0.0146961665086403,0.0047204907887131
670,0.0026876352850894,0.0013733601114768,0.2678356328318493,0.0891160724630391,0.1112798215530859,0.0339829599664889,0.0045994158188689,0.0013892088434024,0.1197168711791957,0.0662446251378352
671,0.2313373434514814,0.0110977100500447,0.22496197634224,0.0165013424853608,0.1871444865297313,0.1037021647231605,0.0252422630609658,0.0049569388351234,0.2026841273342819,0.0164357327710328
672,0.1688289106108911,0.0132868117980969,0.0028889977109847,0.0006820358249928,0.3033994928314953,0.0535895725402284,0.0006167912509579,0.0001036978056393,0.0028191761112563,0.0006760102979908
673,0.1237359036630871,0.016133572751946,0.0012683092907163,0.0003382601562166,0.2741960862293715,0.0169113424381366,0.000252631788691,4.381592458454549e-05,0.0012241770235507,0.0003454152490029
674,0.0304972632756454,0.0035050293017992,0.3599943300603467,0.1269382835171566,0.1771529608108147,0.0665070613116336,0.0270003874663147,0.0029262228510702,0.2633718269109496,0.1246147022434458
675,0.4864649345511703,0.0263573332042094,9.25055273797847e-05,5.238771845433524e-06,0.1621312105005229,0.007761592858278,9.393904172934392e-05,2.117634288900824e-05,0.000221963550804,8.762830330800188e-05
676,0.3583797056569729,0.0074614581066787,0.1652920517979859,0.0397276442801509,0.1405115740464725,0.0703782042819258,0.0237829777282536,0.00542312476644,0.1105414642839772,0.0395795973105329
677,0.0025743924995014,0.0019156216424626,0.1408726417315982,0.0530816928038574,0.0647313795173313,0.0185284498429736,0.0021612202608361,0.0015657527579764,0.066657353047727,0.0144605900205353
678,0.2395172198977,0.0071721128678145,0.131236489400119,0.0141692672628479,0.1520179758672438,0.0788644961934496,0.013143502473578,0.0034980744987841,0.0929389107889357,0.0141263708991689
679,0.1992047066049038,0.0327171700783915,0.0002431584578361,5.132778697528127e-05,0.4131439173866481,0.0095889082370585,2.9779849037791147e-05,8.387205987993562e-06,0.0003668384793271,9.175370709090876e-05
680,0.001340951253074,0.0002801345362526,2.7340447039040607,0.005314695842899,2.728808831119314,0.0034246909917286,0.003576986152564,0.0003837291322894,1.2121637309947189,0.0043493074561
681,0.0146670208650918,0.0032216065921095,0.2339719359565969,0.0882433963893245,0.1092986034778969,0.052039554150826,0.0120055551183017,0.0022644443080243,0.2067339673732094,0.0864149880526638
682,0.1453711863521534,0.0066598982393677,0.1605576554126122,0.0129609218774079,0.1498736873096553,0.0736032302903012,0.0091801900898274,0.0035670676761028,0.1387829266849578,0.0129344585595828
683,0.2507326525436811,0.0104156870622363,0.2276672839838258,0.0100153052139754,0.1998335484507473,0.0391741590695436,0.0135504803633142,0.0036391029888652,0.1828472085641819,0.0099783402707562
684,0.1856122224616604,0.0077338090480114,0.1639650668736769,0.012727954895745,0.1690779251240008,0.0844473457551509,0.0113791905402979,0.0036484048570205,0.1157805665073725,0.0126999194055542
685,0.0023497877716545,0.0019249364882361,0.1434154196320239,0.0586389357057942,0.0667641049227905,0.026125911160521,0.0029682467456846,0.0015624108665749,0.0996931005899557,0.0392142170919203
686,0.5402851161642547,0.007584712717304,0.3037314927373967,0.021824100056404,0.1526722308770105,0.0730057184435237,0.0115547081839244,0.0042455989905668,0.2511906715469771,0.0217772022933002
687,0.0444492718765241,0.0047153019620365,0.1941287294072106,0.090533333393202,0.1191001068782736,0.0538345960818595,0.0271505457635609,0.0030944649196373,0.1857889578725687,0.0891784296974226
688,0.3417510225109966,0.0067719310981244,0.1904808489265972,0.0180204815929601,0.1480158906488828,0.058106859359909,0.0144851228013423,0.0043087956685457,0.1583268411938987,0.017979215705156
689,0.4310677437297092,0.0745827096895855,0.0001433696341238,2.1975332889215148e-05,0.1844257523632566,0.006792708273313,6.268305122623797e-05,1.6643594854677553e-05,0.000244923423442,8.814117986708555e-05
690,0.1253922674623152,0.0076064458532484,0.2579976941444785,0.0100854376698538,0.2300924455178801,0.0864485997122026,0.0105765239218846,0.0033904681674953,0.1778897970687606,0.0100627907271767
691,0.4787332558540551,0.0321508884874441,9.862943259462683e-05,5.518118085053655e-06,0.1652428501983732,0.0069202554922693,9.227108388418477e-05,1.9730482099333323e-05,0.0002313074524575,8.758440748210931e-05
692,0.002194573097575,0.001442708590151,0.2941634499512615,0.0969142702942437,0.0917174439444745,0.0315393886826392,0.0039378667020482,0.0013619945912601,0.1420128647239006,0.046472352481276
693,0.0019513864565011,0.0002773391346876,6.138515339785737,0.005462116935084,6.10967778730271,0.0034969002032556,0.0050305736897994,0.0003746611921343,2.381524800761617,0.004508189202946
694,0.3135439225566471,0.0102616276828661,0.1937647629536417,0.0220282760887126,0.1753438090541864,0.093640562883587,0.025999002084302,0.0047719761165554,0.1223703435389127,0.0219427220003097
695,0.3939217537172339,0.0075564980548463,0.1995926719229369,0.0189454502916965,0.161735205984261,0.0534503798706523,0.0174757257595129,0.0045420236914207,0.180461580231777,0.0189009116864059
696,0.4647301980087349,0.0394424565160694,0.0001098736000834,5.865165458399823e-06,0.1679681381032833,0.0052445398093416,8.016756932361551e-05,1.7790256400370415e-05,0.0002430812392152,9.105018494986362e-05
697,0.0008709863337025,0.0005618663669143,0.0261922635786822,0.0039555119031942,0.0124607018856223,0.0038888298703847,0.0008694235231889,0.0006375736138565,0.0071551575735977,0.0020861017053052
698,0.4294117887482856,0.0399497508210865,0.0001515310820046,7.864088712981383e-06,0.2088972786716763,0.0048404967891385,5.217212211978052e-05,1.7592247024812633e-05,0.0002692253176961,8.025078012972967e-05
699,0.0147506164213286,0.0030717511646587,0.2972406543034951,0.0491096807775691,0.118757803210569,0.044179977465373,0.0116233829436579,0.0021918026290853,0.2617768552162653,0.0483378059217045
700,0.3533227492190844,0.0094806999014534,0.1721171606129667,0.0116142020543457,0.196256771228209,0.072576210232354,0.0130733654679787,0.0037028158490611,0.1369748876029764,0.0115779465123344
701,0.0007268717058587,0.000285179963463,0.3471150718911072,0.0054278905460484,0.3446634039179596,0.0037705046334271,0.0017434270800372,0.0003845074564381,0.1745144978675008,0.0039221204970792
702,0.0826664935252285,0.0062889467367816,0.2367908762217182,0.0509341183328393,0.1084818899576722,0.0537778189383658,0.0255569436692877,0.0043257670315608,0.2309712760866984,0.050555695040825
703,0.0037299409828265,0.0030505561790411,0.4230189860286967,0.0808659847353068,0.1028347141862501,0.0277135525908935,0.0033904141825525,0.0018322310645179,0.3263846330358189,0.049829498587151
704,0.3302612797564822,0.0074157438797109,0.144136457389896,0.0197207920934318,0.1247842566991579,0.061723639425368,0.0159874939987321,0.0045718881155027,0.1267798635864155,0.0196819352566554
705,0.1903030620292355,0.0113846685682113,0.1798573142592457,0.0252179651331423,0.1320795285017367,0.060052620693784,0.0354925902179863,0.0060524355953986,0.1781715413616107,0.0251372437210263
706,0.2017835332099961,0.0085494373689653,0.3348930774489307,0.0106972930213957,0.1634702929971049,0.0856646945430502,0.0112997233772803,0.0037080452478994,0.2547276013207797,0.0106663274773695
707,0.0014052267837358,0.0002681979293433,3.07441139949186,0.0053464732491275,3.068437235457524,0.0033964629794818,0.0037269511003454,0.0003681072970339,1.346940964418511,0.0042808893558448
708,0.2148642790828487,0.0087360208051092,0.2326470269555462,0.009489142747613,0.2139842930977056,0.0627890515877399,0.0095245584946175,0.0030906822763948,0.1888069491734404,0.0094607189348142
709,0.1334276631797557,0.0080281232252864,0.1954556429334041,0.0141491084929979,0.1621936931049179,0.063001628338508,0.0149539627981524,0.0041673806899627,0.1308054000829369,0.0141273301279763
710,0.0302113702020915,0.003062800825615,0.2289682368481878,0.0640749038376897,0.1201509391975597,0.0440710599481066,0.0238910320626451,0.0028008413538903,0.1867059118689936,0.062106243697117
711,0.0368374227273856,0.0047735004189305,0.1771674776656023,0.0526092941075441,0.1010218662992648,0.0552589466451314,0.0205183897039597,0.0041711147524,0.1204946255470699,0.051797620393179
712,0.0102949349496291,0.0013368198757815,0.1986282171377728,0.1029398655007514,0.0816082353940052,0.0263282358287511,0.0145757114351465,0.0013955334486789,0.1869746777407039,0.0930061392897347
713,0.210685852709526,0.0093996400779178,0.2268333283441846,0.007838749645542,0.1611195858249067,0.0294710933707594,0.0110342287493719,0.0030470364846391,0.2093277854973149,0.0078219765013188
714,0.1796801359732811,0.0090381992576311,0.1930614095382653,0.0131537941464672,0.2308206466807984,0.0701839560727534,0.0186388111161988,0.0040991494526819,0.1249460317361441,0.0131086322399399
715,0.0498713477546363,0.0035415484657354,0.2209079318101991,0.10423449270694,0.1361501841658826,0.0501305228360948,0.0374714278506724,0.0031948525330863,0.1952812402371808,0.1010822678054372
716,0.4334819234252884,0.0085687082110369,0.2872119659673278,0.0234162446734304,0.1776670920633594,0.0722997125956271,0.0203689664244472,0.0056188367312939,0.2665365170803358,0.0233751982050757
717,0.2672406564601615,0.0138435219852726,0.0015531714381586,0.0005198009659546,0.4295405472790501,0.0263142052903895,0.000111315339384,3.560819537198192e-05,0.0014892925376948,0.0005168114769556
718,0.2984371671582523,0.0100836161310223,0.1933296137361898,0.0096316642958338,0.1786418510270443,0.033938915109402,0.0132631370932119,0.0034457918785586,0.1812050232550903,0.0096041583341991
719,0.0698188377424458,0.0043618761105766,0.1437769395635956,0.0654300930476058,0.1452595406362518,0.0628951141253971,0.0336167733565471,0.0039673861129848,0.1210410390141799,0.0646228355725918
720,0.178623698549608,0.0074631238466693,0.1532982668685878,0.0149424691590968,0.1884016957026677,0.0969648207136641,0.0116606125853879,0.0036654353923346,0.1232877021778782,0.014912292656765
721,0.1117673149584435,0.0255534630706836,0.0019582288774495,0.0003334895713673,0.3662397665376275,0.00681551700567,6.067075046420518e-05,1.1293844092514167e-05,0.0018716764573753,0.0003156074462137
722,0.0018610827561722,0.0002730942819218,6.525788954253135,0.0054298353805212,6.506679810950464,0.0034167324795854,0.0048195429387206,0.0003713401032228,2.506892677087409,0.0043710034582821
723,0.4296906229443806,0.027348745072026,0.0001526542027978,7.928539073014422e-06,0.2080673390781801,0.0048689007628476,5.227123293939678e-05,1.210106482973759e-05,0.000265892363781,7.16785506986898e-05
724,0.1260931153512762,0.0056363496399189,0.1321564531208428,0.0567561099781847,0.1410226214753485,0.0586366897713567,0.0334802277302576,0.0038632926915062,0.1282472042685732,0.0563063905428796
725,0.4800462280163616,0.0084092003239521,0.2599869331393951,0.0268613256064724,0.1357479925248276,0.0642447216640033,0.0159532154269911,0.0049928955073516,0.2361322881611446,0.0267877317604914
726,0.0406395420111486,0.0039199961547324,0.1954695459567713,0.040918631560536,0.1015138833369415,0.0501567429573804,0.0207384468914671,0.0034936221781882,0.1164446272302962,0.0403982698862422
727,0.1680274907160151,0.0071070792960543,0.1402422833804584,0.0112934562065093,0.1312402558537851,0.0643258259751055,0.009595210508834,0.0030642038164792,0.1341656096468384,0.0112569422877385
728,0.4855617251870572,0.118811902371749,8.776405979149646e-05,8.473209254911808e-06,0.1612822038477707,0.0063332997366914,0.0001513090707903,2.6331059661955168e-05,0.0005086075447935,9.93068308921317e-05
729,0.1875045720408307,0.0241436093949833,0.0019181103003141,0.0004087120078706,0.3829500148877816,0.0061153894364225,7.368476766255186e-05,1.5861274235938475e-05,0.0018491209329176,0.0003909579134668
730,0.2122896473258859,0.0080726834953599,0.2272863985128691,0.0131147493404432,0.3050924268194303,0.0981646043370863,0.0105803296572782,0.0031485051265261,0.2025017955747924,0.0130556741697958
731,0.2499983788549157,0.0097355988177458,0.2562806816527918,0.0080774435124309,0.1997327244352779,0.0304397184489891,0.0130312592093914,0.0032869337271445,0.2112188119333959,0.0080581209201801
732,0.4713958343247397,0.0427518649902963,9.468564515394244e-05,5.440263544576394e-06,0.1629827840770702,0.0045035731167415,8.62119535676136e-05,1.9364328722824067e-05,0.0003019151867022,9.154446845112014e-05
733,0.167469333839354,0.0071510334309858,0.2061803050777475,0.0101587171268826,0.1418134672089895,0.0766724404454955,0.0094215496065803,0.0031930402305076,0.1829799214789831,0.010136229393049
734,0.0009462772236468,0.0002820987553682,1.0218169144684217,0.0053672407100659,1.0183891576109336,0.0035676651406121,0.0026500195142663,0.0003850250325075,0.521112165874084,0.0044895116976199
735,0.1571238993693072,0.0074310470572836,0.1739604870572914,0.0119571079737544,0.1976492677551124,0.0854454026655074,0.0106231832226959,0.0037070517444812,0.1674372805428843,0.0119286459302729
736,0.1445570354006622,0.0101304784623685,0.154562999693049,0.0089394958776727,0.1391891505469039,0.0405947887344535,0.0160430563922707,0.0033622940842938,0.1291874446388523,0.0089150012796847
737,0.0110183074546125,0.0019278651980048,0.3013028608784032,0.0380043732772599,0.0942292423568519,0.0356588153324634,0.0110070888118229,0.0015840720834507,0.1253318115602913,0.0372975226375862
738,0.3965458479296617,0.0629734803656921,0.0002103991268932,1.0336693170462922e-05,0.253757953417195,0.0030855749221471,3.941939594378731e-05,1.2805341553140671e-05,0.0002913736849604,6.856051139882682e-05
739,0.4554783519008031,0.0499986707388096,0.0001212931399978,6.234696138039121e-06,0.1730343124643601,0.0036570435793053,6.95907731850221e-05,1.5712499379689013e-05,0.0002612506297224,7.731138247031375e-05
740,0.0014295551279695,0.0002703523227832,2.9513950027939777,0.0053217896891048,2.9452369533467104,0.0033912228485564,0.0037840918535694,0.0003700559108669,1.2998067096383794,0.0042500578387001
741,0.0747607662425769,0.0061204446490756,0.1280325055701111,0.0821777757169081,0.1418172946696641,0.0671691494040002,0.0291883009205268,0.0040139351434746,0.1268171226880866,0.0814948591045429
742,0.0679978567581412,0.004210000760309,0.2718703915292325,0.0295105959830515,0.16204485134369,0.0545147307446716,0.0158101451325336,0.0032933528316272,0.2424816690661921,0.0293956218900524
743,0.31701339487675,0.0071085869893354,0.1631462402382797,0.0169662536200138,0.1467519447406817,0.0486697105666231,0.0130913744702698,0.0043931196463186,0.1233581452054573,0.0169445036340538
744,0.1758071303781315,0.0076009668328041,0.2191086145352974,0.013953258206395,0.1706589897941831,0.0818121682615087,0.0099620469330017,0.0037593058517799,0.2049691784594821,0.0139066736315896
745,0.1878822152361733,0.0065425971524317,0.1979221636400533,0.027278463743474,0.1073402517407301,0.0442082922546113,0.0161211183247463,0.0047429699886335,0.1740357791692753,0.0271754192730109
746,0.1475931910469511,0.0071734264714096,0.2075925233465896,0.0247252945334752,0.1259638790767603,0.0477414859170663,0.0168442520194753,0.0050937647769235,0.1859233383043282,0.0246521445895428
747,0.1268753923280789,0.0055392940631681,0.1229054024783768,0.0098881384139656,0.1136623062897068,0.0495455576518898,0.0109160806517759,0.0024793058480795,0.1092757751019797,0.0098542313831744
748,0.000730124090522,0.0002824380558464,0.4175255146485327,0.0055431027101485,0.4156931459696315,0.0040135598983723,0.00171247196284,0.0003806240356061,0.2040524055527937,0.0042424734757332
749,0.0011359436842743,0.0002733650548249,1.5518114334834296,0.0053260364631805,1.5482882610371471,0.0034430091606511,0.0031030883399038,0.0003750390708121,0.7372746085339016,0.0043360782669612
750,0.1899989900596271,0.0079991329275872,0.1887789344932565,0.0080118052635866,0.2068103976535872,0.0326702393169715,0.0085350958023114,0.0028559044600919,0.1820461595412528,0.0079861224478462
751,0.0007293002808028,0.0002846087168232,0.1248161542440446,0.0055463852631179,0.1221587184532193,0.0039104191870563,0.0012544177194103,0.0003794383783603,0.0468690129364344,0.0027674877745034
752,0.1394340975557816,0.0082098199713323,0.2076348636172712,0.0670244777768352,0.1338053772236599,0.0681861662645714,0.0334994294989872,0.0052072733623001,0.1968280418324101,0.0665982792325174
753,0.12465681320056,0.0074583181835142,0.1741685259797069,0.0142991671844465,0.1347791715041449,0.0668047281698916,0.0120676263871888,0.0039778304336738,0.1377694354197897,0.014270793272235
754,0.2103939529722909,0.0099803256454635,0.1948767786816837,0.0101377615919854,0.2285743925186709,0.03851483694597,0.0151601598014354,0.0036974712395634,0.1738540380300159,0.0100990221785954
755,0.137449194593417,0.0146678186417547,0.0019361687003034,0.0004487751530435,0.2852068413967267,0.0108223329536146,8.578040676047717e-05,1.2626042536158189e-05,0.0018818020752232,0.0004324751265184
756,0.1555440784757598,0.0071279428133162,0.2281250923352855,0.0104548620585116,0.1461973513318597,0.0671102408667236,0.0106221975139773,0.003222945526824,0.220248217994244,0.0104383977402148
757,0.5359743974422408,0.027120017664175,5.625051192505593e-05,3.4968638075846844e-06,0.1430503139470797,0.0129425743544475,0.0001817571556029,4.59589427051422e-05,0.0004610226827337,0.0001439895335059
758,0.1998642704277195,0.0071067692340217,0.1454351876422967,0.0210682552785158,0.0954006489287443,0.0476824097960779,0.0130994209698681,0.0042365269177449,0.1061157804754537,0.0210081950465909
759,0.5115491014508178,0.0315196197290002,6.397288299265663e-05,3.955124911263447e-06,0.1450808480276839,0.0060769667109931,0.0001079818297605,2.9812453768722824e-05,0.0001904491855373,9.68429668557896e-05
760,0.1106691639882132,0.0091226088181733,0.1969500618017727,0.0086057068293547,0.1598391317864533,0.060525315657156,0.0115839167012519,0.0032500398508835,0.1576241137959859,0.0085863264081579
761,0.0016767361254272,0.0002755674838933,4.242678726624859,0.0053841238240074,4.234206810209916,0.0033936460929951,0.0043763310621884,0.0003738396980408,1.76663306952071,0.0043017359505978
762,0.0031687874090688,0.0026828314733731,0.0742946554587786,0.0162603972151261,0.0410063016628247,0.0166975797497066,0.0025863800089969,0.0018643344881816,0.0353903344910212,0.0095768865902079
763,0.0505187280203148,0.0044099336121159,0.4366564623207446,0.0862018666802352,0.1543167051330375,0.0713225010527192,0.0301791387949941,0.0032915002276706,0.2682270369403393,0.0852934235768387
764,0.1040506506932499,0.0055316019317026,0.2082235776836308,0.0850243983740171,0.1335784958212748,0.0616490084747154,0.0401148757788184,0.0042769795559318,0.1860061491381163,0.0838710118056909
765,0.479347099587422,0.0443723677147053,9.01332602291239e-05,5.063402524852472e-06,0.1638858270959653,0.0036974940347997,9.287564795896178e-05,1.628032311997231e-05,0.0002179162886859,7.836710014911933e-05
766,0.1604069730670543,0.0088940497216059,0.3403904865378637,0.0095487501809384,0.2258697130217262,0.0476513862374656,0.0141634018426093,0.0035698752979682,0.3145719633039078,0.0095190016098572
767,0.2109026364712802,0.0669776317947204,0.00015915995257,2.2737485471357324e-05,0.5242903532653267,0.0068482136976444,8.53261559916613e-05,2.2536920121249103e-05,0.0003216983781842,7.486264110119165e-05
768,0.476718752484015,0.0300259231870286,9.949451892240436e-05,5.560831048441085e-06,0.1635946416235283,0.0065632221129435,8.608247560972242e-05,1.902627816297881e-05,0.0002131536246364,8.271904057001319e-05
769,0.1539570965195985,0.00709735103388,0.2316902549448747,0.0133815009402831,0.171732251962155,0.0792352378524021,0.0123030215439707,0.0040618862000595,0.122292389279796,0.0133557272268704
770,0.2291460927017961,0.0083469602204376,0.2219054527277546,0.0108365097224532,0.2465146186757545,0.04438241627373,0.0116311932128797,0.0034911853660751,0.178845773457288,0.0107910015105514
771,0.07769146035912,0.0044721366466335,0.2190722515679408,0.0500503345746757,0.1205174301997226,0.0579178035089155,0.0273184259080919,0.0039212700099282,0.1080694592515603,0.0495021819663531
772,0.0526948218143952,0.0038533491109236,0.1908610041924957,0.0772588559315521,0.1417886866760289,0.0646922098719201,0.0344343886177703,0.0037858320654798,0.1438323553977153,0.0758426364862812
773,0.4199346763340713,0.0067317809246302,0.1730080020211935,0.0199189520453572,0.1434361507186397,0.0671612230025745,0.0105795366122116,0.0037708774491994,0.1010247303752915,0.0198669956221327
774,0.0616913505582352,0.0048749985172552,0.2449934119575916,0.0488601809094198,0.1097673927584619,0.0545611279194723,0.0247373829091747,0.0039230443789126,0.127587083361534,0.0484869011800415
775,0.1500565049155615,0.0211844882071603,0.0023373874944917,0.0004226085960941,0.482387453939084,0.0099579679466088,0.000106356694857,2.3805788064916624e-05,0.0022332680056054,0.0004026120992695
776,0.05457981779779,0.0040146350650648,0.1923889482551417,0.0403896657703159,0.104783843130733,0.0474183338901382,0.0210601697214581,0.0033126123661319,0.1181798503008951,0.0400369574519134
777,0.0012358826382737,0.0008234467466473,0.0478419542883849,0.010006616617583,0.0160289526701314,0.0055342711502066,0.0013091504661242,0.0008907702410775,0.0116973352294909,0.0033696803828395
778,0.2082952952369709,0.0086919961369871,0.210014527436383,0.0090922442754509,0.2021683683846039,0.0597246713232875,0.0082433419359371,0.0029042057759724,0.1680566966343848,0.009068170267908
779,0.3370370323661672,0.0075206701429015,0.2710819749277344,0.0195387491101988,0.1454350798612379,0.0626136110568615,0.0158172941689701,0.0043853831876051,0.1537053602249383,0.0194791194513387
780,0.0015486112200849,0.0002753648398315,4.304463182472381,0.0053161511632866,4.297275092890298,0.0033754380889818,0.0040723131992258,0.0003760718012994,1.774170459613861,0.004260720943107
781,0.2483645398290932,0.0071676168243829,0.1672309751027915,0.0171866796116205,0.1277035023770202,0.0534878146260143,0.0130935407998079,0.0037112447173074,0.110029951611037,0.0171263810193546
782,0.2060716548399691,0.0542358368089785,0.0001254826926297,1.7668166456214607e-05,0.4951839183058964,0.0104178229996307,8.530352961418915e-05,1.9154202018805997e-05,0.0002447468803451,9.122990922300296e-05
783,0.4513344769545523,0.0257421673037379,0.0001221102552086,7.332101155364628e-06,0.1732748583631771,0.0081694884520074,6.97218628749554e-05,1.582468165397921e-05,0.0002630939715277,8.646667665473322e-05
784,0.0014260368465001,0.0009728865593799,0.2307383378210148,0.0804048173036137,0.0703639799745808,0.0183310701905351,0.0023146174750558,0.0010132531187618,0.0663751219288436,0.0159641910924547
785,0.4188664774037091,0.0731168540073225,0.0001475957221561,2.1362881089057555e-05,0.2122941959154841,0.0078305749948845,5.400851647505446e-05,1.665069681258611e-05,0.0002430098019128,8.284320138314886e-05
786,0.5390788394814978,0.0301470389834909,5.321734032409796e-05,3.072445462551273e-06,0.140410429678821,0.0097944397209308,0.0001142859136303,4.022673085896354e-05,0.0003330715769746,0.0001319863528935
787,0.1866330374328456,0.0081304535953881,0.2337878413475264,0.0086382719919317,0.2490032317055844,0.0393359668519509,0.0096591051368415,0.0030795500678289,0.1773124647895204,0.0086006097876458
788,0.4802021178295399,0.0835724640756286,8.812991055550401e-05,7.904800844527604e-06,0.161446844180987,0.0058118453371042,8.948027827670184e-05,2.319965652896733e-05,0.0004218028021092,9.053674592603356e-05
789,0.0014959683923093,0.0010799309300914,0.0266037830071043,0.006518946384794,0.0236591553001714,0.0063112668386357,0.0014464754662558,0.0010728558367298,0.0113036502016697,0.0036087924820158
790,0.001666878526577,0.0002693567129169,4.441802045184635,0.0054173546719,4.432731139911887,0.0033889724707211,0.0043473214535284,0.0003665372064767,1.8294067069536093,0.0043383361705734
791,0.1951474017118536,0.0089084914215657,0.2608643480970791,0.0104623510146373,0.2004229962984223,0.0574655269201493,0.0166175356826992,0.003608024100791,0.2286488432414715,0.0104239107566546
792,0.1097090850685609,0.0055696298876772,0.152951487495465,0.0565357844476527,0.1110049802273812,0.0519360641846131,0.0310844530668543,0.0040865607322615,0.1427774487889258,0.0561158448177286
793,0.0007792375123946,0.0005194964091331,0.0238724103808957,0.0039676999214995,0.0126259573879355,0.0036361038974788,0.0008509521893305,0.0005960738864247,0.0072239813605734,0.0021995256160415
794,0.0100085068893926,0.0024053559393786,0.2469440445840995,0.0664043799165309,0.1391426046912866,0.0454397249034799,0.0102447835897822,0.0020890834945723,0.196439481505533,0.0647989764093635
795,0.0569192188702993,0.0045642795344162,0.0029512215838689,0.0013330906993261,0.4303497101576826,0.0129047229471663,0.0004904774655801,0.0001145397682947,0.0029769604804483,0.0013808323367803
796,0.0015258008111614,0.0002650710670873,3.775691773609003,0.005338257882653,3.7684637791079023,0.003374633206338,0.0040125374331026,0.0003625876415371,1.598826239802822,0.0042887301625185
797,0.1323305152917812,0.0087683055514647,0.225439105230928,0.0132596378337594,0.1719607372194316,0.0815981569773292,0.0150731843617689,0.003997330076852,0.2144194876303203,0.0132234522898735
798,0.0384150747718659,0.0030028475637291,0.1549163065874426,0.0724058397783279,0.0888476665859763,0.0298399945209348,0.027572015914287,0.0028030066722254,0.1513724260439763,0.06954014137574
799,0.1247855906233194,0.0084239381888409,0.1423023365171417,0.0138921549237372,0.2086674869772072,0.0477185113019587,0.0164690062401182,0.0042875593859514,0.1240832024812222,0.0138613139301826
800,0.2598790994750375,0.0512909881399481,0.0002283351618693,2.8077981290441064e-05,0.5563277651573235,0.0060410906807249,9.98895351698788e-05,1.5166596727177664e-05,0.0004105730628982,8.461506554189289e-05
801,0.1804229561041222,0.0087095685799878,0.315902935256935,0.0148857437625826,0.1900868116625951,0.0854748529497542,0.014078740525878,0.0045217765605292,0.248792995666374,0.014852077670893
802,0.0011914506051098,0.0002684597454831,1.88588192215493,0.005280861866517,1.882344714988227,0.0034661876574197,0.003225576809836,0.0003692380382545,0.8804181782987671,0.0044897779640493
803,0.2552862014341797,0.0099788066379401,0.2583523390355299,0.0515456933069892,0.1447708872869694,0.0828505791831428,0.0317284314749539,0.0070663799287563,0.2432250205156996,0.0514038232270977
804,0.0025347727715404,0.0019260037281495,0.416903133454689,0.1617808349308324,0.1705789435961532,0.0331381898914807,0.002201458680798,0.0015796416389432,0.2291361513457981,0.0378984324036443
805,0.3700557491632948,0.0638694632240784,0.0004591029402468,9.317368454068188e-05,0.4932799636341407,0.0057304263186501,6.418598227540654e-05,1.572197422930252e-05,0.0004123496826805,7.833812737986026e-05
806,0.5493763684189262,0.0335865292561885,4.4543970994774416e-05,2.516461574493764e-06,0.1328741629696484,0.0091778987458836,0.0001197524525951,5.1507551014187565e-05,0.0003416874266193,0.0001504089304317
807,0.1784544736020573,0.0074169466601389,0.1944879254108066,0.0095464470233252,0.1770263939283271,0.0882665144912322,0.0110302619341522,0.003361844468633,0.1462248683998118,0.0095262952770628
808,0.2099962348874835,0.0085707319815905,0.2535910361342733,0.008536111147576,0.1544816540227495,0.0461774650544718,0.0124127236597208,0.0034414034631612,0.2254638053818263,0.0085160715016977
809,0.0015103605001301,0.0002647051575606,3.51756553067076,0.0053517763123523,3.510080676414147,0.0033723309737474,0.0039830968811091,0.0003627916342374,1.5153087612046816,0.0042744883922185
810,,,,,,,,,,
811,0.133200206120129,0.0075667758066547,0.2633607023422373,0.0098388522540806,0.1505661086975342,0.0752933421864189,0.0107161618384865,0.0034239321248898,0.1539823068423235,0.0098195610352902
812,0.135418558130198,0.0080578645743865,0.1445052054690768,0.0143315235597086,0.220097753795587,0.0552833078146118,0.010943672751505,0.0037831153317841,0.091509821247335,0.0142861909128265
813,0.1192883698033267,0.0180579609696873,0.0009142858973987,0.000232562555055,0.3053993305594062,0.0086139386354908,0.0001080366199735,1.883124455847401e-05,0.0007976616971696,0.0002218468589993
814,0.1303712831440949,0.0179383233256865,0.0012694120741824,0.0002016379508212,0.4551231668927165,0.0099088187551632,8.390036283600215e-05,1.944889574523191e-05,0.0011053301237807,0.000188856841724
815,0.0241093875849681,0.0036188637384696,0.1813205882966757,0.0850135484892841,0.0964142983939735,0.0424660173674471,0.0171736979592549,0.0023128647755575,0.1784672277465686,0.0826617746896778
816,0.3300055007456798,0.0069203910331023,0.1867082754437375,0.021282329634656,0.1283813612885444,0.0564187942360368,0.0150784290091212,0.0040474900836113,0.1741008444919069,0.0212458865261774
817,0.2005770413388915,0.0087291891161373,0.2057191528292461,0.0099300075173267,0.1906319236279743,0.078002923476428,0.0116633217415063,0.0036952323958765,0.1819851171112229,0.009909231483642
818,0.0321524798041349,0.0029298895401111,0.2117413451630566,0.0673094228942611,0.1160941738262916,0.04608588916697,0.0246944460207326,0.0025811843219145,0.1929433056809135,0.0660752999506614
819,0.1892960058893044,0.0059179975590833,0.1554289511637002,0.0199839744151484,0.1064542779720567,0.0415438373733569,0.0129020432840668,0.0042571718865342,0.1332539963627402,0.0199255280018376
820,0.3205302617256069,0.0091919372364201,0.1554446304254832,0.0217069591226819,0.1776200972540691,0.0823156997221562,0.0201199528886264,0.0045331283731405,0.1044455247267706,0.0216366290615555
821,0.1793364867870136,0.0078710813484781,0.1836188177663991,0.011772561305813,0.1780806036937479,0.0758925681128782,0.0113031735348928,0.0038425060929038,0.1435795528623198,0.0117550129361683
822,0.21561478534905,0.0096649248742764,0.1631737771009526,0.01193072675293,0.1675181794212652,0.0968185613912918,0.015618072065967,0.004258665865223,0.1578477561998471,0.0119030472256321
823,0.3772895979627611,0.0062735496521049,0.2049435195084573,0.0209818507186244,0.122953702981655,0.0607397420878183,0.0109370385958298,0.0038428100908056,0.1344358891674536,0.0209140285603991
824,0.4652309830048782,0.0576275410867793,9.59471206516886e-05,6.6050215776750566e-06,0.1646809228018373,0.0044922515421326,0.0001140655732629,1.976294022166558e-05,0.0003245278307315,7.333007523176017e-05
825,0.0766360853778421,0.0056758555267251,0.2278618961916942,0.0238755172492672,0.1386069697853682,0.0440607121215147,0.0120721898111137,0.0040072132321266,0.209219326645463,0.0238187443721612
826,0.5069819937296675,0.0406380612625283,7.647201798070248e-05,4.140221920578295e-06,0.154064234973723,0.0048770016197001,0.0001097800457726,2.1738026730864495e-05,0.0002308048511759,9.337740286536524e-05
827,0.1868000463001333,0.0372356887748302,0.0008449066582188,0.0001437904739001,0.6205489706053349,0.0061733778867004,4.479959649403897e-05,1.2464670551410069e-05,0.0006366082396863,0.0001223976644193
828,0.0016252119219489,0.0009931818619848,0.1206733466652031,0.0533131719450727,0.03438871962181,0.0082999915661485,0.0018425013528682,0.0010501376216335,0.0453926033784863,0.0086000065725985
829,0.0007204563628766,0.0004127407665008,0.0255039256598714,0.0039566803742663,0.0141703566795518,0.0036648504066211,0.0006749725613246,0.0004836110486185,0.0086209312672832,0.0021732080332184
830,0.0907361318150312,0.0309414972861784,0.0013999164840082,0.0002607666117275,0.4683861559207221,0.0081879866008735,0.0001214675352629,2.25084034177345e-05,0.001276927161815,0.0002561941199747
831,0.0010555891063881,0.0007123552795564,0.0245517820557175,0.0046404303927313,0.0162085141937677,0.0044407404383591,0.0010825502937467,0.0007881236171077,0.0087869795779738,0.0024800028325878
832,0.217053574933022,0.0078540196108519,0.2405465555053175,0.0124807422546319,0.1813058783865842,0.0647128578705145,0.0095784781192821,0.0037373962897638,0.165176582788777,0.012449508933638
833,0.0019503533893814,0.0002795301973842,5.546363993466355,0.0054415406347766,5.515177501493628,0.0035078309306496,0.0050148471449026,0.0003759367849885,2.1955864483827083,0.0046279661118837
834,0.3699394407917784,0.0822984440271922,0.0002423377640608,1.5615876083520706e-05,0.2759572035997321,0.0062671983582443,6.889018858820132e-05,1.8206613814401967e-05,0.0002931268529495,7.871997217377698e-05
835,0.3130829140160498,0.0073205010817665,0.3418989305123843,0.0270297818740951,0.1318776771372285,0.0541020634756981,0.0128274958748699,0.0044587530930981,0.2209348905047024,0.0269260089485122
836,0.0007533096997538,0.0002848186175566,0.1817222206084483,0.005718408475262,0.1791901310378333,0.0042822856664884,0.0012483103476444,0.0003785970314051,0.0627469324101351,0.0029932796381783
837,0.4803656446258303,0.0324927885614782,8.478325490104911e-05,5.5988957981711744e-06,0.1617525757542371,0.0061195183951852,9.620088372909626e-05,1.913455114883657e-05,0.000238480387081,9.261186483316588e-05
838,0.2666304513463905,0.009180669897776,0.2783605888148168,0.0097757002183845,0.17074020280143,0.0347712366765562,0.0122534737512499,0.0035769416609063,0.2633042953452476,0.0097441526230761
839,0.2334050215649216,0.008150430007717,0.2149006584571269,0.0090694703042163,0.1628719587167423,0.0358565466607266,0.0095798678415319,0.0029909002018217,0.2041993206740755,0.0090409068741816
840,0.5314574062369642,0.0285823833951001,4.903922261115951e-05,3.0905097919744173e-06,0.1372183084728876,0.0085775233962162,0.000102595186624,3.8964941626469365e-05,0.0002600751397363,0.0001259445916274
841,0.4771804898959042,0.0239441189801377,9.173148998644015e-05,5.645930033194154e-06,0.162582252412952,0.0084358837021226,8.914184103611322e-05,2.423757269918449e-05,0.00020360776045,8.5701148057352e-05
842,0.2615282973743075,0.0095199199634803,0.1885865576543337,0.0090581717111242,0.1679981623730317,0.0385096746254218,0.0132549218047552,0.0035750173353215,0.1731970642333985,0.0090307753122
843,0.2507054216688735,0.0081773844698202,0.1327566435779663,0.0120054846913655,0.2154838227315203,0.0831149068973558,0.0136246133558409,0.0029577717910305,0.1122777515513757,0.0119317863668221
844,0.4630869607980116,0.0267634225400794,9.944163892817178e-05,5.8615095473839724e-06,0.1648176836859366,0.0061520091715827,8.694338360781054e-05,1.7070758954490123e-05,0.0002232725933157,7.73659997186874e-05
845,0.1785727422678982,0.0077333395034088,0.2012350328923993,0.0089420686303691,0.1455630960432291,0.0765804543023586,0.0103662106242473,0.0032993799183481,0.1710014889152095,0.0089282845545302
846,0.0150288066354461,0.001799921334535,0.3730663555028067,0.1848377713167522,0.1165861870056962,0.043605683106232,0.0198069176139712,0.0016917282704297,0.3551818647356884,0.1686473187711002
847,0.0368242723709354,0.0031526966267138,0.1711197269701896,0.0600452731266246,0.1171312073163038,0.0491371117333196,0.0256989187501199,0.0026129802871106,0.1470296937582784,0.0591361505631451
848,0.5267903965197924,0.0348816454692903,5.674535558261005e-05,3.3349284141366103e-06,0.1416324709468626,0.0046274874728665,0.0001043414789976,2.9304187534006095e-05,0.0001859677791835,9.382879950439426e-05
849,0.1349487909879159,0.0074481119067928,0.1463499662917691,0.0132856487418293,0.1538065615890546,0.0723985247233237,0.0163850100821749,0.0037900780680959,0.126162946382686,0.0132587720526657
850,0.5279123728031491,0.0384559423403039,6.1030410649387145e-05,3.336124396614217e-06,0.1427986146508088,0.0052046454598165,0.0001081844433473,2.864362942467084e-05,0.0001999963746124,0.0001015032292836
851,0.0008003202781839,0.0002763973040855,0.6924937184653921,0.005299854394989,0.6890316445505622,0.0035570110792171,0.0023182833316062,0.0003764439680404,0.3574670532947408,0.0042494247203359
852,0.00077323477206,0.0001915048244203,0.0291723566343089,0.0039855985326178,0.0092952553283542,0.0010698460305385,0.0007822211448862,0.0002381090081398,0.0073552079984012,0.000739841235402
853,0.5080492244085432,0.0292747081150114,7.693551299744519e-05,4.4143323960899e-06,0.156239347251844,0.007969996463724,0.0001090001364475,2.6106624332205408e-05,0.0002321977280744,9.716171937210189e-05
854,0.0608175697091197,0.0067151518308083,0.0068860212937394,0.001044995314681,0.2565448260185385,0.0042178799484967,0.0013444312675331,0.0001360052774915,0.0068092577449797,0.0010354913957679
855,0.2630565883764502,0.0096087996904892,0.2885694339212022,0.009837562679133,0.237205132585618,0.0347570378623625,0.0139436422389291,0.003155318101984,0.2285301580569622,0.0097938620552861
856,0.2771768731051148,0.0082178552973857,0.1408997177300627,0.0109634960949464,0.1460290727361553,0.0816399096823171,0.0095838972222834,0.0032353473709034,0.1361368905073909,0.0109169427347628
857,0.1929863768425736,0.0064260403120007,0.1849694063908127,0.0413688040036097,0.1330679132200912,0.0448561195394321,0.018805058055826,0.004280243908884,0.1621047260937777,0.0410324907699992
858,0.0426184083136344,0.0040563537380668,0.3324122098909809,0.0803745440450434,0.1424959474828162,0.0741038780422235,0.0314007113920997,0.0036940351447531,0.3179520937567321,0.0792899623024004
859,0.4856308791555214,0.0430115621072511,9.434962150107604e-05,5.078109381360756e-06,0.1650718038602554,0.0052174266031685,9.51386343836881e-05,2.1785717459559816e-05,0.0002272246304693,0.000100419572607
860,0.2935488243220517,0.0077923983131331,0.2729969210402298,0.01697584876823,0.117485175421288,0.0453380424442575,0.0161626922167514,0.0044093514286333,0.1179804416470295,0.0169398900669588
861,0.0013775265324647,0.0009900538696887,0.0221940955565499,0.0048211720553448,0.0209971344919506,0.0055806309087635,0.001385558589246,0.0010507949987699,0.0115813046343292,0.0031648212251332
862,0.0688154873319615,0.005140700134755,0.2055575325427935,0.0267292016152777,0.1011795936094935,0.0367092648527513,0.0138291732182792,0.0039585241784335,0.1323215193570995,0.0265663191598114
863,0.474941385937029,0.0599735667493246,8.249326554651906e-05,5.734425490794279e-06,0.1563962460686308,0.005195942336156,9.819128140224648e-05,1.9581558335999374e-05,0.0004005603650284,9.282132429810342e-05
864,0.3106947858577539,0.0071288180249151,0.2488602764774712,0.0172020324264655,0.194987242902301,0.0580953564221611,0.0119052054507383,0.0036838060411052,0.118630138105365,0.0171529077728231
865,0.4357802109228693,0.006205129507288,0.2240058996008326,0.0171587483345734,0.1236155609312851,0.0555758343249164,0.0107138775133664,0.0038759173076805,0.1464157710143555,0.0171225587609276
866,0.1884764277674406,0.0088084687228657,0.2425545336769868,0.0104423375410679,0.1909924660888696,0.0740629435032919,0.0144926195144814,0.0039843955462317,0.1887465896991579,0.0104224302182793
867,0.000762913458977,0.0002792024628077,0.5814728661755826,0.0053264951137231,0.5780649410993314,0.0035918586980491,0.0022270064918016,0.0003806611137784,0.305923469399959,0.0041276077830131
868,0.0016021419513815,0.0002723280890918,4.039820518812295,0.0053548576872077,4.032358195051699,0.0033780297850868,0.0041947235530659,0.0003705930859765,1.6892546711840186,0.0042865628935542
869,0.5278963690118104,0.0368735257077055,5.645965042973808e-05,3.516022991369322e-06,0.1442201676239762,0.0065734840557004,0.0001140295167487,3.031521255726198e-05,0.0002510503736133,0.0001120828612182
870,0.1351151839647289,0.0079670660166791,0.1750992374282529,0.0144575094022498,0.1482938641408404,0.0726264171662854,0.0107907065649143,0.0037145383774459,0.1656369860415384,0.0144073475050288
871,0.001179966969154,0.0002703832306228,1.8974077398290952,0.0053272223199064,1.8938388965732085,0.0034648169791535,0.0031985476323958,0.0003711614004057,0.8869252417881046,0.0044890023213606
872,0.3859194927540268,0.0073171155777013,0.1440586816116906,0.0163910293732187,0.1386809705681501,0.0627036156394684,0.0138513949616928,0.0039051514339479,0.1228262233230042,0.016349376236251
873,0.1392062574248156,0.0307759698194659,0.000576617300972,9.756862510058083e-05,0.6122462238790897,0.0058526153292879,4.070511581060879e-05,7.689438929637296e-06,0.0005790216845529,8.939817216862673e-05
874,0.0007825059561609,0.0005525775752512,0.0266216014906332,0.0076529237615342,0.014969453324161,0.0044195617466957,0.0009122538044679,0.0006302173677887,0.0078589887046814,0.0028265782733407
875,0.3348350202217209,0.0059194999939179,0.1543040820954599,0.017262786382181,0.11579087438424,0.0501163554910363,0.0127895023471656,0.0033242077703915,0.0979852001208647,0.0172283589996224
876,0.3965479282208368,0.0572738711163769,0.0002122892172253,1.029536747359902e-05,0.2585559202051011,0.0037852860765708,3.745042909576789e-05,1.3345758545296828e-05,0.0003046137654832,7.737885834366926e-05
877,0.1561029156757105,0.0284772181464965,0.0007828948941225,0.000148966445187,0.3796297125263355,0.0098591883430386,5.9454259490316506e-05,1.2827428351472408e-05,0.0006524843234,0.0001275151895142
878,0.0324567517431793,0.0061129115395661,0.2507723587856511,0.0920965627657873,0.1040699914873628,0.0611046715290591,0.0174584311113537,0.0038773874478052,0.2428932245081578,0.0909292500303902
879,0.1914610970204894,0.0101449139162762,0.2030184534563781,0.0149382876055916,0.2221764395732961,0.0882978453268025,0.0192417675479381,0.0045518780906696,0.1685362544889429,0.0148673719760211
880,0.4713442265428189,0.0546500757735398,9.062065418411567e-05,5.71631157203225e-06,0.1613743916023382,0.0047339684030559,0.0001797343308466,2.1765299985050366e-05,0.000471183542091,8.086568368064962e-05
881,0.2717355808424316,0.0102588739858107,0.2173626027852991,0.010611233303213,0.1806245075906681,0.0386157970342556,0.0139963289007147,0.0038685898836637,0.1496785385497215,0.0105772914607898
882,0.210293064949753,0.0055244296143536,0.1750773941382646,0.0229732065079208,0.1162293341936316,0.051556722186624,0.0118409416641799,0.0037099069908631,0.1628374359950532,0.0229286215782532
883,0.175568273727724,0.0098525030479346,0.3021348262961565,0.0091889602383347,0.2710400535554934,0.0314075780988969,0.0149627941746165,0.0036454247192423,0.1636770124204244,0.0091612252842937
884,0.003459512574106,0.0013422918790146,0.2087490033746204,0.0903425751289912,0.1192505524658427,0.0321470544425348,0.005656933741045,0.0012666717426131,0.1745428439686784,0.066728777206087
885,0.2605631484937806,0.0095416950394709,0.1938570684573302,0.0133636844984153,0.1650190209521108,0.0762942370685528,0.0167501148514236,0.0043004153765329,0.12667223928173,0.0133167803322041
886,0.0008576775017416,0.0002828990046534,0.8860026045343468,0.0053126286493577,0.882633172434926,0.0035796662954786,0.0024475087464534,0.0003849966159264,0.4555300980604831,0.004488740901964
887,0.0064576640841266,0.0018241038243096,0.5872654955248999,0.333490293232299,0.349495955627422,0.0981642154507214,0.009675480807968,0.0015977164986837,0.516349679335959,0.1979952586347341
888,0.0012625899316895,0.0002818927853026,2.263268355398687,0.0052845418656049,2.2602180106427765,0.0034537230004741,0.0033924187773927,0.0003861311026328,1.0313133466016573,0.0044242006256943
889,0.0610606291339885,0.0039245876855146,0.2637305588557732,0.1333256731319889,0.1747070619075593,0.0725345676018792,0.0475281238388292,0.0033635558041173,0.2609064390408313,0.1310188739181948
890,0.0012773157076592,0.0006294826348796,0.0520763695024506,0.0120493182932,0.0225683637336479,0.0066894478732916,0.0022002828660299,0.0007096258332174,0.017897092144396,0.0040377047399318
891,0.0015734396919601,0.0002673699340124,4.107219846738013,0.005322494384053,4.099484586346698,0.0033691647869571,0.0041301452143607,0.0003658588312581,1.7016688162060358,0.0042773667331083
892,0.3762176602118294,0.0603095595395394,0.000266242689324,1.2951773221821693e-05,0.2823066559693473,0.004079439223748,3.9107958785986704e-05,1.5432904117431337e-05,0.0002783364262847,7.593078358059331e-05
893,0.1424075117161937,0.0462290965421311,0.0002359258056026,4.464807352813949e-05,0.445508545975574,0.0116938350580382,5.539864054209061e-05,1.3635803431384689e-05,0.0001978999334175,6.449225106052269e-05
894,0.1199009363193936,0.0172593771330466,0.0006562103131667,0.0001657914142861,0.4085572156402289,0.0196808254902535,8.17574032054e-05,2.092120404194112e-05,0.0007048420619262,0.0001999110929147
895,0.1770693042824688,0.0096437116237054,0.1915387845316036,0.0097635137966198,0.1899947850374708,0.040061831263815,0.0119281800211636,0.0036020518868701,0.1647930850036139,0.0097293159441497
896,0.1586754461033314,0.0070436707335886,0.1232164822581756,0.0135999272149274,0.1301741566900011,0.063359924785819,0.0111659861471496,0.0036743110090276,0.1091433021128991,0.0135769951113673
897,0.00073836361851,0.0002761427337944,0.0801575778635163,0.0058751818525125,0.0776925593129531,0.0040961013338383,0.0010330313483382,0.0003602129082913,0.021788002033322,0.0020419702022829
898,0.025171595051093,0.002936070328694,0.2659040895732401,0.0346301797619636,0.1187295890083062,0.0451442725296242,0.0169145027377753,0.0025759062178312,0.1624768531193046,0.0342888839155794
899,0.2310745135777267,0.0086721279021693,0.2069258420381001,0.0091783433186843,0.1955126603142091,0.0406367694368034,0.0095310216697992,0.0029829714664233,0.1981433949239429,0.009140413325783
900,0.0007297508294466,0.0002993048413401,0.0280811484240341,0.0035594208336088,0.0125170062146125,0.0027856778315236,0.0005413349326534,0.0003585124113337,0.0077618078419945,0.0017493476034234
901,0.0019532143457346,0.0013693828976163,0.0248483462463781,0.0069838068157226,0.025432100837651,0.0074883108463899,0.0016668440500259,0.001289813522332,0.0108645689393013,0.0038306590290658
902,0.2878668955966035,0.0351891760141368,0.0001132814145759,1.0767368017345202e-05,0.3689460967040748,0.0037228506183414,4.5385654598118576e-05,1.0827949188906812e-05,0.0002646880458636,9.308594234995732e-05
903,0.1829708962052503,0.010682999991246,0.2046816522283666,0.0090522496362871,0.1672629864842897,0.0417931330382819,0.0166502195813745,0.0035945123869491,0.142383403202264,0.0090249755104241
904,0.2172623291449479,0.009006806118276,0.1862623594275265,0.0102070387578327,0.2282294211961965,0.0365276807470108,0.0116316339965318,0.0032756668377899,0.135040548889373,0.0101480512822936
905,0.0007430082567137,0.0002418189954763,0.0424364757195875,0.0056566131227037,0.0390502178139924,0.003124557308875,0.0009640294256585,0.000309742696508,0.0145526292021041,0.0017754412114773
906,0.1568958915437381,0.0083113743011383,0.1683790721472721,0.0142655827375782,0.1717450527908712,0.079003617606539,0.0174448024491096,0.0045451123841972,0.1136164882385271,0.0142369269326529
907,0.0022359410583226,0.0019073497527547,0.0453920168855882,0.0122751536276554,0.0357863941279288,0.0127761309778147,0.0022885045283634,0.0015868054003794,0.019174293628821,0.0062441727582837
908,0.2548496584019537,0.0130634983756179,0.0060010396489805,0.0013145239244136,0.2468048290199316,0.0083383169412409,0.001260145094102,0.0002473864077147,0.0059284741655278,0.0013185734435712
909,0.2743544966590008,0.0088216659380021,0.1337528302490702,0.0172478808902819,0.2112513906166651,0.1183132602907731,0.0167571391824953,0.0038909857222068,0.1011620180348079,0.0171509191246665
910,0.5042469344395346,0.0440012759443635,7.909749036756603e-05,4.202469157772875e-06,0.155841556063826,0.0045249112097422,0.0001104812143664,2.321837686700948e-05,0.000227643231427,9.396112284953232e-05
911,0.2274418989376271,0.0081102409655212,0.2312945647866015,0.0106212707163681,0.2708310377077321,0.0545190291048931,0.011440582267162,0.0034474241950321,0.2126272514848065,0.010585433825868
912,0.0008315481428879,0.0005535103645254,0.0221573797488488,0.003673007281081,0.014510286827148,0.0034811305756318,0.0008831262530695,0.0006259863496541,0.0063392217592963,0.0017932029709566
913,0.1398673094804632,0.0069785154857907,0.4089417992834344,0.0535133992501802,0.1936775006808751,0.0727310475581159,0.0282884312907674,0.0053185996226103,0.2863800182548006,0.053268598999009
914,0.0007784991831166,0.0001261643989859,0.0289939491682251,0.0035165139875192,0.0049240557234758,0.0011318401702958,0.00068151139147,0.0001570630202933,0.0071636957034046,0.0009003682421609
915,0.0195522698791,0.0025478333083368,0.406854209025308,0.1374089463961121,0.2635508073121408,0.0716717608916179,0.023412379520852,0.0024253489707279,0.3386273762354231,0.1288409479312726
916,0.1216495486221146,0.0059847056566099,0.1403671959847718,0.0332716204460806,0.1086208881131265,0.048428503279721,0.0131809234691033,0.0034716733873913,0.1363006123416441,0.0331182690027781
917,0.3939349992492019,0.0439353539181977,0.0002278005858451,1.0617269873480403e-05,0.2612743675860967,0.0044230504198251,3.534687116354969e-05,1.112173510998116e-05,0.0002767832460147,6.50687512409379e-05
918,0.161243214433632,0.0063032670989003,0.2011447279121147,0.0291124209375612,0.1121808727883956,0.0565746670040569,0.0148929684958158,0.0046038403059285,0.1735541926125385,0.0289948003985141
919,0.0022451057946364,0.0016821322319699,0.3376432083079602,0.0973274816252243,0.121255763839268,0.021633783854711,0.0020382064642208,0.0014409371982165,0.1497203359479419,0.0202648336425296
920,0.5138772989670334,0.0316212432475417,7.206032750489519e-05,3.986769473207394e-06,0.1524572374636918,0.0076238423535613,0.0001144067406415,2.6736439732253858e-05,0.0002515504459139,0.0001034393862133
921,0.1572287066003645,0.0074006626122607,0.1803436242203864,0.0098385292377437,0.1518559085261091,0.082543265162152,0.011598604290133,0.0034501115214215,0.1296171418439873,0.0098214458119916
922,0.2891838381981934,0.0060191817406543,0.2378516076890385,0.0143125505197266,0.1141481234035791,0.0414699736945199,0.0108479748675797,0.0037839904714667,0.1566208954717746,0.0142757930877945
923,0.2707784497543385,0.0066885640952354,0.2180350985205639,0.0312638273454621,0.1423373607608455,0.0552748232079595,0.0120497932023233,0.004839590963961,0.200568755567519,0.0311151005789469
924,0.0022926583790362,0.0019374353192572,0.4001485786420994,0.1114195250159695,0.1392054736706131,0.0388826872953358,0.0034424906061847,0.0016153519397861,0.2266922925506374,0.0571869503638394
925,,,,,,,,,,
926,0.0234139287633624,0.0024904345134968,0.1499054712686125,0.0640723756414305,0.0810080892433269,0.0359578138613529,0.0221626415782986,0.0024345359909931,0.1398231872210912,0.0617848605698385
927,0.4281350926711904,0.0494860246052903,0.0001526701034985,8.026308547616262e-06,0.2128579269184063,0.0039093168607379,4.9796816655863264e-05,1.4147470746654492e-05,0.0002544819070263,6.865871156853369e-05
928,0.0042433944777642,0.0008711771253562,0.1728354822418553,0.064727352886507,0.0904127439638385,0.021805334732573,0.0072407632241018,0.0010066390978135,0.1187002633599663,0.0558677660455197
929,0.2085789942738726,0.0078983190017154,0.234020411926447,0.0076265037704105,0.2485106109965334,0.0329456592901068,0.0099330200597141,0.0026905295762352,0.1382835839941285,0.0076040726072779
930,0.2669205994333212,0.0074471781879932,0.1598918974555367,0.0276730270234793,0.1238224133181151,0.0597773784436166,0.0148113766091863,0.0042384944501692,0.1026536214421386,0.0276019209023958
931,0.0007193676983291,0.0002767753885793,0.2325906679151576,0.0055251158084186,0.2300606309217854,0.0039387100830155,0.0014181033058459,0.0003710947335253,0.0969372425167037,0.0033673060039797
932,0.2132063689180083,0.008444856024748,0.1823571887555098,0.0183931778199208,0.1699794890827114,0.0622751672295872,0.0169961478156541,0.0047204169590693,0.1699649153488227,0.0183548483078565
933,0.5188975192599767,0.0334899147181977,5.74451049069185e-05,3.8443596771313495e-06,0.1426409279075612,0.0081032928034438,0.0001283748522971,3.841127661887687e-05,0.0002826336408418,0.0001159612485615
934,0.4022002232447336,0.0615204524398227,0.0001983392634929,9.63443866860857e-06,0.2467825165230623,0.0036573591341969,3.953968916626533e-05,1.582357203466762e-05,0.0002750804566429,7.223403829673052e-05
935,0.3908253952914973,0.0605834335147463,0.00014104987966,1.219327954480308e-05,0.258926112913879,0.0044588263631681,4.844823322018709e-05,1.6449295118243524e-05,0.0002235103298107,6.366889167547764e-05
936,0.1279053287801037,0.0065140350462972,0.3706042546721225,0.0420259150947138,0.1476011631764333,0.0534900137524836,0.0205542001091749,0.0047870700850437,0.228020527365052,0.0417150539602384
937,0.5111909585963773,0.0427981536347924,5.5318404084717226e-05,4.242207611739282e-06,0.1462608079402682,0.0074560349007987,0.0001136449502,2.897964621223094e-05,0.0002591887779439,0.0001193451276426
938,0.3811564185424699,0.0078011852753414,0.2152392847145494,0.0224975754783028,0.1747931840295601,0.0586827366511313,0.0207958846513375,0.0051195713164041,0.117589477852956,0.0224563975292369
939,0.2157175655228898,0.0088802995551337,0.193873714343751,0.0092678166607693,0.1970050966424652,0.0426590742185588,0.0102503859623522,0.0030496383209034,0.1709941252295566,0.0092409732908274
940,0.510997868542302,0.0397045491747271,7.26790211403978e-05,3.852896254911462e-06,0.1497363870851043,0.0047765747764779,0.0001099192547315,2.316332009825404e-05,0.0002180254578078,8.767531854563073e-05
941,0.1769916989601682,0.0081611542040039,0.1858699671956987,0.0112925577185182,0.1747905977133553,0.0861261753576853,0.0136261954019129,0.0038744115395032,0.1349351479263202,0.0112656534049724
942,0.0007251588701264,0.0002840715647257,0.3533630555472974,0.0054336465496855,0.3510627866629526,0.0038346615703058,0.0017194088859624,0.0003832379920087,0.1812323345029144,0.0040234943641979
943,0.2236337146849518,0.0108395569850952,0.1664360267889912,0.0117532408836335,0.2108512187143205,0.0394680205289185,0.0155439976591895,0.0038506047880491,0.1537352007075786,0.011682404904798
944,0.3492326340299341,0.0461267215652565,9.30756626550202e-05,1.0464330011890716e-05,0.2704172595659562,0.0086043909678359,8.918653331799351e-05,3.5335062510261744e-05,0.0002401135040151,0.0001043549683951
945,0.0026653720557878,0.0019226690704393,0.1193737854619469,0.0292300952962864,0.0375356301579312,0.0141433915969107,0.0021774599746364,0.001634941788346,0.0397831775051857,0.0080508298382002
946,0.0489351398643108,0.0060287234581159,0.3549554378044213,0.045114478186096,0.1837734951151328,0.0599887138355662,0.0188594216215144,0.0047116627307355,0.2841436848470143,0.0449133951390145
947,0.3641034296568239,0.0656700658334466,0.0002947706862649,1.3955345200556876e-05,0.2960804711471935,0.0037690251214757,3.6834556761201257e-05,1.2833662855669016e-05,0.0002973456815541,6.336533353130434e-05
948,0.0008520623140096,0.0006010194538484,0.0390137691486129,0.0082703793589061,0.0161821012835213,0.0048679530906772,0.0011429153838966,0.000676467228605,0.0136339696466356,0.0031329488066125
949,0.4776295906130215,0.0294435233750679,9.884585446540672e-05,5.419054465191745e-06,0.1632084728622662,0.0057359336412985,8.714647478777948e-05,1.8872336835747345e-05,0.0001933410899294,7.875015037963178e-05
950,0.397383029483576,0.0063696368262909,0.224639788692782,0.015449689499118,0.1343632219261579,0.0610907352903074,0.0119359152267408,0.0036976625695005,0.159625826866912,0.0154250620359939
951,0.4508712135967437,0.0509062824849942,0.0001232548815522,6.474658136724308e-06,0.1739395125258085,0.0035721076279142,6.513010292026238e-05,1.5049363671444368e-05,0.0002436552541234,7.861375768594102e-05
952,0.3021090666240305,0.0075961007927121,0.2205010873470645,0.0122914899758302,0.2644882490971899,0.056183979140049,0.0104731863859121,0.0035655551019186,0.1932204292624208,0.0122771971048112
953,0.2314885668935757,0.0065863153753073,0.1946372341611562,0.0317573517819984,0.1323047955939714,0.0484220545058235,0.0162021030584253,0.0049923309591916,0.1308900592082948,0.0316134316285259
954,0.1090722387581022,0.0075864025984082,0.2581182896996997,0.0733933694719896,0.1435722484386308,0.0795017598825345,0.0348305950726387,0.00577320479065,0.2397548104514353,0.0729217480067893
955,0.0007659953402662,0.00024906064824,0.026660847952435,0.0049001872908437,0.0203357564224475,0.0023268826293185,0.0008974265794329,0.0003190634253021,0.0085067593291158,0.0012335208567681
956,0.2155657530105417,0.0089436716691948,0.1811331700069188,0.0116127078593964,0.2464846532351174,0.0761520524197885,0.0162196560975706,0.0041432897339605,0.1292171963729095,0.0115847999661294
957,0.0016945500028595,0.0002679643480225,4.028241760427098,0.0054224045082334,4.015796822964978,0.0034210362364028,0.0044097539649842,0.0003634597265529,1.6789850635038528,0.0044404110955488
958,0.1741775131448023,0.0375121480603921,0.0008203426142866,0.0001960379898101,0.467970683223382,0.0046572160698515,8.294666693789777e-05,1.734615458361018e-05,0.0007926839617859,0.0001797397215274
959,0.1577460300025361,0.0065592917864684,0.2733365905859171,0.0267331066187772,0.0908104431448082,0.0451697209182716,0.0138261426450607,0.0044595833237497,0.1463039091903713,0.0266145472361154
960,0.1339826253680188,0.008679414211916,0.2119725630175027,0.0093889249221871,0.1897289178727627,0.089800456441391,0.0120298669104552,0.0037051210918142,0.16921549044787,0.009378673531199
961,0.4732203983612119,0.0315703769437949,9.593232050115008e-05,5.543623476047799e-06,0.1665350682375325,0.0044350092574614,6.757630165689248e-05,1.321973468969371e-05,0.0002255789262319,8.529084697393239e-05
962,0.4873290975743544,0.0249470776836069,7.830564550477205e-05,5.554951056061817e-06,0.1580568922065465,0.0100095007393732,0.0001018666741223,2.306882803042897e-05,0.0002580703306014,9.990167029722856e-05
963,0.4145487078946322,0.0573739474173148,0.0001799470647585,8.74927020087639e-06,0.2339494879078145,0.0032508715174379,4.493153969481431e-05,1.129562449299217e-05,0.0002670893115295,6.69359077628267e-05
964,0.0060208876016046,0.0015749645246674,0.1768502754396433,0.0446077278742676,0.0756241686872748,0.0284935347935388,0.0076610023963621,0.0014737327710291,0.1286718716994657,0.0427435753556044
965,0.2017743486821124,0.0658093085512041,9.503748591018292e-05,1.4038028444638363e-05,0.3995434612297501,0.0069281872766744,8.356156414251109e-05,2.5429152902904307e-05,0.0002382918206848,0.0001093005037132
966,0.0007124536652116,0.0005293581050604,0.0274216084105542,0.0067121217152589,0.020256711619048,0.0061136908657556,0.0008650750927738,0.0006084230852439,0.0113486809746699,0.0032594000789677
967,0.1761865404667194,0.0077303401930618,0.2158722166833188,0.0089331748476199,0.1984352295099845,0.0483842742930622,0.0109906608356531,0.0029628016733637,0.1052583796227987,0.0089033372709555
968,0.0015574064944448,0.0010018684932024,0.1281542890541146,0.023413632139598,0.0285477741235853,0.0062020955295109,0.0024425832137477,0.0010367858626948,0.0295050628574676,0.0043376405768758
969,0.2358741077981925,0.0110418865259528,0.1969202131380513,0.0092954429815106,0.2412924401068124,0.0322614255544773,0.0114753662205216,0.0032409123855343,0.1726344589483545,0.0092533320905123
970,0.2171992281206823,0.0105402752608473,0.2038770937497739,0.0102287214462267,0.2358828339394622,0.0441392678819623,0.0172725522258396,0.0039213628846878,0.1919183944598733,0.0102006566364037
971,0.2458490380460958,0.0080931262948902,0.2318435688591875,0.0072523734498034,0.1898068655812361,0.0299800852526187,0.0093318841691338,0.0029581359207739,0.1340620776501729,0.007236621048591
972,0.529431410373534,0.0385939962739771,6.019293360686773e-05,3.252686667301799e-06,0.1429629610027545,0.005752689056296,0.0001126850891276,2.908117501418158e-05,0.0002297243382015,0.0001035992355439
973,0.1884863334627629,0.0070172133452944,0.2235470390761031,0.0405473160819529,0.1252965819688271,0.061687509432617,0.0201663672457275,0.0050023080426204,0.1744628503520617,0.0403514640269258
974,0.0007225415876616,0.0002807189017295,0.4892768218581316,0.0053365340332393,0.4859324572782987,0.0035668058291707,0.0021350467332125,0.0003816653708425,0.2605577717522234,0.0040265092109253
975,0.3809389160693026,0.0653544003620361,0.0002208343057804,1.155139770426068e-05,0.2668602723835528,0.0042211350096991,4.444429239993456e-05,1.7889059483481306e-05,0.0002737243946462,7.158841513429167e-05
976,0.0018951223263319,0.0002707064268418,4.841605739757022,0.0054662549628791,4.818868780537023,0.0035096890399319,0.0048813115484974,0.0003661496377826,1.9711342006331811,0.0045617071283484
977,0.2765135316838668,0.0067905663966713,0.1862950984358575,0.0193869341532489,0.1120342706788164,0.0439843604833493,0.0139103578738978,0.0042828106092238,0.1729312000413447,0.0193380235929599
978,0.3427983810638834,0.0688312195403659,0.0003164832021946,1.640424175652419e-05,0.3206480497567123,0.0051444736186834,4.655019027789806e-05,2.536561258979834e-05,0.0003227903110796,8.29781884528473e-05
979,0.1248700834340836,0.0063607356834298,0.1880731916087348,0.0212559070755809,0.118747790508478,0.0387068831415522,0.0170006042585418,0.0043961645104205,0.1332431938062143,0.021184313651995
980,0.2551305363405047,0.0365466977234964,0.0001477542308683,2.598274549467176e-05,0.4422923938518707,0.0159308668173336,7.129752538918328e-05,1.694711394985755e-05,0.00035784220332,0.0001061080791209
981,0.4983065237004735,0.040944530059941,8.344779847815269e-05,4.511794646639039e-06,0.1574206433662718,0.0044637691454961,0.0001001562386455,1.973527297458183e-05,0.000217384325914,8.556084586568007e-05
982,0.5201118163314222,0.0506738460711437,5.557867282435399e-05,3.934126684386732e-06,0.1420470733070322,0.0066118899225149,0.0001107495745179,2.946055305082452e-05,0.0003628655548667,0.0001149405798943
983,0.0043884291743327,0.0011743311587154,0.4369684796821793,0.2933110504810906,0.2661359159935748,0.0751055306148765,0.0090915365107166,0.0012200518536636,0.3222598337289609,0.0967881334908397
984,0.2180870706282237,0.020900327424343,0.0009922408173907,0.0002339846967214,0.4284237091333143,0.0078314182982534,6.788006226733027e-05,1.6357718502007795e-05,0.0009215170890181,0.0002169725257362
985,0.4300024310916246,0.007468079126517,0.2191550605807722,0.0181183785225322,0.1609521533382162,0.0725778543020664,0.0171318693471034,0.0045057989442027,0.1324661361430995,0.0180943444965541
986,0.1747991851297031,0.0075963004478813,0.2173415004833838,0.0123452665909434,0.196072838166404,0.0830693144970657,0.0134605613665874,0.0038640928999553,0.1856686076849831,0.0123172565908998
987,0.000782157443379,0.0001914679106083,0.0277882677961388,0.0046506088266604,0.0124379597704862,0.001758440732462,0.0008581633633763,0.0002403689218972,0.0072424707690435,0.0010438984062946
988,0.0042041055473431,0.002155470618491,0.2329692904617652,0.0640477215863936,0.0703127557683569,0.0300106163244576,0.0052529903778244,0.0017823047529913,0.1146633156605682,0.0574658297588822
989,0.3905319606219666,0.0522469170158691,0.0002002165705391,1.1679026452331112e-05,0.2601052119550858,0.005487060341432,4.03686466503903e-05,1.6661785146486792e-05,0.0002802211044875,7.110661074563373e-05
990,0.3664957926110519,0.0693746470249231,0.0002885101856684,1.3310483077976445e-05,0.2864235022402033,0.0043388500188143,4.600091647930391e-05,1.739434158191565e-05,0.0002892175035569,7.329669969394631e-05
991,0.3800379354911939,0.0699813091435962,0.0002070988432578,1.2044072657873232e-05,0.2588285300095223,0.0058242068388042,0.0001252576977154,1.959755574024348e-05,0.0004255319923776,8.467578277371126e-05
992,0.0339559685503503,0.002756188177182,0.2253046407084064,0.0571045044742299,0.1253274188087952,0.0459870281768185,0.0244967163494372,0.0025790847291613,0.1800456131284503,0.0554892138962447
993,0.0010438833157354,0.0007206046177656,0.0280238102302172,0.0062958287543455,0.0168884448079541,0.0054143567502014,0.0011242374316088,0.0007943322976252,0.0119972966150932,0.0029207544214697
994,0.1225973242719342,0.0054036749959666,0.1594535516440665,0.035664403808431,0.116928944205281,0.0519850581487144,0.0206022897254084,0.0036719149832581,0.1173062745040841,0.035464287796444
995,0.0018268289415609,0.0012609107140138,0.0676377159221309,0.0151895727858043,0.0244233042429024,0.0070244672654138,0.0017760252036422,0.0012077206920544,0.0168481328859217,0.0041337699152005
996,0.036190960711884,0.0029165458764188,0.2755783590368396,0.0844680726250557,0.1635814602321142,0.0458239146896557,0.0309161338410091,0.0027763734833955,0.2090354245619662,0.0816432506906492
997,0.3177774777333214,0.0068167716735396,0.2626477521560443,0.0158168720746179,0.1302115038340145,0.0473006378811424,0.0148805969503139,0.0041093089061173,0.2311865811751038,0.0157878924483539
998,0.1871756458398175,0.0385243192484933,0.0001583221375096,2.2690660903990987e-05,0.5142765389598172,0.0054200924124655,4.072112401535886e-05,7.572965628756213e-06,0.0002759080738965,8.809568930301717e-05
999,0.1401446513230454,0.006587461833635,0.2730508216475131,0.133625174157993,0.1876828545862721,0.075077214002569,0.0621867494285037,0.0047409597137662,0.2712399769123217,0.1319600289648362
1000,0.1566076656217702,0.0084255155147031,0.1553058324046823,0.01157558736097,0.1809542271061725,0.0906174720435568,0.0116566394145427,0.0038102511211626,0.1328903414112935,0.0115467296072826
1001,0.1753100757058548,0.0081042642173549,0.2010100299809254,0.008983670825122,0.1630615374327235,0.0408985604647214,0.0123062378936372,0.00330048882641,0.1886683105688828,0.0089602147747178
1002,0.517196187030471,0.0264693771739525,6.960774618476632e-05,4.020581198619112e-06,0.1486895959700226,0.0076718651570504,0.0001098788280199,2.9501585842565263e-05,0.0002619828024211,0.0001053166308663
1003,0.4291244745213318,0.0548822788792496,0.0001548457413227,7.771505652160363e-06,0.2126850740026876,0.003520444688225,5.172338789737898e-05,1.5146742313875492e-05,0.0002635979005631,8.025432904812124e-05
1004,0.1254673110848861,0.0075232667928981,0.165006905068299,0.0133973648718651,0.1476482541335095,0.0619457457845478,0.0164579238101557,0.0044590232860568,0.1429133166305227,0.0133809295183391
1005,0.1315789621232121,0.0069561965802763,0.2566888281410786,0.0285291624124248,0.1375823203908851,0.0538392416786683,0.0158112954259962,0.004823660532578,0.2244366924932334,0.0284607299374813
1006,0.2881177995230237,0.0059071477519216,0.1635276228655282,0.0237264929738218,0.1174470673929003,0.0541653129695895,0.0130699578741666,0.0040796954079699,0.1303891289052534,0.0236576424595996
1007,0.4126858636721599,0.0085355699693066,0.1968388810251103,0.0194413139027143,0.1272587300993435,0.0604387357811018,0.0212934951814582,0.0052447899806513,0.1802818006227206,0.0194244162339042
1008,0.418143135251295,0.0625860840998363,0.000168265329598,8.656528683247949e-06,0.2247116520756698,0.0033569127541972,4.458793728840842e-05,1.5554441838272526e-05,0.0002651987680234,6.304024565038352e-05
1009,0.4402299104445671,0.0342446269702692,0.0001214692379003,7.081444987798609e-06,0.1753953700857277,0.0052020358123549,6.502116318740978e-05,1.695327218459104e-05,0.0002444261363778,7.408852716262463e-05
1010,0.4734921552080534,0.102694169567259,9.375648565729884e-05,7.720217318826733e-06,0.1614116478591135,0.005416317932002,0.0001293194465707,2.7018310145423108e-05,0.0003420150558911,9.01184435976402e-05
1011,0.3599474701619355,0.0679629344323725,0.0003047531272779,1.477393781391827e-05,0.3058349148846465,0.0033789760476294,3.4097037623952675e-05,1.2263073918099929e-05,0.0003067907199402,5.558113188211115e-05
1012,0.388583772518148,0.0067546548919,0.2334757865131739,0.0186360251520695,0.1241450801276244,0.0568478344180033,0.0137259127242689,0.0038594450377574,0.1444750604375149,0.0185815922031564
1013,0.1787418470590037,0.0296768414613177,0.0003306082670434,7.00665307880563e-05,0.4624891188574975,0.0108907971020166,1.7128724863065285e-05,5.819819654396688e-06,0.0004676136433122,0.0001339385067838
1014,0.1457639021452358,0.0072489429362861,0.2690307624248823,0.0096075836893893,0.1641744364147494,0.0808517248001332,0.0113360097839595,0.0030971675551739,0.1583225044896796,0.0095882581604467
1015,0.4195475636410991,0.0058069840372675,0.1489356508125926,0.0147052682111793,0.1232072008419389,0.053865121710727,0.0091760050007759,0.0033207902007314,0.1411597164171233,0.0146717189292926
1016,0.0430965422932571,0.0047204548284859,0.1856784112190234,0.0574494679726515,0.1320031266948768,0.0637781142724107,0.0198066377380627,0.0033583889692031,0.1796648498864964,0.0570008839720179
1017,0.0007387148581546,0.0004344961843466,0.0280006978062555,0.0043382291707428,0.0143286911469529,0.0040490027809964,0.0007251891608191,0.0005074703690889,0.0071957150964838,0.0023660288584306
1018,0.2026670125959648,0.0065974884897702,0.1766983416754487,0.0103990824660842,0.1600704124849706,0.0816223389229684,0.00944176283575,0.003248619260111,0.1374971211265571,0.0103699480443177
1019,0.4458904316953596,0.0466598560364052,0.000113985115211,6.509553809324974e-06,0.1660082558208052,0.0039661961580255,7.672152790951607e-05,1.814419711289471e-05,0.0002646055062111,7.175887577621633e-05
1020,0.4241319439239238,0.0073187252860296,0.1832260578509285,0.0229028776878208,0.1415675466928112,0.0692879782618704,0.0147889434039657,0.0043212133015547,0.147066016757187,0.0228352005778036
1021,0.001873502714519,0.0013767516007101,0.0271565869937857,0.0074083975862337,0.0236697056303685,0.0070137101192887,0.001664352016831,0.0012478937882738,0.0111324250923117,0.0037545383767783
1022,0.0017036651387125,0.0002737434061224,3.925832087194739,0.005418725955281,3.91414541369294,0.003436205974057,0.0044285226702314,0.0003706545120082,1.6423369928266534,0.0044504384285834
1023,0.0016299467194578,0.0011526234628734,0.1951966400695513,0.0679791751814914,0.0547988114835586,0.011757245616879,0.0016387727456687,0.0011609434660132,0.0570151148354885,0.0102065743536033
1024,0.253931567798925,0.058565090991574,0.0001239482519991,1.4250533458766524e-05,0.4911652132505313,0.0047879406747864,7.457069300938466e-05,1.3070846687660232e-05,0.0002444155350324,8.199566270990828e-05
1025,0.0019867481379418,0.0002723601994852,5.079046115128292,0.0054864860073336,5.050554468140973,0.0035392845431787,0.0050904044688091,0.0003674832562772,2.052151987109546,0.0047262722889933
1026,0.1761299431000468,0.0584100830631016,0.0001755742353039,2.6256360042828888e-05,0.5050932137244936,0.0064213036019534,6.974855500046792e-05,1.659641513672685e-05,0.0002106850745124,7.653196496614548e-05
1027,0.4389915510617025,0.0605561013348624,0.0001226027631511,7.51677347725549e-06,0.1797445604515668,0.0052558874426259,0.0001447160465546,1.9893373714918136e-05,0.0004362801471462,8.11178773507031e-05
1028,0.4203745206683658,0.0565672917975989,0.000164773967733,8.333983766854173e-06,0.221489179429204,0.004220600688795,4.753829757595618e-05,1.7318834357253263e-05,0.0002686939858572,7.656875025950195e-05
1029,0.0017926817305157,0.0002719753315307,4.8927005418212905,0.0054329635589237,4.8737463352719,0.0034620833403939,0.0046398745323948,0.0003677678519984,1.9771269868341252,0.0045517381269334
1030,0.2144365261795557,0.0090081192257708,0.1859722849548037,0.0091784678156096,0.1706136577298121,0.0413350862913291,0.0117180472110168,0.0033534025682635,0.1562875361628913,0.009153354592241
1031,0.133957351884577,0.0069685833508294,0.1665348795352275,0.011618609258518,0.1527054162149921,0.0674798394537549,0.0119431715683127,0.0036765896673948,0.145478487192467,0.0116003915463095
1032,0.4792113809928749,0.0399115405198729,8.894397355198525e-05,5.072245205060179e-06,0.1629933367364352,0.0046684150647228,9.387117361474596e-05,1.706261483732951e-05,0.0002477213094672,8.796171692512569e-05
1033,0.4290289556591928,0.0540911742889029,0.0001342329433584,7.899747088696727e-06,0.1942671891727956,0.0058018023715896,0.0001288876747317,1.966494639979944e-05,0.0004118048800797,8.79123284599052e-05
1034,0.26100154370176,0.0076563686003529,0.1781900549728562,0.013114590056915,0.2104503614770232,0.1142527840551547,0.0135849464473829,0.0039306516865027,0.1313566849595377,0.0130897364866257
1035,0.4095327537779167,0.0074638328439694,0.2413704973094594,0.0162888791961292,0.1414346437735198,0.0645678023529342,0.013063073577953,0.0042258380807987,0.1455478735034117,0.0162653096984002
1036,0.0023730628911852,0.0017517097264288,0.2801852839054916,0.090100537617396,0.0962948791740255,0.0202081802110992,0.0020406702770032,0.0015108609643704,0.1080411791653868,0.0178376920045224
1037,0.1803868285752934,0.007798741830776,0.2374611890011592,0.018326772521875,0.1629610341169627,0.0680417935469121,0.016705208045424,0.0042465310396656,0.2054524419201992,0.0182791794438438
1038,0.0204119671901095,0.0023604809531337,0.1917321944955115,0.0560994261882636,0.085140947119707,0.0352874014324233,0.0192321332308387,0.0021614587705033,0.1322531650835008,0.0543018914533343
1039,0.1976483332069208,0.0075920919093357,0.1827268955112994,0.0122990805947363,0.291450587160656,0.1611269353155975,0.0127484796986335,0.0033906299246039,0.1133952054133205,0.0122567217337731
1040,0.000856817915728,0.0005885464551978,0.0468200031463014,0.0108068325765738,0.0166598049825314,0.004285657670084,0.0010029919305523,0.0006715960273855,0.0105828074326054,0.0032389281751113
1041,0.4236259196823194,0.047238336147567,0.0001609470324569,8.117247395410299e-06,0.2186745938207217,0.0037866379333314,4.809283588085153e-05,1.2013849945823258e-05,0.0002919672093855,7.742432104307093e-05
1042,0.4454671527305313,0.0488233613526295,0.0001243126653875,6.616608239010557e-06,0.1769759836767963,0.0037949966647783,6.0871224095315255e-05,1.5724864854638945e-05,0.0002518633097943,7.973391473231132e-05
1043,0.3316245015127391,0.0761108611921006,0.0004152807966843,1.911047539231432e-05,0.3712009156326733,0.0042856807990333,4.389773692040297e-05,1.7871237449462266e-05,0.0004164109892699,6.735134401256262e-05
1044,0.5399316386337745,0.0332916841248629,5.290657164931365e-05,2.939518345988752e-06,0.1409364198353122,0.0085856797053335,0.000115359931517,3.851846736858616e-05,0.000314822842458,0.0001303507111777
1045,0.1724338249903275,0.0084244001126014,0.167951222101176,0.0098344092927895,0.2080859523972062,0.0881899012532553,0.0131892441268717,0.0035171322690483,0.1511679577759561,0.0098155887590525
1046,0.3639691476647932,0.066481007583986,0.000293043193565,1.367276299417723e-05,0.2919448223201688,0.0053764889310748,5.7143580788068725e-05,2.7040555445123823e-05,0.0002948715172567,9.327717422870844e-05
1047,0.4902408601724035,0.0278675519393846,9.023134770331771e-05,5.021109920582992e-06,0.1624249953711586,0.0064268953590623,0.0001003816491567,1.9953055375310735e-05,0.0002316150245264,8.549460183008898e-05
1048,0.3955326362982525,0.0052741991918418,0.1616641832408348,0.0163536891643988,0.1395395137607653,0.0608478311924072,0.013213418739759,0.0032302084119754,0.1277302320486383,0.0163164232452172
1049,0.4110629524351291,0.0549594175519231,0.0001674385882252,8.781672450353258e-06,0.234235320976539,0.0040523976352529,4.229719142192891e-05,1.5614798953231898e-05,0.0002840398085493,7.77255125581811e-05
1050,0.2069951060267845,0.0072738147656738,0.2067854147722753,0.0939804936619806,0.1611729119818917,0.0726214001914468,0.0506229238356601,0.0053831546293864,0.2020883040933478,0.0931443105422243
1051,0.0041244728071559,0.0016179165225365,0.2175646481647856,0.0419375678187004,0.0931689687593078,0.0241675503182053,0.0053667619953706,0.0015450998172119,0.1337896532538448,0.039767028265857
1052,0.5515830951616213,0.0365986344800752,4.259441003557139e-05,3.1604535646130182e-06,0.1325008311102377,0.0084259115451341,0.0001158774191405,4.054247782857351e-05,0.0003210294179372,0.000144968829641
1053,0.1809352423083189,0.009638471714622,0.113281454032325,0.0141615501454644,0.2043905104439915,0.0688429836166162,0.0178503062723474,0.0043938075810935,0.1060241447376397,0.0141233478785588
1054,0.4364570868715555,0.0526499799183694,0.00014247053162,7.396713717466964e-06,0.1980270648770963,0.003455875303247,5.5671463220090855e-05,1.359985597717383e-05,0.0002464755689167,6.82790300283908e-05
1055,0.4108222228423011,0.0880784697993836,0.0001589555490587,1.112776480906082e-05,0.2228591890912732,0.0059771135765674,9.021342540015702e-05,2.1694200787084875e-05,0.0002725633159156,8.878645712527132e-05
1056,0.1836918798996283,0.0089027318056847,0.2508474324294835,0.0152535719908193,0.1939365064044782,0.0952190206007724,0.020731683286614,0.0047357929722221,0.223773411716997,0.0152099439981852
1057,0.0026364189926046,0.0017495044835605,0.4362013184315595,0.2030990818734678,0.2291404495667525,0.0493473821629939,0.0043681595870282,0.0014858546548099,0.321981227298893,0.0755721915884926
1058,0.4364887790751787,0.0450965375789631,0.000124217218423,6.991996470856827e-06,0.1804603227325018,0.0042886548521547,6.62107004012253e-05,1.4702483153730412e-05,0.0002467635214141,7.60404202253737e-05
1059,0.0433861613735484,0.0035585747214756,0.1358213874250492,0.067390020022375,0.1316606452924949,0.0539914553977466,0.0292733352135635,0.0032765115245841,0.1317444222489312,0.0659943389140773
1060,0.125975428924744,0.0073463158495545,0.2166876846583204,0.103283797227056,0.1659901768581397,0.084751169226827,0.0415558336434945,0.005691189399077,0.198886322721357,0.102267770384048
1061,0.1947918899534498,0.0083368530167935,0.2220460345146074,0.0085802748480516,0.1377883321066359,0.0436017711163021,0.0110031577519142,0.0031579844931175,0.2055291367830819,0.0085618008214666
1062,0.1701188588337772,0.0096272667720883,0.2317532258027119,0.0087591958428724,0.1926069726877871,0.0299599429460613,0.0144738242501856,0.0033340142748791,0.1472924574097245,0.0087261942704835
1063,0.4394097537594184,0.057973986829385,0.0001407799703724,7.121046188057986e-06,0.1931050033957884,0.0034692298870861,6.007258001752055e-05,1.8076236426714643e-05,0.0002463498574031,6.752394826835545e-05
1064,0.5302654171904979,0.0272780736840602,5.166008442349881e-05,3.2927268693031825e-06,0.1395979137447539,0.0102886470875101,0.0001057955995207,4.034842578773417e-05,0.0003295777079856,0.0001350974036878
1065,0.2555231573262382,0.0067627950647238,0.1654911661221842,0.0190866642932952,0.1132231768745169,0.0501563489539125,0.0155548594571341,0.004298992236718,0.1334875464566525,0.0190531579565102
1066,0.19862853244893,0.0095963175165899,0.2285678911006786,0.014269100747423,0.1945288403377106,0.083005951872135,0.0154550453852027,0.0044103370204124,0.2176880656932691,0.0142331383702866
1067,0.0832932625484308,0.0055207346476312,0.2292107028717503,0.1068618525247929,0.1601379311066429,0.0759058677239025,0.0455823514446263,0.0045918889606949,0.1873163403323006,0.1054136046386091
1068,0.474983673887822,0.0307406009991104,9.201610232664028e-05,5.93535031365946e-06,0.1688377125913384,0.0045605215877258,5.903865746312312e-05,1.246610383946012e-05,0.000220113461508,9.119035302736476e-05
1069,0.1699879099446925,0.0350488411723138,0.0001776675232115,4.0374390821164e-05,0.3527782041516979,0.0064212603534772,7.129782297286254e-05,1.603713229860765e-05,0.0002559133953627,8.021243319686748e-05
1070,0.4066235529241743,0.0640051901491655,0.0001883624654673,9.317016144741726e-06,0.2407477696573439,0.0033202604393351,3.999715600284731e-05,1.4697082448309412e-05,0.0002727233138071,6.424737280890697e-05
1071,0.0007338525337605,0.0002839149551153,0.1781615912271394,0.005715127460614,0.1756646583721956,0.004218588855875,0.0013020468435078,0.0003770361518732,0.0670968219189016,0.0030945124406115
1072,0.4072785822746907,0.05704264183644,0.0001652207821194,9.356500355963188e-06,0.2325941455319356,0.0046387572265527,0.0001105584146707,1.6394027583487102e-05,0.0003466347358335,7.514923516582534e-05
1073,0.3905827777189044,0.0576061379650622,0.0002284646265577,1.1073772758882488e-05,0.2675460653674872,0.0035855413314061,3.426067084824353e-05,1.3391659736304496e-05,0.0003046452314642,7.671944057726291e-05
1074,0.0233197630918007,0.0021656584967385,0.251140653583286,0.148526118035749,0.064756146400119,0.0292245196544886,0.0280405210315248,0.0021126260139314,0.2426700310988944,0.1404408915084541
1075,0.2652191388450212,0.0083082493506898,0.2789811736606257,0.0272696968487011,0.1562261190320516,0.0611085998907988,0.0185442263054448,0.0057187601795183,0.2523064315277868,0.0272204321844758
1076,0.0024896676021161,0.0008378808817549,0.3797321324309213,0.2153967838201439,0.1845044804788353,0.0371252377675457,0.005553927897107,0.0009348406468755,0.2030906573683717,0.0421074477497859
1077,0.3930234534302196,0.0627244306769884,0.0002214321593702,1.0666186097625051e-05,0.2607564151952957,0.0033975689947419,3.712269148974818e-05,1.318726625401726e-05,0.0002941569987952,6.8974473863849e-05
1078,0.0016303181845296,0.0010750437411538,0.1290562302413106,0.0476648358599487,0.0527025961761794,0.0148890914134345,0.0023652407516731,0.0011243972838599,0.0613041381147696,0.0167556121137507
1079,0.3897078539537963,0.0557957265414418,0.0002326495204262,1.1358129037014284e-05,0.269394071652779,0.0038830276838094,3.1912532894138446e-05,1.219306571167098e-05,0.0002874893252319,6.953964897881674e-05
1080,0.1734152074201856,0.0101675044621277,0.2370783425848268,0.0097213696588388,0.1748272264258548,0.046542507408015,0.0174471092374531,0.0040692999353485,0.2266403515439277,0.0097028128907785
1081,0.3715861041631532,0.0653071729649728,0.000236860992389,1.3354437699594975e-05,0.2803566620137073,0.0038520708968865,4.20166388238281e-05,1.3947428364506146e-05,0.0002435313550737,6.026259614440863e-05
1082,0.0019575819439716,0.0002736328851853,5.826629269936882,0.005474441631522,5.795425317292556,0.0035312681835685,0.0050273892858988,0.0003697305550549,2.294783570812296,0.0046523577724461
1083,0.0515711510361536,0.0040091415292647,0.1585230121962001,0.0358234765241977,0.0869868054619078,0.0444394539078912,0.0197137121328986,0.0034586112930203,0.1229756635202943,0.0354122226300553
1084,0.4353995893734238,0.054177050860446,0.0001455468233331,7.334147453387604e-06,0.200604173031615,0.0033855280582931,5.391019987092513e-05,1.3958549139597653e-05,0.0002619121132152,7.302735458868282e-05
1085,0.4023502380772515,0.0077824616984429,0.1755582809662362,0.0153113893199704,0.2050037023243434,0.0615704693150565,0.0117919728451937,0.0040220805519133,0.1476252854553086,0.0152889738758328
1086,0.1726947786825305,0.0203526270612395,0.0005032072888913,0.0001381470819396,0.3361261207874623,0.0149894076221267,4.498357477998911e-05,1.6534857926151353e-05,0.0004537753312377,0.0001791845084724
1087,0.4755617721916673,0.0431724347755809,8.917561586766246e-05,5.096295805341019e-06,0.1643617997545943,0.0041421442117068,9.140278029199008e-05,1.7572863622677373e-05,0.0002388511855957,8.30670380674725e-05
1088,0.3180334515847299,0.0740608705855696,0.0004996899669917,2.266477896468797e-05,0.4491134116884658,0.0049359826726916,5.771434493272847e-05,2.1022256080909177e-05,0.0005010841029992,7.63039134303135e-05
1089,0.5264695051813789,0.0357807009035675,6.24103836679029e-05,3.4458994845005005e-06,0.1446892796902101,0.006317785837902,0.0001133991263959,3.298066614610611e-05,0.0002384014431734,0.0001127064387802
1090,0.4342418200219247,0.0741592828198732,0.0001254994235012,1.0319543114320995e-05,0.1825107319885641,0.0060018785420907,6.244271459531415e-05,1.658847730062325e-05,0.0002510466379347,8.243247919986889e-05
1091,0.5455042074427227,0.0347160214950803,4.850090125736107e-05,2.714843198392897e-06,0.1375887479686315,0.0101157943612875,0.0001233102856218,4.9488098241608734e-05,0.0004100903406531,0.0001582284177605
1092,0.4875472371673268,0.0447307035956781,9.189978938472766e-05,4.933016501515142e-06,0.1615504159511983,0.0037870969738352,9.459747716608932e-05,1.7021429997024385e-05,0.0002311090217093,7.955954669711804e-05
1093,0.1278760090923008,0.0069935427705548,0.177201336609601,0.0126822333968943,0.1490911171627263,0.0693194204839532,0.010881875560902,0.0035368313074287,0.1519593273632681,0.012647128645408
1094,0.267626409022303,0.0086274781132971,0.228054498391858,0.0109430314145678,0.1853945065192932,0.0663081932252724,0.0125171926260463,0.003648695442654,0.200659948914471,0.0109103280194884
1095,0.003995080136644,0.001056064019993,0.1447859835403743,0.077901458015108,0.064720505178129,0.0224663081831193,0.006763350248384,0.0011678125934048,0.1154397733769317,0.0625969462472369
1096,0.3945878935572138,0.0603007540106447,0.0001821946488496,9.96027191331539e-06,0.2413927556380488,0.003403582785673,4.141146543588967e-05,1.29016990369233e-05,0.0002672062214256,6.427685850946934e-05
1097,0.4462416367389263,0.050918037515673,0.0001179716905555,6.584319123267533e-06,0.1687060171211282,0.00445946762331,6.400728206593318e-05,2.163334905929685e-05,0.0002265271025732,6.789869796199525e-05
1098,0.0009751730799371,0.0006323010793058,0.028529952303819,0.0069197080969063,0.0152963715170359,0.0038476904270647,0.0011680074760034,0.0007060488354766,0.0102502480289347,0.002452418700539
1099,0.3772518539038728,0.0627571014393251,0.0002265064178142,1.2006713286282474e-05,0.2703826453128823,0.0053341142374955,4.840141565543246e-05,2.246152506840741e-05,0.0003039664121878,8.785298559397362e-05
1100,0.0242178904280667,0.0026661848188477,0.198182659933469,0.0618727671248062,0.0950477221826354,0.0374224898764863,0.0216988333415541,0.0024729632497536,0.135574467656574,0.0599383044860165
1101,0.356301082226136,0.0662051452830214,0.0003147976060426,1.4688543049414604e-05,0.3055353924928672,0.0039913667515041,4.34211240093434e-05,1.56407300876912e-05,0.0003155249599197,7.200292967853327e-05
1102,0.4512529743430725,0.1193753157439168,0.0001076804217868,1.0595195381936134e-05,0.1641260927037841,0.0058544266156785,9.226285635699478e-05,2.1145517924754027e-05,0.0003234458309584,8.996252603014245e-05
1103,0.0272420726415871,0.0034507057325138,0.2099173362535436,0.0492721260270837,0.105523022920006,0.0473097829317785,0.0171539952407157,0.0026559768357523,0.1385363318807287,0.0486157970248252
1104,0.4482650561554648,0.052614437102426,0.0001242471140634,6.600400595063832e-06,0.1755499015560163,0.0029618968970121,6.375167753036797e-05,1.2642779107844571e-05,0.0002466050703719,6.953471610515098e-05
1105,0.1677915409596747,0.0082389506902668,0.183670316096825,0.0147100614365451,0.1925101399372517,0.0922512750712442,0.0105692902546939,0.0038509587685863,0.1363913960059821,0.0146630389308662
1106,0.4917054396134824,0.0419740029193613,8.839284838125756e-05,4.758651540802526e-06,0.160249120172936,0.0040159828065767,9.70475965689692e-05,1.8660102524942872e-05,0.0002500646397729,8.00363747136739e-05
1107,0.1475446749826113,0.0072815943253485,0.2008883700716185,0.0127156160877178,0.2691435625169863,0.0568956616749432,0.0116925869198071,0.003548333426387,0.1487602975399325,0.0126787438254579
1108,0.0016116154053221,0.0010987044726101,0.1571674209506761,0.043303529860805,0.0401209163809281,0.0085285188183914,0.0020228829136671,0.0011478218164683,0.0491271708649842,0.011168516686577
1109,0.2045834666510973,0.0083580979980118,0.152239729876092,0.0481818593846362,0.1424284854219296,0.0736600735506892,0.0217281943339655,0.0055739441155883,0.147795267775705,0.0480276099469348
1110,0.1475836704524436,0.0251438774205103,0.0003881809029876,9.687957135878727e-05,0.5325672691985717,0.0074998409779082,2.2749349693502103e-05,6.4914655658299965e-06,0.0003824867597207,9.361724871517486e-05
1111,0.5894468588490878,0.0078667381016803,0.1283618781762322,0.0245824441412236,0.1720323117952707,0.0843231329309589,0.013259879775534,0.0042679291705834,0.1223407547665135,0.0245561675371239
1112,0.4382592557978714,0.0471817364268659,0.0001391205962708,7.22557108059707e-06,0.1949569591651912,0.0036390961670458,5.7163235960222927e-05,1.320079518340211e-05,0.0002614631647826,7.33317166501327e-05
1113,0.05049628612205,0.0031160802539401,0.2003093131716164,0.0893757754728103,0.1208411289769679,0.0474841970260681,0.0387576778112674,0.0031488278736331,0.1969970994585317,0.0871644434803489
1114,0.1567743933683819,0.0060777281132761,0.1787512509347278,0.0205874749156386,0.1452520613554458,0.0407484932712059,0.0130682091976715,0.0043288750706705,0.1400579919220036,0.0205231464559942
1115,0.114453519344337,0.0109104333834294,0.0064069201627494,0.0013578726078918,0.4325709795001872,0.0090650771348088,0.0013938729989335,0.0001860884247825,0.0063313899822688,0.0013621408008537
1116,0.3996160583338858,0.0600161611944418,0.0002027759990714,1.022354827468306e-05,0.2529122703150847,0.0038284974967198,4.642737119035322e-05,1.3887179004936365e-05,0.0002634459241772,6.44885444309343e-05
1117,0.1948333336991906,0.0062143134013773,0.150057049540515,0.049664605188598,0.1178805383671594,0.0532127127517531,0.0253503384027224,0.0046181824971334,0.1346708104885942,0.0492824888067295
1118,0.0016434682226462,0.0011217771979923,0.0250934881614194,0.0060743561708035,0.0211475164973055,0.0064738876752499,0.0014522163745248,0.0011185396974723,0.0142981492907524,0.0034698892433035
1119,0.5096569436537006,0.0409673304427077,7.590355899727122e-05,4.071941965757107e-06,0.156570865820831,0.00525857563208,0.0001132906079479,2.3699937300180475e-05,0.0002325962803513,9.834391058973846e-05
1120,0.1333227609750023,0.0156944710501372,0.0004755168770875,0.0001558407815948,0.3021573476233762,0.0294915781258478,0.0001004442355296,2.092939794318291e-05,0.000472073960668,0.0002098511624732
1121,0.3072170884837603,0.0788598848600674,0.0005055620595613,2.7630302193676676e-05,0.5027274105491533,0.0045560020018842,5.344636877891371e-05,1.9177910940952213e-05,0.0005149283556159,6.8172302233191e-05
1122,0.4806134319733864,0.0439522792156836,8.762904496995037e-05,5.461692842665615e-06,0.1590485590847752,0.0046660442543457,8.791001263051833e-05,2.283299411253952e-05,0.0002824393546038,7.838816500994928e-05
1123,0.3945981200636791,0.0645073413589471,0.0002195778673746,1.0574227285103606e-05,0.2596995368182294,0.0038219620212854,3.5822963287193146e-05,1.842624978009985e-05,0.0002957869592836,7.748877931902775e-05
1124,0.0007699376154009,0.0002152521135847,0.0285415905883181,0.0050325088624549,0.021407520800389,0.0022151159394272,0.0008578785373984,0.0002716934522286,0.0081013342181367,0.0012205899583688
1125,0.0016003043824405,0.0011283482946546,0.2087639447321815,0.0615526074890219,0.0859791068776726,0.0194025255545838,0.0028920671079851,0.0011406416933776,0.0974399028557195,0.0231350671108932
1126,0.2207878859977576,0.0054385993297358,0.2052434587501016,0.0427158109670262,0.1104718582830406,0.0490417200354329,0.0212619437416167,0.0043908892453881,0.1679330175544533,0.0424153105391143
1127,0.2539228497631087,0.0062015164270876,0.1851374734627867,0.0211800810286709,0.1180129716480339,0.0546027210126982,0.0145260419319761,0.0041016434508669,0.1685252644819685,0.0211441544104724
1128,0.4340727579877375,0.0565072461867486,0.0001465755433022,7.54611302098036e-06,0.2043065543417329,0.0035406112098797,5.315612481814655e-05,1.673764587850373e-05,0.0002647087283681,7.481800075238516e-05
1129,0.2276996427909933,0.0055145542265718,0.2599775862141654,0.0248351726830824,0.0997944694958012,0.0463431347781132,0.0102494265139481,0.0040866614267344,0.1305691426603911,0.0247386440585253
1130,0.188608067272659,0.0080851155892394,0.2096516370662112,0.0152895846587854,0.2090126328319494,0.06821766213219,0.0149434005764598,0.0042134482725007,0.171080315025619,0.0152650530643302
1131,0.4301566705152945,0.0499798685999252,0.0001524756175104,7.769141621940086e-06,0.2139071257126575,0.0038297397989245,5.323626487312541e-05,1.2037830185562071e-05,0.0002859024119286,7.957588146789536e-05
1132,0.0007266528609564,0.0002816237368517,0.3598902449230808,0.0054384937523475,0.3573839002405149,0.003768619521162,0.0017878437651591,0.0003810162038776,0.1834784440537111,0.0039277220240842
1133,0.4304643723934292,0.0572857758457285,0.000151273089811,7.679509746471703e-06,0.2082752323061945,0.0033540051819028,5.2860025148335846e-05,1.4213997624846522e-05,0.000272623920331,7.235823451125006e-05
1134,0.4197443600572346,0.0584223453665937,0.0001545682319008,8.580536007301814e-06,0.2197397157373652,0.0039450555052667,5.130001904458168e-05,1.872174745653916e-05,0.0002491217060944,6.162060890187228e-05
1135,0.0007258833097549,0.0002795509742333,0.1801254171642074,0.0053767507848492,0.1772416279225646,0.0036539892476729,0.0015332834163909,0.0003765213365805,0.0880148518627373,0.0032607465258394
1136,0.5392653030708577,0.0280711435173738,4.637328448889156e-05,3.111099596406678e-06,0.1356661910059966,0.0114863042612,0.0001482410576551,4.7838214034850734e-05,0.0003701361970968,0.0001524166412246
1137,0.0112881309854698,0.0014924589537531,0.3956841723615125,0.2829232814643984,0.1347098364062985,0.0846924056539275,0.0174030495114798,0.0014985107363101,0.3755695937994418,0.2405928832573749
1138,0.4984940756488309,0.0421543275653463,8.482851476615675e-05,4.4877022709310826e-06,0.1622493372928005,0.0059404648728347,0.0001077257575291,2.304907020072835e-05,0.0003306116707245,0.0001106589419868
1139,0.3286515019505591,0.041307762464613,0.0001870884021617,1.5183907497456573e-05,0.3878074882832539,0.00369662561436,3.374735432153241e-05,1.1192747668315042e-05,0.0002934302650748,7.620952953759482e-05
1140,0.5082914858984645,0.0405528590215454,7.677289863268838e-05,4.1088677800116655e-06,0.1567616272340593,0.00548862036423,0.0001114776413079,2.241118642105917e-05,0.0002582460334187,9.865561507404756e-05
1141,0.4920753825205583,0.0348878010628526,7.989458002444284e-05,4.583383315779976e-06,0.1574974255724722,0.0053872509328924,9.91777826140004e-05,2.1806058049378653e-05,0.0002266064039042,8.751182855360646e-05
1142,0.1545983942329264,0.0350401380186479,0.0004579696826351,8.065225881006031e-05,0.3761909839104662,0.0065006816502896,6.0537172270112726e-05,1.3162453207175468e-05,0.0003509446059141,8.673080308963108e-05
1143,0.5562012287282898,0.032489357891779,3.931264508947693e-05,2.2307778081392106e-06,0.1283379553855265,0.0097829487532731,0.0001273600827379,5.601661598838084e-05,0.0004076022862846,0.0001632810522418
1144,0.4598099364446842,0.0822674764444248,0.0001010230217208,7.0584926116253405e-06,0.165663961500993,0.0050952354344413,0.0001478651665244,2.1317326849191005e-05,0.0004384116796143,8.27664903129189e-05
1145,0.2031824194314223,0.0089214657098657,0.2191838406176743,0.009620155425914,0.1788164181722646,0.0405722221143452,0.0112160460137688,0.0031865833702166,0.2121495600204836,0.009581296907853
1146,0.0018168029649312,0.0013399153822416,0.1359828154339595,0.0207358154478165,0.0264145939983074,0.0068172279379067,0.0017216366867587,0.0012449661415817,0.0335174842945912,0.0046296473073517
1147,0.4070200627793573,0.0564047264129697,0.0001860818893256,9.433419401662348e-06,0.2421511217738931,0.0038928271827592,4.2408939725120186e-05,1.3724923685623973e-05,0.0002630415346765,6.562660468411411e-05
1148,0.0170799457231796,0.0020112485346606,0.1475547014905859,0.0594088804610441,0.0853013398992719,0.0349566994666925,0.0185137058340781,0.0021317286119248,0.1354015450298026,0.0569567977877947
1149,0.1925626038390948,0.007454277355944,0.1900955977639505,0.0135960093627982,0.1850307801475947,0.0918782916008613,0.010063440261532,0.0036465596131006,0.1513139300909859,0.0135473196593735
1150,0.0290159673958746,0.0029006241488692,0.2599212742590471,0.0373586863420242,0.1139284767784638,0.0501254007170554,0.0191133441659608,0.0024820655426972,0.1393252061058168,0.036914052458036
1151,0.4351927311749837,0.0395152262171965,0.0001439931021394,7.538310891471169e-06,0.1984701999969317,0.0044980068483773,6.064900763793042e-05,1.4882718031414133e-05,0.0002466389248447,6.691453658377794e-05
1152,0.1667149044000071,0.0381055757370656,0.0009676311929137,0.0001971510440804,0.4998194113205276,0.0076718520419508,8.092413860143319e-05,1.8271652532549935e-05,0.0008875486622835,0.0001708076499082
1153,0.0007753168881137,0.0001645296923679,0.0286750217964678,0.0036666063158963,0.0057266824749955,0.0010862011642991,0.0006894607653225,0.0002033208215833,0.0073133124352087,0.0009979624911005
1154,0.0007819232897319,0.0001120968271877,0.0275218918255233,0.0039761702888718,0.0111169788139206,0.0015969213821796,0.0006830702830196,0.0001380334301542,0.0070780963663905,0.0010914558152497
1155,0.4538393806042658,0.0468846669484046,0.000119314183513,6.33397264458342e-06,0.1679113792920785,0.0034506864740518,6.978006747832268e-05,1.4272162766821466e-05,0.0002333246057124,7.522029775646444e-05
1156,0.0018007279484811,0.0013802703698369,0.0685616221681944,0.0197761531402775,0.0227901962035472,0.0080562749500876,0.0017145377389866,0.0012201282462496,0.0180469695263444,0.0048365042689949
1157,0.0007248585038057,0.000290723602121,0.2473292563182021,0.0055396709439506,0.2449428852604087,0.0040381537533807,0.001460352361093,0.0003896308862312,0.1088360532909246,0.0035339266500217
1158,0.3888771282037639,0.0685836549623134,0.0002345571955897,1.1336012190884534e-05,0.2638727905134772,0.0041341228041288,5.29181028277104e-05,1.609393933215973e-05,0.0002677590565979,6.428803003336707e-05
1159,0.218843414820259,0.0087308542666456,0.2577121758280261,0.0111253810885941,0.2432747087987445,0.083786423656213,0.0147391792834438,0.0040049653841713,0.1941023819702841,0.0110982427552768
1160,0.1945562690628201,0.0065488474295486,0.1750612273991211,0.0235772180616814,0.1284390823162471,0.0448794501298698,0.0134669448491042,0.004478115920857,0.1471021349019612,0.0235128805676671
1161,0.0025805141857395,0.0014836290775993,0.2982647603708523,0.0901163530588926,0.1074809518503541,0.0363857196044771,0.0040691001730394,0.0013499214561538,0.1707533852339694,0.0569852890365767
1162,0.3999744232719873,0.0556721865035022,0.0002030625530527,9.882940524082325e-06,0.2525795173037103,0.0033465050541318,3.7473490453632106e-05,1.1226385612259618e-05,0.0003018202991244,7.672844661831685e-05
1163,0.4317233112750184,0.0547247686196732,0.0001497091069253,7.641870505329421e-06,0.2072926935448329,0.0037973869560624,5.339779365768111e-05,1.665472144677749e-05,0.0002831855100786,7.584879933007106e-05
1164,0.4396608860915617,0.0567972197553696,0.0001378138248625,7.1813579399804825e-06,0.19155485479275,0.0039292297980757,5.712062047517775e-05,2.026006974007873e-05,0.0002335928149008,6.70593833509311e-05
1165,0.3888219373962452,0.063902915813075,0.0002253946420823,1.1325720819226023e-05,0.2616932360229009,0.0044803737668071,5.023883048423997e-05,1.7713236502393202e-05,0.0002594320926437,6.355152916856287e-05
1166,0.2987779942488123,0.0266311704874335,0.0009537646579647,0.0001940231040915,0.4176789749353143,0.0110100915062735,5.414637515487783e-05,1.2506467613618186e-05,0.0008912299036174,0.0001819852767177
1167,0.4780219784125571,0.0092934078774039,0.1984853726134763,0.0234665330664199,0.140037480636081,0.0712124519738467,0.0267211063947488,0.0059351002297457,0.1436630932169062,0.0234256980807393
1168,0.2011330617598133,0.0069414764515904,0.2796129198108029,0.0106724807371075,0.1285945562817212,0.0664644728623327,0.0099636970872336,0.0032629899682219,0.1820471866327062,0.0106431925965986
1169,0.4317784260189795,0.0491267968567008,0.0001477256161036,7.755157007959435e-06,0.2069146577371675,0.0040711818863519,5.197413851220331e-05,1.6924198619110477e-05,0.0002643882445164,6.998285221418347e-05
1170,0.4744276092630685,0.0455211103480275,0.0001011804351998,5.506668269631463e-06,0.164466933862037,0.0039817052281693,7.877685057155509e-05,1.926964427704308e-05,0.0002034734339777,7.144014240357272e-05
1171,0.2794591822178343,0.0090672867330717,0.1880942257649864,0.0082485295909598,0.2434479050708917,0.0350804115901855,0.0115949462328187,0.0030489317633929,0.1479396323973823,0.008219873140142
1172,0.5405133894828814,0.0356234804909808,5.244414096441392e-05,2.857773120086232e-06,0.1403724700158377,0.0086908459926335,0.0001133022076627,4.355775074811608e-05,0.0003700865166796,0.0001433798218966
1173,0.1701969520274527,0.0082768782532853,0.2930782053668918,0.0130590141449477,0.175420583645565,0.0678365332235538,0.0140754502547718,0.0041300158880377,0.2169754424899928,0.0130373035199747
1174,0.0248646924780066,0.0010688823157292,0.003198380749915,0.0009442581257499,0.3764709915524503,0.0075654384732332,0.0002606082709802,2.619131486121844e-05,0.0031734876707875,0.0009633290706304
1175,0.142783318636276,0.0067798886520318,0.2351530233265951,0.0108879946445762,0.162546845153143,0.0803541194866185,0.0113991752929879,0.0033550758783817,0.2179300774758559,0.0108616212358052
1176,0.4939413248343324,0.034865887874856,7.328056466319729e-05,4.329850205600325e-06,0.1508513427577065,0.0055857384492643,0.0001018826899147,2.28684792316628e-05,0.0002314480387159,9.276857137317268e-05
1177,0.0007372140920198,0.0002691351448859,0.0492204315028044,0.0056722959858385,0.0470352833447835,0.0034387229269104,0.0009921027407357,0.0003487841871501,0.0145674190024293,0.0018080989233346
1178,0.0029224252532297,0.0024025315557353,0.0519758138380282,0.0131029086287848,0.0361450491840641,0.0149304327363843,0.0024407514898597,0.0016947530963093,0.0227651562170036,0.00741687854389
1179,0.4442067476994754,0.0457524656018038,0.0001166395537616,6.538107641434812e-06,0.169780298335719,0.0044986390042588,7.054236633372967e-05,1.637341336460244e-05,0.0002556383800809,8.878661727186372e-05
1180,0.4399009291881233,0.0090313806124262,0.2173327642143207,0.0191785809537359,0.1540414907828152,0.0704509693172996,0.0210044026176579,0.0056131977144409,0.2119939182131091,0.0191672812797466
1181,0.483562801879603,0.0762127319821748,8.074490135611583e-05,6.824761355319136e-06,0.1604422348538351,0.0066334957083606,0.0001078274002966,2.2405844482020502e-05,0.0003650166700264,9.939633582540634e-05
1182,0.0028171861476756,0.0023248040826386,0.05476902831887,0.0189150061981926,0.047731316737815,0.0176375659337741,0.0024912821149524,0.0017544935476029,0.026126751854703,0.0094514352406182
1183,0.4219382215797493,0.0606726412288692,0.0001638525629254,8.372245081720774e-06,0.2209017355363835,0.0030477302795268,4.7753654666800576e-05,1.2988204004056986e-05,0.0002658621620268,6.353740768511868e-05
1184,0.1125270283601337,0.008125555013024,0.2442507603245729,0.0080760811299669,0.1440129118807532,0.0802236083863554,0.0105008619351654,0.0032753268413423,0.2276233163467449,0.0080660520165572
1185,0.4168681096955333,0.0596579928733025,0.0001710473532631,8.561246350591226e-06,0.2257937571440047,0.0042989198139743,4.5408511463932665e-05,1.9336207717026287e-05,0.000260992890052,7.469482500606986e-05
1186,0.4405994894833475,0.054506894119057,0.0001371346715328,6.954593358006684e-06,0.1900316644722271,0.0029379336874698,5.7311588994883066e-05,1.2983832602282078e-05,0.0002618592085346,6.936849239047016e-05
1187,0.0016846806905884,0.0011010387090987,0.0237868424925375,0.0060697020986242,0.0204099507901251,0.0067588781166368,0.0014563723167511,0.0011487388766829,0.0100910870543488,0.0035544910303982
1188,0.4791046587285598,0.0368692056292615,8.557814065065718e-05,4.951443704544223e-06,0.1607719807285141,0.0047880752619793,9.262281220591942e-05,1.6595509762325975e-05,0.0002511892221928,8.761041750224103e-05
1189,0.4562095568931827,0.050983648830121,0.0001185567758376,6.30230267912032e-06,0.1671987645576561,0.0033358148806835,7.244939205324505e-05,1.7171669315014777e-05,0.0002207815993624,6.567323932360505e-05
1190,0.4288362987260847,0.0533367325161392,0.0001368682918963,7.599617679404624e-06,0.1974339693398543,0.004041463687719,5.177606095828318e-05,1.686485356354341e-05,0.0002470179763748,7.10634992382346e-05
1191,0.4792830245549481,0.0907222419599383,8.763398569078014e-05,7.823801041742914e-06,0.1619570059841033,0.0052184194200885,9.700806604242506e-05,2.25461626337129e-05,0.0003774624340727,8.750502808801497e-05
1192,0.1654563744276205,0.0062560240949435,0.170971408966195,0.0230074691447706,0.0892085631532554,0.0447055774274085,0.0126185273780905,0.0045022372355395,0.1388120973940352,0.0229199637536188
1193,0.5356850999033832,0.0349039672262045,5.153790216708106e-05,3.0132657116321367e-06,0.1418630263269451,0.0066561621384895,0.0001138605193636,3.2389675509285665e-05,0.0002980140584831,0.000117662507387
1194,0.4155718170672566,0.0568147708907993,0.0001737045364471,8.679670035795056e-06,0.2306765063760299,0.0033654295625357,4.4252908363812014e-05,1.4324768330908731e-05,0.000292547135195,7.709507110700229e-05
1195,0.4578427614898487,0.0426607707006431,0.0001019287244323,5.910859214270913e-06,0.1637849463584796,0.0040098097010392,8.068356168901794e-05,1.5738659370098687e-05,0.0002271829541364,7.553460836141182e-05
1196,0.000751768678375,0.0002943539283121,0.075300478485887,0.0056367472131397,0.0726890663509634,0.0038728038100926,0.001060789360618,0.0003879972846472,0.0207127174407992,0.002117493815248
1197,0.0014603500454309,0.0009478558887908,0.0250474747598831,0.0049690458765183,0.020567724387453,0.0053801816602994,0.0012919398888594,0.0009881374945445,0.0083754684131883,0.0028256176376015
1198,0.4576887211695494,0.0402587193306115,0.0001156046407421,6.081336735208527e-06,0.1685438869027875,0.0043501132898284,7.316505154540338e-05,1.3682916847484447e-05,0.000250130673797,8.168811866697387e-05
1199,0.0007510143374309,0.0002704495581763,0.0417987658547388,0.0055209331605145,0.0397530512336929,0.0032879901235804,0.0009583163986108,0.0003500699396736,0.0123275994130809,0.0016438442600295
1200,0.5568440635998806,0.0316499771285985,3.314127614576591e-05,2.1266949582377533e-06,0.1256646754848769,0.0106925499072203,0.0001599719957381,6.43822973014931e-05,0.0004503209035758,0.0001786956793187
1201,0.1008713041997643,0.0070160774929497,0.1988136440241197,0.0335823005011526,0.1170066921335692,0.05566260470894,0.0205300224629905,0.0050312101208045,0.1660003011884315,0.0334814080377094
1202,0.1608995938371231,0.0081969024670098,0.2532669816652572,0.014632225743916,0.1443017808649979,0.0737883306462252,0.0123840699732465,0.0040726194725665,0.171142912909278,0.014580050448182
1203,0.0028728543003403,0.0010369115973113,0.3057348657988055,0.1467440075716403,0.171683766654263,0.0479547018344474,0.0060396262528981,0.0010991432953508,0.1958323663484557,0.0607631943166574
1204,0.2204912180832408,0.032336918176968,0.0016902719619475,0.000311332750789,0.4022583485037159,0.0068735335307684,9.134122609170358e-05,2.142278920737616e-05,0.0015911467975519,0.0002918175150135
1205,0.4834658455851137,0.0595089518906334,8.454944442319442e-05,5.536828122006875e-06,0.16146482638401,0.0069766029167536,0.0001916200347594,2.3703386115269237e-05,0.0005645632404956,0.0001081940778559
1206,0.1904614395001932,0.0062290625785103,0.2061523703662183,0.033454573297196,0.1084224655472954,0.0471548865571361,0.0143084717721709,0.0045705853787682,0.1402462578156161,0.0332456428788269
1207,0.1391638960979149,0.0077981693787959,0.2845947387069766,0.0081342130166734,0.2278910479706424,0.084029712171717,0.0099532829995501,0.0030174487430755,0.2500603853300767,0.0081258572038097
1208,0.4000367589953519,0.059214481298243,0.0001772296721043,9.39648485808661e-06,0.2398440145643429,0.0036261951503314,4.1204669572534286e-05,1.4284886329721267e-05,0.0002682186914487,6.85465950165174e-05
1209,0.4357858126513189,0.0558125706336488,0.0001422920208275,7.394112012835692e-06,0.1998158818543005,0.0033447222945274,5.286734775375221e-05,1.6371343437693397e-05,0.0002668433319995,7.405718054345338e-05
1210,0.4491391344034153,0.0511424766504914,0.0001307252820661,6.754046439139506e-06,0.1895479095160667,0.0035536152779841,5.905020534616967e-05,1.463151619916243e-05,0.0002158395510235,6.878838561873802e-05
1211,0.4536781301936589,0.0482626070914377,0.0001178011459766,6.249882011393009e-06,0.1687539533609557,0.0033398431792734,6.847149326049522e-05,1.3861801433847734e-05,0.0002422402375395,7.688781447673208e-05
1212,0.1926207001530008,0.0060989728032592,0.1703081245675871,0.021031446043984,0.1062055636942446,0.0473233141490608,0.0121571308156575,0.0036699145905523,0.1573233749278855,0.020995555345741
1213,0.043079198503169,0.0036971200258961,0.3918148113216318,0.0268081548057677,0.1864282626358048,0.0422526174909302,0.0155861435716522,0.0030208202259673,0.2733135394562448,0.0266785735414958
1214,0.4772367743895011,0.0459955047312109,9.924952542735395e-05,5.316296424995104e-06,0.1642156597010769,0.0035132740248959,8.62894160275076e-05,1.5222425953992128e-05,0.0002370033952923,7.866586613821804e-05
1215,0.101927236077727,0.0057195761956371,0.2078698891741219,0.0413894948929143,0.1196385740947744,0.0548892489927079,0.0216543766231524,0.0047536984758395,0.130547516737465,0.0410688635107534
1216,0.0010271417345784,0.0006644564397582,0.0405585902713046,0.0078695342458763,0.0148557077073674,0.0040836059858354,0.0010436702106797,0.0007408854549386,0.011446685353061,0.0025080093571832
1217,0.4033073063818164,0.0609160146998091,0.0001737490934517,9.419171916519526e-06,0.2368722814264768,0.0032546172099247,4.606790484443562e-05,1.395880975271934e-05,0.0002727217598131,6.765767580408383e-05
1218,0.1817032792013069,0.0267048085114723,0.0001400178298062,3.363602657262253e-05,0.4623081985479523,0.0113552676947942,4.2968597849182736e-05,9.540056194700936e-06,0.0003283642695908,0.000112920594236
1219,0.3620846967267318,0.0699154715988627,0.0003004837439487,1.43769605485116e-05,0.2980396512446865,0.0033913290522476,3.4853080548727214e-05,1.2997120228281476e-05,0.0003014201602328,5.530957007080485e-05
1220,0.0010990543246653,0.000707094002383,0.0590753195426685,0.0207601702340413,0.0187892103474588,0.0055868309821878,0.0011207385651587,0.0007791871632354,0.0217754755404753,0.0044635831577079
1221,0.0016003522616352,0.0002708632399684,4.20247762941553,0.0053745992137711,4.195547318615076,0.0033839241724225,0.0041894494487716,0.0003693763474464,1.749267578316347,0.0042890917054549
1222,0.0937275222311641,0.0101894013288618,0.0009181555983714,0.0002147142119233,0.349345854317329,0.0240076296055286,0.0001174348245813,2.716619692305491e-05,0.0008784426546534,0.0002222647408582
1223,0.4850363354117121,0.0421965512308868,9.372767163579688e-05,4.97639844471942e-06,0.1627155265409491,0.0041740243018298,9.535849183097982e-05,1.6082313742154086e-05,0.0002547565550993,8.410587722967778e-05
1224,0.5285779279174737,0.0383119842211959,6.111836114694658e-05,3.2893950015140687e-06,0.144416882700747,0.0065163971631848,0.0001185685619998,3.114214743409814e-05,0.0002866789828395,0.0001159632978476
1225,0.468116758081537,0.047875778800965,9.861860700264344e-05,5.583258922323381e-06,0.1638119501030007,0.003630202421938,8.341365339703699e-05,1.5863774197406017e-05,0.0002384626740755,7.871090356729185e-05
1226,0.5192890278270107,0.0443220281892854,5.972938568860651e-05,3.960934374258465e-06,0.1452867176782736,0.0059716513798724,0.0001147124794531,3.074344159793503e-05,0.0003673863208063,0.0001096018650495
1227,0.0014786599453816,0.0009922892763455,0.0239175644880071,0.0075660029576994,0.0221023445397052,0.0083078484490484,0.0013386563321816,0.0010162437544886,0.011627306743744,0.004265859386762
1228,0.1449026424768923,0.0236095839147867,0.000228049254161,7.633424274064549e-05,0.3892453766785582,0.0068355776773796,3.361021989774435e-05,1.0880129079474608e-05,0.0004320280991548,0.0001128305614462
1229,0.4442800901684874,0.0386694869862613,0.0001158631728255,6.5853476239719575e-06,0.1659297527919622,0.0049379398701129,7.109891930427703e-05,1.8521702474816297e-05,0.0002180164762766,6.785275234989655e-05
1230,0.4343864723629729,0.0522664112221878,0.0001471272642777,7.458235037397908e-06,0.204459918721732,0.004064798281888,5.499562097219497e-05,1.770756507383242e-05,0.0002767312474255,8.464443329786319e-05
1231,0.4442449166052675,0.0475714506127495,0.0001163925220075,6.562132500861796e-06,0.1694339549546619,0.0033421162085013,7.124019780133326e-05,1.3368084212647575e-05,0.0002482578581152,7.661211444134757e-05
1232,0.1870333737431238,0.0064765757779707,0.2200036371844345,0.0532544854383569,0.144919918888305,0.0705548407158805,0.0278911497780595,0.0048286869783832,0.1526200508216563,0.0529644314345496
1233,0.5076654476006625,0.0364702073689362,7.612156894043772e-05,4.216888177907619e-06,0.1530991276799613,0.0058703902257338,0.000105232972701,3.275907712401613e-05,0.0002155763517365,9.93761395804278e-05
1234,0.0572847396113686,0.0046152228700857,0.1970864259574559,0.0329180661794646,0.112876121136159,0.0444308708334668,0.0180806724616865,0.0039710805556784,0.1710174717538072,0.0326923597674845
1235,0.0014622499816743,0.0009898520619763,0.1729008765648471,0.0651910018453541,0.0590613132754192,0.0123062364737561,0.001903596528698,0.0010113421379769,0.0612761528899276,0.0119249051691848
1236,0.4541973284010484,0.0554966505575254,0.0001073580999174,6.672177943077513e-06,0.1686961446064279,0.0060036549671718,0.0001256697659698,2.1345950072831357e-05,0.0003661386977395,9.405755100523968e-05
1237,0.3795101910019838,0.0638388633044726,0.0002613553512243,1.2251181157013336e-05,0.2763740511428009,0.0052096206603376,4.6496909012684186e-05,2.237702235768901e-05,0.0002982392944767,8.678017623280986e-05
1238,0.0071533340652452,0.0010185756349104,0.2468939216157029,0.1234818774447705,0.0861875676701765,0.0334067642280824,0.0117547009746937,0.0011455897876217,0.2260718732712848,0.103576628494222
1239,0.0007306682422737,0.0002782957916015,0.6271441818478581,0.0053706947566726,0.624611136516541,0.0037086679402161,0.0021406646824269,0.0003780574289282,0.3295724025186213,0.0044532694963486
1240,0.0074623259903578,0.0016021481454775,0.2628296251512017,0.1283138136357068,0.1059588183389465,0.0523273375062956,0.0105378320564673,0.0015210845119769,0.2115944856048695,0.1204380355769464
1241,0.4316433282348985,0.0537890937192514,0.0001523127927589,7.65339086104373e-06,0.2102446496496548,0.0035611468957925,5.281320157411359e-05,1.426330600683404e-05,0.0002675202176754,7.035777821189593e-05
1242,0.0015847536397462,0.0002707699406148,3.3322613157926924,0.0053776451153881,3.325067314611312,0.0033847987752139,0.0041529415965599,0.0003672126998801,1.4450796342300871,0.0042838997425905
1243,0.6024887252694161,0.0071397955418565,0.2216043633901983,0.0264177188133776,0.1638452606522161,0.0806826893152293,0.0152916280259167,0.004665157861254,0.1672762632961821,0.0263683781268119
1244,0.4503707263168414,0.0439649696083363,0.0001084305189497,6.208167325008531e-06,0.1636794985604915,0.0037762509785908,7.60873166761829e-05,1.3884273405077684e-05,0.0002319415955719,7.667499409960536e-05
1245,0.0587379769705159,0.0046332765731835,0.176554969400495,0.0262383552230572,0.0780389043649395,0.0382920144294969,0.0146530959074313,0.0039473508334586,0.1664545272842726,0.0260771775436476
1246,0.4662960791898722,0.0416804987911851,9.729680492569731e-05,5.612042506158179e-06,0.1633242500076915,0.0042999222411578,8.110794276495933e-05,1.9788461885400072e-05,0.000190052101671,7.17896277685751e-05
1247,0.0019677033397014,0.0014347667634414,0.2780180718470114,0.1403681935366627,0.1278018420503941,0.0402689685823298,0.0024856610987101,0.0013563007734488,0.1463204325481261,0.0424208257521517
1248,0.0015774772075219,0.0009537683710183,0.1789570834061883,0.0804418308605797,0.0628417518387905,0.0129339445749814,0.0034053771818988,0.001030038957843,0.0951247891937393,0.0197323288804719
1249,0.1224232278380052,0.0059713429637161,0.1933799062287103,0.0257417530347508,0.1034182742713194,0.0453184228820573,0.0143396868522766,0.0046505603578264,0.1640296526063687,0.0256330319727736
1250,0.4277777741597461,0.0401641701892007,0.0001360937750057,7.45486707156784e-06,0.1955666451255136,0.0040553371412689,5.521621214499703e-05,1.2198311998619723e-05,0.0002669931671485,7.43323830122312e-05
1251,0.0016256047186353,0.0010896635895826,0.1302924027171128,0.0689181307062529,0.0433532727809971,0.0119858420613164,0.0031624117458708,0.0011536672297004,0.0628451288629346,0.0191831171524507
1252,0.0204412622659586,0.0021044108517105,0.3526621588716172,0.230242132092673,0.1519222851713881,0.0507287214244366,0.0264663947272556,0.002007428596367,0.3432129642434504,0.2169960150178709
1253,0.464530236679803,0.047264425268496,0.000105569137755,5.757560747122913e-06,0.1665866619838652,0.003860837900775,7.516567999147689e-05,1.657019276421154e-05,0.0002325592652302,7.685062061278192e-05
1254,0.5402485666415265,0.0351700382139576,5.213477000072385e-05,2.869114423668704e-06,0.1394751930034822,0.0078057207130578,0.0001098988636514,3.7477800838529125e-05,0.0002859320608476,0.0001253554861942
1255,0.5342663110741794,0.0357791730484921,5.793300837667902e-05,3.184932316531717e-06,0.1449508548823857,0.0067658591286906,0.0001200753020652,3.227080233409006e-05,0.0002977347702172,0.000117369215615
1256,0.0289280989768622,0.0032927007747319,0.2722334184461497,0.0512461260700418,0.1238294619134763,0.0611188313435777,0.0212700577390912,0.0029533062007146,0.2575274691974015,0.0508831159483612
1257,0.1484046760871833,0.0083438467547242,0.2213169631608489,0.0116858008244492,0.2647523183823124,0.0703718651428053,0.0126666130394788,0.0038635117400543,0.1819435300935806,0.0116646489628405
1258,0.5453613974000519,0.0323840987483534,4.802704761437407e-05,2.7493124286131484e-06,0.135225044929293,0.0081438061489812,0.0001004100707971,4.745564517592659e-05,0.0003153269625739,0.0001431200921322
1259,0.1301695684722141,0.0060023458987886,0.2445522400509217,0.0199895968760755,0.0897745937259584,0.0410387361635044,0.0130119628408599,0.0040157495355625,0.1481995915661288,0.0199393226183984
1260,0.5162530074782464,0.0321643087944164,6.962398285613627e-05,3.8365681856987615e-06,0.1479459245541373,0.0058620670617457,0.0001093152529612,2.8447306764580908e-05,0.0001872365110579,9.837451066257047e-05
1261,0.4561963439760162,0.0518075393931884,0.0001177373860688,6.255553263438434e-06,0.1679326627696592,0.003379849288445,6.6955130669711e-05,1.5972898113858303e-05,0.0002377745144159,7.247022352995326e-05
1262,0.4920680854108182,0.0375298891169923,6.662364074370694e-05,4.4504274273712345e-06,0.1453728748131856,0.0045059220671331,0.0001025192972551,2.399537948589781e-05,0.0002911122039258,8.813826956596145e-05
1263,0.0504851317494423,0.0022766201229866,0.0033120098687045,0.0010702486167148,0.274005797084923,0.0096891931820937,0.0003164823304245,6.48959861713975e-05,0.0032775750763124,0.0011041271428258
1264,0.1449029955146416,0.0079301619953015,0.2273552981659555,0.0134992083769657,0.2299521076656795,0.0685560580289093,0.0179831079641364,0.0041512559255888,0.1461704061685507,0.0134665067293526
1265,0.553455067185869,0.0324271584706469,4.065626810804838e-05,2.288719916573047e-06,0.1269733010495259,0.0094336710789465,0.0001243229776843,5.413751880040341e-05,0.0003704694533902,0.0001589271364803
1266,0.5213395431712736,0.0370970906130753,5.9489854150021456e-05,3.5584169724942613e-06,0.1434394325310013,0.0056101963345702,0.0001055132037133,3.11629468707924e-05,0.0002262294035173,0.0001060897516425
1267,0.3934982574323389,0.0659785174786751,0.0001909187077385,1.047854615293592e-05,0.2521737066038857,0.0036407567337573,4.948411221507572e-05,1.4527866778535448e-05,0.0002503532775913,5.914454095908873e-05
1268,0.411858075555776,0.0538374085228632,0.0001774904184667,9.156796878649308e-06,0.2395654556562663,0.0031583582500319,4.1736730012224825e-05,1.140685561123549e-05,0.0002704042772381,7.156674448320569e-05
1269,0.3798462566548521,0.0656085383056777,0.0002559790642774,1.2143832785297837e-05,0.2728617380613598,0.0042327177231202,4.064179570415904e-05,1.716529931270733e-05,0.00029448962882,7.577018913532138e-05
1270,0.5008151832721809,0.039340028167929,7.12147740505594e-05,4.185993053129401e-06,0.14880362284329,0.0047642192245135,0.0001017876993599,2.198001137980589e-05,0.0002212395839447,9.151278123020948e-05
1271,0.2313588445041065,0.0281210825645603,0.000122405938144,1.5224058772043115e-05,0.5133397642795549,0.0052434723125965,2.8658613738922865e-05,1.102858521910796e-05,0.0002879041231894,9.969063331137364e-05
1272,0.0838555817272192,0.005923162557281,0.2479325904241799,0.1074443179623373,0.1706567017721993,0.0853100671371248,0.0472146091167004,0.0050156244957692,0.2239054319841215,0.106059070593716
1273,0.054239784789492,0.0036504695556449,0.1928601005361295,0.0851344446260375,0.1266156725547399,0.0508432057082782,0.0357002114716475,0.0033184610369588,0.1758080022415727,0.0829568228889009
1274,0.0566637132809943,0.0048203938448901,0.3572521683899179,0.1976385989430493,0.2024789367433772,0.0717135441736833,0.0466905380455947,0.0039911420184741,0.3304684440908719,0.1928137850444151
1275,0.4519792725294999,0.0440737854778715,0.000111775340072,6.227288519981032e-06,0.1695156798262321,0.0036988799998268,7.175513194729924e-05,1.485830662980251e-05,0.0002379549373585,7.177714852301131e-05
1276,0.4250425922098318,0.0503689772101582,0.0001588051649686,8.14141757466617e-06,0.2191961993782217,0.0044008716664802,5.113169738007552e-05,1.4865101829469396e-05,0.0002822524099016,8.378879246165027e-05
1277,0.0007572161193677,0.0005492581572799,0.0252090147303076,0.0044921836487455,0.0157592559554594,0.0045555977701957,0.0008655102912915,0.0006268171314097,0.0086827617259704,0.0026550267996074
1278,0.2895621903737748,0.0056115662168443,0.2262321931182639,0.0498835016911919,0.1484638579061671,0.0658209314897576,0.0256815725292863,0.0042117226705288,0.1728880488876158,0.0495849322259868
1279,0.0016543138695581,0.0002683317567386,5.554175098751009,0.0053597510289625,5.545437822297534,0.0033734163001628,0.0043214385805548,0.0003673969856262,2.1842372242670285,0.0042950062057777
1280,0.0025511109787682,0.0016415741257859,0.1998630442818094,0.0919021595589061,0.100634596537685,0.0310743782055699,0.0041537931567546,0.0014459706817639,0.1669258405561908,0.0555518345709046
1281,0.5321500973021734,0.0359854087727965,5.237520296838052e-05,3.109339600192291e-06,0.1421140540370565,0.0061052478724739,0.0001140821822642,3.3436075740968635e-05,0.0002327334325578,0.000115064929106
1282,0.0007940463607038,0.0001272862562894,0.0289581352321049,0.0035280047394396,0.0067485753199962,0.001479065848482,0.0006881150133823,0.0001594500174953,0.0073676173716991,0.0009712313377191
1283,0.0007669466501027,0.0002286675791603,0.0318230672179902,0.005359436067454,0.0293494949306869,0.0025472930355518,0.0009283376887377,0.0002907512229902,0.0107010755615804,0.0015002382565548
1284,0.1895409564527117,0.0076333650276554,0.2527259429912977,0.0281899082729837,0.1252405209235996,0.0571982875429502,0.0192120114545293,0.0052058936567529,0.1455638799299513,0.0281054961030878
1285,0.531324735428378,0.037334287219396,5.930503553981511e-05,3.223964078605342e-06,0.1435010227056898,0.006167161589758,0.0001157721879969,3.11976329094596e-05,0.0002232633958539,0.0001084638158122
1286,0.1461353317155578,0.0085687342043626,0.222598246617059,0.0112656298272741,0.184879950418296,0.0570257113907511,0.0123614890172215,0.0039359173917443,0.1924487694582359,0.0112423273741027
1287,0.4442378235356542,0.0552405654652889,0.0001351198974178,7.006705694223356e-06,0.1901543674736645,0.0032470120066732,5.973802837753728e-05,1.6359579608910496e-05,0.0002307694218514,6.134576036361464e-05
1288,0.3859608610504524,0.0614213389817155,0.0002012182405604,1.0785143964334294e-05,0.25635463005127,0.0046692040803044,4.212369749825373e-05,1.850042934113125e-05,0.0002989285449492,7.840928780828616e-05
1289,0.4608265400954137,0.0455457896824875,0.0001002294686746,5.890464849464654e-06,0.1663789382465431,0.0041947725717375,8.127492046387467e-05,1.678959239350848e-05,0.0002384158976835,8.029993500700354e-05
1290,0.0014564298789304,0.0010393986740303,0.1469659415201093,0.0474116186365488,0.046749552335762,0.0103182846977601,0.0023563318746241,0.0010669833760445,0.0518321195266056,0.0123611421029067
1291,0.4377987949378315,0.0481248369677878,0.0001407033973844,7.248288615341841e-06,0.1970816036909254,0.0034226303094908,5.715580034439727e-05,1.1965239480927584e-05,0.0002705247910987,7.35078947875063e-05
1292,0.5078626389878097,0.0417932523665723,7.657937451866306e-05,4.0610222534256255e-06,0.1560051207244375,0.0052816566617622,0.0001158422429807,2.3731957645296365e-05,0.0002950193019336,0.0001028414222483
1293,0.4068211004613452,0.054155159831445,0.0001669907957029,8.995706712195476e-06,0.2314231138873921,0.0046707498327283,4.4577025986270905e-05,1.715595338356757e-05,0.0002794558825268,7.651415460870781e-05
1294,0.3903989129573846,0.0580136921605654,0.0001913294962976,1.047541472036969e-05,0.2539711342473963,0.0039790613365576,3.874562633428853e-05,1.6570159987451132e-05,0.0002800618872376,7.32816801853586e-05
1295,0.1608443496298186,0.0081066352320629,0.1931437217995291,0.013571738859381,0.1828161254704597,0.073710088196288,0.0153943212544902,0.0041475983928953,0.161400336937875,0.0135434437258718
1296,0.1548175094989355,0.0152828103793372,0.0018875213204829,0.0003970171057637,0.5024078015703424,0.0222038665863234,0.0001356854052945,3.2391023061725674e-05,0.0018495611502104,0.00038525889186
1297,0.5350400515664582,0.0342619632915313,5.0090147040329006e-05,2.951887988937122e-06,0.1353215282531473,0.0063668428257892,9.796691240201396e-05,3.672328034476855e-05,0.0002329018719387,0.0001221591342191
1298,0.4820065338352426,0.0429627234708233,8.511526457713421e-05,4.92580288555735e-06,0.1604582799226288,0.0042236626134371,9.624701301979863e-05,1.7089055648284356e-05,0.0002214835859041,8.344751199536616e-05
1299,0.1978236153220063,0.0083807049993178,0.1767424585856819,0.0643356037006371,0.1051386798591747,0.0576694965451082,0.0307037505067575,0.0062268599714538,0.1283130657154253,0.0638799885302116
1300,0.0007174317602263,0.0002785230486921,0.3291625274483122,0.0054741231124859,0.3269446538990382,0.0038326119479021,0.0016949545328268,0.0003757798036304,0.1664216078628156,0.0039076757777067
1301,0.4188515165232032,0.0525949967472353,0.0001691565115213,8.344800138823022e-06,0.2249431118569143,0.0039049649867966,4.652343398824016e-05,1.3722577523332358e-05,0.0002811357767822,7.634224772296128e-05
1302,0.0020115205763682,0.0009868772208737,0.2162495814790435,0.104586109600477,0.0858520280492011,0.0179413465403378,0.0042308538275097,0.0010574311616657,0.1293596504968197,0.0290591722492027
1303,0.5115701977774343,0.0426669802244651,6.670516034222243e-05,4.03644966405886e-06,0.1463210146487839,0.0047274921692951,0.0001247022101845,2.43285101025239e-05,0.0003418147923948,9.5679453849083e-05
1304,0.0203744092684248,0.0017954495145068,0.2478770477874929,0.0989422487441145,0.0924268214684641,0.0281738040846341,0.0247040902622205,0.0018713223535203,0.1853475451188603,0.0941927968674899
1305,0.3804019942592381,0.0618594993675215,0.0002533535791916,1.2256045523655205e-05,0.2771826398977395,0.0036523670930414,3.687300520774146e-05,1.4681757567893598e-05,0.0002937920808396,7.408388732877696e-05
1306,0.1731553453976543,0.0073966707452771,0.1770813100765609,0.0113067859005229,0.153545224043272,0.0805840273417671,0.0106127061717877,0.0034777800123324,0.1545797580537403,0.01127370175125
1307,0.0076258452442116,0.0017126611901795,0.3031971216740101,0.0300183948312206,0.0906100043393871,0.0293676323803339,0.0082536910037103,0.0015774077442332,0.1280428577159557,0.0293596631890528
1308,0.4490829034119403,0.0508362619888847,0.0001274894760839,6.599099907609676e-06,0.1776062974285511,0.0037622776136472,6.690883743689152e-05,1.50552596169066e-05,0.0002318813578225,6.916667937918604e-05
1309,0.0023341401050258,0.0017131284334277,0.1972068468235289,0.0540835515850541,0.0581776514350418,0.0124192259593213,0.0019917310179607,0.0014676032246987,0.0595869617449818,0.0097946604413492
1310,0.0007467003883892,0.0002957092707883,0.2417459160057878,0.0055078184422612,0.2393152632755376,0.0039875187090371,0.0014524656121351,0.0003958353657735,0.1079664202978747,0.0035153079921658
1311,0.4148603961864002,0.0581007325455517,0.0001750864773069,8.858667835323632e-06,0.2317366596959227,0.0033042124211955,4.474437357434007e-05,1.34801023947011e-05,0.0002635016059835,6.568107922223483e-05
1312,0.000731335284926,0.0002677337367452,0.0271671243124748,0.003531238897739,0.0111458403561871,0.0024819437349693,0.0005513487877155,0.0003246491425814,0.0066479316355906,0.0014480777891269
1313,0.0015334240691669,0.00104624570286,0.0717804555232736,0.0134357592258557,0.0213215450275498,0.0057711445231103,0.0014319112985568,0.0010670207332316,0.0182401166320136,0.0037726394123875
1314,0.5015150287601219,0.0325517850173736,7.227800563991895e-05,4.282562475483719e-06,0.1518739444699721,0.0061749212474823,0.0001056522895853,2.7523183930898e-05,0.0001933014562027,9.222868416884046e-05
1315,0.4135495079582723,0.0591161093883772,0.0001549701788187,9.978665148862174e-06,0.2203015699155527,0.0046409665680009,4.680619857521734e-05,2.121268236042537e-05,0.0002727945945289,7.752193343495386e-05
1316,0.5144514731826749,0.0384257909535679,7.168280811784908e-05,3.844410233152636e-06,0.1520321108729679,0.0062531804497293,0.0001117223953573,2.656109679823549e-05,0.0002477023855735,0.0001101371660878
1317,0.0010685911361868,0.0007291802985124,0.1992496143197435,0.0726645714157387,0.0712144227094749,0.0122580087952089,0.0024837900395928,0.0008236307052287,0.0793024731286495,0.0133016696184956
1318,0.4723393029775226,0.0360418394458861,9.26355202429696e-05,5.375485667234485e-06,0.1621081191970022,0.0056783149363286,9.110330831142308e-05,1.963035491631504e-05,0.0002165487175189,8.453419141787168e-05
1319,0.4543144235033002,0.0369010067377341,0.0001176508697164,6.40312333786042e-06,0.1671074143696161,0.0052337813045557,6.727676528122372e-05,2.3888735617420075e-05,0.000218962963773,7.907350131507278e-05
1320,0.0461200528472128,0.003108864758931,0.177328330797898,0.0735569945749219,0.0958036554832969,0.0374396432110131,0.0311742833520395,0.00295174710549,0.1737984337114264,0.0712492193479015
1321,0.1607200810076068,0.0077959851507934,0.1888866290246354,0.0087978561878235,0.1663889626525097,0.0758394147467019,0.0104079577018614,0.0031359364279231,0.1334456466589841,0.0087781070968037
1322,0.445280720273163,0.0511227977097686,0.0001158992178215,6.686409294394774e-06,0.1673157216036456,0.0031104502090372,6.929144804344346e-05,1.3255629696797033e-05,0.0002428050701453,7.191375060728499e-05
1323,0.4659954946946109,0.0379041350012606,0.0001073719814401,5.819212510200937e-06,0.1662692053612401,0.0049515824069534,8.194218357017879e-05,1.7985740172734378e-05,0.0002285939039345,7.493618588630138e-05
1324,0.0007961708389354,0.0001311129578372,0.027415708830824,0.004199480663994,0.0133762876108596,0.0019693198307637,0.0007484443295725,0.0001633735904827,0.0069099274339467,0.001125899174004
1325,0.4492380710889627,0.0810489996705807,0.0001139044526327,7.440837191196328e-06,0.1657233596905,0.0052419309677357,0.0001634771891084,2.011278971298632e-05,0.0004505997157621,7.7466086398106e-05
1326,0.1236112700761378,0.0056309191835304,0.2581937917457266,0.0282223233462748,0.0743375419652892,0.0377679958700628,0.0122006394674738,0.0044477769798397,0.1377209759203565,0.0280782453461894
1327,0.4720755063994689,0.0436021316740706,9.176008893162174e-05,5.538891708574608e-06,0.1613345190895425,0.0039646037469795,8.884938605933964e-05,1.5486120405249082e-05,0.000216704658291,8.002750219488836e-05
1328,0.4833756477915331,0.0339069710645362,9.537920381212662e-05,5.244244478806584e-06,0.1648057455561233,0.0061252021825247,9.329384871715508e-05,2.0575488786790324e-05,0.0002259513870242,8.406498078250964e-05
1329,0.1057377948651966,0.0055779842845894,0.2283787101886916,0.0625071151318203,0.1385956059696308,0.0714651727641971,0.0327564374722492,0.004979994120736,0.2117242051967311,0.0620037765040921
1330,0.0009290625790832,0.0006409479990094,0.0897540746677203,0.0137467815811119,0.0196172432480109,0.005256724206621,0.0010186855276043,0.0007121235834942,0.0190811661764422,0.0032083068519699
1331,0.3984748324221071,0.0654414750926714,0.0002080060514111,1.0106323078841716e-05,0.2521349849890071,0.0030600471552075,3.690103350485237e-05,1.3136142117416857e-05,0.0002695073825423,6.334474290487993e-05
1332,0.5278716102010902,0.0443697004709868,4.780912475360108e-05,3.720150284858264e-06,0.139649480704802,0.0076810943162507,0.0001300210520561,3.4761855293598906e-05,0.000382334813093,0.0001200897243725
1333,0.4353110097843903,0.0060931976512729,0.1980021430981565,0.0169973944851632,0.1297958467197256,0.0563296413280909,0.0121830225769817,0.0037526278707327,0.1480221617101318,0.016952949248218
1334,0.0017981415902866,0.0002669309742842,5.317453938702844,0.0054550116586375,5.298577287749843,0.0034405113546771,0.0046589989210407,0.0003629954350253,2.1564291423556026,0.0044957017693061
1335,0.0018787809324643,0.0002755272308435,6.237676379645043,0.0054098591088524,6.211423925759988,0.0034380147719104,0.0048576376457476,0.0003724468866943,2.434844193134329,0.0045010949298087
1336,0.0007521134240068,0.0004270318430264,0.0274562334309045,0.0038174960392298,0.0138496028379384,0.0034626497257812,0.0007241497243271,0.0004991481096736,0.0069240433193585,0.0020065914731629
1337,0.3816557384503536,0.0697456688696895,0.0002529225254067,1.223890572470075e-05,0.2713647828523146,0.0036395456232298,4.566655505022739e-05,1.4559097064022624e-05,0.0002595447729135,6.199865976687072e-05
1338,0.4870761113675515,0.0386220024976158,8.104620938910871e-05,4.900853484440468e-06,0.1598305027766796,0.0064473697652876,9.358626393092576e-05,2.727066667493733e-05,0.0002161378765438,0.0001007206976541
1339,0.4786045730597311,0.0359334054847127,8.717584437807769e-05,5.026133163248183e-06,0.1617585246638886,0.0048175066740436,9.36950670627646e-05,1.7780839478825697e-05,0.0002529391452841,8.329388869287653e-05
1340,0.0011219237934763,0.0007679590893419,0.0639889515000254,0.0149587331830377,0.0176376704286066,0.0053083135184631,0.0011499830329299,0.000835813901425,0.0144832748744831,0.0033071279600223
1341,0.8690190442442896,0.0210047641323503,0.0101649460732312,0.0019067376474065,0.2848202775249102,0.021814589957266,0.0019946678019509,0.0003216791129547,0.0100985189518451,0.0019028007107912
1342,0.5191141233957756,0.0402189576809753,6.836734263299217e-05,3.684457422035188e-06,0.1484413610194227,0.0051872776728158,0.0001184337219506,2.658980794877033e-05,0.0002507654812769,0.0001040704352444
1343,0.4697641254372789,0.0450289968023867,9.277627131224414e-05,5.476505139431718e-06,0.1634691067266345,0.0043389480377832,8.594131863479297e-05,1.810987019470723e-05,0.0002092695441205,8.155787989815474e-05
1344,0.0013511513679677,0.0008309290937814,0.072453733742897,0.0146655894456756,0.0174299360916064,0.0052173695851695,0.0016733147138749,0.000899937599653,0.0193756484542291,0.0035439414404769
1345,0.0062735185562017,0.0009240765904171,0.3284138459784586,0.262983379656349,0.2136726542043988,0.0943086009287439,0.0130482973405048,0.00107063476635,0.2585272097874224,0.1203238944792621
1346,0.4607829435658387,0.0473800069302075,0.0001120032525282,5.960242942225574e-06,0.1657283079127898,0.0044759876083423,7.503667548353042e-05,2.116615672252028e-05,0.0002171025436534,7.628120192971465e-05
1347,0.0068664024412057,0.0018829453443537,0.4663048882752516,0.2907840871215689,0.2803615416884861,0.1033846441505567,0.0103717135791474,0.0016226908285748,0.4260071463597874,0.1991173998465862
1348,0.4626667444388791,0.0490900958203572,0.0001106141790338,5.991843954818374e-06,0.1676946003917397,0.0038260937089829,7.24917089762688e-05,1.867298856211269e-05,0.0002242180674622,7.34387189773301e-05
1349,0.4946024450514535,0.0417891447791717,8.668835843997638e-05,4.695655235458612e-06,0.1601214549463402,0.0048941368592524,0.0001007783873932,2.3454840367522992e-05,0.0001875735214556,8.786972146604338e-05
1350,0.0686197392668666,0.0056262834116472,0.2025291798140792,0.0329357264758121,0.0933644586010305,0.0451248879973678,0.0170580209490527,0.0043135557016136,0.1779424271690129,0.0327437963245814
1351,0.5507355069237455,0.0329911831551173,3.916639924138213e-05,2.3503383041311124e-06,0.1293059555567679,0.0105374728167103,0.000136583520377,5.430657486923403e-05,0.0004412971999529,0.0001645282481441
1352,0.4279810505966112,0.038922383312289,0.0001343646977695,7.41330432103172e-06,0.1940960724728342,0.0040904485474102,5.551196853305453e-05,1.2303065905329551e-05,0.0002652860912795,7.224604612776189e-05
1353,0.4165135940672153,0.0616512399101027,0.0001738461489389,8.564643663961523e-06,0.2289603949602227,0.0033768082794867,4.383339458538439e-05,1.6102575184010094e-05,0.0002693170122785,6.663263923043826e-05
1354,0.5133177412496139,0.0388952757849745,6.291536773960265e-05,3.9209063895285225e-06,0.1445758377541103,0.0062443272683619,0.0001101596928065,2.6934071179608834e-05,0.0002852095052988,0.0001014478330867
1355,0.0010718378958787,0.0007030352078471,0.0727961713736094,0.0268838453865384,0.0156384446242984,0.005251551087643,0.0011360238790636,0.0007816387120809,0.0179442750274567,0.0049577718736449
1356,0.0697649193667067,0.0047651040434757,0.1460635699548843,0.0309781261044233,0.0666732480728412,0.032245453420116,0.0170022084765931,0.0036345026394577,0.115017207168973,0.030638702659095
1357,0.4826382319911094,0.0464213424458753,9.576616590998496e-05,5.143164809515619e-06,0.1630450443010092,0.0035096528777772,9.056196394277752e-05,1.7575422159459283e-05,0.0002101919827145,7.362327246723467e-05
1358,0.5471195139959162,0.0344855017052002,4.0353408298742565e-05,2.453397612619586e-06,0.1267349856239607,0.0069846908962835,0.000111093840585,4.324435635619966e-05,0.0002964171121079,0.0001328338891385
1359,0.0018007970127954,0.0011445767388905,0.1215189775610577,0.0299035071215746,0.0285652893558664,0.0074306644810698,0.0015195395413316,0.0011702850679166,0.0273355869860821,0.0052948951805331
1360,0.0041714763507036,0.0021530530225126,0.2302645566669437,0.1278579396209272,0.1236922719591311,0.0514804613625323,0.0055263918862083,0.0016990946590989,0.2120613058203688,0.0994159000871774
1361,0.4618821265197717,0.0445189129979605,0.0001019045512007,5.68965691331733e-06,0.1653569118163955,0.0047447973770846,7.840712940839601e-05,1.838435716792271e-05,0.0002356910139056,8.399858774386729e-05
1362,0.1259247760737879,0.0072507004615866,0.187223852052096,0.0285618292188019,0.0954877643322124,0.0494792092113353,0.0144433064611749,0.0047884831905363,0.1759081790661829,0.028464009842513
1363,0.1318752671156904,0.0255539272904844,8.012262957223942e-05,2.407693582410789e-05,0.3211229009342201,0.0128572050728799,4.167508553845881e-05,1.2873359985558834e-05,0.0002620794174414,0.0001146391489884
1364,0.0140747885601571,0.0018594662969544,0.2070689110588511,0.0367617833519495,0.0986101636832625,0.0386072572426381,0.0138998179566656,0.0018038708541323,0.1308130916982855,0.0362099275089891
1365,0.4321703511652155,0.0063914074165886,0.1979937487566334,0.0213490599557842,0.153107300502634,0.0656579392198584,0.0115625350806883,0.0041132592746248,0.1349102635820297,0.0212940803085326
1366,0.1162221227098574,0.0252097896288246,0.0005148655133681,0.0001399568341852,0.4661133158086593,0.0173487555896659,4.734398522972562e-05,1.2014098510825252e-05,0.0004424827340806,0.0001178089267039
1367,0.0012967444421706,0.0008233601731906,0.1633947403931744,0.0684951339654326,0.0532286671874887,0.0117359452457181,0.0029391300047209,0.0008888146709216,0.0765911222247582,0.0159988302648315
1368,0.0291118007983915,0.0017725540034456,0.0035904995453158,0.0010675607917609,0.3317587909502538,0.0051886756979822,0.0003359933856992,4.1854058165865885e-05,0.0035610489591643,0.0010710217141828
1369,0.0941435572079812,0.0055751104488021,0.2092480069543228,0.0399202429840432,0.1255750576466875,0.062205414595033,0.022079639439359,0.0044991829789149,0.1203192173330497,0.0397271541021175
1370,0.1987440219081128,0.0217706522613698,0.0001153551150659,1.666560875246397e-05,0.4795389207934212,0.0067460089073524,2.1825706616955847e-05,7.646131694473875e-06,0.0002998819814225,0.0001020129376642
1371,0.4215785706754829,0.0456918596409021,0.000142657373845,8.059565654583378e-06,0.204393087073452,0.0042769633141899,8.577239368362357e-05,1.4386946719702208e-05,0.0002795434244459,7.220510453446362e-05
1372,0.1603935713654312,0.0058720196918625,0.2235138598931137,0.0277946925225924,0.1356725897834365,0.0655370607103828,0.0139085968449283,0.0039463700080522,0.1666126528260054,0.0277515794845528
1373,0.4921507436190617,0.0419669221530045,8.867048147587949e-05,4.704718603432742e-06,0.1613090743458037,0.0050903028473478,0.0001007773065992,1.909550579018174e-05,0.0002495546061967,9.411435219781316e-05
1374,0.0011291959483931,0.0007650583036084,0.0240629797538526,0.0044613350874402,0.0181206260739329,0.0046566793988782,0.0011509482480802,0.000841494821095,0.0104912827354317,0.0026494800718716
1375,0.0920401645131853,0.0048749770300603,0.2984472347149849,0.0875955377343056,0.1483552317134067,0.062661587202041,0.0413512949362048,0.0040271205366065,0.1632826168903843,0.0863826371665923
1376,0.000925188210465,0.0006525638400202,0.0243727956660484,0.0043510965935989,0.0157018590165264,0.0042745198617158,0.0010291493524782,0.0007300174944855,0.0087187035862254,0.0022750003263769
1377,0.4916489148434013,0.0447080634500421,8.973423971399771e-05,4.814636196572702e-06,0.1617730602138775,0.004035516913308,9.386887456811175e-05,2.000127727813461e-05,0.0001794452773787,7.49235413751146e-05
1378,0.0011248875160299,0.0007172759524941,0.1136946454969305,0.0232514005904529,0.023830792669125,0.0047571788638768,0.0011183309934777,0.0007913065637985,0.0263316835496432,0.0037282174186837
1379,0.5438814066977643,0.0321396419545094,4.208454075750501e-05,2.524056396978669e-06,0.1271014688577731,0.0070474552328634,0.0001040401776841,4.869781893638301e-05,0.0002777150070538,0.0001411416606412
1380,0.0684103915642355,0.0119908134342935,0.0015339939276,0.0003854271325629,0.2838057480143282,0.0165599541158059,7.717416676002043e-05,2.5248630934837263e-05,0.0014901013467302,0.0003711524718897
1381,0.0009511593031873,0.0006229338377301,0.0286397476863601,0.0055741542158436,0.0136473893479606,0.0041899483090515,0.0012494742855537,0.0006981159214116,0.0104954134539202,0.0023406926742053
1382,0.4704758191358348,0.0408523980705029,9.879472393430912e-05,5.527366200102328e-06,0.1646625493052243,0.00400399218721,8.19581424891908e-05,1.8240719983134867e-05,0.0002165771137404,7.236813989871091e-05
1383,0.5124196649822055,0.0396811276312158,7.282372966502777e-05,3.924318196497581e-06,0.1524610517697017,0.0053342006749843,0.0001138231019055,2.486422944317888e-05,0.0002521889419096,0.0001041235255887
1384,0.4413632212136293,0.0345218377558664,0.0001336009420611,7.121851564633243e-06,0.1850683218931814,0.0045557564539748,6.495314001488883e-05,1.377300791091941e-05,0.0002409841706327,7.555427766071837e-05
1385,0.4543343315927191,0.0429270106751589,0.0001220530901476,6.369326086953632e-06,0.1723405889463838,0.0040126670281999,6.96702674072517e-05,1.5788006286317477e-05,0.0002251297636896,6.617759630532521e-05
1386,0.0910564576240773,0.0048178626932254,0.1765003497337162,0.0831526181953151,0.1362240398119331,0.0587852601740117,0.0402413271482319,0.0044096352559156,0.1372522775413468,0.0819248123642088
1387,0.4164177396203837,0.0547911910218528,0.0001555456332304,8.351668075144962e-06,0.2222741358815887,0.0038512814008806,4.5694209689896746e-05,1.684576129398289e-05,0.0002759459951133,8.10292515820221e-05
1388,0.4901828612846605,0.0342149258431235,9.012824390567397e-05,4.874841926320145e-06,0.1613347686340866,0.005575992360267,9.66932568744222e-05,2.105302561436197e-05,0.0002287309130871,8.407154953149534e-05
1389,0.2000914662967083,0.0068814041810789,0.173498100952698,0.0131764770981179,0.1659635793761598,0.0787842807488882,0.0119254250414817,0.0038543501293748,0.1347576014020895,0.013158106830552
1390,0.1919212066538817,0.0073962890363631,0.1547285244438676,0.0157695766574673,0.1712178884520614,0.0827590645029721,0.0141235972908167,0.0039186592894337,0.1138391490800108,0.0157335100358385
1391,0.3148514845070548,0.0061040481068003,0.2773848836724505,0.021306988716969,0.1363810635945612,0.0478252560752562,0.0089779159189536,0.0037792263672562,0.1761603947558405,0.0212284858284828
1392,0.001260146911368,0.0007465263870146,0.1965211412894337,0.0628189228358879,0.0495273088564014,0.0079251451303503,0.0013489955173866,0.0008230044435205,0.0579228667277675,0.0080129126929458
1393,0.3734295658826036,0.0070440896889633,0.2076507199993609,0.0252033879224534,0.1222368333530599,0.058779698891344,0.0190330208572753,0.0051883836897135,0.1287380822449687,0.0251553993918478
1394,0.5435005894385055,0.0344772389861682,4.974107462780551e-05,2.7355861930383358e-06,0.1378497063098782,0.0082666999466712,0.000109110457902,4.458443482809129e-05,0.0003453021192704,0.0001397600919043
1395,0.5049123699854459,0.0295252899556295,7.400116934447799e-05,4.175116674470495e-06,0.1527720567871657,0.0059937447409088,0.0001061034088609,2.7214621211238968e-05,0.000179856788124,9.162093312484337e-05
1396,0.039520196611103,0.0029165183192645,0.2998400785028988,0.1620767382363501,0.1286976365610225,0.038252059509009,0.0390650493462674,0.0026116640246349,0.2923832923192692,0.1544755696727265
1397,0.0015741040595077,0.0011146156022175,0.0227409704144497,0.0060452546736867,0.0222078804982993,0.0063427236073055,0.0014614303177379,0.0011039658634815,0.0099862276189682,0.0034174424678987
1398,0.4185161340296268,0.0584167229015401,0.0001701208577059,8.572395463985312e-06,0.2275745805105765,0.0036062797500681,4.6899490227706e-05,1.62923046022493e-05,0.0002738431281852,6.954814984947523e-05
1399,0.0019457447450865,0.0002737424758213,5.297550144795985,0.0054639502334965,5.269790573830965,0.0035143201224301,0.0049999396740958,0.0003692924309719,2.1329657244388085,0.0046133624966085
1400,0.4405148027095817,0.0561275544596036,0.0001348763084273,7.123659564392204e-06,0.1884544402375235,0.0029293723563117,5.81536968365757e-05,1.3361427312812413e-05,0.0002511064831665,6.560566498315518e-05
1401,0.4528455224461591,0.0074244198322166,0.1403978793468617,0.021929834647108,0.1328282617240267,0.0628769678929524,0.0161509618587326,0.0046513844996929,0.1092685963027458,0.0218854443549764
1402,0.1407461784971031,0.0060706107564855,0.2357103945372806,0.0198386118108077,0.11365551752516,0.038772684750012,0.0143398919210697,0.0044061349898446,0.1879437953876446,0.0197880431543903
1403,0.4743759263938228,0.0449897886109293,0.0001015099311239,5.46118504159784e-06,0.1653271207821273,0.0038942669380512,8.736778492189113e-05,1.748255250032247e-05,0.000228861323808,8.7161658088172e-05
1404,0.0016039467358853,0.0010702424556524,0.0230540881097397,0.0058538470015297,0.020876375972014,0.0062778189126783,0.0014316893760586,0.0010772259028176,0.0109240209049949,0.0033791920527683
1405,0.536735172291196,0.0357773875885852,4.954568347544973e-05,3.015092241759465e-06,0.1372698145906186,0.0067062425892866,0.0001059364560358,3.570080848315642e-05,0.0002557500778978,0.0001213525251193
1406,0.4627913969478651,0.0437479301005777,9.833148632781585e-05,5.687172737429513e-06,0.1645788759333996,0.0038240731078924,8.243756465314127e-05,1.6734257782887727e-05,0.0002125266249164,7.341724481615924e-05
1407,0.5292384426771111,0.0360916938047624,6.021312651982137e-05,3.266879823375654e-06,0.1425331873542047,0.0066124154363179,0.000109161091051,3.141310848853967e-05,0.0002353774483448,0.0001157260158978
1408,0.509402516352613,0.0385670855648986,7.371499438771139e-05,4.000458101915647e-06,0.1503634905461784,0.0054183696368005,0.0001091873226614,2.2326223952863283e-05,0.0002317427606162,9.67592356752675e-05
1409,0.0014534157206911,0.0008627273407184,0.0352179476836985,0.0073071461432974,0.0173785185761594,0.0052188458767178,0.0011944733537481,0.0009169161553087,0.0111461291631361,0.0030235451564894
1410,0.002447471321026,0.0008808853611203,0.2165485491024712,0.0966336815264309,0.0626246809249718,0.0173159498519249,0.0048264755585516,0.0009962019819933,0.1241342974494589,0.0408773600871811
1411,0.0007549873245354,0.000211109173478,0.0293473276551755,0.0049540453902339,0.0162291328145456,0.0021133224103059,0.0008938522865623,0.0002674508434188,0.0073089142744416,0.0012124448838198
1412,0.0010015227538362,0.0006415060814166,0.0496287486480997,0.0161346835559528,0.0150304941653279,0.0052417547260915,0.0010072676222489,0.0007195300292487,0.0175525951438809,0.0039680933884722
1413,0.4658667347503231,0.0478849112579752,0.0001082806752254,5.783718849789199e-06,0.1667339140303531,0.0032808897370915,8.218510252964311e-05,1.4338086157186497e-05,0.0002233963172483,7.274728125336715e-05
1414,0.0007903546666867,0.0002852091930701,0.7317239818183041,0.0053264638206761,0.7288295153339914,0.0036451448336543,0.0022843770631948,0.0003868343315458,0.3806635916770677,0.0044367570445007
1415,0.0017602167738244,0.0002697559686484,4.433199913812036,0.0054128333962871,4.418015663903409,0.0034175147237634,0.0045680066588506,0.0003654635234389,1.8181702555963724,0.0044620062270745
1416,0.0010204514406348,0.0002695465735447,1.0908909849716903,0.0052803553180126,1.0874164043731949,0.003508173148235,0.0028276566555638,0.0003695840391404,0.5446976255681977,0.0043694145576597
1417,0.000778582213397,0.0001806157373883,0.0282085398237134,0.0038652201372919,0.0071187903552869,0.0010984745029369,0.0007332553044096,0.0002248092907059,0.0069624934535491,0.000801553648211
1418,0.0014535838346117,0.000266715523756,3.3911804054675643,0.0053326606677456,3.3841436945804064,0.0033745453929641,0.003847399492773,0.0003653602544992,1.4605973409470652,0.0042526332210996
1419,0.0013820522832392,0.0002668074959013,2.928095153319299,0.0053453285051728,2.921394783407829,0.0034033569177237,0.0036747371587014,0.000367152978942,1.289184003604889,0.0043306340025675
1420,0.0007371563957845,0.0002735585094719,0.0799986777461155,0.0057151352860276,0.0774336720353828,0.003891740351648,0.0010945347046456,0.0003579648357661,0.0236116834670376,0.002213455489682
1421,0.0007478865027809,0.0002293818905099,0.0293446784093769,0.0052007316254202,0.0259838272294497,0.0025395817177574,0.0009221067933223,0.0002934144704866,0.0103043216516994,0.0014329343580437
1422,0.0007370290112143,0.0002740443338113,0.0811960800083894,0.0057731505402678,0.0787586276140029,0.0041178502154686,0.001057287583713,0.0003590004134672,0.0233216364448876,0.0021474399974679
1423,0.4771848500197598,0.0433432789827179,9.993666269912512e-05,5.340183274051999e-06,0.1653902091705974,0.0047129661622163,9.251149747296e-05,2.0012149689280764e-05,0.0002245762244452,9.519642608390738e-05
1424,0.3542324681714384,0.0062663261833032,0.1870609990133661,0.0200116446644187,0.1351082994711034,0.0574750077800979,0.0119616641580277,0.0042488560627214,0.1720931349274304,0.0199710921753832
1425,0.0007313158719359,0.0002547883984128,0.0375340447915216,0.005396114737048,0.034762355147458,0.0030010927264007,0.0009280152058433,0.0003276975703048,0.012193336693104,0.0015110824215418
1426,0.0007510785392128,0.0002498788235376,0.0287418081577035,0.0034081180792511,0.0104257771483655,0.0023342312302348,0.0005741622695404,0.0003058855137777,0.0070105727135667,0.0014027241231565
1427,0.001807676497926,0.0002680425633083,5.513531861317118,0.0054395975693984,5.495825298290352,0.0034211487141808,0.0046811295977285,0.0003637370262229,2.1935907573799427,0.0044506122119343
1428,0.037748254238039,0.0032058573817854,0.2322282564899456,0.0582598672036823,0.1219698456660164,0.0480597710626243,0.0259978147788199,0.0029494781017419,0.1743387745553932,0.0571233521564986
1429,0.0013983646232714,0.0002711096480058,2.982291331581781,0.0053397094334356,2.975191906172637,0.0033927704089306,0.0037135244783986,0.000371545210568,1.3010617845858108,0.0043250190676842
1430,0.5346033986753178,0.0368631056118202,5.691532453900879e-05,3.0825021706487584e-06,0.1425336608956369,0.0065827116744231,0.0001145857119367,3.3433830782813146e-05,0.0003111920369052,0.0001197183369142
1431,0.0007499309585354,0.0002641864559489,0.0403720288140635,0.0053803894633385,0.0382509544245245,0.0030575712337389,0.0009564048523231,0.0003416573220819,0.0115851767905399,0.0015650174301479
1432,0.5322152490377767,0.0375804887479685,5.886839952736105e-05,3.199564526805444e-06,0.1435483849783565,0.0056780523397217,0.000115894068204,3.194559971717873e-05,0.0002088434635378,0.0001071341401084
1433,0.0017085537861108,0.0002690215078491,4.839883554741994,0.0054382380501542,4.831309810233263,0.003394382209801,0.0044498802516077,0.0003665010403328,1.963345674379871,0.0043035323178776
1434,0.0007559027281752,0.000223675647377,0.033224054955672,0.0054379921452716,0.0311959335757197,0.0027116918374806,0.0008903968337005,0.0002838026435189,0.0110738090981354,0.00147871123528
1435,0.510431958068387,0.0386555785196583,7.364754550018567e-05,3.983811654823356e-06,0.1521005276220304,0.0059762921672981,0.000113986019633,2.576365860881484e-05,0.0002546701222301,0.0001084515345006
1436,0.0016560654179557,0.000267905148722,4.582441512814774,0.0053852783128455,4.57567844440533,0.0033831352830666,0.0043227029030929,0.0003647928376465,1.8862976451478064,0.0042809192629946
1437,0.4153839194692971,0.0522479223300223,0.0001576103052043,8.479133014427773e-06,0.2218072765848183,0.0035322069785934,6.166474041169087e-05,1.315796252469878e-05,0.0002725174529758,7.319732627231538e-05
1438,0.0007388397812923,0.0002828890283982,0.4331818584939706,0.0055494730263444,0.4312333169488894,0.0039960628713655,0.0017062697251981,0.0003804816301026,0.2100936076856311,0.0043149735189274
1439,0.0008286739356145,0.0002840486695372,0.8358109057479083,0.0053533927833037,0.8323737285634321,0.0036227623818206,0.0023786518200667,0.0003884375663276,0.4321028134476884,0.0044779392954356
1440,0.0012516996091686,0.0002688439322446,2.190971494725646,0.0053186914404696,2.1878439608512834,0.0034350581213619,0.0033672611342236,0.0003693157091189,0.9961328040756624,0.0044109465677496
1441,0.0007273651778377,0.0002744510042122,0.3810149010978894,0.0054322776104871,0.3787627893647247,0.0038068134592913,0.0017557944709758,0.0003698914800436,0.1913293979349856,0.0040535760367194
1442,0.032954781695801,0.002943862939253,0.1349107012399242,0.0543177252975392,0.1011229508698762,0.0411225247434647,0.023490203352589,0.0027321899324021,0.1297011651865897,0.0527206960697176
1443,0.0016369590651549,0.0002695563178303,4.273018558580633,0.0053800018090535,4.264977338402508,0.0033817716431312,0.0042764501226232,0.0003666050635872,1.7855742536904506,0.0042880165976752
1444,0.0007291717482083,0.000280327604862,0.1284544949475798,0.0057780100907046,0.1257069931473533,0.0042399933352943,0.0011540550199422,0.0003710506713628,0.0371955721690807,0.0025321780798594
1445,0.0007623373162431,0.000224641920491,0.0327635119572356,0.0052851581147211,0.0295750137148843,0.0025648283606894,0.0009178235872217,0.0002858068133328,0.0112209852972696,0.0014498958590136
1446,0.4507045990747029,0.04338170467275,0.0001121247049634,6.332499448878855e-06,0.1676647647028922,0.0040458744916715,7.316690115139095e-05,1.6899290479968894e-05,0.0002246719678678,6.958019924442049e-05
1447,0.0015440919378625,0.0002705119274345,3.954704822507928,0.0053530085723223,3.947839292577031,0.003372802314448,0.004059601642038,0.0003698710243376,1.652138974133427,0.0042625451078276
1448,0.0007604101418256,0.0002573749477764,0.0365045922124662,0.0054152399749552,0.0345555090738927,0.0029773415339685,0.0009490251104807,0.0003311750083607,0.0110858043102406,0.0015880567896742
1449,0.0007517899840638,0.0002807768988413,0.0643602021788633,0.0057094931125616,0.0618137418951641,0.0037136741873639,0.0010448058150956,0.0003663009806246,0.018418134232698,0.0020258428938654
1450,0.0009368265920384,0.0005947379989552,0.027125818101703,0.0048787941879606,0.0139318495221156,0.0036930927760379,0.000955703513299,0.0006715358698697,0.0086177589576784,0.0020978047527911
1451,0.0007255989561593,0.0002882867429223,0.407342597691775,0.0055260343692814,0.4052503248546101,0.0039831181535561,0.0016988075714387,0.0003886506117139,0.1997327234928118,0.0041752334997284
1452,0.0007617922468794,0.0002054537900431,0.0275186505977699,0.0034275051627777,0.0096588023941362,0.0021789224425967,0.0005522902939821,0.0002531884184426,0.0068535311437387,0.0014364357345226
1453,0.0007863445271053,0.0001113051729512,0.0280224861665122,0.0034844671804953,0.0062163883383683,0.0012221618208242,0.0006852695031707,0.0001389922559571,0.0071606660170785,0.0009352293494873
1454,0.0007411087962501,0.0002373485233033,0.0304651401349923,0.0052724938887692,0.0282430554412262,0.0027375805449023,0.0008892335892509,0.0003032956137389,0.0101790551505259,0.0013737329224909
1455,0.0010980157428081,0.0007424505236076,0.0528514380852679,0.0092730520982486,0.0160212751403301,0.0048711266481838,0.0011361453501443,0.000821205139411,0.0133857330886395,0.0029447221723055
1456,0.0007383129623384,0.0002728798088171,0.0382298484293215,0.0053764955732887,0.0358570596516493,0.0030918266678545,0.0009865736575607,0.0003528283861148,0.0113481973247624,0.0016874138591682
1457,0.0007821426076083,0.0001550197682279,0.0279268065784194,0.004134260918783,0.0145157192904275,0.0015395301656256,0.0007503419837538,0.0001921546369663,0.0071862543144205,0.000863453510962
1458,0.0007219010825732,0.0002792186806844,0.2822719860282917,0.0055478114158316,0.2801733821295296,0.0039765208653742,0.0015496957702626,0.0003738822187335,0.1314882687497834,0.0037217297947973
1459,0.000761685423423,0.0002511490425896,0.0269643007997003,0.0036177488549203,0.0111716122999415,0.0025988873959439,0.0006369999952529,0.0003051902759172,0.0066379636209653,0.0016768154151252
1460,0.0007706254709416,0.0001457005950958,0.0282969860221459,0.0042640071929505,0.0153481743207462,0.0015449813196152,0.000761907334797,0.0001793243362605,0.0071024688058413,0.0009035270512644
1461,0.0010303466022495,0.0007016390756052,0.0244835145156985,0.00493860416741,0.0157866596282053,0.0050769787406314,0.0010464373757067,0.0007750700479263,0.0094474203364315,0.0029187643582571
1462,0.5369588648000141,0.0331903754620579,5.500903034834648e-05,3.0902567070203987e-06,0.1406380232474601,0.0082424071626235,0.0001169793228069,4.697811154883526e-05,0.0003570325316059,0.0001400242024708
1463,0.0007244391623923,0.0002788624198729,0.1740710811392195,0.0056173913974952,0.1714951908109828,0.0040936500014129,0.001272879065389,0.0003724446902584,0.0647431551929376,0.0030023433008372
1464,0.0007747854235421,0.000163590397217,0.0285239158543676,0.0041355197936185,0.0106095308317261,0.0013271826028855,0.0007565842062779,0.0002027775891883,0.0071891914187961,0.0008701443295627
1465,0.0014869754685784,0.0002668817182065,3.7508513064672977,0.0053329966895325,3.743889752289687,0.0033871362001257,0.0039191846162988,0.0003662972180106,1.582892578050483,0.004287498721632
1466,0.5058282828060457,0.0416284084055964,7.792940584551356e-05,4.2141244745373455e-06,0.1552968338394792,0.0037337067719095,0.0001092980323466,2.098232642661248e-05,0.0002067486376326,7.974026135199776e-05
1467,0.0007715653697567,0.0002161962432023,0.0280595996420034,0.0045360491638414,0.0141730119101898,0.0018335509477975,0.0008144971718425,0.0002711467911966,0.0069936237379906,0.0010204447629607
1468,0.027897827096641,0.002660402945804,0.1199616230497396,0.0561673845462996,0.0763403060862303,0.034109749790741,0.0223789858414708,0.0025242967315268,0.117297349312924,0.0543517960305833
1469,0.0007138043526973,0.0002760617055894,0.2883212449062114,0.005580608133138,0.2860925492801109,0.0039835434991584,0.0015569731303852,0.0003710306733161,0.1336171619910253,0.0037615354819341
1470,0.0007670801045566,0.0001987378572103,0.0277410516090005,0.0032857291328101,0.008939485868135,0.0018921455114286,0.0005971552532359,0.0002459064171386,0.0070443014255758,0.0011930868798999
1471,0.0539260441339324,0.0040422255295139,0.2194181842276505,0.0467719492591177,0.1002987366995658,0.0480608739989509,0.0244460668433623,0.0035965164280807,0.1331211312563985,0.0461314253932808
1472,0.0007879373896775,0.000140747201964,0.0284752363137555,0.0036252078440164,0.0082512002969381,0.0019974686870408,0.0005784247449813,0.0001771602102221,0.0071927386077462,0.0014620879115438
1473,0.0007603604660633,0.0002129533730423,0.0275361991080231,0.0048458462432415,0.0182497419449105,0.002173218226981,0.0008358208696381,0.0002686097478186,0.0069015308026269,0.0011379761229693
1474,0.000823769482828,0.0002798465924923,0.7316365479644565,0.0053183577137599,0.7282103363571847,0.0035603166765378,0.0023697422259399,0.0003808974059013,0.3779819739291284,0.004296039171472
1475,0.4615147786946404,0.0452482842175755,0.0001004581672231,5.674181520327263e-06,0.164328529952469,0.003581365621523,8.294424581156716e-05,1.5797640044146112e-05,0.0002205945509223,7.12413274709029e-05
1476,0.0007826923714635,0.0001594682269652,0.0281161976024571,0.004409322313438,0.014487896681464,0.001553710971667,0.000793483229296,0.0001977563950197,0.0070887199960022,0.0008668509386739
1477,0.0578589340886705,0.0048513140984979,0.1858360928009358,0.0401044136775838,0.130818132507174,0.0708287497458685,0.0205895177595634,0.0044527747191272,0.1645590869977836,0.0399046330554795
1478,0.0007728847103092,0.0002107465283772,0.0283708716884793,0.0033375745872502,0.00959857988213,0.0019842692790387,0.0006175297041437,0.0002598651010287,0.0071600450574307,0.0012020650073746
1479,0.0007791864207597,0.0002141595570098,0.0278710611162033,0.0045115277750546,0.0134977775645456,0.0033329864641942,0.0006341959377181,0.0002655267538703,0.0071978870657422,0.0021204477681942
1480,0.4028691102262011,0.0549912375059423,0.000172686216853,9.183651292145644e-06,0.2352721904676268,0.0039801395205074,4.310635474549293e-05,1.5508365887738274e-05,0.0002925525767895,7.859509237144829e-05
1481,0.5184888612287968,0.035298940227344,6.391736511969172e-05,3.6503664061319945e-06,0.1464977109640103,0.0071154104309751,0.0001121160127939,3.133881618130202e-05,0.0002475410359961,0.0001150001118636
1482,0.0007622987203461,0.0001362133496286,0.0289297424579683,0.0034110668822189,0.0077757528031754,0.0018085538733972,0.0006547615032296,0.0001706076267797,0.0073030849203616,0.0011546049734791
1483,0.0010327644388305,0.0002718473398183,1.422038347909007,0.0053416485926305,1.4180597505250174,0.0035160770579921,0.0028569575821073,0.0003729757002136,0.6898829290277475,0.0046337560983088
1484,0.0007403359881198,0.0002734471296285,0.0878832611376659,0.0057298565652175,0.0852492608123995,0.0040099589114684,0.0011056618418503,0.0003586079345658,0.0263397687265708,0.0022846090437616
1485,0.000738126721995,0.0002678458994408,0.0802889056023585,0.0056945625751653,0.0778285930293747,0.0039495621231891,0.0010699212243585,0.000350504738995,0.0226736680256816,0.0021543852079471
1486,0.0007835369802155,0.0002072982234264,0.0283955000692299,0.0037569885045875,0.0133052738082806,0.0027959786776716,0.0005046428661497,0.0002568645779661,0.0081376268942419,0.0018066724350359
1487,0.0007578659488289,0.000211725786914,0.0287043504932568,0.0046915650838679,0.0142416237607372,0.0019133781358814,0.0008633761572681,0.0002659744501058,0.0072206217952423,0.0010713312672805
1488,0.0007459516684893,0.0002770948097906,0.0266649393141651,0.0034165536197319,0.0100707580166007,0.0024175212230796,0.0005702752543105,0.0003334510470073,0.006693517509213,0.0014262068546844
1489,0.000780419871928,0.0001539651140612,0.028064175878294,0.0051407736021428,0.0227959739943579,0.0023164726581967,0.0008450291678908,0.0001905538972174,0.0083995721585047,0.0013065274906753
1490,0.0007153187061133,0.0004486265144794,0.0264986134906162,0.0035925278323062,0.0119913384876543,0.0031071756059604,0.0007287680780998,0.0005205863958596,0.0065738524798036,0.0016830074257223
1491,0.0007625734462623,0.0002771902958557,0.6674822804126689,0.0053627081048134,0.6643583435681322,0.0036145591020665,0.00222416595756,0.000378108706873,0.3501086799898536,0.0043700307645108
1492,0.0007235820733598,0.0004186867259537,0.0273507510175072,0.0053190727253088,0.0160516744962713,0.0044168558232724,0.0006635140081667,0.0004867655073922,0.0093307134747742,0.0023618442159388
1493,0.4988881437410155,0.0392665893408837,8.45021311045143e-05,4.539108490848118e-06,0.1610392702404869,0.0044026677980749,0.0001007906141724,1.868057677654687e-05,0.0002208279362768,8.240302013080495e-05
1494,0.0007743860126449,0.0001088617895026,0.0288581978754606,0.0037393512537913,0.0053167449163391,0.0011703536197028,0.0007564462607914,0.0001330452788421,0.0073130478505572,0.000825516530088
1495,0.0013704624632779,0.0002844806727677,2.825247593909414,0.0052775268804347,2.818035705750103,0.0034291615892204,0.0036435673145469,0.000388190078092,1.2552618899622527,0.0044006231186421
1496,0.0007361394452843,0.0002790722699405,0.1016456436181846,0.0058642525271862,0.0992732369359543,0.0042944295616856,0.0010801027816051,0.0003643818327996,0.0279009034487393,0.0022783984624413
1497,0.0007383700350998,0.0002723784103792,0.0338219405200978,0.0052568730213726,0.0312153297591063,0.0029430275528802,0.0009283900571652,0.0003519380824826,0.0110212082781653,0.0015126491056112
1498,0.0007740537133735,0.0001731031711864,0.0276471379517976,0.0033740080338224,0.0084116076798485,0.0016912220783472,0.0006404682128954,0.0002144335085736,0.0071028297503893,0.0011368923232785
1499,0.0010574386565181,0.0002703846409009,1.2383562729542237,0.0052950062206244,1.234669247284832,0.0034830566272857,0.0029168489902984,0.000370207414166,0.6005581125522264,0.0043847066106869
1500,0.0007838025406868,0.0001798037705951,0.0279715417471008,0.0046193055393651,0.0142891759406072,0.0018369303244173,0.0008302852763793,0.0002242449301637,0.0070708898911759,0.0010217273319543
1501,0.0007547786327012,0.0002416003663649,0.0275786061336833,0.0050286727869395,0.0230425526601218,0.0024048879154956,0.0008742351369362,0.0003077462164225,0.0090722379867727,0.0012328157482857
1502,0.4740552909315463,0.0450631795735921,9.363759280906892e-05,5.360238472142716e-06,0.1656436362079259,0.0037220284938173,8.880264561736063e-05,1.698724633502822e-05,0.0002132910079985,7.697050915705022e-05
1503,0.0007231519745993,0.0002802763707234,0.3365223094870702,0.0055369248068515,0.3343593017765551,0.0039931887841436,0.001582077281082,0.0003761671133325,0.1573168037839865,0.0039268594893451
1504,0.0007153226094393,0.0002762396573294,0.1943300582134041,0.005671311010721,0.1918421802314534,0.0041847712796365,0.0012755247317695,0.000366973759891,0.0682397793685049,0.0030519066935798
1505,0.0007102272446918,0.0002967486356205,0.0260605099571571,0.0034123319636921,0.0099250976517041,0.0024506337452269,0.0005668309564636,0.000355901722997,0.0073700601482438,0.0014758528835832
1506,0.0007407415592084,0.0002581800725829,0.0339557293497755,0.0053833776776733,0.0319730947936505,0.0030093583087715,0.00095973282073,0.0003322233626262,0.0104332665195667,0.0016322886237088
1507,0.0007405772501476,0.0002869334881981,0.1167094549605944,0.0055503226849284,0.1140199103225914,0.0038996448710547,0.0012435179434298,0.0003809893934654,0.0414440463595372,0.0027025208149931
1508,0.6273947528345908,0.0084918084172256,0.1767658553497754,0.0246842258888969,0.1520321278786022,0.0703542215045515,0.022719788331736,0.005020075835682,0.152902586488017,0.0246042338206224
1509,0.0007969098660387,0.0001375873296348,0.0277504393358577,0.0035360107907415,0.0074967949184781,0.0016916167893258,0.0006660835336486,0.0001736197501867,0.0070451950681751,0.00105012072813
1510,0.0007236835619167,0.0002793658365003,0.1190920609555588,0.0057231861085097,0.1163675128936212,0.0040790502500984,0.0011665196114399,0.0003697820974648,0.0364454023489863,0.002531252148608
1511,0.0007789394896223,0.0001517155165525,0.0260909351459913,0.0034924698941787,0.0074841224986141,0.0017831426986338,0.0006942343304375,0.0001890764397302,0.0066486267576038,0.0010653364187617
1512,0.4333863242946731,0.054670938833562,0.0001506350837911,7.537033019585603e-06,0.2089883459579015,0.0039955520722994,5.397211431363178e-05,1.7704837892610084e-05,0.0002709856348141,8.045876925546236e-05
1513,0.0015110326531186,0.0002830348822648,4.063191435581524,0.005326230382891,4.056211016143798,0.0033916550230978,0.0039793992531954,0.0003859881207719,1.689176418757562,0.0042738824950267
1514,0.0007470407507077,0.000259494026575,0.0284057326855413,0.0035092818792818,0.0106201622796831,0.0025427258417197,0.0005599911084536,0.0003144927089554,0.0069113292175044,0.0015230105560759
1515,0.5416196623195647,0.0355682615042386,5.066321361983016e-05,2.8052667800671018e-06,0.1374687567505831,0.0077010494539597,0.0001054992667384,3.952719259761797e-05,0.0002934084068756,0.0001283991810786
1516,0.5167411941367366,0.0393257606853465,6.223350502219878e-05,3.61528249899296e-06,0.1462764754949655,0.0044056251494542,0.0001151590526207,2.4829531794140207e-05,0.0002234832318042,9.2417854565163e-05
1517,0.0065976206477934,0.0012992017951318,0.1868031328491872,0.0889515142316029,0.0768093794796788,0.0257132016082918,0.0096604152067519,0.0012972033857789,0.1712960064996239,0.0783336550839536
1518,0.0006994547482905,0.000476525160331,0.0245157909486625,0.0035496141340207,0.0125659378476783,0.0033212815563047,0.0007830515135468,0.0005491281692986,0.0070000250360936,0.0018126094089081
1519,0.0007465798682114,0.0002596734116375,0.0286379182283119,0.0034257552735787,0.0090234385244094,0.0024083527185453,0.0005523761761591,0.0003141366567206,0.0073445547539108,0.0014856157099659
1520,0.5064406701874531,0.0412383750702149,7.620064401053458e-05,4.132714852020613e-06,0.1523026337828322,0.0043342877596209,0.0001057886727087,2.1652450290864005e-05,0.0002099086113297,8.574946329327752e-05
1521,0.0007644943112913,0.0002407439331796,0.0281083143635133,0.0050257609341984,0.0202083430019154,0.0023178285305194,0.0008742778830147,0.0003064930614045,0.0078765201253512,0.0012651582900105
1522,0.0007631354017143,0.000233720329756,0.0266802580566413,0.0038275283237701,0.01246636853451,0.0029401419128575,0.0005789122492654,0.0002864405108156,0.0082753350603606,0.0018586550247743
1523,0.0007387326569387,0.0002848676696769,0.1483061524797632,0.0058556818112108,0.1456056198677878,0.0043730634661234,0.0011587225308893,0.0003751728365478,0.042959070720206,0.0026245792997153
1524,0.4701669604212278,0.0489138207093383,0.0001051695760239,5.565368435501963e-06,0.166141727613713,0.0034464517164486,8.593249592595077e-05,1.678726880469729e-05,0.0002214014919783,7.463762222299636e-05
1525,0.0007540610828573,0.0002557256838241,0.0419092755331797,0.0057438526580715,0.0403273081381525,0.0033187389443611,0.0009415953619239,0.0003286244402239,0.0132471141443977,0.0017147121997651
1526,0.000744048826302,0.0002469619992048,0.0285855521816184,0.0050681694852713,0.0227361202263973,0.0025154602908474,0.0009165674590038,0.0003173272584049,0.0088426429608273,0.0013552778778685
1527,0.0007223451689314,0.0002833282945925,0.3839635417535083,0.0055097345670055,0.3818232414749807,0.0039730833748801,0.0016654309828291,0.0003817451042598,0.1825876490542599,0.0040607719403574
1528,0.5470318651250416,0.0350213039824195,4.6180285085019016e-05,2.5494395118213848e-06,0.1330922349348866,0.0068716494159397,0.0001026937823082,4.258661468980991e-05,0.0002709237991081,0.0001293003996529
1529,0.0007456661107015,0.0002214209805462,0.0289136396018942,0.0050900875999665,0.0217220875396003,0.0023812124758949,0.0009296883263546,0.0002817512716309,0.0086117746924446,0.0013695624685088
1530,0.0007160781783367,0.0003294605769845,0.0263133369800927,0.0034637786507201,0.0108692399527738,0.0027902727520103,0.0005809061196155,0.0003926790399274,0.0065024764026612,0.0016807696046359
1531,0.0007509865565552,0.0002618865179854,0.0469143082241675,0.0055639765495552,0.0447299392533366,0.0032831457861059,0.0009754685121267,0.0003384690481367,0.0138702172870973,0.0017245148028178
1532,0.0007340082314879,0.0002769533362717,0.0853051486565507,0.0058266197684225,0.0827754647085565,0.0042194021681214,0.0010434646737189,0.0003643086264268,0.0233819363061055,0.0021149436413946
1533,0.0020726093596764,0.001488112909036,0.096283500646064,0.0248881950354006,0.0440652629753851,0.013082554990522,0.0018120887250428,0.0013696227219449,0.0324882464390348,0.0073041937187687
1534,0.0007847027569342,0.0002701630351694,0.773522189469066,0.0053675823010278,0.7706213662254164,0.0036435526670251,0.0022732236241293,0.0003687954835625,0.402396640857286,0.0045701866529943
1535,0.5391942261685608,0.0339727106524766,5.208705309003551e-05,2.956983510118593e-06,0.1407073045037738,0.007542228916239,0.0001102407313895,4.192763363063217e-05,0.0002971980416827,0.0001305538157686
1536,0.0007288890071029,0.0002857002457783,0.2606327296637986,0.0054112077183914,0.2579397963873531,0.0038375218846302,0.00150760485023,0.0003843621713908,0.118762002280186,0.0035369692651912
1537,0.000726201366683,0.0002873453334022,0.2530250197848474,0.0054829024467489,0.2503851142096793,0.0038735367380599,0.0014987154986202,0.0003858157430312,0.1126417114556736,0.0035167642960815
1538,0.000727878114463,0.0002820760019345,0.181119341447326,0.0057050860622547,0.1785086482019714,0.0041879389972577,0.0012563307475538,0.00037581140706,0.061979442397773,0.0029708364345049
1539,0.0007880290230172,0.0001353833058964,0.0280032051824069,0.0035755191633872,0.0123855058418305,0.0021305503830612,0.0005917109673326,0.0001692286696672,0.0072009709886291,0.0014415388187314
1540,0.0007568774011084,0.00025505551808,0.0283779162598313,0.005129130057769,0.0228723763262038,0.002545642326712,0.0009267675164717,0.0003269523917247,0.009040317285208,0.0014142659371006
1541,0.0007617465509341,0.0002555037147682,0.037790664648396,0.0055565385358681,0.0359958101498129,0.0031789734119512,0.0009452592891611,0.0003295650039863,0.0116433756986962,0.0016727851367134
1542,0.0007071035220963,0.0002749031638035,0.3735499555567484,0.0053659805367829,0.3706366559941366,0.0036324872824033,0.0018689468451297,0.0003729056789453,0.1930631620300839,0.0038766422007784
1543,0.0009634202465802,0.0005998342340163,0.0265296732333516,0.0036945091599979,0.0138747153746996,0.003428166539557,0.0009487478878441,0.0006786392215638,0.0066641848174587,0.00181137342936
1544,0.1520995107399747,0.0199387296127638,0.0002277393253487,4.360521414188374e-05,0.5047492498281668,0.0108145029382468,7.136717955767913e-05,7.994420522429819e-06,0.0003070438328555,8.818268267334219e-05
1545,0.0013429494819803,0.0002700787757667,2.8412616979774654,0.0053078799279024,2.8349911952423583,0.0034176963047231,0.0035825758497587,0.000371347334953,1.2567008300515323,0.0043903228530498
1546,0.0007833723806507,0.0001216421835901,0.0277744535681846,0.0033398162612365,0.0074533156257556,0.0014575247632002,0.0006453581233048,0.0001530801109767,0.0071524000750269,0.0010582287682956
1547,0.000739200964501,0.0003026662114651,0.0270245161559235,0.0035215627932242,0.0113138101960578,0.0027956611344129,0.0007246128147694,0.0003641587113698,0.008723672682448,0.0017141122219919
1548,0.0008115244257125,0.0002844297288852,0.754611986858542,0.0053241549014492,0.7514498983520669,0.003590464693146,0.00234138539454,0.0003859912163211,0.387714034068115,0.0044301117891346
1549,0.000748128686945,0.0002390426841225,0.0367970476361961,0.005478647274188,0.0346723245544594,0.0030043967706929,0.0009740265453673,0.0003070835730899,0.0110059516696393,0.001694961747624
1550,0.0012589149152741,0.0002696181255438,2.031526857005665,0.0053102633598388,2.0289146839199765,0.0034232858181106,0.0033840338635807,0.0003694355249997,0.9424814006604916,0.0043191380078902
1551,0.0007312791202543,0.0002565441333023,0.0587075049510515,0.0058187740243069,0.0563719471186072,0.003616838061379,0.0010040341511155,0.0003320463822345,0.016987071396516,0.0019203537852714
1552,0.0007737342527706,0.0001099875528798,0.027324907650261,0.0037356358761966,0.0055007020836713,0.0013535460026456,0.0007390016889956,0.0001385709464266,0.0069533004443092,0.0008198375548445
1553,0.0007487336846437,0.0002680352769885,0.0293303151149106,0.0051296251213748,0.0269592156939009,0.0027376602164919,0.0009653826105048,0.0003457659717164,0.008952640023785,0.0015018968117347
1554,0.0007327927551252,0.0002888868956641,0.3164524758388499,0.0054949767179012,0.3142647135793567,0.003916274911884,0.0016103712009071,0.0003875774727283,0.1505465335623302,0.0038494255102805
1555,0.0119079082409923,0.0016867749260628,0.28088782556718,0.0550608923627994,0.1433579303444726,0.0297597640574852,0.0143234398007966,0.001692712641522,0.184134274760719,0.053254407718804
1556,0.0007461378210181,0.0002825503911289,0.1037227758245909,0.0055666525652315,0.1010597208855178,0.0038976219207193,0.0011900871355742,0.0003754644746441,0.0364749622858271,0.0025833706612946
1557,0.0040468330341324,0.0010440261393442,0.4312824114498049,0.1365362444136001,0.2561724202280424,0.0475510597986756,0.0076050270140167,0.0011313498907229,0.2761705530614026,0.0819876048528677
1558,0.0007330295941477,0.000282579390628,0.1468098297823001,0.005566541344424,0.1440753449602571,0.0039953178589944,0.0012580240031919,0.0003758053415875,0.0516507775236565,0.0028223487295806
1559,0.0007195853533617,0.0003685217821274,0.0269082634047339,0.0038545680590551,0.013123774089296,0.0032653007373682,0.0006608912536315,0.0004358361968304,0.0070671968863019,0.0019325385523924
1560,0.0007296280513705,0.0002783276054165,0.3076178733861817,0.0055178586942793,0.3051713556450869,0.0039144871585426,0.0015474899039485,0.0003753250648641,0.1392099776247451,0.0037424023114104
1561,0.000709392912683,0.0002812690750005,0.4282350611435071,0.0054843924936304,0.4260883439742861,0.0038342123458962,0.0018002332265462,0.0003796700258945,0.2141771757541429,0.0041729426263706
1562,0.000752974498313,0.0002389416657192,0.0289199972709027,0.0052589910304532,0.0259881576682225,0.0026433575136354,0.000934290014097,0.000304921721337,0.0101176754125078,0.0014978491719291
1563,0.000754889676848,0.0002327373901648,0.0285293496257386,0.0053096725139393,0.0255212878743757,0.0026148233274235,0.0009067828124638,0.0002961257387784,0.0097040752751101,0.0014813675308944
1564,0.0007538487852304,0.0001277023095588,0.0267623229253414,0.0038079203305075,0.0110946888865146,0.0020703369802688,0.0006556758582905,0.0001606473805152,0.0069108100513133,0.0011918876461686
1565,0.0007558937709643,0.0002206756306764,0.0289426726504712,0.0045790678921512,0.0113106253256167,0.0017060527209537,0.0008511385705058,0.0002786683471714,0.0072707758360441,0.0009955137266884
1566,0.455163797673449,0.0502679997177156,0.0001088734664024,5.958168191151401e-06,0.1667699098760909,0.0033295951491933,7.65702926949356e-05,1.5641359072458e-05,0.0002368903447356,7.455624467380155e-05
1567,0.0007867734375425,0.0001345840867159,0.0287716735626546,0.0034610472660964,0.0059774921565032,0.0015375892184562,0.0006407280447463,0.0001690534656056,0.0074930516481843,0.0011319621296559
1568,0.4955158723490859,0.0397907411625649,7.339228641385405e-05,4.434585767807505e-06,0.1545900202237671,0.005675443978963,0.0001068414979883,2.4609095604902705e-05,0.0002243053238786,0.0001026389626064
1569,0.0007811401142996,0.0002473424955101,0.0256833259824378,0.0034350853573194,0.011391657675621,0.0026341519209659,0.0005287723319767,0.0003004153785198,0.0065235874417645,0.0016298631627007
1570,0.0014426589297649,0.0009730849566726,0.0252545115559297,0.0068768164892832,0.0196963453696057,0.006102893390168,0.0013549567150451,0.0010067372568399,0.0107758040044287,0.0033134766501451
1571,0.4628614715350531,0.0499942399180671,0.0001111279103941,5.930657914131589e-06,0.1674238323614152,0.0031049025137591,7.833294238225374e-05,1.3930702857289274e-05,0.0002314833182134,7.069598141929138e-05
1572,0.0007567238065913,0.000239782333371,0.036621057205984,0.0054299093383657,0.0335195392714033,0.0029485101502588,0.0009147555127523,0.0003080025229561,0.0122478913711394,0.0015256898992154
1573,0.0007132342066805,0.0003293370080328,0.0262319247740628,0.0035587971054565,0.0120122383495969,0.0027508138918074,0.0005810690959018,0.0003931954771208,0.0066130195759977,0.0016291561598382
1574,0.0007390727443765,0.0002773568442058,0.0818083928181189,0.0058393126348177,0.0794643460256451,0.0041385004556524,0.0010669357853367,0.0003639961203365,0.0241009092840145,0.0022216351522296
1575,0.0007406717071853,0.00027982529363,0.0899678068597873,0.0058141833314618,0.0874622527676538,0.0041758558835881,0.0010787487986204,0.0003681402109928,0.0261911432637997,0.0022651970875103
1576,0.475244609631054,0.042386715190967,0.0001005071582654,5.387473031514836e-06,0.1649471232810714,0.003943515688663,8.88843509707164e-05,1.7207956016977598e-05,0.0002434390288847,8.3259635320758e-05
1577,0.4831480697100532,0.0454747991489226,9.540378731404056e-05,5.202273768982503e-06,0.1637959454139359,0.0037800371696259,8.766055394098192e-05,2.0065898176724004e-05,0.0001925811221801,7.020047617856167e-05
1578,0.0007247213847385,0.0002808898643332,0.3363624051957918,0.0054941246288708,0.3340689482595645,0.0038797477517599,0.0016430088555422,0.0003782062896609,0.1614806779936069,0.0038923877270911
1579,0.0007388860762306,0.0002893421394911,0.1657280273274854,0.0057258299187558,0.1631060541374012,0.0042068260152292,0.0012235169681198,0.0003849923403454,0.0537437039147131,0.0028466430606583
1580,0.0443038680333058,0.0039598337397221,0.1528535330347073,0.0496943376796544,0.0980528472298627,0.0447045537123084,0.0234098592184678,0.0034054756644171,0.1321206020513421,0.0486608194772593
1581,0.0007370694638491,0.0002794130117945,0.3032280019884095,0.0055392156882608,0.300827362709639,0.0040029065800595,0.0015168695615412,0.0003765681694733,0.1374426695722854,0.0037547799914393
1582,0.0007615894619003,0.0002357517218851,0.0384699081904005,0.0056669744539941,0.0364706653529194,0.0029324112949793,0.0009208739191482,0.0003004854983038,0.0126114567423745,0.0016020150377896
1583,0.0014949454158597,0.0002741466414197,3.963132787288488,0.005340745815358,3.956240499113436,0.0034089557012779,0.0039346895213409,0.0003765163518807,1.6600223614685754,0.0043234426855799
1584,0.0007345372912596,0.0002653961909572,0.0732580315350416,0.0057577029734517,0.0708009214740052,0.0039180729846812,0.0010484887751845,0.0003463211206433,0.0206515740418753,0.0020652277123432
1585,0.0007355127094477,0.0003680409346623,0.0318950867827508,0.0074473562902281,0.0152120940914702,0.0042605412634576,0.0008829632845538,0.0004364496639248,0.010002504710482,0.0027920409375943
1586,0.0007481887118048,0.0002769417297914,0.0678540584438397,0.0055713916429944,0.0652667998540927,0.0037223517520908,0.0010837813633853,0.0003641989527121,0.0194323122546974,0.0021408884067668
1587,0.000744195652303,0.0002322778687216,0.029056639405604,0.0050758619326903,0.0209799813470323,0.0024090328310308,0.000912837620482,0.0002959204461283,0.0075716766072566,0.0013596891586844
1588,0.0007433881008472,0.0002738794362961,0.0351017783393077,0.0053751783382235,0.0329535883331111,0.0030926077892154,0.0009340932646044,0.0003525025339191,0.0113490350366157,0.0015808430399513
1589,0.000708165267009,0.0002742227842424,0.5134965412157313,0.0054192037103688,0.5108599040054369,0.003705817006373,0.0019808578748202,0.0003726759346221,0.2616541160863526,0.0042289820863003
1590,0.0015919158975591,0.0002712082336452,4.322603335859688,0.0053566977641992,4.316341151151691,0.003373753230483,0.0041733737008776,0.0003704946646496,1.779563176293063,0.0042474137183962
1591,0.0007833945307484,0.0001118412657213,0.0283135923063896,0.0037047494512243,0.0061722473033141,0.0014061686491613,0.000711385565224,0.0001388586201897,0.007227271893339,0.000941271491846
1592,0.0007207697249824,0.0002744572747634,0.3387572444075242,0.0054444374409141,0.3361355202154316,0.003816349118789,0.0016276810857403,0.0003699096469029,0.1572995024029049,0.003842517575851
1593,0.0007733611534055,0.0001729938342243,0.0288080801581491,0.0041056288617538,0.0109519127619707,0.0012832022338664,0.0007401906243367,0.0002139676100428,0.0072625421100986,0.0008986475490424
1594,0.0007554942146802,0.0002599179695199,0.028665026627831,0.0034063671864369,0.0101486896760712,0.0025647758164314,0.0006462961055452,0.0003179588381071,0.0071093235145813,0.0015605094412488
1595,0.0007358184768579,0.0002362250613662,0.0286281004886624,0.0052002026074885,0.0223230222406966,0.0026119987057335,0.0009362106493356,0.000303085299238,0.0083678343708699,0.0014943664007846
1596,0.0007240802825854,0.0002875676183063,0.5289375911674783,0.0053523281074677,0.5264519210986518,0.003682722600293,0.002123539768469,0.0003883847777235,0.276697369735773,0.004234445155076
1597,0.0007663800013827,0.0001300979257228,0.0292216526713669,0.0037624121442787,0.0108316737560276,0.0009677174206409,0.0007203971458008,0.0001594303196725,0.0072813641808417,0.0007963652826567
1598,0.0007549763831907,0.0003183467173387,0.028993232529042,0.0038312405315226,0.0150603869565005,0.0033030455678612,0.000556175037796,0.0003848802475691,0.0084097207481218,0.0020083186427553
1599,0.0007509343488013,0.0003146763378106,0.0274846909262581,0.004679520492086,0.0124904093390679,0.003329831072267,0.0007502660155457,0.0003781546691126,0.007193746155958,0.0020457346243025
1600,0.0007295601186468,0.0002785344505703,0.1959867617525728,0.0057440674707044,0.1934009259197892,0.0042619725368716,0.0012594728512219,0.0003705525079205,0.065852568681142,0.0030189675940687
1601,0.0015558295556845,0.0002724862865896,4.424156695023234,0.0053466090155073,4.416806361613409,0.003381146729398,0.0040862560336706,0.0003729203060863,1.8115059935980544,0.0042878768124963
1602,0.0009977803011405,0.0002734608548883,1.171453592155886,0.00531101480136,1.1675229695672813,0.003489178956346,0.0027816709878529,0.0003741520512543,0.5794377833767772,0.0044088197040814
1603,0.0007689481849676,0.0002159031805857,0.0329967753921884,0.0054894144134255,0.0307252227922354,0.0027667254729937,0.0009042825112419,0.0002736387330508,0.011232171923226,0.0015087337515877
1604,0.0010355818549,0.0002749042723134,1.340662508140568,0.0053377647828641,1.3368899136646262,0.0035203891602555,0.0028623321362792,0.0003762470726117,0.6558067892604689,0.0045947011951573
1605,0.0013363009876121,0.0009158133340564,0.0235029717770537,0.0051350541547398,0.0197169500441645,0.0055885642426059,0.0012968634052305,0.0009833566177621,0.0102934493403333,0.00291084234573
1606,0.0768754324306578,0.0041149695880838,0.1844560098808366,0.0228406407254271,0.084602823045698,0.0366757964863839,0.0139323175489147,0.0032487285624659,0.1700073107883923,0.0226954954509285
1607,0.4672953280066876,0.0427622824336658,0.0001060753862563,5.651254589668678e-06,0.1662517310792999,0.0039954868796338,8.421348004027931e-05,1.518476671338544e-05,0.0002365364594062,7.93930167944793e-05
1608,0.0007747550164589,0.0001213549316497,0.0264726157283393,0.0039376531623471,0.0093018040097324,0.0016932423852019,0.0007434685677796,0.0001507043330649,0.0066117325986029,0.0009403108945952
1609,0.0007634370952242,0.0001495963986143,0.0274475613074416,0.0033943653619716,0.0085702597689034,0.0018146023645437,0.0005955470564176,0.0001863197181629,0.0070892148153142,0.0012674480397985
1610,0.000784249889749,0.0001305298522609,0.0278524219191403,0.0041827405421096,0.0131874818330043,0.0020125241672039,0.0006968029787552,0.0001627042442934,0.0069159772281336,0.0011371769714664
1611,0.000772946461106,0.0002199176925988,0.0287404652622548,0.003375555908483,0.0104586676270025,0.0021859903798971,0.0005780796075934,0.0002695676509044,0.0071404905664218,0.0013590246062126
1612,0.0007355354740221,0.0002886977705972,0.1094014548671632,0.005755950705521,0.1068159586465824,0.0041708335603181,0.0011583737693474,0.0003810538050239,0.0343996985462227,0.0025216468146092
1613,0.001357758975165,0.0002812128482725,2.711764298712649,0.0053223770792386,2.7058591455122025,0.0034206127422261,0.0036148848708115,0.0003844985707066,1.2026862694887566,0.0043429375156383
1614,0.0007676321914026,0.0002264196107308,0.0290583530317892,0.0033503171471485,0.009771217294748,0.002319486717061,0.0006383480652915,0.0002765597764674,0.0073280655453828,0.0014689509855675
1615,0.5194627182907182,0.034021235958585,6.754267109669687e-05,3.7223890948887177e-06,0.1460314934922553,0.0075844908799128,0.000112855322751,3.6444593656730645e-05,0.0002623531565039,0.0001202629967154
1616,0.5218487198602247,0.0371955365586733,6.61746349960125e-05,3.575655409218289e-06,0.1480956805444416,0.0073768639245272,0.0001196544043646,3.011724010205853e-05,0.000262863759906,0.0001184635766998
1617,0.0007340269239765,0.000286808513334,0.0825651852904552,0.0056676107316181,0.0799601691685007,0.003994765193849,0.001082448143937,0.000376417779392,0.0243071899952219,0.0022049656649814
1618,0.0007418598079962,0.000271428482365,0.0588214113142021,0.0056245129051218,0.0562549414620242,0.0036911953499318,0.0010458390099285,0.0003558809144874,0.0176302243429223,0.002007205333429
1619,0.0007547899602392,0.000203910934659,0.027444605177746,0.0035149637752943,0.0082658719885656,0.0022104595296335,0.0005661202074124,0.0002489599753056,0.0068913895154509,0.0013899169197589
1620,0.0014997439336346,0.0009732832971023,0.1796031161852891,0.0698070423910657,0.0651053738799473,0.0134118534679057,0.0024467407115538,0.0010165472256699,0.0895691058941846,0.0189244179652865
1621,0.0008283544504775,0.0005808194113811,0.0265975600716126,0.0046526404521175,0.0146808540347459,0.0042024060242347,0.0009221328380887,0.0006580277867552,0.0076772243678786,0.0024321583406531
1622,0.0007198235346447,0.0002825901685842,0.5359064953459561,0.0053418162506608,0.5328321612201938,0.0036116402745066,0.0020770714827112,0.0003831105736382,0.2780934180313509,0.0041578112435304
1623,0.0007627641065284,0.000239483863276,0.0281482756420788,0.0035382352502847,0.0105336228854184,0.0025292079326894,0.000504993673153,0.0002912437877987,0.0068885170427279,0.0016081737138356
1624,0.0011311421467926,0.0006529689925651,0.0661296914748857,0.0151433607433712,0.0174638967001407,0.0049971069840587,0.001018626368121,0.0007333247546306,0.0183576079575449,0.0035270569883587
1625,0.0007334794080699,0.0002775978818847,0.1180415703692129,0.0058772014123714,0.1153646760396922,0.004284327702297,0.0011270013019328,0.0003655735080303,0.0330710117148074,0.0024310156266712
1626,0.0007221942009021,0.0002913629075727,0.3219955513951792,0.0054920030263246,0.319823578679863,0.0039800068700898,0.0016118416265775,0.0003918225438065,0.1577553795547397,0.0039273033679595
1627,0.5107496460002149,0.0402034199153295,7.339752399962227e-05,3.961390569809937e-06,0.1517965153950246,0.0058661837013456,0.0001130539229357,2.387133500562309e-05,0.0002631444896528,0.0001038859147952
1628,0.000737752354606,0.0003506128159412,0.027425964723065,0.0035408459126333,0.011268293672493,0.0029750784741742,0.0006015065694139,0.0004155305553228,0.006797578939985,0.0017314026567141
1629,0.0010403831882744,0.0002821893955082,1.3079682945679092,0.0053136589344525,1.3041024546910154,0.0035081914650539,0.0028761443650199,0.0003859238072637,0.6370274052900177,0.0044588767718019
1630,0.5320117382383348,0.0346928909325056,5.863496104056453e-05,3.2478291236858027e-06,0.142109043710455,0.005343358363831,0.0001070145719633,3.383670004084261e-05,0.0001734805625258,0.0001035607858324
1631,0.0007271853344886,0.0002578242272631,0.0356412362300453,0.0053762646314759,0.0336210404858304,0.0030179314379325,0.0009509752686937,0.0003332580963952,0.0105961207818541,0.0015757362754574
1632,0.0007566156886341,0.000231175801798,0.0287965106362289,0.0053994374145717,0.0266409578660255,0.0026584923066664,0.0009372209639801,0.0002944810726316,0.0094405965516524,0.0015902256596309
1633,0.0007704006306164,0.0002001541082683,0.0288747885591313,0.0041815523057895,0.0087854445551956,0.0012310860209644,0.0007902805374866,0.0002503708590992,0.0073326569675944,0.0007634264836403
1634,0.000778920533396,0.0001243936057479,0.028964315257841,0.0044525354217365,0.0141459183350539,0.0020473528435238,0.0007665011678288,0.0001531449586992,0.0073678770711442,0.0011504478555218
1635,0.0007383640336732,0.0002668253463209,0.0683393100782779,0.0059915764227127,0.0660841175674785,0.0039852849214198,0.001048855063537,0.0003462714316114,0.0213999354351287,0.002162875750706
1636,0.0007377516844033,0.0002729505630247,0.0416338030494717,0.0053977382706121,0.0393300049082965,0.0032857130271408,0.0009851215629879,0.0003542581899404,0.0120208432142872,0.0017223889653808
1637,0.0007461952079107,0.0002644881756105,0.0339196858351223,0.0053294641027875,0.0321121821394674,0.0029936256835791,0.0009399946541456,0.0003407588160103,0.0104350237604822,0.0015298470021981
1638,0.5030731397915829,0.0388049854011478,7.990859486542529e-05,4.310463262646799e-06,0.1560645459686729,0.0047319347422089,0.0001071000965948,2.0064739335296164e-05,0.0002354989723965,8.918459603713792e-05
1639,0.0007304038184434,0.0002807972356112,0.3470451254134882,0.0054417450401543,0.3445372169479622,0.0038042726695397,0.0016781705708625,0.0003795397465447,0.1691458668698819,0.0039018373438206
1640,0.0007825750222294,0.0001398278639109,0.0276184771518185,0.0038915968290435,0.0113176423877668,0.0016046009110131,0.0007111738193834,0.0001730578330247,0.0069103111111049,0.0009787498714612
1641,0.0007410266785888,0.0002571483284507,0.0432667476631448,0.0055757427159085,0.0409301440518244,0.003231308597843,0.0010007534001826,0.0003323957729335,0.0131462401489525,0.0017897384639471
1642,0.0007422049240712,0.0002681909864976,0.0400324133928589,0.0053558406140512,0.0378962209672789,0.0032257765621949,0.0009536028769081,0.0003483518813371,0.0113530365890068,0.0016175769327787
1643,0.0665880783043514,0.0043105175436523,0.2145482433613697,0.053579197961604,0.1238369421278591,0.0583243638932525,0.0277048474406133,0.0035995186043527,0.1795592981584623,0.052866942238773
1644,0.0007679168995166,0.0001711888664324,0.0292403559673045,0.0044289846003256,0.0158543269377143,0.0018601829722078,0.0007694025689566,0.0002122786431149,0.0074926213153349,0.0009944945755367
1645,0.0007761268767325,0.0002188761061282,0.0280074137650074,0.0050430157173082,0.0189235568485551,0.0022471134681992,0.0008898305832749,0.0002757466377768,0.0072408174786273,0.0012961347549263
1646,0.0007818315956934,0.0005468079158912,0.0256755045510882,0.0040007257407064,0.0136038417092605,0.0036860846432774,0.0010319307825547,0.0006191685838622,0.0080436788731729,0.0020179804033258
1647,0.0007400781189737,0.0002879297548579,0.1573757846064956,0.005734974197861,0.1547967102449042,0.0042700312265041,0.0012039076940248,0.0003833866738378,0.0507113341099085,0.002798870981571
1648,0.0007530341559385,0.0002528672459729,0.0280597411849157,0.005173946729913,0.024961206025524,0.0026876409741198,0.000906735483793,0.000325114444042,0.0088553175088932,0.0014311252417567
1649,0.0007807689056895,9.01149273034117e-05,0.0277618529843395,0.0037882540968615,0.0072774905069944,0.0013352750297958,0.0007096338162802,0.0001144757609902,0.0070740322358512,0.0009125313790916
1650,0.0007802247342945,0.0001772426927441,0.0262696090989577,0.0045407170305323,0.0187080986753642,0.0019343468246431,0.0007984038334739,0.0002201073832156,0.0066724357862892,0.0010644900816895
1651,0.0706505419375334,0.0064285730589672,0.2291069850746016,0.029461156298417,0.1036326838850732,0.04584914494678,0.0197632138945671,0.0053692173878928,0.1572044272323923,0.0293158504790089
1652,0.0006966318693588,0.0004146121738737,0.0262489266280949,0.00370927714635,0.0125515232736448,0.0031282238773818,0.0007180952541519,0.0004852783123893,0.0065027983927741,0.0018479893968959
1653,0.0012101801653487,0.0002673348082221,1.9372860196744537,0.0053164405903722,1.9343366124596857,0.0034244222235714,0.0032720642399827,0.0003666838299639,0.8947913798448418,0.0043305835182075
1654,0.5279839247420667,0.0357745279518993,6.102097820904952e-05,3.353044845979585e-06,0.1430116846928038,0.0055154868028107,0.0001095052686984,2.944131565291827e-05,0.0002078056028491,0.0001025714691162
1655,0.0007282866127761,0.0003599337370274,0.0267778175398491,0.0037013754819307,0.0100325205098393,0.0031500363944213,0.000604990524548,0.0004232965466009,0.0067582035616689,0.0017864698765604
1656,0.5498057684793279,0.031604537001586,4.357591593968982e-05,2.493298793126739e-06,0.1292795376559559,0.0096390340086751,0.0001523959641806,5.744240558699645e-05,0.0004216167405389,0.0001641619810305
1657,0.0007532066537451,0.0002281162360073,0.0294280448755914,0.0054264474295369,0.02715915531501,0.0026068047981076,0.0009134275399503,0.0002901464226708,0.0100864667898095,0.0014620531486013
1658,0.000708047177543,0.0004569333559357,0.0351820805216,0.0068096840671066,0.018094436329536,0.004346518809636,0.0007679258025823,0.0005298314749405,0.0093107903751272,0.0028343496360282
1659,0.0007324153757663,0.00026490115048,0.0605114956937044,0.005549008049932,0.0579630312583278,0.0035859537204387,0.0010332348898445,0.000345721776101,0.0167645105866774,0.0019271843011429
1660,0.5109305746867678,0.0373424636746605,7.33864177682388e-05,4.049288831459848e-06,0.1511927645130188,0.0068240593634078,0.0001076525478408,3.5245738003033467e-05,0.0002667886324123,0.0001132540093805
1661,0.000771717726088,0.000182452307258,0.0294644042470036,0.0038894761926734,0.0087090879655851,0.0009889054803522,0.000756519714015,0.0002276972648926,0.0075146264249465,0.0007283937951425
1662,0.2848740029494001,0.0068272093949886,0.1526119195061656,0.0164948249930211,0.1364105436932995,0.0461320059746837,0.0122454738643356,0.0040606313406744,0.1226160581372719,0.0164590886359384
1663,0.0007347548195213,0.0002827194029756,0.1498961382908736,0.0055821294163038,0.1472110935972252,0.0040393910899569,0.001222725381887,0.0003779680872627,0.0523002405086885,0.0028116541233072
1664,0.0007266151509018,0.0002793241158264,0.2659598325964618,0.0055547763021889,0.2636007546820579,0.0040849773387299,0.0014315577994154,0.0003738940351046,0.1126262331969049,0.0035714470638505
1665,0.0008120966249527,0.0002775470043892,0.7235630599656278,0.0053546491564169,0.7203868517952817,0.0035912811824327,0.0023394935273713,0.0003774731490677,0.3803470143962115,0.0043678313790061
1666,0.0007940215895452,0.0001793586881104,0.028455249548705,0.0038019325695735,0.0108649964168781,0.0025496410813868,0.0006179426190705,0.0002231449868947,0.0073152680100016,0.0016954662485192
1667,0.0007608331995352,0.0002242469187637,0.0283811522722298,0.0049907444422586,0.02018509052101,0.002325849729551,0.0008726883844974,0.0002856529505071,0.0081369824581844,0.0012084358710888
1668,0.0007173698110062,0.0002803797295296,0.3139787760519001,0.0054542733023937,0.3113709429387429,0.0038513011996824,0.0015674357428294,0.0003778177536519,0.1437824698124341,0.0037370575533627
1669,0.0007580100739166,0.0002184120302771,0.0287759525338996,0.0052556159354345,0.0223243713552026,0.0025473497539875,0.0008694762729381,0.0002757465574071,0.008241226953247,0.0014303752314523
1670,0.0237767915246261,0.0030676734947805,0.3086738790345408,0.0537890111703341,0.132980098972687,0.0562985808670406,0.0187393056070334,0.0028256186358298,0.1923345049524165,0.0533970888523706
1671,0.0007506002776461,0.0002926486300535,0.0724076536486935,0.0056814268017122,0.0698805842685253,0.0038390801051894,0.0010749338120282,0.0003828165155517,0.0201981032380901,0.0021523170739653
1672,0.3849235226460618,0.0062273621602153,0.250659886950046,0.0233927837598227,0.1254426279281961,0.0558184737849627,0.0108824708869527,0.0043202499916408,0.1509531710362018,0.0233221812879236
1673,0.00074280917415,0.0002647932164491,0.0803300973108544,0.0059367037592272,0.0781124573035506,0.0042006257129413,0.0010249025119172,0.0003447755741398,0.0222740380413034,0.0020720885078616
1674,0.0007645330351595,0.000226108509731,0.0281376403447664,0.0052578583668759,0.023742519687402,0.0023986397242703,0.0009089013622184,0.0002865879630658,0.0093208722050254,0.0014118150035379
1675,0.4877251701168346,0.0433801604280555,9.1796378527638e-05,5.063371717276747e-06,0.1610698046192467,0.0041650782120814,9.474707704890764e-05,2.297461335273019e-05,0.0001700373313124,7.446475533499637e-05
1676,0.0183239679995981,0.0025004298076584,0.1619998661308724,0.0421954773853652,0.0886737398131085,0.0387595053682542,0.0165591354769522,0.0023759457367576,0.1500118788633098,0.0415689766878129
1677,0.0007350491817739,0.000283322867417,0.2890125301303385,0.0054582258277339,0.2865162368121433,0.0038933915365689,0.0015541934977702,0.0003812720982274,0.1336893474941633,0.0037083056018867
1678,0.0007247504847759,0.000283122693804,0.2753548299901617,0.0055426595327119,0.2729462662318843,0.0039301058494448,0.0015207019291279,0.0003797201683019,0.1253064957229666,0.0036613402138139
1679,0.0007520854516366,0.0002246342300379,0.0302539228579139,0.0052452102734116,0.02753041513682,0.0026436530685328,0.000925938317601,0.0002877473675906,0.0101910382562273,0.0014739821267596
1680,0.0007451631739709,0.000249245198293,0.0413757827405159,0.0055220449931087,0.0393698521985164,0.003149297438799,0.0009605933516701,0.0003209811061216,0.0125577620682875,0.0016515744284653
1681,0.0007761815736358,0.0002604510811932,0.0259319788334134,0.0038142068456171,0.0106722861945109,0.0027561342252522,0.0005047585520814,0.0003149064426266,0.008749903409389,0.0017348263666014
1682,0.0014523951061382,0.0002695366103082,3.3997370328185874,0.0053230754093858,3.3939510652518843,0.0033885665023666,0.0038407686112699,0.0003695311864655,1.4591619898800536,0.0042351145312855
1683,0.3043931812023763,0.0079360983694021,0.1686736353901262,0.0179212190335094,0.1254286966536556,0.0513036599236989,0.0213786102124281,0.0049229942564203,0.1544677647050797,0.0178754490223164
1684,0.0008550723149777,0.0005358461704495,0.0264808553402442,0.0040521736536102,0.0126269006379925,0.0037255396337787,0.0008463190706983,0.0006093045598696,0.0073855845272493,0.0020030693568771
1685,0.0007734423184217,0.0002127878861211,0.0271905314127627,0.0046189672761905,0.0144617539181933,0.0018479595543174,0.000833820833746,0.0002676560851728,0.0066495183933334,0.000998244637957
1686,0.0007557989709926,0.0002477855268637,0.0400737412293485,0.0054980122254821,0.0380583286555986,0.0030339178046669,0.0009717274721172,0.0003182084394579,0.0118987416280272,0.0016971448827405
1687,0.0007560944689348,0.0002339440447556,0.0278469590418274,0.0046517537402101,0.016721378706483,0.0020214378841494,0.0008281000761736,0.0002972834805976,0.0070959075240582,0.000997062567503
1688,0.000737323867379,0.0002795008629625,0.0835987172327289,0.0056196022474657,0.0808863348712561,0.003819528204431,0.0011245779204897,0.0003678789345191,0.0247067700556265,0.0022913643439677
1689,0.4813252926475712,0.0435369784659754,9.701758774889066e-05,5.262576662385252e-06,0.1651374344739987,0.0047627011659429,9.132919906934184e-05,2.066852791971972e-05,0.0002164205660162,8.498600926717098e-05
1690,0.0013080983278406,0.0002700580529937,2.539698277735159,0.0053473967153004,2.536458417046281,0.0034261607278646,0.0034982624338538,0.0003713945119911,1.1435828088791362,0.0043695950074388
1691,0.0007405654483353,0.0002695644679839,0.0457653440832953,0.0054816807176575,0.0432210017894721,0.0032415354045738,0.0010110989714231,0.0003499064938812,0.0127282378722519,0.001816944626494
1692,0.0018687352696649,0.0002702567451405,6.234486125955606,0.0054416941417744,6.212777895367161,0.0034246581787742,0.0048321048073745,0.0003668960244713,2.411323604076125,0.0044487687716305
1693,0.0007271261873165,0.0002789764286853,0.2025410011351036,0.0055846237153564,0.2000265055334574,0.0039943017185973,0.0013563239883239,0.0003726333274015,0.080462829282392,0.0032056351764984
1694,0.0007338505884534,0.0002818308605699,0.1801646180643448,0.0057902633461837,0.1774904013762888,0.0043249972907793,0.0012289821061488,0.0003742795217636,0.0592378766762497,0.0029298821789323
1695,0.0007400607076122,0.0002859654534868,0.2558874559967272,0.005607690438783,0.2536145593433163,0.0041125504539496,0.001441418525643,0.0003827358346629,0.1105354961278794,0.0035805718465204
1696,0.0007780125886902,0.0001253859008355,0.0291513860861339,0.0039179542541351,0.0100600241761175,0.0011680477370959,0.0007401176360771,0.0001545169814214,0.007338793660016,0.0007809021534677
1697,0.0007263553379407,0.0002868183187445,0.1218954874195292,0.0056529630643416,0.1191960394833773,0.0039799265417776,0.0012087762698764,0.0003815504046199,0.0409255281722364,0.0026559892797296
1698,0.0017474317121945,0.0002666516711928,4.536287018922448,0.0054230905505696,4.523993232083566,0.0034294343098261,0.0045410991086311,0.0003621218488,1.8627543346807365,0.0044128829310596
1699,0.0007364051110028,0.0002599912095471,0.0590662083461359,0.0057601016599195,0.0566216753170933,0.0037073685766907,0.0010462346676722,0.0003375357901177,0.0181143719216611,0.0020353925318688
1700,0.0007254863741948,0.0002852522535347,0.3322322844033041,0.0054394040523971,0.3298491380946531,0.003880146885991,0.0016365439246852,0.0003845015136339,0.1627658513089618,0.003916822304291
1701,0.0007441949932255,0.0002405536136161,0.0279935402913048,0.0051522673304806,0.02294785867504,0.0025495092142601,0.0008966125277117,0.0003079989056267,0.0089732565815647,0.0013612580432414
1702,0.0007252059395731,0.0002862273065406,0.1524011939830024,0.0057205159550722,0.1497533373933101,0.0041551691704354,0.0012337763703,0.0003810088720963,0.0528081258485765,0.0028387717261416
1703,0.0007236555656734,0.0003634561025644,0.026862692892916,0.003795869432914,0.0112927711428369,0.0028751247594818,0.000625493305908,0.0004299787779749,0.0066016785076725,0.0015197775856561
1704,0.0007216025873262,0.0002715245226541,0.2851370503036728,0.0054904991619641,0.2828639292007078,0.0039249374142256,0.0015388723339938,0.0003646684180902,0.130924374007027,0.0037070372507477
1705,0.0007456772481603,0.0002622486673784,0.0376227263839738,0.0053976579899307,0.0349224988262039,0.0030654814264641,0.000928496262676,0.0003384901614495,0.0121771510214808,0.0015406688030531
1706,0.0007151612878939,0.0002854052591643,0.3396794847425666,0.0054958179151212,0.3374989359661643,0.0038508598208415,0.001719151588606,0.0003842876979883,0.1707700493548465,0.0039609407093715
1707,0.0007384043139297,0.0002718288663084,0.0522583672346194,0.0055984951001782,0.049974132655606,0.0035384195661647,0.0009819373524874,0.000353061108219,0.0145135159821689,0.0017755676014995
1708,0.0007630298736461,0.000199458171064,0.0292022221764555,0.004840585326067,0.0183292699732185,0.0019741287894557,0.000837654947376,0.0002497051244574,0.0072874086242952,0.0011238730944711
1709,0.0007339153905798,0.0002646248877221,0.0709915282226947,0.0057832563675317,0.0687069315899755,0.003975808756635,0.0010230306462582,0.000346037103634,0.0196579139121104,0.0020016822134467
1710,0.5175112114755555,0.0410475179164511,6.825067913979199e-05,3.663303382532857e-06,0.1453840839927102,0.0045985098976671,0.000114129743796,2.4360780794744933e-05,0.0002508425015274,9.679614793880064e-05
1711,0.0007397055382308,0.0002546150877321,0.0422919476603064,0.0055293979842672,0.0393888868284741,0.0032019822532626,0.0009426777200207,0.0003269783581584,0.0138382876331824,0.0016373754522562
1712,0.0007615726494509,0.0002760633128781,0.6769917640962715,0.0053706310562637,0.6738533066911255,0.0035965456560488,0.0022228486412399,0.0003752409537284,0.3561753567870495,0.0043851325301476
1713,0.0015547666335119,0.0002674648002129,4.398095890076598,0.0053533704774337,4.39132303068774,0.0033835754641816,0.0040783871878396,0.0003666203531017,1.80454158658883,0.0042876526045347
1714,0.0007529083797978,0.0002423624717184,0.0347609176974949,0.0053724942919528,0.031741594972758,0.0027734680570576,0.0009412639904865,0.0003106704414728,0.0115796294976139,0.0015592103197758
1715,0.0007043994956953,0.0002759407813253,0.3671134509807842,0.0054417142650028,0.3648022550634298,0.0037972161849519,0.0017667472532496,0.0003732603081553,0.1886286462040632,0.0040427065715131
1716,0.0007380238504192,0.0002756765083771,0.1087250222037761,0.0057368991327147,0.1060455269310754,0.0040433613815414,0.0011309538195831,0.0003624751141199,0.0316824316215914,0.0024026930498708
1717,0.0007541201416144,0.0002528607233834,0.0327557643563399,0.005295660312778,0.0302382759869949,0.002816316487285,0.0009144283014237,0.0003247638685278,0.010912766154371,0.0014800314492285
1718,0.5043618870303919,0.039931601424684,7.894402357411523e-05,4.251853753600902e-06,0.1555084916507323,0.0046279908378187,0.0001064823225775,2.188012729326638e-05,0.0001939930408859,8.532740193592074e-05
1719,0.0021076963939153,0.0002746298705993,7.368809060850005,0.0054795700089569,7.319564511486378,0.0035489810018762,0.0053754357389714,0.0003697498015694,2.7504134049048887,0.0049572627426184
1720,0.0007480516612111,0.0002916982315814,0.0969323285293848,0.0057221729970723,0.0943726946386305,0.0040231397297358,0.0011131556990968,0.0003838553132743,0.0276284198927378,0.0023446190947564
1721,0.000723251098743,0.0002773948121648,0.2309762580410958,0.0055362945449209,0.2286784197649099,0.0039477148721908,0.001476514645997,0.0003707525744356,0.1038575604815261,0.0034862908587505
1722,0.0007305549351837,0.0002749489081105,0.0847240606736147,0.0056879105261495,0.0822017041135358,0.0040191969900603,0.0010954209390109,0.0003617590364162,0.0252155225682363,0.0022710009189566
1723,0.0364509547254085,0.0030305795732661,0.2376670065822866,0.0845238417823069,0.1082165841830542,0.0431149574510204,0.0300067848882626,0.002673164166384,0.1900863182109174,0.0817110289103306
1724,0.0007416279689973,0.0002281420800376,0.0271639983889797,0.0035610425709473,0.0108378585144663,0.0027129622382112,0.0005640535985055,0.0002791964470624,0.0080633281403738,0.0016939556029326
1725,0.5174964551848934,0.0366141273556704,5.918412237263295e-05,3.52845023379869e-06,0.144734703992531,0.0071750476334536,0.0001140399067719,2.888792370921663e-05,0.0002912678702853,0.0001189180163422
1726,0.0015671349957715,0.000270577812973,4.154793676880959,0.0053234601637108,4.147272588732162,0.0033719198910919,0.0041127967429084,0.0003691689810563,1.723026860251053,0.0042817715574968
1727,0.0424983428965647,0.0033227112211274,0.192467561358598,0.0535307825280383,0.1118753076258579,0.0500987692374593,0.0254537921512029,0.0030715277882663,0.1167851440171597,0.0523840290263144
1728,0.0012812742721306,0.0002701186295575,2.236154203222941,0.0053373158144065,2.2333050784745963,0.0034171721368359,0.0034415312893999,0.0003717939528768,1.0192050792192318,0.0043213164134583
1729,0.0008332934454865,0.0002729450259504,0.9205017008325244,0.0053657212088977,0.9170876990903192,0.0035907854963744,0.0023914319374303,0.0003725525126941,0.473284501608709,0.0045909837702686
1730,0.0008281069538065,0.0002709656962124,0.7958761360327243,0.0053573762219749,0.7927163981461115,0.0036012420743699,0.0023751742714991,0.000369720274255,0.4086228424645028,0.0044239180435981
1731,0.0007543353235316,0.0002498333294373,0.027963412008425,0.0052035090543655,0.0226601761991363,0.0026390231324109,0.0009375117521834,0.0003200014732014,0.0083818551581148,0.0014918368722227
1732,0.000790458502184,0.0001189004891554,0.0283114981017718,0.0037681015254805,0.0088905546335412,0.0014535805240359,0.0007020310044495,0.0001480227144336,0.007360380176132,0.0009573904444281
1733,0.0007087709132414,0.0002709281625544,0.4144780697137215,0.0054154351577141,0.4118682780100086,0.0036946751603478,0.001865335639851,0.0003677150165228,0.2094634036957386,0.004010834690798
1734,0.0007309984823152,0.0002520181678868,0.0434740829851792,0.0055512555979327,0.0413451875043397,0.003183484829269,0.0009760477885213,0.0003244041478261,0.0129341187577165,0.0016929787185167
1735,0.0007402402616991,0.0002766792791499,0.0627389968567084,0.0055159285999074,0.0600795586339886,0.0036598957830768,0.0010679589515218,0.0003641490894064,0.0176710713795015,0.0020589579644321
1736,0.000723296111205,0.0002811604299364,0.1255909331876361,0.0056497803706345,0.1227472960053305,0.0040237530084002,0.0011867371064034,0.0003725680620632,0.0379663319212102,0.0025610040328212
1737,0.5372302409978794,0.0345591370171138,5.472064712795159e-05,3.0234057228071677e-06,0.1405036713744469,0.00651471242055,0.0001079284245843,3.9624977324872194e-05,0.0002331917349119,0.0001197985141024
1738,0.0017140729661875,0.000277054017534,4.726674248791931,0.0053500585042594,4.716540580038896,0.0033789927356395,0.0044658806970574,0.0003750991255848,1.941436812936268,0.0042934901914093
1739,0.00074815436224,0.0002529251140848,0.0438651417603763,0.0056389216601595,0.0418578466129952,0.0032262776202887,0.0009638003268102,0.0003257759851643,0.01321777267871,0.0016973876585071
1740,0.5411071120484228,0.0347098075573696,4.73253089847362e-05,2.764197984320659e-06,0.1364938691208109,0.0072010329925939,0.0001057782251976,3.908593161196071e-05,0.0002685047817233,0.0001265627306873
1741,0.0007717811714908,0.0001374571026716,0.0290702844705576,0.0034111398773747,0.0074095313317068,0.0016040984402111,0.0006496048140067,0.0001718620142945,0.0074335897870105,0.0011103468420182
1742,0.4359016222953507,0.0526753503541114,0.0001454765489357,7.375100905867153e-06,0.1997040676218007,0.004454972947948,5.740576637575474e-05,2.0461164951358643e-05,0.0002535969069572,7.532258261376848e-05
1743,0.0008437122280489,0.0005329915396301,0.0260778426151184,0.0037427088496899,0.0116209366466306,0.0033596666998893,0.0008285677890355,0.0006082425142011,0.0072076494696024,0.0018505183785557
1744,0.1853243382193102,0.0087616830797194,0.281629157611064,0.0105910690739114,0.186168623314758,0.0972548364734521,0.0107684394236373,0.0037647289848043,0.2511313653540936,0.0105718743955233
1745,0.0007486565929693,0.0002446923245179,0.0282671161556457,0.0052134448659324,0.0231340551472339,0.0026486856896436,0.0009480196172728,0.0003137099098162,0.0086699081417842,0.001519591331651
1746,0.0007334808601465,0.0002740947959717,0.0530324405488775,0.005668941020887,0.0506025471819648,0.0035321523855598,0.0010067285521722,0.0003560374742942,0.015739567798443,0.0018546717391254
1747,0.0007477119869525,0.0002814043748011,0.0371270272821804,0.0053213321886162,0.0349367945753754,0.0031061015061128,0.0009570662269079,0.0003665164632041,0.0106487946435721,0.0015824876716871
1748,0.0007169617058229,0.0002794081625594,0.5041902825935476,0.0054127855925139,0.5015336682576714,0.0036817725226874,0.0020427363328152,0.0003794249444356,0.2653536761077756,0.0042377666820895
1749,0.5072397358906844,0.0368408923202489,7.584135173254484e-05,4.166422402541227e-06,0.1523785938036366,0.0053283477837663,0.0001042985637597,2.6224439689438675e-05,0.0001926659659427,9.32750871620898e-05
1750,0.0007567161999316,0.0002779018877675,0.0486473395309457,0.0057120750052933,0.0463236009380714,0.0035553911591175,0.0010146868695307,0.0003610732861387,0.0151257104733689,0.0019525543766976
1751,0.000716143394462,0.0002803596794361,0.1335598019199896,0.0056588901861255,0.1307923620740802,0.0040501860003668,0.0011942830249617,0.0003729640989413,0.0421952644610758,0.0026352501534087
1752,0.4404139097177388,0.0501571170777032,0.0001236251034897,6.89286513607387e-06,0.179198111434027,0.0041499873360953,6.407046328374355e-05,1.8026419122990268e-05,0.0002210420987623,6.692933246689761e-05
1753,0.0007337985720325,0.0002360046624375,0.0410698799701621,0.0056314332601929,0.0384253496602806,0.0031997801002511,0.0008982161255415,0.0003024388171385,0.0132045582569224,0.0015411306462084
1754,0.0015415067701573,0.0002701002093087,3.940548191736344,0.0053269427061493,3.9338737974568088,0.0033713265656673,0.0040556829427821,0.0003688791141093,1.656043746091814,0.0042441968881988
1755,0.2046867039181897,0.0063729048017837,0.2390498488823504,0.0165838027477861,0.1267058727456431,0.0408282227050413,0.0132546383431668,0.0042438200970719,0.1481530293779434,0.0165463732575875
1756,0.0007337527933601,0.0002711081662803,0.1249799321985669,0.0057491479216465,0.1222926810082149,0.0041373168968959,0.0011750175784098,0.0003578669917348,0.0386098392664492,0.0025797706850674
1757,0.0439263554917504,0.0038951569784055,0.1443549382659348,0.0388976764683609,0.1064041335994467,0.0510143997234235,0.0203463371551341,0.0033462601888118,0.1005360542951424,0.0385521831243931
1758,0.4568299112304297,0.0468755517894294,0.0001056795340511,5.855593917498327e-06,0.16571423700922,0.0033791599559492,7.768737751859182e-05,1.4565776165157384e-05,0.0002355230700069,7.549303631992111e-05
1759,0.0007742223542583,0.0001511211038859,0.0281198873260545,0.0041870553917854,0.0103737512577436,0.0015813640629305,0.0007582375660064,0.0001868450868982,0.0070292281342879,0.0009000592066075
1760,0.0013999727768176,0.0002782653633701,3.0502896765968286,0.0053061406693716,3.0429633527439885,0.0034148845967644,0.0037137898157899,0.0003808374968087,1.326955210082713,0.0043516448975232
1761,0.3886372870843985,0.0707707475107353,0.0002339380370545,1.1278493825877598e-05,0.2628557364793615,0.0034380508524144,4.272371545935923e-05,1.715602056650225e-05,0.0002658381621009,6.613870140943789e-05
1762,0.0007632277135021,0.0002269791046408,0.0284732143936659,0.004857058965909,0.020950653606742,0.002019703062662,0.0008384902930931,0.0002870299378582,0.008530036033751,0.0011454982421078
1763,0.0007338542864794,0.0002816113905796,0.2333643021698762,0.0055467948204318,0.2307512574918749,0.0039831135501944,0.0013896142950277,0.0003767163563781,0.0952381626530917,0.0033652524647123
1764,0.0007314667736694,0.0002826041204009,0.1083161531348898,0.0056674851971388,0.1055993622530568,0.0040126370044498,0.0011449775077539,0.0003726702518843,0.0314936887298342,0.0024176510149791
1765,0.000723942288866,0.0002846070235767,0.3227723185422252,0.0054310878660733,0.32028737538413,0.0038200219709359,0.0016204546596886,0.0003828914805429,0.1517233236149962,0.0037771886551454
1766,0.2193877941090293,0.0129744492095492,0.009469908786385,0.0011940981544385,0.2756951927178515,0.0050399225310294,0.0021349776748717,0.0002351837356047,0.0094071485007895,0.0011900458559342
1767,0.0013252508707719,0.0008825304676108,0.026955653065025,0.0062685530562355,0.0180215216056935,0.0053491301558543,0.0012715169736344,0.0009390030805056,0.009875345874139,0.0030043452680991
1768,0.5119751240709097,0.037680064341013,6.13625726712478e-05,3.71565315193408e-06,0.1438019384101709,0.0052422974232605,0.0001082459900829,2.3929047757724364e-05,0.0002360478314209,9.911111986443288e-05
1769,0.0007423255560981,0.0002652409292793,0.056894459678605,0.0055751404799033,0.0543306673374346,0.0034923925359041,0.0010270720305485,0.000344972017686,0.0162939926629172,0.001903057881395
1770,0.0007461237680243,0.0002485175788207,0.0439179362626276,0.0054089539899014,0.0417603967065372,0.0030806365801439,0.0009663327458682,0.0003205822751645,0.0124527396057397,0.0016288867094728
1771,0.0010751481073461,0.0002686615317251,1.327644305119543,0.0052871621646311,1.3240862692154074,0.0034511714018985,0.0029574220233491,0.0003675067976227,0.6498570440289118,0.0043765675205496
1772,0.0036042402545579,0.000784316638779,0.3153144522017448,0.1502706024650029,0.1610317429443161,0.0369287003315771,0.0068436110592481,0.0009058095055055,0.2395941369331584,0.0752222413475207
1773,0.0007850085543791,0.0001069476385707,0.0279067148361229,0.0042662944585768,0.0118211736457541,0.0019738189656434,0.0007850559714538,0.0001329238835617,0.007135598284867,0.0010695760166768
1774,0.0007697465260303,0.0001469358673716,0.0296706529641405,0.0034088694807562,0.0069165173825928,0.0016191616464205,0.0006428039041868,0.0001848975184932,0.0075989408782403,0.0011211934634939
1775,0.0008500292937791,0.0006030683342857,0.0262737195465426,0.0051213712591276,0.0183815562343177,0.0049646896588331,0.0009601610278476,0.0006824483164576,0.0092888749364579,0.0028463183024421
1776,0.0007377646772681,0.0002834996832014,0.1045402199257208,0.005848135418754,0.1020036826486782,0.0043412672676106,0.0010791968699921,0.0003734483978444,0.0290907760290441,0.0023076903825045
1777,0.0007379988283447,0.0003660359457249,0.0272229592915589,0.0035518677531196,0.0102196735500295,0.0027101714819034,0.0006223943126188,0.0004310944598542,0.0066139421856839,0.0014491142906347
1778,0.0007250459460769,0.0002771868437786,0.4214785054105651,0.005428586572868,0.4190874725694003,0.0037910897179482,0.0017942007598636,0.0003748168281975,0.2104864325315998,0.0041169849253745
1779,0.4765900466768957,0.0421812366820717,9.979345710540554e-05,5.35726501849327e-06,0.1640311162247477,0.0048783617609721,8.779337939452287e-05,1.9671927894051944e-05,0.0002183622088696,8.473059811285677e-05
1780,0.0012538770377037,0.0007977748212817,0.1430529898007718,0.0434641637080597,0.0407367154081732,0.0075928742438974,0.0016384906788722,0.0008789439699472,0.0469352106521074,0.0081828395611828
1781,0.0007396332106173,0.0002887448210578,0.1584774329533244,0.0056599388194629,0.1559677676905149,0.0041885416959733,0.0012786821132276,0.0003845349993157,0.0624180538014585,0.0030309508204779
1782,0.0506264259789856,0.0035760532210266,0.1480923110144824,0.0699122107122616,0.1114502013777092,0.045467577275553,0.0304356281755081,0.0033533639300931,0.1405254233168628,0.0680858310127422
1783,0.0007427576201208,0.0002858771726543,0.1064177073348179,0.0059121454295421,0.1038299421884993,0.0044573908857998,0.0010660924262197,0.0003763449168648,0.0288968705226345,0.0022826484910341
1784,0.0007333655128247,0.0002695030072865,0.0635296562482836,0.0056106479172029,0.0611594707312594,0.0037171345367028,0.0010716959417118,0.0003521965073881,0.0189676680890271,0.002098669924849
1785,0.0007245422142052,0.0002881202174875,0.4307043635653007,0.0054206839227565,0.4284879592797602,0.0038670566566123,0.0017821095238807,0.0003881441746421,0.2140659751578714,0.0041842227093673
1786,0.0007366435317755,0.000268172701739,0.04348091303874,0.0054495308717051,0.0413083914926507,0.0032422040852179,0.000966572401732,0.0003477998153634,0.0127663174472212,0.0016611600125164
1787,0.0007553052426691,0.0002623584183271,0.0379968704036947,0.0054762147483457,0.0361666135038587,0.0031501651507025,0.0009391084973376,0.0003391099724624,0.0117125543179806,0.0015861240143874
1788,0.0007778418432814,0.000160940467116,0.0280128802943939,0.0033499825842873,0.0081819852342773,0.0018171419106328,0.0006219286598612,0.0001992078329071,0.0075106369691875,0.0012743901561612
1789,0.0007537431743072,0.0002878633552157,0.0262219316801332,0.0034687436473022,0.0111090262575624,0.0025085252968371,0.0005296360642364,0.0003473001636062,0.0067643806673162,0.001440655623535
1790,0.0010222494447796,0.0002750387341094,1.2622537481051357,0.0053551680077976,1.258357105981584,0.0035066923192807,0.0028353552733522,0.0003780162209737,0.6165835684949399,0.0044233999649417
1791,0.5132260363999807,0.0385394252339663,6.414784561117634e-05,3.784794811525744e-06,0.1473832458394455,0.0051456087091883,0.0001140112534096,2.4870319814257e-05,0.0002653870318639,0.0001039747669024
1792,0.0007243524506432,0.0002885372074779,0.4728004036216763,0.0053739120515155,0.4701754690575933,0.0037548710277015,0.0018931133024093,0.0003900549512439,0.2382479989333606,0.0041388250326564
1793,0.000744937297817,0.0002637182703933,0.0605512343127334,0.0058526361668356,0.0582590614743736,0.0037214366744798,0.0009986986276651,0.0003415075058773,0.0177064190102055,0.0019261462180925
1794,0.4205143271697377,0.0585144791266108,0.0001688878854091,8.400796414567298e-06,0.2281539800369204,0.003140399844935,4.613554787786637e-05,1.320720372055389e-05,0.0002779676422599,7.149647319523005e-05
1795,0.0007743803515862,0.0001855316629197,0.0287714865677079,0.0033576456290198,0.0085677881150831,0.0020611235610365,0.0006089479594317,0.0002288283482836,0.0072439271403478,0.001312134464205
1796,0.0007680728745391,0.0001150207217689,0.0292317460320663,0.0041317593085036,0.0125028004984027,0.0018849809518815,0.0007308297793753,0.000143183009674,0.0074130076396469,0.0010953065284097
1797,0.00073128374445,0.0002772161835899,0.0824684375535681,0.0056728456483693,0.0798822497864938,0.0039187195537836,0.0011033454553147,0.000364608318274,0.0250381769805016,0.0022656765349913
1798,0.0007339937166713,0.0002850897131508,0.1415179203506627,0.0058897328614773,0.138952978275279,0.0044952530692962,0.0011485738219865,0.0003780635188801,0.0430224705632738,0.0026552595716931
1799,0.0008465407475878,0.0005719152399874,0.0236428057327291,0.0038856988903455,0.0148947541979716,0.0035068572147948,0.0009402016630307,0.0006473902905801,0.0077211024635079,0.0019363691542563
1800,0.0007418094502016,0.0002667605239479,0.0685907790987772,0.0058393919464435,0.0662917486196004,0.0038755610716386,0.0010373580623903,0.0003455486208014,0.0201772126942962,0.0020332385647714
1801,0.0176370408810636,0.0019630313928028,0.1508985305440871,0.0663928951890699,0.0677060764369595,0.0284286944869073,0.0194078066061773,0.0019580264557063,0.1388981072668602,0.0631566607024866
1802,0.0007362744626311,0.0002877014062586,0.1635060078472389,0.0057181731358365,0.1608774438077417,0.004247235520068,0.0012281481088831,0.000382156964808,0.0536503246873094,0.0028497699879149
1803,0.0007240138824891,0.0002787003131277,0.3615238903472349,0.0054523991339519,0.3592385706457802,0.0038179435946331,0.0017256671461705,0.0003752347282738,0.178704046767683,0.0039836106285728
1804,0.0007181952725717,0.0002810605860812,0.429731617117477,0.0054996991766469,0.4277984641811773,0.0039669155614632,0.001729620917074,0.0003788721780168,0.2108048074024347,0.0042868376939853
1805,0.4170261683554796,0.0546600234793033,0.000150815744504,8.185371299787618e-06,0.2150470477609305,0.0039230071796917,4.870213903920418e-05,1.560037864243219e-05,0.0002754985049382,7.433933585283877e-05
1806,0.5495798043746278,0.0338598568522465,4.4522944189983406e-05,2.4770954553456425e-06,0.1330473609590487,0.0081424428934183,0.0001122995721526,4.962875304217391e-05,0.0003286055036692,0.0001433289118779
1807,0.0007239721956696,0.0002858963728096,0.3342358738784748,0.0054460058464884,0.3319081880027539,0.0038420292280248,0.0016854314023856,0.0003850041711527,0.1631923471312494,0.0038952380644653
1808,0.5302084837443876,0.0374897822228264,6.000390840905112e-05,3.257971263285806e-06,0.1432533667626876,0.0047820822475049,0.0001128751882598,3.0808958238364525e-05,0.0001733232594302,9.573300978101098e-05
1809,0.0007694173022189,0.0001710594074857,0.028126685610142,0.0046853302053507,0.0170122136363538,0.0018507318427259,0.0007997755703048,0.0002116778290289,0.0070105898670733,0.0010935200435971
1810,0.0007673884838537,0.0002076278559311,0.0276252827929296,0.0051431130856293,0.0265049521316749,0.0023623949128333,0.0008424323830263,0.0002616204547361,0.009622824131872,0.0012420069935555
1811,0.0007947872723634,0.0005209422034138,0.0825444072093451,0.0210784593325714,0.022974701115859,0.0055299291253656,0.000893475289641,0.0006011085633513,0.0244601093475854,0.0043774544713105
1812,0.000794186804439,0.0001542727149965,0.0280272075648058,0.0038994356396617,0.0119498015948696,0.0020698353201395,0.0006626930040282,0.0001918726403006,0.0071782026435753,0.0012337093900134
1813,0.0007231294691802,0.0002849841695246,0.3742902164737224,0.0054730700476377,0.3719199495635563,0.0038338520618867,0.0016971755267466,0.0003839882334226,0.1838000597580762,0.0040229008397194
1814,0.1897496911307826,0.0075645537651326,0.183594420390946,0.0117543813037506,0.1999161894442681,0.100731787247492,0.0139940528314271,0.0037423936601755,0.1672478404086038,0.0117261919424102
1815,0.0007450731714853,0.0002349399519801,0.0289217103742583,0.0047692291895633,0.0144817518148695,0.0020787266617016,0.0008708654939534,0.0002989961473505,0.007265259973854,0.001125353021292
1816,0.0166782989284731,0.0019799319521281,0.1940714598637186,0.0527198527274078,0.0874621942260596,0.0331704507841688,0.017537487099853,0.0019382908114355,0.1169127083813576,0.051237456078738
1817,0.0007720601452017,0.0001829862802888,0.0290013229526163,0.0034425678857888,0.0099268203630327,0.0019874531727704,0.0006565573656699,0.0002275369365225,0.0073540501622462,0.0011107113185928
1818,0.0007508747993794,0.0002535284472826,0.0332578112068056,0.005297052631783,0.0309238774883445,0.0029289655351248,0.0008871552735784,0.0003251741580998,0.0109565354070536,0.0013946666518393
1819,0.00071329971799,0.0004796137428917,0.0276581730256975,0.0038814622419515,0.0130744802996616,0.0034397820866458,0.0007872087609308,0.0005558608237424,0.008201022226351,0.0020374673616756
1820,0.000763638053972,0.0001989208453321,0.0329751041737794,0.0055714517969563,0.0310705639662835,0.0026938916507669,0.000872045837536,0.000249851749206,0.0113939649170867,0.0014832329555482
1821,0.0007664110554984,0.000167681381856,0.0289380739814005,0.0041150981494581,0.0077045080486464,0.0012512297787097,0.0007891976713566,0.000208285530403,0.0072048384034876,0.000796226491001
1822,0.000777120390921,0.0002418457773134,0.0285642422383613,0.0037627365462216,0.0134843660185171,0.002971529155481,0.0007388539687267,0.0002965792809142,0.0081817724246042,0.0019575391039272
1823,0.0008053977629755,0.0002753974423896,0.7014704669321709,0.0053503689276941,0.6983876851629921,0.003603751982822,0.0023209870964166,0.0003747246087525,0.3619678669415049,0.0043191622548408
1824,0.4272637454666591,0.0522250887514649,0.0001546293005727,8.009138281278518e-06,0.2134141714468333,0.0039762220323532,5.0703273093868976e-05,1.434736350605446e-05,0.0002691145481482,7.358755144261397e-05
1825,0.0007812351428434,0.0001173073201595,0.0289801572382155,0.003748987239364,0.0069972564234187,0.0010361432372571,0.0007237627467853,0.0001445691261752,0.0072209013325489,0.0007558068288314
1826,0.4293175353960041,0.0580082842486525,0.000154841895662,7.84206136403217e-06,0.212217827948794,0.0030492026745895,5.080940641666986e-05,1.4122622726573035e-05,0.0002545736724343,6.55495151998228e-05
1827,0.0007286363774778,0.0002622173982977,0.0583941650711487,0.0056113551799452,0.0560212050342199,0.0036928100225109,0.0010128612650656,0.0003421808603134,0.0165743059781243,0.00189218810728
1828,0.0012895105059479,0.000847583918351,0.0415164119374804,0.0075159350319796,0.0187996407592697,0.0052256935971012,0.0012027229718162,0.0008902546138443,0.0128399799391227,0.0030536175866453
1829,0.0007272409246039,0.0002907415435001,0.471984762250301,0.0053820010095928,0.4695729071583737,0.0038131681710926,0.0018339839887968,0.0003920125225236,0.2387404511310333,0.0042673055715448
1830,0.0007303638165301,0.0002670560440573,0.0757459157503875,0.0058084811120447,0.0734259162043223,0.0041229136181382,0.0010178254114886,0.0003504135939299,0.0203863288833951,0.0020070749006584
1831,0.0015985377272872,0.0002664781903791,4.409778839219081,0.0053896912405018,4.40336487905274,0.0033846289666879,0.0041834908130127,0.0003639843970903,1.8227381297448768,0.0042903350572852
1832,0.0011547920487895,0.0002688121601305,1.6236200928478928,0.0053084983249742,1.6202483820645044,0.0034650932651094,0.0031401974584705,0.0003691264280052,0.7703741548333046,0.0044004162254498
1833,0.028671317484355,0.0026246528194266,0.2382397901266263,0.0745955235446143,0.1021040359556059,0.0388084788368379,0.0248440128099856,0.0021781725149204,0.1820551354229518,0.07210937812978
1834,0.140439580985747,0.007557209190081,0.1529208316078786,0.0142992886461623,0.1491873009947391,0.0732850076816372,0.0126136724222278,0.0042823437069576,0.1298459822936654,0.0142757544776389
1835,0.4291883731106225,0.0505696012352244,0.0001367096985137,7.7385331698051e-06,0.2007203133135929,0.0034224549781175,5.5855168902472615e-05,1.41833093214966e-05,0.0002731342031696,7.776948455258928e-05
1836,0.0007682834545826,0.0001770561574233,0.0290718627201833,0.0040023741365786,0.0127317527428567,0.0011628784871552,0.0007872935236581,0.0002204205395439,0.00740420914994,0.0007006268441644
1837,0.4902416287204144,0.0420301723357838,8.140390811665119e-05,4.63323218047578e-06,0.1579204358106128,0.0038570903803997,0.0001018194436852,1.783362055756618e-05,0.0002514036698317,8.650181714317614e-05
1838,0.0007401606759807,0.0002558909852111,0.0297681724487139,0.0052946512340704,0.0273820080410098,0.002859351556,0.0009803244191846,0.0003307135448736,0.0096358525978522,0.0016296849199305
1839,0.0007700307286042,9.693281929244572e-05,0.0291180497773506,0.003969397739894,0.0105409722746889,0.0015412298090158,0.0007410668189188,0.0001212316347017,0.0073905675598878,0.0009124801723164
1840,0.0007595534762875,0.0001603653068102,0.0272434181614161,0.0033095408089569,0.0075996228153989,0.0016600948105779,0.000647035560294,0.0002010074034661,0.0069573221818381,0.0010634267450896
1841,0.0015969284940564,0.0002704032560959,4.765563253328159,0.0053734339245216,4.759721234962522,0.0033857577937268,0.0041800379413577,0.000370752326254,1.9302276795726616,0.004264554528555
1842,0.472457928984373,0.0411111759729078,8.943745487518036e-05,5.3626438744249215e-06,0.1636903096867491,0.0042777879567496,8.96047672345884e-05,1.5630346081387785e-05,0.0002384736538122,8.533529108112766e-05
1843,0.4929648720150936,0.0429140474130528,8.796353569229578e-05,4.742722739701582e-06,0.1610562078946684,0.0040767130789322,9.819428582321328e-05,1.7908387749342297e-05,0.0002276594875195,8.63094819268603e-05
1844,0.0007862376743527,0.0001226640171612,0.0273551191863729,0.0035155589567729,0.0052864996802141,0.0013230388386877,0.0007073664057974,0.000153535744346,0.0070098486172564,0.0008621073472986
1845,0.0007342291955104,0.0004798003740363,0.0236589506937628,0.00361614745318,0.0136242744587911,0.0032471984423959,0.0008156024944047,0.0005526602259388,0.0061699414621621,0.0017554951882801
1846,0.0013594878362433,0.000274664167639,2.7917665234740427,0.0052792952391949,2.7856836080418543,0.0034202776305073,0.0036184696831622,0.0003764017552077,1.2386497728651222,0.0043531067388238
1847,0.0013814170271992,0.0002684759760485,2.949508191684468,0.0053408280916131,2.942776283405696,0.0034117615408359,0.0036681388649761,0.0003687495801198,1.297644191060966,0.0043636130584097
1848,0.0007475091259135,0.0002706450420329,0.0362051972141595,0.005376847552016,0.0338482736464152,0.003214072639899,0.0009890836721766,0.000352001312848,0.0105739794567796,0.001730603793529
1849,0.0014292185850155,0.0002709775689246,3.085674039444722,0.005304121480877,3.077422823793945,0.0033905025730326,0.0037857182310496,0.0003710011628497,1.3475718056374462,0.004327161661056
1850,0.0029599683627194,0.0024160879762329,0.2486684495047359,0.0922221805072686,0.1090242672334469,0.0274354654575619,0.0026222957149194,0.0017806892971693,0.173644242357804,0.0378296296663591
1851,0.000755110503696,0.0002096580871015,0.0267364316715482,0.0033471987331874,0.0083944715540343,0.0019384724229487,0.0006195832515859,0.000256204982946,0.0068364973763775,0.0012169432731087
1852,0.0007750824697669,0.0001245275577065,0.0288967717462805,0.0034163514828851,0.0065998876811364,0.0014840352677656,0.0006294897390114,0.0001561534211752,0.007377533811494,0.0011200324680559
1853,0.007184216187236,0.0013884132574111,0.2766560277419603,0.0665833488493746,0.1346828108781946,0.0276769736676495,0.0099998459318325,0.0014055972962556,0.1806484604121351,0.0616288307045827
1854,0.0007632755937634,0.0001323327408428,0.0293791985097673,0.0036184962404575,0.0078570813146848,0.0015951503223178,0.0006951917630667,0.0001661146593294,0.0072763855332626,0.0009510504459003
1855,0.0007791343628712,0.0002232090847208,0.0280581154244089,0.0045188106722694,0.0127606120434064,0.0015958320197516,0.0008665547831214,0.0002815298222413,0.00708187950235,0.0009319076053772
1856,0.5237282123780015,0.0362657127813699,6.420854623826106e-05,3.4506488202195214e-06,0.143586600905146,0.0062439184471881,0.0001112622513737,3.027269079267434e-05,0.0002106401679641,0.0001059392448505
1857,0.3982893039682897,0.0646892293665192,0.0002111901793067,1.0524228322915104e-05,0.256045545568251,0.0035294109774227,4.361471978398062e-05,1.3305989811063237e-05,0.0002486158100149,5.797791835068564e-05
1858,0.000736242400242,0.0002648420623293,0.0712814707478356,0.0057264863921822,0.068871107536959,0.0039468429198386,0.0010494833608804,0.0003465656528413,0.0205609680913985,0.0020887718691819
1859,0.0235370317686314,0.0024479465188503,0.226994772312888,0.056227079298982,0.1167983174691266,0.0298856099847472,0.0215061914253247,0.0025149296506707,0.1606113821228981,0.0543106426918597
1860,0.0007356498626115,0.0002588642081046,0.085586098640319,0.0058903789703973,0.0830525450767801,0.0040554277626459,0.001060654825856,0.0003379383883828,0.0232496755303626,0.0021300773481491
1861,0.5238057143632106,0.0345411923844382,6.064105711801276e-05,3.466091409962042e-06,0.1455333722116143,0.0056300041413416,0.0001136836108328,2.7791148589896225e-05,0.000209773184502,0.0001007824953456
1862,0.0011048155891662,0.0002704844821264,1.5024221053789306,0.0053052792931851,1.4988078709209645,0.003462390250995,0.003029403053338,0.0003717107923709,0.7161123974379795,0.0043496370651502
1863,0.0007398116696718,0.0002507333734003,0.0552415212330486,0.0056907046235518,0.0528711224158266,0.0034823580475017,0.0010015587039276,0.0003241488253791,0.01643523733197,0.0018505252390002
1864,0.0016067199206804,0.0002717493051911,5.069952069566211,0.0053142249973031,5.062966880932562,0.0033781131278389,0.004206821023164,0.0003719709252994,2.0304677074958177,0.0042662128975232
1865,0.0007814195182663,0.000275091731432,0.7418262998160728,0.0053758118708576,0.738719492567503,0.0036266393216333,0.0022675411674347,0.0003750979176728,0.3825311850768831,0.004448481645533
1866,0.0007805611723413,0.0002127708613548,0.028515953718233,0.004271295410233,0.0136986509228106,0.0015479828461056,0.0007585822962063,0.0002668537449488,0.007264969764622,0.000985226800641
1867,0.0007814924443343,0.000112768208447,0.0290791666056779,0.0039327126123399,0.0101967287126996,0.0014596060502074,0.000718517155252,0.000139398090554,0.0073969987467711,0.0009856115621497
1868,0.0007530287011242,0.0002584517946127,0.0330650338502293,0.0053251219160307,0.0306482040415287,0.0029617480309594,0.0008991827536509,0.00033232034056,0.0110506246713956,0.0014516850822467
1869,0.0007433928411567,0.0002782385233359,0.0787564660769996,0.0056151942413192,0.0761783781790664,0.0039141479863163,0.0010818065766578,0.0003677866902702,0.0223303757146247,0.002211978797567
1870,0.0007400093902074,0.0002254695657907,0.027155835288156,0.0046406537245201,0.0131802556580021,0.0035643472643666,0.0004312455422448,0.0002768304170989,0.0075125231531061,0.0020178126594117
1871,0.0012340473374633,0.0002632375260933,2.201209675862536,0.0053652224032277,2.1980258493798077,0.0034418975819109,0.0033239001619671,0.0003627806645134,1.0160835140927895,0.0044422450015076
1872,0.0025985865957378,0.0021215044541718,0.3265877572796499,0.0852623589724895,0.117052269859463,0.0225194538254409,0.0023800816275022,0.0016685029110722,0.2015070151172104,0.0360628573106774
1873,0.4579076602879547,0.0467793809468476,0.0001070557304541,5.950395084449377e-06,0.1670017116411868,0.0033551957842045,7.905082677648762e-05,1.4684943855535118e-05,0.0002254312403528,7.126404635425916e-05
1874,0.1118387569196155,0.0053159767993606,0.197139630741206,0.0780658730087634,0.1619917735288168,0.0780045499732587,0.0418524920977646,0.0052092523856872,0.1610657455874,0.0773346729763152
1875,0.0007735757644694,0.0002101772667984,0.0283641190396902,0.0048834209624893,0.0184809031906566,0.0020583214913731,0.000848250506025,0.0002647464088967,0.0073846878786377,0.0011396284616606
1876,0.0007487449251394,0.0002665910488157,0.0278944625067061,0.0050768843750833,0.0201562596554273,0.0026203830802594,0.0009198434365999,0.0003445530125935,0.0082584057158099,0.0013826445182257
1877,0.0009828588812038,0.0002735808888677,1.2579594247760475,0.0053311918906413,1.2539902700438663,0.0035225673902642,0.0027416810085038,0.0003747528304589,0.6247624075474508,0.0045575848139132
1878,0.0016479138449717,0.0002727678585815,4.732572957620234,0.0053492461288373,4.7247844180630985,0.0033753859282071,0.0043082040043384,0.0003720265495208,1.907218722842816,0.0042714095272617
1879,0.0007260297543817,0.0002850852310616,0.2933402162268492,0.0054292009639259,0.2909576872892099,0.0038589232878077,0.0016021556565251,0.0003838438495783,0.1439122348396126,0.0037714341135992
1880,0.000786587072875,0.0001454553630663,0.0292186606631599,0.0034885002002913,0.0069293395268364,0.0019286213956521,0.0005789357664176,0.0001824328466414,0.0074049645361199,0.0013897446360705
1881,0.0007337007084322,0.0002924566832162,0.6516324644639893,0.005374689603526,0.6489645957379772,0.0036976139844677,0.0021487745639294,0.0003953244952057,0.3347582887739922,0.0044165040294432
1882,0.0015732832109912,0.0007639909465545,0.267058370412953,0.1604880731241814,0.1094633762436832,0.0210350731164542,0.0039554854758719,0.0008497369025869,0.1203301773892079,0.0222111475657693
1883,0.000750733322273,0.0003551321443877,0.0256266669374752,0.003819903223976,0.0120181999104884,0.0031409701471833,0.0006441534104732,0.0004200175995974,0.0072574533816319,0.0017338164169487
1884,0.000737933561221,0.000273928365011,0.0953725185065081,0.0057455850718783,0.0927766841253625,0.0041212392669386,0.0010986091170087,0.0003607211289007,0.027863579918725,0.0023070567197316
1885,0.3735156382426944,0.0068572276097847,0.1550832059578218,0.0175377364949839,0.1274527719690545,0.0584844720271991,0.0151516413316658,0.0043514497930048,0.1502060328130247,0.0175135433573472
1886,0.0007432170806543,0.000288010897503,0.1816954980698585,0.0057987004802217,0.1792164902148406,0.0043706920957944,0.0012482427726495,0.000381753227091,0.0634354656761649,0.0030318429477236
1887,0.0014493442046095,0.0002790746388328,3.658067832175861,0.0053049324790657,3.649863203966754,0.0034081457030799,0.0038308967364518,0.0003819536568309,1.5574756409744892,0.004329922096014
1888,0.0007478848273434,0.0002642790511477,0.0284391604349341,0.0050926862816192,0.0228236757488715,0.0026769652155653,0.0009216179153513,0.0003413303111635,0.0082098200967608,0.0014092086869611
1889,0.0007335488086877,0.0002706561093282,0.0844593547527804,0.0058093214714411,0.0818721949133302,0.0041395604487721,0.0010395934976258,0.000354918648727,0.0221765579046368,0.0020708987293593
1890,0.0037450920395298,0.0007276108316714,0.2474628453230852,0.1368892392116467,0.1027337486579096,0.030508837686032,0.0073493168329206,0.0008593321658083,0.1923049041829166,0.0688001946431622
1891,0.0044923085863925,0.0010043358522567,0.1676775051084005,0.104429332872826,0.0629316304430292,0.0291611140708535,0.0076342366581258,0.0011338427401751,0.1514724128220284,0.0795624167937022
1892,0.0016033493646737,0.0011200022005063,0.3463608319330949,0.1266462112977782,0.1097602338163665,0.016596365788848,0.0015979859569312,0.0011023297419673,0.1146013513406053,0.0159397036036633
1893,0.0007821076247347,0.0001668179346648,0.0266926252857472,0.0032937426831678,0.0080878924176818,0.0020043630244795,0.0005835625966232,0.0002077961040794,0.0068441411315516,0.0013115237352833
1894,0.1822761142419637,0.0078310490085608,0.3103284602584311,0.02911206865921,0.1503033625685581,0.055416380044848,0.0164888853128837,0.0052354144756495,0.2466201984929272,0.0290619915129096
1895,0.0007510723277623,0.0001734114334876,0.0262827889862938,0.0033947590679799,0.0080772861668148,0.0020575723445833,0.0005646808650797,0.0002153024865898,0.006617497644797,0.0013619441203214
1896,0.001290219138874,0.0008162621430398,0.1003368405783598,0.0290848941549505,0.0202954512160152,0.0059825298552608,0.0015480865401788,0.0008951608702939,0.0259296349170366,0.0068080020345867
1897,0.0007258701073052,0.0002818902551491,0.1492113866909299,0.0055809736415707,0.1465099267157538,0.004062501050567,0.0012266845884385,0.0003742165928316,0.0498908152352994,0.0027671043671716
1898,0.3932581005896643,0.0078992849863867,0.2701968369019467,0.0256566517506233,0.1454281681033245,0.0647108986816396,0.0168804217897072,0.0051881687907617,0.1588850718379033,0.0255908871490255
1899,0.0178257190486812,0.0026649432946787,0.1764504710359435,0.0478644269179381,0.1035540650308495,0.0517153972942169,0.0160932099690803,0.0025920560256491,0.1671539271358101,0.0472586358408628
1900,0.5175202560831351,0.0386553123320727,6.895033210016495e-05,3.6953412906958258e-06,0.1478007527621777,0.0068578689765061,0.0001180252300332,2.7402819500707792e-05,0.0002629118265183,0.0001118165544092
1901,0.0007595907485727,0.0001841490930903,0.0276208105430111,0.0033408933718828,0.0082973947599678,0.0020633958412238,0.0005758138001746,0.0002266702648568,0.0068533319840764,0.0013910423840303
1902,0.0007637144811962,0.0001961605986259,0.0285711329051028,0.004264318288485,0.0096950392650849,0.001375919962881,0.0007950437447826,0.0002463632746246,0.0071902822048766,0.0007669330608374
1903,0.0007503671795525,0.0002002245830479,0.0298088542103507,0.0050818064692687,0.0227736498796899,0.0021533625483187,0.0008465246868951,0.0002515445286219,0.0088253406230013,0.0012345679468603
1904,0.4905417697190679,0.0426893555662102,9.05978328923544e-05,4.865990201964261e-06,0.16413503391436,0.0044313865543562,9.832661525449392e-05,1.7050618127290653e-05,0.0002500808551553,8.677959000128743e-05
1905,0.000749279069629,0.000593317450589,0.0267449247990684,0.0046965847670799,0.0187962931630277,0.0044093470100106,0.0009792331805949,0.0006745246239276,0.0117382644625946,0.0025610193743975
1906,0.0010218417345756,0.0006716095155777,0.1152662812448367,0.0286514651024299,0.0251730787832411,0.0054848891140813,0.0010626852587991,0.0007462395416803,0.0301883860968054,0.0045692344810355
1907,0.0007244561334886,0.0002783384312862,0.0636503230564328,0.0056471108873672,0.0612252686482077,0.003857607249821,0.0010014325813976,0.0003642665743721,0.0172567926276532,0.0018819634350142
1908,0.0012663414350489,0.0002794744798963,2.116598640981288,0.005277461394898,2.113411709482325,0.0034614368458815,0.0033987841325975,0.0003824637891776,0.9707658628948358,0.0044665716635279
1909,0.0016416267909898,0.0002710196382814,4.92232306953425,0.0053504881626522,4.9154901464696446,0.0033754245765296,0.0042930567438911,0.0003703235859165,1.9927445849549288,0.0042526927487038
1910,0.5144078148842313,0.0407525649054495,7.08802188578386e-05,3.8028095258606816e-06,0.1492387261263341,0.0045239201654401,0.0001145002174072,2.289872819220076e-05,0.0002474361951198,9.310712150647356e-05
1911,0.0007381678219639,0.0002635488999348,0.0430683160252906,0.005640211953458,0.0409383938957128,0.0033378186115587,0.0009741176175402,0.0003405677784212,0.0134642825393092,0.0017200666683724
1912,0.0007670437337876,0.0002250617253195,0.0372592157836789,0.0055793350910497,0.0350392704697294,0.0027665642673728,0.0008989058682275,0.0002846717088882,0.0124306050580305,0.0015454681843279
1913,0.0017876889443324,0.0002696065565133,5.543217731801282,0.0054302177568931,5.531907679558908,0.0034029726008938,0.0046367910495041,0.0003669868644682,2.1943354074312102,0.0043190002981729
1914,0.0183416536515399,0.0019066737071128,0.1759144709385615,0.0555125521529252,0.0844725623649085,0.0335810062504004,0.019606679262222,0.0019965479044083,0.1316885839507911,0.0535906553262454
1915,0.0007698641593334,0.0001303754110479,0.0293021967283131,0.0041389397784488,0.0119652895618933,0.0015470482479127,0.0007350480285628,0.0001610855530947,0.0072894200179853,0.0009254948523389
1916,0.4146846668814146,0.0620510476139175,0.0001748101500451,8.843428239924753e-06,0.2316760193733355,0.0032029790248717,4.367789431033777e-05,1.513259951957698e-05,0.0002612244876063,6.458043342908803e-05
1917,0.0007444174639829,0.0002648681362399,0.0323017563068431,0.0052694362810797,0.0299546578199877,0.0029395186449817,0.0009733647056871,0.0003430344674946,0.0096685236964896,0.0016257487891436
1918,0.0007746524318433,0.0001468057573539,0.0285420427309538,0.004260183644943,0.0115568543676932,0.001670711272259,0.0007893464139538,0.0001799577171693,0.007281557696065,0.0009673399945084
1919,0.0011781843716085,0.0002829026323812,1.6354139331212827,0.0053061964753681,1.6322960571244414,0.0034574877468478,0.0031972707476144,0.0003867315946803,0.7707108467213931,0.0043299950332577
1920,0.0007504985065661,0.0002627835674112,0.0355390890150754,0.0054423349890315,0.0332268762339672,0.0031431620387054,0.0009941408626341,0.000339850828926,0.0111951489503562,0.0017517696150612
1921,0.0017602877409119,0.0002694319879882,3.9423189401578975,0.0054704947519397,3.925569363984823,0.003508442253553,0.004549812508882,0.0003637505250341,1.657151724541495,0.0045954215816957
1922,0.438447003317664,0.0501143276381273,0.0001227843497535,6.827353086608343e-06,0.1787408252220885,0.0039167857691891,6.445139144654714e-05,1.654360387142474e-05,0.000260120817703,7.859250307201923e-05
1923,0.0007386725584566,0.0002766849404846,0.0757124287708968,0.0056385435434033,0.0731383010078618,0.0038797095108412,0.0010432598948102,0.0003634272491559,0.0198534657438329,0.0020377272601112
1924,0.0007381943617345,0.0002635787424042,0.0416869337381115,0.0053789301212979,0.039137053475814,0.0031332204133766,0.0010034739004801,0.0003425691899842,0.0117128809066633,0.0017322991444926
1925,0.0007472025911287,0.0002344046474909,0.0288855645656424,0.0052369749752662,0.0266838105203189,0.0026592583565932,0.0008918269834228,0.0002986124160034,0.0092628909837071,0.0013725467339242
1926,0.0007382288541604,0.0002693254148698,0.0826615896360279,0.0058484530605485,0.0800879472772753,0.0040058002074284,0.0010724634043945,0.0003515068433905,0.0234675138649978,0.0021853147769317
1927,0.2909571191381558,0.0073172498069756,0.2197471784838465,0.0282242998057574,0.1212229197691015,0.062656314099155,0.015482787226139,0.0054449460684682,0.1461049866825318,0.0281650831298911
1928,0.0007763623824108,0.0001146942062286,0.029293381223841,0.0039665465488199,0.0073623587696205,0.0011864984509746,0.0007662543850733,0.0001402697049031,0.007291741643093,0.0007961795854361
1929,0.000723424367041,0.0002789322039637,0.3452092323179631,0.00545065675523,0.3427532503313937,0.0038180568153719,0.0016731940275994,0.0003762387826059,0.167123713189839,0.0038837925322639
1930,0.0007438808140411,0.0002516689851579,0.0321807252730805,0.0054449615386171,0.0297126678202607,0.0028946909878021,0.0009038512881357,0.0003221793068279,0.0109129860762175,0.001524954308071
1931,0.0007549255418232,0.0001961438650664,0.0290503255743508,0.004510585581536,0.013123150377206,0.0017729531319562,0.0008188498019824,0.0002455460702361,0.0072554863340013,0.0009450416586342
1932,0.0013027441820116,0.0002713653052695,2.521127448176319,0.0053178963264206,2.518121727413198,0.0034295337917333,0.0034845919874883,0.0003723618405652,1.1303600214011222,0.0044013695133285
1933,0.0010680309058015,0.0006799184149587,0.0424365040544199,0.0099063779686723,0.0173516223280777,0.0054101476181859,0.0017636436218006,0.0007569067535089,0.0134693653878655,0.0032954839469355
1934,0.0686613511519728,0.0054736364048175,0.2605779308039772,0.0378699786519903,0.0976220213561602,0.0439043559808598,0.0193818594848432,0.0043917267552631,0.1567458112535286,0.0376128255669799
1935,0.4696910978248431,0.0439692681526927,9.498599187614784e-05,5.36076645730582e-06,0.1644902777917054,0.0038418462330729,8.631067611913348e-05,1.5288846596718663e-05,0.0002259405060609,8.091086294612902e-05
1936,0.4780171017071683,0.0434423100470091,8.894263281034616e-05,5.159635436785497e-06,0.1595153631749284,0.0040276982917643,9.170775370555608e-05,2.126416450445782e-05,0.0001814867947639,7.255341550750257e-05
1937,0.0007419806757244,0.0002806717245591,0.0795043958665277,0.0055556876831168,0.0768076946739336,0.0037997260019428,0.0011043291115846,0.0003691092406791,0.0224571160870985,0.0022135190195417
1938,0.0084318200873679,0.0014222694798043,0.1522452773579445,0.0613981419618247,0.0661610110667565,0.0221137605401269,0.0113464285171024,0.001487882873928,0.1248022851060079,0.0568969968827363
1939,0.4340044983768524,0.0572285574172526,0.0001473638721386,7.515387565518104e-06,0.2017212047864373,0.003194364491406,5.5140132690649264e-05,1.4740157565999949e-05,0.0002451874971647,6.365901688983043e-05
1940,0.5067012850843438,0.0417408142714005,7.638709285061114e-05,4.078850627886692e-06,0.1535461410347905,0.0048450961973686,0.0001109612919787,2.233395527093589e-05,0.0002599908209492,9.76220797978691e-05
1941,0.0007279425240053,0.0002798890741629,0.1881922359761924,0.0055190357519995,0.1855235977345835,0.0039388496150302,0.0013218566529138,0.0003750073980671,0.0750827189339625,0.0031165486686993
1942,0.0011190244650061,0.0007032846769866,0.1125636361081729,0.0255799481612815,0.0254469443440743,0.0050877478464909,0.0010763842421137,0.000775060269204,0.028347096047808,0.0045400435068853
1943,0.0007624749117702,0.000229271709781,0.0288700720523775,0.0048432722567374,0.0182251891229398,0.0021001105452028,0.0008570031838467,0.0002909905857692,0.0074905318000928,0.0011365286345563
1944,0.0010982994067229,0.000697546604828,0.0681637324821222,0.0216460509476204,0.0231843253767441,0.0059675958439624,0.0011056552864548,0.0007765361051242,0.024000910427121,0.0048278032886253
1945,0.0007352298768003,0.0002846118146299,0.1865092701268288,0.0056259754559735,0.1838883822014583,0.0041551095789457,0.0012683084113845,0.0003789982266293,0.0658763750965644,0.0030209347653446
1946,0.0010540722735922,0.0002703258372208,1.2704356806155277,0.0053409257515575,1.2667395217629212,0.0034893788379173,0.0029078854506894,0.0003712891241837,0.6207828592163315,0.004446998034675
1947,0.00073967810625,0.0002650671954241,0.0586502155634539,0.0055992384418555,0.0559909366892369,0.0035010833243442,0.0010234729025599,0.0003447160203534,0.0163004711717392,0.0018667741763682
1948,0.1086301815641536,0.030479953909269,0.0002626751067922,6.604464899359786e-05,0.342080652402055,0.0091202091997433,2.998801233712496e-05,7.975443102430267e-06,0.0002617224234091,7.256384573638491e-05
1949,0.0019114637772433,0.0002715099231805,5.798004172077293,0.0054709542727246,5.768475150287866,0.0035100511131199,0.0049181259772047,0.0003668255384218,2.305340342859607,0.0046416370930125
1950,0.0296710376479897,0.0026301369059782,0.200467954535251,0.0934282296411667,0.1017868716511826,0.0394288079621773,0.028808463462723,0.0025086887519505,0.1951715765015383,0.0895619386163876
1951,0.0007501541585437,0.0004682163811654,0.0264546820538197,0.0035356776974707,0.0138319527846707,0.0028772333049761,0.0007976996662472,0.0005420999263968,0.0065459944264233,0.0014656670439615
1952,0.46113945209399,0.0464874249163475,0.0001048488568737,5.776974232391505e-06,0.1667490171381787,0.0036084918861644,7.579153321679119e-05,1.6896656333448723e-05,0.000229792217852,7.598483849785215e-05
1953,0.0007195960762328,0.0002845478472504,0.3880669091404085,0.0054045616910332,0.3857217510687366,0.0038254202123776,0.0017669105243985,0.0003843169629868,0.1958538173355042,0.0040624489450381
1954,0.001074016705687,0.0002741875706471,1.4356334403968902,0.0053220199745411,1.4316517068349408,0.003479839535252,0.0029575026475495,0.0003755464714555,0.6944888348177248,0.0044865547689991
1955,0.001374846010797,0.0002752305249575,2.8660447430685188,0.0053083390929713,2.859588344834961,0.0034099014292117,0.0036583437381498,0.000377213876557,1.2594706527767825,0.0043274965008745
1956,0.0007549870748196,0.0002019746743478,0.0290452035827982,0.0046880176637822,0.0142091186503431,0.0018634202141567,0.000837377882755,0.0002537360217395,0.0072295582636282,0.0010488427992485
1957,0.4478471667304175,0.0515006522860447,0.0001275487032997,6.600451180240541e-06,0.1782947453249558,0.0034681244370008,6.715398261280296e-05,1.5121644609813405e-05,0.0002464004503854,7.142652906964923e-05
1958,0.0007382136799636,0.0004017928654308,0.0282075969988224,0.0045822450768878,0.0118819711354716,0.0032312109894747,0.0012135390135148,0.0004712312752822,0.0071989953297727,0.0020417914233532
1959,0.0282463063095745,0.0029778786764719,0.1834906128436987,0.0500789541514929,0.0848843371809007,0.0392119839956537,0.0201396915976978,0.0026440442043996,0.1027865548764426,0.0491020756283013
1960,0.1096338427536419,0.0152927696061768,0.0001925896193524,4.3359251492112105e-05,0.2767191339910526,0.006744827644357,1.895023777327051e-05,6.326892277064253e-06,0.0002351351573213,9.739076575445862e-05
1961,0.0015923482381813,0.0002657059089375,4.110501213715086,0.005392094961166,4.104755589057898,0.0033816172574591,0.0041676691104564,0.0003624084879519,1.715549744347049,0.004274636379277
1962,0.0007610550351564,0.0002306132636792,0.0288613735783971,0.0051575112983197,0.0259641312991368,0.0023714308963691,0.0008697162164111,0.000292688276859,0.010225611411539,0.0013000915843368
1963,0.0007358357727103,0.0002788961016732,0.0571000630609689,0.0055476680510965,0.05458250897985,0.0037429018293993,0.0010082146083319,0.0003657537613158,0.016077963946627,0.0018870557232536
1964,0.0010300513385886,0.0002812153426791,1.2295885871326904,0.0052968156721367,1.22580830149112,0.0035048286645582,0.0028537279663768,0.0003845589372023,0.5972790960816587,0.004424297358053
1965,0.4935036273474078,0.0409687768635835,8.869356731224869e-05,4.844292870647663e-06,0.1623577265736114,0.0050739052577568,9.244913738132434e-05,2.597488841354021e-05,0.0001677424370752,8.243617467546564e-05
1966,0.0007729646533358,0.0001881403166419,0.0278306245618523,0.0043638871671429,0.0126371708112492,0.0016072720932407,0.0008338209747474,0.0002325430286009,0.006922853731055,0.0009375307791993
1967,0.0011984153943745,0.0002740967948903,1.883995674455448,0.0052805476080968,1.8806611384109544,0.0034414900888221,0.003244932944135,0.0003750598514047,0.8905908173212598,0.004396154369339
1968,0.0007862889347356,0.000110853155035,0.0276768905976785,0.0037034953399758,0.0087145486735089,0.0014521192161011,0.0006727526876714,0.000137279052046,0.0068716796873642,0.0010871714974148
1969,0.0007333475460966,0.0002686589416793,0.0367971871462031,0.0053088243522937,0.0348166690472465,0.0031650538476916,0.0009486682513001,0.0003482435809219,0.0107553787606327,0.0015862728061906
1970,0.0007366900344817,0.0002611298417337,0.0517812808306818,0.0056150180919386,0.0497278139609507,0.0034634613196994,0.0009687692923261,0.000337894846975,0.0145356192892007,0.0017213444921082
1971,0.4471993687460829,0.0522327537127291,0.0001299223191967,6.634446813522972e-06,0.1830846242325242,0.00313702620709,6.527896341164708e-05,1.393345874396319e-05,0.0002629053889159,7.684120555569435e-05
1972,0.0014547706916232,0.0002651636075069,3.283522924104173,0.0053234548362087,3.276279588250249,0.0033814042329687,0.0038473095096199,0.0003640285895409,1.4133131184452443,0.0042700571441639
1973,0.001425315017323,0.0002705986712904,3.0491562067081537,0.0053030986471081,3.04220262989116,0.0033870489852326,0.0037768606277997,0.0003703253799885,1.3235110850353806,0.0042828346164551
1974,0.0007666768636184,0.0002250992856419,0.0280112129478931,0.0038578782739633,0.0145262665378217,0.0032581836097758,0.0004460862661961,0.0002774754934217,0.0078703434179103,0.0020184276481398
1975,0.0007191050546944,0.0002798586611904,0.5985421751247778,0.0054028462966553,0.5963291617983221,0.0037655360281138,0.0020362608706896,0.0003788849822269,0.3108249115283679,0.0044889396338915
1976,0.0007623705288649,0.0001818854603294,0.0272091988385954,0.0034482057526614,0.0110893617435396,0.0024810123292587,0.0005289026690565,0.0002264789281682,0.0069341270943335,0.0016287802889911
1977,0.0007299746078287,0.0002933218333472,0.1822311153078261,0.0057132540461996,0.1796536719043732,0.0043138560991826,0.0012559700990987,0.0003894121016146,0.0634605303845017,0.0030104016112019
1978,0.0007344127985804,0.0002883946183098,0.0907181740367079,0.0056310168196951,0.0879599339995802,0.0039853339718861,0.0010981314850054,0.0003815630153618,0.0253576701784519,0.0022652011676768
1979,0.0007667227018574,0.0002329254436362,0.0287053269237386,0.0045795937739126,0.0120997286083291,0.0017801527523965,0.0008580717399858,0.0002946445798427,0.0073709992910597,0.0010034432356663
1980,0.0007355670824018,0.0002740822056763,0.0623657740764327,0.0058300458414841,0.0600144869486182,0.0037885315581535,0.0010094250247712,0.0003563295184169,0.0180479360055456,0.0019471800294465
1981,0.000749830651469,0.0002396034107818,0.0284989074348147,0.005149612004587,0.026200761191896,0.0025302269510921,0.000886960484367,0.0003053697797361,0.0097284391277245,0.0013026935720032
1982,0.0010641891826678,0.0006166776419759,0.035159649369268,0.0079544113924559,0.013732685641911,0.0044724989108154,0.0009518282544556,0.0006893088616431,0.0118129946065885,0.0028172023984205
1983,0.0007892018882212,0.0001584623947166,0.0278743527218059,0.0034789501062462,0.0077758272603955,0.00207895343439,0.0005965153144986,0.0001982001422047,0.0071306754735064,0.0014155297885819
1984,0.0007375770772636,0.0002788123290524,0.0282736816301731,0.0035727934338374,0.0125617925809361,0.0027354918474704,0.0005833905050894,0.0003370660906771,0.0071441553680148,0.0016077216085476
1985,0.0007905527345479,0.000125563370644,0.0290120212988444,0.0035708809908233,0.0059264988043154,0.0013722420819478,0.0006734157526539,0.0001567946121194,0.0073649917920706,0.0009510613698718
1986,0.0007392416660563,0.0002727303162773,0.0893963776377558,0.0057534914818241,0.0867572186624463,0.0040091384670545,0.0010770888287925,0.0003587967259459,0.0238066738646054,0.0021892592438316
1987,0.4729223169952792,0.0437147234092412,9.209692930214188e-05,5.305972479811008e-06,0.1636970250628885,0.0035999583404581,8.947850864534873e-05,1.6407631083998526e-05,0.0002177077879694,7.484302924877094e-05
1988,0.4995772779846683,0.0431239840613812,8.316968746501343e-05,4.423064593407339e-06,0.158372238279221,0.0051454971561319,0.0001064387961152,2.2145113055897074e-05,0.0002199898818323,9.569773941762212e-05
1989,0.0007222433364694,0.0002810289995658,0.2819382214809589,0.0055391237537551,0.279545217931038,0.0040108216376619,0.0014815161610106,0.0003775212154969,0.1251575126803715,0.0036755007068661
1990,0.0007265684778834,0.0002836044870142,0.2023483341059871,0.0056715519970941,0.2000772203908816,0.0041368028332111,0.0013485330718026,0.0003774153915357,0.0814264445728967,0.0032625504878102
1991,0.0008877762172836,0.0002704675710612,0.9367441010728528,0.0053080062704534,0.933051017803316,0.0035581212581311,0.0025195851986084,0.0003705418256281,0.4819750049151509,0.0044443624364816
1992,0.0014503258775126,0.0002677546281844,3.42419486727054,0.0053376293734302,3.417603234634243,0.0033933166519276,0.0038325698106661,0.0003677221993258,1.466042310513133,0.0042695202085041
1993,0.0007384685921162,0.0002729143908514,0.0290442501187078,0.0051187407910819,0.0261084280494624,0.002787764304891,0.0009132631110224,0.0003531810457847,0.0091081331392974,0.0013927452519282
1994,0.0007506904586355,0.0002569967815131,0.0357995256401675,0.0053305536338411,0.0338551881051978,0.0029671633127083,0.0009431475948419,0.00033143023486,0.0107582840485166,0.0015304211712691
1995,0.0007991231623786,0.0001063920594379,0.0262322690848343,0.0040648957214217,0.0102689448006189,0.0016261095496083,0.0007635017642982,0.0001333252725862,0.006564536920618,0.0009556286167011
1996,0.0007629132503497,0.0002330600664405,0.0278374078801531,0.0052004353901727,0.0240743848797012,0.0025117095761709,0.0008816038804759,0.0002952004256905,0.0092337473511995,0.0013489315488035
1997,0.000784604606453,0.0001615843543467,0.0290179765183714,0.0035492172201672,0.0108124235155734,0.0022077204102477,0.0005765885099961,0.0002031503189996,0.0073831679569559,0.0015322705515833
1998,0.001296469162373,0.000904388958231,0.3478310780324065,0.1144162717429147,0.1389428747257997,0.0241441554098047,0.0014441511197029,0.0009802670647728,0.122740707319028,0.0170833226252836
1999,0.1337849831897439,0.0081005424514847,0.1827225754408611,0.0151251904431057,0.1603143399513331,0.0775306512731352,0.0164640144135277,0.0044979674984616,0.1475165001392077,0.015095421558369
2000,0.0007880010998078,0.0002793857250752,0.6458636083376408,0.0053397932603302,0.6425530069671133,0.0035816642788909,0.0022868573679174,0.0003804606506548,0.3339544285205533,0.0042479223302756
2001,0.490813244607672,0.0440132685604119,8.94592226339192e-05,4.735133388613123e-06,0.1609377717738355,0.0040243232848984,0.000100562584928,1.812957500587605e-05,0.0002335392396532,8.111431717899831e-05
2002,0.0007367008000059,0.0002862389014603,0.2473365834605482,0.0054856747057799,0.2447519299328638,0.0039290523115169,0.0014450149546709,0.0003836171852248,0.1062737464924251,0.003449075116872
2003,0.0007286889875871,0.0002812100298072,0.3820604019493644,0.0053762004217643,0.3794406586360923,0.0037061987103971,0.001838667382378,0.0003804214940893,0.1987295115431862,0.003995732338422
2004,0.486882312993866,0.0470989974583195,9.223894901854476e-05,4.941851482416385e-06,0.1616707639631053,0.0034209479805705,9.777443166105245e-05,1.8603846428186836e-05,0.0002190528303521,7.611722949809665e-05
2005,0.0017472144824889,0.0008916392894518,0.1181570969646868,0.0699691043712208,0.0394932430520003,0.0133778635054064,0.0036186746206908,0.0009517856947838,0.0788384725703561,0.0244756193053462
2006,0.0007340132844529,0.0002799386969136,0.112564532910051,0.005747367486729,0.1099285051595297,0.0041857827383536,0.0011482725106276,0.0003685484673739,0.0340513356058871,0.0024842526764221
2007,0.0007157718269946,0.0002727535463642,0.3874551239443272,0.0055437727363746,0.3852666464149477,0.0039345687511844,0.0016603186451567,0.0003683154791806,0.186493789343601,0.0040784671658327
2008,0.0087666311957444,0.0015794826022203,0.1949795528402038,0.0886899987499099,0.1008579247806834,0.0370963475898893,0.0115138564259038,0.0014846513300218,0.1801107892785555,0.0842810681111992
2009,0.0007370984635014,0.0002831215893967,0.1402444697190899,0.0058351015532077,0.1376538014023074,0.0044074927512227,0.0011331106438745,0.0003756450688033,0.0407134579497076,0.0025791171922811
2010,0.0007075546575367,0.000411098781586,0.0250472385251271,0.005066854154449,0.012850349113065,0.0042107873336448,0.0006901301882437,0.0004808034370486,0.0082274067566152,0.0023972158409061
2011,0.0007647834469851,0.00029944952667,0.0254543651940568,0.0034506007591837,0.0120442937271046,0.0026797802566583,0.0005594384266398,0.0003590191215491,0.0068076807774127,0.0016165512093998
2012,0.0007710036033153,0.0002004540496442,0.0291754989227541,0.004752446086807,0.0185229757024532,0.001798632296448,0.0008516188077595,0.0002509702265461,0.0075067788786789,0.0010725084399667
2013,0.000724664543677,0.000278964715376,0.5090151273476692,0.0054271673697736,0.5068544819265824,0.0038086822000089,0.0019235607948622,0.000376961979246,0.2619941148028459,0.0043489238704994
2014,0.0007300900771444,0.0002837576937627,0.1913105257129519,0.0055514652284353,0.1885366348043525,0.0039702021439111,0.0013118409434122,0.000378914354267,0.071174388716535,0.0030617251557634
2015,0.0013715772518425,0.0002603324074889,2.726911258658536,0.005332553224502,2.721701798634264,0.0033819132052175,0.0036545222791818,0.0003583811606757,1.2104659944560514,0.0042597036583839
2016,0.5412870242683969,0.0345846860837014,5.03336625384112e-05,2.813785659455889e-06,0.135416505175582,0.0067596217388684,9.848581128990604e-05,3.988422353538975e-05,0.0002501304122968,0.0001244957092649
2017,0.00075034993727,0.0002004966226135,0.0294607754075214,0.0053382605869954,0.0260649158795492,0.0025057520541502,0.0008649882150469,0.0002520614466147,0.0096174319326404,0.0013840831277509
2018,0.0007297464441313,0.0002934556812463,0.0258472649544377,0.0035245877126582,0.0101712986634554,0.0026160291913208,0.0005656022662677,0.0003517470119873,0.0063616146727455,0.0016380370376961
2019,0.0016195707021378,0.0002666558491157,4.791504365627862,0.0053822648790322,4.78351784960071,0.0033727305012298,0.0042404845595193,0.0003649719459914,1.9359840597617968,0.004285801563727
2020,0.001295006408334,0.0008285070044455,0.1431406302499151,0.0421281838693094,0.0378114014295682,0.0075009615788259,0.0012171764388571,0.0008935025469728,0.0372720868557727,0.0057383398887568
2021,0.4184414188839874,0.0536982133373836,0.0001680326739936,8.43167501559224e-06,0.2259146575223434,0.0032590583213834,4.620914373254052e-05,1.2244724254162269e-05,0.0002934894931876,7.810139435168982e-05
2022,0.000741264581989,0.0002726206775059,0.0549898706614649,0.0054819967627935,0.0522413749469028,0.0033861650213442,0.001041982881068,0.00035551761085,0.0150716591411396,0.0018942766940664
2023,0.0013279518560452,0.0002755588619107,2.508189194464721,0.0052979911062554,2.503766927208163,0.0034360697925334,0.003543331579281,0.0003776462252566,1.1300842254990104,0.0043879166304779
2024,0.0015230163737217,0.0002624876643432,3.941608906977373,0.0053500343861042,3.934062568391772,0.003371704210883,0.0040086009898868,0.0003603407254255,1.6465912014944382,0.0042867833580352
2025,0.0007296938322917,0.0002901954099443,0.3222569640136415,0.0054987934111836,0.3199574136441911,0.0039632488880087,0.001576897411213,0.0003902840748824,0.1522459361398566,0.0038731211770625
2026,0.0015348701781853,0.0002737722958291,3.519055463199173,0.0053805183819807,3.5118749595559784,0.0033767822117061,0.0040402892549475,0.0003737273003781,1.5069729119322606,0.0042727962394574
2027,0.0007269798575363,0.0002775698100219,0.5654327234513022,0.0054405426761805,0.563423302969781,0.0038217300398332,0.0019582186681577,0.0003752720785227,0.2909322180946235,0.0045403403045859
2028,0.0007798470663587,0.0002278647959807,0.0316270111828781,0.0053199612342697,0.0289106880918481,0.0023960833865141,0.0008936681205459,0.0002877304770798,0.0109635571393405,0.0014113264059273
2029,0.0007840569048941,0.0001632810453363,0.0279307571076463,0.0034032471727551,0.0103494031056024,0.0022477104342279,0.0005698112609298,0.0002039455178624,0.0075627353635335,0.0015453732819246
2030,0.3960146373384626,0.0504886338463303,0.000179916905471,1.0056696912840388e-05,0.2443626867602732,0.0052536841391061,6.297139771933411e-05,1.8546937600808945e-05,0.0002893592654154,8.661445555619923e-05
2031,0.0007851001679367,0.0001560340087901,0.0266526029178807,0.0038397864403327,0.0100135947909435,0.001511150454332,0.000707030817566,0.0001925947975728,0.0067129402743227,0.0010361840468649
2032,0.0007546071448214,0.0002678825426442,0.0428009488230593,0.0055258057531727,0.0404727890273563,0.0032520026228328,0.0009955235210827,0.0003465264519337,0.01296670139859,0.0017908017565709
2033,0.0007291447609098,0.0002806682732153,0.1282905528321836,0.0055512190408455,0.125501989249515,0.0038589971738774,0.0012375744005959,0.0003747055032388,0.045308801528935,0.0027209026684738
2034,0.0007874142657728,0.0002220004258259,0.0279636619355323,0.0040769908126113,0.0110498346917232,0.0029749324654434,0.000548823547772,0.000272338610463,0.0071689363518977,0.0018716396389731
2035,0.0040637374044993,0.0010353423226434,0.3379378351751721,0.190650072159334,0.1722908768315431,0.045781791500218,0.0076572884979047,0.0011158751640672,0.265003949040614,0.0923861630139205
2036,0.000735643920782,0.0002642610390709,0.0407923446770885,0.0055227808762485,0.0388059016203051,0.0032658489355036,0.0009515609101026,0.0003419318371228,0.0120612561008738,0.0016473907136137
2037,0.0007260491866288,0.0002596362450572,0.0368118822144671,0.0053166818148815,0.0344772782321978,0.0031021668242624,0.0009703071989643,0.0003381380442157,0.0105379041785467,0.0016141706282676
2038,0.0007362133056555,0.0002711786212248,0.0732406701736711,0.0056010346426763,0.0706539325765546,0.0038532332647702,0.001060676541223,0.000357470120939,0.0208178568788256,0.0021136535669029
2039,0.0015585539936882,0.0002715073313739,4.116962892138413,0.0054060592434382,4.110335190654769,0.0033798714324318,0.0040939499077077,0.0003716165352346,1.7184952794360606,0.0042762761259661
2040,0.5452459899790663,0.0352097419715276,4.767045677348918e-05,2.631584366151636e-06,0.1342789367048488,0.006714159973542,0.0001012466473283,4.0922889337804726e-05,0.0002895068670526,0.000127456771293
2041,0.0007337166951481,0.0002840481343082,0.1718548399559332,0.005822839319107,0.1693320202659579,0.0044216045243722,0.0012128567999983,0.0003768840845191,0.0554990190437058,0.0028841040378789
2042,0.5011726605082764,0.036823698412376,6.855370763317224e-05,4.171119503191285e-06,0.1494760648997973,0.0055780912272523,0.0001068338266894,2.5179795475388103e-05,0.0002007145001533,9.62547564839586e-05
2043,0.0007877034775797,0.0001539888170185,0.0275224374450264,0.0038372835923628,0.0119657395739044,0.0023452080103902,0.0006094759694082,0.0001926011037734,0.0072779727331305,0.0015556706901342
2044,0.0007753130269031,0.000302058368012,0.0247603289941665,0.0032904185518984,0.0111882387282745,0.002670321058925,0.0006708512875114,0.0003626557901214,0.0062777854504317,0.0015784862871573
2045,0.0015359850946552,0.0002676626879903,3.676686015731392,0.0053178518747187,3.6694635188944416,0.0033697969202011,0.0040424908871447,0.0003660048662611,1.565784891365578,0.0042627034062194
2046,0.0025651101756376,0.0008754529793503,0.2407786747196352,0.123482420600166,0.1010632100449926,0.0212406318421937,0.0052141408800477,0.0009771614820598,0.158401161050541,0.0418203663782743
2047,0.0616561443380467,0.0044820255778762,0.1807507994723596,0.0309876648553161,0.0977960235079634,0.045386679063995,0.0167948177787384,0.0035994132004035,0.0999122233149024,0.0307347820914096
2048,0.0008667869783482,0.0002866794818128,0.9140611383281552,0.0053277631547842,0.9105211902278608,0.0035811603976767,0.0024693104459614,0.0003903223019007,0.4731192843122652,0.0045052755597829
2049,0.0007624706895479,0.0002211120518487,0.0289943127345714,0.0050714733720996,0.0221261908879136,0.0021872210859762,0.0008823884304897,0.0002790693368935,0.0087383562473593,0.0012808056238319
2050,0.0007353168757269,0.0003559304541192,0.0275526217931757,0.003527294690198,0.0098992670694703,0.0025338883934979,0.0005856477971208,0.0004195486658002,0.0069038338319687,0.0014524528150075
2051,0.0007206378549713,0.0002811717742104,0.4035743636263971,0.005408197863653,0.4009893908316357,0.0037139800902612,0.001855555277765,0.0003803335093547,0.2108878552010747,0.0040475461417601
2052,0.0007393588665584,0.000288873327171,0.0841280787968685,0.0056315993245467,0.081573750610604,0.0040559583221435,0.0010751606082607,0.0003813337673467,0.0236773186059626,0.0022212075212895
2053,0.0007562704416281,0.0002005354995763,0.0292365735359032,0.0045448429719395,0.014220295742023,0.0018125659960189,0.0008213174089948,0.0002507806155554,0.007353821764567,0.0009909792598321
2054,0.0070137090609811,0.0016049293450863,0.2429387992774246,0.048331175676305,0.1114694833479199,0.0324123846258117,0.0083263239805329,0.0014914058852313,0.1546641554376314,0.0460871485373124
2055,0.5039249013377486,0.0406852741373343,7.998204831858265e-05,4.3188732723047e-06,0.1570133224814936,0.0046903919395871,0.0001052044944941,2.08587893779522e-05,0.0002212435405736,8.699969857838288e-05
2056,0.0007525655711479,0.0003081377435912,0.0278251396168843,0.0033506701949419,0.0118968226821581,0.0025058173047037,0.0005721750892719,0.0003690688679234,0.0069554608637315,0.0014455027280232
2057,0.0007589810148049,0.000184087179456,0.029039844899177,0.0048643750720773,0.0199916498518309,0.0020242851597185,0.0008339719534962,0.0002294939455588,0.0077427146488095,0.0011395832964829
2058,0.0007640082035714,0.0001574766904821,0.0270782735789093,0.003708606620958,0.0083879450768933,0.0019850606081628,0.0006909325118278,0.0001969552523656,0.0068061504305331,0.0011655721672912
2059,0.0163130245201353,0.0017358977238604,0.1648769348565645,0.0962113158006412,0.0580390912170111,0.0227035990111562,0.0208465376876549,0.001798845959185,0.1522906459121408,0.0914599187578093
2060,0.0007957642994749,0.0005252741942485,0.0276272780158504,0.0038538654960191,0.0148077684980837,0.0034731304746364,0.0008769108214029,0.000601244017246,0.0068554529234869,0.0018373267758283
2061,0.0007905667023982,0.0001526180061335,0.0277106792821623,0.0041411879303629,0.010171639467919,0.0014219538207281,0.0007712696919122,0.0001886615857603,0.0071893357296177,0.0008440198593771
2062,0.4085028159898631,0.0471440289856186,0.0001354564169645,1.0532719146700174e-05,0.250794303316268,0.0036937139625052,4.725793982709141e-05,1.2405649345074497e-05,0.0002396993554422,7.054036921061149e-05
2063,0.0007385968489836,0.0002854006592376,0.1254343065521921,0.0056187249983435,0.1226576244072852,0.0039760588124207,0.0012043393902151,0.0003788557467934,0.0417396094260749,0.0026465133522205
2064,0.0007521521869343,0.0002353110609888,0.0347341614983531,0.0054270522500708,0.032345774482732,0.0027850393399868,0.0009144977330206,0.0002997416044806,0.0116040515944631,0.001501109280908
2065,0.0016384893064566,0.0002723477375729,5.398635736893986,0.0053326601664998,5.390791322378332,0.0033767741167585,0.004282392316294,0.0003728044922088,2.1402458878940034,0.0042736671095896
2066,0.0007496001939764,0.0002470570244459,0.0273131445947949,0.005014865354957,0.0198857948485295,0.0024571698309728,0.0008949358350066,0.0003153000284552,0.008031974890032,0.0012795243109267
2067,0.0007390188211299,0.0002828037791316,0.1017658278349787,0.0057776940495982,0.0991376530185318,0.0041965327723154,0.0010986152480594,0.0003738241404775,0.0286114609364862,0.0023316636143872
2068,0.0007810408888662,0.0001183466344481,0.0282532194357945,0.003589798644301,0.0071082884960374,0.0013894582814138,0.0006835319691286,0.0001476724999267,0.0070046234102844,0.0010207598318781
2069,0.0007088192370895,0.0002788566714989,0.4577887354699196,0.0053949234389625,0.4552727881013749,0.0037051860743011,0.0019454801693338,0.0003775200461625,0.2398479934416091,0.0041496570918891
2070,0.0007244855221315,0.0002544698024163,0.0704021594217156,0.0057833428266227,0.0680777164414134,0.0038591620252996,0.0010456927666832,0.0003316381315876,0.020289495464016,0.0020510030590303
2071,0.0019501957831439,0.0012823043919481,0.1159980350745621,0.0182357248352996,0.0251219242660267,0.0070028138120543,0.001646472424782,0.0012678260350621,0.0283784585066411,0.0044232831523019
2072,0.0007430044910269,0.0002502208802803,0.040867530115272,0.0055885683511649,0.0387871042561629,0.0031052298914183,0.0009719489828471,0.000321926315841,0.0127232143766332,0.0016951573609873
2073,0.0007361325787395,0.0002823390019628,0.3022569000884982,0.0054942078562532,0.2996978936441881,0.0038934600484327,0.0015254845747088,0.0003794224649616,0.1327820051037718,0.0036719736424117
2074,0.4374167618580677,0.0511999647903837,0.000125751183215,6.865540313883678e-06,0.1814028235679162,0.0038132270773464,6.348325828404506e-05,1.5475261190074787e-05,0.0002456428257386,7.13998338768195e-05
2075,0.0007314164555999,0.0002950907233675,0.026469376762765,0.0032842567129696,0.011442432005736,0.0025712261874768,0.0006337952823009,0.0003550626153926,0.0064870544704401,0.0014907829895328
2076,0.0016918291462713,0.0008571203404799,0.22196770858595,0.096433535565304,0.099202227712499,0.0223814815355544,0.0036934586967263,0.0009551350102311,0.119630614287964,0.0257417857602825
2077,0.0015834992615259,0.0002732760291278,4.1575281036456095,0.00535742302752,4.15012727770453,0.003370309686766,0.0041542541500862,0.0003724545653616,1.7217257131109087,0.0042695162395693
2078,0.0007269948852565,0.0002670639557838,0.0795187494455482,0.005594611394359,0.0768598223459468,0.0038243322540782,0.0010883740458445,0.0003502752031813,0.0226025439956403,0.0021738892824435
2079,0.0007247011544002,0.0002832958654758,0.4255493972498501,0.0054125729890312,0.423254534998812,0.0037743704361514,0.0018559662445275,0.0003823678205548,0.2198534300893888,0.0041527512573856
2080,0.0007610008596208,0.0002145875997969,0.0289296213685156,0.004447317441096,0.0129641107076769,0.0017152211328227,0.0008040974664005,0.0002706245409757,0.0074809860379732,0.0009466823466468
2081,0.0014944335687837,0.0002704626360115,3.959043083762435,0.0053127344553876,3.9510786506244657,0.0033910550342676,0.0039380914763656,0.0003704721273426,1.665594789010319,0.004307311593705
2082,0.0007272392420358,0.0002771610042314,0.482129199301722,0.0053838371880848,0.4793226282463388,0.0036770008521095,0.0019768380254178,0.0003767301315927,0.2471432706166195,0.0041377685049879
2083,0.0007548626060313,0.0002490491640667,0.0282392176859184,0.0050425526925225,0.0193947085088013,0.0023908439044435,0.0009022815128387,0.0003192898124336,0.007810810272231,0.0013192908867936
2084,0.0017915396970395,0.0002718785671653,4.302936462321911,0.0054853474908307,4.287413566210766,0.003489138146255,0.0046364578139939,0.0003679749446019,1.7719541282887354,0.0045162178633782
2085,0.0093905304947331,0.0015478386951152,0.2056379613353601,0.0689472655932005,0.0828344494450997,0.0228683451841661,0.0126572506481651,0.001605940006595,0.1276218322933619,0.0640409485193162
2086,0.0007686661990474,0.0001184200453786,0.0291777222221424,0.0043852523386325,0.0119967821180075,0.0021545293537955,0.000604578294692,0.000146867521736,0.0072016966556744,0.001445974046072
2087,0.4746394023279772,0.0444035549093901,0.0001010207232527,5.507508022056286e-06,0.1651076536997781,0.0035070711864647,8.723804898548049e-05,1.570805899188192e-05,0.000210200839884,7.147449076331111e-05
2088,0.0007254827839323,0.000286241410078,0.4140524910211809,0.005448311177579,0.4115379064267261,0.0038327793438816,0.0017341663959217,0.0003872245826118,0.2020664970774437,0.0040889491910489
2089,0.0007752411609953,0.0002052752640421,0.0282137298950276,0.0034142458636828,0.0098268300933348,0.0021917874176767,0.0005776854342642,0.0002525656161794,0.0071408752384471,0.0013230344771526
2090,0.0007729474446912,0.0001865624954956,0.0287426403982262,0.0039964741456161,0.0075487738607715,0.0012138539120323,0.0007489745740587,0.0002325908604055,0.0072500444273287,0.0008210823429457
2091,0.0010813362434738,0.000280778573316,1.36934952693791,0.0053226311301011,1.3657386851458662,0.0035111933872865,0.0029688645844929,0.0003844090761393,0.662803528674424,0.0044654972973088
2092,0.0265350145066461,0.0027984866777244,0.2666746288205287,0.0565827561419181,0.147206795942015,0.0391566107503265,0.0215380914872408,0.0026447043229099,0.2165727544563982,0.0545390004975796
2093,0.0007661111511784,0.0002559308221266,0.0376464277374346,0.0054614448310667,0.0351009607084469,0.002942680069812,0.0009248989378954,0.0003271588773124,0.0124070389431248,0.0015549379996967
2094,0.0009252525141773,0.000633985844714,0.0264680457021041,0.0045336889025288,0.0166302706793349,0.0048166226660813,0.0009605231822941,0.000714853925496,0.0089162338405036,0.0027026100757429
2095,0.000747367168396,0.0001765696174834,0.0266582507225244,0.0032884864853165,0.007628346750682,0.0018797282724153,0.0006073730361754,0.0002198571305318,0.0066603237411494,0.001168230434186
2096,0.0007312140682033,0.0002742700065133,0.1315705326725069,0.0059141693301634,0.1288410123146122,0.0042798513464017,0.0011669429083036,0.0003617706482532,0.0396996128019565,0.0025979868165549
2097,0.0007377431611741,0.0002659383265369,0.0716594484746529,0.0058258012998305,0.0692958141863409,0.0038232448568962,0.0010445640904562,0.0003453448996003,0.020511023193754,0.0020401851577418
2098,0.000743485801758,0.0002655097573091,0.0280588423825004,0.0050842976051029,0.0228914633949348,0.0026243902653082,0.0009279716297953,0.0003425059149678,0.0090250544777298,0.0014044511049892
2099,0.0007898086465409,0.0002688516996605,0.7028563524888961,0.0053223362231869,0.6996321302821046,0.0035863185749388,0.0022876052698289,0.0003668145619786,0.3685605653335022,0.0043384355268727
2100,0.0007222094105291,0.0002857492921405,0.3296485613125416,0.005489755391157,0.3271807837376976,0.0039771223251518,0.0015420569250638,0.000384671977564,0.1477321223649338,0.003817360741259
2101,0.4494659680051382,0.0497383637334178,0.0001114981976541,6.286444765812879e-06,0.1710862554481469,0.0032420300297043,7.206760178967284e-05,1.5295814851872834e-05,0.0002514882256195,7.930828189392733e-05
2102,0.0007710711546667,0.0001934912060193,0.0289408034510759,0.0045722456386853,0.0130430488987582,0.0017120996659445,0.0008365630311341,0.0002410993429545,0.0075051923605586,0.0009995577740628
2103,0.0007403037143911,0.0002837294471264,0.0278973628186138,0.0037678327312074,0.0111499958288558,0.002645589940704,0.0005120259904336,0.0003409048101968,0.0068051749724263,0.0015855581077008
2104,0.0007030811123329,0.0003814365393595,0.0266033526136193,0.0036028252832925,0.0114772074745306,0.0029739081119239,0.0006733762243051,0.0004469407818219,0.0081312763195409,0.0017088666474315
2105,0.0007427995531333,0.0002850943793296,0.1320793684038396,0.005649893620983,0.1294030295506156,0.0040241140992488,0.0011997733271633,0.0003777148729114,0.0409700254660994,0.0026369633640258
2106,0.0015163210936859,0.000274532706738,4.149664340187734,0.005293524398233,4.142391751604473,0.0033858557152743,0.0039906969386398,0.0003749106491081,1.7311420132220177,0.0042798588563027
2107,0.0016472958729527,0.0002748730059834,4.757953874252244,0.0053990922064829,4.752404845165881,0.0033854330463274,0.0043021798172022,0.0003736055475391,1.9406547782638408,0.0042557852189723
2108,0.0007383131150726,0.000282831010592,0.048783585491535,0.0053545499464223,0.0461599125811833,0.0034405605450875,0.0010338623746256,0.000372282908714,0.0134883822383082,0.0019369182713962
2109,0.0007346015175503,0.0002773340759125,0.0843141100117184,0.005700206257085,0.0817848258099572,0.0039443686566662,0.0011076491015747,0.0003638311440669,0.0248532081927013,0.0022784204174831
2110,0.0007318504359247,0.0002865140929234,0.1940753864952726,0.0055994885807174,0.191558373151074,0.0040462170882383,0.0013702221058127,0.0003821013062829,0.0804712306469167,0.0032406561956152
2111,0.0007385727908899,0.000251409090492,0.0495510116841219,0.0057373178022641,0.047538628031728,0.0034104133198917,0.0009839399244994,0.0003235912835093,0.0152399925288088,0.0018160799168954
2112,0.0007883370882193,0.0001340616452644,0.0288703815131906,0.0042014387652847,0.0100577106263351,0.0015910334810896,0.0007623329391716,0.00016609718233,0.0072307903173033,0.0008998407255749
2113,0.0009471680412873,0.0005854503870792,0.0268834540815977,0.0048273220068488,0.0131207447311299,0.0044492695428573,0.0008880264724732,0.0006581189047431,0.0076782831571308,0.002347705213123
2114,0.0007220552726847,0.0003886592682801,0.0259497512786258,0.0034639956984748,0.0120580270959794,0.0027836456684927,0.0007467071942145,0.0004558071621315,0.0065128259937734,0.0015764935515256
2115,0.0007831933464178,0.0001215225023259,0.0268389239266464,0.0041674669407526,0.0112182264540738,0.001981993723385,0.0007755017400538,0.0001511830676791,0.0069661349747309,0.001020902425808
2116,0.0007407520348091,0.0002811610676986,0.0687439453994874,0.0056585307336537,0.0662889285224545,0.0038433160340893,0.0010409397109617,0.0003679683465619,0.0195993155713351,0.0020433851756728
2117,0.0007009937320248,0.0004605824883825,0.0279817498677733,0.0037993486315991,0.0116290444677467,0.0033342059992598,0.0007479078983478,0.0005348668655771,0.0068512877420431,0.0019124616221042
2118,0.4625600225298846,0.0467272388369327,0.0001103120676671,5.946080575670651e-06,0.167899367399045,0.0037194660045276,7.720228191791779e-05,1.4867570095879584e-05,0.0002324606388617,8.31766772672515e-05
2119,0.0007680304829968,0.0001889102426361,0.0281825595701382,0.0041452302562379,0.0126834830918647,0.0015356014672215,0.0007515511413979,0.0002352627954927,0.0070613135692609,0.000949666157017
2120,0.0012181529331001,0.000273269276365,1.8286391426568225,0.0053165911242626,1.8255147475003688,0.0034536645071012,0.0032859802754388,0.0003744630553443,0.854840152836491,0.0044193160994933
2121,0.0007511687778755,0.0002063049690166,0.0284555861207965,0.0049320115667461,0.0218703519220372,0.0022738957266122,0.000820379927641,0.0002595687743025,0.0084152155747475,0.0011599808402877
2122,0.0007462973819938,0.0002818039942889,0.0962242579185703,0.0058457650299319,0.0936978637605949,0.0043327357769031,0.0010658909229261,0.000371440001799,0.026521029801247,0.0022486252446213
2123,0.0007842245625161,0.0001242141201833,0.0269219633023943,0.0036673922503745,0.0076012915008056,0.001580618085819,0.0006703032693996,0.0001557845416615,0.0068256152239348,0.0010633090695929
2124,0.0013381933771703,0.000276902710078,2.648869097201409,0.0053152161819906,2.643739548432717,0.0034221464130194,0.00356990068245,0.0003795837011497,1.188647568354252,0.0043529102924802
2125,0.0007321116799239,0.0002826271069634,0.1119267015969965,0.0055947381047893,0.1091891312125103,0.0039426761290213,0.0011753542932209,0.000373479891544,0.034849833225837,0.0025124434377758
2126,0.000738699005315,0.0002825497652211,0.1656279690492809,0.0057121261730996,0.1630248473688603,0.0041692238537896,0.0012518674032085,0.000374952875964,0.0577834436570314,0.0029175954106375
2127,0.000729426042184,0.0002783909345358,0.1909588322026471,0.0056750240723956,0.188482891466143,0.0041375778113151,0.0012747003635216,0.000371192966331,0.0695242388363407,0.003057373370852
2128,0.001155218983466,0.0002762497021548,1.6921152007777092,0.00535395252424,1.6886935254699682,0.0034779496651498,0.0031407042292443,0.0003791058209685,0.7991859521743865,0.0044444539861466
2129,0.0015518846451608,0.0002711776486413,3.946658700365359,0.0053988590971352,3.9396494786542138,0.0033820568842167,0.004077131584462,0.0003706549868608,1.6524247779243235,0.0042880653482546
2130,0.0007142017132806,0.0003802650573409,0.0256975879316696,0.003437096065545,0.0106122278111218,0.0029617642218875,0.0006473173186892,0.0004474420262554,0.0072464425732879,0.0017092194370709
2131,0.474468152297951,0.0440403306068588,9.286521019159404e-05,5.449490361428454e-06,0.163823870768672,0.0041415106472335,8.812039231123625e-05,1.569336724757847e-05,0.0002430242820884,8.718437465087128e-05
2132,0.0016474091141935,0.0002678521816135,4.569269585508727,0.005396812301273,4.562774452306607,0.0033846487354666,0.0043005982721372,0.0003656527115691,1.879517663292863,0.0042706637125408
2133,0.4331242243885154,0.050637371012035,0.0001466280960924,7.556237122253598e-06,0.203751698903367,0.0041540782293394,5.508634818630983e-05,1.6706834976233e-05,0.0002844711755763,8.3456497635886e-05
2134,0.123589902699159,0.030621686585749,0.0004479765306681,9.27010113784225e-05,0.5312323890551309,0.0073923694737248,2.8509278942526884e-05,7.861400033124537e-06,0.0004485239808459,7.588756819501652e-05
2135,0.0007158255574182,0.0002817942363168,0.3342961327958989,0.0054555862176485,0.3320847101606994,0.0039051389047085,0.0016757164692377,0.0003791412681249,0.1648112673622495,0.0039421820604876
2136,0.0014652390664204,0.0002663834862035,3.473494112986709,0.0053131074977902,3.466309159020974,0.0033853577579881,0.0038683296346531,0.0003650379171147,1.4939893897321328,0.0042908047164591
2137,0.0007220737667122,0.0004193908809097,0.0244602796562953,0.0034801913918691,0.0127925942595349,0.0031715200477177,0.0008302389474115,0.0004890953290019,0.0072703137768112,0.0017320299442426
2138,0.5344689847140278,0.0340188820325001,5.441669229815196e-05,3.129061401153197e-06,0.1407261397786869,0.0072774047614787,0.0001067118525992,3.470517385104073e-05,0.0002631444830688,0.0001216009779134
2139,0.0007328808087679,0.0002939177822668,0.1403287997041587,0.0056876263954753,0.1376742572122564,0.004235857515319,0.0011883124653793,0.00038985932427,0.0441085145601585,0.0026854342613798
2140,0.0007827605010551,0.0001322994468872,0.0285452900707098,0.0036039043302575,0.0061529952846825,0.0014783969537826,0.0007001792155021,0.0001655201932995,0.0072668757836629,0.0008949880976546
2141,0.0010911711143994,0.0002717333382065,1.357131763019745,0.0052985139753014,1.353464214729821,0.0034800556600132,0.0029946815383035,0.0003721523635358,0.6508835198656013,0.0043936497030652
2142,0.000724626549296,0.0002811323996334,0.3933283641687317,0.0054172423945131,0.3908903742357681,0.0037869041253463,0.0017711697588098,0.00037976581035,0.1952657692326528,0.004008354194947
2143,0.0007631337479109,0.0002333141104694,0.0275740212337104,0.0035964898703349,0.0104089959082526,0.002425839737834,0.0005284685399874,0.0002849108403442,0.0068964890444446,0.0015003814460377
2144,0.4852486509256445,0.0445334108306535,9.386179328951545e-05,5.070148088004641e-06,0.162744338833484,0.0038270917751013,9.690904733651206e-05,1.8948611280943383e-05,0.0002019899423834,7.265996876900823e-05
2145,0.000734159559328,0.0002835547708125,0.1758440230561637,0.0056882486785609,0.1733042006269664,0.0041665785898478,0.0012900745203145,0.0003769944595475,0.0647946977531017,0.0030429065107145
2146,0.0007251499658082,0.0002723380039675,0.1965285342714545,0.0054871000511286,0.193970045801552,0.0038458805433791,0.0014228305290796,0.0003640106129791,0.0837320952388666,0.003237869031649
2147,0.0007216418981859,0.0002885967094777,0.5976728360824132,0.0053670583265735,0.5951755863481625,0.0037248151864801,0.0020737607985069,0.000390631604778,0.3098707127993095,0.004410480955533
2148,0.5388186464475784,0.0369317344685808,5.35679280152564e-05,2.920644035196622e-06,0.1403529975329787,0.0066035681249331,0.0001113300371311,3.68864815139604e-05,0.0002402849601473,0.0001189682445362
2149,0.451343196748563,0.0487737876904628,0.0001224670328922,6.437209723377415e-06,0.1736979585228807,0.0035831170205666,6.823462070175991e-05,1.3211277826751687e-05,0.0002609200933532,8.006320039297695e-05
2150,0.0007532839884152,0.0001824550489671,0.0265329951651109,0.0032268872726835,0.0084388755252318,0.0018407395164033,0.0006365072173543,0.000225542024864,0.0067791556551712,0.0011029587103078
2151,0.0007382663203267,0.0002840547280984,0.1262258184596044,0.0058122869171547,0.1237940934324921,0.0043946078536694,0.0011203279312336,0.0003762629009235,0.036312258719327,0.0025151438228335
2152,0.0246691481727322,0.0020929042341605,0.2942473623355744,0.1648501131497458,0.0653176533023989,0.0242622789641971,0.0305300505690649,0.0020910414684673,0.2824575251062691,0.1539334056840224
2153,0.0007352728775625,0.000290628821588,0.143747062643496,0.0056644261245534,0.1410582555161577,0.0041581740833293,0.00122058348633,0.0003858506896862,0.0485882787521428,0.0027721679979459
2154,0.0007744913603888,0.0002305320261817,0.0271045051254112,0.0049674006438898,0.0210897100962207,0.0022487004531046,0.0008723368150332,0.0002922119709011,0.0083414032783152,0.0011881049313674
2155,0.0007649310461536,0.0001284200515285,0.0291550792325452,0.0039050230154073,0.0098861605602634,0.0012735739532312,0.0007565071958585,0.0001575642615266,0.0071952261018297,0.0007439711594537
2156,0.4617416592913085,0.0479520502197183,0.0001110043597148,6.001912701382929e-06,0.1670899490599158,0.0040212650882171,7.776611836818575e-05,1.7836701151209128e-05,0.0002283925262038,7.260178330252482e-05
2157,0.0007498061593437,0.0002208617947834,0.0291362758542149,0.0050539535959989,0.0207791972049591,0.0022202977499432,0.0009062201826605,0.0002800032194894,0.0083522658825288,0.0012795997286885
2158,0.0007738940263403,0.0001360358442371,0.0287137146626534,0.0042032649143974,0.0135445490672918,0.0017411150287254,0.0007374770906153,0.0001682207568462,0.0072410024075931,0.000932653996552
2159,0.0007443014061165,0.0002791676907247,0.0512996320023551,0.0055717343969516,0.0489395906921405,0.0035052321649015,0.0009921692040381,0.0003641253900952,0.0146287060104894,0.0018190657113498
2160,0.0011379542329009,0.0007297289791288,0.0476099835978841,0.0150298164434272,0.017285407070159,0.0052183009652588,0.0011099779388303,0.0008099519817487,0.0163523039811631,0.0035879429065449
2161,0.0015641117657525,0.001011050678651,0.1290519869774457,0.0531193672715057,0.0312757785639474,0.0085873778852844,0.0021698150155548,0.001064975341285,0.0411624577346655,0.0125170410440072
2162,0.0007526432773202,0.0002569325631787,0.0286609207494516,0.0051793137413271,0.0217036659369551,0.0026252736222717,0.0009213010378884,0.0003296772431413,0.0080841649721122,0.0014238911535919
2163,0.000738354481472,0.0002742389883385,0.1539280880088721,0.0056106140836572,0.1511613335567856,0.0040687714226366,0.0012326312875633,0.0003636638355383,0.0495317761614572,0.002770450246487
2164,0.0016810736438783,0.0002677862419865,4.326509835754184,0.0054125516195251,4.316298896759852,0.0033969770627201,0.0043788940171235,0.0003638546195222,1.79745144592885,0.0043718944419025
2165,0.0007169156150862,0.0002702494337391,0.2115570294233092,0.0056051049777123,0.2090578617714213,0.0040815057664711,0.0013279705873314,0.0003612772949524,0.0815649968201918,0.003229627278426
2166,0.0007597703450647,0.0002208843055131,0.0288883726029551,0.0048883049366168,0.0166058009522693,0.0021505217850873,0.0008669352680198,0.0002802162487279,0.0074048514551561,0.0011722120640239
2167,0.0007181077655214,0.0002856734761721,0.1838953507141615,0.0058374015540061,0.1814399577764807,0.0043417480121836,0.0012462475431133,0.0003790959430865,0.0620897055639175,0.0029907650628999
2168,0.0007758600223061,0.0002524086140074,0.0274873047941161,0.0050347217667862,0.0193790323353227,0.0022780465914654,0.0009211554957085,0.0003212005670007,0.0070903700203007,0.0013373316121007
2169,0.0011658825735766,0.0007591991690219,0.0258782582902187,0.0050023127143955,0.0161465515486333,0.005187647463077,0.0010807137814686,0.0008240390712982,0.0099270181674834,0.0028503083901484
2170,0.4275347290145858,0.0559974413753777,0.0001540394390871,8.063734303860119e-06,0.2126420971247935,0.0030866554767381,5.1724393821307e-05,1.3241872637186246e-05,0.0002564776813138,6.759942895267252e-05
2171,0.180506987389887,0.0068891309221327,0.1745947936642955,0.0150360742914913,0.2086728515693395,0.0618270793185015,0.0122293442267617,0.0039113680849099,0.1283456180772673,0.0150010563143484
2172,0.000740105314307,0.000275808397847,0.084704298731123,0.005628565704141,0.0820369376457086,0.0038754582456757,0.0010906442083658,0.0003634213736053,0.0235033662893246,0.0022023950297957
2173,0.0006758063379782,0.0004686189943946,0.0255381503615538,0.0036713875332144,0.0140868149799904,0.0033642859055028,0.000773479094449,0.0005419626787331,0.0063437186791277,0.0019465296472631
2174,0.0016688698859751,0.0002654360408683,4.544112096001462,0.0054291225503224,4.536917444284295,0.003397492940538,0.0043521461208393,0.0003620285507584,1.8708465616957628,0.0043104564311488
2175,0.0007907152448168,0.0001430017681489,0.0283394818624963,0.0036177600660386,0.0064096860098801,0.0016673275437709,0.000699706506458,0.0001780451081232,0.0071761072180963,0.0010125966050845
2176,0.0007822329813908,0.0001243760363936,0.0283614120774325,0.0035270411893257,0.0072146636643337,0.0013609101100038,0.0006673941535163,0.0001557967216831,0.0071579519012371,0.0009544146618266
2177,0.0007391355379793,0.0002469375947792,0.0281621206701714,0.0033907247815786,0.0093052282768901,0.0022250150078649,0.0006078834846195,0.0002997888726367,0.0069417422032272,0.0012807409947516
2178,0.0008341655482314,0.0002736867370244,0.8204675712893896,0.0053256490419989,0.8172997584364857,0.0035870930093006,0.0023918495388887,0.0003729403825992,0.4249699250700183,0.0045074622949969
2179,0.0007670075276113,0.0001562196807767,0.0273272570249634,0.0034388116920869,0.0074918487148406,0.0017041634506307,0.0006468367077262,0.0001960561293557,0.0069385568768096,0.0010631239724012
2180,0.0011357698442218,0.0002760738601366,1.626940018892821,0.005315935738071,1.6233531338429512,0.0034711520747649,0.0030978321040128,0.0003783035084184,0.7715169690159496,0.0044080992886145
2181,0.0014066385501292,0.0002778750217162,3.2874204291506364,0.0053157732658593,3.27978687409356,0.0034190859776669,0.0037297711371599,0.0003810045622633,1.430625978668196,0.0043471177359491
2182,0.0100266753727448,0.0012754508143078,0.387958365247608,0.2291193372590709,0.1580650266179273,0.0586180222130001,0.0156973556194737,0.0013272639829821,0.357707205834184,0.1869261766559063
2183,0.0007433070566234,0.0002955425324044,0.2574587264999114,0.0057062999296881,0.2549478282662685,0.0043282097718327,0.0013569064503962,0.000394138063248,0.0983552875337464,0.003480074825049
2184,0.0023718855004595,0.0020575520060958,0.0505588080299977,0.011440925712192,0.0346433123151318,0.015179561125015,0.0023829442444657,0.0016559182764814,0.0183683762265565,0.0067693095691744
2185,0.476783413147845,0.0410012871616146,9.23250020277432e-05,5.199340797839458e-06,0.1625579684403382,0.0048709827637895,8.897143622432446e-05,1.8016328766101614e-05,0.0002276420741238,8.415806274326424e-05
2186,0.0028006233001098,0.0009770673099592,0.1889118111953164,0.0838479751021488,0.0831597962309715,0.0212949248045992,0.0050734839835255,0.0010577996180577,0.1510946470970005,0.0498916602537326
2187,0.0007450556813037,0.0002709575883653,0.0286314326816942,0.0050665647317882,0.020156934712608,0.0026090957450644,0.0009351265014638,0.0003510168694451,0.007311337649528,0.0014088292492419
2188,0.0007211096697209,0.0005032868549689,0.0246046624715983,0.0040238707798535,0.0126999761701616,0.0034585081224662,0.0008571808189163,0.0005803339907012,0.009052015415255,0.0019922840219159
2189,0.0007266638139823,0.000276100588464,0.1133307030329322,0.0058170181090339,0.1107741297940936,0.0042267841882357,0.0011214737212584,0.0003645343674158,0.0325037400143864,0.0024267609385278
2190,0.0007656774642742,0.0002246775241051,0.0284347427631722,0.0033827549010872,0.0093987304266241,0.0021983207404214,0.0005677510847205,0.0002763894355076,0.0072776062710425,0.0013421886628083
2191,0.0014070283778681,0.0002686762515734,3.077551988682123,0.0053277982135882,3.0703813680479937,0.0034039455532757,0.0037297529464594,0.000368806341706,1.336506683288753,0.0043376546677428
2192,0.0007695222353406,0.0002716934649775,0.653761120769419,0.0053838971670304,0.650725937231639,0.0036240000359542,0.002237818100664,0.0003706137042041,0.3416581287024196,0.0043453864833223
2193,0.0008969241728731,0.0002786073725103,0.936248100533176,0.0053469983657118,0.9333840207636916,0.0035969244675548,0.0025322870364794,0.0003786020888313,0.4740738845031966,0.0046193481962755
2194,0.0386176511764443,0.0050439741883349,0.0028727150812707,0.0010875962435238,0.4185001875417297,0.0062489221324271,0.0004129641954845,0.0001120547422091,0.0028403907958259,0.0010969732773877
2195,0.0007393769373164,0.0002750694301155,0.0528993348876869,0.0055306978364259,0.0502552350036552,0.0034282688930285,0.0010469365893596,0.0003587960960586,0.0154394732520841,0.0019494926543113
2196,0.0189537924147716,0.0020758765301021,0.2293221558291046,0.0685864406039831,0.1030790169926312,0.0383501746511172,0.0192217216748495,0.0018722588330422,0.1458257294322417,0.066205828434612
2197,0.0007452257716901,0.000270968560184,0.0833845801942725,0.0058777948494987,0.0808388489314695,0.0040633777165196,0.0010574982927853,0.0003529099267741,0.0235294055335995,0.0021455340801192
2198,0.0171307427691072,0.0023072510608653,0.1909404150635484,0.0549377228790816,0.0912362384922664,0.0366101636215871,0.0169039419623644,0.0021972407933671,0.1199380486254797,0.0535266687768792
2199,0.0007410270895129,0.0002635303110951,0.0830733305501416,0.0060280333500045,0.0807717541120583,0.0041997016835133,0.0010505896846534,0.0003433683064095,0.0244892283914886,0.0021778488662832
2200,0.0007238084260702,0.0002876472518241,0.4060733717339232,0.0053887950911133,0.403573770268765,0.0038269041152353,0.0017636866400852,0.0003888692892304,0.2035389553176424,0.0041108847526607
2201,0.0007482770774919,0.0002712509604151,0.0501664070395006,0.0055304443053607,0.0479195081603334,0.0034396904413061,0.000979283453366,0.0003524421351444,0.0137015998732765,0.0017309441786854
2202,0.0007380581003351,0.0003262652348494,0.0276607492335627,0.0040385002926639,0.01150453422155,0.0031537764871647,0.0005806197858437,0.0003890412909554,0.0067903837303643,0.0016663952259057
2203,0.0008679219998591,0.0002773205492207,0.8825811606301792,0.0053510635750621,0.8790999933698559,0.0035786980427993,0.0024721147122952,0.0003790782317916,0.4512372107289984,0.0044656679603116
2204,0.0007344517309833,0.0002837824255667,0.1632251867746485,0.0057910271148525,0.1607374582012541,0.0044015141430709,0.0012086937269012,0.0003755866792828,0.0532944182446147,0.0028484929037205
2205,0.0007318562433856,0.0003487806773373,0.0286953025897604,0.0041006523592556,0.0121555327492694,0.003167958690038,0.0006199144949188,0.0004140711343088,0.0070283223872816,0.0018658622073062
2206,0.4311964169200712,0.051186667713584,0.0001312530898224,7.346518275211139e-06,0.19257467284532,0.0033279309807895,5.470065705853904e-05,1.390715703515204e-05,0.0002771300007362,7.78031098537631e-05
2207,0.0007523303771447,0.0002055591679947,0.0271318415524578,0.0034165690090999,0.0094477856505094,0.002313984817054,0.0005971639036556,0.0002515087915346,0.0067128652879,0.0014665181344606
2208,0.0007216379972886,0.0002777775433532,0.3102516438474653,0.0054974777621576,0.3078898491838691,0.0039187066187913,0.0015626808443228,0.0003731271893894,0.1430795613848332,0.0037766288255415
2209,0.0007384255189237,0.0002787446771016,0.167096973783624,0.005622620405778,0.1644899164406968,0.0040521133186753,0.0012698486521452,0.0003724051879618,0.0615476460067557,0.0029617637848085
2210,0.000735524689355,0.0002845427999456,0.228301886230917,0.0056417731227884,0.225727698022051,0.0041708815696822,0.001350428167178,0.0003816177217677,0.0883216641672285,0.0033313277372516
2211,0.0008049587558202,0.0001527092361912,0.0279480170829889,0.0033726728112801,0.007002767818366,0.0016089336771915,0.000636117933054,0.0001905548399014,0.0071189023284234,0.0011328118376374
2212,0.0007191574246684,0.0002737659128712,0.1974664158767561,0.0055873362410114,0.1950141272252066,0.0039922526615485,0.0013547469025463,0.0003663928580241,0.0798724793371046,0.003202516076864
2213,0.0007816130004217,0.0001175169386085,0.0284615479093741,0.0043890719044285,0.0149469224700782,0.0016798721136269,0.0007693209086775,0.000144829822529,0.007160639372867,0.0009344856170251
2214,0.0007684882084378,0.0002087556047086,0.0282553623399321,0.0048914300505887,0.0188275731349058,0.0020060748666459,0.0008812567910415,0.0002631028317228,0.0078252725344258,0.0011922366378047
2215,0.0007498971354888,0.0002364475663358,0.0283250272406625,0.0044694223483712,0.0095010817016001,0.0017848285371534,0.0008166147045731,0.0003012490040432,0.0071332832986674,0.0009460113353338
2216,0.4893119706555073,0.0360301557909786,9.099694066334016e-05,4.92967453780445e-06,0.1613779255566192,0.0047954154995623,9.673133914646716e-05,2.176513206741652e-05,0.0001823108192433,7.575434547385987e-05
2217,0.000789231694613,0.0001279830839927,0.0278686193035985,0.0038246585822475,0.0103027189808561,0.0014015720632779,0.0006802770278915,0.0001578074207803,0.007052120777091,0.0010117386404914
2218,0.0007821437681889,0.0005049476519548,0.0254112271581661,0.0039199557679822,0.0123585049851319,0.0034768619057586,0.0008165213619527,0.0005804946459159,0.0084440882811919,0.0020334254310075
2219,0.4100710162819275,0.0564140384127901,0.0001827494586148,9.122831698242398e-06,0.2395044407281661,0.0034811642579266,4.237639323201642e-05,1.272060336167187e-05,0.0002843615580145,7.396993772196702e-05
2220,0.5060535831793403,0.0394931138603929,6.996376671489105e-05,3.935289385561503e-06,0.1508267685485491,0.0050305581191259,0.0001118539538457,2.2272869673619906e-05,0.0002389434252134,9.413380063410684e-05
2221,0.0007451148942473,0.0002781548348609,0.0783288604521707,0.005678525627279,0.0756791296494667,0.0038270058331653,0.0010676192071179,0.0003630231155653,0.0213742510001353,0.0020979671837324
2222,0.4767825751060354,0.0448219264305816,9.999620699224651e-05,5.355642660531551e-06,0.1647769207696781,0.0038639136145211,8.951074595837477e-05,1.6710293870384713e-05,0.0002130578835909,7.348239289822213e-05
2223,0.0015105665402754,0.0002700767409771,3.358498074679099,0.0053558857999082,3.3514814786677163,0.0033759439485687,0.0039829882286888,0.0003688591569207,1.442408759440733,0.0042605660221527
2224,0.0013429199999869,0.0002719389019614,2.7101753802094315,0.0052983294576404,2.704502460414141,0.0034206392846301,0.0035806550948765,0.0003735309226612,1.201973929264216,0.0043862861996603
2225,0.000716305242121,0.0002844692703187,0.376244590214487,0.0054873463109613,0.3740613910096304,0.0038746874214022,0.0017166797367596,0.0003830836600858,0.1843481988674525,0.0040462896469625
2226,0.4900883750049656,0.0427377094823684,8.989178198493415e-05,4.835455381428507e-06,0.1598895101756243,0.0041037673518949,9.546847274586658e-05,1.975024565048414e-05,0.000183766633715,7.549483479248524e-05
2227,0.000772972755261,0.0001232806189046,0.0288772408713888,0.0034396254476154,0.0063235171978227,0.001307632167505,0.0006730496840726,0.0001551744288257,0.0072103989172413,0.0009225541285191
2228,0.0386381653460032,0.0029397530869944,0.2028954380618665,0.0728007851332308,0.1183747810667844,0.048661945063167,0.0291621379619529,0.0027838527514266,0.159163207780967,0.0705324190479917
2229,0.0009378587818154,0.0006036558368154,0.0994452243301464,0.0353023035908194,0.0260732390459905,0.005801906457036,0.000975833251445,0.0006840178660916,0.035560021416053,0.0055136656150098
2230,0.0007724820953413,0.0002372384608974,0.0280791305314733,0.0050867146455503,0.023678309540989,0.0023928585040356,0.000886257575533,0.0003020721146246,0.0090393057132258,0.0012891510604431
2231,0.0007394870923961,0.0002708782987585,0.0556813798343767,0.0056546947692897,0.0532098624190607,0.0036436156293817,0.0010244039429471,0.0003538145146281,0.0162575149827865,0.0019348028984859
2232,0.0011476252017256,0.0008310690479523,0.0254147185819937,0.0070125349087653,0.0241417351143055,0.0072419692522421,0.0012223701770834,0.0009018993342359,0.0124880857250078,0.003774841222139
2233,0.0007835341743381,0.0001224770288993,0.0283150477494439,0.0035613458882892,0.0066122459228963,0.001461950393647,0.000681284040462,0.0001524085993527,0.0071207445071093,0.0010403795841198
2234,0.0007406225670077,0.0002918522213401,0.3559982688766728,0.0054347290541834,0.3536054639406084,0.0038432103670819,0.0017064088515633,0.0003931976276913,0.1778816949868731,0.0039688152192738
2235,0.0008702960828513,0.0006068109347633,0.0698094441791215,0.0192704077597219,0.0190475070223907,0.0050504900001723,0.0010119829519187,0.0006948775521892,0.0219965509361904,0.004009463647398
2236,0.5034780903494628,0.0326557928016663,8.091044374059465e-05,4.422253258422587e-06,0.1578319763316001,0.0074524469239672,0.0001039550607725,3.282636110661967e-05,0.0002411208310236,0.0001098119398548
2237,0.4488709084014387,0.0483789023751723,0.0001260874806237,6.513569257183403e-06,0.1787662144220972,0.0036996187323101,6.555599123586064e-05,1.4310335554398598e-05,0.0002696987995661,8.231664097896214e-05
2238,0.0016172949861245,0.0002722837532068,4.572075445147172,0.0053511902775521,4.564905546866636,0.0033758364922902,0.004235181275355,0.0003720787825214,1.8747707433235827,0.0042601310444031
2239,0.0007236220101055,0.0002826653011203,0.1421259419232117,0.0056657159763352,0.1395469885280535,0.0040876480948975,0.0012495041942956,0.0003746578972496,0.0505774050851207,0.0028202923871843
2240,0.1468358364867955,0.0079889587045288,0.2630761062672835,0.0119343348235459,0.171120553324951,0.090226137244324,0.0136531088967916,0.003814304194356,0.1722548026388536,0.0119070838350168
2241,0.0007576695057673,0.0002431116703993,0.0284204469894635,0.0052425415603718,0.0261333438177938,0.00260193968775,0.0008716916795249,0.0003098851116283,0.0099098690570009,0.0013580052579277
2242,0.00072761637247,0.0002643208089502,0.0379272003946372,0.0054813332694507,0.0355878657537522,0.0032018105617243,0.0010023524222064,0.0003419887415879,0.0114426472275917,0.0017863449568149
2243,0.4993693098453948,0.0423011637084577,8.285118115803495e-05,4.430185769499131e-06,0.1575681155873173,0.0041283225605096,0.0001046713239464,1.894413482847854e-05,0.0002342056169427,8.333490177799116e-05
2244,0.4240151173883612,0.0548361583031831,0.0001587559149787,8.345212271659122e-06,0.2192164676951441,0.003459083238693,4.847950696337826e-05,1.4611049058076348e-05,0.0002580091768575,7.256021088116806e-05
2245,0.0007723161172819,0.0001774742112765,0.0286558697106094,0.0038070544719318,0.0068434462852934,0.0010946984268468,0.0007524808231232,0.0002193125886338,0.0071309739895439,0.0007844638145623
2246,0.2423120702848518,0.0070342899770974,0.1627626251738992,0.0223192097500548,0.1189902339204738,0.051438699820043,0.0161444542690255,0.0048876038391284,0.130002737046796,0.0222501607180761
2247,0.0007382718548958,0.0002743438017575,0.0778895461548534,0.0057331189102485,0.0752709966141216,0.0040607528522488,0.001045691186893,0.000361503586202,0.0219623357815628,0.0021099653125461
2248,0.0007319699149537,0.0002696906848155,0.0509182204272575,0.0054697892521648,0.048545656628696,0.0034410224214685,0.0009883794220465,0.0003508798585902,0.0138449965409776,0.001745106025466
2249,0.545345088650755,0.0351447243083455,4.745604679862079e-05,2.6179007767965847e-06,0.1338160020627908,0.0077420761575477,0.0001027615759703,4.564701471416401e-05,0.0002935872152606,0.0001356483167873
2250,0.0007753175942157,0.0001294550076775,0.0283106026855986,0.003655282643938,0.0080309460241315,0.0011635780042246,0.0006952054069833,0.0001600161873231,0.0070142384619702,0.0008433089390169
2251,0.0011682243260537,0.000696766030153,0.0521125475963434,0.0145981848310599,0.016041608813894,0.0051094818033397,0.0010601150950608,0.000771913685645,0.0131359714706025,0.0039442385354243
2252,0.0007427303475557,0.000248375860137,0.0361106432264324,0.0054889736328917,0.0334430998700449,0.0029501535553132,0.0008811320636719,0.0003175104417367,0.0120741484778513,0.0014245941951162
2253,0.4165121916951821,0.0563257704009058,0.0001726766070453,8.539176685750829e-06,0.2302521527010682,0.0032903207667383,4.5598639809941206e-05,1.4919681731602933e-05,0.0002963352463849,7.851813291413369e-05
2254,0.3748676773339475,0.063217140735616,0.00026692933046,1.3054498640027752e-05,0.2814909901943433,0.0047110751790661,4.324547443395902e-05,1.996332093011784e-05,0.0002956050399126,8.193620903800599e-05
2255,0.0010959160071099,0.0002790057924748,1.4453179953853388,0.0052818713484862,1.441556548054287,0.0034961914297258,0.0030046511871369,0.0003815467008203,0.7013338284729596,0.0045226068159008
2256,0.0009852919890977,0.0002711276461852,1.139151311670949,0.0053442999271903,1.1352440951788556,0.0035052338015928,0.0027496543830557,0.00037226912992,0.5588715467640938,0.0044143024915606
2257,0.5257993514351893,0.0383875947207667,6.284554836675721e-05,3.376852585975196e-06,0.1455185333707977,0.0067038411021501,0.000119816742087,3.087908348760807e-05,0.0002827810476306,0.0001162120895498
2258,0.0007808919095808,0.0001871067364111,0.0286367336994589,0.0034913720488614,0.0103610876878154,0.0022505561557623,0.0005591707974354,0.0002304611862329,0.0072121945915574,0.0015078310628573
2259,0.0007765083421701,0.0001061495108279,0.0271145846521182,0.0035549377701685,0.0053354370103399,0.0011478311975807,0.0007303016572312,0.0001321358524355,0.0070395376379167,0.0007684756200452
2260,0.0007251354412766,0.0002859769660457,0.3401498672533787,0.0054431708903939,0.337826471449323,0.003910010961473,0.0016308670839143,0.0003849120301391,0.1660477845054046,0.003943550659082
2261,0.5232837154541036,0.0341032040791237,5.740315528000559e-05,3.373903485413661e-06,0.1433429402535293,0.0057979259492972,0.0001118525819245,2.912717139384768e-05,0.000212492516412,0.0001015558554971
2262,0.000721127208146,0.0002724203608266,0.6023323104939485,0.0053569390472048,0.5993293370763474,0.0036293973313324,0.0021251290205515,0.0003706242936485,0.3150373780935118,0.0043099185282142
2263,0.0014962997167533,0.0002677586660882,3.500587382905035,0.0053326631417051,3.492607676283067,0.0033803092767188,0.0039410805870324,0.0003661095184171,1.5023234316961034,0.0043227928391953
2264,0.0007580966321377,0.0002068615537775,0.0291561686924966,0.0049417832332725,0.022313128967989,0.0021741559869862,0.0008156641796406,0.0002591307630562,0.0083610944235406,0.001158454737124
2265,0.0007381202392367,0.0002825561531496,0.1134920112685703,0.0056527346401033,0.1107507611952271,0.0039926335319784,0.0011492641154156,0.0003749051409546,0.0343586788546434,0.0024800134179677
2266,0.0007378675942193,0.0002570070190163,0.0479999098578528,0.0055384406503531,0.0455181546901748,0.0032699551986149,0.0009905167883376,0.00033338306563,0.0132250088836315,0.0017468053295682
2267,0.000716024722193,0.0002772711971196,0.5765620585769028,0.0053835888494632,0.5739463405369755,0.0037243266762974,0.002002191466467,0.0003763816107601,0.2981922302753574,0.0043704693063456
2268,0.0007899141043094,0.0001262466754523,0.0273135912376095,0.004164836963643,0.0144162749910779,0.0017770553254581,0.0007296421731252,0.0001566370589693,0.0069446448772368,0.00096993161606
2269,0.0015707921270997,0.0002747982118157,4.271150942260799,0.0053248554800889,4.26377925810122,0.0033725065266472,0.0041245887680593,0.0003749727806576,1.755072694023086,0.0042609572290061
2270,0.4537132344790524,0.0467422921197167,0.0001086086100039,6.059215218872974e-06,0.1700285160085511,0.0041215707960965,7.583354965179343e-05,1.940260637487405e-05,0.0002501078442901,9.226961468848748e-05
2271,0.0007557950994595,0.0002480606694864,0.031681186909341,0.0053630674894473,0.0291860323784621,0.002759223710802,0.0009382383987305,0.0003178036779513,0.0106762342314151,0.001518478429344
2272,0.0009263441341435,0.0002761747634813,1.0350759903711504,0.0053225648497544,1.031455830506586,0.0035519809672493,0.0026076816530118,0.0003771035378628,0.5198698700350823,0.0044972747579999
2273,0.0007730397131965,0.000116576106327,0.0276432455318106,0.0034358533833624,0.0062417500214381,0.0012541393721361,0.0006928081065423,0.0001465201853324,0.0072154507068071,0.0009171521560214
2274,0.0007213824489634,0.000355693215743,0.0254035417640218,0.0034605401740357,0.0111768272212989,0.0029005298748295,0.0005981878503761,0.0004204282863013,0.0065770917104702,0.0016787909269371
2275,0.0007326782884672,0.000289451131792,0.1046739009187853,0.005494657226265,0.1018571492531832,0.0039179138455673,0.0011360474548686,0.0003838696698548,0.0298873840175718,0.0023872858079791
2276,0.0007582270105816,0.000224380110727,0.0323384150246156,0.0055511172385851,0.0300943198704694,0.0028721863887992,0.0009366059196442,0.0002846842270167,0.0112083342995447,0.0016240484832374
2277,0.0007645490431336,0.0002320978237039,0.0290394689373464,0.0052370781136346,0.0271645869245652,0.0025639384659153,0.0008623008323067,0.0002947146601462,0.0099322238836849,0.0013453637436655
2278,0.0007399140860399,0.0003469027525721,0.0259027247513292,0.0035305068339978,0.0121207315083563,0.002964863665099,0.0006246309734063,0.0004106597231611,0.0064330951636311,0.0017223976690754
2279,0.0007781812861881,0.0001156248740075,0.0288871119837399,0.0038926082751207,0.0100805067986894,0.0014679720791463,0.0007062919529059,0.0001434123395729,0.0071915800866119,0.0009972937776063
2280,0.5108226324131961,0.0391733327852319,7.40207516680395e-05,4.012247813008694e-06,0.1535173914372133,0.0052166634933718,0.0001133846104947,2.672192606619948e-05,0.0001861780076144,9.344695936001142e-05
2281,0.4742105060512129,0.0440707303018007,0.0001011092008337,5.435108331872326e-06,0.1640303591327336,0.0040486227251426,8.35183859802228e-05,1.707189939833693e-05,0.0002202131924824,7.463483387092357e-05
2282,0.441530842835775,0.0487257218511597,0.0001254604652087,6.777062408015438e-06,0.1836067670994546,0.0038255963263101,6.17277532347786e-05,1.6273363331533013e-05,0.0002702535187993,8.446731598432938e-05
2283,0.0088098483626632,0.0012082363674339,0.1831400257791582,0.0846496497645344,0.0860383403584747,0.0260401347526503,0.0128285918010929,0.0012930324981312,0.1613498005906775,0.0776034669442088
2284,0.1305763233894681,0.0072869563689714,0.2293002824159645,0.0136458724403883,0.2369066729758287,0.0618729392105443,0.0127480610177286,0.0039306825673596,0.1791287810300498,0.0136178126332262
2285,0.0007433387170658,0.0002443545376783,0.0281484777642985,0.00330414007603,0.0099434145133068,0.0023210998345221,0.0005262503748814,0.0002981765316599,0.0068481666645974,0.0013794858945375
2286,0.0007859804915164,0.0001312389761603,0.0278669633706305,0.0036512677504658,0.0081260250490454,0.0014440071575683,0.0006665009658327,0.0001633627643847,0.0069950793612836,0.0009955864777076
2287,0.0007855791652207,0.0001197293144472,0.0287107229051251,0.0038662697598409,0.0098540760642072,0.0017342091177619,0.0006871802913785,0.0001491981292181,0.0072820294755892,0.0010817020131804
2288,0.0007385744179969,0.000279086319947,0.0681283886769005,0.0057943830099699,0.0659452082657204,0.0040150760026253,0.0010053081979983,0.0003651588266466,0.0187951359309602,0.0019515618988707
2289,0.1110452852279871,0.0060050994231577,0.1604484457939851,0.0484277401642455,0.1117573955582392,0.0579693005257153,0.024779892429115,0.0049231778122241,0.1182998096142023,0.0480975163496138
2290,0.0007807878740867,0.0001374785058701,0.0280424654486612,0.0043283784228907,0.0143854603828578,0.0018504607043661,0.0007522366652831,0.0001698579166982,0.0071410174964277,0.0010683286671983
2291,0.0014322032895026,0.0002768035981975,3.3479613812253173,0.0052992733991491,3.3398539226632296,0.0034125962011325,0.0037894034070784,0.0003791763565123,1.4509619759353194,0.0043421181772565
2292,0.0007305307755527,0.0002591059889314,0.0360162191320894,0.0053508304321243,0.0337246931531763,0.0031380050350428,0.0009569227330578,0.0003371739956163,0.0105827358452236,0.0015885404712654
2293,0.0015126973414784,0.0002714973926579,4.119993908631911,0.0053295851911011,4.112728404854224,0.0033936772540381,0.0039784941316772,0.0003719924441555,1.716583535454624,0.0043042524530592
2294,0.0010547694692553,0.0004992164473827,0.0716708824079355,0.012513720213717,0.0165174797885144,0.004301297030001,0.0018083702097916,0.0005771259855983,0.0194953494071204,0.0028761259748912
2295,0.0007548978534529,0.0002081659658019,0.0291201671242709,0.0043151800408223,0.0102433880692006,0.0014990276371642,0.0008012762718327,0.0002624485260815,0.0073014840931242,0.0007903575634801
2296,0.0007639006161545,0.0001490304557131,0.0291282335844514,0.0037860420749009,0.0062821887721451,0.000982132622541,0.0007123790287077,0.0001843746960792,0.0073351379696884,0.000783309171307
2297,0.0047364894248065,0.0011325908864334,0.4020300966234099,0.2763289539108843,0.2219781501194447,0.0629203825953335,0.0091908996907824,0.0011905425392495,0.3116390457458035,0.1112329807236206
2298,0.0011984375129308,0.0007135569560463,0.0246467216972453,0.0048584771232578,0.0151744342377392,0.0042053722951524,0.001070236874505,0.0007873186025814,0.0075547153515267,0.0023459931186743
2299,0.0007549137641415,0.0002228748281186,0.0282173486542046,0.0051905073204942,0.0255951198194177,0.0024692916655002,0.0009019993521377,0.0002822441231184,0.0094466469177153,0.0013618847213147
2300,0.001160516079445,0.0002791147068738,1.8077577634571336,0.0053108449114003,1.8042195643744576,0.0034827408835238,0.0031540084370356,0.00038328017206,0.844582378754816,0.0044594671911927
2301,0.0007191451545852,0.0002858959445531,0.1305893574593762,0.0056402069185329,0.1279325710862685,0.004033941814939,0.0012032996383892,0.0003797790904291,0.0443196702890636,0.0026810112768162
2302,0.001577445940434,0.0002712147620647,4.726200498683155,0.0053114324903485,4.719164665721907,0.0033814653780769,0.004134482606289,0.0003709981608713,1.918678530859028,0.0042759150977476
2303,0.0016975416800079,0.0002735891347967,4.350850176337669,0.0054343040695648,4.339881473914285,0.003404061311556,0.0044201083673322,0.0003711050988798,1.805961098886548,0.0043744085084489
2304,0.0007256715872529,0.000280179827362,0.1646332800822402,0.0055194339867747,0.1620022390091899,0.0039087945323249,0.0013145205817206,0.0003741611098384,0.0637006152246831,0.0029846472572285
2305,0.0014188842916222,0.0002727309455952,2.993230888998146,0.0052894201989851,2.9862428354719643,0.0033996834358643,0.003758888078623,0.0003731105253471,1.3078771543677543,0.004306395831325
2306,0.0008852201011292,0.0002751360257726,0.9367871131517,0.0052977185333869,0.9331928520784768,0.0035678337807296,0.002512968488671,0.0003759636713404,0.4776079370652262,0.004477203057349
2307,0.0007302615181634,0.0002796578560487,0.1183683153085607,0.0056937556585269,0.115789107132343,0.0040935277665693,0.0011833016360343,0.0003699476299357,0.038562679289739,0.0025997897713125
2308,0.0014169321676428,0.0008913575449574,0.1951724957481948,0.0935588418547522,0.0677721457957531,0.0144513049625351,0.003188441471299,0.000973683475576,0.0857053868821336,0.0178842810637402
2309,0.0007808612569397,0.0001216888295024,0.0274631082586497,0.0036406039328605,0.008574563716633,0.001539166054833,0.0006845429178973,0.0001525748688309,0.0069557658089711,0.0009965573150454
2310,0.0007715779358855,0.0001807064299255,0.0290486965241483,0.0041344529120065,0.0076102653119815,0.0012174627320452,0.0007685240489266,0.0002255969141527,0.0074104420209314,0.0008036232782702
2311,0.000729711006106,0.0002837690233634,0.0911531094472815,0.0056701086418285,0.0884721110488584,0.0040488884209064,0.0010943824022179,0.0003733771986996,0.0257496757934139,0.0022445784802068
2312,0.5420078501143248,0.0273419715985918,5.018093992937418e-05,2.9464020476222268e-06,0.1362549051087512,0.0109444389896582,0.0001651668613501,5.189238596825537e-05,0.0004124745850224,0.0001507859915162
2313,0.5256664018134968,0.0357812286067149,5.6832676176869366e-05,3.3049050449974368e-06,0.1418881543310928,0.0076317137549709,0.0001092719237593,3.2944528555754294e-05,0.0002727563640438,0.0001233056954341
2314,0.5483584773804626,0.0331922918085595,4.430655286253189e-05,2.544142412322922e-06,0.1293411019917539,0.0078965961359874,0.0001077430434909,4.759462351781693e-05,0.0003226862926938,0.0001441960939875
2315,0.0007530291947361,0.0002134092490912,0.029019115275135,0.0042986831322066,0.0156513344863181,0.00157661522852,0.0008010866235685,0.0002692562149172,0.0073907445230103,0.0008178038272307
2316,0.0007263213748226,0.0004525931885794,0.0252494752224317,0.0034819694996043,0.0141739128313489,0.0030960757833992,0.0007806486731776,0.0005268487692427,0.0064596632575865,0.0016349690962799
2317,0.0007812477836161,0.0001658209871662,0.0293211946353709,0.0045461990608522,0.0148884693302633,0.0020499390129621,0.000797300181848,0.0002043419063834,0.007379596330735,0.0011249393543524
2318,0.0007324652069468,0.0002790306705255,0.1321273632458594,0.0056965370784971,0.1294596814931401,0.004105193017215,0.0011871840118919,0.0003705464800191,0.041541752309402,0.002632871492856
2319,0.0007612198404978,0.0001863030592473,0.0292843686666152,0.0043481474266871,0.0104446394138027,0.0015320905203637,0.0008082410829667,0.0002315414891415,0.007318494032961,0.0008653634798742
2320,0.4620841456678148,0.050169206943529,0.0001115425508811,5.911532318982147e-06,0.1670791604255923,0.0030939704097813,7.832289720919074e-05,1.4258344487840964e-05,0.0002331088271633,7.345890003796842e-05
2321,0.0007053471158308,0.0003251906285018,0.0262237778233186,0.0034957489715245,0.0087681444696358,0.0025986683862123,0.0006383849899224,0.0003862466377352,0.0064028782896674,0.0015569815230101
2322,0.5357336085264434,0.0324903132414615,5.536925276328166e-05,3.0657270866572526e-06,0.1399778055639486,0.0070455136610838,0.0001054464294023,3.618616852614136e-05,0.0002157825295482,0.0001193958622043
2323,0.0007412556537901,0.0002793147470278,0.0526751163296222,0.0056994300761715,0.050472658817904,0.0035896125986572,0.0009848301485323,0.0003631819521438,0.0149965330157,0.0018298680603933
2324,0.4470994641754123,0.0532858799917329,0.0001286624279753,6.670219417872551e-06,0.1800753563442157,0.0032415337371146,6.57583758727612e-05,1.5002655804187015e-05,0.0002433352063807,6.706685789935226e-05
2325,0.0007713847924192,0.0001404306030394,0.0293373875835088,0.003768190001759,0.0075547912970812,0.0017162712092061,0.0006541200082461,0.0001743483533354,0.0073064401902732,0.0012196215971689
2326,0.037917563168834,0.0037281394146991,0.2847135147671809,0.0316635045510851,0.1610458011242931,0.0495039528485636,0.0170803029216841,0.0031411701653915,0.2242968689328512,0.0314489143907669
2327,0.0007167408503811,0.0005023251278564,0.0291827537805624,0.0073636329360188,0.0143945534469221,0.0040636911376995,0.000853878299316,0.000580178012502,0.010071146315021,0.0026674108994225
2328,0.001701721080707,0.0002629032024075,3.5130801685702275,0.0054613847734338,3.5026210969552447,0.0034523111154944,0.0044202610246028,0.0003572138784662,1.4931632764308038,0.0044692000812024
2329,0.0024054540943716,0.000848438948233,0.1963500920132555,0.1195740477786976,0.0723693782640168,0.0181787211799257,0.0052598145307071,0.0009440086583233,0.1205913684703043,0.0299165653005858
2330,0.000750251299692,0.0002109045168547,0.0289933480758394,0.0049431623343109,0.016958126414784,0.0021684419711945,0.0008878151524206,0.0002659538586124,0.0073947865448388,0.0012276923902678
2331,0.0007770751840698,0.0001755270355483,0.0280295602447377,0.0049499771453838,0.0184504868999804,0.0020361067096315,0.0008651532728759,0.0002183062550065,0.0071793826653801,0.0012132256354276
2332,0.4400566906053066,0.0479400457049782,0.0001207439750593,6.75808452125235e-06,0.175465948602688,0.0035483536588419,6.721330014391971e-05,1.425524063435028e-05,0.0002463374344405,7.009427213089632e-05
2333,0.0007817486547255,0.0002229259938379,0.0272087453720364,0.0052588046980798,0.0258568141841351,0.0025381423668977,0.000838883732883,0.0002803342059894,0.0091373162098369,0.0013561437764344
2334,0.0010512765264145,0.0002795029291963,1.279242530671761,0.0053299373949389,1.2755608301242145,0.0035157809336801,0.002899874916288,0.0003826107389127,0.6217638736282911,0.0044573079206297
2335,0.0007450522143496,0.0002887392075068,0.1824591818375408,0.0057813792909128,0.1799348874410131,0.0043638080501018,0.0012495664933073,0.0003841110199783,0.0643660862847617,0.0030400418731972
2336,0.0007612629867716,0.0001383998713779,0.0296692456651026,0.0040236508894254,0.0120582370416731,0.0015283480250588,0.0007372086115153,0.0001712001110263,0.0074973434626805,0.0008692232297507
2337,0.0014147846363033,0.0002707121581212,3.369328651041275,0.0053550446903629,3.36219285438524,0.0034053524349671,0.0037476762054948,0.0003720976035915,1.4465811115470548,0.0043244985681551
2338,0.0007359652204375,0.000285782007547,0.1162202451437389,0.0058152888774285,0.1135348368885074,0.0042659940566946,0.0011260337511177,0.0003767624770276,0.0336457800353029,0.0024463039587028
2339,0.0007624802877864,0.0001832287386138,0.0294156613588347,0.0049162695322897,0.0187921609616119,0.0020541348218087,0.0008205493840775,0.0002295586244922,0.0074623445021432,0.0011454067789018
2340,0.4740325541263674,0.0462190674474799,0.0001014315307307,5.453370746063348e-06,0.1650612088407523,0.0037695476212029,8.676149816211915e-05,1.7185247245815156e-05,0.0002238303348205,8.01634613098807e-05
2341,0.0007088162415693,0.0002774430850477,0.3174289825206002,0.005429363731452,0.3148647832565117,0.0037268454360501,0.0016957741609213,0.0003745441718912,0.1575836435749189,0.0037761081841534
2342,0.0007329545915107,0.0002862200879575,0.1170457192914325,0.0056194788637879,0.1142191540962341,0.0041059023947914,0.0011493758494545,0.0003803095923128,0.0348604200316985,0.0024912633328063
2343,0.0015033170958267,0.0002682191505464,4.215905826335191,0.0053104563789965,4.208623943348675,0.0033958026250051,0.003956327209994,0.0003684611031481,1.7494987935883712,0.0043164033660946
2344,0.0357041849988767,0.0029325543770279,0.1480892020165929,0.0724052595196873,0.1220545928850802,0.0470150703950136,0.0290193788896467,0.0028301061243154,0.1394909237218575,0.0705692589912247
2345,0.0007636941886008,0.0001733653279341,0.0293032854489793,0.0040584057957379,0.011337684041107,0.001320147980714,0.0007358336557698,0.000215133811417,0.0072556227166088,0.0008606784214602
2346,0.0012695478593186,0.0002751022679259,2.227158794496643,0.0053140265512441,2.224230496957464,0.0034361699161989,0.0034087479304017,0.0003768214647031,1.0165392958391657,0.004394706360674
2347,0.5057882280583699,0.0399864583163239,7.877861430340338e-05,4.228954851841502e-06,0.1570278739942402,0.0052806930396565,0.0001087597208685,2.2927000533813068e-05,0.0002016612207474,9.200372288167691e-05
2348,0.537122499336489,0.0374269787849769,5.488117488284855e-05,2.9733457299824288e-06,0.141266099944269,0.0062657097576844,0.0001137222589462,3.2572146316607673e-05,0.0002583911677302,0.0001109717008874
2349,0.0007682021185682,0.0005624920700756,0.0596988790334706,0.0244254275629529,0.01730200165283,0.0055556818180982,0.0012940583146393,0.000649161982348,0.0231276146499258,0.0058501948713647
2350,0.5227806828744437,0.035667679344624,6.436769174843862e-05,3.519098937622847e-06,0.1439207568817505,0.0071232458387615,0.0001102581626873,2.9149611342797625e-05,0.0002757131812245,0.0001135110555931
2351,0.0007379676880037,0.0002894247065346,0.1881296489390931,0.0056585719978224,0.1855059269486264,0.0041422483577043,0.0012891509600083,0.0003853261290089,0.0682527925721816,0.0030643924624278
2352,0.0007232040652174,0.0002860981732184,0.5881141440326854,0.0053651439082849,0.5852109951194278,0.0036732685990829,0.0020837162226614,0.0003881807041722,0.3058745769983814,0.0043045611785516
2353,0.0007379205616354,0.000259419418388,0.0709220259125581,0.0058066378482688,0.0686419437799651,0.004027004460417,0.0010218817224644,0.0003389938433453,0.020063783689691,0.0020279307231186
2354,0.4710831176296551,0.0448982217397684,9.737205045504134e-05,5.401516797986199e-06,0.1657244024144356,0.0043232739545288,9.065765114407656e-05,1.7074850135254527e-05,0.0002608709074483,9.19964834748709e-05
2355,0.0007728726913421,0.0001373350586608,0.0286278051183909,0.0036178412333675,0.0059431436873406,0.001248868124704,0.0006992358472219,0.0001697617150722,0.0073491789457298,0.0008975103679159
2356,0.0007859909742233,0.0001188248999946,0.0293859350008133,0.0034189558626902,0.0075444574920056,0.0015475885156569,0.0006336662893743,0.0001492183500333,0.0073978857125668,0.0011846233470391
2357,0.1726961685286556,0.0084607927050852,0.2563263212298243,0.0524220740265782,0.1453818233389231,0.0790780366833142,0.0231773550742081,0.0062730874915057,0.2333315925955238,0.0522541107786332
2358,0.000735972052205,0.0002874346054029,0.1112621495615848,0.0056575438132055,0.1086537018304801,0.0040721373811331,0.0011610465397252,0.0003804567801604,0.0342944846415074,0.0025184622926706
2359,0.0007579427063305,0.0002173225994529,0.0287241089138538,0.0051610686963654,0.024826687911265,0.0023791880811452,0.0009147022360841,0.0002751063323648,0.0093576111779647,0.0013557387029894
2360,0.0007827143118556,0.000124259199376,0.0284062365114161,0.0034961359562715,0.0075999162608273,0.0013860220067617,0.0006319198516203,0.0001564762761328,0.0072296437459924,0.001036723733567
2361,0.0007716830409326,0.0001136470648356,0.0290425527852516,0.0036050662232713,0.0053860628587794,0.0010956093243336,0.0007156168140046,0.0001397299966737,0.0071942359868262,0.0008223248166442
2362,0.4752862049519086,0.0448210507719878,0.0001005520295858,5.346658627031871e-06,0.1645429806596931,0.0035699198247306,8.764885377719628e-05,1.5613194513847244e-05,0.000237737366845,7.789863216458915e-05
2363,0.5066664855975237,0.039425222939279,7.623192655960206e-05,4.053761082006226e-06,0.1528676599645359,0.0053600842845597,0.0001065223871255,2.3077468504696883e-05,0.0002345496434001,9.43785120482285e-05
2364,0.0007287824278161,0.0002778555117648,0.299773159512049,0.005491246779457,0.2973001763591864,0.0039277826035195,0.0015492306789393,0.0003745851101763,0.138230522778811,0.0037413427889839
2365,0.4709112305877925,0.0470323658997801,9.884599810659044e-05,5.490044763574908e-06,0.1641566893488358,0.0034666985695826,8.655368641326601e-05,1.5226131506066178e-05,0.0002293524178844,7.748174387889265e-05
2366,0.0007372703507345,0.0004056112724363,0.0275444603424171,0.0049173285695231,0.0146639951877048,0.0039043965812439,0.0007523738530436,0.0004770661657508,0.0088729344545166,0.0022775945885216
2367,0.0007314494377387,0.0002744133232506,0.0732641688543807,0.0055769878507537,0.0707130990365919,0.0038250458933599,0.00105438544603,0.0003607672330968,0.0197766909644631,0.0020677730011283
2368,0.0007238642812937,0.0002785181473407,0.1266700553850045,0.0055296991724847,0.1238930083238116,0.003918656273539,0.0012118969291758,0.0003710905667057,0.0421309105358764,0.0026469928576
2369,0.0007281248855576,0.0002821646812029,0.4046053104269789,0.005460677630633,0.402408773472205,0.0038949925043826,0.0017258267062449,0.0003806551992576,0.2003380386161405,0.0041519132629488
2370,0.000754950129309,0.0002457991513821,0.0288358165095407,0.0050485835260664,0.0226234532326713,0.0024210932589642,0.0009082963151702,0.0003140765341326,0.0088283840417984,0.0013069520915822
2371,0.000762885613936,0.000204483216608,0.0276068739466872,0.0047935641926559,0.0203258323634694,0.0021729346588824,0.0008029659004405,0.000256825579844,0.008306127347701,0.0011483089271115
2372,0.0016787555953656,0.0002703767416441,4.355802015614368,0.0053974234266858,4.346851117990431,0.0033853773233263,0.0043779823951594,0.000367674581345,1.806056277625784,0.0043103469520394
2373,0.0027621497946107,0.0014745030507213,0.2467019645064045,0.1201107071692883,0.1135472485298233,0.0499227384294045,0.0051760792607564,0.0013515415777428,0.1739340461987202,0.0655872287793724
2374,0.0007694792606722,0.0001332805135107,0.0290589511630965,0.0042015357893597,0.0137232969214179,0.0016314712038691,0.0007702623810151,0.0001633569587338,0.0072934459435874,0.00089197135137
2375,0.0007454960634323,0.0002880225954416,0.0937579580270149,0.0056934560768334,0.091145794020224,0.0041010121088149,0.0010842511065677,0.0003799437492364,0.0266862307716717,0.0022709007783143
2376,0.0007790486454936,0.0002703040274917,0.6332927510481096,0.0053379098181139,0.6305078571458105,0.003625659793681,0.0022563782940062,0.0003677575156414,0.3348676798200697,0.0043401187408259
2377,0.0007424672851779,0.0002751399354391,0.0397089607659464,0.005444703232387,0.0373166850454216,0.0031251183128983,0.0009944178585342,0.000356065894124,0.0117054044796014,0.0017515110785272
2378,0.0007636205986269,0.0002071854211231,0.0288220593769225,0.0039837108209056,0.0086447184087658,0.0011577887554403,0.000749593090448,0.0002589499183647,0.0072644282128669,0.0008481651425759
2379,0.1792750484024778,0.0064744150498835,0.1659879363820039,0.0290721253810239,0.1031171893380314,0.0481708574424511,0.0162060593750848,0.0048667425426102,0.1282528022387527,0.028939119381365
2380,0.0011186565354546,0.0002746768674536,1.5425384834151343,0.0053260988807488,1.5390515766815245,0.0034962761371167,0.0030542756247308,0.0003767912589331,0.7327139347956342,0.0044654586713274
2381,0.4563695038607479,0.0467338438286867,0.0001157995568552,6.219699181436048e-06,0.168979596044963,0.0037586726008504,7.417894465310511e-05,1.4042224308724686e-05,0.0002521308321557,8.318240310882958e-05
2382,0.3385348102944289,0.0065101145909804,0.1744446361005304,0.0165790298063689,0.1364110794043599,0.0509861770485402,0.0126371933034684,0.004153939618884,0.1259786236940253,0.0165479036152328
2383,0.0007705380157354,0.0001154741196087,0.0287515763966473,0.0035828104643294,0.0072749825097819,0.0013383105324135,0.0006722334933507,0.000146595254646,0.0070962420553439,0.000949638601851
2384,0.0234855461843527,0.0027538267989876,0.1850995200933156,0.0521891364954366,0.08285960272461,0.0361354621854852,0.0199284716133183,0.0025686506601402,0.1375282339686889,0.0507977347772382
2385,0.5268215750294739,0.0288674129150757,6.244515096615207e-05,3.5656107577608263e-06,0.1456424851139478,0.0093259209787673,0.000119866993112,3.354833954868125e-05,0.0003034941439827,0.0001139773255772
2386,0.0007535962615889,0.0002413783782577,0.060878697068556,0.0058923091158801,0.0587029928874751,0.0036182499622576,0.0009906183250728,0.0003110365927597,0.0182030876805878,0.00187853023625
2387,0.000749983215524,0.0003487819385665,0.0246807593809828,0.0034691386931432,0.0128688115400289,0.0029305646425326,0.0006347586678284,0.0004123624799905,0.0071862180704794,0.0017797520786221
2388,0.0253741550528752,0.0028404876095918,0.2529614436718814,0.0664375055680492,0.1037264769940162,0.0437095195618223,0.021188457289721,0.0022158364952842,0.1648734909635155,0.0650650600778067
2389,0.4993166345656969,0.041783405406577,8.319489725957078e-05,4.453260161640214e-06,0.1585067839932976,0.0048111753030124,0.0001073222814191,1.986651169405944e-05,0.000265367090429,9.396604640100504e-05
2390,0.0009106121622583,0.0002730019023109,0.9635558042923906,0.0053255589933783,0.9598521301361648,0.0035374224668887,0.0025750903630489,0.000373742583142,0.4866288855569196,0.0044508822554049
2391,0.000728041430341,0.0002803173166834,0.6645708609032561,0.0053502825639916,0.6616469415188978,0.0036615367261784,0.0021273889688871,0.0003801122100158,0.3462671693448853,0.0044310416394835
2392,0.158142347780533,0.0058341233142376,0.2538029188865585,0.0346958075460048,0.1035964358144102,0.0496983885791721,0.0179110639627909,0.0042261155464792,0.1991374164855131,0.0345401755289995
2393,0.000814539018471,0.0001279876497752,0.024889033276958,0.0033297208728543,0.0062976747089746,0.0012674958957404,0.000701539458291,0.0001601205528792,0.0062941343321688,0.0008215420626332
2394,0.4538927190208729,0.0481138553883272,0.0001072947217716,6.191580183324132e-06,0.1683762534014738,0.0042091777399529,7.613386316630415e-05,2.028494276232732e-05,0.0002492137109186,8.577271281787571e-05
2395,0.0007256314588728,0.0002775774660418,0.5318216334889885,0.0054297588835644,0.5293030432993746,0.0037186546018346,0.0019744165659616,0.0003764893999157,0.2717789115804208,0.0043126289567084
2396,0.0014366366628206,0.0002686751300418,3.2438266259775763,0.0053399828462553,3.236499159028054,0.0033894294655234,0.0038037160812277,0.0003688698676516,1.39846695743495,0.0042865829068565
2397,0.0007483954788497,0.0002537964334563,0.0304475894692397,0.0052736070575526,0.0280867216188086,0.0028018138752731,0.0009113065949081,0.0003263758966884,0.0102477375336534,0.0014517654455137
2398,0.000721886448539,0.0002864437286725,0.3599040044230177,0.0054354798349282,0.3574565548270412,0.0038443625989922,0.0016804670499198,0.0003863000734306,0.1778689342826671,0.0040121692546724
2399,0.0007544271852846,0.0002048548921937,0.0290583701818196,0.0047566290334375,0.0196081005424696,0.0021976326804936,0.0007757808983664,0.0002581041819581,0.007321905632083,0.0010667346577114
2400,0.0007681447692069,0.0001816874597805,0.0293918926596455,0.003878384762122,0.0106398300028619,0.0010129633488281,0.0007430225129021,0.0002260878150469,0.0076465085348016,0.0007219375221146
2401,0.0007305030772809,0.0002836278532184,0.5066618465716742,0.0054510677500234,0.5043170291272866,0.0037972076842125,0.0019259908013477,0.0003839421709319,0.2586518941248085,0.0042983068861883
2402,0.0007232846364555,0.000287530687706,0.1069424298416682,0.005715935925547,0.1042208946869907,0.0040342291411506,0.0011482563555089,0.0003791634319655,0.0314549801136971,0.0024268508535077
2403,0.0007347035257619,0.0002761399192663,0.0742844027153886,0.0055690121712129,0.0717315784714382,0.0037924832896989,0.0010875173650197,0.0003633166595291,0.0214329374731396,0.0021828029359394
2404,0.0007755530098964,0.0001260949413548,0.0291357525885964,0.0038047768448209,0.0071712720445575,0.0014340149346982,0.0006872942346959,0.000156688702956,0.0072527317031687,0.0009764304705188
2405,0.0020707547418094,0.0010666625567204,0.1993295730060452,0.1187862685607779,0.0778465602931736,0.0238008466241848,0.00447837636734,0.0011212577290791,0.1126005559878277,0.0311565853188781
2406,0.0007367403027974,0.0002585694212927,0.0326982768425337,0.0052378420760925,0.0301313531908422,0.0029375366846455,0.0009879560866604,0.0003377396477508,0.0095543005884801,0.0016552362209568
2407,0.490351196253129,0.0416381908787947,8.078178011227816e-05,4.676388934611888e-06,0.1571063896693488,0.004436043775211,9.45326715265699e-05,2.2883767681482864e-05,0.0001687108572362,8.216361051119167e-05
2408,0.527655252481923,0.0388011211806149,6.0990166522322994e-05,3.317721936462448e-06,0.1426314372664952,0.004805429639498,0.000108985270488,2.7319867668942717e-05,0.0002177573246012,9.787215674786896e-05
2409,0.0007734758177813,0.0001510028839944,0.0282376795579159,0.0038886984779678,0.0089879380042065,0.0011041001900248,0.0007309586121692,0.0001872874225865,0.0070212969720293,0.0007882068661136
2410,0.1552470171008713,0.0060047291284962,0.3470517033725774,0.0332098432461629,0.2170698062982569,0.0476922509288077,0.0161961902148771,0.0046921640447339,0.2978312299905905,0.0330539703202153
2411,0.0010945830604554,0.000267615999571,1.5114458214433322,0.0053235122093869,1.5077300614958429,0.0034942199672622,0.0029988744046555,0.0003676381909719,0.7273070458389324,0.0045126998465821
2412,0.0007668530631121,0.0001497034469191,0.027402006373239,0.0035252939267788,0.0076415116864321,0.0018171920437508,0.0006541542144052,0.0001866693599757,0.0069448304721435,0.0011283123997834
2413,0.0007308801888562,0.0002840111127209,0.2372105680454833,0.0056431519764977,0.2347715455291644,0.0041081828202873,0.0014072204571507,0.0003800030385037,0.0999397866149237,0.0034754567369423
2414,0.0007234471314786,0.0002790933568988,0.5566739617782234,0.0054087443320945,0.5544267431740522,0.0037529655139685,0.0019986611900034,0.0003773430843104,0.2826893584573588,0.0043572623131211
2415,0.0007527442429637,0.0002325842323045,0.0284236220486773,0.0051371893830427,0.0223624836550084,0.0024118865784939,0.0008944221989997,0.0002961176031382,0.0091058678502311,0.0013654425012614
2416,0.0007576879336712,0.0002461326872646,0.028586405321223,0.0051295598826451,0.0248187501560838,0.002562351704453,0.0009102830287043,0.0003147982102688,0.0093941339841698,0.0013363946845869
2417,0.0007210283340653,0.0002832038369868,0.5634792121022555,0.005400942641833,0.5608400499785908,0.0036859585188037,0.0020978642822302,0.000384005674803,0.2947373991709158,0.0043105442190906
2418,0.0007796757656014,0.0001308019548177,0.028953138124934,0.0036639757156932,0.007507512723528,0.0015848815155961,0.0006863267304977,0.0001632348774348,0.0073556494386996,0.0010250770066032
2419,0.0179394179789523,0.0020063797129748,0.2738885543036892,0.0654301684831352,0.1078525725609183,0.0392896664339512,0.0195642244710444,0.0019692779352511,0.1668087331917943,0.0628362050663903
2420,0.0007716703727026,0.0001788194784937,0.0285416973824148,0.0043495058566762,0.0122710162257382,0.001601104184491,0.0007849692775099,0.0002226928135578,0.0073073378454884,0.0009118919241316
2421,0.0007785287701551,0.0001426811029525,0.0284879375183835,0.0042638872728383,0.0136154372945521,0.0016641140282438,0.0007792406622845,0.000175735488807,0.0070842019564533,0.0009337548795495
2422,0.0012243816541519,0.0002816203513433,1.8583762780096236,0.0052799598051595,1.855319249898065,0.0034585330107692,0.003301090034804,0.0003846632806517,0.8682615941934559,0.0044119199857662
2423,0.4955229065121775,0.0424450643208401,8.494726410734378e-05,4.685143900648096e-06,0.1596142670370445,0.004062156740372,0.0001030761405431,1.830120082942845e-05,0.0002336618732873,8.620881539507198e-05
2424,0.005750551054229,0.0011191579771823,0.1445740600335976,0.0938767836668815,0.055584775581575,0.0243608921576188,0.0091272269086311,0.0012094699911416,0.1302045298802307,0.0795606101457104
2425,0.0007491256282894,0.0002501162610054,0.0369079406898552,0.0054962808932768,0.0340287485288057,0.002996060967177,0.0009677962402148,0.000319939097582,0.0122300443259392,0.0017282575738739
2426,0.4401761804705789,0.049475128988441,0.0001192123060748,7.076885746232181e-06,0.1732749765557395,0.0034255924852498,7.018793314575875e-05,1.5003491998143352e-05,0.0002344645629176,6.64059226656394e-05
2427,0.000721658757284,0.0002898846436687,0.4632841037306856,0.0054962307502766,0.461331415082798,0.0038876644457552,0.0018313920315742,0.0003899846832809,0.2330175187616308,0.0043431614539991
2428,0.0019870647141886,0.0002714846995742,6.764332710979874,0.0054899356333639,6.727934766786435,0.0035239708993776,0.0051053535131136,0.0003676459804926,2.582789023486539,0.0046145088124184
2429,0.0007681951011032,0.0001264547418787,0.0294657110797587,0.0035597869864895,0.0083740339406758,0.0015137929370806,0.0006217409784585,0.0001599315090715,0.0074030763215483,0.0011319300319633
2430,0.0007479848865723,0.0002144747927091,0.0269539633472673,0.00334193928006,0.009167959592608,0.0023634515733818,0.0005192655106665,0.000263598329446,0.0067074577212315,0.0015269845812169
2431,0.0010949430307682,0.0006723404042348,0.0249944169523616,0.0050955200243062,0.0148480497932549,0.0039785597700024,0.0010431441530921,0.0007458542746808,0.0086905678199447,0.0022612192627962
2432,0.1289224674787066,0.0074142967344658,0.1578220808308589,0.0135205853640968,0.1375398913848876,0.0651872353636431,0.0121445482518433,0.0039970534559382,0.1135369113305275,0.0134912870043155
2433,0.0007395895375142,0.0002753910412554,0.0403668473034494,0.005384710471476,0.0382108402367189,0.0032724853736703,0.0009491482984373,0.0003589273885778,0.0114253776553493,0.0016282437503937
2434,0.5271800104942783,0.0384589081371121,6.211154109403143e-05,3.410037619682359e-06,0.1451192674852259,0.0056173787872856,0.0001156476607788,3.031743633907831e-05,0.0002450500935219,0.0001080653149759
2435,0.0013753772121307,0.0002720005891469,2.819152248632909,0.0053603892306001,2.813418152461625,0.0034087735606464,0.0036564281341651,0.0003732667029017,1.2448069526449688,0.0043148771865282
2436,0.000737252296379,0.0002582320578881,0.0697943622902056,0.0056711280488771,0.0673830475930108,0.0037892928970304,0.0010359247664659,0.0003383442131944,0.0190552874188672,0.0020122353995511
2437,0.000721750230521,0.0002790236200369,0.2167722328014571,0.0055339558435534,0.2143805880083865,0.0039486745296197,0.0014549425570535,0.0003747928642354,0.0976775421099673,0.0034145735908653
2438,0.0011070551039917,0.000758871246202,0.022673232647755,0.0050297891515003,0.0174709327621619,0.0043055071371036,0.0011688010224878,0.0008310980491206,0.0077556897119817,0.0025097626832069
2439,0.0007384511515523,0.0003438652826028,0.0260372220885581,0.0033978231857877,0.0118144896538636,0.0027612170682964,0.0006105899307475,0.000408568022863,0.0064240046097008,0.0016102753719521
2440,0.0016436228770768,0.000272435594263,5.522747966599192,0.005334881514762,5.516511578486171,0.0033834270194188,0.0042921545281881,0.0003735578871599,2.173851868915776,0.0042560787626085
2441,0.0007200047569013,0.0002570386939588,0.0270112514837494,0.0035104714513911,0.0110560204774109,0.0023282600690935,0.0005686439294934,0.0003104596401411,0.0069052391339178,0.001426778649618
2442,0.0007169141930807,0.0002819559912513,0.4670149278323131,0.005495100990448,0.4650949863028561,0.0039028099232744,0.0018250429753278,0.0003798395903986,0.2371315976565186,0.0044260768886197
2443,0.2189550549036277,0.0067444541333985,0.1750255614505751,0.0229987771731069,0.135474257768901,0.0404646400938964,0.014418838096934,0.0046497843033907,0.1230588603122094,0.0229232969891769
2444,0.0007470493050189,0.0002371000135029,0.0341436047865995,0.0053601568340486,0.0316240368470278,0.0028609201392432,0.000928629456795,0.0003023705263431,0.0113584790569715,0.0015347233554438
2445,0.0007788606873057,0.0001393185248645,0.0285964059625444,0.0040435677938841,0.0093256665445811,0.0014835389153803,0.000752081168533,0.0001726525059583,0.0072760292815482,0.0008533392811433
2446,0.0007790470138177,0.0001115185297029,0.0289403830882276,0.0036337414331538,0.0065167364141649,0.0011746066869899,0.0006929702537502,0.0001382400429044,0.0073214320618762,0.0008787379348866
2447,0.0021930082136199,0.0015840600137208,0.2981150756588752,0.1562964565501264,0.155576023566193,0.0418182479914011,0.0040376832322105,0.0014167257537894,0.2100596001743677,0.0567451453086503
2448,0.5403726959383333,0.0316596928491233,4.379109608017676e-05,2.755504587888748e-06,0.1323218036967343,0.008309160856175,0.0001071787366587,4.649115316873404e-05,0.0003379732487328,0.0001481975848264
2449,0.0007259584845141,0.000281327623192,0.1077671882620411,0.0057497894741389,0.1051568260002239,0.00419752496718,0.0011033340307399,0.0003714823972005,0.0301684952649499,0.002351064027603
2450,0.4224154836873026,0.0501467923927583,0.0001662926440977,8.262652306812784e-06,0.2223311446261502,0.0037121821831168,4.97340975991501e-05,1.3274005977714589e-05,0.0002686091499842,6.643952572938812e-05
2451,0.0152684366823216,0.0021160335598989,0.2202116867674632,0.0651058946677102,0.0935163571719465,0.035112579033124,0.0167928220552565,0.0020515825113399,0.1850025248779007,0.0623749309642175
2452,0.0007713990733325,0.0001264108956027,0.0292721652342134,0.004014671671121,0.0113043254956794,0.0021354168047026,0.0005812043115487,0.0001587792507037,0.0073111635306261,0.001398155543528
2453,0.0007765124882796,0.0002245007069155,0.0286914987615806,0.0034633405141917,0.0101971261183332,0.0022963110809647,0.0005383311135159,0.0002747843593676,0.0073377176705245,0.0014975193073296
2454,0.4152188658536134,0.0539401599678798,0.0001726733837621,8.575677750636902e-06,0.2301260711312467,0.0032552245270361,4.535518850393876e-05,1.2207305975844232e-05,0.0002992339073524,8.009846093752062e-05
2455,0.0012646408872346,0.0002713116413499,2.107531823594384,0.0053064632409968,2.104719656757544,0.0034309650907683,0.0033983555762066,0.000372081463846,0.975285205790918,0.0043422894548107
2456,0.4818952650958228,0.0398075673614885,8.506081902195567e-05,5.014160101608372e-06,0.1612131676278439,0.0038910445789507,9.086341864084293e-05,1.860516191320245e-05,0.0001951139205143,7.255941543701734e-05
2457,0.0206423862016903,0.0020784983354094,0.1298209766413856,0.0457598111067642,0.0713834812625617,0.0283265882307384,0.0185303344264835,0.0021160434283816,0.1043387608567519,0.0440074033762997
2458,0.0014071938343353,0.0002702543439929,3.0468912757139424,0.0053168693587917,3.039559538108508,0.0033933802258224,0.0037316573490151,0.0003696731328419,1.3301329789019385,0.0043264599477414
2459,0.0007740955723682,0.0002134053036134,0.0284071934281533,0.0042920034865817,0.0124919806410369,0.0014687945826105,0.0008031146786832,0.0002680163320502,0.007094169902704,0.0008467056345826
2460,0.0007759968776303,0.0001774852955818,0.0289849567615391,0.0045799591084123,0.0182920034838956,0.0017092404699422,0.0008027977848036,0.0002211367064509,0.0073152351336566,0.0009869104338377
2461,0.0007041941747464,0.0004773114694563,0.0277329680412366,0.0052080531433201,0.0140359973942521,0.0040632177150997,0.000807858888396,0.0005532924757767,0.0080094851314574,0.0024057640597259
2462,0.0007378701696924,0.0002682011776686,0.0680887391242245,0.0057518641133048,0.0658893835571517,0.003885612396267,0.0010251524768309,0.0003493799521127,0.019304580906345,0.0020113215679252
2463,0.0007193638791698,0.0002757001001273,0.4265989166257964,0.005393174141882,0.4238716049123788,0.0036977333810472,0.0018434968043643,0.0003730934026033,0.2152499507348848,0.0040270307395702
2464,0.0007242764225508,0.0002769724967096,0.3804681829638888,0.0053674431089963,0.3776552255571776,0.003701792616976,0.0018130757484256,0.0003754692026197,0.1895917898891752,0.003910550032858
2465,0.0007472659615709,0.0002750502653721,0.0611667353000171,0.0056615425108666,0.0588037369139625,0.0037971298732893,0.0010199260068367,0.0003591263318596,0.0172987277471332,0.0019588535776588
2466,0.0007287150371178,0.0002842078064053,0.1819458534054282,0.0057988661464424,0.1793948326596844,0.0043912404832703,0.001234705174018,0.000377573207053,0.0625020448217227,0.0029992763530765
2467,0.0007491739518756,0.0003464047451058,0.0280815463771069,0.0034819838896263,0.0128534206666273,0.0026903493398767,0.0006187792236625,0.0004111870228246,0.0070460436121526,0.0014314995914009
2468,0.0007480171253336,0.0002840004203002,0.1379194116878891,0.0058543176481664,0.1353791485120731,0.004392590313305,0.0011623227854641,0.0003761018255876,0.0430208244330239,0.0026757450484229
2469,0.0007717235534386,0.0002381097319563,0.0277872492842841,0.0051647920200727,0.0237284150455478,0.0024753212991859,0.0009191640270799,0.0003029109706209,0.0091655351781848,0.0014141134890058
2470,0.02660267946276,0.0021051107972154,0.2271298154843917,0.1240073309853159,0.0692846285956546,0.024997076868423,0.0313668521994264,0.0022575945774833,0.2185358556249108,0.1174307227289037
2471,0.0007478141263955,0.000256504087076,0.0338366027970872,0.0053924269264379,0.0312452600132573,0.0029330651621977,0.000899090983617,0.0003284684078756,0.011405354473165,0.0014770224520764
2472,0.0007398233969864,0.0002606633036506,0.0772518122939975,0.0058761201334989,0.074835529538932,0.0040349322416976,0.0010354905645039,0.0003409724937557,0.0215965429463091,0.0020709383882149
2473,0.0013336555698131,0.0002731671185028,2.5359250990024766,0.0053219086449569,2.5314495635436014,0.0034123845813441,0.0035594800276718,0.0003744357647453,1.1368678902018272,0.0043609484412145
2474,0.0007565654092719,0.0004997772316249,0.0267909712221339,0.0048679683770772,0.01275266501368,0.0035743220662178,0.001020800513362,0.0005754637933287,0.0084997065809914,0.0021122208415329
2475,0.4909644595818396,0.0404819288703092,8.609806617664077e-05,4.77405308011292e-06,0.1605927361672432,0.0050076769023095,9.92104800084512e-05,1.901064896744006e-05,0.0002158949590819,8.780334485479508e-05
2476,0.0007174243332104,0.0002867640402775,0.2159431881287143,0.0054758555071014,0.2135087027358287,0.0038582948816557,0.0014713841911176,0.000383473397555,0.0969595713859247,0.0033790105425534
2477,0.0007171571277916,0.0002785446286588,0.4178442711836716,0.0054792943148887,0.4156867372073611,0.0038831488411517,0.0017378261335843,0.0003754595658525,0.204499048842787,0.0041943533707045
2478,0.0007338663622253,0.0002910235417495,0.2126456374086215,0.0055898640733861,0.2100642032262208,0.0041105020670425,0.001339861920167,0.0003878915060036,0.0806233755649149,0.0032172100845751
2479,0.0007583890630099,0.0002026808704987,0.0289996608777498,0.0048838927678019,0.0199011217793502,0.0020417319891649,0.0008423616227709,0.0002553032156804,0.0074422825593132,0.001144646628043
2480,0.0007465213647387,0.0002468466160552,0.0312030127392096,0.0053668384219624,0.0290331027341573,0.0028198538934441,0.0009387429099239,0.0003157070377339,0.0104310907296638,0.0015059636857071
2481,0.0068366578630724,0.0013608642663525,0.3677277678180519,0.1551441067724801,0.1423283149333136,0.0504804152502336,0.0105726936147914,0.0013740090644658,0.2715953571364705,0.1269001035905304
2482,0.0007270627755838,0.0002691885198413,0.0820960187235949,0.0056803964417633,0.0794717027325211,0.0039216426436541,0.0011051090066889,0.0003533374084727,0.0245700377894888,0.0022506979655804
2483,0.0011430781015091,0.0002722139837357,1.6586974953801548,0.0052914969873338,1.6550554134771924,0.0034689836380134,0.0031148619375478,0.0003735110596755,0.7832603772091488,0.0044588799106061
2484,0.0016119004813013,0.0002738088310281,4.562095439546669,0.0053541232049085,4.554433936134088,0.0033730895801096,0.0042233047368042,0.0003736377695639,1.8566689871806772,0.0042693031870298
2485,0.0007558199412136,0.0002117414795405,0.0285012676723215,0.0048602000041712,0.0167912538751187,0.0021404077727775,0.0008519794969585,0.0002680481474683,0.0072976687065947,0.0011592515590788
2486,0.0007372001140014,0.0002930736305978,0.2276452521137968,0.0054845724895544,0.2250761999722944,0.0039274670498987,0.0014276090759827,0.000393226624732,0.0997085171931672,0.0033938698560455
2487,0.0016392923889033,0.0011805620279901,0.3706983179735393,0.1543488793796661,0.1564538539239113,0.024109416700938,0.0028016709236747,0.0011408437690562,0.1776019654097593,0.0271614456630432
2488,0.0007832277017387,0.0001804521827933,0.0287790823671053,0.0042422519700587,0.0137202378013719,0.0015701684000758,0.0007775968481097,0.0002239864574926,0.0075202638989884,0.0009421998084131
2489,0.0008017734800959,0.0001393574638878,0.0280929361339382,0.0036221545403156,0.0078177173321571,0.0016936414609501,0.000657621447941,0.0001755129553442,0.0073307088860158,0.0010992217796851
2490,0.1005823448275684,0.0058207504145536,0.3181192041640227,0.1084715369816124,0.1949150961076246,0.0792650707352784,0.0471617496985157,0.0052389259890165,0.28106769403662,0.1068121515187718
2491,0.0007249226925379,0.0002831409860057,0.1682647071430179,0.0058406696975553,0.1656774803019488,0.0044163673479277,0.0011955016792767,0.0003753891723046,0.0535902343256714,0.0028361621001667
2492,0.0007391258457413,0.0002733589120385,0.0896189269481562,0.0057986007986685,0.0871227302667086,0.0042180708278379,0.0010534530527721,0.0003580327974438,0.023992814016853,0.0021546930618818
2493,0.0011653546791332,0.0002707252728106,1.5859860040530955,0.0052990835768377,1.58262997888329,0.0034568514781399,0.0031701446739432,0.0003724026653171,0.7569110635079587,0.0043284250620616
2494,0.0010887214896789,0.0002772216393327,1.441292922815869,0.0053082812929756,1.437415858672006,0.0034961026919543,0.0029887525281735,0.000380195113456,0.6925989750639578,0.0044608174288216
2495,0.0007464990711336,0.0002713032268619,0.1066251775972932,0.0058622237247494,0.1039948238806674,0.0041433197179111,0.0011081849788333,0.0003565701713148,0.0295935579876588,0.0023586380686921
2496,0.5165094946554305,0.0361209652118092,6.411627247027317e-05,3.705595645531471e-06,0.1479172451787544,0.0063109542087913,0.0001162831677464,2.57752583739471e-05,0.0002581553102242,0.0001085646033574
2497,0.000768776632776,0.0002087350713208,0.0284484246126847,0.00492223567252,0.0203422435299016,0.0020835844111007,0.0008229218128132,0.0002607749980067,0.0076084180037898,0.0011500499186631
2498,0.0007708373558406,0.0002006436801424,0.0289753392943968,0.0044848228239964,0.0129425489510852,0.0016124275122337,0.0008218356233182,0.000251567289661,0.0075432641253564,0.0009521717720543
2499,0.0007282643801058,0.0002887245514125,0.2064771983483392,0.0054988251950457,0.2039732217348082,0.003933994087275,0.0014206719885527,0.0003869259545194,0.0902503566684067,0.0033261477678779
2500,0.0007604299823952,0.0002500737983836,0.0281810722812595,0.0051126148176279,0.0247514048408592,0.0023991869650402,0.0009140678727742,0.0003188933376724,0.009363971648272,0.0013213842187123
2501,0.0007813048947803,0.0001306597654875,0.0291123759112735,0.0037050331485197,0.0069125286632165,0.0015107279358311,0.0006620318607314,0.0001628511817705,0.0072094140545946,0.0010741942778011
2502,0.0015394576528409,0.0002672962409579,3.9674559738138857,0.0053754186931014,3.9617101011990368,0.0033780994128861,0.0040493740460355,0.0003665657328558,1.6584004157655252,0.0042414662312859
2503,0.0008691182330799,0.0002816055882807,0.89376939442822,0.0053284295302332,0.8901546047252147,0.0035726662222631,0.0024756350505985,0.0003843339260786,0.46254896934534,0.0044539896894938
2504,0.0007614139365892,0.0001856852555294,0.0292108866267337,0.0041762402340099,0.0115639174245285,0.0012796049091537,0.0007961232967264,0.0002325037701352,0.0075621026488134,0.000809381574135
2505,0.0007420170238329,0.0002771480550628,0.063013990750431,0.0056390062681855,0.0605418028672602,0.0037394575631621,0.0010227795178984,0.0003625850484139,0.0178301637981739,0.0019659420766826
2506,0.2117542040854079,0.0069460695181842,0.1857560170582574,0.0125406160189803,0.1674099279023468,0.084488450612342,0.0093755239917262,0.0035331247965959,0.1420033395140333,0.0125101353439749
2507,0.0320916927588003,0.0030792846425145,0.2566933087186384,0.031737684114709,0.1105897144676913,0.0482689307667192,0.0171399639966257,0.0026190484605376,0.1236296905461885,0.0314722859375922
2508,0.3942723564584044,0.0584625577476982,0.0001832884184897,9.997308197878537e-06,0.247125318006057,0.0038364323095498,4.304915716017528e-05,1.5812408330561435e-05,0.0002869493913646,7.437801556188956e-05
2509,0.000731298725898,0.0002627368397694,0.0824566662524692,0.0059952382200764,0.08018076655346,0.0041944713143854,0.0010286430522074,0.0003425446468533,0.0229212964816655,0.0020695681117717
2510,0.0775363060359951,0.0041906317416175,0.1740577031282394,0.0647867825882487,0.125331833478247,0.0573499351128407,0.0334309517483643,0.0038693535096337,0.1718515416848289,0.0636392000582105
2511,0.000717555337197,0.0002583689072216,0.0690172852931547,0.0056975709717239,0.0665860266986786,0.0037498344882594,0.00105583136071,0.000336999666509,0.0193456084812431,0.0020554099340592
2512,0.0007610757454938,0.0002456956211881,0.0368997933834005,0.0054987124672089,0.0337611331238444,0.0029009935083196,0.0009320364608032,0.0003136746716419,0.012543245820682,0.0015864801966367
2513,0.0007206000554505,0.0002813579358201,0.5962933253872146,0.0053527996189206,0.5936782131183349,0.0037015547241617,0.0020904816279574,0.0003817737053622,0.313136669962214,0.0044116684136238
2514,0.0007263180531417,0.000273923320962,0.1067569805053691,0.0058384882076654,0.1041714739607117,0.0041904893001003,0.001113754762089,0.0003590277638229,0.0307232138517015,0.0023688154734948
2515,0.0007412452746262,0.0002710445638601,0.0332670744890406,0.0054094143049578,0.0316008028024251,0.0030772560216442,0.0009216570384681,0.0003495390662414,0.0104742209999927,0.0015329160959476
2516,0.0007869689138091,0.0001375258123075,0.0268711901259783,0.0036742277746362,0.0098489835968057,0.002042058594276,0.0005971191370054,0.0001731005708392,0.0068350908565037,0.0014255077965343
2517,0.0007366478391143,0.0002702563208334,0.0313332491943032,0.0052487996979633,0.0291537740130739,0.0029296395150046,0.0009674091767563,0.0003493836169944,0.009368541708643,0.0015967901386796
2518,0.4204744912871349,0.0585707995199084,0.0001674990023844,8.387054803254516e-06,0.2237393212060948,0.0038582308779931,4.746120372740959e-05,1.7961930516662702e-05,0.000268232519974,7.19804375855602e-05
2519,0.4225742015625455,0.049927933457304,0.0001435683251271,7.89966483903173e-06,0.2077738741974874,0.0043216639141993,0.0001090202330327,1.533896803593778e-05,0.000328841548841,8.243467825849942e-05
2520,0.0007372627336254,0.0002808423604547,0.1450424700608345,0.0056428527255052,0.1422933961357565,0.0040382948099442,0.0012297499315265,0.0003741020939793,0.0492277526222285,0.0027737107623761
2521,0.0015033239697468,0.0002761499136458,3.799039296460175,0.0053105355935928,3.792483330462405,0.0033908806523769,0.0039579235277145,0.0003775552834008,1.604520234112707,0.0042637698486527
2522,0.0007302657473561,0.0002810616338239,0.168833764245046,0.0056300317430891,0.1663326007706753,0.0040886105600582,0.0012842511797098,0.0003727624788931,0.0621659142284114,0.0029911818344087
2523,0.0007526238197265,0.0002196845798337,0.0289191646202611,0.0051654580904366,0.0238529858502459,0.0024578733277649,0.0008670765436631,0.0002787836785723,0.0091657649320062,0.0013010678316286
2524,0.0007314697774307,0.0002856570737291,0.1307971674897183,0.0056378099918299,0.1281577051878988,0.0041441604894746,0.0011853406709961,0.0003792339888947,0.0417615282155956,0.0026416666991688
2525,0.0013309743789356,0.0002750150743534,2.670252799283186,0.0053690029909629,2.6656570727876154,0.0034240529311118,0.0035508990776966,0.0003772655530297,1.19333459498774,0.004358546291309
2526,0.0007811045072368,0.0001392355041312,0.0294580227416612,0.0037727488519104,0.0072874246838945,0.0017857307380598,0.0006948656611324,0.0001740007915178,0.0074219552341245,0.0011099502724841
2527,0.0007746032568432,0.0002310995621459,0.0275352905453855,0.0048442349082026,0.0171983527187877,0.0020129951529978,0.0008696400385479,0.000292130039363,0.0070535860237047,0.0011593405454213
2528,0.0007758978770916,0.0001633013976817,0.0283360152845742,0.0047317135598447,0.0184731710085417,0.0019513902340553,0.0008036763657136,0.0002026728017199,0.007370379275222,0.0010923224186559
2529,0.0007321235891815,0.0004239509671038,0.0285387422029056,0.0076870609491269,0.0150916605817038,0.0044719539931625,0.0010492983258648,0.0004953912650301,0.0104902906644715,0.0029780797719614
2530,0.3890305593778399,0.0641576720280976,0.0002324909558851,1.1199510081629926e-05,0.2653926470613764,0.0032847204375911,3.668046786566336e-05,1.3383645651195237e-05,0.0002927763799566,6.870905101322329e-05
2531,0.0007557131967188,0.0002084779702399,0.0287748928474763,0.0048655882601587,0.0182396022251142,0.0021726611267095,0.0008140827843893,0.0002628479701601,0.0071619116092388,0.0011389351276497
2532,0.0007633231211748,0.0002591958153758,0.0285608788708926,0.003425112084055,0.0092710790361123,0.0025422187744409,0.0004893688994075,0.0003158893369706,0.0071512552181145,0.0015658625014533
2533,0.000753681918008,0.0002521833868145,0.0281303673519927,0.0045400447220935,0.013848963849398,0.0019943419433115,0.0008678824049337,0.0003234154997113,0.0071771393479674,0.0009792765452441
2534,0.000768132088405,0.0001548427121341,0.0286260692953854,0.0038715730858658,0.0062336068129549,0.0011557164805266,0.0007159670156522,0.0001924655500541,0.0073567697474207,0.0007876497893873
2535,0.000733218853692,0.0002888248101491,0.1787345363346063,0.0056377651342738,0.1761083609220952,0.0041380924118984,0.0012827488343653,0.0003851712163248,0.0675830702423907,0.0030428050967363
2536,0.0007675405072665,0.0002308176185114,0.0290069856271107,0.005112156921896,0.0268067465701367,0.0024635722985043,0.0008783068472255,0.0002929989714251,0.0097709363459659,0.001267007972055
2537,0.0007712074436413,0.0001793829047026,0.0280909723558288,0.0045092498577201,0.0161415809019479,0.0017140593263239,0.0008033939755046,0.0002236859308274,0.0070181099896562,0.0009596687330367
2538,0.0007753602291351,0.0001122779387336,0.028807504523339,0.0035842624794963,0.0091950963665745,0.0012917805657382,0.0006670368119585,0.0001392546251869,0.0072756582157077,0.0010350655505749
2539,0.0007582792649187,0.0003335017049307,0.0243969257393589,0.0040707972421497,0.0121947498370494,0.0032207877278162,0.0009280871313655,0.0003970470634717,0.0077787135379148,0.0020551150786164
2540,0.0617712572037547,0.0041901966729108,0.1464222248694004,0.0757736642980654,0.1151024922739642,0.0544467609226561,0.0350868607767515,0.0039740999076041,0.1412373416656606,0.074451737989526
2541,0.1887895306899089,0.0375116801003732,0.0002309783007011,2.943608206135976e-05,0.5447044740111281,0.004793427718825,2.8610885072061555e-05,8.927912751748462e-06,0.000254978380262,7.279564293974173e-05
2542,0.0015862881694261,0.0002680913523843,4.709897957294281,0.0053264758857275,4.702116508839428,0.0033746978469049,0.0041579611827233,0.0003670861628219,1.913427476204448,0.0042894067680961
2543,0.000772527588509,0.0001069012524281,0.0279469361495818,0.004898392780543,0.0213985574005735,0.0024266104687134,0.0007525272659505,0.0001322553899178,0.006927670352287,0.0012596244621892
2544,0.0007284276077419,0.0002920843789056,0.2941673377327048,0.005438958625223,0.2916454218117842,0.0038700256927259,0.0015516963904609,0.0003920494979233,0.1362394395419081,0.0036937331080462
2545,0.0011175123164382,0.0002723439113428,1.4710025530978366,0.0053436473753187,1.467539960757684,0.003490569578351,0.0030510898671685,0.0003736875537952,0.7028534637107294,0.0044553973257074
2546,0.0007363991665902,0.0002817453482162,0.4419700781986618,0.0054466755591473,0.4395265726998228,0.0038093024507074,0.0017696706629019,0.0003808450679405,0.2163824922232752,0.0041450865969899
2547,0.0153407525441941,0.0018973426579388,0.3166896843419489,0.0794708880683424,0.2051445495634156,0.0397973868042242,0.0176384918441955,0.0017584291470664,0.2692644877340844,0.0747419284084504
2548,0.4451304294478225,0.0520604763470276,0.0001291262334555,6.884847624407627e-06,0.1840528361901555,0.0029678928887335,6.003091235510769e-05,1.2990119040360767e-05,0.0002526650683244,7.277636046479734e-05
2549,0.0007328079448315,0.0002894795829783,0.1768251927146762,0.0056766823674816,0.1742412427894245,0.0042333554779994,0.0012589499568838,0.0003863241408762,0.0645098738494845,0.0030155245114317
2550,0.0007743453722669,0.0001726053465062,0.0280652968216869,0.0041955400752995,0.0103456854715052,0.0013971225695485,0.000795517256301,0.0002138177724257,0.0070860476174859,0.0008269568988666
2551,0.000718247851449,0.0002783179841225,0.4453988123727337,0.0054598088956111,0.4429681477249279,0.0037767103989002,0.0018290654502529,0.0003762585470859,0.2249439892838322,0.0041626907761227
2552,0.0007771045917899,0.0002758020036401,0.7401044678296821,0.0053970329863767,0.7371813070512601,0.0036539727169488,0.0022511640945004,0.0003757494715144,0.3820251774117489,0.0044432940829707
2553,0.0007120392717375,0.0002698823812813,0.5162831691790032,0.0053663136192662,0.5133842290694163,0.0036224407013548,0.0021000205755138,0.0003672470199133,0.2691117289379586,0.0041321094397901
2554,0.0007252960718628,0.0003707149930388,0.0271233578540398,0.0034517733150185,0.0112985313819267,0.002746482327934,0.0006346505196482,0.0004361787087213,0.0066314733993358,0.0015534167172636
2555,0.4926907508364773,0.0379529222302404,8.106712289475693e-05,4.642231791404653e-06,0.159556402292227,0.0046329798971109,0.0001022453211483,1.928990740335731e-05,0.0002433937010518,8.518790236775555e-05
2556,0.0007439896797146,0.0002832500435847,0.0759090364935566,0.0057114555879025,0.0733719926744797,0.0039466697256106,0.0010448771275268,0.0003710458319382,0.0206563463926837,0.0020561126153942
2557,0.0010036018855732,0.0002699288168094,1.138785176954515,0.0053361033227411,1.13512449219419,0.0035076930922747,0.0027896473987289,0.0003704329177555,0.5544742069138943,0.0044064920920323
2558,0.0357116939522504,0.0033191485615737,0.1563624997986148,0.0584211796769996,0.1194602114897698,0.0516869416572319,0.0251400753253243,0.0032343283033334,0.1400776724055981,0.0575931422364648
2559,0.0007738725312982,0.0001633411615918,0.0283771938711772,0.0047312165830313,0.0204738165082884,0.0022006791766487,0.0007476316638829,0.0002029422030488,0.0072813056297934,0.0011453495349273
2560,0.0007725838062882,0.0002089257347133,0.0278875992936363,0.0047685971196405,0.0165130838040728,0.001996023090166,0.0008772410312327,0.0002627061448847,0.0071542958479926,0.0011194812727306
2561,0.0007820854400789,0.0001458993079843,0.0296295444307308,0.0044604539836655,0.0144013536506545,0.0017590949854909,0.0007845769957274,0.0001799682356546,0.0076940232177188,0.0009805346921039
2562,0.5071018904008519,0.0389755579304242,6.616108480634469e-05,3.894444258209965e-06,0.1462506025428298,0.0047973264814026,0.0001088660810066,2.401091512881415e-05,0.0002221611127043,9.568823838839894e-05
2563,0.0007244637309913,0.000286294221935,0.1437231361167071,0.0056987675285219,0.1411734586949914,0.0042022784580618,0.0011890828521633,0.0003798551674897,0.0442207855180993,0.0026853511845488
2564,0.0007370284590115,0.0002597397737384,0.052293525897612,0.0056055493863687,0.0499150374249382,0.0035694611772411,0.0010034730743711,0.0003373374916223,0.015491005337224,0.0018425457359418
2565,0.0007697859147719,0.0001289463360272,0.0285361977099135,0.0035044148549667,0.0077237650934856,0.0016505813036366,0.0006028051572811,0.0001614170200716,0.0071808651380968,0.0012286502385147
2566,0.0007360804702956,0.0003696031766671,0.0281060702758259,0.0049867172692685,0.0149939756817042,0.0040676467043294,0.0006486780839884,0.0004387136337848,0.0080557287440447,0.0022784880733652
2567,0.0007605496841889,0.0003697283415787,0.0262134422209628,0.0036488948909937,0.0131926739462763,0.0032134148550524,0.0007210820750841,0.0004367803536814,0.0090585471479767,0.0019499243107063
2568,0.0016192838497391,0.0002645291535081,4.964118265221298,0.0053389401935533,4.9566925007171365,0.003371253884894,0.0042395980085295,0.0003626491431445,1.998478504194944,0.0042694871179901
2569,0.0007471665602187,0.0003920533762408,0.0282252047021875,0.0039232992706776,0.0118189196115682,0.0032109300736006,0.0006619655622333,0.0004606819158327,0.0076132020901012,0.0019089737124283
2570,0.000763911565772,0.0002046491159843,0.0283227261037689,0.0047861757371756,0.0164633442689392,0.0019833125804952,0.0008545553035872,0.0002570556446041,0.0072547684609484,0.0011144648522519
2571,0.0007289280085627,0.0002861371582168,0.5696095483349043,0.0053944641948267,0.5669651819042507,0.0036874645101197,0.0021059063007881,0.0003878650943284,0.2990748220816833,0.0043083721330555
2572,0.0013156278160916,0.0008843054449569,0.1297941996390181,0.0506429289970425,0.0369234760644443,0.0092795692937922,0.0024635422198826,0.0009635782091161,0.0412901927370103,0.0108641476942754
2573,0.0007272539035944,0.000281985319,0.2889218519014473,0.0054277922604546,0.2866101619727716,0.0038082655898419,0.0016328947194659,0.0003778855308016,0.1410216081455224,0.0037441801334087
2574,0.0017788142755575,0.0012234971822544,0.3031851121698518,0.0909166133223743,0.068142476359063,0.0129120042850299,0.0017444587718105,0.0012016662173631,0.0759758275653978,0.0133362739675285
2575,0.0012324878451137,0.000810146922894,0.0968190752643146,0.0362242526287505,0.0248917234882075,0.0072180831843709,0.0012991631815423,0.0008889318967658,0.0266047051799042,0.0065562170936872
2576,0.4566317393147547,0.0507121761741309,0.0001194668963011,6.096446627878382e-06,0.1679462233934795,0.0032980966439653,7.328253303196509e-05,1.4455061532993286e-05,0.0002529149005935,7.886236985774322e-05
2577,0.0007190691746714,0.0002906445175289,0.2778478848497394,0.0055068254398994,0.2753669419445874,0.0038849633919663,0.0015427040255605,0.0003901007952732,0.1278601933415614,0.0036405296899151
2578,0.0014909453113212,0.0009423527380462,0.147323437169165,0.0547727980989976,0.0483770548617073,0.0100404715429345,0.0026125987908674,0.0010142185259704,0.0653446442514122,0.0136872056391688
2579,0.0007214648011191,0.0002767954513717,0.2505362636588624,0.0056453489681857,0.2482015411756676,0.0041216055144611,0.0014182136092167,0.0003702606978047,0.1041929679852411,0.0035104909321957
2580,0.0007817231189983,0.0002844013271584,0.6686796535035238,0.0053455436170358,0.6650885489160508,0.0035866858535059,0.0022748733859572,0.0003883286677772,0.3537347849124499,0.0042533286058683
2581,0.0007016270032656,0.0003822016891201,0.0258436801526668,0.0037115649006999,0.0112038231371487,0.0030486908016385,0.00071749895431,0.0004488012001421,0.0067296222594639,0.0017437708359263
2582,0.000779983234215,0.0001600734501413,0.0286080693906654,0.0047098774001461,0.0144286474152328,0.0018826425610372,0.0008270261878928,0.0001975846038431,0.0072349555300286,0.001111751447673
2583,0.0007388745717857,0.0003232392737604,0.0288169773561688,0.0043634112233204,0.0114342503566289,0.0031661367111752,0.0007547844122466,0.0003865466458626,0.0071747318909452,0.0019373152724727
2584,0.0010082280888095,0.0006526583408707,0.0272567602259838,0.0069520939121511,0.0141270166470914,0.0043208636738737,0.0011621376985486,0.000727604055447,0.0118272821774833,0.0025659427478267
2585,0.0014483826153777,0.0008803590573906,0.1017448270432674,0.0169956770970755,0.0213307432903571,0.0051314700404081,0.0024095146212986,0.0009395746804807,0.024525863346632,0.0034198803713547
2586,0.0007440727558839,0.0002572307730595,0.0269275227020618,0.0035058268876413,0.0095612186966145,0.0025592630201302,0.0005463559836447,0.0003127517328999,0.0066552127043462,0.0015086194783742
2587,0.0007888844655647,0.0001331170771178,0.0287201613903588,0.0035951005313054,0.0048472147005875,0.0011902667721715,0.0006893341727178,0.000165002841302,0.0071794389666871,0.00093475141692
2588,0.0007556030569024,0.0002314700094249,0.0282826151975128,0.0047496067276494,0.0174509757293842,0.0018865863307411,0.0008579389530257,0.0002938164525974,0.0072349822402677,0.001064216561684
2589,0.0007681136071194,0.0002688957647203,0.0283031534735541,0.0035894841517589,0.0101520635911997,0.0026698652250429,0.0005362891064052,0.000324814381917,0.0071313349645052,0.0016987207052094
2590,0.0704727845325564,0.004789159951437,0.1908144201940523,0.0394443390382786,0.0994848608885702,0.051533153140295,0.0207536626684663,0.0039427407909217,0.1327802263241791,0.0389328809383222
2591,0.0016688023228239,0.000276870952497,4.135719873462111,0.0053627875531217,4.125839645655368,0.0033852330379233,0.004355061046758,0.0003745873095088,1.724657281869247,0.0043248105123171
2592,0.0007637630528663,0.0001856618330767,0.0288269125006449,0.0041675226791506,0.0081297534157596,0.001323866103918,0.0008030946817954,0.0002308405337317,0.0072080702085372,0.0007848691772916
2593,0.0007471024984598,0.0002829873912893,0.070876562902168,0.005589932268433,0.0682576123656294,0.0038543091315621,0.001078069471178,0.0003726946896149,0.0205069883033241,0.0021560057245319
2594,0.4767796076170032,0.0474771071029838,9.4721626573849e-05,5.339041259254671e-06,0.1660047190225424,0.0033199609214054,8.668940590135124e-05,1.5853246523017412e-05,0.0002311027509334,8.181599537403235e-05
2595,0.0022376750615695,0.0014554594783337,0.1426503165422801,0.0611276096467138,0.0718885052228209,0.0282205394195009,0.0036899902980373,0.0013741128475193,0.1149472238327706,0.04687848202009
2596,0.0007628969179545,0.0001894881544965,0.026426190764165,0.0033651154428741,0.0090861682886783,0.0019589748763744,0.0006371746775836,0.0002338889608847,0.0066847790730073,0.001145366637178
2597,0.0015650948789214,0.0009891992147979,0.0254743113500869,0.0054714578866695,0.0189302768748044,0.0056865132340006,0.0013363832248335,0.0010366812314027,0.0093971789331332,0.0029475977158417
2598,0.4911802977576621,0.0405861851653041,8.112995829390427e-05,4.639384678408291e-06,0.1587454612205007,0.0037706081911977,0.000102528658444,1.910124574329792e-05,0.0002174612341918,8.089416102635629e-05
2599,0.4902538221522837,0.0417119436631688,8.055964794263001e-05,4.788469862833732e-06,0.1588001837979251,0.0040969398672739,0.000102587880597,1.8882791468778235e-05,0.0002139012504242,8.3559904224332e-05
2600,0.0007194317908248,0.000350804154948,0.0263447122070706,0.0035072677522837,0.0102178808381944,0.0026080657641881,0.000636448761614,0.0004133230241566,0.0065846746048145,0.0015352496729457
2601,0.5094169395158088,0.0342594667350795,7.378281062000083e-05,4.031752207613957e-06,0.1505707343476391,0.0053838667010683,0.0001082659752224,2.240729506449444e-05,0.0002359499883893,9.327564115834278e-05
2602,0.0008251021116827,0.0002857951778157,0.7446726964824228,0.0053477715922504,0.7415146312465901,0.003611299536451,0.0023664584447686,0.0003891368172799,0.3867295947377051,0.0043503416581037
2603,0.0008129782218432,0.0001351605957815,0.0251544522226137,0.003548020661677,0.0075314276288822,0.0015521423827928,0.0007002897141099,0.0001677507745217,0.0062117977018282,0.000999087806757
2604,0.4915024544644756,0.0429529999897782,8.908426886896532e-05,4.752322457364371e-06,0.1609582220298904,0.0043730697369216,9.66345326932926e-05,1.925409900848798e-05,0.0002175829229356,8.549579358418537e-05
2605,0.0007291705251524,0.0002838342941521,0.1223735518571935,0.0058598506370378,0.1196827046423276,0.0043624638759556,0.0011183083007368,0.0003750131169553,0.0349520150539177,0.0024489013873431
2606,0.0007417562155815,0.000257954690842,0.0409492571401522,0.0055426918754013,0.0390797275774817,0.0031918815526053,0.0009435427110227,0.0003332538676325,0.0125211224653075,0.001642784795589
2607,0.0007498461818019,0.0002119760362374,0.0291335920723768,0.0047252826823377,0.0153183106873248,0.001898037959937,0.0008434017307415,0.0002680896738139,0.007422747431889,0.0010669501594558
2608,0.0007933735679767,0.0001741269914157,0.0278133576582658,0.0045593187432248,0.0141164151647918,0.0034980013715894,0.000466380563377,0.0002184731453362,0.0080513450966215,0.0022023638167799
2609,0.0012823000560618,0.0008403498086419,0.1737763357857994,0.0532868781400593,0.0529889792034296,0.0085163866990198,0.0016978722987512,0.0009087177438955,0.0595891443502171,0.0092751071957106
2610,0.5315171171042867,0.0366942917727202,5.48814528870256e-05,3.121092937995321e-06,0.143426991236829,0.0066354550708119,0.0001155445031092,3.162750421239861e-05,0.0002521482616821,0.0001131034501935
2611,0.4839148008365294,0.0450229191146474,9.482076112940782e-05,5.04683763383041e-06,0.1625316874833055,0.004084674327794,9.364479159038982e-05,1.6971698036664848e-05,0.0002123842709312,7.715717813183473e-05
2612,0.0012568552226758,0.0002747883175798,2.10032660162691,0.0053011781900463,2.0973302704808714,0.0034332091913422,0.0033820560890072,0.0003769709426574,0.9635361906626712,0.0043491455410049
2613,0.0019472745663962,0.0013274252802212,0.0766058030570663,0.017871369328143,0.0250359760050534,0.0075996483572106,0.0016865713956112,0.001291221951964,0.0191745605152483,0.0047307777281407
2614,0.0007459878945288,0.0002756287906508,0.6591896507653783,0.0053749648607223,0.6558052748032801,0.0036042838948688,0.0021887338778967,0.0003768256353162,0.3476689822363599,0.0043160521643061
2615,0.0007509488410454,0.0002443545769591,0.0419009069958011,0.0056473675652763,0.0400921274770296,0.0031968218228704,0.0009638072949912,0.0003131820479299,0.0133466375484014,0.0017672814201004
2616,0.0007229310439571,0.000282070920036,0.336676252410966,0.005482517438991,0.3343602028685158,0.0038812349538698,0.0016334414859264,0.0003793256147163,0.161865561020588,0.0038999873924696
2617,0.0007752088649595,0.0001732233101991,0.0278754622894029,0.0045507549548041,0.0157446906442715,0.0017536491386519,0.0008401629435213,0.0002151196048239,0.0069738138531234,0.0010254555574511
2618,0.5289618058053114,0.0372303248242997,5.305229518951845e-05,3.2544075403981503e-06,0.1379046607869271,0.005933094572584,0.0001030853596339,3.2438322788718325e-05,0.0002400370165755,0.000113040108967
2619,0.0014403239393169,0.0002791254547491,3.422541553118125,0.0052848289873343,3.4138374596775654,0.0033986696798873,0.0038123439915969,0.0003814108144185,1.4745340569680176,0.004334204479838
2620,0.5391503124165813,0.0339090266112609,4.891720596085505e-05,2.8521459453922587e-06,0.1387514973931613,0.0077786288576045,0.0001078552195181,3.944597517622737e-05,0.0002985605189254,0.0001340566409427
2621,0.0010517358215108,0.000268014385694,1.3147108917220114,0.0053053104128488,1.310857072639392,0.0034772357415367,0.0029050530343514,0.0003679743231358,0.6340456256686847,0.0043959149244948
2622,0.0026193121359971,0.0007499576129713,0.2353953198556712,0.1220372180003767,0.095913124478492,0.0225545207207665,0.0056502467521966,0.0008618914567307,0.1470773892233567,0.0364799573771934
2623,0.0007350828614116,0.0002766415693832,0.1190027350816171,0.0057505230516002,0.1164088259757626,0.0041460475851332,0.001154029414716,0.0003652305630558,0.0356341257083217,0.0025224326723991
2624,0.4707334538805526,0.0463831981730133,9.70281617268587e-05,5.3083027400008325e-06,0.1632015335694468,0.0036718985686356,8.820897346047458e-05,1.595709974973884e-05,0.0002403953914928,8.110131041927088e-05
2625,0.0007486979877448,0.0002558527191772,0.0270038509625061,0.0033528848657339,0.0101477938401856,0.0021825763149377,0.0005806338070472,0.0003100026117213,0.0069263882963252,0.0013013216084449
2626,0.0007634884731483,0.0001990229183216,0.0292952132881243,0.0045962412594448,0.0179463168154421,0.0017160720147865,0.0008163092628348,0.0002473729730972,0.0072669666919578,0.0010021771272069
2627,0.0007284373680058,0.0002833415490091,0.2229680200975526,0.0054699837161545,0.2203919346011836,0.0039303964803581,0.0014292682517649,0.0003805152152574,0.0990277980368814,0.0034102730327782
2628,0.0007695697161707,0.0002212172906807,0.0278559019361806,0.0049129292163588,0.0202190379220635,0.0021249977513525,0.0008681337133817,0.0002808650248092,0.0083780054536611,0.0011789961451168
2629,0.3230346109743116,0.0161397970740887,0.0005789832667904,0.0002011830696185,0.3241443191890138,0.0176348603384624,6.621323033221441e-05,2.1842791901481827e-05,0.00054865610546,0.0002109858469759
2630,0.0007260474465588,0.0002860090267543,0.1867219255025281,0.005626918058576,0.1842189013622091,0.0041015234453792,0.0013109454189609,0.0003811831845023,0.0715816772931469,0.0031059206271569
2631,0.0007357584030351,0.0002824030599189,0.0458511715436618,0.0054536412234635,0.0434255064906728,0.0033567524909633,0.0010127122556029,0.0003677169410174,0.0130134624819853,0.0018237507974556
2632,0.0007429864553597,0.0002736662784233,0.0720881637278256,0.0057695666038282,0.0694847568838837,0.0038586801842867,0.001077493890824,0.0003564595939743,0.0217263261721553,0.0021459238124988
2633,0.0007318401769494,0.0003842187791241,0.0271750999536272,0.0036083607311735,0.0104124523277793,0.0028907968558281,0.0006379693237383,0.0004521813197575,0.0067564436030392,0.00168807493123
2634,0.0007379196321624,0.0003430829839621,0.0283230802831316,0.0037884629947591,0.0129824867706019,0.0033173808257633,0.0006135540579701,0.0004095799366692,0.007268615180752,0.0019677247011477
2635,0.0019928319675687,0.0013453378449359,0.530403331025334,0.2567386006915594,0.21464157897986,0.0516414028870676,0.0033123451684819,0.0012579614039058,0.2358476248983449,0.05766491059627
2636,0.0007692824888608,0.0001499314104069,0.0282499855231386,0.0041455992540656,0.0092663253085324,0.0013709711390414,0.0007872994835016,0.0001854280894363,0.0072168721238034,0.0007769336967217
2637,0.0007072796030173,0.0004484875327671,0.0251599686621578,0.0037036873463068,0.012890168646462,0.0033085651578196,0.000764342174711,0.0005210307323978,0.0065938384064749,0.001884004689076
2638,0.0007771550404195,0.0001694731996667,0.0292474990828148,0.0039892484320825,0.0078947752174183,0.0011206996374268,0.0007649479740657,0.0002104117059881,0.0075106049745995,0.0007081566799867
2639,0.0007520703258602,0.0002163537198215,0.0291400784818921,0.0055288261624531,0.029144213769932,0.0027388270930065,0.0009334637124749,0.000274162076448,0.0100031104716198,0.0016001477284357
2640,0.0007811962555494,0.0001366951659116,0.0286592887862247,0.0034591482203618,0.0072346544833373,0.0014679339644339,0.0006465211392346,0.0001718336514729,0.007260395969103,0.0010334562746963
2641,0.0007492496111666,0.0002712650061206,0.02661622740687,0.0036041660169276,0.0109769992855418,0.0029162549831879,0.0004987436601177,0.0003287452892995,0.007273412671549,0.0018651021367681
2642,0.4972653828574234,0.0391329209334175,7.389163570524637e-05,4.315726053377542e-06,0.1554130593582115,0.0050955868944742,0.0001082227663966,2.0800900469059395e-05,0.0002514195625654,9.595951556116611e-05
2643,0.0011354937456465,0.0002592529384345,1.6697692540993423,0.0053599840531873,1.6661477964978542,0.0034403041025557,0.003100289542392,0.0003580115491191,0.7833833618372213,0.0043927067721582
2644,0.0007126814243783,0.0002742099043733,0.4650321015597782,0.0054256595353999,0.4626247982219046,0.003795994649022,0.0018141179194492,0.0003707963324601,0.229528567867551,0.0041991604339891
2645,0.0011596887844341,0.000260965789536,1.66419696022896,0.0053242842312326,1.6608890722546483,0.0034318832158953,0.0031569697500718,0.0003595064936615,0.7835139904538122,0.0043212759550075
2646,0.0007448016313251,0.00028193017505,0.5769531526229237,0.0053602656921997,0.574071207344953,0.0036403366177702,0.0021798517747541,0.0003830957138739,0.3018010368418101,0.0042644016512942
2647,0.0007789957754119,0.0001286435318483,0.0290760146768994,0.0034636043338687,0.0075438447529071,0.0016629651878131,0.0006711144482794,0.0001612096299262,0.0073881260276073,0.0010633090100482
2648,0.0007587540514428,0.0001924912237704,0.0296056327244564,0.0044360735412773,0.0128113567436126,0.0016718633617051,0.0008236795525873,0.0002416127902176,0.0073794153684639,0.0009047183191423
2649,0.0013053277711919,0.0002781880062479,2.425362898416843,0.0052912348814501,2.4223033668279457,0.0034348769770862,0.0034917873272063,0.000380783758792,1.0955867387775804,0.0043716545600693
2650,0.0010238734080395,0.0006850901359484,0.0799905235765043,0.0174575939542801,0.0195171163958701,0.0049216445225676,0.0011083234075637,0.0007671430646812,0.021094703492766,0.0034134709001078
2651,0.0010885844681104,0.0002693480908704,1.2784612592511224,0.005312219319412,1.2750793233081952,0.0034428555697504,0.0029935797321299,0.0003694224594713,0.6164914618718815,0.0042347577832716
2652,0.0007936550270271,0.0001427979928511,0.0278921609621924,0.0043528251135289,0.0121798477631198,0.0017732082902205,0.0007821276602343,0.0001767281128011,0.0071629379590833,0.0010208714261142
2653,0.0010829320422831,0.0007187540552171,0.1093150659824827,0.0288502131592552,0.0249051798917569,0.0051591545644645,0.0012076975512114,0.0008019892100952,0.0316997556232656,0.0052252079266847
2654,0.0007703328524437,0.0002302203498088,0.0288131359464533,0.0053316508733459,0.026967937145327,0.0026593094080636,0.0009002758332233,0.0002916714591021,0.0098310284361759,0.0014456316154231
2655,0.0017529471758716,0.0002768819974386,6.569898813118852,0.0053862332762321,6.559572265332176,0.0033867017034667,0.004554184373576,0.0003763062331525,2.4896833990728755,0.0042958087799947
2656,0.0007694507104706,0.0001421008038467,0.0270487234829463,0.0033777729594131,0.0069162903148259,0.0015256589732434,0.0006406286469692,0.0001782252275946,0.006719266050405,0.0010743752600827
2657,0.0008248358179935,0.0002748845908034,0.7692991460201658,0.0053651410413448,0.7657504134193187,0.0035576826725507,0.0023722405942898,0.0003752899557357,0.3963573430471205,0.0043013096151879
2658,0.0007116676590882,0.0002757439858521,0.3121600004251066,0.0054946101841752,0.3098474607943063,0.0039403524275868,0.0015733585301424,0.0003707575853753,0.1450888723827859,0.0038183185710296
2659,0.0015038148111524,0.0002753115525128,3.864212759445151,0.0053226009898138,3.857537735087137,0.0033838968539908,0.0039620136630968,0.0003761220440114,1.6265203657581122,0.0042584226052967
2660,0.0007651135032716,0.0001802507077057,0.0290791815367833,0.0048521594011071,0.0201308724365135,0.0019556855232035,0.0008345849058451,0.0002238798404907,0.0077682833516169,0.0011371272524708
2661,0.0007797801179149,0.0001027717489969,0.0278049243466516,0.0036097541697688,0.006782705740117,0.0008600155100196,0.0006889472701595,0.0001286485575732,0.007145320647186,0.0007939495345641
2662,0.0012815901718492,0.0002721864900236,2.349035207913979,0.0052813069504639,2.346181429042684,0.0034150210317903,0.0034409598090547,0.0003727090936734,1.0637800447756014,0.004343319770407
2663,0.4451788681042024,0.0504594098202908,0.0001305950629673,6.881498643922296e-06,0.1864412741055368,0.0034713468877405,6.470903062616349e-05,1.4811450427074295e-05,0.0002622689950822,8.023304321919847e-05
2664,0.0007790041134895,0.0001287662598764,0.028441788475004,0.0038736029253221,0.0085644671318252,0.0015652133627955,0.0006749088668012,0.0001598856835319,0.0071216595110871,0.0010452003818216
2665,0.0007900321031959,0.0001456054407139,0.0274343698503864,0.0041695475354572,0.0123329093631628,0.0016851711874108,0.0007602972048158,0.000179555044795,0.0069765495594369,0.0009665643104454
2666,0.0007362338394833,0.0004479712325941,0.0248166745735635,0.0035536005069355,0.0138505727067242,0.0034054562675734,0.000744946108796,0.0005209441679443,0.0078126321370328,0.0019120800688049
2667,0.0007744637454445,9.40124020703431e-05,0.0273892091679226,0.0039459366516198,0.0102566477627218,0.0016498553057436,0.0007397644004012,0.0001165143404762,0.0070535315952463,0.0010318323676422
2668,0.0007848949741595,0.0001809153172689,0.0279129426710791,0.0043309521234739,0.0165966594903038,0.0018523055347736,0.0007514131363201,0.0002243858219921,0.007190550422419,0.0010289598257053
2669,0.0216166397573619,0.0019824549149124,0.1671116366314349,0.0918266049711313,0.0872040023195797,0.0338149451762716,0.024609530151052,0.0020795165377251,0.1618466899837722,0.0874240014501068
2670,0.4991550491909115,0.0416927214943724,8.368844175233521e-05,4.436818768022968e-06,0.1600254739670667,0.005348240356226,0.0001079384844091,2.0857957044494337e-05,0.0002920438769118,0.0001011033227165
2671,0.4842790727565683,0.0427409690275951,8.456972522786444e-05,4.858238913940935e-06,0.1612847622377264,0.0045864053328311,0.0001009417201659,1.848225999589336e-05,0.0002784296544409,9.313601514408307e-05
2672,0.0007229157816556,0.0002743887482599,0.2166001306566218,0.0057055104585396,0.214220981301161,0.0042191215833921,0.0013390989218605,0.0003656022118015,0.08576618744842,0.0033275085596734
2673,0.0007121463178348,0.0002748905060155,0.376588675600458,0.0054433425452628,0.3741018620063053,0.0037434118855508,0.001772402869763,0.0003718346467485,0.1898374296128386,0.0039763607654298
2674,0.0007545872508793,0.0002382749061022,0.0376323160063849,0.0054256971173266,0.0341466434170809,0.0028518444530414,0.0009445079562794,0.0003035873818988,0.0127333531603935,0.0016253227708683
2675,0.0007464169316958,0.0002028861272605,0.0291278963968448,0.005114919873309,0.0223576118489272,0.0023923714057059,0.0008904716978617,0.0002566110323068,0.0081108426850519,0.0013003200453052
2676,0.0122245782252731,0.0015031259093755,0.1799705403975262,0.0849469449577889,0.0575083321486714,0.0249825374213748,0.0161960300952973,0.0015860789921822,0.1687380756123145,0.0775320864950208
2677,0.0007363550588816,0.000259867834985,0.0771232773280365,0.0057506231207237,0.0746249086607586,0.0039024373852629,0.0010403618873012,0.0003395515755528,0.0205531863828399,0.0020337316929752
2678,0.0007799830446149,0.0001406692009604,0.0289224116735715,0.0036972083614851,0.0059895149470222,0.0011469833907535,0.0007241610695103,0.0001736231588923,0.0072873216424795,0.0008032805730296
2679,0.0016241251135036,0.0002652509338997,4.633337063913959,0.0053599830981367,4.625762065578986,0.0033713221367192,0.0042503973520432,0.0003636522569223,1.880314989611516,0.0042705932247958
2680,0.0007451656925499,0.0002771590076016,0.6217576196930231,0.0053503855203934,0.6191408702593081,0.0036582200709371,0.0021774285368431,0.0003755811724703,0.3251371210414491,0.0043854977551209
2681,0.0199293641810683,0.0016849155431271,0.3158652288469758,0.1898730333248315,0.0449296150824165,0.0264886690840676,0.0273689037268712,0.0017814763441167,0.300950036619119,0.1738477930108069
2682,0.0007424962923692,0.0002731876206274,0.0679022920118742,0.0056387285978936,0.0654124464772978,0.0038313296657891,0.0010377491602371,0.0003583339819019,0.0187568453860462,0.0020184808709056
2683,0.0015798479950745,0.0011799596419962,0.0838206078822275,0.0147257065023141,0.0220973645073582,0.0073781483916983,0.0016488792530712,0.0011584838800684,0.02309980076613,0.0042945898888247
2684,0.0564815685293396,0.0189515609859046,0.0016519571433874,0.0005102950370432,0.2788306771618467,0.0224355145384635,0.0003610374113512,0.0001079449110931,0.0015727417234095,0.0005108408634588
2685,0.0013044509268384,0.0002735083878339,2.468238747833055,0.0053062104873684,2.465566004060495,0.0034275683605468,0.0034904824604489,0.0003751287111975,1.110622142588418,0.0043430786876229
2686,0.0113698356082005,0.0014761926721669,0.2848056177142493,0.1835730167022136,0.1251908958935504,0.0535069429424255,0.0168879685558017,0.0014702260671642,0.2733216538775666,0.1665827373313449
2687,0.1727117672236168,0.0078144407298619,0.211575565314574,0.0108185540338834,0.15587495063882,0.0767197126642088,0.0119156014635239,0.0036554151609729,0.1778642855704924,0.0107862178524368
2688,0.0013658463150767,0.0009376191468079,0.0258374237711815,0.0065446666837088,0.0210744102592016,0.006954007096211,0.001297871037579,0.0009959866336702,0.0115770002227709,0.0037065987725255
2689,0.0007642920878406,0.0002226195731153,0.0277808202529429,0.0048155456939911,0.0190583217920142,0.0020757178185876,0.0008439754332437,0.0002813007464021,0.0073197205327948,0.0011123888197937
2690,0.5284450137817681,0.0317800639243792,5.237165151261749e-05,3.213411900596765e-06,0.1401037370616888,0.0071094881212093,0.0001063778183283,3.4551335614115e-05,0.0002162616533201,0.0001162849508758
2691,0.5250844910350305,0.0368378519777605,6.397094828274935e-05,3.4459098349019256e-06,0.1463417023961492,0.0068246134980336,0.0001172793608609,2.818098550687953e-05,0.0002470601488416,0.0001094170412172
2692,0.000741308468624,0.000276743465289,0.10361002504628,0.0057895506326555,0.1010207663535225,0.0041971683945538,0.001104479654082,0.0003642552561141,0.029458092612714,0.0023468541635221
2693,0.0007376017097131,0.0002848069530238,0.1444621623704612,0.0056603944535076,0.1418869123946363,0.0041441654158793,0.0011994265862033,0.0003782821718945,0.046580510793996,0.0027230732944462
2694,0.0011076458641849,0.0002839514470004,1.537175556704626,0.0052982111128888,1.533273816104197,0.0034931607530492,0.0030339214094208,0.0003882981925948,0.7342155715266042,0.0045055809138189
2695,0.0007368694854594,0.0002879971864488,0.189645695536029,0.005762353146825,0.1872761090043035,0.0043282278640621,0.0012822406502678,0.0003818883801907,0.0703728869624111,0.0031363167936647
2696,0.0007430672534265,0.0002713275362973,0.0427006065160935,0.0054618614612182,0.0404691656325805,0.0032085094933482,0.0009742252864413,0.0003510960642195,0.0123576553601758,0.0016707186222951
2697,0.0007129197287052,0.0002655641545131,0.3837775144893655,0.0053885133534719,0.3807460596336542,0.0036215262985767,0.0018451526234263,0.0003614509701147,0.1955328974701976,0.0038640715095639
2698,0.0007206379316954,0.0002776986898689,0.3821599898709311,0.0054606907882855,0.3798542581956634,0.0038634025316948,0.0017179476758072,0.0003748116736798,0.1890957569330353,0.0040347534117125
2699,0.0017208223680546,0.0002690324123849,4.220967534850428,0.0054017225044094,4.208252288429641,0.0034119954202646,0.0044763555072047,0.0003648016815744,1.7532015732893549,0.0044186554938687
2700,0.0007269744001361,0.000287386438149,0.100462348508817,0.005704590044121,0.0978604674659402,0.0041229276275214,0.0011157824807685,0.0003778430085414,0.0292779176999754,0.0023549817990912
2701,0.0015217770160058,0.0002757056271532,4.344715457154317,0.0053282771441596,4.3372223485121575,0.0034242205075197,0.0039910329699486,0.0003782107630757,1.7868379218227917,0.0043944294653758
2702,0.0007744988880702,0.0001505582414019,0.028892938398365,0.0041531844918692,0.0100853791984741,0.0015900070302123,0.000727578315738,0.0001868676419215,0.0073985299344739,0.000970728055242
2703,0.0656938177133344,0.0050134221950488,0.2419530088054438,0.0332809107778959,0.1363857936238794,0.053936351849222,0.0175781482353383,0.0041213502287593,0.211246481067611,0.0331587064269259
2704,0.001750307448148,0.0002743254532172,5.142293060677067,0.005378125127891,5.130996582633687,0.0033914443251926,0.0045483757906913,0.0003721271383607,2.0703376674060103,0.0043148076393254
2705,0.0007682306135747,0.0002822643393623,0.6873111737134975,0.0053084206209045,0.6838225219994366,0.0035798795756542,0.002243243091786,0.000384090717755,0.3579321441638677,0.0042938475291866
2706,0.0016514780120711,0.0002665157166502,4.628909640515792,0.0053592952847842,4.622459429815355,0.0033758408964426,0.0043134561774603,0.0003632100074976,1.8889270668254767,0.0042548163084499
2707,0.0007251104311535,0.0002882272952436,0.4285153083390755,0.005398353533924,0.4260846411451525,0.0037356829535693,0.0018629603479947,0.0003885322166239,0.2206621221748128,0.0041241411849338
2708,0.0017841602428033,0.0012681955595048,0.0424068885196284,0.0100916047643778,0.0231122944681446,0.0074788881586615,0.0015924972167264,0.0012058566287167,0.0153944087108267,0.0041856233937978
2709,0.4299209144602639,0.0479040862405106,0.0001320159067538,7.676456006558857e-06,0.1928930498137405,0.0040880884141647,6.235671740902879e-05,1.7293674968630723e-05,0.0002317678557979,6.936413610992035e-05
2710,0.0423481584383259,0.0034979610776272,0.1383756470891358,0.0432051649607065,0.1087384568707876,0.0509518244616956,0.0222855722035913,0.0033801651207618,0.0941685030959778,0.0426464490586499
2711,0.0007575044258068,0.0002378768851243,0.0281004715978187,0.0051066884057736,0.024210119092621,0.0023808005901338,0.0008689866778547,0.0003008837775338,0.0088317980956675,0.0012803662378163
2712,0.5084674071552269,0.0400493478420119,6.870157353820198e-05,3.906279495988714e-06,0.1492451317927397,0.0043403247407966,0.0001100366917831,2.1104243987533736e-05,0.0002456513985074,9.001966690334736e-05
2713,0.0011686053830097,0.0002799756094101,1.6702851543704635,0.0053255498180694,1.6670294784814603,0.0034950182425907,0.0031674038153855,0.0003832250129582,0.7909870192694292,0.0044916415075471
2714,0.000767540933119,0.0002869622888437,0.0285531122528139,0.0036124996660438,0.0098292094751142,0.0026813485067824,0.0005046253858019,0.0003460930619749,0.0072090676606035,0.0016419698120063
2715,0.0007819478951278,0.0001635929623511,0.0286210260187907,0.0039843309542382,0.0090441478915254,0.0020574600564958,0.0006887685260152,0.0002041429750046,0.0072292717493342,0.0012073993924908
2716,0.0007866756203341,0.0002290210280384,0.0264289062403083,0.003245148155769,0.0098167276238608,0.0021588626178761,0.0005678023455417,0.0002822161328501,0.0068097523282808,0.0013495322393339
2717,0.0011530598828558,0.000269452883294,1.7111908630670207,0.0053272889930809,1.7075916909878657,0.0034617031235779,0.0031403946253944,0.000371168961579,0.803467745532093,0.004412870178787
2718,0.0012547317626271,0.0002694711486187,2.177523572923185,0.0052715368740242,2.17428583271012,0.0034342846668469,0.0033746956992479,0.000369508577538,0.9999218847215192,0.0044502221091595
2719,0.0007358479577231,0.0002529217699437,0.0313251338802255,0.0052409944200921,0.0289020035000692,0.0027979273503642,0.000910511540901,0.0003244811493033,0.0104015572520564,0.0014058497854841
2720,0.0015954443588205,0.0002664355561779,4.386710684805973,0.0053596999789138,4.380550622392078,0.0033702021092013,0.0041819490094718,0.0003645275557479,1.7973544964226489,0.0042428766226712
2721,0.0014555015204847,0.0002646618596908,3.481482139914008,0.0052738219151633,3.473391221349124,0.0033904116675561,0.0038446036682868,0.000363118923294,1.4901083237148451,0.004325240240899
2722,0.0007758909876154,0.0001589873929508,0.0286371054213754,0.0040673665351605,0.0103984515875555,0.0014478565385448,0.0007446652715897,0.0001966003390792,0.0071419849055035,0.0008926119429705
2723,0.0007166818280261,0.0002764934031374,0.5150089713200795,0.0053861334991811,0.5121284789662738,0.0036683779585209,0.0020677730349576,0.0003767485939208,0.2718627079798909,0.0042031641460808
2724,0.0007469574125676,0.0002426837598863,0.0377040921694371,0.0054707249685852,0.0346841240441697,0.0029602700385977,0.0009497336330888,0.0003114467293863,0.012508480247608,0.0016154274126128
2725,0.0007386953830119,0.0002860918743949,0.0843147107309924,0.0056600012629851,0.081716606547217,0.0039380999423588,0.0011011309422184,0.0003762134231329,0.024392622823833,0.0022550160356635
2726,0.0007291577136558,0.0002840732359697,0.1489851466140472,0.0057099590781465,0.1462176541612226,0.0042018708989873,0.00119109447221,0.0003761688800866,0.0446642292281872,0.0026692763178472
2727,0.4068807784983505,0.0591606800672768,0.0001652854676889,8.986740307659247e-06,0.2288706614531991,0.0042244734845459,4.715915158513594e-05,1.9490277253027792e-05,0.0002770596982196,7.833850822090699e-05
2728,0.0007232700021327,0.0002821278730342,0.2195247069605379,0.0056310054326189,0.2171039912511351,0.0041243982616846,0.0013391641477664,0.0003770961760486,0.0844403556914749,0.0032498552906395
2729,0.4569068290167908,0.048607508195012,0.0001175517231125,6.178525471696734e-06,0.169524143641152,0.00359987702125,7.35152763772658e-05,1.5134539270313456e-05,0.0002563611226376,8.089453345852203e-05
2730,0.0007271352743892,0.0002870575194884,0.1657375324296418,0.0056219590237841,0.1630039395909695,0.0040588714785324,0.0012680819102671,0.0003836039501776,0.0606257084883806,0.0029428748407671
2731,0.0008110874487298,0.0001389307328109,0.0253977846253469,0.0038795343934629,0.008817506685978,0.0014755936636377,0.0007584420679905,0.0001710181866456,0.0064498946462324,0.0008901642325666
2732,0.0007238361372346,0.0002783108522855,0.4539035687872312,0.0053591596697784,0.4510130209671613,0.0036583023255587,0.0019438810617799,0.0003775841458156,0.2324109895609417,0.0040434764072046
2733,0.0007574508194854,0.0002333823046986,0.0273244928243134,0.00326389216835,0.0097036862472164,0.0023002400995686,0.0005677312401152,0.0002856030588157,0.0069368941178217,0.0014087612664766
2734,0.0007454831240478,0.0004114879645353,0.0275952642061728,0.0039707215885182,0.013770931593774,0.0037114846837145,0.0007234554458336,0.0004844338507582,0.0085661250562332,0.0022213558545673
2735,0.0007641821313538,0.0002155821613279,0.0275694522815943,0.003736304723578,0.0130195318560671,0.0027978445511433,0.000527355370754,0.0002646930270219,0.0070022931295778,0.0017927261513184
2736,0.4571010224476521,0.0505491647805868,0.0001063295927918,5.839515647892225e-06,0.1675909519929674,0.0032568150344503,7.655031179827991e-05,1.5310960564378944e-05,0.0002432880893057,7.671519050405815e-05
2737,0.0007979285148219,0.0001202063974237,0.0277824825673587,0.0036419363374024,0.0113360033839093,0.0011941527372444,0.0006475626046313,0.0001503605656664,0.0070337538851921,0.0009754130892795
2738,0.4086493852986566,0.0074158762221306,0.1966663202468726,0.0180897597441299,0.1307009662568306,0.0566164036065649,0.014673814109747,0.0045175047297034,0.1640821157913805,0.0180661315081863
2739,0.0011742015935563,0.0002678757556511,1.7727564453495332,0.0053167352551156,1.7694769029034465,0.0034518014364165,0.0031855813568919,0.0003678416567953,0.8416181100940465,0.0044125987341854
2740,0.0013253603128256,0.0002705081796067,2.7358977296962057,0.0053160005233345,2.7303429667776404,0.0034364318778346,0.0035371585339521,0.0003719815591361,1.2211360667439788,0.0044207543389712
2741,0.0007348436320854,0.0002619046121305,0.0317002863046373,0.0052898340460249,0.0297928801219246,0.0029414477478344,0.000936134910589,0.0003382574598616,0.0098596464824241,0.0015170794238357
2742,0.0007265733432377,0.0002847552285088,0.5775861494768776,0.0054228520465294,0.5753963016398417,0.00383887101387,0.0019411165730316,0.0003857282114791,0.2960083313628245,0.0045600564515064
2743,0.3924837603664872,0.0601897933400082,0.0001889499732314,1.0323080906299051e-05,0.2478632030419882,0.0040967962131086,3.917218201138603e-05,1.5828196753451654e-05,0.0002699495558465,7.032917468090655e-05
2744,0.0007825412054943,0.0001141360525841,0.0285498803834488,0.0039664569032747,0.012342456084774,0.0016824205300309,0.000683110286507,0.0001417287183132,0.0071171799246954,0.0010800407262077
2745,0.0007405651089449,0.0002920158487715,0.1596670597081786,0.0056897521580737,0.1570547407582647,0.0041840796957956,0.0012557430777713,0.0003880778165607,0.0570761791989941,0.0029252881379269
2746,0.4380471869575159,0.0488694574527119,0.0001233840712675,6.890263872201263e-06,0.1806558804989137,0.0038510362396352,6.41176800898473e-05,1.609307816681109e-05,0.0002646175053065,8.258778578975881e-05
2747,0.0007504663569802,0.0002118058867153,0.0289519721251723,0.0046235101504555,0.016492731649194,0.0017371136830161,0.0008404704287534,0.0002659709570919,0.0073011226826547,0.0010014861605551
2748,0.0007130320210333,0.0002712570779001,0.3883905594375182,0.0053648701388135,0.3851545519125828,0.0036202581464148,0.0018217967646223,0.0003694200141066,0.1965581667886942,0.0038782916352136
2749,0.0007280924933059,0.0003186296240714,0.0266753514355783,0.005050590721399,0.0133709878603733,0.0038869001018423,0.0005502564411936,0.0003808138597918,0.0080436137530378,0.002152486185029
2750,0.0007254860832718,0.0002711588215811,0.0569016184236695,0.0054860533368412,0.0543868172543567,0.0035949147658665,0.0009989926192625,0.0003550336086999,0.0152202852102955,0.0018213779007977
2751,0.0007245717778658,0.0002795621732583,0.1483991890067832,0.0055720544489889,0.1458079932341819,0.0039467827974766,0.0012954300524759,0.0003727454469299,0.0589846036894158,0.0029506416602176
2752,0.0300561286051316,0.0025770087384082,0.1779432735273396,0.0637607707017677,0.0937641750189507,0.038115159383108,0.0253436760615077,0.0026285087449129,0.1295862812161803,0.0615270831154561
2753,0.0007831470138347,0.0002750163015238,0.7393638904909654,0.0053390446869218,0.736228948247261,0.003625510448016,0.0022709338288569,0.0003748623828367,0.3867621204140024,0.0044522292416595
2754,0.0007391247018886,0.000276407664188,0.0289945635653296,0.0052714707885647,0.0262674497276334,0.0029881147848335,0.0009848740661864,0.0003608654167521,0.0092481919532823,0.0016855229398222
2755,0.0010414644506914,0.0007075033160396,0.0722818874847141,0.0201475705913086,0.0233952991267604,0.0072337216981718,0.0010666269684814,0.000785950840343,0.0209615652858477,0.0046217368579495
2756,0.0007232099769329,0.0004204316742039,0.0272172270489836,0.0034839803399378,0.0109528951007357,0.0029954303009859,0.0007025041977503,0.0004892160385766,0.0069108400910991,0.0017077263981922
2757,0.4859852476737826,0.0399430101850802,8.655158667751269e-05,4.837478918827234e-06,0.1617804680824833,0.0044347790898564,9.75068651981447e-05,1.744386289326285e-05,0.0002642326370403,8.786450786939874e-05
2758,0.0017912212920902,0.0002727005988139,4.5189761015456025,0.0054550816125544,4.501921840471564,0.0034826425762159,0.0046341961944411,0.0003686480399691,1.8610202409987469,0.0045328592215392
2759,0.0007258320762438,0.0002804045979084,0.2421356125962748,0.0055577447602341,0.2397056298372537,0.0040208749627653,0.001419099038876,0.0003747466661834,0.1024171089887843,0.0034611113304968
2760,0.0007124533245636,0.0004106014113856,0.0265595813090398,0.0044382089329114,0.0131199543020481,0.003331389934347,0.0010912918448509,0.0004803782980456,0.0073148245338501,0.0021537154523605
2761,0.0010392894953974,0.0006773562473893,0.0258123520223644,0.0055799613576296,0.0170925567677241,0.0057154006505219,0.0009964959831388,0.0007511627834202,0.0093459511449915,0.0030129629565655
2762,0.0013827315463301,0.0002767992031878,2.882824932224205,0.0053318386936932,2.876306496962619,0.0034186677563951,0.0036726405761756,0.0003794337277096,1.2739624913826746,0.0043339783687279
2763,0.0012623756258219,0.0002759621525441,2.248586393016073,0.0052956548186184,2.2455730373014093,0.0034299795864413,0.0033930234229634,0.0003775185626405,1.032495210775944,0.0044017288967277
2764,0.0007644170950053,0.0001613840586237,0.0292405986300551,0.0043387982054344,0.0138065221905376,0.0015535941944881,0.0007688109370233,0.0002000557677689,0.0074056673818436,0.0008971297347014
2765,0.0007392248376638,0.0002493333818536,0.0288828060959479,0.0051267355653321,0.0220678381531825,0.0026624574679245,0.0009691932733542,0.0003208013240291,0.0076607685441731,0.001536944094229
2766,0.4623290039114957,0.0434537829750804,9.93955310305282e-05,5.675966831500038e-06,0.1651919428251959,0.0039451827031556,8.645649934529581e-05,1.627265071449297e-05,0.0002347714206232,8.529482009771608e-05
2767,0.4397596841617429,0.053141913039697,0.0001395000520965,7.071766040728576e-06,0.1958003076305855,0.0033306994212462,6.073932220655329e-05,1.4526439221775208e-05,0.0002755523592252,7.796462903736533e-05
2768,0.0007783022012224,0.0002161817826629,0.0268601989607265,0.004843623408722,0.0188968030657372,0.0021774916179651,0.0008173927330176,0.0002715567142361,0.00700716435132,0.0011803470530884
2769,0.0007476104384877,0.0002522969314837,0.0288414560055582,0.0049054700632115,0.0175751019163216,0.0023966486479488,0.0008507722940096,0.0003228034590539,0.0072244890108917,0.0011985421945568
2770,0.0017843772115422,0.0002697548999505,4.549859447597234,0.0054102610552119,4.535152175650419,0.0034296313138512,0.0046252402469201,0.0003653923319225,1.8747890446262605,0.0044276583047596
2771,0.0007593940926789,0.0002029563630988,0.0287830563743528,0.005013296240031,0.0186195943553751,0.0021222566393998,0.0008698333759544,0.00025509417386,0.0074004161467745,0.0012454873151879
2772,0.0344238758240515,0.0027152607634718,0.2041515077009169,0.0717418120687543,0.1315623890573919,0.055754857922828,0.0299597063736325,0.0027367488553508,0.1766156960395298,0.070136159134732
2773,0.0012562240000292,0.0007732508361241,0.3063056775645469,0.0818549183235025,0.0869213423821381,0.0122578035026706,0.0018013297827944,0.0008473049264821,0.0770305297695028,0.0091571049019093
2774,0.4392132689111652,0.0522576794224185,0.00013907703596,7.319230385274295e-06,0.1957841820642694,0.0030944372686657,6.013724336410517e-05,1.2757422941158936e-05,0.0002442617359358,6.598079810685724e-05
2775,0.0010039633011556,0.0002739444067759,1.1955845062503918,0.0053131061034404,1.1917096747927425,0.0035105505956431,0.0027927883326506,0.0003754970734601,0.5819444194306439,0.0044495734452064
2776,0.0016894104944505,0.0009970422264529,0.2428786073480335,0.0580901833044123,0.0636906450212499,0.0105058331539149,0.0025258292470884,0.0010223802373198,0.0580776613886275,0.0078212510770399
2777,0.0007398628180309,0.0002846685262646,0.0919235720523913,0.0055826840587317,0.0891871811975895,0.0038974209952495,0.0011250778649899,0.0003767428692202,0.0267843136601697,0.0023418791036587
2778,0.0007302475201608,0.0002850824303234,0.4784945532878809,0.0054151739039382,0.4760412096782414,0.0037914916805441,0.0018513086405071,0.0003853835463763,0.2409842424356718,0.0042409867366883
2779,0.0007290058231159,0.0002880456583998,0.4191817139580795,0.0054656704416229,0.4168979660029502,0.0038723508771483,0.0017419163698899,0.000388256024809,0.2075084480920401,0.0041592017685622
2780,0.0007808207936417,0.0001268325294523,0.029159613374072,0.0037458886706337,0.0102122426618353,0.0018093973040881,0.000671712218854,0.0001598370072991,0.007346457537794,0.001091133402915
2781,0.0007389428158767,0.0002588819576814,0.0374839662498843,0.0053569547976827,0.0347262089345214,0.0030052505531252,0.0009213421374472,0.0003327296047687,0.012193020184142,0.0015042871122031
2782,0.0013522310399756,0.0002740860823265,2.738968042317915,0.0053341293144867,2.7335584731227174,0.0034182633552475,0.0036011142214266,0.0003760020916514,1.2214409114637197,0.004334707860789
2783,0.0015734143507691,0.0002732386063207,4.595944506358284,0.0053368857893182,4.589595791764904,0.003387070736402,0.0041238378352588,0.0003744662956106,1.8731083920678429,0.0042790264357027
2784,0.0007113002340077,0.0002879336820288,0.4394182872227966,0.0054503634500358,0.4370234711020344,0.0038106667954747,0.0018323134340839,0.0003890392223275,0.2210089063706449,0.0041674280725708
2785,0.0007511682507145,0.0002842315862354,0.0279300963425969,0.0033536710878497,0.011849273006475,0.0025548236109954,0.0005369747275838,0.0003432539550542,0.0069928473255779,0.0015457294676469
2786,0.0009594024885363,0.0005865670316697,0.0264448674868594,0.0058360732142594,0.0167619728194022,0.004174148697814,0.0009369113626119,0.0006614000702554,0.0099705574513429,0.0026365691756242
2787,0.0014319775330424,0.0002695026388076,3.3091874520211566,0.0053422614448098,3.302144221595376,0.003397964205813,0.0037899539360334,0.0003700591666971,1.4295771560093549,0.0043064569692741
2788,0.0007128600888194,0.0002788920080758,0.5624429464695947,0.0053599313135581,0.5592920346538107,0.0036259029060666,0.0020245994016712,0.0003780750281613,0.2840876137443159,0.0042011130524417
2789,0.0016018438914564,0.0002717911481125,4.418559839867071,0.0053811663141966,4.411577318153779,0.0033796857255253,0.0041962834538483,0.0003713427865097,1.82423512782262,0.0042725593431667
2790,0.0007948522167495,0.0001639163738986,0.0277494730485379,0.0043967134193493,0.0153108976734271,0.0017053638409608,0.0007592810380383,0.0002033692336971,0.0071253648294579,0.0009625471382444
2791,0.0011190634971509,0.000749220332179,0.1818531912436022,0.0508207926645728,0.0369833090503031,0.0068998323071135,0.0011456958492931,0.0008243252971198,0.0355464659333172,0.005505112905871
2792,0.000777386029264,0.000195914142051,0.0278967387809011,0.0042678398507222,0.0104419099332517,0.001433206146835,0.0008182839279032,0.0002444613396939,0.0070538300284863,0.0008814639877282
2793,0.0017391438683274,0.0002721894319783,4.7789568672407,0.0054019604130232,4.766686975698638,0.0033981747082839,0.0045199711243831,0.0003689764303502,1.9448140982800133,0.0043594794176274
2794,0.0017615294227408,0.0002708092580153,4.474529483276933,0.0054322570679045,4.461320492620458,0.0034304950474235,0.0045741634924858,0.0003669521500197,1.8524228896750372,0.00440816146554
2795,0.0010691252983243,0.0007082148502402,0.0250154142345458,0.0050395847920662,0.0144362258170856,0.0044102889187579,0.0011019432710642,0.0007768765774047,0.0080023479476546,0.0025300994331635
2796,,,,,,,,,,
2797,0.0012919225511981,0.0002761363220209,2.3399865920436853,0.0053381013614683,2.33702163151188,0.0034396191549011,0.0034571760581368,0.0003785919400664,1.067957032902872,0.0044529503047987
2798,0.0011139598707831,0.0002831249807726,1.530523723812876,0.0052941638579181,1.526943097453194,0.0034995328052876,0.0030447654912793,0.000386700423284,0.7260376014244864,0.0044652108122045
2799,0.4490491330496821,0.0518794171983438,0.0001246331823052,6.606576992091954e-06,0.1757179835427368,0.0030338384775021,6.560239753258405e-05,1.4762260444260646e-05,0.000234307236121,6.80754251737318e-05
2800,0.0013195591972922,0.0002750700157484,2.6252473584872797,0.0053103521001415,2.620342202264558,0.0034398083953042,0.0035252576383505,0.000378059316283,1.1775836140784108,0.0044224384884104
2801,0.0010973618804351,0.0002727055755543,1.4711389416110752,0.0053149616291761,1.4672631279085977,0.0034820955779978,0.0030113029876635,0.0003751620878685,0.7120317908961906,0.004449256131017
2802,0.0007384026982614,0.0002522305100929,0.0733932717802849,0.0058470961238993,0.0709488147580575,0.0038955772807534,0.0010528720419876,0.000328077982883,0.0210936989852986,0.0021091583555974
2803,0.0007990349317315,0.0002031743862047,0.0253469162661322,0.0035173695911404,0.0113033739737558,0.0027478370111386,0.0004864618910274,0.0002496905100555,0.0069579991269069,0.0017739231098643
2804,0.0007330590403486,0.0002620140856613,0.0462807775267786,0.0055085832746973,0.0437535934247351,0.0032519734734222,0.0010205303747255,0.0003397593695069,0.0132270860894437,0.0018441965885084
2805,0.0007738782866653,9.199786239736914e-05,0.0276774406781606,0.0038938452100035,0.0106543737047312,0.0013344759840257,0.0007267108632357,0.0001140160197901,0.0070832366574244,0.0009356248989719
2806,0.0013017255644052,0.0008712116534569,0.1011316552322529,0.0488652970286922,0.0286598323427049,0.0072472630901307,0.0017304005981523,0.0009565422045966,0.0390607938762319,0.0081102082053061
2807,0.4599414166493693,0.0366398073412969,0.000115023091625,6.062673918909569e-06,0.1669792910818915,0.0046279341645501,7.67822558044266e-05,1.6277392327057564e-05,0.0002277247593893,7.167591877613119e-05
2808,0.0067744202587898,0.0018303231032069,0.1456057170405504,0.0626960511428073,0.0771898153446438,0.0282404921138926,0.0087231135669283,0.0016650072655924,0.1304116007148133,0.059056806387148
2809,0.0007228479438546,0.0002815527240264,0.3417006388603015,0.0055360665218068,0.3395914705712176,0.0039462182743223,0.0016564742261747,0.0003790056061535,0.1668436576418964,0.0039787902284248
2810,0.0007354170366378,0.0002839572464112,0.1059173692559336,0.0055582832993499,0.1031500466043205,0.0039066274697857,0.0011386618913275,0.0003759789973498,0.0299280227593182,0.0023961084584282
2811,0.0007351607875612,0.0002839863119577,0.1753592521765389,0.0055718477403683,0.1726501663719486,0.0039719185451169,0.001294237461508,0.0003796304789854,0.0648077889593597,0.0029969938251168
2812,0.0401559736094278,0.0029084829212052,0.2641511549089779,0.0857504082111841,0.1288210738201198,0.0511176664650347,0.0335604767580259,0.0027631877826261,0.1784340903742085,0.0837334768237187
2813,0.0007253769040822,0.0002783789936523,0.1711658380243038,0.0055488627021434,0.1683868952636768,0.0040086040238464,0.0012803687278744,0.0003725164084802,0.0632814268957114,0.0029739432902456
2814,0.0024806994238126,0.0015761359148705,0.2539847289887181,0.1472539305077882,0.1281645724493616,0.0411307695339324,0.0046968326438049,0.0014996466631144,0.1817459785308769,0.0577381002920178
2815,0.0007415556539885,0.0002721478967201,0.038223003727227,0.005495667547755,0.0363355803677552,0.003220258313238,0.0009525511453767,0.0003516869955712,0.0116457635076236,0.0016388851377612
2816,0.0007655207340364,0.0002867332705245,0.0274562075274187,0.0033729014768128,0.0125814193014588,0.0026058996015285,0.0005374634529186,0.0003475283663924,0.0070340320704156,0.0015480728803654
2817,0.5304770910421768,0.0375519587370246,5.97145083770309e-05,3.236936836030588e-06,0.1430469955065067,0.0055455153178927,0.0001133908910331,3.075516966679024e-05,0.0002071653122748,0.0001028965692512
2818,0.0007589620896066,0.0002097940949702,0.0287156290690124,0.0045253836692166,0.0129633264822503,0.0017165861009044,0.0008350985237607,0.0002631419452121,0.0073976808601644,0.0009817850878306
2819,0.0007700176500876,0.0001951140252206,0.0280939704281772,0.0042954413777335,0.0146147578039999,0.0016689533163814,0.0007854843732703,0.0002431286502592,0.0071992257307517,0.0009455865550008
2820,,,,,,,,,,
2821,,,,,,,,,,
2822,,,,,,,,,,
2823,,,,,,,,,,
2824,,,,,,,,,,
2825,,,,,,,,,,
2826,,,,,,,,,,
2827,,,,,,,,,,
2828,,,,,,,,,,
2829,,,,,,,,,,
2830,,,,,,,,,,
2831,,,,,,,,,,
2832,,,,,,,,,,
2833,,,,,,,,,,
2834,,,,,,,,,,
2835,,,,,,,,,,
2836,,,,,,,,,,
2837,,,,,,,,,,
2838,,,,,,,,,,
2839,,,,,,,,,,
