tracer_number,CO_max_error,CO_l2_error,C+_max_error,C+_l2_error,O+_max_error,O+_l2_error,O_max_error,O_l2_error,e-_max_error,e-_l2_error
0,0.5594994694978438,0.0318713713111608,3.4065606296099494e-05,1.934418729941773e-06,0.123597769352045,0.0092724809705725,0.0001472248554273,6.591587444050367e-05,0.0004131923421825,0.000175134089736
1,0.0021816933605029,0.0002774663872549,7.902453077121554,0.0055046548048965,7.843760082232406,0.0035965122698891,0.0055505176276204,0.0003753600744926,2.8684037214290696,0.0053849293743391
2,0.0167774548910193,0.005753451548915,0.0025585299837481,0.0012276825728921,0.2928945688896233,0.0041663454038671,0.0003368736739425,0.000143770583739,0.002492960543037,0.0012131875983316
3,0.4960458349972981,0.025557329823,0.0420351104690581,0.0058307060159411,0.4044923825872544,0.0282490872531408,0.0001096525140702,3.731780371825943e-05,0.0404552483703257,0.0056668035880668
4,0.2647923021236367,0.0096840550386199,0.1932430397588647,0.0090916230811566,0.368010564608692,0.040928213663885,0.0105991460429466,0.0028195691740271,0.1875467946126012,0.0090391149052103
5,0.1224301010236346,0.0098997343538363,0.0791070071995321,0.0097246916876569,0.7091451153549577,0.0371155053887116,0.0004164150253635,8.014966358038696e-05,0.071844915799046,0.0095207535851882
6,0.1919190996846388,0.0362560240925638,0.0022649119039261,0.0003540582304864,0.4871012651643038,0.014056167480328,3.4040391482271194e-05,7.091549210151141e-06,0.0021888337230737,0.000350722842349
7,0.396120367640764,0.0485500844680847,0.0004130092878918,3.891014718557085e-05,0.2462299297790091,0.0093785748976966,5.5182308574762985e-05,1.976364518833464e-05,0.0004586285012873,0.0001051883561922
8,0.0007344638675897,0.0003471279373797,0.0269447659118861,0.0036047134640308,0.0110606873888495,0.002937203719696,0.0006045368694208,0.0004096456113705,0.0070515506992062,0.0017791564452666
9,0.3970767092280077,0.0523212770193981,0.000212855644159,1.0318304495876249e-05,0.2612622687731314,0.005377383295218,3.855107502384908e-05,1.9918184487526243e-05,0.0003214510712645,9.55865992165648e-05
10,0.447336427926974,0.0075936255968842,0.1518066754667693,0.0082908447625703,0.266021424719273,0.0310499117581531,0.0033540797017223,0.0007877812224429,0.122474942389378,0.0082592172823163
11,0.1674049188491884,0.0232808635906387,0.1204535425043526,0.0095447690781064,0.5638687063387806,0.0275729243863243,0.0004428657889391,0.0001396253072045,0.0981562962633594,0.0092579275128937
12,0.0010741129720658,0.0002808348916678,1.368381246937879,0.0053093586132341,1.3638964205109747,0.0035512476544822,0.0029638688510006,0.0003859558717358,0.6633486566557799,0.0046158142545642
13,0.0037301217364707,0.003404050940145,0.1531768217194575,0.0130132664746178,0.1113145741619244,0.0213938037880312,0.0025332337604451,0.0018575695875936,0.0947329538521942,0.0110716866302296
14,0.2791256926085514,0.0386122894286409,0.0004065688156273,5.449953080832613e-05,0.3510264396664549,0.0129165140264473,6.910802195325673e-05,1.742921452617108e-05,0.0003822899662341,0.0001201324010269
15,0.4853172217888437,0.0612266991969548,0.0064994363755833,0.0010437167362268,0.2929370606935511,0.0129650350560961,0.0001289999823711,2.937508200892721e-05,0.0063402622347227,0.0010164083428263
16,0.3035935094532829,0.0054481805912332,0.0626555020409506,0.0105535752162471,0.6035412968754851,0.1510661601320538,0.0023411939286151,0.0004610739371319,0.057300288003694,0.010508745889971
17,0.4512755712854941,0.0212281289011641,0.0002860231307545,6.354193863167412e-05,0.1682691504390796,0.0212862353982684,7.120033824715061e-05,1.821537651896049e-05,0.0003608487573645,0.0001205830894452
18,0.1630051510688806,0.0198042898399556,0.0045933953508183,0.0009408591961084,0.5269159985391445,0.0237994346930955,6.240755356357233e-05,1.6072079175568e-05,0.0045328073712829,0.0009134955543744
19,0.103038349548337,0.0236390844117885,0.001396205446909,0.0002640231300194,0.3430307911116857,0.0267055439837809,9.282728398046977e-05,1.8598709454971588e-05,0.0014195796780721,0.0002741093326914
20,0.3388413589931735,0.0321186138663804,0.047564737067306,0.0061800647263001,0.5601783404857174,0.0418988832885097,4.305588289395412e-05,2.219307540599878e-05,0.0437343116828142,0.0060252840999874
21,0.000844075153969,0.0005902705124815,0.0531732329090796,0.011983516725699,0.0169168511924507,0.0039953349947717,0.0010034815205969,0.0006691637553991,0.0156008473038625,0.0030153316974317
22,0.000736652564033,0.0002773429285321,0.080255028190531,0.0056557798016163,0.0774334939177657,0.003884684549191,0.0011941020168923,0.0003659455359218,0.0256730135355082,0.002347352173162
23,0.1837829036487195,0.0253845005002267,0.0587386125259803,0.0080435055442551,0.6201405579465704,0.0349433872996659,0.000403811567547,8.676536764077084e-05,0.0530882858941841,0.0077401009527028
24,0.3027784852327984,0.0482095298422144,0.0001488730908361,3.5141052929818014e-05,0.3786566943552371,0.0111839683760422,0.0001185722760723,2.8942465759790245e-05,0.0003251877601218,0.0001092629085751
25,0.4170070573391644,0.0250265906107718,0.0102807944691447,0.0022451664940275,0.3143782989258335,0.0398342663637698,7.051810654822469e-05,1.6705503712406712e-05,0.0101039167514309,0.0022003138685919
26,0.5058099635755435,0.0359889817434735,0.00013852075269,2.3685172978057077e-05,0.151684754892073,0.0218992621312385,0.0002314237173421,4.452057134496638e-05,0.0004843453816599,0.0001386791715612
27,0.4861405363050579,0.039326795650402,0.016915839376532,0.0035347975578737,0.3111816868920903,0.0241689489055915,0.0001054518165479,2.02537802664247e-05,0.0166131162936784,0.0034555873568037
28,0.0759741427455374,0.0070474510445857,0.0145437898566656,0.0038085912777687,0.4013068618850078,0.0133222975174556,0.0008711039224818,0.000183995334692,0.0142565145893354,0.0037202355694822
29,0.0017110891849893,0.0002854241887553,6.266904024450231,0.005339987947379,6.255668434857524,0.0033866276908664,0.0044735279230826,0.0003909811315772,2.40341252173071,0.0042637736410896
30,0.3020402367154509,0.0794963013971859,0.0006596583178606,3.1250879704469325e-05,0.5596590964176417,0.0040513673143207,4.851275666100724e-05,1.6860773493359306e-05,0.000661517654959,6.386559799633246e-05
31,0.1815162279636426,0.0071295228457589,0.1060357026327576,0.0103560938828813,0.3410107934555905,0.0997771697613635,0.0022088555458726,0.0006204073015771,0.1015659378494484,0.01031894919064
32,0.5256399752961339,0.0625933825926592,0.0018145182229302,0.0002375276919081,0.2420134517316094,0.011348041091732,0.0001186511090469,3.334053009364141e-05,0.0016889131361354,0.0002594329585445
33,0.2236464178285364,0.0116479385747618,0.1244211412675256,0.010163854325073,0.255178567984865,0.033449579922915,0.0079736830381301,0.0016861767037138,0.1197007907632809,0.0101133469933781
34,0.5001035369450713,0.0359515368370932,0.0062730070092498,0.0011056512396348,0.2168352854185831,0.0239591742461836,9.498697634031178e-05,2.4255075045987857e-05,0.0061552451933111,0.0010890393797878
35,0.1666990590323653,0.0075488699096876,0.2102228183750168,0.013714402251937,0.1997462793525263,0.1057422070609911,0.01236708654827,0.0035001960466133,0.1814394078085106,0.013664759627892
36,0.5067425944580107,0.0355196292259074,0.0072565273494839,0.001261538208142,0.2803303795177843,0.0245796180148296,5.661489419605463e-05,1.0492362621146556e-05,0.0069773475027054,0.0012189948423232
37,0.5417139091987054,0.0366877848375425,0.0011088256140626,0.0001544864687309,0.1302171922725137,0.0147327237328636,0.0001934860028028,5.5045553364223874e-05,0.0011890091011915,0.0002347925490844
38,0.0007463280587148,0.0002931443467967,0.1446465775260492,0.005809950671051,0.1417143806124072,0.0043360823464358,0.0012367458588455,0.0003883025863037,0.0453566527644802,0.0026986770834787
39,0.1567891513240503,0.006424606080143,0.0480920332079788,0.006303349299665,0.6057656390699858,0.0368043931799038,0.0001641570167973,4.039302278338618e-05,0.0438947104077966,0.0061827086866996
40,0.0199578720505196,0.0028488318597867,0.0142885340390864,0.0020063940315142,0.3244903088834562,0.0128529642882253,0.0001557004279902,6.618628216554313e-05,0.0139864009856938,0.0020250730061975
41,0.4286763731341195,0.0311905530838932,0.000733130874079,0.0001113928133814,0.1937010028667756,0.0131535583161036,5.900364306356227e-05,1.653674680202831e-05,0.0006390662001513,0.0001406350386303
42,0.4971216667957355,0.0325694020548716,8.565295755627178e-05,5.003085031106174e-06,0.160513381341197,0.0086303055736862,0.0001057007355282,2.5558593134416235e-05,0.0002362205541463,9.794554521920446e-05
43,0.1655813430599644,0.0215135413962791,0.0402997252741463,0.0056328040117054,0.5262142926339215,0.0126220532687455,0.0002287904596731,7.759149327979126e-05,0.0380419829822633,0.0054555563958262
44,0.1935446106121146,0.0052717183278896,0.0245176643288719,0.0039439768054058,0.5203092752362498,0.0967501901693465,0.0002299134782974,4.4511533443287e-05,0.0236367220906539,0.0038709200182124
45,0.1664840623801619,0.0106895505567167,0.0335164997044314,0.0057345706689082,0.4636106277023904,0.058320724785018,0.0006023688706425,0.0001241044896981,0.0320940353745593,0.0056107791938768
46,0.5221136763814989,0.1090047988129419,0.000150787468653,1.6981383151145487e-05,0.1401223974134421,0.0065097771059423,0.0001050189771675,3.308643339170958e-05,0.0002710824190291,0.0001186103256316
47,0.1696529074749538,0.0532292647078122,0.0208966381394592,0.0025150505026035,0.4514705663270666,0.0143218322871029,4.107313517829509e-05,7.679209199349793e-06,0.0205295299914002,0.0024556125885018
48,0.2501538104978666,0.0281126753031983,0.0038719184856663,0.0009400179577805,0.4696470760644422,0.0209574218904359,4.16024055994661e-05,6.602561781037815e-06,0.0038074413706713,0.0009203527975726
49,0.0205576652690798,0.0023526040384629,0.0177099974548024,0.0025349383815805,0.3795931939236445,0.0170637154538661,0.0001435190032864,5.334882037372936e-05,0.0173231986072873,0.0025535414270544
50,0.0018798576736579,0.0002846175329046,5.8982614442315935,0.0054874896396092,5.872846548061866,0.0034742233806055,0.0048738053944924,0.0003868788478129,2.318933010681991,0.0045214251155953
51,0.1975472659597595,0.018230426323339,0.1101645007003375,0.0062361896573969,0.5240587031248765,0.0205771881947764,0.0003242757589985,0.0001169782042654,0.1019902024612693,0.0060584365881929
52,0.0790732480783276,0.0062996691695664,0.0487254859302124,0.0053814676912322,0.5755246259748507,0.0327244981533562,6.631747943397598e-05,2.3171489026143272e-05,0.0450296106272803,0.0052616404131599
53,0.4774717120292506,0.0611851855816751,0.0014459865470908,0.0001645235890416,0.162326405342917,0.0130287415072572,8.725757441093422e-05,1.9986525858070316e-05,0.0014279750613447,0.0001957012935482
54,0.1808687308745295,0.0099019838255817,0.4192539122570413,0.0086978218194722,0.1575722577268022,0.0303168875088741,0.0126171376137264,0.0031467310659291,0.1550265865402889,0.008667186253963
55,0.2073270728258461,0.005874971266927,0.0766226980706931,0.0091188025831747,0.645933900182557,0.1533150484447034,0.0005798967889982,0.0001064331493333,0.0690658631678422,0.0089701474702297
56,0.1703285213952536,0.0314915852341715,0.0011919501475215,0.0002165252136408,0.5097245787803615,0.0241498528146416,3.677658027485511e-05,9.983038310517669e-06,0.0011756399634789,0.0002368850882381
57,0.438596786717083,0.038879404578032,0.0001297833450501,9.918191770147988e-06,0.1885000411000519,0.0114588019902055,5.95317458598193e-05,1.832169366548134e-05,0.0002902172850927,9.463404344914104e-05
58,0.4032210433149181,0.0229502868759877,0.000194774510851,4.430522641883047e-05,0.2487779146801377,0.017354452479883,4.5953603909043885e-05,9.841885460929596e-06,0.0002708325121189,8.256162953001378e-05
59,0.2875739360940777,0.0151112871151652,0.0007804718947657,0.0001301292568007,0.474164537688007,0.0156459542526994,2.7810717918868664e-05,6.810753258432059e-06,0.0007393591710929,0.0001240132005061
60,0.2247032854709631,0.004912426493903,0.1065211897090713,0.0071676809441163,0.2747587903367425,0.062085921410851,0.0020010736614456,0.0004891196986964,0.1021948125770572,0.0071372696987002
61,0.2385993627707534,0.0117755268765341,0.1676292352526879,0.0098308833511772,0.2588196292015413,0.0316552484008982,0.0126860873378426,0.0031417623883577,0.1508162397551661,0.0097723001782847
62,0.0016344924166111,0.0002788512456607,3.705362562688373,0.0054501257215768,3.694360473979125,0.0034277763217812,0.0042916096373414,0.0003807242093684,1.5818330558976197,0.0043902772545056
63,0.3610907449755621,0.0157468783050161,0.0085137073325966,0.0011442837710662,0.3031941780488021,0.0242165670690608,6.0844828329822135e-05,1.820358396911637e-05,0.0084143933447613,0.0011415687356605
64,0.0017191910450575,0.0002733063272492,3.963340520556172,0.0054658592948733,3.9494389812197,0.0034304659006521,0.0044865557208697,0.0003726010191104,1.6659710232237757,0.0044569688821872
65,0.0037172657530113,0.0035191172868703,0.2314889508550035,0.0192901314444766,0.0959746305951381,0.0213431854205707,0.0027538501372937,0.0020616036164684,0.0651973382669203,0.0156273565631763
66,0.4428769792562939,0.0421758324655647,0.0001174704065328,6.546516110611941e-06,0.1703135536897257,0.0044954340497601,6.758517490028859e-05,1.631230252030132e-05,0.0002568463997683,8.048395217703746e-05
67,0.5601825755690527,0.049077163307208,0.0031029446368856,0.0003440567794854,0.1933307828152539,0.026194381824001,8.127516033525608e-05,1.6510559864312662e-05,0.0030504232074654,0.000353993477046
68,0.1646785872503348,0.0094074625453043,0.003718850925389,0.000995792895548,0.4781514618834775,0.0255692997338631,0.0001670310781688,2.4099844484794364e-05,0.003712916790228,0.000976658496651
69,0.1301509763258778,0.0208096740526767,0.0258652549922205,0.005114586638664,0.4232387438889554,0.0274121906344466,0.0010173787500864,0.0002958967635117,0.0244503625815268,0.0049711519510974
70,0.0007672195995396,0.0001226548083279,0.0295182242539167,0.0037464940566773,0.0172221492737164,0.0022189201997386,0.000653737383005,0.000151006960564,0.0092884811632423,0.0015391716439697
71,0.2749505477329717,0.0265103764152729,0.0798292418453866,0.0088727640121458,0.6278918533325699,0.0347986869474809,0.0016916774688523,0.0001670081881314,0.0736753644049228,0.0086045046896904
72,0.4003221047884727,0.0280469783521393,0.0007411083128409,0.0001293053332132,0.2260077507960009,0.0169803573530672,5.693686877170129e-05,1.5163643069832296e-05,0.0007955808840447,0.0001610162135594
73,0.1177925522779026,0.0130437415348987,0.0581710496686896,0.007894253339807,0.4720862311040996,0.0461536194871615,0.0004491529145702,9.396463405912966e-05,0.0537595390760039,0.0076819715808805
74,0.1692441770663389,0.0090304339389311,0.2139900366128072,0.0074964691855143,0.3389965220965316,0.0332741189113162,0.0269149882741701,0.002748577365461,0.1876238998328667,0.0074564115015571
75,0.4971075853340665,0.0789129124841184,0.0002117246189552,2.320826787796357e-05,0.1510665283502047,0.0083136207903499,0.0001080861294272,2.653568135511188e-05,0.0003328779864323,0.0001137335653627
76,0.1101030281261066,0.0235211818374481,0.009674502924956,0.0019001538341264,0.5091940330711608,0.0281344305484194,0.0001051741540187,1.662142124082691e-05,0.0095244429498375,0.0018597801424277
77,0.4869451544598039,0.0295993478724881,0.0031669748902583,0.0005999792691526,0.1877931932342319,0.0288782028953708,0.0001052957458435,2.3218089910585786e-05,0.0029456354200672,0.0005711315760807
78,0.0020231582584958,0.0013543573725446,0.0246115136579424,0.0072825723055556,0.0257336285464027,0.0081869791895405,0.0017144315114085,0.0013214568435256,0.013023511439636,0.0043670514047134
79,0.1636356397056941,0.0087152505391508,0.171767993292157,0.0083817869430358,0.1613205353059125,0.0363421936986871,0.0054637757444782,0.0016574221346604,0.1229874037895822,0.0083554185092865
80,0.5462379862982797,0.0581602504827504,0.0014552177965105,0.0001770335359043,0.1369315915232324,0.0158096820511368,0.0001434977610992,4.32304674510359e-05,0.001489933786888,0.000241969913945
81,0.5343951955084696,0.0600144755816688,0.0006022287765236,5.903888809284631e-05,0.1325968762949349,0.0126118893150787,0.0001785937816785,4.854673012416371e-05,0.0006285992789815,0.0001634146894033
82,0.3589857141789896,0.0425427215540441,0.0361782234111842,0.0050988481153358,0.4114241241011444,0.0410410683721553,2.9954414399967244e-05,9.492092995904116e-06,0.0351110400315083,0.0049889059947877
83,0.186366425053127,0.0063339035468603,0.2364732124422308,0.0552240191639027,0.1262234174374102,0.0579936921190814,0.0269502395947657,0.0047282569706475,0.1359701317710503,0.0547627406786929
84,0.5653652512828002,0.046750024757868,0.0008383322639324,0.0001364463947068,0.1463484067532679,0.0199530749513322,0.0001615125313607,4.485663689479469e-05,0.0008657792936528,0.0002080721001148
85,0.2920112306076086,0.0377842464938067,0.0384727758241789,0.0055020224540837,0.5493851671934697,0.0301598539707529,4.9018189831986485e-05,2.144091328921149e-05,0.0369653793966495,0.0053509434234656
86,0.1216975531064594,0.0080329213068829,0.120315373089234,0.0093153601368734,0.296946917280798,0.0581942826261077,0.0039226811815783,0.0008400937103261,0.1166717104245182,0.0092712019841878
87,0.2554848437807514,0.0297468297546643,0.0047528036407786,0.0007392374423551,0.5246853578788904,0.0229019866038228,6.127165327191978e-05,1.0691407363064774e-05,0.0046421594559393,0.0007015216693749
88,0.0944213442047078,0.0119750645234824,0.0476535464609882,0.0049820231257594,0.398276793922684,0.017218230791455,0.0008331547319716,0.0001579314990655,0.0459493442290238,0.0048880513717007
89,0.2860535778861418,0.0072840862120997,0.1319265841227482,0.0402203696102404,0.1494706300158112,0.0638666254283442,0.0249987729201866,0.00407084711063,0.1092355625917584,0.0400701988742526
90,0.3846703411941237,0.0487932777854144,0.0002046951565971,1.6219979868114482e-05,0.2584793478244975,0.0121253437335651,7.136104040043745e-05,1.7240361812486368e-05,0.0002749308083872,7.406831044615325e-05
91,0.0007555824845487,0.0002349075837715,0.0281402309802288,0.0044419710452561,0.0102932624382447,0.0017567893061808,0.000876475343511,0.0002982639967919,0.0074511719067451,0.0008661986312755
92,0.2403208922252907,0.0440055831063949,0.0442286133839419,0.0032136449570568,0.647514753620315,0.0153194979963851,1.1457725082846157e-05,2.866609248235767e-06,0.0434347685955748,0.0031537330554548
93,0.0007237746166112,0.0002893361326764,0.5008952624708866,0.0054013508414326,0.4977147297740852,0.003698579603089,0.0021031649573969,0.0003942773353595,0.2602575013018044,0.0041777855645289
94,0.18445320810124,0.0087567820593181,0.0278028146102495,0.0048839454217377,0.4928425976785561,0.0826091228587908,0.0003210011273257,6.237140113578769e-05,0.0268151808320217,0.0047804873403984
95,0.0382750820508356,0.0072092013446533,0.0038876781541059,0.0013536727304696,0.4043402164584935,0.0084740401394,0.0011447949269071,0.0001443533968895,0.0039298611156468,0.0013731627393661
96,0.2324153746962261,0.0065111395971508,0.2062720994433996,0.0101226964871615,0.219326894999019,0.1212934072195899,0.0090907751266321,0.0025751421799728,0.1630780083180471,0.0100834032732705
97,0.2242512887186447,0.0120019492036441,0.0300339962945853,0.0045514230581731,0.3476243722273798,0.1238966574597874,0.0005368011788317,0.0001311597792389,0.0293867028651102,0.0044901556302317
98,0.4710796878397614,0.0506220885382301,0.0076071041520763,0.001746099581094,0.3501173789383506,0.0240373896830023,4.3392003717604885e-05,9.6278130568284e-06,0.0075122070910654,0.0016953789525463
99,0.1811685919054245,0.0098565596178302,0.2129999407548927,0.0135234959102319,0.2488887242536685,0.087602261762185,0.0209633110475676,0.004151679859983,0.1344136014165384,0.0134533465884301
100,0.4795659042888621,0.0882597200890495,0.001552874280253,0.0001179785803981,0.1858746262766936,0.0114141277477968,7.941653325907702e-05,2.031889876201199e-05,0.0015735834771098,0.000162923780077
101,0.1446925384690763,0.0069732630191657,0.3677910998228398,0.0578929114703618,0.1602548514143954,0.0770747278183935,0.0270367477331,0.0039883559694145,0.315298954816486,0.0576919738005657
102,0.4006408716873476,0.0327439356343515,0.0027761402742135,0.0004337160168272,0.2400839767573594,0.0205358518090874,5.030957221730244e-05,1.035460595482096e-05,0.002830654056068,0.000432913880323
103,0.2446821357950357,0.0119027320691434,0.2428363198762682,0.0197644775760561,0.3539791871801354,0.0958320304056515,0.0262614401288116,0.004775653598204,0.2222239021128778,0.0196660360343211
104,0.4662393704175779,0.0457561602844298,0.0004333021381867,5.607756699234437e-05,0.1589223525698078,0.0123382681359384,9.18631830827425e-05,2.890070359099412e-05,0.0005165061986288,0.0001163068962402
105,0.2806364847634143,0.0118520613091189,0.2031135938544655,0.0120197217613352,0.4487109487903017,0.0279736785231045,0.0161314500407684,0.0037474915113067,0.1705056749174716,0.0119413183857577
106,0.3603728150877037,0.0071928402855169,0.2521783370228228,0.0105685368850718,0.3063894866446047,0.1613322071996354,0.0110707445703793,0.0030048613975547,0.2407241102450084,0.0105319444464143
107,0.0038016882451493,0.0033349848575742,0.201146437672096,0.0216152550014256,0.0797653893409848,0.0221012980226667,0.003037481067909,0.0021045835481384,0.1667579019598809,0.0174882924923518
108,0.1399498358598371,0.0199749641538976,0.0050647772030074,0.0009736656863168,0.6039581742700014,0.0219318214987475,0.0001067480275171,2.2570979229927877e-05,0.0050860904750469,0.0009557714003742
109,0.3596862591733309,0.0106430135969335,0.352971890760649,0.0232496478486568,0.1595051480944427,0.0712160080903433,0.0220816183827236,0.004809610982839,0.212361332838414,0.023207475283462
110,0.1461039552378145,0.0070084899249473,0.1211838106075026,0.0132825188269379,0.1375922920230145,0.0658082035630236,0.0110127529612601,0.0037801709030312,0.1063411782416745,0.013256725572489
111,0.0015167938954687,0.0002682447828148,2.9315351943372328,0.0053717387666758,2.923954942156209,0.0033793818253704,0.0040080163543382,0.0003668190241673,1.2881451620039317,0.0042488889921445
112,0.1877357976988772,0.0088918161489976,0.211774369941037,0.0085878736916848,0.1937849177228302,0.0383158929871131,0.0114649558176622,0.003026649948509,0.182364096620829,0.0085673300380251
113,0.5001126689442417,0.0228341115548662,8.190456104885296e-05,5.469982087601193e-06,0.1565072377724428,0.0108673241608837,0.000103250748816,2.3985227005253525e-05,0.0003105462227562,9.841203890284074e-05
114,0.0008355120912297,0.0005927253782969,0.0274159459079501,0.0046558588397329,0.0216607203152589,0.0050212134927795,0.000947847351263,0.0006739266408637,0.0137769936527911,0.00302557794794
115,0.4155187316435494,0.0395966615969684,0.0013903677719742,0.0001803360179318,0.2248444692467935,0.0226582061852347,4.264605134601963e-05,1.0064271004606569e-05,0.0014034283524925,0.0002059005989245
116,0.1430583295750938,0.0369096395057222,0.013364276235737,0.0024464388908177,0.5845622025781712,0.0150518087028033,1.4617524002370116e-05,4.21330999082228e-06,0.0131061257366204,0.0023826414780665
117,0.1327529530304696,0.0064501885537694,0.1592750957090257,0.0210153791474142,0.1065306423467633,0.0463053971947082,0.0136116919508507,0.0035110268718755,0.1199999501103055,0.0209729501412388
118,0.1568651025903882,0.0172358319624514,0.0417784443061771,0.0056049948298788,0.5163473587960584,0.0259404681309909,0.0003210192135209,6.64782991941974e-05,0.0399067005353542,0.0054589086208637
119,0.0855197765542571,0.0158976569046322,0.0333377321050114,0.0062429504723642,0.5433363618234772,0.0565113198141687,8.601753339944199e-05,4.5350203032977466e-05,0.0318448529895873,0.0060903133600571
120,0.2324734211295664,0.0087453834464571,0.2478774155382317,0.0108553311961086,0.152465704302772,0.0560581330020108,0.0123160986152757,0.0032825147646829,0.1833315155883183,0.0108093357629933
121,0.2360658072299979,0.0060101972460973,0.1425738529982443,0.0126394373095661,0.1626674674542895,0.0450404055729094,0.0126014495316502,0.002672193528488,0.1344939844687988,0.0125750553824105
122,0.5395278155867856,0.0338968958195451,4.648247050728218e-05,2.779567368957792e-06,0.1367331628459197,0.0087740731947715,0.0001157103100018,4.72819652575214e-05,0.0003413129564855,0.0001486715871744
123,0.5061017283859206,0.0572578736774362,0.0004474389814816,4.890379973232511e-05,0.148424603764342,0.0144599843292948,0.0001089203522933,3.1775361626561554e-05,0.0005104066666886,0.0001365136607473
124,0.0019568671433915,0.0014494673708651,0.0240881929275708,0.0069459213174742,0.025363319342977,0.0078063543034486,0.00174825652117,0.0013073222267477,0.0106381578294176,0.0038576108727809
125,0.5328497755658897,0.0718122229537003,0.0021739460728747,0.0001847277829066,0.1863240171138749,0.0158225131138465,0.0001093454150608,3.88515338079948e-05,0.0021872475020988,0.0002340499217122
126,0.0669444222975588,0.009047251564958,0.0736980280372736,0.0066620100875448,0.3694893610549333,0.0249084066425033,0.0015252019249814,0.0001826604228277,0.0700269911633574,0.0065517159793661
127,0.0017887099646494,0.0002759885104021,3.789609618644023,0.0055047391505215,3.7725612716608494,0.0035242119378675,0.0046328110299566,0.000374320115136,1.6102241715993806,0.0045797526484131
128,0.327396095357099,0.0092596646147174,0.1766655752841157,0.0163584004687463,0.1921565905443009,0.1068936048586472,0.0122591502601996,0.0040970107384989,0.1692158125902051,0.0162963348444589
129,0.1789891471581729,0.0108505511701359,0.232423006696107,0.0099263807048857,0.393984812623494,0.0271007783110566,0.0158067882648634,0.0035426828090872,0.1347740699665751,0.0098690357919805
130,0.0032114956095929,0.0029742135873325,0.099696685097341,0.0133545895608158,0.0962952986203233,0.0240864799487366,0.002712906185541,0.0019707191047164,0.0349883894459198,0.0103930920348424
131,0.0007354101556717,0.0002844471806768,0.295607543064833,0.0055687005008242,0.2929849169115973,0.0040179209542277,0.0015876701786626,0.0003819490923915,0.1340977127642906,0.0037834738923586
132,0.0475849236951936,0.0042300252215922,0.0062692380494856,0.0010849541016504,0.2674631580991191,0.0067977913992724,0.0010131420519145,0.0001065165192475,0.0061865469356515,0.0010917921959549
133,0.2174589123108883,0.0105666421124129,0.1299517926990974,0.0215706559230112,0.2223093866675592,0.1141166216782562,0.0253548002151615,0.0050133223255168,0.1202523542252801,0.0214988324643472
134,0.1958449574285637,0.0082694825350834,0.1735143426465182,0.0125350122861122,0.1581465203679652,0.0740714931909327,0.0144049728212344,0.003172112050218,0.1635163167128156,0.0124690791441303
135,0.2666764023034909,0.0078014597806376,0.2490301555405028,0.0232191564950033,0.1259557562473078,0.0613289931117086,0.0123876615458609,0.0035966291102241,0.1287017039967515,0.0231806606128887
136,0.0148623710793659,0.0070388915868873,0.0253654482619648,0.0051236736974384,0.3629558432775539,0.0137202554347687,0.0005779101239103,0.000119733645277,0.0244389005768688,0.0050365270063242
137,0.0043442022945778,0.0029422346547142,0.3055819145090175,0.1058660941377419,0.1233120182342946,0.0334344409722664,0.004385531617125,0.0020075977250168,0.2688535132845958,0.0835589946734656
138,0.1676118993388861,0.0342643181146115,0.0003841986560831,6.545276688690517e-05,0.5365828549135556,0.0117054437106434,2.2973654157227957e-05,7.819308486617904e-06,0.0004540027094496,0.0001068545338441
139,0.378536048529411,0.0622601026187907,0.0035465201223837,0.000431057753366,0.2640952223829662,0.0159841365565828,2.630506187095875e-05,6.432241903543331e-06,0.0034739680712339,0.0004306440473485
140,0.0862783040676347,0.0058131683791453,0.1641146240923857,0.0689793764675983,0.1281665542664437,0.0573714446807828,0.0337491339902017,0.0034535267634025,0.1631967259555048,0.0683822709192355
141,0.0815486874935214,0.0134832179542113,0.0201336247369091,0.0044735796672708,0.5233183083350712,0.0350602692461489,7.566119988044441e-05,2.4327246585176976e-05,0.0195780767263405,0.0043691848982087
142,0.4126952614504089,0.1127492615700373,0.0002987116132167,3.450004882274937e-05,0.2220153715304409,0.008562604714722,5.715558395627922e-05,2.00827863286352e-05,0.0003626109831859,0.00010753159961
143,0.2266444945756946,0.0125607807848804,0.202197695355057,0.0114555328388075,0.3315980235789201,0.0247517863830582,0.027722819855148,0.0042814541061711,0.1589994873868553,0.01138777927369
144,0.1788297112298698,0.0087402957570354,0.2679307239219165,0.1465216565062204,0.2323015428894141,0.1090084542330362,0.0564792241696448,0.004927381289635,0.2498131739636888,0.1454332871914299
145,0.4505330030761588,0.0341611302193361,0.0003093696790125,3.640365056676113e-05,0.1675382223668247,0.0235548908292161,7.717413038821129e-05,1.8321618999162457e-05,0.0004230408359379,0.0001107864377551
146,0.4815352052299358,0.0463489683404398,9.637433054785132e-05,5.142199089373871e-06,0.1633714951787958,0.0035972943558958,9.32339153340662e-05,1.7036430580099222e-05,0.0002148709873822,7.421054452633934e-05
147,0.211109768118948,0.0088809057431067,0.1651609318673506,0.0085388346993258,0.2516177950312702,0.0278838646553832,0.0106758016133106,0.0030176026816491,0.1132593722973007,0.0084818030399525
148,0.1787432101671838,0.0082420389343314,0.3790034841036855,0.0088563224910508,0.241864480881383,0.0566577903021356,0.0070904351544803,0.0027225353871106,0.3555969177473834,0.0088295775100565
149,0.0015985291920893,0.0011634304377932,0.0235913119000599,0.006319063023396,0.0241124592899137,0.0067632868234438,0.0015102247731448,0.0011488407116238,0.0115978445408502,0.0036232506480912
150,0.4571107141286439,0.0653297707181928,0.0019679901498129,0.0003066198806631,0.2549361277095943,0.0197591549059257,5.696591071078682e-05,1.2017755241048976e-05,0.0019827607687835,0.0003165503872023
151,0.5976359551403364,0.0097571685096045,0.2202551476192235,0.0079096141256586,0.3071775030458682,0.0307940461331888,0.0142447778503552,0.0029575469960277,0.2164372777356385,0.0078828204103253
152,0.0007610156944822,0.0002167188178987,0.0291678917501128,0.004484261364775,0.015611385540681,0.0018957184587265,0.0008791587649287,0.0002742814814424,0.007669533854714,0.0008827658786467
153,0.0459838859022427,0.0044104870383046,0.2112686319277081,0.0267391150656755,0.0877290495871347,0.0346133303586821,0.0137135930563902,0.0025177627767909,0.1748178365428573,0.026598789890748
154,0.2057058809518731,0.0089688127608335,0.1745651661500691,0.0080008426569737,0.3100087256156301,0.027097516020512,0.0128781427107721,0.0031855365852547,0.1676200119159127,0.0079767208094125
155,0.0274027002290176,0.0040682628221266,0.2630398254240183,0.1739785036026594,0.0952253610344887,0.04037892856207,0.0192811412925988,0.0024984222471549,0.2592506006796274,0.1668414986687878
156,0.5242203815134141,0.0267180094760198,0.0047735624477736,0.0010777407724063,0.2440530464348961,0.0209938558075731,0.000171681144925,4.4346071553084847e-05,0.0047502925482902,0.0010621499639986
157,0.0014737074857842,0.0002767444458302,3.4619842336891566,0.0053553712133121,3.4530375532835094,0.003402169008041,0.0039094329536801,0.0003823963746222,1.4795427107546524,0.0042927945434689
158,0.2412694704802252,0.0082338433417724,0.1867505201303055,0.0156655963036749,0.1900748854198562,0.0944983884391851,0.0193243872431282,0.0036382710264538,0.1788376277931618,0.0156209851308022
159,0.0907252041830894,0.0106719624158901,0.0104066905568373,0.0021305935188812,0.4163673714925052,0.0413551825108719,0.0002032585086986,6.690947889163554e-05,0.0102820784545138,0.002100639636829
160,0.0039725724459426,0.0035947050898544,0.0990383905697222,0.0192220250375708,0.0856364152073182,0.0246921367450203,0.002890939102818,0.0021113788101695,0.077670301714068,0.016531672335592
161,0.1307004147539516,0.0070527998202621,0.19388596261956,0.0151423944336362,0.1191603599494743,0.0430237993474858,0.0124639004924482,0.0037671247368436,0.1215227807492262,0.0151016475230894
162,0.4444785496137221,0.0327152658644453,0.0001273952050089,9.851611635887436e-06,0.1788941091875024,0.0115893694386508,6.47022634897023e-05,2.0292640107874703e-05,0.0002330786803726,7.690374772440379e-05
163,0.0236439864910619,0.0044323393127093,0.2672592214268727,0.0809744031022627,0.1253308413475488,0.0583382155699089,0.0146045802934058,0.002572557702599,0.179546457100615,0.080113067433904
164,0.0806159893222398,0.0065390024406278,0.1251415603917741,0.0100254250887833,0.1446015077271106,0.0488896582844695,0.0113002583077149,0.0029197194681326,0.1222339790749796,0.0099772047287337
165,0.2250753984781056,0.0093413813561866,0.2151403617238292,0.009230201516007,0.2904741244388047,0.0298548786839783,0.0108989367104682,0.0030901105887763,0.1535646769273101,0.0091858783135195
166,0.5132292649825904,0.0393110686789146,7.147120198255948e-05,3.891354686645091e-06,0.1493769693544148,0.0048071431318502,0.0001107645255511,2.294645132857134e-05,0.0002255074979723,9.010793169568204e-05
167,0.3718689873113002,0.0102467919939406,0.256236509217075,0.0121402720767341,0.508876873403693,0.0365664838004652,0.0115012708361637,0.0031172833889414,0.2071600012306922,0.0120675106981796
168,0.365197640991567,0.0083448888207998,0.1115676773713445,0.0463956508290821,0.1718818285070029,0.0722750208182992,0.0249961724326771,0.0040774186713436,0.1022391911001384,0.0461815028239824
169,0.156655403745499,0.0084178545703888,0.1616506204418738,0.0137057020323178,0.190640939424646,0.0711679654910406,0.0145502770195276,0.0037942855383,0.1556227660572569,0.0136752515495583
170,0.360380876784662,0.0083843979964446,0.292195467029915,0.0123173035725363,0.182055071726607,0.0499295444778017,0.0159254228256337,0.0031782951897537,0.1658949704228485,0.0122492744098846
171,0.1931382518635065,0.0216778156688327,0.0015830504660472,0.0003329811271574,0.463554942998612,0.0101242005896932,0.0002291288278246,3.1965902162713475e-05,0.0014924997514085,0.0003133670769124
172,0.2254135971407818,0.0099139301718354,0.1463739578119935,0.0204313475593288,0.1548845638231841,0.0683784678491206,0.0235629101136239,0.0043447824027136,0.1413262972202749,0.0203650430297875
173,0.2064813468120746,0.0284867021201292,0.0004340771607352,7.523523792824954e-05,0.5298825934492879,0.0138692796722975,1.9307267649996025e-05,4.585826801009196e-06,0.0004846627825793,0.0001315781775383
174,0.1309023110194272,0.0315623795762495,0.002552469317466,0.00073231077209,0.5011971413145325,0.0266173508909873,0.0002291661369955,4.002794861554704e-05,0.0024809290856993,0.0007059467367107
175,0.373930522432028,0.0071736678938814,0.1789467274777798,0.0203223377783715,0.1308784614830209,0.0618835367248464,0.0160899027249825,0.003873813579722,0.1714176399567427,0.0202782919528444
176,0.0031611419989137,0.0029118460134803,0.1721378954078128,0.0390651642827176,0.0627754574273579,0.030490217018794,0.0029762154215752,0.0018937826735668,0.1185136864689768,0.0236218640332007
177,0.531470765076695,0.029502763721559,5.3801011976759776e-05,4.727627722497734e-06,0.1418992411571857,0.0137854066445823,0.0001485925639862,4.453462954261448e-05,0.0003875285481833,0.0001359701049158
178,0.2619773241682246,0.0082420464596706,0.2694937525914969,0.0085071659540619,0.1561785857591172,0.0354717558440366,0.0128695489204814,0.0030238429547184,0.1481763189310674,0.0084707757379466
179,0.392942902392944,0.0129329781998394,0.2095573528918253,0.0455564198160743,0.1499516759986225,0.0892764491434144,0.0274241017484484,0.0069886145048397,0.2055051781955204,0.0454873454864118
180,0.6365485792178064,0.0082757271602242,0.1695446686714408,0.0231654214350526,0.238888771575251,0.1344554235829756,0.0184391647233961,0.0041342960008603,0.1648276171566299,0.0231286568741691
181,0.0025196009454033,0.0018841035783754,0.0295315111058253,0.0084894473892117,0.0304046260815166,0.0095466382639251,0.0022116547412082,0.0016156138911713,0.0121801737508676,0.0044843384432632
182,0.3294091055527249,0.0401242897204404,0.0003775879843493,6.25682570826934e-05,0.5423184839222683,0.0096406714149514,4.015492494648455e-05,1.151016711570608e-05,0.0004465816311283,0.0001035736766602
183,0.1681095308377098,0.0106785224853386,0.164238420108734,0.0094990748418094,0.325529743160448,0.0319321402070253,0.0139986633063294,0.0035483906288238,0.1441737764355316,0.0094483119934176
184,0.3931731260807499,0.0345270888546232,0.0002252415419398,1.1379395644259268e-05,0.2590216375553447,0.0062232080955105,5.0840463326250455e-05,1.3418803771397444e-05,0.0002950379307147,6.976111990929126e-05
185,0.4576499929984961,0.0077283069752187,0.1178630147311732,0.0121159046545706,0.2294038376778116,0.1304830902932237,0.0121082506383108,0.0031927351508184,0.1122912154713833,0.0120709440410526
186,0.1663397451176085,0.0092665996179391,0.1434693507215197,0.0131753950223741,0.173610502068461,0.0945422983229184,0.0129406874603611,0.0036517295712755,0.1345408967887362,0.0131234491645413
187,0.5423569255495087,0.0314185193155196,0.0003039477045752,4.714786057359101e-05,0.1280717461482112,0.0128132688901151,0.0001415203881457,5.088806290442925e-05,0.0003695011755451,0.0001729077931663
188,0.0016706411389341,0.001118382856913,0.0253002772473473,0.0051842785084712,0.0202447971254234,0.0058535663105203,0.0014945558680897,0.0011509215165637,0.0105303485036883,0.0031025128378163
189,0.0019630994534163,0.0002805336954157,6.111696190744208,0.0054879705897259,6.078894061385059,0.0035141401067591,0.0050630705177038,0.0003805546328603,2.366229602062915,0.0046022213860276
190,0.0721035936692462,0.0083239330661553,0.0150977702792639,0.0026005827681226,0.3191535467692805,0.012333804371932,0.000700922382361,0.0002069048631315,0.0144907777760555,0.0025695316152519
191,0.1812599272900411,0.0167646644700785,0.2637284901007096,0.011935944274528,0.1946903039442013,0.0328730856618655,0.026044753204504,0.0051132161423106,0.2607999708938201,0.0118811953886901
192,0.5357397197306702,0.0845253988885016,0.0001606421622195,1.7865518568198893e-05,0.1390966907099807,0.0094384548966377,0.0001071928968498,4.020072261228962e-05,0.0002853266460501,0.0001407593645208
193,0.1504894777942533,0.0084983559325423,0.2078579774239438,0.0099286669388572,0.2014025244218379,0.0676626176330076,0.0123056910131386,0.0033995924057725,0.1719107378140313,0.0098884136470867
194,0.33882711809515,0.0090134973858705,0.295810830756212,0.0104923625753063,0.2481374886822375,0.0396908737378313,0.0130173437227473,0.0032199492908498,0.180391339921215,0.0104463391179853
195,0.0967707209345745,0.0115672615728013,0.0021312737948767,0.0003757147073586,0.3985619299067729,0.0157154570771888,8.545197430540276e-05,1.9963903391471325e-05,0.002026692861515,0.0003584776924656
196,0.1455007891809269,0.023149273795618,0.0060875465004686,0.0007563606923102,0.5875299149118146,0.0180628586835209,1.2984111345381116e-05,3.454941174778641e-06,0.0060040096462768,0.0007426650025275
197,0.0012770886334799,0.0008567325229335,0.024546850564509,0.004289486598705,0.0174895528559113,0.0044904789862773,0.0012314894433307,0.0009062570984516,0.0087570890635748,0.0023232449130793
198,0.2936330590540141,0.0434742330136933,0.0124439974148316,0.0023010051549899,0.5819904417065931,0.0195270710544007,2.0533453071262072e-05,4.589514785389448e-06,0.0120941350477158,0.0022340923896752
199,0.2443775001678543,0.008894700018828,0.1996502365747151,0.0156922160521993,0.2617691645567626,0.1430245357961508,0.01871447721637,0.0042149519873482,0.1828168161490127,0.0156631357460442
200,0.2546063316538829,0.0106049316036501,0.2341313300093141,0.0094471230855744,0.25767127983064,0.0245645447079645,0.0152891840374731,0.0035655410507412,0.2106535962873646,0.0094052896332664
201,0.0294112972875621,0.0033665804808023,0.0029865564581795,0.001093009230043,0.4270706104091898,0.0052602088384491,0.0003444230891657,7.853573795494342e-05,0.0029698050186795,0.0010964049907271
202,0.4949537591090699,0.0543546169857901,0.0004632022170451,5.296923183671632e-05,0.1661340983103938,0.009525234036192,7.787106223458218e-05,1.926743477984938e-05,0.0004611882373439,0.0001169055074451
203,0.2807521976223769,0.0097431062496321,0.3147712468948968,0.0111150330830786,0.1926054163993244,0.0311432790007312,0.0130016314932315,0.0033968092948988,0.1588519929776539,0.0110691987499726
204,0.2133341427267627,0.0098844991697901,0.2801692259003105,0.0086454320400911,0.1867761487830976,0.034063317464966,0.0139755901349319,0.0032845487693826,0.2375437450543616,0.0086156367661095
205,0.0035090503157219,0.003160925750548,0.1207901200135723,0.0154537758497633,0.0903843018364498,0.0249515344028049,0.0027393989277196,0.0019790983199617,0.0526267821572922,0.0128008891413384
206,0.2829370575475283,0.0092192425948805,0.2700927707118301,0.0083763216586417,0.2159077182577582,0.0299381966307247,0.0097421675645399,0.002988309091201,0.2491262823988239,0.0083440805250712
207,0.4329960884740728,0.0236268072480563,0.0001290605385939,7.91516612954965e-06,0.1860649816446943,0.0077872285860012,5.084105397878783e-05,1.1805370338997976e-05,0.0002930069256118,8.120566222713173e-05
208,0.0030730467296217,0.002799107026738,0.0880640205850604,0.0197625276773335,0.0493473308641177,0.017672396195463,0.0028673529715771,0.0020820606400475,0.0540276847860652,0.0111537306589144
209,0.4733027484901457,0.0612607717438813,0.0002848200429425,3.104034991523369e-05,0.1614767450565589,0.0123952437331021,8.817641724115885e-05,2.27717402242736e-05,0.0004239795500814,0.000107789289726
210,0.2064750968064434,0.0088591769793384,0.37814315018778,0.0094077955189654,0.177487732589014,0.0782172271091888,0.0125863841654217,0.0034478735560117,0.3501357605085569,0.00938959618446
211,0.2568321035264153,0.0081152080418442,0.2013675752723605,0.0102271735137062,0.2825958261048962,0.0399480266689272,0.0139474505566787,0.003127911551639,0.1894366879432314,0.0101759669768673
212,0.4455345575878214,0.0797468512447647,0.0002672118601474,2.8754319439352275e-05,0.1674240132845005,0.0067192084119256,7.3441541426415e-05,1.9619943022825287e-05,0.0003459188635734,9.779511516160496e-05
213,0.183464633863515,0.0111257617293006,0.0259935790873557,0.0016509903441124,0.3500554618137287,0.0142550920906822,0.0056673701057348,0.0003165308905203,0.025524528505073,0.0016530222571283
214,0.0011857219711179,0.0002968608731338,1.6204866310893349,0.0053038875056462,1.6159678525021954,0.0034983482534679,0.0032332889702035,0.0004073073502081,0.7636600499582576,0.004399576747867
215,0.1443907602623239,0.0070101058027792,0.2267359757768123,0.0108057664556991,0.1704289105077364,0.0891929556762417,0.0098104766980375,0.0031552689354254,0.1164461273350475,0.0107752449958294
216,0.2437208486701144,0.0087468015419193,0.2757002519687858,0.0112570614674598,0.1859213875083735,0.0508054676353177,0.0131292370356677,0.0033564301825172,0.2333792533190707,0.0112002866850064
217,0.4274129028549712,0.0078089165807923,0.24744148264192,0.0238768763173065,0.1632007406180281,0.0781911968535138,0.0247651479477679,0.0043585977316042,0.2359302017579075,0.0238613322380051
218,0.0024162950562353,0.0020260546171211,0.0402563454929578,0.0119527766162662,0.0353403947532473,0.0134142129457423,0.0021830871878307,0.0014894923082865,0.0168015426474593,0.0062887710886231
219,0.4638104580052314,0.0424087406491989,0.0002395927817765,3.500098832077336e-05,0.2295994969299717,0.0095220234334109,5.702596813974264e-05,1.9747202950260715e-05,0.0003044719177878,0.0001093862102936
220,0.5570020649468254,0.009032330994118,0.2343160909779726,0.0092602927203785,0.2621060462670377,0.0328796444355552,0.0114701428795291,0.0029371082109873,0.1526632369687931,0.0092178018897096
221,0.5015802051204757,0.0268827826173391,8.182308759893901e-05,4.629277266517823e-06,0.158699792596244,0.0085650250690321,0.0001088792055021,2.6598117734514705e-05,0.0002347162940416,9.486482967033846e-05
222,0.0018820976334676,0.0014878291722804,0.0262235818235971,0.0072569303011628,0.028536505215812,0.0069059684478572,0.0017379716845495,0.0013032007769466,0.0121594065072484,0.0038887386259467
223,0.419121522429527,0.0755826421573362,0.0005569585664098,8.317556649827109e-05,0.2136556355953444,0.0088854245623033,5.222658143538539e-05,1.41000543551791e-05,0.000572835681587,0.0001196083779708
224,0.4494354840912696,0.0334426759700581,0.0003889159662429,4.6316630082622106e-05,0.1684898454908657,0.0118935610383698,7.458981473564545e-05,1.8720260949755297e-05,0.0004137557280061,0.0001164961932132
225,0.4000613791796985,0.0066938667131141,0.187853470902788,0.0135493359237479,0.1329791186739505,0.0576323517856595,0.0112943063641591,0.0034206521583951,0.1755401194851905,0.0135436644538636
226,0.0127538485680188,0.0031812267475106,0.2027706044056227,0.0547343923147121,0.0721589658107712,0.0311932332910224,0.0095327259165413,0.0020768086019036,0.1647737734235219,0.0532208228918792
227,0.27425819242897,0.0104720029382307,0.2237076392945563,0.008375081494695,0.3011988838401161,0.0277074230430049,0.0120202538317503,0.0031191359095802,0.2149570746056462,0.0083456029872284
228,0.3769669795967819,0.006796938234743,0.1565087405293558,0.0214504566397026,0.1501433239796835,0.0594821923575705,0.0110878195870245,0.0042783610477059,0.1188283821222125,0.021381141406731
229,0.2362106476480394,0.0079066746222278,0.180455798468737,0.0166324144339209,0.1334521519742826,0.0598278866276787,0.0147382041471303,0.00402128680247,0.1646251540492388,0.01659448001931
230,0.2220214294131217,0.0091440395199999,0.2226660704856014,0.008776604657894,0.2083870558301434,0.0331722816545052,0.0141808998243869,0.0034344398587628,0.1574154434021449,0.0087498891537459
231,0.3741852144952789,0.0091896267742408,0.1231011874265509,0.0173917780423885,0.2408305145175792,0.1391673578907384,0.0139594022764738,0.0039918840530093,0.0902492061314884,0.0173211315907805
232,0.5194114255673523,0.0552061335058941,0.0005910038641832,7.424874978428694e-05,0.1414637104612599,0.0086387384975233,0.0001063416031994,3.596157083342589e-05,0.0005678531476808,0.0001489037968891
233,0.2159446635737708,0.0077975236281779,0.2270570695356955,0.0119627669435238,0.1798625027648911,0.0943756136125428,0.0112529037804042,0.0031083047342586,0.1617432296523144,0.011919012810839
234,0.143069507166145,0.0067996394270224,0.4219928000304033,0.0417263912134376,0.191017444798024,0.0724370153584746,0.0263765258616197,0.0049984291563898,0.3116407275953546,0.041611642108486
235,0.0198656394456673,0.0034159372154569,0.0042182720686757,0.0011971965557838,0.3450333648144508,0.0067355163508876,0.0004161974073338,7.556437814368639e-05,0.0043561932246128,0.0012128224056735
236,0.2793119416844556,0.0087489965023503,0.2446424891366276,0.0110905271193043,0.2247590693439826,0.0393893701211481,0.0156169831890651,0.0034372971179437,0.1397124226696526,0.0110434418935258
237,0.4340921841412136,0.0791383820272762,0.0001731927315293,2.603257411312881e-05,0.182957641091756,0.009124318697137,8.213704861048069e-05,2.7524048105772644e-05,0.0002917959991917,0.0001192463764669
238,0.0023595291988241,0.001924029715352,0.0560172326369606,0.0106134216182421,0.0360381723301445,0.0125437088270024,0.0023052913280218,0.0016252136124105,0.0193872759357572,0.0058575522951969
239,0.2253517751691963,0.0086957172635609,0.2185946461201018,0.0144625100201705,0.1854258675553588,0.0951843965899106,0.0170790083346092,0.0037108318690132,0.1388359993825985,0.0144051500777501
240,0.22225423920102,0.0234563826910466,0.0020320059471856,0.0005000214473202,0.4228585573078837,0.0121673305156658,0.0001024702350543,2.4065099613586457e-05,0.0020128486633239,0.0004862583932517
241,0.0089344727899776,0.0020741640852171,0.3390000688044865,0.1113776336861064,0.1984221180912747,0.0741555087572239,0.0125211051811762,0.0019332845319327,0.3121540470015165,0.1086692477363358
242,0.0832522525897958,0.010950985047261,0.0025696594864166,0.0010051143390772,0.4346757501068422,0.0127299124748043,0.0006220950474245,0.0001653035127641,0.0026534814224181,0.0010496301209373
243,0.5051117313198188,0.041676133591253,6.932384735836659e-05,4.042768695964484e-06,0.1476177574099422,0.0041704961291634,0.0001068920302295,2.1903149116060124e-05,0.0002135835558008,8.801608321635947e-05
244,0.4083753093670099,0.0096656894499846,0.1870624872205532,0.0108486597118537,0.2221878779104524,0.0435789655795598,0.016304503220867,0.0039144627508099,0.1378430957382643,0.0108157036530468
245,0.2099956476090871,0.0090841745053094,0.241180311430052,0.0092369928181657,0.2367737520368345,0.0327555021208015,0.0121092436565215,0.0030709599052908,0.1585055933383314,0.0091916194563084
246,0.3169022777134216,0.01049285633387,0.2288730192395622,0.0119161217397167,0.27917381542743,0.0468656581614649,0.0143412254835886,0.0037436823686185,0.1977081054367735,0.0118608805014212
247,0.5438547444141643,0.0329631339282489,4.994507620546347e-05,2.8649743315232587e-06,0.1394763669976621,0.0107779587742815,0.0001166958882234,4.508584440611485e-05,0.0003754216548398,0.0001485628840436
248,0.428759578121634,0.0102995524622878,0.226369341980641,0.0658591138982422,0.1735523716475119,0.0813856867529786,0.033798714876557,0.0061915077255064,0.2190905933680065,0.0656150643071891
249,0.1972231581186364,0.0067848445287887,0.341849200037935,0.011911591762354,0.1710724451408226,0.0806637901759418,0.0095195338024732,0.0033999717546492,0.3060355982719769,0.011887457784676
250,0.3633209475311119,0.0110374392602958,0.2045224062115738,0.0112049423661355,0.1973442751412573,0.0358387342864295,0.0154467667976076,0.0037053472248386,0.1976150150872696,0.0111610733645589
251,0.2280403261847234,0.0062167755928443,0.186002075253996,0.0334729325184044,0.1368042596282606,0.0634868892613417,0.0142030462839039,0.0037402895014399,0.1726085159776694,0.0333774304857122
252,0.0014596962199144,0.0009746171032125,0.0248244382815194,0.0058039930292186,0.0196689860717541,0.0062500598243631,0.0013604345590107,0.0010321423767232,0.0100853693465134,0.0033092613715206
253,0.4180668428318051,0.0856074836968794,0.0001449283351645,1.2502443611382722e-05,0.2128538555944616,0.0081241807843575,8.141520732442177e-05,2.2205592352670297e-05,0.0003511190126012,9.871077867669472e-05
254,0.2486249606051296,0.0084448473365219,0.1941184908125597,0.0081635948905653,0.1641520592785952,0.0360988773773743,0.0106655918281341,0.0027811449314855,0.1651670870782962,0.0081296647131137
255,0.2474738819792218,0.0545478404245777,0.0021649056736085,0.0001987846649011,0.5381989024828339,0.0126624094376171,1.8074728142738653e-05,4.3698491667907145e-06,0.0021599945786211,0.0002118897765644
256,0.4161654039932814,0.0118609751039454,0.1897666511858095,0.011230972846334,0.2487708541993757,0.0485906604699365,0.021981284925136,0.0040574396290089,0.1790859218468419,0.0111806266565317
257,0.0032778664129312,0.0029291469671788,0.1029631862178646,0.0133853187526277,0.0689875841159454,0.018963074138091,0.0025898096987059,0.0018876906020145,0.0639891056569729,0.0094409091926646
258,0.1914410981103079,0.0065784846539954,0.2561168139863073,0.0070114233368447,0.1808824158936994,0.0390540220427057,0.0095354076560533,0.0026285379936628,0.2437970743016156,0.0069928507560743
259,0.1983559093359524,0.0092048729863837,0.2091269481192101,0.0095039228982386,0.2138277921221261,0.034913174646266,0.0114238729956838,0.0032301536762947,0.1733227638274889,0.0094665176017084
260,0.4934163447398595,0.1016058464739237,0.0002327756260041,2.601006579846298e-05,0.1484736226446857,0.0075161166113582,9.851117572290344e-05,2.614228213148897e-05,0.0003360586250926,0.0001078681627499
261,0.1663730273869746,0.0346838662379617,0.0002859103894595,7.452435682943352e-05,0.5043182477022605,0.0108837195867706,2.3671152185730063e-05,9.413847296345047e-06,0.0004822715546991,9.944416391038232e-05
262,0.0008699813952094,0.0002886009444804,0.8033211295118713,0.0053378488407607,0.799422579533632,0.0035804840957198,0.0024919692848512,0.0003936443406388,0.411359054003775,0.0044083926305199
263,0.5332944352979692,0.0460918931161834,0.0004358462965459,4.272556533356364e-05,0.1289749846138932,0.011240929097323,9.786734080801351e-05,4.20549696861716e-05,0.0005049204738748,0.0001632149481151
264,0.010410636635761,0.0024819891867546,0.3171620687769319,0.2101252863179311,0.1256208013885853,0.0668235974633276,0.0118486878018569,0.0019399222159369,0.307125078195225,0.1906966015994026
265,0.0027824376414988,0.0023167206256464,0.3427034873149097,0.1668989038253296,0.1531327533937636,0.049195621157114,0.0036657104633479,0.0017218707300086,0.2556867799603516,0.0849077785672168
266,0.1505033291451384,0.0082529623770266,0.2139531543795674,0.0104245490598727,0.1973810669863781,0.1061516406988926,0.0113488877881862,0.0034875465569845,0.2012871839655198,0.0103861774343326
267,0.1994496567533773,0.0105595970236821,0.2507368471583394,0.0086304743678287,0.223025259766685,0.0332322044949049,0.0148373462231994,0.0035263112303523,0.2212774511267122,0.0086055275548174
268,0.0237893281670357,0.0038324216617884,0.4186914600442664,0.2840792020295877,0.1125809643370126,0.0452066298642523,0.0185934572344705,0.0022981653981029,0.4087482973067403,0.2579847707767576
269,0.0022248849836569,0.0006547030598955,0.1947971317080254,0.114129500595669,0.0871881891789899,0.0229371643039655,0.0052104099368815,0.0007615063281559,0.0912101305675936,0.0269611689790852
270,0.497233890161139,0.0419353529973269,8.483341732372188e-05,4.644723419474595e-06,0.1597669546876842,0.0044473570740485,0.0001020840913158,1.879320188253412e-05,0.0002252721408025,8.715634706174141e-05
271,0.1691772816502195,0.0104262581359274,0.166798332264431,0.0079587891714841,0.1599489094708352,0.0314410704551769,0.0127924311033215,0.0034092860946196,0.1330209078894398,0.007929873876174
272,0.2002680437524817,0.0084333128847739,0.172942967587391,0.0102732157438744,0.1225680900293949,0.0574966525343683,0.011374303369443,0.0034249154804011,0.1593914810041029,0.0102391669138583
273,0.0015714889396718,0.0002773713351817,4.426402781686577,0.0053631246717703,4.417389602510806,0.0033872859827825,0.0041391701156914,0.0003811434547779,1.8063515539828077,0.0042874458855981
274,0.4485879127002974,0.0274574395306516,0.0001258800630456,9.045672552029827e-06,0.1774560146049791,0.0123075220333046,6.680266979261388e-05,1.984894542907796e-05,0.000245749850242,8.523701915990752e-05
275,0.1998005871037394,0.0104261091505561,0.1836574880646556,0.0103148936384061,0.2041706689543765,0.0284864440638509,0.0136369418741104,0.0034646851083812,0.1770344016711194,0.0102649187467691
276,0.1474679460451505,0.0090786122974907,0.2637356590100002,0.0068358924846373,0.2206155098614506,0.0314620119425304,0.011642426433567,0.0029052641869039,0.2076472115545506,0.0068166451650334
277,0.5199178840011344,0.0201544346885891,0.000105218383265,2.1518815179920883e-05,0.1462575170802129,0.0173695273812573,0.0001009677160439,2.258082768948812e-05,0.0003087995343077,0.0001263203439963
278,0.2750086149154849,0.0091954675436369,0.1963742552343753,0.0109207120801631,0.2180758551963612,0.0543021732508493,0.0138160359517569,0.0036255810870486,0.1904153335836214,0.010880953390563
279,0.2755938549759369,0.0073835545176971,0.2224283837271797,0.0143139798539689,0.1704862229048026,0.0756498541210474,0.0115845146734944,0.0037412002793451,0.1544238599388449,0.014288099567804
280,0.3410896424975216,0.0060809700778934,0.1904922845135376,0.0092699514322708,0.2077626641673245,0.0956189116463282,0.0095860064317714,0.0024925570543021,0.177443460822416,0.0092307805900026
281,0.5189630396617968,0.0717506398572481,0.0003523642595209,3.443255427510556e-05,0.1447156181778246,0.0086682920766094,0.0001123016166558,3.2972639682251425e-05,0.0003947882636636,0.0001293078609231
282,0.0018634234912266,0.0002732448908541,5.596200231630363,0.0054726880889242,5.571612961955509,0.0034633157141773,0.0048287350925432,0.0003716981332131,2.218770056065188,0.0045439714010856
283,0.0029750815341118,0.002544505644773,0.5098434316957631,0.1280166597951985,0.1707029301830035,0.0318262857771503,0.0026764037765144,0.0019515113955526,0.3124835504115172,0.0449374140579024
284,0.375049241467356,0.0096949797594697,0.1472454058129934,0.0147903681616285,0.1927369206490119,0.0731343003447324,0.0173881487644729,0.0038326193949141,0.1338117554450039,0.0147109356662961
285,0.3837548689290921,0.0242505464690605,0.0004383958642627,6.852077968502047e-05,0.2632377468588677,0.0152280148279079,3.47834197722954e-05,7.682315756479369e-06,0.0005108716367263,0.0001192149962635
286,0.4223994368105586,0.0309205083228985,0.0001448537422313,1.1767611889225672e-05,0.2107167167622122,0.0096674165499986,4.941028209192343e-05,1.585950538525797e-05,0.0002454894272405,7.987493333457072e-05
287,0.2408907297489868,0.0071877061161115,0.1888837407637992,0.0157382874876321,0.1324278107438153,0.0478692315297979,0.0142142953488217,0.0040996768509287,0.1725799260705511,0.0156970357795153
288,0.1707279561643968,0.0092773529097489,0.2180491372981434,0.0116935006835232,0.2042561039458814,0.096965809666194,0.0150349542153612,0.0036311345451293,0.1643205117039359,0.0116526556758859
289,0.2348496893902912,0.007286332214618,0.277574570336528,0.015345817194779,0.1496817628007283,0.0707114751344633,0.0115593658408433,0.0039169080973505,0.212100927950646,0.015315446080675
290,0.001379715547573,0.0004632261024799,0.1541665436007667,0.0625113814705605,0.0565876752732855,0.0121183868052651,0.0031715246782228,0.0005635190956153,0.0785723253066272,0.01666964692154
291,0.0022319917111662,0.0016062995403831,0.0274159676610526,0.0077174357317713,0.0282435037148104,0.0087901895968722,0.0020117074477742,0.0014701289646302,0.0133664475924546,0.0043850187067661
292,0.2142561056338863,0.0109626839072305,0.1471757542814557,0.0084829412949105,0.3359724196193205,0.0267765493958807,0.0141887873055835,0.0032719346632272,0.1239395942533903,0.0084460173535442
293,0.4649622121573882,0.0976785928696175,0.0002012421279481,2.001850736432054e-05,0.1620131644963747,0.0072536374707197,8.1383733931459e-05,2.140005465401123e-05,0.0003573316544156,0.000100542454859
294,0.4229746024454623,0.0430802375391542,0.0002259980722856,4.590120314073304e-05,0.4599672667639894,0.008584619835937,6.689229046238182e-05,1.9321006402020207e-05,0.0002770978955028,8.962574066614965e-05
295,0.0065648670050468,0.0022244954066913,0.4883859221771314,0.2991544272532182,0.2838282798204499,0.1001044106415716,0.009218088712945,0.0018158059112096,0.4435875472588634,0.2044021079459615
296,0.2401923499038304,0.0637297462234884,0.0003526898046653,5.085872766632368e-05,0.5592553627236425,0.0084694044162911,3.388787644693369e-05,1.261133609782605e-05,0.0003277919620441,8.300719167096138e-05
297,0.2958837083721394,0.0100068371381834,0.1597123264856272,0.009064803412458,0.2599996951575971,0.0391240005883784,0.0123774849290805,0.0034104494097733,0.1567480803263581,0.0090343318859183
298,0.4569765146931647,0.037755569606156,0.0001098082187886,1.6190948471269334e-05,0.1679725898582114,0.0156875074868934,7.573756555578495e-05,1.9582382227343065e-05,0.0002521074779535,9.577107923969396e-05
299,0.4694283217727558,0.0813170582463314,9.21423669105266e-05,7.48171000723115e-06,0.1614750714412875,0.0061781836115041,8.336408280667995e-05,2.939879337409121e-05,0.0003215239426936,8.814037202016055e-05
300,0.2165227147482963,0.0101204132886987,0.224419906607229,0.0092828732566146,0.2466513886030652,0.0365076172900237,0.0151674362388462,0.0034799615464605,0.1578394739647559,0.0092457058655551
301,0.1212374863881394,0.0077710779536407,0.2250170401332337,0.0097640429405183,0.195298288451701,0.0977844066431716,0.0112533076861974,0.0032272781560389,0.1458586202623205,0.0097469130745595
302,0.157573295735782,0.0110298046640088,0.1634722515707117,0.0252859916435312,0.2206569648089954,0.050088869638024,0.0199180036188189,0.0051565487054825,0.1334027347189888,0.0252313280389839
303,0.3986577686129188,0.0411125107278674,0.0001778249788675,1.6146178439331085e-05,0.2406966768424093,0.0073775534733942,4.287002623616641e-05,1.124326844454406e-05,0.0003058529172651,7.748885541330371e-05
304,0.1854259955413315,0.0150769135249731,0.0008737427592403,0.0001963549628094,0.3280440099800902,0.0137874922973108,6.223969542733698e-05,1.9758730877970385e-05,0.0008103142272305,0.0002137448751101
305,0.0201234508778675,0.0019281187315305,0.001996284368255,0.0004549958956679,0.2476649648101407,0.0097165407367887,0.000401270826089,4.296035417752484e-05,0.0019338237145979,0.000433851829987
306,0.0007766356081052,0.0002194980885024,0.0273460314391573,0.0052026412923471,0.024682607465775,0.0024372347752175,0.0008991886999527,0.0002759242132216,0.0091275974517876,0.001302517466872
307,0.2135963172710658,0.0071215777648315,0.1299722741088786,0.0186882712150888,0.1023968907993816,0.047954963281885,0.0116486519210748,0.0036148919355517,0.1228604741937033,0.0186480163391692
308,0.0055835579870362,0.0029462025559154,0.1633433828052616,0.0614041362201777,0.0904115024425397,0.041340123222755,0.0054910606547926,0.0020538421693314,0.1533760239528803,0.056962541007535
309,0.4751034539574237,0.0268661733881652,0.0002170205383344,4.3515182026474113e-05,0.1653194924588576,0.0191628249042136,8.672886236958305e-05,2.2683583368005208e-05,0.0003383454676291,0.0001105245943783
310,0.4969988280088956,0.0376802290181529,0.0002294706710608,4.1558568278596846e-05,0.1493212781603468,0.0162642473222323,8.612424947826974e-05,1.861840470164719e-05,0.0003602553971466,0.0001366972795479
311,0.1968456810660379,0.0084062505142394,0.3657285669728862,0.0087448979665158,0.161252689391761,0.0729556362101953,0.0120171664487189,0.0031047050793517,0.3303677796512601,0.0087310617725955
312,0.0032034065686478,0.0029474174673716,0.1011128162955357,0.0159912168644338,0.0710399350407185,0.0177435771707059,0.0029703401230508,0.0020842530616916,0.0695013677932085,0.011851794425654
313,0.1494532297408389,0.0185010029198582,0.002075203627218,0.000450668428483,0.2977636559088223,0.0241761487280277,0.0004461803380903,7.962699043343699e-05,0.0019876077357785,0.0004553903755047
314,0.0148189129251573,0.0037495350529431,0.4989947013742905,0.1040311691419818,0.3246563536473367,0.0902328422137659,0.0138317703150125,0.0030370144198903,0.4638169831946666,0.1025713365528298
315,0.3112011944317838,0.0133240137182419,0.2888992679471673,0.0200699424353285,0.2415283175681948,0.1131261153494873,0.0249128073302734,0.0060613208367571,0.2823156303444216,0.0200059775301947
316,0.2620099941131255,0.0379532037464126,0.0003692842767907,6.580488081630068e-05,0.2875815879308965,0.0115426369950688,6.099410020434552e-05,1.6512034070417508e-05,0.0003526311351516,9.625103332743812e-05
317,0.2186479942735884,0.0080545628848767,0.1502083413451078,0.0102956520209449,0.2338869339894742,0.0669866737652874,0.0148229506924839,0.0030831767224045,0.1432004726142529,0.0102510799361657
318,0.1486849278313316,0.034686379163085,0.0005879878918111,0.0001261653884502,0.5078682471532985,0.0129066387231441,3.07169768251952e-05,4.779496980264527e-06,0.0004889310322048,0.0001366167857732
319,0.0014903093387638,0.0002867678678878,3.891612453984538,0.0053304681945534,3.880731629890985,0.0034197142344853,0.003945922048011,0.0003945691542091,1.6343427512993187,0.0043775816539514
320,0.1262564195547138,0.0166881927627942,0.0011079246615506,0.0002164171019211,0.5066684044873697,0.0139158319251885,3.451358384475272e-05,7.775170219694039e-06,0.0010260207413455,0.000226730120417
321,0.1456786960923297,0.0156935594996769,0.0009351657368295,0.0003108396260477,0.4422002373900492,0.0169067304699134,0.0001387650633708,4.8659547879761845e-05,0.0008746241103146,0.0003467437972689
322,0.1483571149142549,0.006577978764492,0.1730504100643265,0.078670946347975,0.1327543549233305,0.0471474686531063,0.0402155023118565,0.0037427394249663,0.1699454557537197,0.0780191164188044
323,0.6837546513759476,0.0107233692877843,0.252136746210402,0.0428040940546503,0.2089252387886781,0.1132694607518965,0.0260797150353112,0.006313228787466,0.2025780765736842,0.042755390972014
324,0.5800860458099666,0.0084949601555722,0.1024167649900777,0.0262478309266594,0.1642796098647168,0.0746840770028445,0.0144116653988253,0.0041453293359954,0.0987727332097187,0.0262125455401235
325,0.5036883941749456,0.0525978366400884,0.0001245952077523,1.3888559998130942e-05,0.146082459366641,0.0078713963898349,0.0001082061716301,3.3639090589180554e-05,0.0002676962228546,0.0001171986836653
326,0.4341362225490813,0.048161146029017,0.0001465321577024,7.485691760866996e-06,0.2039673330117606,0.0050239175548025,5.2836220510354375e-05,2.093758363115683e-05,0.0002793237315662,8.160560779018133e-05
327,0.0255980022588178,0.0035614670942699,0.2623067856308005,0.1432332246761739,0.1270693500431862,0.0649063424586964,0.0206003242885278,0.0024721166138945,0.2336282540492021,0.140712417772917
328,0.5412877824527255,0.105116314840764,8.508292628430057e-05,9.86945593927152e-06,0.1327342180055571,0.0081441058166207,0.0001040363281556,4.544644290200083e-05,0.0003982391196215,0.000139700804631
329,0.0012044611500354,0.0007404286737348,0.0397513312305254,0.0074607836959071,0.0177064696570427,0.0041772189102324,0.0012605826475013,0.0008104944006767,0.0123898456701304,0.0025271179381926
330,0.0007436599185677,0.0002707466119146,0.0717449182032392,0.0057717338661288,0.0691170851720113,0.0038637845656067,0.0011028397637132,0.0003527139941372,0.0206816290668156,0.0020690003764748
331,0.3245100570649347,0.0113999034824363,0.1941359902182749,0.0119537068317751,0.2206048372792992,0.0386907785132264,0.0170997148471825,0.004416936670104,0.1880081866383569,0.0118973774907279
332,0.0719739414984913,0.0050780240683666,0.3845039111854621,0.0693928887465327,0.1852985355686953,0.0666632991278917,0.0362533127229103,0.0036860656909097,0.3339521484888129,0.0688098400236323
333,0.2131152075282417,0.0090647873120242,0.148328651920227,0.0179671662860741,0.2778752816770706,0.1512388485088636,0.0214054508569893,0.0044408649149884,0.1453872375503382,0.0178837383573484
334,0.1929803873834905,0.0088283409395086,0.2067272370008499,0.0132526010392121,0.2150906303220106,0.0807921933212535,0.0190597949310685,0.0044722048437695,0.1981006514023811,0.0132226735881143
335,0.1151243927238888,0.0122488010073732,0.0026502235214526,0.0005582432247714,0.4336787457853889,0.0084463935594317,6.624389792424788e-05,1.957313280073471e-05,0.0026844805729475,0.0005701456265569
336,0.2245689894284993,0.0226736644202951,0.0032579372014126,0.0005627641660367,0.5213904384314847,0.0107771049715566,0.0001666586673389,2.9443662665334148e-05,0.0031651287518507,0.0005466197542863
337,0.0869153779611642,0.00607318009717,0.1900610168158484,0.0864516369789427,0.1526018552771136,0.0689403450021906,0.0367514406514042,0.0039611275442815,0.1654984542340747,0.0856560444603232
338,0.2037627728405309,0.0095473129489571,0.1753295673993954,0.0104669928222893,0.2580822491790492,0.0481298806008431,0.0115787948190014,0.003360236954191,0.1647122911663197,0.0104216869525349
339,0.4864942801761534,0.0078547952180099,0.1510602166633856,0.0228838148912416,0.1453258662070852,0.0712818841410843,0.0179392048379325,0.0040242466997072,0.0987735427975692,0.0228442513824937
340,0.2775464669256678,0.0086426869367176,0.186148734832088,0.0085651451818033,0.2222477582075957,0.0336196893005993,0.0079996114071804,0.0028661980269958,0.1466760517151265,0.0085404486827519
341,0.2176969864816964,0.0061392175408686,0.286054182202473,0.047898900016825,0.1421995871852127,0.0651518825195343,0.0245273419562256,0.0043431901642785,0.1943556667201791,0.0476511044944765
342,0.4726188783457037,0.0395324317060419,9.22972567361131e-05,1.2755997834019932e-05,0.1629518417379852,0.0126224755118369,8.534479838539165e-05,2.3211117261567103e-05,0.0002105065056896,9.206100632878484e-05
343,0.2285531457431972,0.0091227289584218,0.2175581338582538,0.0101561801545603,0.2570054810506406,0.0379318575143062,0.0119965057442674,0.0034651959915268,0.149366256272426,0.0101116205879211
344,0.1978903834044542,0.0079295408150164,0.2485548800427148,0.0075430236250858,0.243597064577507,0.0312573004695296,0.0127943134043155,0.0026620401990393,0.151461719883862,0.0075201705712389
345,0.2490787723706994,0.010017729820766,0.2350350762060623,0.008645122204747,0.3016512401783703,0.0275382044758414,0.0118529638016698,0.0029865898017599,0.2216635439860596,0.0086058428975138
346,0.2559822508493613,0.013340187617317,0.1636820135366073,0.0121503763818103,0.2272361782138032,0.0313344539661599,0.0205110866526865,0.0043038863687222,0.1539142417776459,0.0121009309778841
347,0.0790822620377638,0.0060438722303215,0.2361021913078987,0.0619210596665849,0.1434569580286677,0.0716487667386566,0.0259705624966849,0.0044692911165846,0.2110631566459629,0.0615686515876295
348,0.1959541562309427,0.0092191721822363,0.2313208787260682,0.0107233906638495,0.1995554339387496,0.0464588593647295,0.0120379796626294,0.003186914076002,0.1738760980506459,0.0106780048610714
349,0.1419710090451885,0.0069669215018204,0.1226532149400939,0.0349693188834133,0.114204590694286,0.0571968523313998,0.015977533136676,0.0042337112441363,0.0930151305932955,0.0348442257934339
350,0.180374220261071,0.0139696117169396,0.0017784423657706,0.0003352187323852,0.3814622778342402,0.0205045668210427,0.0001006811490835,2.1306882503612738e-05,0.0016813832250566,0.0003161875293497
351,0.1681568357649714,0.008423530999606,0.2318409827892713,0.0117932218152387,0.2009942122874247,0.1067488848099316,0.0145471154001925,0.0042507406478327,0.1228241489711621,0.0117698300315687
352,0.002838274275797,0.0026024875379145,0.1171972932980449,0.0186676849489613,0.0539948058205623,0.0185192286342629,0.0028006262979412,0.0019380558436232,0.062979271807164,0.0130784934533675
353,0.0031905084595945,0.0029495064240704,0.1706905425562943,0.0334424473432598,0.0634394856719443,0.0228028170268138,0.0030331691310322,0.0019743286692454,0.1167790106083484,0.0208103727364174
354,0.3864274268123889,0.0592217197088445,0.0002383641630977,1.133429934507533e-05,0.2694911035515649,0.003844996735462,3.0134047422753868e-05,1.301825145827142e-05,0.0003105709016044,7.714323502463161e-05
355,0.2920892651373931,0.0084517266319108,0.1979645305121243,0.0096182340443481,0.1967656168695584,0.0449049808254307,0.0127936077347877,0.0033194376966252,0.1647551727565533,0.0095848942838916
356,0.4265350879912414,0.056574294087188,0.0002549813458597,2.49804314374918e-05,0.1885296933857009,0.0080144079462665,0.0001065985705303,2.742771442133997e-05,0.0003251546451673,0.0001101658223135
357,0.0007414455145386,0.0002965313891523,0.202263833747003,0.0057591824515324,0.1993772521571464,0.0043841263623399,0.0013255205896433,0.0003951440220695,0.070135848423507,0.0031025617037863
358,0.0145698850162673,0.0035139594524151,0.1476265192925317,0.0370634125030476,0.1006385910195707,0.049039958458838,0.011652139752235,0.0023557564416766,0.1436415799031804,0.0368227484030123
359,0.3482486552937081,0.024070784996149,0.0019648591997655,0.00041052549305,0.3424781235355395,0.0255523795941225,0.0001628408770691,2.950234178787447e-05,0.0018935408792568,0.0004061223399104
360,0.2538244471578016,0.0108120579428378,0.2080714457573388,0.00944939796707,0.4043569760786535,0.0227737645865675,0.0133722177252428,0.0031766685313414,0.2013503534218895,0.0093847658222812
361,0.1217190849777657,0.0118812911345587,0.0248624912950485,0.0018226575016683,0.3170573360296813,0.0154569073265962,0.0053067753147904,0.0003376294913094,0.0243170771389075,0.0018419794318775
362,0.0320545479632333,0.0031701537471932,0.2849987389159755,0.0550420950773942,0.1174357559206737,0.0461972862350521,0.0222162849445933,0.0024600137253801,0.1720429068208505,0.0542991433705762
363,0.1825660146773141,0.0096766494247192,0.2845360838946856,0.0083389356796557,0.2039667751320384,0.0354220388043611,0.0243040977005111,0.0034761300706494,0.1761732447630398,0.0083033645928705
364,0.1348157069739984,0.0095243473263764,0.2535878969542436,0.007966295161149,0.2336996037689648,0.0286321976179638,0.0122578470981145,0.0028735511847084,0.1790205610784326,0.0079334962122048
365,0.1819340296583211,0.0083535940492278,0.3071229309877432,0.0115700116992354,0.1779956115716938,0.0867900333571457,0.0132967768343148,0.0038433049372318,0.2662239700375449,0.0115410452466034
366,0.5162073618199208,0.0246706259689349,5.967153439226694e-05,4.337592225414917e-06,0.1421428465300973,0.0078649759318659,0.0001067596859823,2.5840556960751384e-05,0.0002267135898779,0.0001063604604037
367,0.0008850615737335,0.0002902256467624,0.7859577412625296,0.0053464300577785,0.7819513177701536,0.0036100223063206,0.0025262333926471,0.00039762151926,0.4076036382708963,0.0043737894888641
368,0.4535541561225805,0.0454516037370297,0.0001138832702558,6.2397666490912055e-06,0.1693850232821234,0.0032419883359171,7.233219918431879e-05,1.374911068195589e-05,0.0002328540067465,7.205832149996335e-05
369,0.2397569216734785,0.0046781423310633,0.2118484340553373,0.0256361397450002,0.1168253224605553,0.0482638104678794,0.0133813711078622,0.0032748309951674,0.1743657594697014,0.0255434986331643
370,0.0016191800544814,0.0002753800131377,4.134030079365125,0.0054050450043579,4.124470215948167,0.0033839842835104,0.0042533796799112,0.0003774902071699,1.7239340070577338,0.0042929013533831
371,0.4445364578947482,0.0247857482333486,0.0001328525877866,7.107922094834182e-06,0.1856695768016704,0.0068410789549989,6.483509912429926e-05,1.5165891640121794e-05,0.0002537163332921,7.528086594340761e-05
372,0.4670633177273034,0.12319472615608,0.0001200252997495,1.227293952127761e-05,0.1614054561655336,0.0057740031062532,8.718445603842848e-05,2.1631439400373674e-05,0.0002959406543957,9.373453820318262e-05
373,0.1270519702180123,0.0129028638219105,0.0029394072489453,0.0007212715822117,0.4445180924226288,0.0434822283268695,0.0002851235654623,7.563065626585047e-05,0.0028354786481524,0.0007065261614153
374,0.0518548363645686,0.00404162439631,0.156062555361564,0.0618107368345166,0.1185630142204281,0.0456703693285909,0.0263845427022215,0.0024478307675376,0.1549093174270873,0.0611186669655644
375,0.0022091468255732,0.0002855930107571,8.263257336719525,0.0054769898350251,8.197633590523475,0.0035931633846137,0.0056157415269604,0.0003847968788592,2.953983174460529,0.0055863214657027
376,0.2383006865993277,0.0398795407812026,0.0003725220327735,8.237264849096236e-05,0.4859716970508854,0.0124759892776188,5.451600218651244e-05,1.1997579800638906e-05,0.0003675187063274,9.392291669620535e-05
377,0.2352903552009895,0.008086425502359,0.2433117071236481,0.0106018151200221,0.2532077532377633,0.0708200339982626,0.0106015598027633,0.003346662324403,0.2289335246782377,0.0105703087103822
378,0.1826101280806353,0.0090464583400964,0.2156618594335365,0.0080682039628985,0.221794512371282,0.0350885613560977,0.0098313531016487,0.0029636945594324,0.1790572909752351,0.008039975268389
379,0.1747718310179972,0.0123394412491215,0.0015010476645837,0.0004112754573141,0.26111672404141,0.0077800005977733,7.390097108372941e-05,1.536234998837926e-05,0.0014625126388664,0.0003981752391043
380,0.0033547998760109,0.0027596765058414,0.0555290101886115,0.0120188241647572,0.038904626599682,0.0131994697806373,0.0026947339718361,0.0020311560912659,0.0167020698740107,0.0067530955486057
381,0.2453982126194521,0.006616954615042,0.1943030356816621,0.0166523646979986,0.1649245823425664,0.0815653558646319,0.0118062083784457,0.004180557279621,0.1563248112631915,0.0166206227265177
382,0.2530379802215144,0.0095516483917546,0.3005915473562364,0.0095647424875157,0.2330025335053688,0.0366575407504583,0.0113460448669377,0.0034837531849093,0.2247822447957475,0.0095280086551149
383,0.0454697303757742,0.0024091133772943,0.0018988494486864,0.0009755546926739,0.2465284554217415,0.0084607770923372,0.0004612577476721,6.076201570985343e-05,0.001915894206738,0.0009978323712817
384,0.090575291353585,0.0094002266744672,0.0045984385844912,0.0014246198100424,0.3508585193044383,0.0087433829503883,0.0008030495489333,0.0002227797187542,0.0045701020292462,0.0014234301670042
385,0.4022943851387087,0.1026122798001725,0.0002140670574916,2.70056146810451e-05,0.2305102571239901,0.0072349597647576,7.054343738144339e-05,2.1034529770814015e-05,0.0003538319656671,0.000100650701236
386,0.1608844356823602,0.0088233983760307,0.2057762746385306,0.0094519232358601,0.2093371901090917,0.0647521487103013,0.0122839483907962,0.0034157621328865,0.1259345605616198,0.0094251903313593
387,0.0007825307690095,0.0002383071252259,0.0278237357161495,0.0047551178086691,0.0158772495795944,0.0020774924333876,0.0009109513812823,0.0003037494097259,0.0075528758800916,0.0010639214316144
388,0.1166738624825231,0.0097042754186867,0.2794427962366083,0.0077976554442867,0.1462037034988272,0.0360343853372075,0.0115925197423784,0.0031060194281629,0.2738985400066537,0.007779882692976
389,0.2086134980132206,0.0086319782364026,0.1750693966031831,0.0369560057074185,0.1287394699063153,0.0675911677731301,0.0172861203369776,0.0049919215902768,0.1543270699446549,0.0368726102844459
390,0.1524922377123418,0.0074942948339293,0.2030894520675034,0.1030576972567811,0.1600878809700813,0.0761622930876126,0.0438680603828005,0.005045990054293,0.1613705686877135,0.1020363811504892
391,0.2332017923085642,0.0080193987483981,0.2338045267155686,0.0118516308084273,0.2041441115212716,0.0908961679360922,0.0139667653140411,0.0037770947242469,0.1269715971438006,0.0118129306754766
392,0.001101294176503,0.0007530598871076,0.024462021278102,0.0042611475002178,0.0172298255193562,0.0044660663355022,0.0011421353074506,0.0008252524049644,0.0086966205188522,0.0024387181029747
393,0.1850168925422927,0.0110892409794186,0.2352676140389656,0.0082767214910368,0.2205992243508699,0.0267918947087391,0.0137999620151425,0.0032792121998032,0.1891746238221347,0.0082442450540447
394,0.0008047368918282,0.0001416232989506,0.0264305606394173,0.0035832600273677,0.0063654132012062,0.0017798121924946,0.0007027705016862,0.0001771128921651,0.0071465862233845,0.0011470648212351
395,0.0314971732699195,0.003440525248773,0.3027107160035437,0.0523021673592109,0.1236013956728878,0.0512453257634741,0.0224437737108391,0.002835006350552,0.1922731541593444,0.0515473487102248
396,0.1726939094493218,0.0387989736863972,0.0002936038845986,5.226955355771495e-05,0.5336805018809091,0.0078879730274665,3.32190214141271e-05,9.03275756123321e-06,0.0003685485977103,9.294352458872347e-05
397,0.0072126913755815,0.0018542859904305,0.293739794481628,0.1503084781907687,0.1211212279558984,0.0510308162266234,0.010440703924068,0.0017089576710279,0.2770941095530817,0.1295628452643841
398,0.2551561041796555,0.0102059290252721,0.2218365405386337,0.0088898223951137,0.2499475462038249,0.0414808735326725,0.0126570575005231,0.0031125914874643,0.212979824187322,0.0088523696779976
399,0.0017122976616348,0.0012160463141419,0.2723689191335854,0.0678274484689306,0.0677630638048163,0.0170077546969363,0.0027548712223576,0.0012206669011689,0.0766814001746294,0.0243048909056741
400,0.1622334165462804,0.0063202359033756,0.2966427298502593,0.0428569006047947,0.1525529972054683,0.0482649861928499,0.0191169283096043,0.0043959942686733,0.2540228867072549,0.0425374335050644
401,0.4941292435526996,0.0369928749086393,8.890879259809853e-05,4.741983978268014e-06,0.1623879306858556,0.00484982874975,9.526487148376184e-05,2.073014200378563e-05,0.0001919960813679,8.222384413082319e-05
402,0.0051944165544457,0.002980240218382,0.1622791585576511,0.0943689729317458,0.0955292149708548,0.0415629792731011,0.004568532868638,0.0017867794048324,0.1524247382134451,0.0781682867791652
403,0.2013691927192948,0.0084823696776352,0.0046732877950708,0.0012514588027104,0.4776815039470916,0.0224962069246733,0.0001132830536717,4.845938201417793e-05,0.0045248106417794,0.0012665875136693
404,0.2297276197614563,0.0111408111777762,0.2265211248744781,0.0108692000230036,0.2170186407089039,0.0467068264417471,0.0153600449160735,0.0037026103983543,0.175088979155176,0.0108274963744882
405,0.0007573029181336,0.000282252255266,0.6598422335137942,0.0053920766757737,0.6565765071517701,0.0036882659426876,0.0022206030130212,0.0003850359631585,0.348198770865644,0.0044786957050022
406,0.1977340539484709,0.0091285428800853,0.2381676885642795,0.0085204736704678,0.2373975887550732,0.0423600233677667,0.0148701691787096,0.002922679478921,0.1326885689863522,0.0084832387770111
407,0.2481434069508161,0.0117289489820522,0.2142177595171637,0.0116417734668299,0.3253764715119592,0.0407954747317711,0.0176976545923522,0.0039068160008187,0.176104363640766,0.0115819122418251
408,0.410768479846832,0.0648785157525572,0.0001821232724647,1.0016389369310454e-05,0.2411464980420887,0.0042800579835618,5.1900182238139165e-05,1.425974823408978e-05,0.0003085294461344,8.610708728641888e-05
409,0.2091384587644272,0.0094885596010868,0.2144370931951255,0.0082352942030298,0.2328293962364491,0.032702704832891,0.0137291493212601,0.0030426342413216,0.1374583135519593,0.0082034092803518
410,0.3616603190648826,0.0081037958392306,0.161161658171185,0.0178024132226654,0.1735818273059558,0.0865552512617508,0.017772333918904,0.0044132334522871,0.1388132136959027,0.0177755191044614
411,0.4949764772836261,0.0289845579790201,7.673916381018988e-05,4.959113825404765e-06,0.1567078141709394,0.00819539475847,9.881126046336949e-05,2.9484405563950984e-05,0.0002348997431344,0.00010057177255
412,0.194656945340364,0.0082174773913609,0.2503463885319266,0.0104858175963658,0.2386125554429639,0.087490134282421,0.0123869740394254,0.0035882609036357,0.1743671174160501,0.0104410516783029
413,0.3709587062398515,0.0071802850572261,0.1670531954610581,0.0181206743837728,0.1422208912062431,0.0556004974806524,0.0116035715840852,0.0041650286102744,0.1073968000996036,0.0180782945440632
414,0.0007673042204412,0.0002262526726966,0.0363598823966831,0.0055075170502823,0.0334482500301681,0.0027786235551144,0.0009372548635014,0.0002854453600072,0.0123617231852276,0.0014747780459088
415,0.2362920016677336,0.0071127628033346,0.1409144242727575,0.0109774407665235,0.1699340874215694,0.0900580890970772,0.0113379877096548,0.0031335018556471,0.1117556855885382,0.0109348642086815
416,0.2240114207693739,0.0395119292146963,0.0004191606216013,7.43565500608296e-05,0.5534904373282462,0.0129794132487404,2.915201008018921e-05,8.104346148314809e-06,0.0004040103415556,0.0001019606246292
417,0.177365943095863,0.007507553421341,0.2599169196666183,0.0120343316981434,0.1788110622213724,0.0869261225211443,0.0134171137734917,0.0034874977310953,0.1678494989175176,0.0119956278897823
418,0.0014846230745651,0.0002733556061315,3.5597923120033115,0.0054050837406793,3.550481521218192,0.0033978898343536,0.0039339237570244,0.0003777536015009,1.5135463096257409,0.004318908388351
419,0.5132611398833044,0.0319356973870258,7.150099120031898e-05,8.507409160839363e-06,0.1494478464302858,0.0149373085562751,0.0001107457727031,2.9552324235923413e-05,0.000344039572734,0.0001161912836441
420,0.188539493354885,0.0080154021570591,0.1669362390396938,0.0103093664873403,0.1792490956223756,0.0778961679266798,0.0105616109350968,0.0034299104608777,0.1181826430745502,0.0102737822392798
421,0.186501400056456,0.0084131418499588,0.1881386299420318,0.0098714172827739,0.2279769509456185,0.0549603649116967,0.0114189594933171,0.0034183730838567,0.1658790605906555,0.0098392031256457
422,0.1170998178411827,0.0093850011192131,0.0061497581575418,0.0011748947323159,0.43679383287331,0.0065082901308101,0.0013441064451668,0.0001658021767207,0.0060376652726809,0.0011510845316816
423,0.0011731675533043,0.0007668188797788,0.0260831657044174,0.0052478996806362,0.016991498693254,0.0054284299091277,0.0011284211512212,0.0008338404622958,0.009344360369971,0.0029126154988103
424,0.1820548244918898,0.0092711145470949,0.2377611297689194,0.0100168311287447,0.1913326697015199,0.0555973792317178,0.0115432935139551,0.0031906876293718,0.2309635861383056,0.0099805375345646
425,0.1838634267370958,0.0109169874602155,0.2092343220680422,0.0101826514280306,0.2979751586134721,0.027387525506394,0.0132312353923339,0.0036511380089399,0.1462556548069498,0.0101294905056448
426,0.3054673710991185,0.0082984028558863,0.1430544101277128,0.0253083796880783,0.114642584139969,0.0577125953686017,0.0156053848034542,0.0047459973911426,0.1221935832902262,0.0252540725955672
427,0.4568926968197982,0.0938162358912544,0.0001537475197891,1.8405030221338057e-05,0.1632398375293968,0.0077350061664726,8.833922158123941e-05,2.4097342411186e-05,0.000281255349011,0.0001123468190108
428,0.0007332162594601,0.0002878589023606,0.1245821459316335,0.0058684073235893,0.1219107427734353,0.0044354433323298,0.0011687635023268,0.0003820315026668,0.0352006781974794,0.0024738370221564
429,0.3965354550999384,0.0320328858782762,0.0002112966545574,2.544660141194048e-05,0.2572234609503165,0.0161812786168339,5.07776553582254e-05,9.69683604285054e-06,0.0002865662559965,7.797461385460636e-05
430,0.1745681454204412,0.0103064252437671,0.2187152403746897,0.0081528441222264,0.221614729245006,0.0302746219382815,0.0127204564398132,0.0032286326410234,0.2107375576042888,0.0081279376630749
431,0.1067429184765537,0.023596015751184,0.0072054784119391,0.0015904169905191,0.2861981742799623,0.0683276976945236,0.0011846948597915,0.0002763127830535,0.0071571055732717,0.0015911390172808
432,0.1806141957047448,0.007710077606949,0.2183082097762387,0.0114536033777217,0.1632049574153713,0.0831618647839935,0.0096528158473575,0.0034903690271494,0.1729569518999298,0.011419472200925
433,0.0864462458928763,0.0083894878583651,0.0019686513706774,0.0004770203831523,0.3856641206023916,0.0220039407689576,7.938851116188016e-05,2.083322307059273e-05,0.0018917847533937,0.0004564021807247
434,0.3238424991090131,0.0068072436989689,0.2282168074553328,0.0334434075411667,0.1393454536211283,0.0670079464393226,0.0131286931562034,0.0041772190867948,0.2047402033401787,0.0333451706564407
435,0.0028702643670553,0.0025545240501973,0.129964718752212,0.018341582406579,0.0380930287680551,0.0146847428855918,0.0026327513362725,0.0018556279457196,0.0473153467053904,0.0097686681777572
436,0.0025288983076263,0.0019233460612839,0.2294058379313428,0.0558901578817233,0.0593450582527751,0.0147427397917982,0.0022049731147131,0.0016268711862274,0.073316363969062,0.0111539511548793
437,0.4333445918420364,0.0900692551734476,0.0001253313424776,1.0861428441521349e-05,0.1823015747172341,0.0060719133393439,8.596173469707381e-05,2.7629232980078076e-05,0.0004072552641455,9.58222447497438e-05
438,0.2752671568942288,0.0105664815556767,0.2695641505320451,0.0102417302828507,0.1956356017326284,0.0402543198008073,0.0155508754811479,0.0036722660793559,0.2266141713912269,0.0102062719231214
439,0.1338229597817826,0.0066964636953344,0.1563265390310337,0.013853639675121,0.1356193695051065,0.0648714230787466,0.011815453386324,0.0035050794783021,0.1398138762258498,0.0138003824748898
440,0.2780773223193677,0.0094165844436837,0.3413035820017684,0.0086587554232604,0.1958809340630195,0.0334983918089707,0.0123871881417202,0.0032576906984931,0.3127766922964302,0.0086312744516912
441,0.00166319873057,0.0002726845117134,3.053421013375611,0.0054878442798722,3.0408727689690576,0.0034984833629701,0.0043356414452652,0.0003704475869286,1.3402441728039898,0.0045524663490475
442,0.0772741794212793,0.0050675868079257,0.2353613844230915,0.1027428575891636,0.1477118626017707,0.06351247714754,0.0433267076595398,0.0035418663146539,0.2331470079259537,0.1012824728501004
443,0.159869094135851,0.0057322194076315,0.1717470532509316,0.0284182961726736,0.1092067663074094,0.0465381386921891,0.0176589643623889,0.0032585204239575,0.168214545380126,0.0283071877169141
444,0.1437321724750806,0.0180097683357968,0.00212889904648,0.0005190403586418,0.201603783512235,0.0371407554231464,0.0004864476702928,0.0001177254028032,0.0021251230202157,0.0005235528506704
445,0.3044200504655249,0.008649858356716,0.1397095069572519,0.0298281154178714,0.1223238913216353,0.0624125700421736,0.0229220827891229,0.0046721108006489,0.1351786818580369,0.0297647265097106
446,0.3262581463597944,0.0084052027757755,0.201966139699885,0.0078957637566381,0.3258538145503533,0.0365692445757245,0.0085426501960693,0.0028642386806233,0.1823086331493569,0.0078595248976717
447,0.5036752682617441,0.063700283239865,0.0001378384364456,1.9082747162678964e-05,0.1451823086397989,0.0092333122666496,0.000109639577735,3.11013597320614e-05,0.000242256235894,0.0001211971891483
448,0.2975025716600806,0.0092414527112231,0.296884770396734,0.0107722827110242,0.2578948178700687,0.0373375260604803,0.0154278330246222,0.0033464328231701,0.1815349211498672,0.0107159129456745
449,0.1545287772767565,0.0081116377687419,0.2420623414526084,0.0127701635505721,0.2289936423509736,0.0718660556899532,0.0123345811780028,0.0039796667587789,0.1285018698660996,0.0127393429439827
450,0.0020266445293369,0.0002790253269977,5.6365983477894135,0.0055126592012187,5.60166341468009,0.0035768989011461,0.0051855917315615,0.0003776848332502,2.209252762861112,0.0049908120275151
451,0.1383548588643611,0.0076807374496108,0.1936734231001466,0.0088255502130722,0.2436697117688528,0.0880458609806167,0.0129648737477226,0.0033920631222333,0.1550309932114648,0.0087981370663992
452,0.2264651429191058,0.0096677791858179,0.3204048865797071,0.0123062210845937,0.187025882304021,0.1011068318341433,0.0140225934013505,0.0039917777754558,0.3046505228043681,0.0122791229682692
453,0.2181554706747754,0.0093866680017727,0.2311274125789834,0.0074229562889912,0.1950977646995172,0.0273285525433495,0.0151322091692914,0.0027708944198999,0.2199637553550256,0.0073998046423842
454,0.2570904128829273,0.0083842101523598,0.2880720897760632,0.0113573670630349,0.1756876353308304,0.0836391024569601,0.0093653291856374,0.0036397819328968,0.1976902864671038,0.0113091593131357
455,0.0025332747822198,0.0018920089949734,0.3447636029192661,0.1266931590488766,0.1334363131661415,0.0365947412933395,0.0031907943466428,0.0016613355419942,0.1778615243113356,0.0435732287188408
456,0.1910977358694976,0.0530285804762561,0.0002443657490086,4.3095832463683294e-05,0.5223938562708508,0.0059389948329452,2.7004833282193305e-05,8.734941497721332e-06,0.0004340557222214,0.0001040632786893
457,0.0853872650647382,0.004754111146966,0.1836933959882487,0.04648347068863,0.1056483830589508,0.0403572615599579,0.0279920290740773,0.003096484650724,0.1623294606587333,0.046146332679769
458,0.3302011794926147,0.0092176907331229,0.2454010598854376,0.0095919944236243,0.2037698534710588,0.029810159886371,0.0125305673237247,0.0036249967061703,0.1441783213233399,0.0095583842985626
459,0.3221032283424427,0.0276474438280458,0.0027327618882968,0.0004239892014227,0.4700646477082233,0.0066969209291378,8.099538891389475e-05,1.8977116935625907e-05,0.0026335377252757,0.0004002354512315
460,0.0146033900790734,0.0030900340725256,0.2967845351583866,0.1282820744841888,0.1540848801037115,0.068207633218297,0.0132132630577733,0.0021963384529553,0.2646426906120661,0.1253511173693189
461,0.3154664998159538,0.0100747295825004,0.2495459197238447,0.0092503402289474,0.2391780203658152,0.0293050812946217,0.0122009463178831,0.0035348057444174,0.1692731795617101,0.0092154469473102
462,0.497796522269729,0.0432239063914408,0.0003463293879385,3.676853446831104e-05,0.147965584049878,0.0137695868993613,0.0001062897230578,3.072422683674522e-05,0.0004478382163462,0.0001383121195511
463,0.0023562331783542,0.0019559008694811,0.0372770540065109,0.0115399962777213,0.0359099806102344,0.011972165737294,0.0022088092838213,0.0015921033410395,0.0201263556604651,0.0059659701261651
464,0.2312333954561078,0.0067343158702386,0.2334058056298715,0.0106198325843328,0.1863857421541289,0.0864636385307568,0.0107963178509951,0.0030706332386412,0.1290607590888435,0.0105762768317646
465,0.4026680738100561,0.006703645000242,0.2437218619620353,0.0154295900794447,0.1519050065463285,0.0685216826087498,0.0140061764035694,0.0041050645022434,0.2026852769355468,0.0154062516607232
466,0.5017105193294434,0.0248773562558252,7.808581090206813e-05,4.723229139358089e-06,0.1589884019037339,0.0076775592379926,9.479877445702322e-05,2.175828590361554e-05,0.0002996226635421,0.0001061609675959
467,0.2325398801626579,0.006455993249138,0.1995960196103338,0.022269794826963,0.128085183160264,0.0450208979403427,0.0122091100969538,0.0043051415857968,0.1228531532381227,0.0221987093498345
468,0.1950280521077,0.0099203757016357,0.2374313729516314,0.0083507642007609,0.1781632503385702,0.0270915162893367,0.0112652631895416,0.003306232079086,0.2018849578358482,0.0083303533911171
469,0.1193846176837123,0.006982616285079,0.2096726877462195,0.0927265916873154,0.1651952070765882,0.0846676572629237,0.0405967815531339,0.0050524710349386,0.1870401429947155,0.0921105299609005
470,0.0226942023973951,0.0039174011041027,0.2326016690860398,0.071984121789467,0.0958946098408887,0.0435106208455985,0.0175047564989487,0.0026004475289109,0.2283235218916691,0.0709004313371131
471,0.0804541691542189,0.0076353723321901,0.0022824977101528,0.0003152395261069,0.4284092352383107,0.0225650634409642,3.983850461722132e-05,1.4328542881824985e-05,0.0022468133901569,0.0003159486040613
472,0.0060512642761888,0.002587474541586,0.2560353439797154,0.0850867840202409,0.1114445043924931,0.0376981225348861,0.006393212072677,0.0018733989997596,0.2385698642405224,0.0752323313844212
473,0.2994528977619615,0.0071556507183632,0.0998378869482891,0.0213009911762212,0.1206408628087855,0.0560751061318376,0.0210374455282772,0.0040361379275275,0.0952379994124017,0.021234357061319
474,0.4185567523250119,0.0072456624823106,0.2134846711879851,0.0418813004818423,0.1568063281381989,0.0742209221774815,0.0201534648987349,0.0050123183830913,0.1657136601644756,0.0417369454574246
475,0.3309386700024761,0.0197789872230277,0.0036706659954397,0.0007347764984902,0.3163421194124243,0.0468839431408872,0.0007405805680868,0.0001463752036666,0.0036164919769882,0.000732775539448
476,0.0022960246194712,0.0018363032420813,0.062494360264837,0.0095196860869451,0.0289181969133986,0.0091747223116875,0.0021552141123133,0.0015438634849364,0.0188073259103989,0.004940607843042
477,0.5636072664436382,0.0199313015031249,3.346940495915983e-05,2.4182662323957237e-06,0.1232329479543909,0.0090244853346279,7.871106415919658e-05,3.2995516492573243e-05,0.0003679219100801,0.0001579943018764
478,0.2107267362543982,0.0070235238364963,0.194813365345533,0.015137830545674,0.122836571721648,0.0565890407394625,0.010315317869846,0.0035064651130345,0.1608691747536804,0.0150899153185829
479,0.4994839981067493,0.0390220196552736,8.510388779650683e-05,4.592738403466031e-06,0.1624357296259109,0.0057673735662117,0.000102830651772,2.2584154454137532e-05,0.0002056972146724,9.397105082861483e-05
480,0.0018945648563842,0.0011404609645809,0.2608131351112149,0.1048056408104477,0.0901246386783235,0.020082398977186,0.0026513815772742,0.0011807732553134,0.1001477818411519,0.0193884526878605
481,0.0367979514538852,0.0028557121070351,0.3123970558886493,0.1357538576808016,0.0969553148335547,0.0376169567917884,0.0356198521362969,0.0025301158245178,0.303128682857245,0.1283982757437491
482,0.419560851533616,0.049845037588491,0.0002645019435666,2.9010108148728984e-05,0.194441071539718,0.0082023061919028,6.775733568090424e-05,2.290893403408191e-05,0.0003919259674514,0.0001076526041114
483,0.1442422995901918,0.0083900337969864,0.1619728255730899,0.0103667593516921,0.2293594382261365,0.0598801343075386,0.0114570907470501,0.0036919950877055,0.1568274804194141,0.0103393747038474
484,0.3091093403054233,0.0113646454288161,0.2198446070163929,0.0143570683921142,0.1804134289500935,0.1038457355708776,0.0170836632762087,0.0044050038491563,0.1844921044660389,0.0143035250486762
485,0.2335930489927157,0.009988196545731,0.2902444203421915,0.0113031369509227,0.2300609695754081,0.0439132219752146,0.0143739408051645,0.0039254188570632,0.2374997321409696,0.0112621147525331
486,0.0931422156051566,0.0062782880400804,0.3114446395720046,0.0630670926823419,0.1651837350663227,0.0689334262289207,0.0337483126366835,0.0044085940682258,0.2875192514017249,0.0626177007226562
487,0.0017560745320256,0.0002784130453315,3.8484657580271007,0.0054474820178701,3.832496089340762,0.0034536556822986,0.0045696508024785,0.0003776839816891,1.6209009517274957,0.0044976994885652
488,0.5425284188344869,0.0177940221735634,0.0001478108378362,1.982306520729015e-05,0.1375175074165566,0.0164647070718204,0.0001081384621966,3.045990185064247e-05,0.0003760247765457,0.0001428042594716
489,0.5077899037462085,0.0565415429011914,6.381310943892149e-05,6.480737352930775e-06,0.1436132293997082,0.0081370106612173,0.0001053492907537,3.025145640189205e-05,0.0003447320842837,0.0001067130769285
490,0.1603537689979879,0.008848439662128,0.1981397905239426,0.0078833877106291,0.1433899957738917,0.0306946236462037,0.0110248680298531,0.0031462332521588,0.1847884698533305,0.0078705620991864
491,0.2585325079424587,0.0081991461637795,0.1701109540390675,0.017638920128925,0.1447274391870835,0.0599006992582151,0.0157942639203181,0.0044916486648408,0.1658125694191434,0.0176033014293111
492,0.1653667404200828,0.007272435727757,0.26006991372779,0.0108117572981535,0.1656298092816016,0.0837887518528112,0.0129978578431086,0.0034661131976214,0.2424522528730222,0.010790310326288
493,0.1845468583383435,0.0092249690362968,0.2188380400771847,0.0136480235458814,0.2435300998962979,0.0930419685952461,0.0242598766805997,0.0041248856622327,0.201708962839149,0.0135849716665505
494,0.0013343697792332,0.0008369741019753,0.212317445612193,0.0754449626066461,0.059985195851742,0.0092754623575096,0.0015183473940392,0.0009117536593948,0.0649080922807132,0.0092449748679755
495,0.164797184016212,0.0075871693588963,0.1610432195769845,0.0128061859442844,0.1959712024282272,0.0835726306963092,0.0099244232404352,0.0034701022829319,0.1562570195416296,0.0127701579841693
496,0.2196776484104646,0.0096041156384484,0.1831060395319476,0.0165408172645235,0.2241845342468555,0.1210350407173518,0.0210154801134387,0.005032345031733,0.1392687827676728,0.0164982707816037
497,0.5066683850593373,0.0417627764647717,7.703685178054979e-05,4.23083506159318e-06,0.1546881134167059,0.0046922556668816,0.000108539683111,2.2143998783883563e-05,0.0002292371435143,9.07613902387664e-05
498,0.4418968873729732,0.0373111098491852,0.0001185464066789,7.362844385317506e-06,0.1689882789803206,0.006770036979966,7.187552170696704e-05,2.5354807256412773e-05,0.000266487299844,8.147550126848783e-05
499,0.2482526689283558,0.0077890451876169,0.1337280267815928,0.01214429894584,0.2333245275777101,0.1270303634282607,0.0131242523463096,0.0038675797798951,0.1214501587220438,0.0121131796464194
500,0.5492848982297751,0.0226567343111037,4.324973697966061e-05,3.784664518311755e-06,0.127033457570373,0.0132090493482179,9.66517259593338e-05,3.779702411186795e-05,0.0004109135944375,0.0001573267194633
501,0.3967285617993581,0.0071309995990555,0.2556769185503522,0.015457279094182,0.130845406107107,0.0549274335732713,0.0149024962191327,0.0038327177994569,0.1746852083760521,0.0154219519038944
502,0.0015433748258917,0.0009760461281692,0.025822340335137,0.0052632119109851,0.0187922954837202,0.0053456173504221,0.0013437734192236,0.0010226019578208,0.0091056159682066,0.0027368149494192
503,0.2771495790313912,0.0057988509587808,0.2462866789532543,0.019083278614052,0.1260200963322445,0.0433032687545184,0.0143981920459775,0.0037368182976536,0.1610900906872144,0.0190353780981873
504,0.0016285785788592,0.0002790213312192,4.713585069584226,0.005373422796562,4.7038440651426425,0.0033825700427109,0.0042824720218009,0.0003829520899371,1.9098567768075432,0.0042667194048782
505,0.0116816929608767,0.0025782512275237,0.2789114723073188,0.0835553114567791,0.1217258657355541,0.0410707714759969,0.0111804619236819,0.0019790869184368,0.2484223173112869,0.0817313212552041
506,0.4850489364513372,0.012696518300639,0.00603235549247,0.0015066841904242,0.3746143135707597,0.0255349371834584,0.0005849831623726,0.0001598652146123,0.005952197121153,0.0015000568892926
507,0.2477246101074325,0.006449311262856,0.1970783963087855,0.0379388356722457,0.1453215521720632,0.0680016749211164,0.0186786824475271,0.0043649228568748,0.1847726276032655,0.0378148033173012
508,0.0015489438081028,0.0002721995730301,3.9730479036489226,0.0053748921245424,3.9638558969188793,0.0033932148228751,0.0040818684381431,0.0003751951320313,1.6541659789077794,0.0043172624321774
509,0.1791344238142905,0.0092954228549744,0.1733172652368322,0.0110939199511788,0.2041219196058302,0.0500814096944847,0.0153211625373936,0.0039712339119332,0.1242469786360812,0.0110537894107186
510,0.1247230164043064,0.0060014927180287,0.1801545713271213,0.0481825200857696,0.1268273879803921,0.0532397415436031,0.0299180170752281,0.0038283617773894,0.1547999005936358,0.0479412226679939
511,0.139440952603869,0.0089611414809683,0.340128229002255,0.0095675371269183,0.2390525419352903,0.0790679744537348,0.0113572276826154,0.0032509277734403,0.295597597512924,0.009546482985801
512,0.000776786741202,0.0001836500382421,0.0291772932385317,0.0045251700437418,0.0172348265891955,0.0018503660146204,0.0008106136075975,0.0002272832063645,0.0076982712479712,0.0010454022100951
513,0.0027559796913146,0.0024880679860408,0.0976703786283361,0.0106347428922884,0.041125160092875,0.0138311509495555,0.0024779516872395,0.0017800877379338,0.0315495975705156,0.0067337028855957
514,0.1680955989023438,0.0098264184706936,0.2070083493670697,0.0084097136233106,0.168047162358767,0.031095946882692,0.0124014225930922,0.0033248894864182,0.166383717827515,0.0083780314164448
515,0.4847222828559918,0.0443659500422345,9.485142189349856e-05,5.044183837474081e-06,0.1644501123478357,0.0043489059095149,9.333658341284444e-05,1.7252389905030175e-05,0.0002305985696099,8.650302609357161e-05
516,0.0026054710515418,0.002000274327875,0.575554752412656,0.2873446080456672,0.2741865558555812,0.0643081127404261,0.0037871534692908,0.0016534004251341,0.3972846068699218,0.0924347199113622
517,0.2124686153013094,0.0102880213597991,0.1826783028742276,0.0145949278891195,0.2475923540691309,0.0955926842046674,0.0165692975985902,0.0045765485101027,0.1716622528762584,0.0145473249182194
518,0.3517702390162772,0.0686478221303099,0.0003376041586149,1.5271159379188727e-05,0.3164276470199779,0.0042544604614043,3.6589705181996494e-05,1.8233369044350573e-05,0.0003384791400296,7.414189364755893e-05
519,0.5049575788437202,0.0304153186497236,7.787595209105896e-05,5.307025298975148e-06,0.154101260274658,0.0126012717551287,0.0001535584110488,3.791946897730154e-05,0.0003477599837398,0.000112518384061
520,0.2316402255660561,0.0095591836332292,0.2371534307800706,0.0084648878772008,0.257430181408877,0.0254411763599618,0.0123781004972676,0.0030700146416514,0.1306894876225778,0.0084269118262368
521,0.0007952772488093,0.0002761315992576,0.6625894425756509,0.0053391212442001,0.6590875179291179,0.0036127556181687,0.0023122212651854,0.0003772095614321,0.3446997044297327,0.004342350851203
522,0.0020399997799472,0.001357917844906,0.1188798106781248,0.0233695055616108,0.0292976044895173,0.0090465582394645,0.0017044005167504,0.0012984729391006,0.0294632562515058,0.0057607439702823
523,0.0017225774134855,0.0002757415485687,3.843222568378059,0.0054401560789282,3.830122657499615,0.0034362029903341,0.0044964772511681,0.0003754777229929,1.6301363424842197,0.0044232892023489
524,0.2195910051522888,0.009149219875241,0.1840996601664411,0.0096570309046216,0.1898751606132743,0.0486795502893347,0.0117334447319268,0.0034750633346297,0.1494752516180133,0.0096281286585979
525,0.0112685045932186,0.0021424120375678,0.0025232101260673,0.0010297485928579,0.4512507809436059,0.0037487268936534,0.0001316828764934,4.507060384717412e-05,0.0024546406702029,0.001022009132964
526,0.0013114628973766,0.0002888817701802,2.409539974929231,0.0053332712679366,2.404679595965556,0.0034691676047539,0.0035251600373432,0.0003977196948069,1.111416777775611,0.0044740792575515
527,0.3777094259159705,0.0070213217932775,0.1728853584452713,0.030544522858384,0.1315549407080857,0.0517928438995121,0.0153618245768721,0.0037488556448156,0.1607094061578113,0.0304468756884188
528,0.1706983498183681,0.0074599445486601,0.241160435929415,0.015096140741212,0.1725124744953515,0.0806316354016299,0.0171159158592329,0.0047709073084128,0.2151236922930506,0.0150765797906109
529,0.169708959211978,0.0075899840401756,0.1858581097409411,0.0106154606344151,0.1393117660939716,0.0683931864367345,0.0109950025440366,0.0034294240540024,0.12089482395922,0.0105866228454261
530,0.2649119857220711,0.0100943063720476,0.2038691940158151,0.0092373478083974,0.235374067181333,0.0276759584844897,0.012142490469673,0.0032110122779614,0.1661839975209515,0.0091985172439736
531,0.5639097017564078,0.0071204464020076,0.1691584703780258,0.0195613934331921,0.1472379340667387,0.0695621020897389,0.0127597698564889,0.0042331783409772,0.1622454996296693,0.019535792685441
532,0.0007276677945562,0.0002875492119295,0.5245664390940303,0.0053592676725345,0.520995127396459,0.0036257803192335,0.0021483807893639,0.0003919089309744,0.2740295494913584,0.0041389508060225
533,0.1046766881825384,0.0076365015057393,0.1464986298540691,0.0104120816399956,0.1903693544836625,0.1008309102392077,0.0135417028298378,0.003203470461296,0.1276578532719134,0.0103676505378988
534,0.1268013387035017,0.0080281720757211,0.294717245716881,0.0894040005736636,0.1617799893774988,0.0815035649576463,0.0460102746417867,0.0051613511198032,0.2486170562177975,0.0887476953478829
535,0.4355175337519953,0.0335793390567786,0.0001251820325879,1.9185644881061546e-05,0.1851474030870512,0.014967666024667,6.0938857160771376e-05,1.379767844318794e-05,0.000272955312839,9.028381723789733e-05
536,0.1598629320690117,0.0068357733354401,0.2195440587844451,0.0204069933949182,0.0964725253542621,0.0453321946878303,0.0127964744316896,0.0045209871323502,0.1214246971335849,0.0203565586512361
537,0.3338216645709784,0.0092697003766057,0.1053934995089346,0.0173540858678852,0.2496647864857417,0.1292844803236204,0.0152682864839154,0.0043036245650737,0.0915600620904641,0.0172658095552309
538,0.3677227759460703,0.0703252218863256,0.000244714168999,1.6950354680020998e-05,0.2777203065038721,0.0083878030493217,6.397689932538541e-05,1.746647709574037e-05,0.0002695155934229,8.200972200153403e-05
539,0.0142483110463317,0.0026011639567987,0.2396243949008986,0.1357120635458738,0.0772537244725786,0.0376552664732942,0.0140877585222396,0.0019097030158634,0.2335622149693029,0.1288502206873874
540,0.3912886257759177,0.0337484397040711,0.0002749989413801,3.095038647494644e-05,0.2465321324415308,0.0084843215541642,4.355322768382407e-05,1.5555236098997038e-05,0.0003081332164127,9.128501060471118e-05
541,0.1402779498781867,0.0054756936410148,0.1500374908404106,0.0283637107025741,0.1087255925865257,0.0531228886901311,0.0127698812790875,0.004124102652121,0.1300669948975281,0.0282353546985878
542,0.4859518797475102,0.0334516009121263,9.263301025642674e-05,5.087375360736379e-06,0.1616410815063754,0.0051320892983497,8.930229215605084e-05,2.0825310536050445e-05,0.0001950879825022,8.26334751298873e-05
543,0.1350807455220518,0.006713866907241,0.1818728233719212,0.0133849305623505,0.1240583285153057,0.0604521590733107,0.0105397126905556,0.0034462155526405,0.1545200341314797,0.0133427513082495
544,0.1920575313278032,0.0137848947935083,0.0011545437555148,0.0003060761722605,0.2684708435752984,0.0417298231146935,0.0002725056412542,5.874336193646545e-05,0.0010948177229735,0.0003241740939151
545,0.1301676168713853,0.0088523726861458,0.247260833037301,0.0100568513219358,0.2247289594131883,0.0566477951022701,0.0159463105831193,0.0035177397102814,0.1846296757365585,0.010010418761373
546,0.5246616543886203,0.0242615379931413,5.6619743019831535e-05,4.386408330806384e-06,0.1440491038116653,0.0128437826761528,0.0001497856588774,4.396098423334265e-05,0.000403929166108,0.0001402952740262
547,0.1784831762722753,0.009532295239813,0.1956887025662684,0.0082457554798599,0.2148882735269076,0.026912240543799,0.0110891272914589,0.0029620054656606,0.1755417934530925,0.008212992766674
548,0.4435484656682736,0.0470780415532017,0.0001334957882574,6.799964584402918e-06,0.1871421173538691,0.0035759531545929,6.370857372847038e-05,1.3038471282224893e-05,0.0002671844783171,8.047401700039715e-05
549,0.0013386255952943,0.000281715029141,2.471759091156081,0.0053180393156974,2.466673511574352,0.003417122083607,0.0035948197792765,0.0003874942245366,1.1096658751302069,0.0043738133431429
550,0.0059402304955815,0.0024020038794505,0.3123269413809768,0.1292248562644429,0.1549182386750566,0.0646280566666885,0.0071657876766135,0.0018878897158261,0.257034536725048,0.1195753370039883
551,0.4492704327715019,0.0076618456942507,0.2703013762723465,0.0182797012084062,0.1500820355719604,0.0680954537749693,0.0152770354397126,0.0044199205341827,0.1954638539128451,0.0182395599240846
552,0.1347094379128901,0.0080674272644645,0.1635788191418389,0.0130308166374509,0.1834101812731599,0.0664235027981629,0.0115527704273733,0.0036751350800573,0.1202813963550339,0.0129973924195074
553,0.252177458020266,0.008860775808306,0.2610217949741097,0.0119279005544187,0.175022379394903,0.1011505349578548,0.0128093579477733,0.0036599629325096,0.2469596697722259,0.011889881479881
554,0.0129490664535924,0.0027611120091447,0.1592643192366577,0.0339680123878566,0.093452643811323,0.0418922982831797,0.0097249546239871,0.0020491790431527,0.1380102631400585,0.0336825860198238
555,0.1028627097956756,0.0050574748157191,0.2260163060235057,0.0384488885481504,0.1044521890818874,0.0471748318867173,0.0205515128060221,0.0036533090769314,0.1354232212610905,0.0381663486145392
556,0.0007330788956653,0.0004174104798114,0.0251879834014691,0.0049327778883422,0.0154224518860888,0.0045314216826108,0.0007156469568264,0.0004887156478861,0.008877409902937,0.0026724851824223
557,0.4311464975085647,0.0919224639249895,0.0001292442430639,1.1497511080893017e-05,0.1872874903329487,0.0059844730189109,6.068076120613826e-05,1.7606518422855816e-05,0.0003581152286137,7.9659415842198e-05
558,0.1626894249159742,0.0284817153301103,0.0002275543760576,5.8920656232123416e-05,0.4781624096825995,0.0137527160293632,3.745894142639395e-05,9.816901894232932e-06,0.0004383770824599,0.000112854059947
559,0.3778340594478056,0.0362354873400097,0.0002201393748594,1.2773181287661587e-05,0.2664823507882423,0.0074222106718887,5.477691249392178e-05,1.59391069802573e-05,0.000274335034399,6.907155485306569e-05
560,0.0315344528724836,0.0036702222621785,0.3844718523465913,0.0575013067517386,0.1928788717548663,0.0642276274393661,0.0203415849477627,0.0029155327308928,0.3047528713298782,0.0570096379207116
561,0.1616352041501632,0.0082967956325331,0.2099967501829509,0.0104324170289103,0.1918669426311842,0.0896219094440718,0.0130735032035671,0.0036639694962324,0.203477886065567,0.0104166148039281
562,0.0009649678282067,0.0006315034522517,0.0246509302121913,0.0040922451045477,0.0146219175478181,0.0041791487522745,0.0009818436165838,0.0007077578651591,0.0073511192172859,0.0022282688255977
563,0.0015390761785114,0.0002705852852873,3.797663901176534,0.0053093695926414,3.788750454715717,0.0033829797051177,0.0040645226125154,0.0003731738673055,1.5955097306810526,0.0042714230399508
564,0.3539244051197222,0.0061819891885295,0.2420349188339392,0.0198938309307726,0.1146611120388523,0.0547366425608342,0.0132831846911363,0.0037888732130047,0.1472364401922233,0.019856745747424
565,0.4370173823069271,0.035231554417876,0.0001340833980607,7.310655021110799e-06,0.1942518533047409,0.0047622861974587,5.701525294627362e-05,1.4363100833703818e-05,0.000251517871499,6.914606849542169e-05
566,0.1962858840113727,0.0077512556163617,0.1592056637851601,0.0120931660244329,0.2441089856750924,0.1368694577491639,0.0125852796952275,0.0034379897046383,0.1007575317351249,0.0120418035157682
567,0.1259710019048093,0.0231673703913315,0.0003768552089667,0.0001032467496077,0.4901040152697636,0.0129142666186697,2.894238176488875e-05,8.608542341659371e-06,0.0004091948384673,0.000119710355293
568,0.3927476240243422,0.0082631071917711,0.1623993060746126,0.0191388913522152,0.1527564094850557,0.06482949559567,0.0201314215973318,0.0048567076778563,0.1401295318594068,0.0190828011479829
569,0.5156895508400993,0.0276996663616826,6.491433912656083e-05,3.898816820542805e-06,0.1458171976323259,0.008830129847971,0.0001141290933757,2.964145362007043e-05,0.000361400921269,0.0001215631025485
570,0.0077087563785032,0.0026447084734059,0.251776518030643,0.1423006000723734,0.0931531080780811,0.0563905227078505,0.0083796376498791,0.0020536248029059,0.2351279000665692,0.1313859406582384
571,0.0010066717731923,0.000289074905546,1.0365657720521697,0.0053515412190723,1.0319315209299462,0.0035113412049952,0.0028206313597843,0.0003971521129573,0.508545989712991,0.0042983079790662
572,0.4259265630679467,0.0391650441444709,0.000157438403799,8.063941839483313e-06,0.2161074929361431,0.0046046528270871,4.989669743367616e-05,1.4543652239722282e-05,0.0002698916239288,7.317401947593511e-05
573,0.2536628690760615,0.0095605482612868,0.1867013504376138,0.0102831830566249,0.198800838612269,0.0580792979443551,0.0185941394408619,0.0037458617917096,0.126837436091255,0.0102463715500257
574,0.0029970129409482,0.0025685723144719,0.0896183578923456,0.0115672259711224,0.0339306493749336,0.0130446814772081,0.0025763761023868,0.0018403544130637,0.0262838458469349,0.0068315792863726
575,0.2669800761244792,0.0078680572292541,0.2427537737372679,0.0197938550537357,0.1558631752383088,0.0697154133967579,0.0136092197950385,0.0040437407966123,0.2196128441415086,0.0197451761389261
576,0.0350221794171172,0.0074058384469998,0.0022551774245464,0.0006793004606943,0.2909942142166346,0.0044577940008678,0.0004091112510061,7.483720107047416e-05,0.0021967885554941,0.0006586624334051
577,0.1618976955520181,0.0073374066705836,0.237618345237808,0.0115472411792893,0.2600641790217796,0.109725192721693,0.0112464027606092,0.0033777892018772,0.1597096793013404,0.0115170541896915
578,0.4708087604829506,0.106380358456802,9.019222545850157e-05,9.94958236936852e-06,0.1621053543494734,0.0066681218581762,0.0001042192405571,2.209867012957533e-05,0.0003725631790853,0.0001012268445757
579,0.000738609180399,0.0002922759384918,0.1946653926071835,0.0055105894877645,0.1919184657696721,0.0039949129167012,0.0014411689676616,0.0003902356023054,0.082076807941781,0.0032408260997718
580,0.5368406397269777,0.0241666292920546,6.001643386349228e-05,3.458434259868907e-06,0.1443500004603576,0.007304337334282,9.860344814182757e-05,2.2913962326004825e-05,0.0002476763597865,0.0001082052043919
581,0.1858255867358997,0.0071796872453095,0.1644246676703558,0.0085316070535109,0.1601938252968008,0.081677682051947,0.0111608154806666,0.0029500878504229,0.1358186708984688,0.008507434161497
582,0.5270311343701556,0.0377414114594838,6.258337382814706e-05,3.436401420226923e-06,0.1449051139010435,0.0061450809272581,0.0001143832015032,3.2929086595919016e-05,0.000210707169862,0.0001080539500647
583,0.0019277708412377,0.0013821494831206,0.1159648594533263,0.0258271190795859,0.0289368013526206,0.0080486281271133,0.0017214965540711,0.0012945513648745,0.0287727826537499,0.0052916044469979
584,0.0036996030566134,0.0015491830442482,0.2440776515650187,0.0864107956239887,0.1058488672039443,0.0383742484147379,0.005518675015246,0.0014088718043401,0.1646049101294799,0.0729818008604696
585,0.0020948956606529,0.0002778517511661,6.671019929449658,0.0055318904418183,6.626983846817519,0.0036540157158699,0.0053183001847712,0.0003750411864783,2.4952846229883323,0.0059813628354866
586,0.0297158639581747,0.0032512584562833,0.2203560100189923,0.0277778330356287,0.1079619160338694,0.0518196791843861,0.0147277505421949,0.0028475236234794,0.1505972830753287,0.0276838397837975
587,0.1995109884080807,0.0081043477982164,0.2064997764156606,0.0158150144380434,0.1722317549310622,0.0880413145037317,0.0119828681908151,0.0039931102969921,0.1558181539625539,0.0157622472438442
588,0.280614520967784,0.0100882962396356,0.3299282395014393,0.1274029503922769,0.2277720729169876,0.1183790107423726,0.0662331793229372,0.0079064767130957,0.3207432012459866,0.1266246906597946
589,0.1926325930306791,0.0100580374501734,0.1957171726636386,0.0137830205592311,0.2618753504502824,0.0807556708959217,0.0224929639237626,0.0044460390695742,0.1326109492798474,0.0137313030417829
590,0.0007992699010413,0.0001300608300487,0.0285635116912725,0.003811665521688,0.0069980869788134,0.0015277944218378,0.0007380869623377,0.0001614594799744,0.0075493891788439,0.0009291028866636
591,0.2105937939552044,0.0086481558501912,0.2280399350437323,0.0126602272222769,0.2170066611411391,0.0648661350087104,0.0149807827283541,0.0041425891167161,0.2176294520420079,0.0126128803817808
592,0.1006021263496035,0.0052333263051423,0.2751551621109136,0.0542088467206368,0.1322222166347119,0.0608649341002538,0.0311952773653565,0.0037429709602595,0.1434629865234181,0.053807428008393
593,0.245575565222109,0.0354141958448967,0.0001225487799183,1.2883836984856552e-05,0.4670931513125097,0.0048431123238062,4.620281931690263e-05,1.1078189149921816e-05,0.0002494417942112,8.450592964078908e-05
594,0.2576659910636353,0.01026851961372,0.2143935643610673,0.023505645800908,0.175855576016933,0.0883466643674102,0.0254207020322631,0.0051715516295356,0.2035506868592037,0.0234165093430836
595,0.1850416957690985,0.0076841890279611,0.1702065502861239,0.0168303199863088,0.1457347459824133,0.0684246329033672,0.0147730423350434,0.0038840901504158,0.1274979344596356,0.0167855087458091
596,0.4759354970046971,0.0826108192741449,0.0001080177506735,1.452985729151216e-05,0.1618744331042154,0.0059012833165283,8.967683015836975e-05,2.3032195244823112e-05,0.0002582649249583,9.485336783332984e-05
597,0.0007460700352852,0.0002826627978502,0.1448066946155582,0.0057189980688651,0.1418553338312278,0.004251619782812,0.0012517621182615,0.0003769052322823,0.0459351130242172,0.0027170246652842
598,0.0604231610526977,0.004909993601018,0.3384727620508017,0.0276430037238985,0.1468246609882011,0.0437102327613461,0.0153526196605557,0.0033290714304174,0.3216261793722917,0.0275925543625651
599,0.2162794170603923,0.0064776160788068,0.2013085974836428,0.0148884113435089,0.1539931525191763,0.0739595619016585,0.0132435199318475,0.0035875088019475,0.1436411814143096,0.014846430685406
600,0.1303919271211207,0.0080304102559627,0.2502349066000849,0.0105646922425464,0.2083626962379989,0.0665146190837722,0.0133226186621562,0.0036033895410949,0.1139085970315418,0.010546974886166
601,0.0015799842502383,0.0011424017427884,0.0235315888426669,0.0061164345195951,0.0218328166866896,0.006746065480034,0.0015354925882438,0.0011472365342007,0.010866684593152,0.0034348472015618
602,0.0432932318461935,0.008847821331053,0.0056928579453479,0.0010952119134961,0.4261934886454123,0.0038559100054874,0.0012214467226392,0.0001677354489049,0.0054396461000734,0.0010694115289716
603,0.0508215176821511,0.0039506966486083,0.2506224182721163,0.0812123186283353,0.1312283816542204,0.0557097735940419,0.0319335487744992,0.0031833288761529,0.1667661469625253,0.079753245790999
604,0.0014833641344052,0.0002763033106981,3.61594099889658,0.0053540545313848,3.606459883487721,0.0033986106106643,0.0039310292422108,0.0003808763642649,1.538471055442917,0.0043093224976018
605,0.1416257268799641,0.0077279887921814,0.1561013092611063,0.0148484205303122,0.1644700002633599,0.0772912648840524,0.0141840497224212,0.0043203690094464,0.1461539665088071,0.0148188656289866
606,0.453013251687051,0.0497360226875899,0.000121272016616,6.331525473097546e-06,0.1688265155361044,0.003181860567081,6.977160823223863e-05,1.3415208070458117e-05,0.0002375597810974,7.234868633241086e-05
607,0.4998349566135329,0.0409703975639419,8.237542950973672e-05,4.509574184423796e-06,0.1578193735894928,0.004907242243719,0.0001042824425424,1.9801743661215614e-05,0.0002344620708554,9.12775048326682e-05
608,0.1492603303096517,0.0090294196710431,0.2039459303530241,0.0090094372918246,0.2702330837479645,0.055337305436868,0.0118954313056044,0.0033877403705101,0.1910423198581645,0.0089862239761696
609,0.1632876714118993,0.0276431508071661,0.0014692735218223,0.0003050832313552,0.4641269790646687,0.0064848712654667,5.553267087908529e-05,1.72316095222222e-05,0.0013657017272009,0.0002845192428116
610,0.1977142327305965,0.0101297022448953,0.1647773830394871,0.0109160241520404,0.238232016364914,0.0423557715638723,0.0149918040145325,0.0036572653469767,0.1534377376763145,0.0108708789513999
611,0.0042463357695798,0.0008803921408721,0.2107846100263908,0.1124977313758267,0.0768291811345401,0.0265784102326571,0.0076437548765994,0.0009963451106058,0.1816018087645239,0.0769375204838077
612,0.1664665411074678,0.0082997504745205,0.2309693185054594,0.0118798986008528,0.1816848671432151,0.0724930900420223,0.0131899827518637,0.0035023108829324,0.1545143921407109,0.0118366028125733
613,0.1675165084673041,0.0093191360988459,0.1880490524704954,0.0100454818819791,0.181716490839072,0.0760999024250576,0.0124402605469294,0.0036139154571088,0.1829497039579344,0.0100148144371333
614,0.2273867254585402,0.0084803213878095,0.2864849066256361,0.0115071132526129,0.1757404959345013,0.0869295278038315,0.0105622520564712,0.0037492533682469,0.2551392225095965,0.0114720731767775
615,0.5536105795392341,0.1082961920914464,4.947155937223905e-05,6.48233835926727e-06,0.127144963112238,0.0080861678533939,0.000127327911909,5.616935505727303e-05,0.000334712786285,0.0001552735103049
616,0.0013832593806122,0.0002820180975163,2.6610902470396853,0.0053301930087002,2.653821087170602,0.0034177806946264,0.0036972655791353,0.000388619602924,1.1811204979771568,0.0043384829381054
617,0.2882752548503776,0.0223265661845511,0.0044072072970968,0.0008175981656587,0.360971877532578,0.0280438186507242,0.0007636919163404,0.0001411950641702,0.004288311055198,0.0008161424415093
618,0.168590381541702,0.0063895372107625,0.2023723343166238,0.0156354910411472,0.1271407009249877,0.0344668793361018,0.0112287197569681,0.003914640724591,0.1379650098864934,0.0155989113602604
619,0.1332679612191716,0.007522489046148,0.2069417220843143,0.0141496501032373,0.1653591387218381,0.0793830150441282,0.0132887568996817,0.0039397162224862,0.1762710002859046,0.0141241398872855
620,0.1996626667672914,0.009164645343445,0.2184567784571396,0.0124553135529659,0.2090448113067616,0.073346829265251,0.0139319134522057,0.0039400241613934,0.1922752337314446,0.0124246439697425
621,0.1519463157974626,0.0069187222494308,0.1925063387976818,0.0142461919218729,0.1761676686048498,0.0715718269287506,0.0114236807361874,0.0038762229259453,0.1762851553263529,0.0142217195496707
622,0.3008642129280036,0.0084251373673361,0.203118684175885,0.0124032516535267,0.1849916110795782,0.0979247599877862,0.0202138517683887,0.0036757573247634,0.1918171233396799,0.0123445126789186
623,0.1618487900428307,0.0098073005987698,0.1998837793981898,0.0091582333478468,0.2022136841617025,0.0354845848650365,0.0151021357123521,0.0036547322726611,0.183438833103465,0.0091331588157575
624,0.2307006085712022,0.0071333628066393,0.1757560603440298,0.0149130308384405,0.1697873985685646,0.0894609201599059,0.0146999804341233,0.0040039268328207,0.1561432876454821,0.0148792400652532
625,0.2105722687876885,0.0087210191478329,0.1780643682224595,0.0096562989443564,0.1459277320836972,0.0622358156071949,0.0106241950995874,0.0035539960593459,0.1592673894787515,0.0096340072250949
626,0.0019693997419118,0.0014538656758702,0.025875051562655,0.0059735800579691,0.0273861792497762,0.0064136896972831,0.0017429979737396,0.0013339923093859,0.0105121994897476,0.0035020993310554
627,0.4899481885399585,0.103442761881724,8.47928043156305e-05,9.494510363663477e-06,0.1603622264346501,0.0071744532546335,0.0001015072700824,2.3463837468346246e-05,0.0002818558063,0.000104280837714
628,0.2620777222933523,0.0088484625789665,0.1817268216025938,0.0091077777671435,0.2459086232533421,0.0424254192000564,0.0138803740902567,0.0032883672036546,0.1135184599306057,0.0090778981456438
629,0.0011183627412338,0.0002773816703246,1.440139912977989,0.0053378182062762,1.435294308156416,0.0034748215926134,0.0030792032443014,0.0003828334234921,0.6819664161943807,0.0044470637353449
630,0.1893467657264122,0.0090732404251348,0.2016404462840706,0.01251469054107,0.140623643144136,0.0689326642594205,0.0129004930149898,0.0037016128831207,0.1701350740408371,0.0124573920434871
631,0.4840901440716276,0.035521874604259,8.403528025824747e-05,4.90070573645659e-06,0.1590573318326271,0.0053846497588447,9.6475490009521e-05,1.997364742029747e-05,0.0002155669383965,8.754469299640013e-05
632,0.1011394664044014,0.0080577396155908,0.19370355156368,0.0091520015174434,0.1821774561064417,0.083537090283827,0.012284090238454,0.0032520426390786,0.1723654864637314,0.009134865916042
633,0.3858163047810239,0.0500717603887177,0.0002395738232329,1.1475134449237557e-05,0.2667873093661164,0.0036516626768218,3.201581152873998e-05,1.1181983641744347e-05,0.0002977569153727,6.840799752006426e-05
634,0.1262361439581892,0.0231787280212282,0.001307668114351,0.0004092888609369,0.4007391177364886,0.0071831949514149,0.0001418833779338,3.0193345877524955e-05,0.0012276166252023,0.0003910436082531
635,0.3856905054978983,0.066134978671324,0.0002429779885303,1.1604941586963516e-05,0.2703791562909449,0.0036820799098452,3.630262970676834e-05,1.5590962394585443e-05,0.0002932387892881,6.840383960303459e-05
636,0.3140054390712474,0.0097710623243876,0.2978122382486861,0.0091643419030601,0.2193972919079744,0.0309523452158481,0.0148335454447197,0.0032535873022757,0.2139850256502619,0.0091280242556301
637,0.417694871741376,0.0067064623086438,0.1509975063390974,0.0168679739533373,0.1323269027725794,0.0608444669216375,0.0117665919575154,0.0037659678514066,0.0804769498362492,0.0168353689497579
638,0.4394135567661735,0.059082921724013,0.0001524044771486,7.564688772600159e-06,0.2093886734419998,0.0032977502564219,5.260469209623768e-05,1.4948596888426363e-05,0.0002555336680322,6.535579860163175e-05
639,0.1069606292955385,0.0073162368932691,0.3134394412773231,0.1298646686607315,0.1823885711682488,0.0834500680205223,0.0437121096135508,0.0050238577553455,0.3031965149177615,0.1286678112089468
640,0.4973238877024703,0.0922868180918396,0.0001055981722759,1.4769085868739775e-05,0.1521783500525747,0.0075284296473401,0.0001070835911636,2.8805955646038587e-05,0.0002835260870829,0.0001128856119902
641,0.5468184531428029,0.0344095912834379,4.77211142789841e-05,2.652976561076318e-06,0.1373090014009957,0.0073987083260454,0.0001097378929502,4.268777541900675e-05,0.0002782327947157,0.0001301938349336
642,0.0014032002400092,0.0010558566741031,0.02516138008319,0.0052732352226477,0.0251182089058894,0.0055591985685932,0.0014461032985927,0.0010534262354775,0.0100538815383652,0.0030464372374173
643,0.2473099896200957,0.0094530174667006,0.1044569322310703,0.0104405208242101,0.2084702658815165,0.0805113213719579,0.0154511635126677,0.0034824419764585,0.1017152067881556,0.0104003412787225
644,0.1377306695764293,0.0058809869683758,0.1418936191734858,0.0280104944941909,0.1077420524611939,0.037269485205489,0.0123783275057939,0.0040267436582532,0.1346109139455172,0.0278195197344314
645,0.1694006188370252,0.0074094490630445,0.2059137556046869,0.012805484670201,0.1939728975241649,0.0916110638881595,0.0079784502978386,0.0032881490854441,0.1810340089731431,0.0127644793129493
646,0.1445535234914755,0.0072555882432285,0.2447529629222473,0.1321096231479483,0.1793696874044624,0.0740820869166121,0.0592269362928166,0.0052109252295033,0.2433777808520305,0.1306754131550843
647,0.2429585443113647,0.0127314695984458,0.1461164999660875,0.0186023578948124,0.2188447102019834,0.1115722540747731,0.0270557220501849,0.0050262761261731,0.1388431059796963,0.0184898068482635
648,0.0016821480712712,0.0002717821043328,4.395341676332044,0.0053980376653566,4.384501177356753,0.003387496082666,0.0044043180932972,0.0003718744281313,1.8128645136105717,0.0043108109228771
649,0.1528437587332491,0.0183871787445941,0.0028421777881121,0.0007382121882982,0.2671071361045274,0.0131180797723219,0.0001357221670612,3.834380572900209e-05,0.0027988265341733,0.0007256547844572
650,0.0007575458258761,0.0002621066985561,0.0282397827036193,0.0052987414252681,0.0251843654859033,0.0029108828819911,0.0009790935922924,0.0003381324546899,0.0087840992215413,0.0015221365451058
651,0.0007457694405081,0.0002783172459716,0.1425953988431149,0.0057322804666141,0.1396579356615816,0.0041763427421635,0.0012549699798721,0.0003707994113806,0.0449480164961704,0.0026989211838896
652,0.4970531511876777,0.0467157741676294,8.677794836011941e-05,5.213727151225854e-06,0.1600299033386374,0.0070398073497732,0.0001109300607488,2.6737652252919693e-05,0.0003888287631988,0.0001058335584513
653,0.4360515167957052,0.0750968992604737,0.000127197078531,1.4708931650530511e-05,0.1871227142226821,0.0068290846637372,6.041599841879357e-05,1.7257876885510297e-05,0.0002833865463139,9.663209342405864e-05
654,0.2477439603428014,0.00821543616485,0.2079762663201994,0.0147801949905679,0.2260366493322906,0.1151410046676469,0.0154432321740277,0.0038309596910452,0.1879518215792733,0.0147292568108698
655,0.1613168884260861,0.008319917080513,0.2202280316795474,0.0086837515062677,0.1653818502015924,0.0653022348973472,0.0113302186337702,0.0030818919647108,0.1997456999155781,0.0086627387641979
656,0.2776058397342665,0.0067185830779083,0.1765332453833153,0.0157328148003846,0.1394135220588918,0.0478282089645087,0.0118802433521604,0.004083254712979,0.1574106037449155,0.0156999619642527
657,0.0077465021756377,0.0011302694092771,0.3190791645140711,0.1892522156488011,0.1257689062040195,0.0481469949684763,0.0127984028991542,0.0012498768855109,0.2870194033755494,0.1459883776264676
658,0.3625714865826745,0.0654557190318428,0.0001285424042474,1.1888668910812097e-05,0.3012710455954996,0.0061318902795751,5.716900548018736e-05,2.4269409101603303e-05,0.0002201860104943,8.884477675935603e-05
659,0.2967650750300473,0.0079771463268839,0.2253065416394502,0.0194597229869345,0.1044405105420686,0.052060513474592,0.0165050202117456,0.0045576353689621,0.1891220947037828,0.0194084670627698
660,0.1891346484592319,0.0065572520568114,0.2214138974122375,0.0186203179393625,0.0976954939730303,0.0398938725559199,0.0128164370764447,0.0040707985835617,0.1275937359266701,0.0185663800160014
661,0.2691366506580393,0.0097311551162048,0.2627004317206965,0.0104495303906402,0.1727929790607519,0.0683544366442144,0.0181764290852933,0.0042927461976611,0.1737595715700775,0.0104229345136698
662,0.3945473035209102,0.0413325398471514,0.0001200547735561,1.6669036197169484e-05,0.2458387803219352,0.0107895977169423,4.396923693935083e-05,1.5833203560620775e-05,0.0002673171407687,8.785127002837395e-05
663,0.1739277794750225,0.0117982397962084,0.002054974986684,0.0004849368844647,0.3055705527753602,0.0470186088369156,0.0001241233297846,3.604650295882369e-05,0.0019869591443181,0.0004677535543772
664,0.0015932212374848,0.0010930718390157,0.0796846132584969,0.0152997855912166,0.0250258759403703,0.0086389501532726,0.0024610849226687,0.0010693048840136,0.0239157673874549,0.0049066358053116
665,0.2123829365034471,0.0113332874319471,0.1907127829119592,0.0103774190559083,0.1981855403089303,0.0273207158451288,0.012992217183491,0.003682129970066,0.1722386006423771,0.01032834859158
666,0.3118203727115372,0.0821378035676639,0.0005558266989768,2.574542946638598e-05,0.4908706298198587,0.0049024475207595,5.249326589577306e-05,2.058041513197941e-05,0.0005574414635308,7.177104662010192e-05
667,0.2526479073291732,0.0079003850292611,0.3580833631721301,0.0529945338136525,0.1564646602505868,0.0730439917056645,0.0257910023395722,0.0051701657467035,0.2742023886746946,0.0527623597484732
668,0.1180662969080896,0.0192750993005369,0.0014136919527866,0.0004164033397918,0.3353926154136891,0.0096617060264444,0.0001534342482866,2.7019885755348747e-05,0.0013470735927676,0.0004084394778306
669,0.0024161370887534,0.0017574643616121,0.0287280851758101,0.0084198787915912,0.0298345189476115,0.0093928121274191,0.0020061312287699,0.0015288153449499,0.0146996025672474,0.0047381939195759
670,0.0026774307923306,0.0013647952948006,0.2674800978934764,0.0891495052037622,0.1112004159588369,0.0340207803486074,0.0045836285433623,0.001380838547824,0.1195759615456455,0.0662534490430217
671,0.2357497105200873,0.0110993255983592,0.2251896995849205,0.016511650427854,0.1860943706788311,0.1027584170174881,0.0252430476453575,0.0049576810855315,0.2028782058297186,0.0164458581724188
672,0.1690002642443617,0.0132997058799087,0.0028922087477804,0.0006833934934349,0.3035234158290286,0.0540941146604141,0.0006173922304057,0.0001038064732733,0.0028224008321749,0.0006773363286434
673,0.1237156618594594,0.0161271847241326,0.001281537739596,0.0003416848298311,0.2743400149036672,0.0168439789913812,0.0002524963671478,4.3797715607920815e-05,0.0012377402365195,0.0003486605402602
674,0.0305028280465107,0.0035108474495761,0.360044578255893,0.1269616865996663,0.1771821061762636,0.0665364516995593,0.0270052690736788,0.002931236896488,0.263381275510497,0.1246340327531701
675,0.4866214199268631,0.0263704482671191,9.302918636548331e-05,5.243168006145738e-06,0.16258593593171,0.0077671760716421,9.406876539752597e-05,2.1188112251124917e-05,0.0002220192346146,8.795766202416441e-05
676,0.3569156672759636,0.0074561657715662,0.1651849624693522,0.0396377479248043,0.1404110716105552,0.0703010166588442,0.023790788648683,0.0054194203494331,0.1105697164385731,0.0394898954291446
677,0.0025862159684095,0.0019276073714357,0.1408937507511872,0.05308255212994,0.0647559154475824,0.0185396675114526,0.0021730092459525,0.0015758061284359,0.066661906681422,0.0144631352809007
678,0.2398797989251013,0.0071756888499345,0.1297864940376108,0.0142127914374502,0.1518285550909685,0.0786995347605654,0.0131386473744294,0.0034997718285394,0.0929427986142688,0.0141693205853404
679,0.1996260810011428,0.0327437697233424,0.000243420739679,5.1364759262622736e-05,0.4131446563888131,0.0096458670182142,2.977604898974605e-05,8.432080520303146e-06,0.000367789339945,9.24194942326196e-05
680,0.0013667058292872,0.000287699807262,2.7355994924129465,0.0053219248729671,2.728590849767447,0.0034296682346071,0.0036585044715775,0.000395690270061,1.2115059856045287,0.0043574092755219
681,0.0146635737575905,0.0032178125297646,0.234011937662312,0.0882606238849795,0.1093413792201479,0.0520265111524903,0.0120028179999881,0.0022618804464441,0.2067526936791635,0.0864281957394964
682,0.1475731359366166,0.0066610591164897,0.1604024681542215,0.0130132301630379,0.1499601049778375,0.0737136424456793,0.0091754880363867,0.003567643305356,0.1386554605680359,0.0129861191822563
683,0.2524829836652545,0.0104132527006228,0.2275876028876113,0.010016770172591,0.1998750264331358,0.0391611411075248,0.0135494915377859,0.0036382505022333,0.1828871399231498,0.0099796480767853
684,0.1836696037855257,0.0077266153856461,0.164090428120362,0.0127203023148049,0.169601023021572,0.0847843264793647,0.0113797579733167,0.0036449485418865,0.1157784773863914,0.0126920680243301
685,0.0023624054290582,0.0019335374218056,0.14345385415671,0.0586475924417263,0.066804131450944,0.0261477855606087,0.0029743125357145,0.0015695686421157,0.0997109231822726,0.0392162807950178
686,0.5492549104379438,0.0076073919325582,0.3037849955443564,0.021937864678919,0.1528918277629994,0.0731429130529069,0.0115608175899356,0.0042583985855471,0.2512335511249062,0.0218898141444651
687,0.0444473722613782,0.0047101553708813,0.1941236213476985,0.0905415105909847,0.1190739132964212,0.0538135743014813,0.0271493971006085,0.0030910782637849,0.1857786539040229,0.0891845048628477
688,0.3468383471354316,0.0067927464790871,0.1909912349528917,0.0181166009246816,0.148048464146962,0.0582521951130122,0.0145006680640928,0.0043221872730886,0.1584382216653855,0.018074519657075
689,0.4310023437221664,0.0745223832097326,0.0001434332181868,2.1988180248723703e-05,0.1855985535047943,0.0067985216408954,6.25497351147074e-05,1.6660422249794428e-05,0.0002455564110189,8.832423639191507e-05
690,0.131469445247595,0.0076130035221842,0.2580722095825637,0.0101236252280402,0.2300954886690139,0.0867864293654126,0.0105861339790817,0.0033933783191896,0.1779115899077759,0.0101006315062146
691,0.4786149670039256,0.0321554043772631,9.864109085299438e-05,5.518798500833357e-06,0.1652313576258756,0.0069303865943117,9.243772857744738e-05,1.976090367672129e-05,0.0002317231800769,8.781474451415341e-05
692,0.0021882545835644,0.0014393496802846,0.2941372085699231,0.0969616126582173,0.0917650247658859,0.0315762027287621,0.0039283253070478,0.00135892929515,0.1420059689916168,0.0464879698165667
693,0.0019751200466313,0.00028427738384,6.141981511072136,0.0054765286684093,6.109678992896293,0.0035037378208117,0.0051048949447105,0.0003854411190559,2.380706274796768,0.004522808368974
694,0.3138570195712893,0.0102635622425058,0.1947454961025898,0.0220361169345574,0.1753604199497111,0.0937634741641062,0.0260003184927175,0.0047728931277542,0.1224254405595415,0.0219504518467085
695,0.3944282062825772,0.00757902452163,0.1995361152485598,0.0190201607693267,0.1617596909327826,0.053473734420604,0.0174791302066638,0.0045556881515283,0.1804050071612437,0.0189747383584607
696,0.4648509447324688,0.0394576653702286,0.000109873684609,5.879079830211275e-06,0.1683278933810867,0.0052598116445038,8.03750110484411e-05,1.7842340243410123e-05,0.0002433501581439,9.11830647403039e-05
697,0.0008637671473293,0.0005566769529049,0.02622541077925,0.0039153231421092,0.0124552276518019,0.0038788875312147,0.0008681468793761,0.0006318178612815,0.0071786921248294,0.0021108938387514
698,0.4298309565632844,0.0400045107235642,0.0001515311816637,7.875928409396992e-06,0.2102612797764443,0.0048552004716906,5.247689284450036e-05,1.7649314069733328e-05,0.0002693324288064,8.033228343677118e-05
699,0.0147513975212119,0.0030721768762579,0.2972400404960423,0.049114938121674,0.1187668978723939,0.0441913607998294,0.0116240080391227,0.0021921936356351,0.2617648443823375,0.0483395009840949
700,0.3480911979137739,0.0094806614123476,0.1722941012302647,0.0116238936902413,0.1962738235522006,0.0728369030432943,0.0130687145558827,0.0037027674438492,0.1368125704071636,0.0115873860106775
701,0.0007310122855731,0.0002903507493477,0.3477708851625259,0.0054385927232862,0.3449162109798627,0.0037786823981738,0.0018094498471357,0.0003926304177487,0.1744017023600659,0.0039147202139556
702,0.0826770093447472,0.0062930911474575,0.2368154091270027,0.0509468901548867,0.108465999079757,0.0537506641793412,0.0255601953804477,0.0043287774198054,0.2309910446784639,0.0505673322490675
703,0.0037282422178477,0.0030493873563014,0.4230151319392125,0.08086468098528,0.1028301118970024,0.027715903868896,0.0033887029656091,0.0018315676766873,0.3263730726990224,0.0498261647496129
704,0.3282799245459216,0.0074135328597826,0.144244370510286,0.0197112581680519,0.124719479593297,0.0616697934551323,0.0159751564330308,0.0045706011088611,0.1268401834405501,0.0196721493325192
705,0.1912526570077065,0.0113763685624369,0.1798608128955321,0.0252070740341804,0.132090894765174,0.0600750664425019,0.0354917321089639,0.0060480286843316,0.1781741970856922,0.0251263193676435
706,0.2026214015514009,0.0085439242875102,0.3348005978399916,0.010710630952608,0.1634790567767108,0.0860238894123068,0.0112932383664042,0.0037056175088346,0.2546595340969504,0.0106794935734788
707,0.0014305220421449,0.0002760763928505,3.0761211491551297,0.0053527305898753,3.0684443508252977,0.0034024124821245,0.0038050880281875,0.0003800368473405,1.3462585262146844,0.0042931814686047
708,0.2143658345707132,0.0087426690606729,0.2326830445461333,0.0095174606049164,0.2140091007088122,0.0627166566693269,0.0095194894604593,0.0030929846999567,0.1888107054178542,0.0094884569752933
709,0.1356039754685123,0.0080500985496914,0.195509946802981,0.0141849029379101,0.1622329296379854,0.0631026674807987,0.0149613789310794,0.0041789162366534,0.1309232856098083,0.0141625777812885
710,0.0302123002247968,0.0030607657832124,0.2289745541627626,0.0641292901821725,0.120190590607409,0.0440994851774173,0.0238917675026118,0.0027990271343544,0.1866965343440838,0.0621556736641491
711,0.0368151781089615,0.0047676695263727,0.177122820466219,0.0525880134445699,0.101029458189839,0.0552733574366044,0.0205059986339238,0.0041660246705589,0.1205332947523792,0.0517748163903455
712,0.0102876000563587,0.001333957332648,0.1985522138337123,0.1028839828125268,0.0816089282539023,0.026416828936724,0.0145652486921479,0.001392639739377,0.1868921984943069,0.0929464622195355
713,0.217542456157099,0.0094019047619943,0.2268437544855252,0.0078630754813369,0.1611292736076342,0.0297261849281384,0.0110317935858959,0.0030476909258934,0.2093334762553284,0.0078460718383244
714,0.1811056085546877,0.0090277611567528,0.1931006192277899,0.013146272144014,0.2308462380319921,0.0695351324954067,0.01862799925249,0.0040944318143371,0.1250551962797806,0.0131009867364248
715,0.0498637980256731,0.0035364534259997,0.2207110443909275,0.104238178600095,0.1361671494561949,0.0501396208049085,0.0374657558517709,0.0031902026029316,0.1952738076346393,0.1010827245491428
716,0.4377426094730251,0.0085908055741835,0.2872193158478768,0.0234665708536379,0.1776455492635083,0.0723845109261564,0.0203752264981606,0.0056334737646179,0.2665382774313582,0.0234248590055052
717,0.2667798575671536,0.0138328714555387,0.0015599650413146,0.0005201788653798,0.429539692289007,0.026377567219534,0.0001113252186809,3.558724283979745e-05,0.001495963496501,0.0005170872993813
718,0.3004113997284661,0.0100786033115009,0.193346889645532,0.0096412651655681,0.1786928671370451,0.0339183996918086,0.0132634567352032,0.0034440994432141,0.1812162516872432,0.009613558313153
719,0.0697897421329957,0.0043590290075131,0.1438910038759447,0.065373332644246,0.1452903910656156,0.0629283701990991,0.033602763777871,0.0039648261265445,0.1211394059387635,0.0645661338408771
720,0.1799701728519352,0.0074696781604013,0.1532717346032308,0.0149739142999764,0.1883304138363915,0.0969282875100355,0.0116617988155207,0.0036686932170502,0.12330643479487,0.0149432755355037
721,0.1115981081507941,0.0255608425185912,0.0019579120979657,0.0003333449327697,0.3662375851498433,0.0068537230834752,6.057751631898871e-05,1.1304216203614736e-05,0.0018713681847453,0.0003153908814198
722,0.0018858927805063,0.0002827073511388,6.52881389999449,0.0054429790557085,6.505471199232253,0.0034239385999211,0.0048998065702608,0.000385945025698,2.505755640787367,0.0043890226648203
723,0.4301098988689991,0.0273818414403205,0.0001526543065959,7.944723521964403e-06,0.2094195763703065,0.0048909267682662,5.2058671568361775e-05,1.2157503362670895e-05,0.0002662071853559,7.175590324492092e-05
724,0.1260538655122241,0.0056357537655523,0.1321807744824331,0.0567433508455453,0.1410441605053025,0.0586575364740074,0.0334698054347722,0.003862968261996,0.1282149184607645,0.0562933032567037
725,0.4855020669734803,0.0084253311539233,0.2600088270105066,0.0269361457439068,0.1357762117759095,0.0643920048690313,0.0159699443257263,0.0050025303719188,0.2361452450993338,0.0268618826157655
726,0.0406267698456116,0.0039145761284855,0.1955084408071545,0.0409007883957705,0.1015455286940787,0.0501912145090822,0.0207319291972613,0.0034887786936867,0.116601406547715,0.0403795768115304
727,0.1693477083826237,0.0071111463124779,0.1402137591218809,0.011327774770036,0.1312677327574664,0.0643240528928075,0.0095944169050958,0.0030659389194632,0.1341360361349322,0.0112906631861042
728,0.4858655087133059,0.1187457916634941,8.762811354125778e-05,8.477534400252002e-06,0.1614604572453615,0.0063532582842906,0.0001515493004181,2.641677991449366e-05,0.0005086591559422,9.972996364762226e-05
729,0.1887171655324634,0.024137979213078,0.0019198726207029,0.0004090361080297,0.3829491810072891,0.0061659216038786,7.350925504504276e-05,1.5879915315983064e-05,0.0018508729212143,0.0003911436383686
730,0.2133496933280209,0.0080696729314541,0.2272379855518551,0.0131160413309887,0.3050905203244605,0.0970553391603006,0.0105696090657613,0.0031473154848193,0.2024579532028624,0.0130568024830844
731,0.2537474183904623,0.009735479013746,0.2562972389239147,0.0081029878770457,0.2001035911025284,0.0304514225420152,0.013025372965071,0.0032868588253833,0.2112334971496257,0.0080833209600023
732,0.4713100054495404,0.0427735509841957,9.473357262577956e-05,5.449939840420279e-06,0.162997930661112,0.0045104964131096,8.632255392406594e-05,1.939433978614557e-05,0.0003023710217277,9.174099250242192e-05
733,0.1679930590024634,0.0071494276946391,0.2061340054150949,0.010170285211138,0.1420563406711606,0.0767832212191765,0.0094279250110716,0.0031923127796402,0.1829010257397666,0.010147467765995
734,0.0009702020829984,0.0002918383691226,1.0227244824696198,0.0053809386901053,1.0185188980475282,0.0035758212479087,0.0027234087504268,0.0003994482292689,0.5210312477389705,0.0044955338174166
735,0.1597589843373365,0.0074371541708674,0.1739682815179936,0.0119783910423555,0.1976739552274697,0.0852259543217211,0.0106359272360076,0.0037101233165781,0.1674405988791613,0.0119495655184941
736,0.1464646896860558,0.0101357311880464,0.154675451519789,0.0089480273784742,0.1391994133159068,0.0407952060628304,0.0160406691759282,0.0033640433258853,0.12925350155996,0.0089232976735767
737,0.0110155145169417,0.0019248575642869,0.301291455380844,0.0380279625796461,0.0942274714243575,0.0356288876640006,0.0110044436722011,0.0015817302496918,0.1253806090247425,0.0373172851901861
738,0.396810077361529,0.0631066580551497,0.0002103993107311,1.0316998883565887e-05,0.2557103220000521,0.0030950877645105,3.952930535733488e-05,1.284554749817045e-05,0.0002915325824022,6.808263600016469e-05
739,0.4551661243710737,0.0499776959794388,0.000121293204446,6.229346103394658e-06,0.1724267823256626,0.0036570068316502,6.97888495238763e-05,1.5712335653495498e-05,0.0002623973497876,7.760247923135635e-05
740,0.0014549966709853,0.0002804887145856,2.952962396899432,0.0053264765560106,2.9447786470683197,0.0033976224762653,0.0038657371530872,0.0003854010963036,1.2994071662961002,0.0042608636584034
741,0.0747670131725701,0.0061156330302422,0.1280461806766241,0.0821912690075752,0.1417973095082388,0.0671485386028995,0.0291907388767172,0.004010732724897,0.1268294475511215,0.0815070924354915
742,0.0679473773200788,0.0042041322877748,0.2717924813406073,0.0294507891184959,0.1620034279498698,0.054552944383453,0.015801953172345,0.0032889154858447,0.2424059544356597,0.0293359825479639
743,0.3213785259764785,0.0071210377652231,0.1629885762779702,0.0170536894249843,0.1467768741762671,0.0487562362954239,0.0130972311622442,0.0044009016507381,0.1231988978932403,0.0170310294030552
744,0.1850358348309337,0.0075961821101431,0.2191510200019345,0.0139720603982651,0.1706806029850649,0.0822726486756822,0.0099586991699031,0.0037569200129597,0.2049967760068861,0.0139255158275539
745,0.1898882342999507,0.0065748131183061,0.1981542002576816,0.0274646659151397,0.107378134148905,0.044268660225625,0.016174411569956,0.0047664669431798,0.1742264857464609,0.0273595844008159
746,0.1486663552275237,0.0072040970195422,0.2075051659231984,0.0248653872910395,0.1259782424679595,0.0478170937483514,0.0168487222025894,0.0051155531136307,0.1858420519453933,0.0247906301475663
747,0.1282329655798021,0.0055403963310725,0.1230871113296044,0.0098986241142209,0.113618040719634,0.0494977127214587,0.0109183652584421,0.0024798952397595,0.1093380500586599,0.0098645372667008
748,0.0007358515397794,0.0002812424918242,0.4182633886604441,0.0055542497583545,0.4159955555181374,0.004018968981878,0.0017782449909754,0.0003807212100047,0.2043975137363457,0.0042415481536724
749,0.0011611436619341,0.0002833656986785,1.552982848301061,0.0053359427772078,1.5483578583966844,0.003450338296802,0.0031816055131477,0.0003898639056916,0.7373995037834871,0.0043456513020401
750,0.1910208464213799,0.0080059383921342,0.189044737029808,0.0080374883769148,0.2068337562079948,0.0330262982723881,0.0085388505017402,0.0028583214277111,0.1822845178008786,0.0080114359727465
751,0.00073375583521,0.0002880910360827,0.1253403567691961,0.0055634868880922,0.1224166736752896,0.0039243851032366,0.0013150901492229,0.0003849662648206,0.0470195840555525,0.0027667204265342
752,0.1394331398572732,0.0082087693497151,0.2076160715666571,0.0670267356843267,0.1337989742403462,0.0681765819368965,0.0334991994119815,0.0052066159552617,0.1968040372957875,0.0665997409307429
753,0.1294705031452819,0.0074674037357283,0.1738889771079933,0.0143420629042197,0.1349085188108195,0.0668996623023913,0.0120621099015134,0.0039828500979512,0.1375712549634573,0.0143132459431736
754,0.205123529724766,0.0099762357851847,0.1947946245572967,0.0101416721845571,0.2286028062391857,0.0387153016637565,0.0151545700641827,0.0036959292912773,0.1737938771257266,0.0101026921058617
755,0.1378579402364231,0.014670893426481,0.0019508898015633,0.000454279698227,0.285327828847771,0.010957205483407,8.57686672659205e-05,1.2648003113026972e-05,0.001896822854881,0.0004379700356936
756,0.1555826046579753,0.007126980192935,0.2281113161517987,0.0104555113801832,0.1470212358274223,0.0677355402624008,0.0106248743483518,0.0032226033103387,0.2202385906870712,0.0104390392976605
757,0.5359512139056695,0.0271638885782525,5.630700693515817e-05,3.4993779768309318e-06,0.1430039978712433,0.0129758582225997,0.0001821349449747,4.607756845276809e-05,0.0004620817911251,0.0001443215681636
758,0.2009540203490336,0.0070979188085278,0.1452756149227573,0.0210419160055226,0.0954466850055515,0.0477181410509693,0.0130896707819384,0.0042312774791424,0.1060672474246029,0.0209819709806895
759,0.5115550651008136,0.0315443410679666,6.410640017367433e-05,3.967997341998564e-06,0.1450519198486671,0.0060836736145837,0.0001079264729519,2.9846480550729643e-05,0.0001907956283616,9.72107602602876e-05
760,0.1102901677037636,0.0091446570731126,0.1974023901971049,0.0086417096355914,0.1599242874304969,0.0611293128822656,0.0115786044818631,0.0032578707780315,0.1579714494604863,0.0086217767923732
761,0.0017012151584468,0.0002810479825933,4.245223101775986,0.0053924255595653,4.234103946894226,0.0033980754453046,0.0044538941322821,0.0003829676665275,1.7658299149478889,0.0043142072282131
762,0.0031645702464931,0.0026818642219969,0.0742645022926192,0.0162519673138251,0.0409767343786183,0.0166979406037402,0.0025853046464906,0.0018637447921603,0.0353931054028434,0.0095729889295752
763,0.0505155677974061,0.0044087826442864,0.4366570263125326,0.0861985751691123,0.1543414339540824,0.0713492724328059,0.0301772489310558,0.0032906906314322,0.2681829935366636,0.085288686004438
764,0.104038654885581,0.0055320376464395,0.2079136660071682,0.0850068495077734,0.1335902692297201,0.0616627949507606,0.0401102507943893,0.0042774339202812,0.1859576015081271,0.0838528765719979
765,0.4795954379550907,0.0443853049440059,9.013845753123478e-05,5.065744917644099e-06,0.1640635452814457,0.0037017263690697,9.28948800334642e-05,1.629934421823741e-05,0.0002184088437735,7.865073084097797e-05
766,0.1575874846099548,0.0088926868822211,0.3403336376836689,0.0095573384434885,0.2258820266732262,0.0482762476971088,0.0141560333600999,0.003569334838351,0.3145174967915469,0.0095273717649182
767,0.2109744043260765,0.0669900301945505,0.0001593614125433,2.275941980327163e-05,0.5243072211907129,0.0068621510930604,8.542641066745506e-05,2.2581229912519076e-05,0.0003255103033072,7.71011601905981e-05
768,0.4766172439064267,0.0302390724206447,9.95069173426072e-05,5.575172840631108e-06,0.1637537282778809,0.0066087655711777,8.629036532327055e-05,1.915026199340412e-05,0.0002129008034225,8.310901648997484e-05
769,0.1548782604841943,0.0071061301886517,0.2315452802761879,0.0134194823616343,0.1719811715363261,0.0793652342871135,0.0122975948016783,0.0040669106789616,0.1221152223596681,0.0133931077434817
770,0.235511183959255,0.0083581372269742,0.2219415012598319,0.0108634025703702,0.2465324996162934,0.0446535320942902,0.0116292517668658,0.0034958483649395,0.1788902858118303,0.0108175758058943
771,0.0777754526044567,0.0044721182919472,0.2184187173003824,0.0501268205000774,0.1205513872681746,0.0579415945212137,0.0273479605497876,0.0039212744883755,0.1079873754646174,0.0495760412792911
772,0.0526641014158536,0.0038498721517743,0.1909723989936576,0.0771972916372037,0.1418397589028417,0.0647319924786492,0.0344143113844616,0.0037824201181705,0.1436915106038299,0.0757810989117938
773,0.4234234054494448,0.0067212597444562,0.1730439817757717,0.0198867764235408,0.1435556051669085,0.0672430351168163,0.0105696772716963,0.0037650472504191,0.1009510852271716,0.0198351872922807
774,0.0617523763472189,0.0048836933776458,0.2448251620526803,0.0489286786219844,0.109785979318517,0.0545868040036148,0.024761853832099,0.0039302644615187,0.1276332089491892,0.0485531486131327
775,0.1506554611302306,0.0211677672414899,0.0023352164964111,0.0004224777166972,0.4823859237891443,0.0100301408744585,0.0001064369116822,2.382053500086337e-05,0.002231149943548,0.0004024191335666
776,0.0545895419108028,0.004017027748834,0.1925285141770938,0.0404053124863496,0.1047941161026853,0.047434418840653,0.0210639218929873,0.0033147274031991,0.1181254957750823,0.0400511322142283
777,0.001216788587573,0.0008147966549108,0.0477337027309733,0.0099363811721271,0.0160159419475142,0.0055211961678873,0.0013287807275091,0.000881512198394,0.0116868262082796,0.0033826090569082
778,0.2141003143613645,0.0087128451854828,0.2099679208076819,0.0091296135176459,0.2021827381655808,0.0595559031853527,0.0082492208225992,0.0029111744719959,0.1680245460477407,0.0091049074818316
779,0.3433740990006186,0.0075293358258533,0.2710799171531591,0.0195841501993335,0.1454455827188672,0.0627858607509646,0.0158096770943265,0.0043902968947376,0.1535127156427941,0.0195240564972299
780,0.0015731660203066,0.0002839252777094,4.30710465022243,0.0053237719078182,4.297644544046887,0.0033816370062782,0.0041486128733724,0.0003887411920197,1.7732117144867652,0.0042649641410186
781,0.2487023372511664,0.0071782495547554,0.1675730931353919,0.0172537975737342,0.1277284329843674,0.0535434172705099,0.0130894938456354,0.0037167285584149,0.1101732843909819,0.0171928233495717
782,0.2060484246936663,0.0543780661690007,0.0001259953835897,1.772804297548223e-05,0.4952030418868299,0.0105103327237421,8.605361988076717e-05,1.9336376959819312e-05,0.000248950164894,9.204865112737692e-05
783,0.4510317762054031,0.0258645352675144,0.0001221103141171,7.334757777134577e-06,0.1734256267418456,0.0081881551499004,6.987376430638945e-05,1.5859585582440904e-05,0.0002636611673953,8.661781131571192e-05
784,0.0014270395346593,0.0009705452142093,0.2311305277797642,0.0804119639260517,0.0704081253392826,0.0183352456641269,0.0022994980753442,0.001010892318833,0.0664079437443408,0.0159647989826711
785,0.4189645151087406,0.0730334935982709,0.0001475958293644,2.1357695983759146e-05,0.2138776550286896,0.0078771857595254,5.393887999763339e-05,1.6754972559476586e-05,0.0002425538239021,8.311772550059386e-05
786,0.5390428392101962,0.0301594575148326,5.322787390019521e-05,3.072907837402829e-06,0.1403953443266479,0.0097968438453738,0.000114304862238,4.023786141662728e-05,0.0003334360028568,0.0001321141471445
787,0.1859090037460816,0.0081193755276489,0.2330588645060111,0.0086219654348084,0.2490447772227761,0.0393396185391137,0.0096694840594361,0.003075418191949,0.1770425823982913,0.0085844420444737
788,0.4802360593049871,0.0837302954801112,8.851945454061151e-05,7.920569836046347e-06,0.1615248819783065,0.0058284640249826,8.966731402901379e-05,2.326398444869385e-05,0.0004212991792845,9.108089419172196e-05
789,0.0014925528273668,0.001075386272659,0.0264462541816554,0.0064579560040741,0.0236571784507462,0.006303593275005,0.001436822613367,0.0010684301972308,0.0112893635788558,0.0036225102324339
790,0.0016905088075808,0.0002723662774846,4.444702916622478,0.0054292828217713,4.433127799059789,0.0033920732939215,0.0044213269915134,0.0003724237419611,1.8287216292788349,0.004347712869771
791,0.1953761288405357,0.0089062248150451,0.2609869731415003,0.0104616180454023,0.2004298900523617,0.0568928165815863,0.0166119437124776,0.0036071195406948,0.2287139281317877,0.0104230915287826
792,0.1097496971948609,0.0055761330329754,0.1529697819642539,0.0565364241474243,0.1110142284525915,0.051949140579556,0.0310959602197451,0.0040915592932976,0.1427893439408099,0.0561158005219888
793,0.0007744415742652,0.0005132878338111,0.0239206433730536,0.0039107417080557,0.0126201727041918,0.0036275676559875,0.0008423577449346,0.0005890347048978,0.0072372432304334,0.0022226533602097
794,0.0100221574762616,0.0024205691869063,0.246976566009734,0.0664565523842381,0.1391753779787312,0.0454327292568701,0.0102588058727519,0.0021023417517484,0.1964559634653226,0.0648429280895133
795,0.0569250926833739,0.0045696782365866,0.0029515429456971,0.001333434312846,0.430350216443397,0.0128983296062751,0.0004901648699593,0.0001146669732828,0.0029772452161788,0.0013811405467903
796,0.0015505432471128,0.000276660080025,3.777795901459047,0.0053461900819537,3.7682201998753015,0.0033824715025545,0.0040912697569153,0.0003795024244761,1.5977637019846125,0.0042974131898058
797,0.1330065262169593,0.0087756997370517,0.2257443655961958,0.0132891070928815,0.1716726041195065,0.0813689110890955,0.0150747823626783,0.0040007205108633,0.214699778004531,0.0132523837658452
798,0.0384039941291895,0.0029996036124588,0.1548118687492513,0.0723517543136593,0.0888692658129676,0.0298425348381247,0.0275640605080664,0.0027999898583975,0.1512687440357026,0.069484700859748
799,0.1279563672424546,0.0084616511662026,0.1423351917058785,0.0139915323280517,0.20867824201392,0.0478384675906471,0.0164715684967961,0.0043067323890837,0.1241050436523535,0.0139594361549586
800,0.2596522006110515,0.0514117222913322,0.0002291145466859,2.81139123139623e-05,0.5563294848343644,0.0060714386389905,0.0001004947497016,1.5239583366078755e-05,0.0004158074414601,8.507550809809994e-05
801,0.1794141991630646,0.008695164087181,0.3159711856017833,0.014865892122371,0.1901093272723966,0.0850624921527577,0.0140744951520697,0.0045143344819471,0.2488421716308157,0.0148321567573446
802,0.0012153336314565,0.0002749480218256,1.8873949849967693,0.0052908875226859,1.882458314662606,0.0034701500517285,0.0033026054310643,0.0003800906434203,0.8801272895816172,0.0044902807398142
803,0.2555477380975063,0.0099862609712475,0.25843697229422,0.051565128951461,0.1447886413142136,0.0828683784683277,0.0317416305066191,0.0070718827509243,0.2432994539442831,0.0514227908954553
804,0.0025584060044583,0.0019447739742997,0.4169880733509439,0.1618220054450397,0.1706225457977326,0.0331511878790612,0.0022189358121416,0.0015952983552935,0.2291667637162211,0.0379064166783356
805,0.370582678168507,0.0638501830830946,0.0004593203463296,9.325844880407106e-05,0.4932805138235777,0.0057509719675517,6.439947667309324e-05,1.577378190612801e-05,0.0004128453676846,7.784811593431046e-05
806,0.549374486399186,0.0335839211985765,4.4565246235537776e-05,2.523447062907744e-06,0.1328742009263601,0.0091873846358883,0.0001199388817818,5.156452179478227e-05,0.0003422777849176,0.0001507329075133
807,0.1785056339234642,0.007456427684663,0.1943776204362488,0.009613878884163,0.1771226312875014,0.088705926995843,0.0110289468893661,0.0033796828797644,0.1461516676551169,0.0095926856665473
808,0.2075208574541148,0.008570573315326,0.2536515482160034,0.0085328034585616,0.1555592216982283,0.0463862068951021,0.012410409332619,0.003441341899083,0.2255150280725302,0.0085126274179838
809,0.0015341958376475,0.0002741635901025,3.519754387991968,0.0053592969148073,3.5101365351995573,0.0033788015796978,0.0040585322545454,0.0003769091889241,1.514964019702254,0.0042787750655241
810,,,,,,,,,,
811,0.1339201979392488,0.0075714288271804,0.2633308318143779,0.0098635904063911,0.1511010125044113,0.0756201857646297,0.0107116202522966,0.0034260307092049,0.1540677648823221,0.0098437478761035
812,0.1363339624471494,0.0080513113289441,0.1443700261246333,0.0143070149228845,0.2201028624858729,0.0554374064504273,0.0109213875139168,0.0037801470604494,0.0915626367318707,0.0142619839371098
813,0.1196560246821516,0.0180842943560889,0.0009143882056234,0.0002329851938598,0.3053937245779456,0.0086662951329162,0.0001079285076734,1.8868524253237992e-05,0.0007977821308273,0.0002220570123266
814,0.1303223947215382,0.0179312566382545,0.0012693908203616,0.0002017464279126,0.4551227577583297,0.0098637793897479,8.375120058118032e-05,1.9436058291877383e-05,0.0011053930579489,0.0001887949253915
815,0.0241112008455548,0.0036208944496877,0.181328783528874,0.0850260082552679,0.0964292140598413,0.0424775612209127,0.017174968749403,0.0023142613811832,0.1784730245282093,0.0826710654677904
816,0.3300923921837029,0.006927881763553,0.1872454733911571,0.0213200854501285,0.1284132720974326,0.0564242384164931,0.0150875951753489,0.0040520711927699,0.1741453541601123,0.0212829889965311
817,0.199934223742731,0.0087453564895121,0.2058324295966778,0.0099667183668253,0.1906427930179614,0.0782787214667205,0.0116621061507976,0.0037020366219811,0.1820782634854612,0.0099452761713149
818,0.0321593019115071,0.0029389919854882,0.2118461177631307,0.0673466971742198,0.1161414583165347,0.046125120052602,0.0246996844133895,0.0025895108364693,0.1930321495187716,0.0661096438865015
819,0.1890483065302914,0.0059271970523982,0.1555089536181482,0.0200100669657423,0.1064473633626787,0.0415478345128696,0.0129136161241569,0.004263901350033,0.133313409549372,0.0199508815030636
820,0.32202181156688,0.0091790336172457,0.1556253432325352,0.0216822099683422,0.1776696104710396,0.0826837575038662,0.0201156427318506,0.0045268107381079,0.104340515482252,0.0216119145738695
821,0.1831000972630998,0.0078798956017628,0.1838730013492544,0.0118122849112743,0.178099561825499,0.0763562750515199,0.0113039204867987,0.0038468803809784,0.1435608614988462,0.0117942187756546
822,0.2178169860190063,0.0096609305739057,0.1637827655122476,0.0119411893199882,0.1683084680916829,0.0975995006505554,0.0156154887272801,0.0042569239499984,0.1578882543199435,0.0119134197070215
823,0.3773033512994279,0.0063002567473755,0.2050994998311689,0.0210811052187426,0.1229543764008089,0.0607837666360585,0.0109859030190413,0.0038592439305101,0.1345643202093726,0.0210122121301858
824,0.4653245472718163,0.0577639600409336,9.59471976237629e-05,6.608205370994019e-06,0.164954934226101,0.0044999272864195,0.000114023528732,1.979720694944095e-05,0.0003254713250047,7.390814819186138e-05
825,0.0765969455228128,0.0056783089301372,0.2278959937199742,0.0238673816510768,0.1386169056814462,0.0440700443731858,0.0120696766162588,0.0040091057390135,0.2092442421725426,0.0238102227876445
826,0.5070487240262974,0.0406472659730564,7.634920943972516e-05,4.142091629707839e-06,0.1539210767263506,0.0048827586918094,0.0001098118498649,2.1765037423217803e-05,0.0002310809897785,9.37066777711129e-05
827,0.1849104963810085,0.0373000898325297,0.0008456478532227,0.0001438971528306,0.6205501692735698,0.0062102647761015,4.481473642807991e-05,1.2537337989693942e-05,0.0006370056005787,0.0001222192571557
828,0.0016105294271249,0.0009877422782525,0.1208967377906345,0.0533541202523863,0.0343937948807976,0.0083006994800668,0.0018221838537005,0.00104447590591,0.0454029455449486,0.0086118485035933
829,0.0007341170661626,0.0004047179666688,0.0255324258298831,0.0039134408522886,0.0141550703168183,0.003653623365027,0.0006686066741681,0.0004743278263365,0.0086289264170077,0.0021925355961441
830,0.0907089815795397,0.0309019504299521,0.001400713949995,0.0002607567590913,0.4683858987020239,0.0082442799613163,0.000121586661262,2.248261420682489e-05,0.0012775005361123,0.000256104219382
831,0.00104783426589,0.0007067950561711,0.0245769721744991,0.0045827910101809,0.0162039841759378,0.0044321409176634,0.0010803189259835,0.0007820995036838,0.0088098723571948,0.002501466793521
832,0.2173934581393191,0.0078493047717964,0.2405012811430484,0.0124565534377144,0.181320229866504,0.0648162672556404,0.0095812232382309,0.0037352651367552,0.1651499248527902,0.0124254201792227
833,0.0019736081578994,0.0002881466460587,5.54950346599459,0.0054545523021334,5.5154918966398405,0.0035164487102166,0.005085867369976,0.0003885595301673,2.1952724769338023,0.0046436094606876
834,0.3699378233257696,0.082229905523937,0.0002423379913055,1.561006713234206e-05,0.2760369881076494,0.0062810774862455,6.901703213856977e-05,1.824645933345548e-05,0.0002932756690762,7.878492840097919e-05
835,0.3136037293269649,0.0073388013229692,0.3419758336365441,0.0270890332824332,0.1319013817291959,0.0541097998427085,0.0128761732207804,0.0044699944304725,0.2209865426274724,0.0269842965984234
836,0.0007594433921946,0.0002895174725611,0.1822295093013614,0.0057343151846118,0.1794344735140803,0.0042973479816031,0.0013082445187923,0.000385577968563,0.0628707766348305,0.0029959878799303
837,0.4804130439773154,0.0325023799060786,8.505083911360235e-05,5.614404880073263e-06,0.1618332280357357,0.0061381640541257,9.628602063791502e-05,1.9194015633587032e-05,0.0002389754032874,9.291230152625003e-05
838,0.2703454289212573,0.0091820676639492,0.2782645130730057,0.0097818014168325,0.1707403447542586,0.0347991629859745,0.0122519432267394,0.0035774704755017,0.2632029162064945,0.0097500848206901
839,0.2374903629870851,0.0081475269457387,0.2148476847465458,0.0090674561149042,0.1637677928999779,0.0363002683448929,0.009586185357778,0.0029899446153499,0.2041485552584634,0.0090389634013878
840,0.5314647618259175,0.0285696849373939,4.890342676029572e-05,3.0861458231400843e-06,0.1372335471219937,0.0085837383229758,0.0001026405299391,3.899794521849442e-05,0.0002598036159746,0.0001260011027765
841,0.4772997435271556,0.0239429186185048,9.177163644645312e-05,5.653135857742268e-06,0.1626614510422605,0.0084440960549516,8.936388015660043e-05,2.4255286320769778e-05,0.0002040524878374,8.608911329880522e-05
842,0.2659189505445029,0.0095253439280953,0.1884795657651328,0.0090765509680779,0.1680084045324384,0.0385943614256349,0.0132514769669856,0.0035770307452694,0.1730316541293017,0.009048791856526
843,0.2499084582784116,0.0081631705696779,0.1327516458128199,0.0119984588669239,0.2154939546210755,0.0834189681662309,0.0136184721453122,0.0029526493319138,0.1122740510662589,0.0119248164890935
844,0.4630265183991543,0.0268296000870306,9.944172311218084e-05,5.871373000464993e-06,0.1649279780317917,0.0061672204571985,8.723676983088745e-05,1.7113300770943565e-05,0.0002236792354684,7.76654297863152e-05
845,0.1781267270863643,0.007723197892478,0.2012445353918294,0.0089454982623481,0.1457626249720126,0.076939152174504,0.0103455231681642,0.0032951328599329,0.1709422159717471,0.0089315748295764
846,0.0150269511856884,0.0018015223089038,0.3730357681619209,0.1848032248767998,0.1166086123090048,0.0436076278445278,0.0198044608888345,0.0016933030366872,0.355144234614021,0.1686076172197656
847,0.0368299222485493,0.0031609095608218,0.171172682753865,0.0600618981415674,0.1171558993711389,0.049160083805736,0.0257028615487202,0.0026200128767397,0.1470644121467439,0.0591503036749743
848,0.5267619971532778,0.0348826346568502,5.685251382409776e-05,3.3361828514719643e-06,0.141557918106085,0.0046357473393657,0.000104425977288,2.9357530622533597e-05,0.0001867474981752,9.427633512151314e-05
849,0.1350313791970647,0.0074549078702578,0.1458195043618773,0.0133092887754405,0.1536735984662135,0.0723077763588904,0.0163820158335793,0.0037935124367732,0.1263637924369795,0.0132819982905591
850,0.5278931203469275,0.038460566541846,6.130999957654298e-05,3.341458200608473e-06,0.142730701919044,0.0052082700531648,0.0001082311815718,2.8665038653544823e-05,0.000200444639164,0.0001017956386247
851,0.0008255407944714,0.0002867449481893,0.693184648492436,0.0053060027606761,0.6892178956435823,0.0035663349013069,0.0023918240477791,0.0003911634146663,0.3577559119764213,0.0042600170799806
852,0.0007833937528223,0.0001942954196263,0.0291984178674244,0.0040026375256333,0.0090588221068665,0.0010918644314744,0.000813189037782,0.0002412597729813,0.0075888846717554,0.0007501146299187
853,0.5078957284509337,0.0292694786874293,7.684567490647278e-05,4.41127606190406e-06,0.1560014906285394,0.007980807543264,0.0001091283767216,2.614394604478956e-05,0.0002322901550976,9.745075199920306e-05
854,0.0608949607156155,0.0067206367689749,0.0068970256676924,0.0010465641331375,0.2566734444596887,0.0042238162258919,0.0013461294853999,0.000136110146626,0.0068198993407703,0.0010370809986047
855,0.2602193819576063,0.0096188133856159,0.288406353219288,0.009848956977428,0.2372148472959958,0.0348780406696726,0.0139307991798276,0.0031585935294194,0.2284110630677102,0.0098049467622855
856,0.2785538232298039,0.008228886677228,0.1409915150064044,0.0110003646379282,0.1463844202805708,0.0818733030220403,0.0096287729663873,0.0032396259822622,0.1362182454560343,0.0109531767835656
857,0.1934275426135732,0.0064332868441529,0.1852626788767871,0.0415296917038381,0.1330864909947436,0.0448956307080182,0.0188480467281384,0.0042852042341342,0.1623459357951479,0.0411910651722147
858,0.0426104699141047,0.0040503245996506,0.3324230928422841,0.0803788043958528,0.1425072635787932,0.0741110157909482,0.0313948613948349,0.003688499017097,0.3179533511479703,0.0792916054131219
859,0.4858701895687256,0.0430085874718058,9.436276906573544e-05,5.087544693663763e-06,0.1650372562391922,0.0052243459775396,9.517997371148436e-05,2.181423247641737e-05,0.0002282182806229,0.0001007113290077
860,0.291537209332756,0.0077862539598006,0.2731362884346152,0.0169458374241647,0.1175063908354327,0.045271542233945,0.0161621684360759,0.0044059529050808,0.1180046732369928,0.0169097443963128
861,0.0013913710582236,0.0009900584767223,0.022205386925517,0.0047745705161346,0.0209979810930763,0.0055734243918982,0.0013842024888964,0.0010509568538147,0.0115928737723055,0.0031802065681969
862,0.0689374204926517,0.005148577870623,0.2055372753385423,0.0267640203818515,0.1012532385490501,0.0367429396490111,0.0138536770741026,0.0039647951425333,0.1327180476955187,0.0266000945989054
863,0.4750895582815464,0.0598467975546012,8.249334103602106e-05,5.738712881218589e-06,0.1568174848859066,0.0052049168961614,9.894324423945303e-05,1.9619257089643143e-05,0.000402241411576,9.310002568679676e-05
864,0.3093530252109949,0.0071285613768362,0.2489444553293554,0.017216919599455,0.1949808600987697,0.0580515384971059,0.0118977138105261,0.0036836687886442,0.1186729697167301,0.0171673365760203
865,0.4397183785699119,0.0062419569247385,0.2231222426506314,0.0173031861217723,0.1237412236855732,0.0556907456490859,0.0107216937247056,0.0038988723697052,0.1458928616775357,0.0172653890820256
866,0.1933636942365258,0.0088147427108688,0.2422888175582079,0.0104741582830055,0.1910286555434961,0.0743127872881643,0.014474456002962,0.0039872280994697,0.1887456727252334,0.0104539665655514
867,0.0007872239917884,0.0002895408923757,0.5821758773839341,0.0053377260325841,0.5782180821430954,0.0036005827325397,0.0022999842246095,0.0003957252463643,0.3059006410475886,0.0041338553596907
868,0.0016258851649228,0.0002788201699287,4.042517789347913,0.0053609705551954,4.032825047397463,0.0033830064679895,0.0042687125719787,0.0003807345781936,1.6885283111589189,0.0042877774709522
869,0.5278912429540037,0.0368841703217659,5.655172626424767e-05,3.5204409842398105e-06,0.1441855299709204,0.0065666638730216,0.0001141077064135,3.028426297374166e-05,0.0002515154962608,0.0001123468864014
870,0.1360816552636811,0.0079641049917471,0.1752879334898481,0.0144612838738961,0.1489298772199379,0.0729932294522901,0.0107718650231294,0.003713295373634,0.1657336177873079,0.0144110655314842
871,0.0012043969132917,0.0002794348675201,1.898823219329643,0.0053410513326206,1.8938142907907916,0.0034700188895688,0.0032773303949508,0.0003854089036421,0.8864764697059953,0.0044924992942883
872,0.3896747476816894,0.0073063296172099,0.143997176512818,0.0163806295059157,0.1387107816748938,0.0627783792249866,0.0138445583274474,0.003899431038808,0.1227512201437154,0.0163389586272108
873,0.1391986028244378,0.0307949310550961,0.0005762130726043,9.766852513547208e-05,0.612247383657044,0.0058682132749531,4.06891360667778e-05,7.707988649280683e-06,0.0005786206072542,8.904045294209364e-05
874,0.0007849865514856,0.0005519267613486,0.026504342122832,0.0075906558486686,0.0149731367355142,0.0044097101167865,0.0009142439135731,0.0006296381280731,0.0078600768523103,0.002840820184315
875,0.3372040453074061,0.0059194499513053,0.1543022595139566,0.0173116628470713,0.1158563431768258,0.0501682695326816,0.0127744222303822,0.0033241901125868,0.0980457762721483,0.0172767451295472
876,0.396546197323755,0.0573743081546476,0.0002122894040155,1.0262390899200508e-05,0.2585466413367728,0.0037950266749939,3.7442251793031634e-05,1.3380876926868818e-05,0.0003043643668788,7.704100755543506e-05
877,0.1558266703614737,0.0284506378908921,0.0007814651272156,0.000148634137817,0.3796304599995301,0.0099420807034781,5.936716711713844e-05,1.2875114178809134e-05,0.0006510969439726,0.0001273533581167
878,0.0324647848916632,0.0061156121554742,0.2507775808061241,0.0921079092696361,0.1040611589531007,0.0610999709978967,0.0174627532889943,0.0038791852594958,0.2428936992124872,0.0909386004309641
879,0.1927951091056552,0.0101416524336325,0.2031867079212302,0.0149383713816732,0.2221923412490998,0.0890287668350399,0.0192364860313723,0.004550420387936,0.168528171652026,0.0148674963777932
880,0.4713137333952819,0.0546758338520738,9.062073211038152e-05,5.721190598860599e-06,0.1613226777371306,0.0047447621116846,0.000179839421135,2.1816010749569165e-05,0.0004720398867085,8.135568306795963e-05
881,0.2680222465846797,0.0102676924300773,0.2178328586747156,0.010628959111955,0.1806057804234219,0.0387470140873174,0.013992971098185,0.0038718809917016,0.1499867441820787,0.0105945857749836
882,0.2096992547387123,0.0055205937346966,0.1751259272550549,0.0229341357214177,0.1162059227392736,0.0515475848955231,0.0118303460640022,0.0037074930110954,0.162876601563942,0.0228895412002487
883,0.1769334281340346,0.0098565061009565,0.3019629835407728,0.0092069498717235,0.2710533511811743,0.0314454689538107,0.0149559046930706,0.0036468858535079,0.1636039681822846,0.0091789633031151
884,0.0034512933878337,0.0013362278110336,0.2087245829813463,0.0903239064535916,0.1192803556117353,0.032161455279243,0.0056447773055911,0.001261096752847,0.1745161066290393,0.0666982285668775
885,0.2595072808713883,0.0095393460537216,0.1936851049662334,0.0133588927985407,0.1650384816803098,0.0766569399458885,0.0167408796243602,0.0042993708883393,0.1265722133810131,0.0133118466609333
886,0.0008820538383082,0.0002917962293735,0.8868252852835968,0.0053218538377086,0.8827535126516444,0.0035871831926844,0.0025213367799783,0.0003982603907053,0.4552073255782983,0.0044900981756916
887,0.0064613682620052,0.0018331491566642,0.5872765015735316,0.3334995030254507,0.3495079195606304,0.0981711140566145,0.0096804861802351,0.0016057067112383,0.5163537821964962,0.1979969664687315
888,0.0012881959697243,0.000291340080175,2.2646085891584877,0.0052958907640362,2.2598249391518226,0.0034590953566961,0.0034757254943259,0.0004009708899298,1.0308396491074092,0.0044336660144038
889,0.0610647994890216,0.0039263374213026,0.263744378413138,0.1333425152915819,0.174702510047913,0.0725429602306624,0.0475313894451728,0.0033651816488826,0.2609185474493463,0.1310333077283478
890,0.0012889672609483,0.000621406487184,0.0518835480239521,0.0119636974759863,0.02256081792005,0.0066742784241727,0.0022238706069962,0.0007005510283524,0.0178731462974851,0.0040438583651385
891,0.0015981827572707,0.0002754950245013,4.109762931485939,0.0053315946964089,4.099505502539648,0.0033744438150766,0.0042088502129714,0.0003785044621882,1.700811951175974,0.0042868094814722
892,0.3767069091014087,0.0603746269416915,0.0002662429227236,1.2936860114321737e-05,0.2846153974953846,0.0040817948342541,3.908643454886692e-05,1.544235857355552e-05,0.000278534344672,7.536665982231737e-05
893,0.1424121275377599,0.0462559999387214,0.0002356754127256,4.471308820526992e-05,0.4455087849379792,0.0117090854685313,5.5532202069879095e-05,1.365328437464218e-05,0.00019796859453,6.511817639582484e-05
894,0.1200055289788747,0.0172830551569038,0.0006568436670515,0.000165903461058,0.4085575259803382,0.0199534332539946,8.187333380243472e-05,2.0960306298752664e-05,0.0007060329898256,0.0002002962591448
895,0.1802911114502505,0.0096382987202232,0.1915195047471305,0.0097662918200637,0.1899991060166118,0.0401511677554438,0.0119254737763652,0.0036000374983804,0.1647127175580483,0.0097320681557581
896,0.1581233074296512,0.007044829331545,0.1232231388475621,0.0136342575094722,0.1296398921077093,0.0630482300207152,0.0111631649835162,0.0036748695163138,0.1091298791976912,0.0136105431605458
897,0.0007424257534391,0.0002821025837048,0.080594839788366,0.0059044149580524,0.0778896599776233,0.0041146368265788,0.0010857899285264,0.0003685666831516,0.0218932491290436,0.0020387875496198
898,0.025177919375635,0.0029421622921684,0.265833450893786,0.0346865134217106,0.1187023731425329,0.0451612376926505,0.0169187540958758,0.0025814298167187,0.1624358931340558,0.0343415775685961
899,0.2337084771780315,0.0086803626143406,0.2070010497741946,0.009189977352477,0.1955978876762122,0.0406396095020644,0.0095284313483732,0.0029858099525858,0.1982151013022579,0.0091516814108993
900,0.0007416710135065,0.0002969788105746,0.0281036922478636,0.0035404347929088,0.0125141910195994,0.0027800003001814,0.0005468978344593,0.0003559103476644,0.0077745042587726,0.0017712135668632
901,0.0019484882809682,0.001364392445725,0.0248569363711749,0.0069359668915734,0.0254305985365273,0.0074842841693202,0.0016572650321445,0.0012852180369353,0.0108550122375203,0.0038461591480733
902,0.2879990027536556,0.0352339374362023,0.0001132830117465,1.0791464332812304e-05,0.3689435353798687,0.0037498776441041,4.584685262948421e-05,1.0911891810859596e-05,0.0002666927177258,9.372288741639295e-05
903,0.180629404998074,0.0106779325686128,0.2053582161694954,0.0090394587134111,0.167273177962639,0.0420001338057725,0.0166495386443448,0.003592879437754,0.1428278801285329,0.0090122345908842
904,0.2296879055115945,0.0090039390820719,0.1867333995831335,0.0102145371441216,0.2282347605078385,0.0366536942990768,0.0116295775954434,0.0032746268982909,0.1353564689864995,0.0101555233312147
905,0.0007557242316252,0.0002472643327117,0.042884489255418,0.0057029026442803,0.039309796355277,0.0031494119515902,0.0010084050929806,0.0003169681118079,0.0146246806113305,0.0017796963199289
906,0.1570208669758023,0.0083226827374567,0.1685917764293747,0.01427338110039,0.1717748838480058,0.0788461476542677,0.0174517787481644,0.0045514773406661,0.1133649593165156,0.0142445107534694
907,0.0022437379087944,0.0019107291668109,0.0452661845978467,0.0122710428780401,0.0357889110410934,0.0127858486498812,0.0022908388696678,0.0015897414839493,0.0191765211480015,0.0062569475019164
908,0.2553216087288817,0.013070594404251,0.0060005447986942,0.0013152460769942,0.24680693920942,0.0083384752397887,0.0012598224895325,0.0002475199865028,0.0059280919319976,0.0013192935959571
909,0.2744949092254862,0.0088212372822773,0.1347224908326955,0.0172462357302765,0.2101692968596514,0.1172598828650485,0.0167546995814439,0.0038908692155596,0.1011485234142318,0.0171491488756282
910,0.504143396071862,0.0440137773051011,7.906923884065587e-05,4.200488535847025e-06,0.1556793649544911,0.0045331234478285,0.0001104372142692,2.326214710242654e-05,0.000228285444009,9.42980351812701e-05
911,0.2276290506674229,0.0081066120575315,0.2312249751278626,0.0106275974173977,0.2708464285264349,0.0544205141101331,0.0114288950419768,0.0034458895332179,0.2125609410963236,0.0105915313701367
912,0.0008313401085992,0.0005502911541921,0.022168026402304,0.0036555638770861,0.0145127801306201,0.0034739723681445,0.0008832685715518,0.0006225433393775,0.0063721189216219,0.0018234034158059
913,0.139893278368596,0.0069786768805439,0.408831361271904,0.0535181165002135,0.1937189832229922,0.0727469595431175,0.0282936835723888,0.0053187856131798,0.2864000300088893,0.0532726772026912
914,0.0007896957552243,0.0001272196461174,0.0290124242420474,0.0035207007481695,0.0049428240984866,0.0011289209480643,0.0007200746400498,0.0001574139706793,0.0074353867958217,0.0009235176444546
915,0.0195443794843198,0.002542132656013,0.4068450197406938,0.1373959955909755,0.2635828603428666,0.0717021801947313,0.0234029587726017,0.0024200690941776,0.3386040122599943,0.1288214976515525
916,0.1214307876298916,0.005969578526083,0.140372721586296,0.033212572881051,0.1086378323439158,0.0484488790516588,0.0131721682875722,0.0034628844682153,0.1363022583608038,0.0330594216746559
917,0.3939363645938898,0.0439126217180821,0.0002278007774147,1.0575243550873845e-05,0.2613182406623754,0.0044246526696309,3.546622544390713e-05,1.112481328989555e-05,0.0002771715892806,6.506069959011589e-05
918,0.1623429971551622,0.0063142920233773,0.2011760046477468,0.0292566571886409,0.1122615121700624,0.0566237036592154,0.0148937751698808,0.0046118256458799,0.1735708225330284,0.0291371423940707
919,0.002238627303716,0.0016776482443548,0.3377260221609687,0.0973367749461728,0.121302013826518,0.0216380974268829,0.0020304059970792,0.0014371605372845,0.1497559859941001,0.0202681406667538
920,0.5138418353777263,0.0316257029101374,7.196492455881303e-05,3.987126762801868e-06,0.1523102680106821,0.007629594055816,0.0001144773543985,2.6757293448690577e-05,0.0002522658111866,0.0001036842444259
921,0.1577429747765958,0.0074084261171837,0.1803430970079907,0.0098547317005315,0.1513157467475393,0.0822737314477302,0.011598049288095,0.0034537416883395,0.1296466543556219,0.0098373258966446
922,0.2909271305004687,0.0060309700875723,0.2379214865364709,0.014353238518514,0.1141791535055073,0.0415245069906545,0.0108592111787791,0.0037915158288345,0.1565230896598113,0.0143158930251482
923,0.2727977033636586,0.0067184664005207,0.2180464034100892,0.0315392250609319,0.1423975945470689,0.0553279956418901,0.0121050763380737,0.0048612036976128,0.2005716998010015,0.0313872002849041
924,0.0023099796436745,0.0019479713097007,0.400146443292009,0.1114333649622216,0.1392193275036963,0.0389026457678155,0.0034499607507842,0.0016243113623017,0.2266893702951121,0.0571914708111876
925,,,,,,,,,,
926,0.0234088820868367,0.0024855747852593,0.1504450135313904,0.0641092319458825,0.081040623122164,0.0359839500194985,0.0221578669043125,0.0024297937160334,0.1397869916212741,0.0618156879339764
927,0.4283902840713877,0.0495791581222137,0.0001526702030325,8.04112083755539e-06,0.2141455308889254,0.0039301775015445,5.0198194529743445e-05,1.4225408953575668e-05,0.0002544877632493,6.87021484582539e-05
928,0.0042348745788517,0.0008671514952373,0.1728021911779436,0.0646522911151887,0.0904496691569272,0.0218328132947359,0.0072268067111852,0.0010021307573499,0.118661108910641,0.0557892981923909
929,0.2096596434983745,0.0078991084743294,0.2335569118089829,0.0076342004892125,0.2485186761441069,0.0330714225999332,0.009932836611917,0.0026908165874076,0.1382741100438817,0.007611539220213
930,0.2668973760969086,0.0074470981147453,0.1592029111763752,0.0276929101506654,0.1238117437895864,0.0597762911356428,0.0148132889785465,0.0042384640641082,0.1024471292405333,0.0276214684910107
931,0.0007306192839658,0.000283479364199,0.2331191659136558,0.0055380933151191,0.230248174291012,0.0039495240363679,0.001483720129821,0.0003811023430033,0.0971398396192833,0.0033745033533763
932,0.214929568276601,0.0084578508131906,0.1823902569613877,0.018454854703384,0.1700088735173291,0.0623686067727513,0.0169793491645441,0.0047277360379919,0.1701329710677061,0.0184159152492275
933,0.5189187273307818,0.0335054698410815,5.747880667087401e-05,3.845757623270904e-06,0.1427357135762341,0.0081020593953204,0.0001279807762674,3.840698871421842e-05,0.0002821487680294,0.0001161953185867
934,0.4024605658894482,0.061655554635344,0.0001983394337872,9.6292797093721e-06,0.2484894481281906,0.0036668598576949,3.970030595710879e-05,1.5866356275345885e-05,0.0002745793790078,7.195684216257851e-05
935,0.3908627162471894,0.0606714981030772,0.0001398620127207,1.219700727087412e-05,0.259068132889695,0.0044804068219094,4.887206328806374e-05,1.652891262617226e-05,0.0002252599696121,6.502886027552283e-05
936,0.1285788137339873,0.0065279867147046,0.3703041697380352,0.0422934879142524,0.1475788370926406,0.0535516099488536,0.0206624290984222,0.0047973204523391,0.2279878766114698,0.0419782891723481
937,0.5111507853196416,0.0428789167541208,5.531841009339237e-05,4.240280678995136e-06,0.1461749605382257,0.007463579525101,0.0001137156438228,2.900339804023233e-05,0.0002598171673912,0.0001198446421042
938,0.384040134928696,0.0078197844056478,0.2156005202185929,0.022617623101722,0.1748127155638769,0.058745178131572,0.0207919112260738,0.0051317001335548,0.1177654627382269,0.0225751109957585
939,0.216803039692367,0.0088869803363907,0.1938942085681821,0.009282785451845,0.1970131815921887,0.0428141518503483,0.0102514388529308,0.0030519465982967,0.1709848155070294,0.0092556169669734
940,0.5110099353641655,0.0397115033892444,7.26055847604156e-05,3.855970384976192e-06,0.1498268588461966,0.0047862753661699,0.0001099938536701,2.3211751235980184e-05,0.000218456714097,8.803019421921265e-05
941,0.176716720970601,0.0081804916822652,0.1860709753090627,0.0113079046993321,0.1750500395375875,0.0864156014360213,0.0136289008609776,0.0038837405013392,0.1350738543670585,0.0112807565626337
942,0.0007298980641245,0.0002845080423784,0.3541206089795081,0.0054422303532059,0.3514026700169578,0.0038403195644007,0.00178456095469,0.000385388201569,0.1812056921675139,0.0040183022592369
943,0.225112831875499,0.0108421760881568,0.1664335950915355,0.0117574320262286,0.2108545212126599,0.0395425818411056,0.0155413499862731,0.0038515118824881,0.1537301298822216,0.0116864282552489
944,0.3494807917007063,0.0461512169900493,9.16950141042208e-05,1.0475457588497218e-05,0.2698791807125185,0.0086242929830134,8.92897857971721e-05,3.542054388835465e-05,0.000244913124949,0.0001065864442154
945,0.0026842870634438,0.0019359038838348,0.1193278276084291,0.0292049148992411,0.0375412172360007,0.0141508762065939,0.0021891065932202,0.0016464960771956,0.0397739040980137,0.0080517758121597
946,0.0489712405009558,0.0060288710290995,0.3549951338793454,0.0451142707636385,0.1838132190055089,0.0600216918367885,0.0188733352018114,0.0047118637942207,0.2841678524627491,0.0449122462429821
947,0.3640998247423395,0.0656699041765922,0.0002947709331391,1.3919102136707092e-05,0.2958633706161879,0.0037783297545313,3.68367408912954e-05,1.2864868878921471e-05,0.0002953464298662,6.267008414599163e-05
948,0.0008487898734838,0.0005958306481501,0.0388304902002482,0.0081804470728546,0.0161794642413994,0.0048552569246275,0.0011648792951712,0.000670755386061,0.0136097915291352,0.0031456023959588
949,0.4774939639912332,0.0294481389260062,9.885671309534786e-05,5.4299450607716215e-06,0.1633659886413661,0.0057481719959324,8.72882072893035e-05,1.891493762881096e-05,0.0001933453047552,7.906178161561394e-05
950,0.3961129745835907,0.0063673205058861,0.2247775083694118,0.0154306280715188,0.134325365887567,0.0610649038228757,0.0119423728276353,0.0036965004397421,0.1596466821628739,0.0154059476331702
951,0.4505706784076162,0.0509396245727356,0.0001232549429791,6.474307392866878e-06,0.1740900071741825,0.0035863280089429,6.533037024473266e-05,1.5109824539018514e-05,0.0002440031472741,7.875358963667383e-05
952,0.301363136761859,0.0075958206808161,0.2200357387865925,0.0123086835220491,0.2644873234074246,0.0561845882319217,0.0104688224588917,0.0035653876786455,0.1928339001562659,0.012294051493704
953,0.2322503804680597,0.0066004990117035,0.1947902908374379,0.0319269560958334,0.132371174398525,0.0484632713294643,0.0161969327206022,0.0050029983339476,0.1310050637364047,0.0317808430343971
954,0.1090115199964001,0.0075852075176718,0.2581390584108269,0.0733672019032873,0.1435863494446694,0.0795162685230451,0.0348112048848764,0.0057723625907853,0.2397916721504209,0.0728951698482351
955,0.0007731613706846,0.0002524547736916,0.0266911099087352,0.0049344622732802,0.0206729188226896,0.0023487324015676,0.0009372981941413,0.0003233300852408,0.0085788553666293,0.0012259181237708
956,0.2173582162356069,0.0089474738454173,0.1816855914374527,0.0116231178211308,0.2464862561207086,0.0766377579251479,0.0162254140565903,0.0041450938048426,0.1293430420295832,0.0115949189586919
957,0.001719001732813,0.0002761382861364,4.03066447999279,0.0054344648488912,4.016186278534274,0.0034292483278092,0.0044837526951255,0.0003754576305767,1.678320746991018,0.0044598897943161
958,0.174044594121376,0.0374794401983202,0.0008197481518491,0.0001958414876615,0.4679702738485402,0.0047198369778038,8.288893474742712e-05,1.7418172761684666e-05,0.0007903826869909,0.0001790613545621
959,0.1574159282640849,0.006564359453824,0.2733167673984286,0.0267628252652343,0.0907819591806523,0.0451669924265614,0.0138559252907888,0.0044630275104684,0.1462560757012486,0.0266433860238405
960,0.1369569227180679,0.0086716513387713,0.2118478384188816,0.0093943145389624,0.1897460593981095,0.0899820401638891,0.0120156115264217,0.0037018312088418,0.1691429314719612,0.0093839195441877
961,0.4731495560521357,0.031575589807398,9.620973381924132e-05,5.574631049433198e-06,0.1666342630386868,0.0044374419702158,6.758448368118551e-05,1.3227088534530188e-05,0.0002255447176548,8.556768226625393e-05
962,0.4875897537064796,0.0250062866684654,7.808433891010483e-05,5.558732205795981e-06,0.1585106939110408,0.010060022625204,0.0001019830768062,2.317946195426008e-05,0.0002587791124945,0.0001000753300533
963,0.4146408231232566,0.0573885885246826,0.0001799472115184,8.754746205412771e-06,0.2353992400577956,0.0032544032782788,4.4922419898463935e-05,1.1308086075529483e-05,0.0002677595527324,6.685714507456114e-05
964,0.0060195310952422,0.0015756793902586,0.1769027698346815,0.0446093804431022,0.0756580166098739,0.0285181375029308,0.0076593028218389,0.0014745339799764,0.1286342494787393,0.042739506778477
965,0.2017342355442769,0.0658258938897897,9.504880137110556e-05,1.4053435801393912e-05,0.3995687073243132,0.0069442922187069,8.392813593542232e-05,2.5484799405762268e-05,0.0002428990212811,0.0001116262627183
966,0.0007291453580341,0.0005207989425943,0.0274488807661315,0.0066137613750014,0.0202243037743794,0.0060991834798721,0.0008554669463853,0.0005986599732125,0.01133111585307,0.0032702940087446
967,0.175326578932423,0.0077350867333343,0.2154915361428681,0.0089423350268587,0.1984254798851254,0.0485050307688479,0.0109920693445183,0.0029646640449451,0.1052584775037215,0.0089122108896498
968,0.0015655232364167,0.0009972983484269,0.128008701308396,0.0233622273215177,0.0285107779686622,0.0061925937285824,0.0024578526424818,0.0010321511871261,0.029487742191086,0.0043495202659477
969,0.2293353516123728,0.0110467153769079,0.1969106609227746,0.0092956706566999,0.2413045062782182,0.0321675718904069,0.0114852967298578,0.0032423733597129,0.1726276336331931,0.0092533538085003
970,0.2221362954941261,0.0105555953906619,0.2037573476722929,0.0102759025740597,0.2359405313412963,0.0443565422416992,0.0172591408251452,0.0039270249948438,0.1918035421003932,0.0102472970136344
971,0.2498387988379942,0.0080931472892355,0.232086578637384,0.0072709957976605,0.1899414603714354,0.0302729324770464,0.0093310506259125,0.0029581524198062,0.1341802582261546,0.0072549649888185
972,0.5294005293090639,0.0385944545628808,6.049465026101251e-05,3.25834844840191e-06,0.1429012504789743,0.0057557663451094,0.0001127300867275,2.909742886117181e-05,0.0002302821916565,0.0001038986674033
973,0.18956749019749,0.0070424274608209,0.2235316167674884,0.0408323390126175,0.1253802790075275,0.0617489376138384,0.0202820423883224,0.0050204634849096,0.174603553228594,0.0406326955213686
974,0.0007478425823995,0.0002905632514003,0.4898664560190296,0.0053464343641205,0.4861187602021695,0.0035769394186743,0.002207686075673,0.00039556632223,0.2606289049119667,0.0040403251849775
975,0.3809263956379497,0.0654338065184276,0.0002208345096178,1.1515896923980856e-05,0.2667445113984367,0.004223119877237,4.4664467009019046e-05,1.7897824544075123e-05,0.0002740872911105,7.137720148323158e-05
976,0.0019190340462618,0.0002792191225797,4.844171129173071,0.0054799881346204,4.81894868270096,0.0035191573546958,0.0049541580426864,0.0003786374335293,1.9705306689701725,0.0045829305636932
977,0.276266364701344,0.0068122413685852,0.1862384510942037,0.0194176788562345,0.1120689489787589,0.0439842342393504,0.0138976695051686,0.0042965276973692,0.1728733523247159,0.0193680129551192
978,0.3429131178323381,0.0689303221044374,0.0003176202656113,1.64337196645688e-05,0.3209846415117264,0.0051497815937132,4.658259809636589e-05,2.539220268815631e-05,0.0003236836556917,8.241875741990925e-05
979,0.125030099221151,0.0063567923765148,0.188039317081964,0.0212547928028469,0.1187675653737984,0.0387259776304507,0.0170002894287744,0.0043934773825796,0.1331996315002405,0.0211827824607313
980,0.2542591722489245,0.0365149294412591,0.0001471268605493,2.5953899739992404e-05,0.4422667916091104,0.0160106793193683,7.180847385696796e-05,1.703742605438072e-05,0.0003598597570411,0.0001066436434425
981,0.4982533408024863,0.0409495390275699,8.336713158046089e-05,4.5055012204516855e-06,0.1576338361687157,0.0044655355733069,0.0001002313084018,1.974398609374272e-05,0.0002179664150306,8.594525631405835e-05
982,0.5200664701156554,0.0506055097484736,5.559776535784404e-05,3.932964633521139e-06,0.1420126697985484,0.0066133397298719,0.0001115437419056,2.946890079211864e-05,0.0003640483076871,0.0001153812849151
983,0.0043775361593497,0.0011652161559874,0.4369801148597859,0.2933362212714178,0.2661745690024081,0.0751244511976013,0.0090725163286281,0.0012108522711661,0.3222564524483764,0.0967901607902601
984,0.2183363906337264,0.0209010869463314,0.0009973612666881,0.0002347527197573,0.4284200864937298,0.0078466938622566,6.794623432232076e-05,1.6371392645028737e-05,0.0009264355536032,0.0002174697151347
985,0.4342266930809808,0.0074669743780829,0.2191714767669862,0.018126948282021,0.1609887949462652,0.0726568233637314,0.0171258012249274,0.004505322780549,0.1325356190324447,0.018102744296928
986,0.1788781251999636,0.0076179636799282,0.2172832316488132,0.0123768373227135,0.1960875896824196,0.0826293515126317,0.0134777728331041,0.0038751946057159,0.1857024981173411,0.0123482663248818
987,0.0007942399621297,0.0001922909600496,0.0277972073397086,0.0046870129042234,0.0126931668621994,0.0017898502452903,0.0008945080813999,0.0002411597518627,0.0075139231273356,0.0010496157847279
988,0.0042113945232697,0.0021663815575245,0.232929192630169,0.0640505721219753,0.0702791659862955,0.0300070831710747,0.0052618032426072,0.0017915030504565,0.1146767375083109,0.0574605853249702
989,0.3905327983316294,0.0522253635908713,0.0002002169812553,1.1675422266396445e-05,0.2602352648372903,0.0054907170434176,4.030330240315075e-05,1.6672239474059122e-05,0.0002807101796735,7.120331425748545e-05
990,0.3664066454294435,0.0695118765085424,0.0002885104195272,1.3310314277841542e-05,0.2862823327776952,0.0043494141218337,4.609196100882021e-05,1.7436812767602665e-05,0.0002891585521933,7.284129976614506e-05
991,0.3800505872006606,0.0699128450531508,0.0002070990438106,1.2012744748518275e-05,0.2589714685977023,0.0058431435317887,0.0001255075778331,1.9652393040420937e-05,0.0004283590975907,8.499153512687951e-05
992,0.0339312736131665,0.0027534413701075,0.2254601061129495,0.0569967102521774,0.125430304035919,0.0460484445828241,0.0244788958480488,0.0025766176586326,0.1801512870702468,0.0553844129278899
993,0.0010405082093002,0.0007159909573459,0.0278618037798625,0.0062220270020838,0.0168873338280927,0.0054021145114236,0.0011441414054389,0.0007893657136331,0.0119835829075339,0.0029385368953822
994,0.1222506482690039,0.0053930635415842,0.1595285464392823,0.035550455430254,0.1169293906457588,0.052000000410883,0.0205440303370157,0.0036648449867334,0.1174065007614918,0.0353512141882086
995,0.0018257751844709,0.0012582185293778,0.0675576860966639,0.0151555408613406,0.0244208263213005,0.0070186962179511,0.0017640401054098,0.0012052278777069,0.0168361120618739,0.0041455828280094
996,0.0361975415554743,0.0029115698985638,0.275720121049619,0.0845703655141699,0.1636863703836565,0.0458403807945773,0.0309217670194354,0.002771641502149,0.2091244102307813,0.0817376366822821
997,0.3156150856844939,0.0068292794361566,0.2625588683883896,0.0158540599172006,0.1301263093688265,0.047297446439043,0.0148871432311842,0.004116985711811,0.2311089327080882,0.0158245730873708
998,0.1871808782189394,0.0385239022502255,0.0001581349639942,2.2705548221700065e-05,0.5142836590928164,0.005432175152096,4.069201820038e-05,7.593661668273464e-06,0.0002768657586216,8.814564796404289e-05
999,0.1401443591808989,0.0065885164745033,0.2730530736861074,0.1336296293121202,0.1877007765340995,0.0750922726194861,0.0621866193998615,0.0047418346780659,0.2712415859018964,0.1319635678679714
1000,0.1574558557962878,0.0084233452972688,0.1557506392182056,0.01156239930929,0.1809280078883068,0.0904306264017793,0.0116532686911116,0.0038092974384494,0.1332454735261508,0.011533486335108
1001,0.1802772607978792,0.0081123789954292,0.2010053958720453,0.009010050743927,0.1630701684174376,0.0405481329846385,0.0122999526942949,0.0033037958319814,0.1886789250091392,0.0089861869460325
1002,0.517162844873199,0.0265097069968715,6.952581895420025e-05,4.026451853743842e-06,0.1486960916936421,0.0076815932891296,0.0001099516476161,2.9535505616197183e-05,0.0002623872064088,0.000105488335204
1003,0.4293802183443386,0.054959778209681,0.0001548458483821,7.783069174498779e-06,0.21401033041054,0.0035295850902479,5.204016378589939e-05,1.5187600477858008e-05,0.0002640445834316,8.014124275070023e-05
1004,0.1252628137763145,0.0075368556259604,0.1650221679690051,0.0134221122267826,0.1476729659071291,0.061983914674676,0.0164680664900179,0.0044671381962093,0.142917582873132,0.0134051455394569
1005,0.1320495341810408,0.0069672934608552,0.2567835063822556,0.0286193009738242,0.1376647806694296,0.0538691729903745,0.0158134178060589,0.0048314471940963,0.224609664650766,0.0285497247896874
1006,0.2893374675752164,0.0059262920265014,0.1632646078302656,0.02381197840977,0.1174990693010754,0.0542053016076983,0.0130561746463392,0.004093116490503,0.1304080794746323,0.0237421500528406
1007,0.4125692883726309,0.0085345059069641,0.1969668520842498,0.0194397194772628,0.1272562904246326,0.06044343672104,0.0212966733495703,0.0052441775908857,0.1803777162576763,0.0194226066082724
1008,0.4183648256200507,0.0626231416750516,0.0001682654548944,8.666973691623436e-06,0.2261088368417118,0.0033597417732308,4.457967318822327e-05,1.5567908143236242e-05,0.0002657029263387,6.308408572542823e-05
1009,0.4401790984884473,0.0342345476878002,0.0001214693039266,7.084377145650018e-06,0.1754606163137194,0.0051942936414233,6.482954253511366e-05,1.6925528483635537e-05,0.0002458969631996,7.453054240536497e-05
1010,0.4734202450419258,0.1026947517498738,9.380198559943896e-05,7.724346732309142e-06,0.1614501265330389,0.0054297137030771,0.0001293193857353,2.709207010220545e-05,0.0003416554192205,9.061111522063635e-05
1011,0.3599303684220876,0.0681014525482497,0.0003047533908469,1.4740184513668566e-05,0.3054534480181402,0.0033855249811731,3.412220096281009e-05,1.2287896637929746e-05,0.0003053072600323,5.469212717163131e-05
1012,0.3864581229466807,0.0067704561243634,0.2336074137412284,0.0186580632553169,0.1240740120364197,0.0567898098807564,0.0137245697186123,0.0038686888305258,0.1445420575706835,0.0186029852053054
1013,0.1787037350419218,0.0294203138779129,0.0003247239746723,6.937332972172523e-05,0.4624931066112778,0.0110172591176409,1.7953395117935023e-05,5.879643915111592e-06,0.0004606124557424,0.0001330482139821
1014,0.1505320273913661,0.0072623398827938,0.2690214707532351,0.0096426018948422,0.1641849745270983,0.0813185186804442,0.0113407226820412,0.0031029317043015,0.1583378650564018,0.0096228952914206
1015,0.4212239918110166,0.0058195021439429,0.1490317570885277,0.0147442160633773,0.1232634378514093,0.0539183374596722,0.0091671201832347,0.0033280483908102,0.1412391817429818,0.0147101717958768
1016,0.0430925560348717,0.0047203019091816,0.1857083781917785,0.0574526643682798,0.1320221788094903,0.063799396297327,0.0198048045029595,0.0033583826393523,0.179689944581194,0.0570030717896639
1017,0.0007544956857564,0.000426782767993,0.0280292208281944,0.004271543896086,0.0143109793908093,0.004036367476832,0.0007161994556597,0.0004985450298301,0.0074194115850442,0.002383966318579
1018,0.2058547244825899,0.0066064859345225,0.1766524653045462,0.0104378092000897,0.1600075150102804,0.0815121216749623,0.0094417022538592,0.0032530645927979,0.1375487816724215,0.0104079007903802
1019,0.445878029219682,0.0466684201699282,0.0001139851715908,6.514079139316846e-06,0.1656768152704582,0.0039686349218199,7.673622693362301e-05,1.8155666927074952e-05,0.0002655923730755,7.227527567975488e-05
1020,0.4285258362609949,0.0073368551746257,0.1827492149550518,0.022973652099764,0.1416968993449753,0.0693850348909054,0.0147912706862423,0.0043320410126767,0.1467067376493274,0.0229052737786338
1021,0.0018731120923308,0.0013744579325599,0.0270663093843721,0.0073666687858885,0.0236669261993319,0.0070103521421501,0.001658659132883,0.001245939449721,0.0111197864282256,0.0037707523401559
1022,0.0017274132841471,0.0002785298225715,3.928395795563908,0.0054331490862744,3.914528794991136,0.0034416927763183,0.0045018273043977,0.0003786163835209,1.6418036267207512,0.004463592965651
1023,0.0016313013141274,0.0011496477448202,0.1951041913883758,0.0679369670253158,0.0547761130555366,0.0117511858118038,0.0016275086547661,0.0011579665161315,0.0569895039249913,0.0102056981857403
1024,0.2539907346525318,0.0587382507197114,0.000123950190817,1.4291853336468855e-05,0.4911713028153899,0.0048137994003105,7.47064576175048e-05,1.3146104816584788e-05,0.0002488815098364,8.264419144519487e-05
1025,0.0020096036239293,0.0002802941040973,5.081976787879245,0.0055001011512083,5.050823276752388,0.0035487604579264,0.0051606453341624,0.0003792188126157,2.05141291633288,0.0047350446352601
1026,0.1759339413051325,0.0584228800042826,0.0001754709744435,2.626417316666916e-05,0.5051000290144206,0.0064279911335488,6.978323409799571e-05,1.661019291725945e-05,0.0002131842546543,7.758818896845695e-05
1027,0.4390754556587465,0.0605866418597149,0.0001226028304865,7.51746958349938e-06,0.179875246821636,0.0052595425375273,0.0001449235062751,1.990645608442776e-05,0.0004373035458021,8.177674932320693e-05
1028,0.4206008788611596,0.0565899654114795,0.0001647740888774,8.344734372760152e-06,0.2230065472067893,0.004223601402224,4.75234077424144e-05,1.733137274142856e-05,0.0002691811183517,7.656341325494198e-05
1029,0.0018167387997976,0.0002804420119189,4.895421631827426,0.005448213977251,4.873859648277225,0.0034702690948004,0.0047137738031817,0.0003803211104274,1.976259413222829,0.0045719304050481
1030,0.2172705160740191,0.0090091802000927,0.1860351658383491,0.0092074119041754,0.1707083486554449,0.041367496550614,0.0117131907854619,0.003353752660074,0.1563071147765112,0.0091819131734859
1031,0.1377137279674573,0.0069825755849039,0.1666792763254027,0.0116770759496466,0.152835871934959,0.0676570433621156,0.0119274541149926,0.0036839606533399,0.1455920626065722,0.0116582002485108
1032,0.4792831333037406,0.0399211327009733,8.894904032453232e-05,5.08016542247139e-06,0.1630707865379971,0.0046765938046491,9.38115094333789e-05,1.7093748195736605e-05,0.0002484228211924,8.816929033141027e-05
1033,0.4289618329404314,0.0541056323427429,0.0001342330250019,7.91907430532044e-06,0.1955757457193032,0.0058090296678443,0.0001289198968618,1.9687441387952924e-05,0.0004123881911915,8.824042892365721e-05
1034,0.2593965328258157,0.0076533054527906,0.17803451971887,0.0131149819056087,0.2098374685005297,0.1137769544491619,0.0135833793391895,0.0039290886326118,0.1312452528855728,0.013089952468159
1035,0.4162848977883214,0.0074783532690801,0.241258596114203,0.0163521795012061,0.1417079487662489,0.0647445072841485,0.0130612376309804,0.0042340454202423,0.1456034057170091,0.0163280354485375
1036,0.0023933050187086,0.0017636635280087,0.2801922397921537,0.0901122678691907,0.0963050503586217,0.0202170551548474,0.002052555414778,0.0015214468444399,0.1080391951803775,0.0178431434854581
1037,0.181639825682859,0.0078065961840885,0.237647818952817,0.0183628356036444,0.1629718302245496,0.0682754996155873,0.0167026356009798,0.0042507787139366,0.2055994255501,0.0183148304788781
1038,0.0204063184254981,0.002356824018326,0.1912885885261038,0.0560940187459833,0.0851719329893664,0.0353214369980111,0.0192268103717222,0.0021581889736735,0.1322343679632838,0.0542921471030447
1039,0.197612351947139,0.0075911468804762,0.1827430840825488,0.012309685924101,0.2916762048344204,0.1614190314557832,0.0127495078908968,0.0033902256040788,0.1134076373347394,0.0122672813093034
1040,0.0008507435080372,0.0005821006549007,0.0467152308379225,0.0107097773355333,0.0166542590364452,0.0042748975994445,0.0009955649054322,0.0006642565897977,0.0105849245970137,0.0032521146300971
1041,0.4238328391140492,0.0473067175153832,0.0001609471457768,8.131315536319506e-06,0.2201020497457186,0.0037938576952532,4.825472527212861e-05,1.2037760439069492e-05,0.0002910347510562,7.740045308416952e-05
1042,0.4451581790694944,0.0488949206563606,0.0001245308681694,6.616965755352171e-06,0.1771377705012367,0.003818428417812,6.14279068231182e-05,1.5824380949495164e-05,0.0002521332272041,7.97844672804651e-05
1043,0.3316117252108602,0.0761175279825787,0.0004152806264501,1.915718712379968e-05,0.3715435880826476,0.0042957380193333,4.417000910599772e-05,1.7913398816973284e-05,0.0004164407708746,6.64280563768633e-05
1044,0.5398943831255733,0.0332977847305262,5.290921492757387e-05,2.9426306688777437e-06,0.1409296308097887,0.0085926850800727,0.0001154132553296,3.8551769183632495e-05,0.0003151608557053,0.0001305351655973
1045,0.1729515448799913,0.0084253681195593,0.1680161564107959,0.0098361259484578,0.2080621313374698,0.0882605553430251,0.0131739471061054,0.0035175844624528,0.1512211737189288,0.0098172270797527
1046,0.3638774874983321,0.0665753231011216,0.0002930434373328,1.36356076864071e-05,0.2917662192251292,0.0053854010680863,5.723141010476526e-05,2.7085509149821946e-05,0.0002936371747391,9.28921283780396e-05
1047,0.4904953287950448,0.0278450699064155,9.07170400184029e-05,5.026521808646791e-06,0.1628219114288267,0.0064343254010556,0.0001004560077991,1.997878468222803e-05,0.0002323336446177,8.57370092430992e-05
1048,0.3962335346481477,0.005290260619521,0.1618939440093356,0.0163809158145111,0.1395621462602066,0.0608692526871596,0.0132182677767855,0.0032401828466449,0.1278714253971167,0.0163432642476041
1049,0.4112602206062034,0.0550018500296447,0.0001674387309931,8.785184840508264e-06,0.2357031329697263,0.0040595035216209,4.231812692566573e-05,1.5642461952349237e-05,0.0002847981051948,7.766901388565481e-05
1050,0.2070812331069194,0.0072838133303682,0.2069009093450735,0.0940496131869433,0.1611785199317804,0.0726343868708836,0.0506439870747611,0.0053907149504135,0.2021457573915462,0.0932119668903443
1051,0.0041190547872779,0.0016137414233444,0.2174573141219284,0.0418946670413366,0.0928833373159974,0.0241379455673585,0.0053577931183423,0.0015412850390421,0.1334804219478175,0.0397188801084767
1052,0.5515892299676389,0.0366782668814822,4.257534237035276e-05,3.158481227705329e-06,0.1325038226411589,0.0084306210963833,0.000116023003659,4.056399360268449e-05,0.0003215484050284,0.0001453424887896
1053,0.1766592254168003,0.0096231256632326,0.1134958078449328,0.014139690339074,0.2043947021070909,0.0691465989650393,0.017849769966752,0.0043868209156718,0.1059927337382533,0.0141014045746241
1054,0.4364586621183734,0.0526694778458887,0.0001424706175788,7.404796467451884e-06,0.1991449867759438,0.0034602521169643,5.574921846110175e-05,1.3616817959843985e-05,0.0002470555836379,6.850961429037274e-05
1055,0.4109693700356571,0.088005605401294,0.0001589556770011,1.113227589478492e-05,0.2244212753040782,0.0059806744775395,9.029507445628916e-05,2.170695103862209e-05,0.0002724997672149,8.892487729229203e-05
1056,0.1879357202420527,0.0089110807732724,0.2508866591853405,0.015260301580466,0.1941391728495739,0.095486144447043,0.0207326723762315,0.0047404055023682,0.2238005757447047,0.0152165406898626
1057,0.0026351385708402,0.0017513769970451,0.4361305156350988,0.203042365890793,0.2291107015557355,0.0493363496280861,0.0043661960466432,0.0014876567473915,0.321925607256386,0.0755492030198721
1058,0.4366519088426566,0.0450955514028756,0.0001242172877658,6.984823619354441e-06,0.1815299039765601,0.0042853257066121,6.618641308734252e-05,1.4690347011783324e-05,0.0002472556275435,7.63914187971294e-05
1059,0.0434070001098675,0.0035569880953191,0.1356468797648433,0.0674831546997484,0.1316576429251,0.0540045317065719,0.0292873982699093,0.0032750979734579,0.131896496517732,0.066081769601775
1060,0.1259890054795744,0.0073545966337012,0.21670526235855,0.1033032792597651,0.1660076585550435,0.0847718484972867,0.0415603121369635,0.0056978314001953,0.1988948664518003,0.1022862227448351
1061,0.1936895236920221,0.0083241077283497,0.2222489039706073,0.0085585205355822,0.1377227713325589,0.0440864413891039,0.0109945681846236,0.0031531817531878,0.205711624991039,0.0085401655082824
1062,0.1733846545910222,0.0096395156945858,0.2318800498916865,0.0087784729736442,0.192619794121616,0.0297533428941887,0.0144690412912102,0.0033382905726508,0.1473758508426947,0.0087451282118397
1063,0.4394047735317342,0.0579873909740441,0.0001407800580873,7.125661347091613e-06,0.1941233776590032,0.0034714227344746,5.998879615427963e-05,1.8087615416702592e-05,0.0002467355817909,6.782038877714935e-05
1064,0.5302461003055386,0.0272953693477059,5.172020638410625e-05,3.291949435892863e-06,0.1395507638829907,0.0103078929320109,0.0001058411174918,4.042503455818225e-05,0.0003303934629894,0.0001353983795381
1065,0.2536845797613565,0.0067705349165626,0.1654193537190303,0.0190864071670364,0.1131789083980051,0.0501121166208511,0.0155595046396421,0.0043039897732237,0.1336230359764796,0.0190523589296365
1066,0.1950514613326092,0.0095980150256061,0.2285400130479782,0.01426409217323,0.1945452622741801,0.082878363718829,0.015445447755983,0.0044111035087971,0.2176513010575648,0.014227920173321
1067,0.0832760964441053,0.0055187598197436,0.229288444883312,0.106860636316751,0.1601793077826951,0.0759413771193468,0.0455729566349725,0.0045902889707256,0.1872800401047331,0.1054111333386873
1068,0.4750769551986353,0.0308669245877706,9.131182271806828e-05,5.921202685724569e-06,0.1685329284204701,0.0045898493137678,5.904074529407669e-05,1.254796317506738e-05,0.0002202470624809,9.152721601495372e-05
1069,0.1703600575289724,0.0351025542508417,0.0001778548164837,4.040741313156901e-05,0.3527795448827385,0.0064710106246542,7.115080201125867e-05,1.6160442313672835e-05,0.0002599057792067,8.120879433481715e-05
1070,0.4065867431565287,0.0641458187733478,0.0001883626222704,9.312924025694984e-06,0.2423442608325322,0.0033341312657733,4.019684391835951e-05,1.4760102667755397e-05,0.0002724771900587,6.41473289189413e-05
1071,0.0007441799199993,0.0002885991466271,0.1786971511824173,0.0057337441542714,0.1759662183029072,0.0042361541224085,0.0013600641411413,0.0003837983878647,0.0671420703328853,0.0031009904659823
1072,0.4074563855388461,0.0571192187012328,0.0001652209174045,9.362011255931726e-06,0.234184601227145,0.0046426715877097,0.0001103456663938,1.6405521086763894e-05,0.0003477066430031,7.53139299656079e-05
1073,0.3905855594790995,0.0575935155639225,0.0002284648285764,1.106213803565954e-05,0.267496355005498,0.0035825031454306,3.355539822327938e-05,1.3380254930250846e-05,0.0003046332713459,7.622816445683722e-05
1074,0.0233150547624816,0.0021640794851339,0.2511594494075419,0.1485495678212713,0.0647785490620525,0.0292407617077788,0.0280349067680349,0.0021111761257744,0.2426823147942676,0.1404557555846192
1075,0.2675271853096304,0.0083232286650604,0.2791025104021994,0.0274030903762258,0.1564168471858791,0.0611637627545343,0.0185474507875799,0.0057291196723313,0.2524010893049781,0.027352542693195
1076,0.0024789808781113,0.0008319111764671,0.3797399886306813,0.2154094172384575,0.1845224304248899,0.0371291356450645,0.005534334097121,0.0009283498958157,0.2030891412460553,0.0421091874527586
1077,0.3930256020607429,0.0626815569598368,0.0002214323535688,1.0654975151997164e-05,0.260745037188837,0.0034002265040737,3.718946027018545e-05,1.31964835301077e-05,0.0002944565384554,6.883909080222241e-05
1078,0.0016178605515408,0.0010647589697318,0.1291538101990476,0.047566927218229,0.0524534071408735,0.014862916534774,0.0023461991312972,0.001113828324173,0.0610697582947454,0.0167132317737721
1079,0.3897101101462816,0.0557936890022482,0.0002326497252399,1.1348377648164768e-05,0.2693835440206881,0.0038836882467661,3.2129192916607057e-05,1.2194599618385975e-05,0.0002877012792225,6.916262973188299e-05
1080,0.1685544551531564,0.0101811686944741,0.2371021117614961,0.0097338041968715,0.1748274761163017,0.0467023352114642,0.0174462408069365,0.0040747653810425,0.2266322421625465,0.0097148643390085
1081,0.3715988913301604,0.0653107114853701,0.0002368612271767,1.3354953020417377e-05,0.2804174480289067,0.003853488330783,4.205320925125533e-05,1.3952742803196356e-05,0.0002432374402786,5.97506688742167e-05
1082,0.0019810885560487,0.0002828124717169,5.829897652977437,0.0054865327459876,5.795612447181608,0.0035403292039476,0.0050998880799986,0.0003832581139593,2.2941207555764485,0.0046691734883256
1083,0.0516125300374432,0.0040060342340158,0.1585137914614854,0.0358735323952645,0.0870216826499817,0.0444663056378084,0.0197295301779771,0.0034558654421471,0.1232238739834713,0.0354596694239479
1084,0.4354703120724466,0.0542246679048657,0.0001455469154062,7.353837926138189e-06,0.2017233262132794,0.0033957459060772,5.420069531878909e-05,1.4000621984477506e-05,0.000261863823371,7.303483773548094e-05
1085,0.4005664888916392,0.0077791712928078,0.1756107604964232,0.0153081753056716,0.2050328374500271,0.0615314429599395,0.011795315608599,0.0040203438103722,0.1474835508307602,0.0152855313695282
1086,0.1703256540598685,0.0202759470302303,0.0005045720368541,0.0001378129502038,0.3361272967071268,0.0149673186716372,4.50380136739655e-05,1.648698650868048e-05,0.000455242502549,0.0001786687740749
1087,0.4757980491974573,0.0431925979767832,8.917569727275207e-05,5.099025885708056e-06,0.1644824661648176,0.0041489062585061,9.154369507672927e-05,1.7602142870416644e-05,0.0002391388690106,8.328850014467464e-05
1088,0.3182183454489539,0.0741038496143593,0.0004996899374302,2.2643642481407397e-05,0.4491540555018187,0.0049480516747997,5.772268143912538e-05,2.1073629855365607e-05,0.0005010885781026,7.517930298425043e-05
1089,0.526446754663824,0.035792834310168,6.274287924171987e-05,3.4498654293898893e-06,0.1446754290473711,0.0063180754246791,0.0001134319982409,3.298240055141805e-05,0.0002390649259104,0.0001129556810731
1090,0.4343201400704646,0.0741625747805995,0.0001254994936144,1.0320856466612384e-05,0.1836643253960413,0.0060274211275192,6.261078353485677e-05,1.6659443812975676e-05,0.0002509916646735,8.271752461878146e-05
1091,0.5454928911928889,0.0347233639072304,4.851841965396288e-05,2.7195495530100187e-06,0.1375952411233489,0.0101307370911969,0.0001233505733123,4.956156794707388e-05,0.0004108107922264,0.0001584987443836
1092,0.4877022309246753,0.0447370223378254,9.249843908363248e-05,4.9408114551371295e-06,0.162002907540926,0.0037922964990818,9.47128531118367e-05,1.704544445802365e-05,0.0002318650545963,7.99578515417245e-05
1093,0.1305160021436167,0.006994854096507,0.1774041512668657,0.0126770026660796,0.1487298607270851,0.0692105882339043,0.0108729408505015,0.0035376598347917,0.1518978415568559,0.0126418483855507
1094,0.2733403252693754,0.0086291263565093,0.2280966604465032,0.0109651785976005,0.1853905864801453,0.067070670835834,0.0125041034779294,0.0036493466584424,0.2006904447331743,0.0109322703998517
1095,0.0039898223812611,0.0010551722619415,0.1450220939487067,0.0780357862022127,0.0649133132277736,0.0225137062037784,0.0067551273591552,0.0011669453476657,0.1155192261880324,0.062676996889354
1096,0.3947763193382426,0.0603531771154698,0.0001821948122992,9.957387780150524e-06,0.24334617083767,0.0034106229746672,4.157797369834181e-05,1.2929511402544172e-05,0.0002663480045938,6.424099397303412e-05
1097,0.4458194280479581,0.0509539421068965,0.0001179717547399,6.583615312969965e-06,0.1679334415111328,0.0044726416187041,6.418874352284383e-05,2.169726743623225e-05,0.0002268783653312,6.841009269333833e-05
1098,0.0009771104477072,0.0006290743432602,0.028403889766979,0.0068530580281557,0.0152974803856183,0.003841282492023,0.0011925393931169,0.0007025657213851,0.0102446394129155,0.0024751048038395
1099,0.3772522265867419,0.0628237529431569,0.000226506630361,1.197968694310196e-05,0.2702931245785422,0.005340884325072,4.860166433426573e-05,2.24894771503791e-05,0.0003048735519781,8.757300583444938e-05
1100,0.0242108588873094,0.0026609319036886,0.1982040922758864,0.0618491913504181,0.095105795221722,0.0374126336369329,0.0216925372025585,0.002468041505013,0.1355733438647097,0.0599088081541696
1101,0.3561879950408063,0.0663420413644725,0.0003147978749343,1.4658950050350355e-05,0.3052760583147601,0.003999311706799,4.350160848668763e-05,1.5672476681659743e-05,0.000315464935696,7.114448609199034e-05
1102,0.4513854941546441,0.1189964864383657,0.0001076804731288,1.059405053720912e-05,0.1640988109412015,0.0058749855140473,9.248285571485028e-05,2.1224891284569985e-05,0.0003232379497944,9.045976951871804e-05
1103,0.0272416583420881,0.0034559193842201,0.2101928636642806,0.0492806531083178,0.1055507553578516,0.0473361616080084,0.0171537335635799,0.0026601884237005,0.1385817088196918,0.0486222970144835
1104,0.447959594509444,0.0526311828048073,0.0001242471750988,6.596243733625014e-06,0.175699637056892,0.0029691991425611,6.39147871766293e-05,1.267425474260124e-05,0.0002476958337735,6.982062892057854e-05
1105,0.1687305031212941,0.0082329068902065,0.1836712991970799,0.0147062416111461,0.1922544027157753,0.09216965464102,0.01056279708832,0.0038481038240458,0.1364474594663112,0.014659124133168
1106,0.4918013890424643,0.0419811458759516,8.872459079286289e-05,4.764186260737906e-06,0.1605767398599347,0.0040192714360858,9.71100637779426e-05,1.867597281453292e-05,0.0002506273872304,8.045267491218209e-05
1107,0.1503194886860108,0.0072874912664569,0.2010502295909994,0.0127679854151353,0.2691694446991286,0.0573809000796564,0.0116807397882339,0.0035511981285567,0.1487778462524735,0.012730544138173
1108,0.0016029816410584,0.0010921179001227,0.1569315314534764,0.0434157553898069,0.0400650387958567,0.0085367021360718,0.0020070402283355,0.0011411137998446,0.0490606448624165,0.0111858072029914
1109,0.2045341153695361,0.0083543763376875,0.1522088388622209,0.048165101738161,0.1424346493922116,0.0736704608205925,0.0217229529688577,0.0055714889996119,0.1477607237509975,0.0480105866693241
1110,0.1475531198264646,0.0249562434408655,0.0003848089428359,9.61851145366132e-05,0.5325685573542916,0.0075342594446612,2.2767420763400973e-05,6.4681760095751225e-06,0.0003793117679718,9.303284896617832e-05
1111,0.5888421436696726,0.0078520570246801,0.1283538340226753,0.0245430432906459,0.1720065434285381,0.0842888849397011,0.0132600586842456,0.0042599348188567,0.1223259797944911,0.0245166587713935
1112,0.4382843954956431,0.0471691625975983,0.0001391206765909,7.234963798166236e-06,0.1960300442628592,0.0036312160694192,5.685434642367714e-05,1.317204201912134e-05,0.0002624467069386,7.354963969458145e-05
1113,0.0504927060423323,0.0031133109085352,0.2003167819579938,0.0893915217734517,0.1208664814148203,0.0474998691046326,0.0387549303848235,0.0031460024377409,0.1970024316997141,0.0871770173338432
1114,0.1583610786111196,0.0060988328512078,0.1787752723680598,0.0207633901371206,0.1453158650291655,0.0408224997847053,0.0130662842228588,0.0043438912847611,0.1400667416383906,0.0206970963958095
1115,0.1144754737919204,0.0109014559181052,0.0064084446975083,0.0013571856969611,0.4325698246611461,0.009058182024399,0.0013940919019465,0.0001859354816992,0.0063328855235494,0.0013614595494219
1116,0.3996096931462261,0.0601625556464404,0.0002027761735331,1.020619787244052e-05,0.2528940125463999,0.0038419094789415,4.635389151672286e-05,1.3936480840587978e-05,0.0002633597757375,6.43552091081399e-05
1117,0.195619976175685,0.0062348605080095,0.1500276142897586,0.0499655372495971,0.1179267618528783,0.0532548184007327,0.025452691184996,0.0046334217884092,0.1346383987469919,0.049579152012446
1118,0.0016474877511709,0.0011208381676713,0.0250594304111052,0.0060195798461234,0.0211520232172785,0.006468332568196,0.0014475002946759,0.0011177185488396,0.014312332336177,0.0034874105130249
1119,0.5097176530051143,0.0409788910760559,7.581438031825279e-05,4.06926472727341e-06,0.1563959757945504,0.0052617476034039,0.0001133446731406,2.371582380567278e-05,0.0002328237511069,9.870516158889705e-05
1120,0.1319554261154894,0.0156969074242106,0.0004755614404043,0.0001557038180553,0.3021544449831868,0.0290636712080399,0.0001005543584979,2.0939253623650995e-05,0.0004706214014388,0.0002095025800947
1121,0.3072440187208724,0.0788165551456933,0.0005047659422399,2.7676399662665752e-05,0.5034499887047936,0.0045615336739811,5.3411457452981176e-05,1.920121167670944e-05,0.0005140611151286,6.680242058698997e-05
1122,0.4808733908156538,0.0439609660110009,8.785333343400632e-05,5.477759142798172e-06,0.1596733030823632,0.0046708886591002,8.800744369444933e-05,2.2859755818633977e-05,0.0002825609493517,7.891948057870709e-05
1123,0.3945978181823643,0.0645634941656726,0.0002195780588398,1.0547861499280777e-05,0.2596735688086544,0.0038269549159016,3.582341412845568e-05,1.845121141099128e-05,0.0002957371462473,7.712078547531194e-05
1124,0.0007819700296677,0.0002102212259102,0.0285719153144289,0.0050904816147961,0.0218863324294013,0.002275094291685,0.0008902803575361,0.0002648182212126,0.008162326667162,0.0012294114319848
1125,0.0015965731053358,0.0011236566817313,0.2087799527305741,0.0615049674213584,0.0859161912258825,0.0193760555729433,0.0028800075535098,0.0011359800183605,0.0973462862458835,0.0231183147386744
1126,0.2211184211603542,0.0054506841877178,0.2053357401753212,0.042851287541855,0.1104805501916676,0.049062142936079,0.0212937743879608,0.0044006480086675,0.1679972252525574,0.0425486557851407
1127,0.253548053353787,0.0062244486410653,0.1854384252856266,0.0212808584982001,0.1179991792824006,0.0546070655687063,0.0145340713798486,0.0041169961957459,0.1687776940947795,0.0212436513632976
1128,0.4341503746954437,0.0565418369099854,0.0001465756358889,7.557103347880222e-06,0.2054581693326063,0.0035450464122134,5.34835946878924e-05,1.675937612084079e-05,0.0002649727794872,7.482560914528486e-05
1129,0.2294429263503653,0.0055345820374681,0.2601274980564554,0.025092428759089,0.099846227995426,0.0464004746540028,0.0102897394138581,0.0041013522290892,0.1306400083972356,0.0249928737541387
1130,0.1882143437254146,0.0080782963514313,0.2102280067531819,0.0153025436565666,0.2090162520032353,0.0681204990343624,0.0149426201931129,0.0042099314774728,0.1715228597455072,0.0152776699790488
1131,0.4304124950235925,0.0500794119293812,0.0001524757188913,7.78178670292818e-06,0.2151215280069709,0.003850779137799,5.3379129817074176e-05,1.2106382763716136e-05,0.0002848695718933,7.933722537522926e-05
1132,0.0007385970180918,0.0002891488776056,0.3605092238656174,0.0054492608516681,0.3575884797973654,0.0037774158687348,0.0018591639106953,0.0003924567411373,0.1842922963017164,0.0039478573837484
1133,0.4308711052716655,0.0574147875298384,0.0001512731918624,7.690730222606675e-06,0.2095909748447939,0.0033709407010518,5.323506417799751e-05,1.4288263194502487e-05,0.0002728303439128,7.21293983566475e-05
1134,0.4197365700646882,0.0585247337164136,0.0001545683435801,8.59112994181271e-06,0.2212400426366492,0.0039582253665366,5.134116811696732e-05,1.878583751644376e-05,0.0002493034069557,6.186447308207453e-05
1135,0.0007322967729825,0.0002832210485203,0.1807144232433622,0.0053859237071916,0.1775077194674738,0.003661717892881,0.0015992682500217,0.0003826910529349,0.0880653545608852,0.0032634875968401
1136,0.539264038070464,0.0280713100426983,4.637531952812415e-05,3.112449412500092e-06,0.1356606960520806,0.0114906870465979,0.0001485128558201,4.786148093686518e-05,0.0003703247241171,0.0001525176826226
1137,0.0112821307299986,0.0014900789211826,0.3956381155634046,0.2828611424311385,0.1346225558640743,0.084658367952712,0.0173942110475568,0.0014962846907226,0.375519698110285,0.2405340619277814
1138,0.4986642418476124,0.0421620758228487,8.51277806696416e-05,4.4904794122392e-06,0.1625472299778639,0.0059585905694121,0.0001079661008327,2.3119784400523623e-05,0.0003309717860625,0.0001107498224276
1139,0.3286431019240352,0.0414127771956109,0.0001869977147209,1.5208818625755627e-05,0.3879113900544931,0.0037097782040347,3.408110896749994e-05,1.1231941326286013e-05,0.0002942531827614,7.588874781369002e-05
1140,0.5083480507977335,0.0405590434920357,7.667730263235945e-05,4.1061773924713695e-06,0.1565974769298516,0.0054942291646582,0.0001116134780895,2.243469401859983e-05,0.0002587395565987,9.902967511619489e-05
1141,0.4920136781251645,0.0348947498206252,7.975187141665368e-05,4.579242279851887e-06,0.1577854681122806,0.0053929919823524,9.915506231894788e-05,2.1830136824023583e-05,0.0002268667222302,8.78673462812294e-05
1142,0.1544551640017638,0.0350993836926149,0.0004581094391013,8.081269569296099e-05,0.3761910794576052,0.0064801436797731,5.958669405702678e-05,1.3129604793172892e-05,0.0003520999097839,8.637028466484108e-05
1143,0.5562090031908803,0.0324918274407642,3.940590489251325e-05,2.232724917646369e-06,0.1283033840655131,0.0097934052964513,0.0001277563688068,5.608017624089269e-05,0.0004081358106249,0.0001634998808379
1144,0.4598782120732364,0.0821816614119871,0.0001011591350969,7.060598665312448e-06,0.165735612732916,0.0051076686772221,0.0001480087939507,2.13716295431279e-05,0.000439586186812,8.334840191676997e-05
1145,0.2043789019450046,0.0089139026835286,0.219143004867582,0.0096144286144757,0.178857229112611,0.040573037172148,0.0112069601433099,0.003183921755389,0.2121094397256955,0.0095756682439345
1146,0.0018159181230511,0.0013364245767184,0.1358202289691029,0.0207197365064597,0.0263945911271931,0.0068115687917166,0.0017139732322584,0.001241817187645,0.0334967797906769,0.0046392909661264
1147,0.4075796323972135,0.0564540957932464,0.0001860820393927,9.439168065512435e-06,0.2462955195086598,0.0039002340043678,4.234496097327319e-05,1.3750942480117396e-05,0.0002630968466549,6.56429939540222e-05
1148,0.017069069983355,0.0020067001597688,0.1475246639397709,0.0593306988372082,0.0853405372155571,0.0349843061475242,0.0185018945841724,0.0021269285601401,0.1353590319167865,0.056876159986476
1149,0.1954483158388548,0.0074618717084582,0.1893988696673926,0.0136263713516527,0.1850419819410628,0.0921702676201003,0.0100607008877303,0.0036503085294756,0.1512570432119925,0.0135772672785062
1150,0.0290137601465208,0.0029073292786551,0.2597837226857897,0.0373618611477569,0.113963723351364,0.0501675765138309,0.0191118893435612,0.0024880435692422,0.1393854386387344,0.0369154512397279
1151,0.4351947678833108,0.0395079733220014,0.0001439931908278,7.557664994917002e-06,0.1996080644802649,0.0045016094806091,6.085726495085938e-05,1.489524534628056e-05,0.0002479394285818,6.717548872841407e-05
1152,0.1666407749605195,0.0380990264216936,0.000967161766629,0.0001969383410398,0.4998196369380613,0.0076519155492948,8.08948901663345e-05,1.8246972350579696e-05,0.0008870141234331,0.0001702516425749
1153,0.0007788126564141,0.0001653282379681,0.0287099104222858,0.0036720867549598,0.0058922590912392,0.0011045203086794,0.0007206240532377,0.0002037514313812,0.0075708375453949,0.0010035145416591
1154,0.0007998493195484,0.0001154368922722,0.027530722056312,0.0039989633514894,0.0112332110280732,0.0016080463530341,0.0007140939455469,0.0001416724243955,0.0074490423650239,0.0011206184148147
1155,0.4535571690128274,0.0468769773390479,0.0001193142421025,6.3350144116370266e-06,0.1679830689774099,0.0034534666549257,6.971440477275736e-05,1.42833646242983e-05,0.0002344250783519,7.556214923047602e-05
1156,0.001798888080525,0.0013772480792766,0.0684868566527369,0.0197338048659476,0.0227893869361416,0.0080544506943472,0.0017084660173515,0.0012175832794335,0.0180383768607923,0.0048475386422272
1157,0.0007333116940013,0.0002975591148469,0.2479138919354783,0.0055528531108852,0.2452156899813869,0.0040515706529938,0.0015235001566248,0.0003995365010721,0.1088592426733547,0.0035361517139028
1158,0.3888825518511138,0.0685215256919198,0.0002345573953442,1.1326704751202686e-05,0.2639318174121229,0.0041376899789516,5.299936917318953e-05,1.610716115122838e-05,0.0002689076047212,6.41577741133439e-05
1159,0.2172105183349649,0.0087552361615007,0.2581854982266344,0.0111532013108107,0.2432689954621548,0.0837719605349961,0.0147446008008054,0.0040161823145962,0.1944371721400655,0.011125549204682
1160,0.1954745501142146,0.0065714155210337,0.1751900039414173,0.0237210513177665,0.1284617450864997,0.0449263857894415,0.0135105690841306,0.0044935205056319,0.1472420980719116,0.0236549913400562
1161,0.0025757216009255,0.001481144710957,0.2982490115101275,0.0901297865023293,0.1075098601763861,0.0364021500846414,0.004062589300476,0.0013478173737167,0.1707539105704567,0.0569892037713322
1162,0.399979773832428,0.0557352752831895,0.0002030627287434,9.866686139405846e-06,0.2525593243418511,0.003359184957061,3.785172498249204e-05,1.1270104873514902e-05,0.000302582297342,7.630613525790283e-05
1163,0.4318158563765425,0.0548292368308737,0.0001497092046925,7.655160135030101e-06,0.208489158814152,0.0038104444318058,5.370520196164976e-05,1.6715019784655473e-05,0.0002828419029701,7.578058299821846e-05
1164,0.4396377999954562,0.0568549187245533,0.0001378139049996,7.181281649194157e-06,0.1925908493724217,0.0039397763414204,5.725749209173062e-05,2.031553315906811e-05,0.0002341537942771,6.729427278902943e-05
1165,0.3888208010887909,0.0639829774754424,0.0002253948417638,1.1301392884399e-05,0.2617674941990267,0.004486686342839,5.02948872513588e-05,1.773929805163309e-05,0.0002602922399132,6.334497395090346e-05
1166,0.2995698111679214,0.0265824104243788,0.00095485831351,0.0001941941931493,0.4176793018639019,0.0111137578813895,5.416070053167179e-05,1.255057091697135e-05,0.0008922827046043,0.0001820424209585
1167,0.48111964371708,0.0093061655609528,0.1991536800875972,0.0235158372960477,0.1401269987469219,0.0712857142488049,0.026726492970643,0.0059433512298562,0.1436797265767475,0.0234744972284887
1168,0.1990330330784969,0.0069553326391425,0.279695783186256,0.0106848511044834,0.1287004109924586,0.0665580340737219,0.0099644989378479,0.0032695807734791,0.1821010531165525,0.0106552064170982
1169,0.431870397120173,0.0491512335318988,0.0001477257084138,7.767672445930824e-06,0.208140081112958,0.0040738567104767,5.2256881329004096e-05,1.6935848278778752e-05,0.0002644203254456,7.013984261730643e-05
1170,0.4742077135967152,0.045526233271684,0.0001012695691796,5.518589272815108e-06,0.1645543674537877,0.0039885701941165,7.881170109802912e-05,1.930323905430664e-05,0.0002042742437808,7.197314652770473e-05
1171,0.2813298482069885,0.0090705229595397,0.1881295345906743,0.0082505877717015,0.243458278196961,0.0350584300438233,0.011587048339387,0.0030500714106047,0.1480839468648864,0.0082217927026756
1172,0.5404784153711177,0.0356298510551095,5.232075251158604e-05,2.859524882702775e-06,0.140369128183076,0.0086919522820557,0.0001133169536539,4.356564611868861e-05,0.0003707703350881,0.0001434416176066
1173,0.1700074660521496,0.0082879636752876,0.2930759069384385,0.0130951134593032,0.1754256434723732,0.0677261222907679,0.0140742951917265,0.0041354838801425,0.2169752863701239,0.0130726850416797
1174,0.0248799797725302,0.0010681887712715,0.0031974426749874,0.0009438395272759,0.3764701334623769,0.0075708488181631,0.000260341808962,2.617304196866283e-05,0.0031726024637456,0.0009629999787143
1175,0.1434379100586278,0.0067827691463206,0.2352888246485891,0.0108971731862346,0.1629194973212512,0.0807787758939264,0.0114000489279222,0.0033565163019879,0.2180484019691762,0.0108707059078305
1176,0.4938814986833071,0.0348761707360742,7.311802069159725e-05,4.322293496057647e-06,0.150802743991588,0.0055998783432512,0.0001019912613811,2.2928514882784108e-05,0.0002312798146671,9.303074614944302e-05
1177,0.0007488866693235,0.0002729624538059,0.0496518187284608,0.005709233388527,0.0472781489698585,0.0034641491413126,0.0010408778963424,0.0003540606421978,0.0146767128505322,0.0018105458060414
1178,0.0029138704299244,0.0023985295147549,0.0520010099335713,0.0131053838203881,0.0361317710658525,0.014939065937371,0.0024365330728879,0.0016919852162017,0.0227697985150533,0.0074248970564265
1179,0.4441455999165776,0.0457950044118025,0.0001166396123654,6.541069640316223e-06,0.1698544702740352,0.0045182202335048,7.08688785046081e-05,1.6445392277100457e-05,0.0002556615412698,8.867918169328785e-05
1180,0.4434463083440873,0.0090384602912937,0.2173380466582411,0.0192277708257748,0.1541474762765805,0.0705228539031907,0.0210071733339817,0.0056176583779108,0.2119945094420496,0.0192158414674937
1181,0.4837493893004183,0.0762038482989878,8.057896471766044e-05,6.820512738504274e-06,0.1604900828114927,0.0066555335162355,0.0001079256541967,2.248159054391366e-05,0.0003650205966719,9.981103119795184e-05
1182,0.0028269420254844,0.0023347804964618,0.0548163304216795,0.0189308212089638,0.0477187960823294,0.0176515912257172,0.0025000909883921,0.0017622066387783,0.0260863737585946,0.009461218218853
1183,0.4221553074208735,0.0607468941941441,0.0001638526823113,8.384057724552992e-06,0.2223758674840474,0.0030574358119326,4.7936377047968304e-05,1.3030360497462637e-05,0.0002661736266032,6.340367409507269e-05
1184,0.1143560287996857,0.0081306145227682,0.2443537839111066,0.0080882712223229,0.1446361317676966,0.0807609942544518,0.0104965824785312,0.0032773231510848,0.2277121107707932,0.0080779279246232
1185,0.4170961583650118,0.0596993168303241,0.0001710474846032,8.569379399466293e-06,0.2272191069746893,0.0042997275629789,4.528581725778055e-05,1.9340248168165503e-05,0.0002616262977267,7.477152623217568e-05
1186,0.4405795767594966,0.0545844592839281,0.0001371347521014,6.954688638885401e-06,0.1910413431861722,0.0029565875389826,5.767316403763864e-05,1.3067718311361584e-05,0.0002616732836484,6.923766029717169e-05
1187,0.0016591736315139,0.0010876608196338,0.0238075399738945,0.006006666938893,0.0204001218659452,0.0067492062949897,0.001443315826564,0.0011347937331369,0.0101107267168332,0.0035678598908842
1188,0.4794064670644106,0.0368921021122363,8.58221578506082e-05,4.967979998011725e-06,0.1614355780613859,0.0048058039991911,9.266150706861912e-05,1.6659329798829482e-05,0.0002511286874082,8.774888393034881e-05
1189,0.4559510319289108,0.0509720705528426,0.000118556833429,6.302675992303699e-06,0.1668424654055972,0.0033332495138818,7.256794833797797e-05,1.715939069554115e-05,0.0002215913466159,6.631749491200669e-05
1190,0.4289746104536525,0.0534676526377221,0.0001370558276958,7.624899764969049e-06,0.1987194366727642,0.0040511956042124,5.22848867893675e-05,1.69099253612376e-05,0.0002467371305596,7.112792914648196e-05
1191,0.4793777939835875,0.0907221713991812,8.798099273864125e-05,7.834711066317824e-06,0.1620414837220671,0.005223747258728,9.711654445819962e-05,2.2569534691204958e-05,0.000377400762041,8.794614930108843e-05
1192,0.1674200836073303,0.0062932969746873,0.1708494392140109,0.0233057952659335,0.0892869534111455,0.0447775257949514,0.0127076963985216,0.0045289369674927,0.1388866091538555,0.0232151269870443
1193,0.5356347166580115,0.0349085186588857,5.154941801925801e-05,3.0109314693047302e-06,0.1418378791452208,0.0066545681899691,0.0001138533604537,3.238367703306992e-05,0.0002985041094112,0.0001178966467757
1194,0.4157591865626466,0.0569164313225345,0.0001737046691008,8.688685955465287e-06,0.2321105873753238,0.0033762321532392,4.441166415427661e-05,1.4371179534220114e-05,0.0002920695775288,7.68345635240965e-05
1195,0.4577826871923305,0.0426551676451815,0.0001019288023131,5.91813219537899e-06,0.1636472094764121,0.0040137801176505,8.068072089694166e-05,1.5754399673691216e-05,0.0002277106376014,7.591752015933581e-05
1196,0.0007615995394878,0.0002980170297271,0.0757552504917243,0.0056623093529655,0.0729277154331933,0.003892686696058,0.0011154837029669,0.0003933721988834,0.0208331698482598,0.0021176528010924
1197,0.0014398014037187,0.0009373255794466,0.0250731999728769,0.0049176180918223,0.0205563242375393,0.0053703322509556,0.0012829582591672,0.0009771878276162,0.0083908092039495,0.0028473422854359
1198,0.4574808600349571,0.040250658970985,0.0001157348357092,6.091894129769729e-06,0.1681622526245269,0.0043468282646977,7.322740070346651e-05,1.3671975203583089e-05,0.0002509292492492,8.21072512117174e-05
1199,0.0007572498443548,0.0002750579988079,0.0422350141043809,0.0055574924738485,0.0400513340682857,0.0033190347772327,0.0010045799046902,0.0003561210992962,0.012417159295879,0.0016420242161675
1200,0.5568213876214104,0.0316462593229779,3.311523925096184e-05,2.127433435173401e-06,0.1256222586074803,0.0107072146611869,0.0001604932014087,6.447642119519664e-05,0.0004507566317016,0.000178948432471
1201,0.1007356980624876,0.0070095244574489,0.1989809537323645,0.03351145682982,0.1170284287155409,0.0556740399521839,0.0205388434477852,0.005026772300416,0.1661810620797843,0.0334107438015884
1202,0.1685824965036121,0.0082013516982387,0.2531950057675778,0.014634820465855,0.1441892854621817,0.0735631329823136,0.0123839034240286,0.0040748203768087,0.1707665993198433,0.0145826623680733
1203,0.0028619319966898,0.0010283646441862,0.3055874747625164,0.1466211025800718,0.1716158741725817,0.047923073171592,0.0060205967156217,0.0010903850950795,0.195732119462897,0.0607097097922616
1204,0.2199904927314196,0.0323079225757317,0.0016912386142588,0.0003115052986006,0.402256815858885,0.0069589361410961,9.13421750452072e-05,2.149328756977461e-05,0.0015920766670159,0.0002917933790701
1205,0.4837475553746793,0.0596588689939652,8.44783470648573e-05,5.54370783677883e-06,0.1615378433407456,0.0069959205068911,0.0001920135745874,2.376860488360241e-05,0.0005653756956467,0.0001084676780109
1206,0.1914751745623153,0.0062522849169933,0.2059108893269086,0.033719298276893,0.1084406892531215,0.0472045216411045,0.0143846294669571,0.0045875450556607,0.1403864603940019,0.0335067206068549
1207,0.1377992192311534,0.0078057300671232,0.2846708957624946,0.0081473266983994,0.2279082006630469,0.0844641607309218,0.0099476549480429,0.0030203293417414,0.2501240413756053,0.008138660149616
1208,0.4001589419832233,0.05917817506399,0.0001772298288628,9.394356604216656e-06,0.2415671455435504,0.0036307868039927,4.1150795623943584e-05,1.4302050938979514e-05,0.0002689605957752,6.861030296982944e-05
1209,0.4358318818323829,0.0559462504343772,0.0001422921049284,7.4056891442369715e-06,0.2009626347662685,0.0033577512309481,5.321142545297988e-05,1.6438326875702267e-05,0.0002656072806364,7.396766933206952e-05
1210,0.4488629140921507,0.051179172219634,0.0001307253523233,6.76389796513929e-06,0.1897194053805835,0.0035622677096797,5.912538357452695e-05,1.4668709649837428e-05,0.000216027895391,6.885827575936207e-05
1211,0.4533754210517176,0.0482977731903781,0.0001179999078543,6.257466357695402e-06,0.1683452973239116,0.0033525640625044,6.863933049309665e-05,1.391531633719024e-05,0.0002422405224166,7.711170073697555e-05
1212,0.1928118623882329,0.0060937044064456,0.1703432049099223,0.0209997408747413,0.1062173708153864,0.0473305108844899,0.0121571485808232,0.003666789880675,0.157349111655583,0.0209638577967118
1213,0.0431498024809775,0.0037087889005858,0.3917659421686431,0.0268747503461318,0.1864017567432687,0.0422629901406102,0.0156116890238912,0.0030305410142348,0.2732769852013609,0.0267432499945116
1214,0.4772218850503211,0.0460140511161511,9.925401773694464e-05,5.327480650435695e-06,0.1643720674638313,0.003518364673369,8.643465619232996e-05,1.524474875373307e-05,0.0002374856840386,7.895742422885503e-05
1215,0.1021025480073575,0.0057238751188221,0.2076489241217727,0.041522395251369,0.1196605753227804,0.0549308962851563,0.0216916216950729,0.0047572424771907,0.1304212300246336,0.0411988104558853
1216,0.0010154117192332,0.0006553362975071,0.0404378427980056,0.0078072935322718,0.0148445195902554,0.0040724367728727,0.0010339668619927,0.000730811993221,0.0114369383012289,0.0025304168709892
1217,0.4034316113962607,0.0609530703560985,0.00017374924253,9.41811653518792e-06,0.2385577262421489,0.0032671057281683,4.612403734312959e-05,1.4013473976851551e-05,0.0002731557302264,6.745738330483392e-05
1218,0.1816914327600199,0.0266471592713754,0.0001386397542478,3.361935873287881e-05,0.4623133696750353,0.0113751039888148,4.307521801746315e-05,9.567447758425774e-06,0.0003287206141135,0.0001130248042041
1219,0.3619968243206654,0.0699101237293542,0.0003004839949017,1.434787178814687e-05,0.2977961521751097,0.0033937148482996,3.48113130632628e-05,1.3006443416014315e-05,0.0003010970146478,5.468152319837273e-05
1220,0.0010892317938711,0.0007022614737888,0.0589715901961661,0.020705498350475,0.0187832515528959,0.0055776912104649,0.0011192903645248,0.0007739635182843,0.0217794058663514,0.0044757469429683
1221,0.0016237294245198,0.0002767655203779,4.205334987472353,0.0053818289185697,4.196158086155864,0.0033884255167976,0.0042621930341115,0.0003787564279664,1.7485477602887072,0.004290054451236
1222,0.0935702274950339,0.0101872100177958,0.0009185736612279,0.0002148401765085,0.3493470706339608,0.0240060418229525,0.0001174788655903,2.716383301060641e-05,0.0008788189888701,0.0002223698379706
1223,0.4852415910168701,0.042209057067459,9.374333860537674e-05,4.973890835013719e-06,0.1632779865989692,0.0041779603421892,9.543815761492724e-05,1.6098504648373675e-05,0.0002551237207376,8.44047825269224e-05
1224,0.5285570983418719,0.0383224675162974,6.148995851164756e-05,3.294785117785588e-06,0.1444077952910502,0.0065205690452705,0.0001186606241637,3.1164424264893754e-05,0.0002871404583385,0.0001160827023981
1225,0.468084348200591,0.047898770976442,9.86336713709834e-05,5.5877746936932885e-06,0.163969521149966,0.0036368921519137,8.359935307659189e-05,1.5893691290081868e-05,0.000239287312717,7.894738972938192e-05
1226,0.519239056167904,0.0444005178452015,5.9807637760887394e-05,3.963341972629614e-06,0.1452150222441751,0.005984445485351,0.0001147631149427,3.080750603121435e-05,0.0003678640165684,0.0001099033656251
1227,0.0014690530672575,0.0009844905971351,0.0239227317951826,0.0075109708314268,0.0220977753819501,0.0083082108737833,0.0013246079444392,0.0010082405678522,0.0116300003958676,0.0042784717596516
1228,0.1414400718824188,0.0236447094137646,0.0002286014026545,7.614025941532016e-05,0.3892459806680338,0.0068364141228043,3.368019699840432e-05,1.0893506057920125e-05,0.0004323979967245,0.0001128219600514
1229,0.4442689054716883,0.0386829658846648,0.0001158632333393,6.591586401953873e-06,0.1657057779879694,0.0049471757064129,7.12942566064185e-05,1.8557132683423644e-05,0.0002187270734122,6.837175067978327e-05
1230,0.4344523210348423,0.052407775585308,0.0001471273571557,7.471311668722069e-06,0.2056060026452211,0.00407964201066,5.5409100065271855e-05,1.7775687577795598e-05,0.0002763952034266,8.454384581548737e-05
1231,0.4440021349579187,0.047608903084185,0.000116392580315,6.561570154284953e-06,0.1695117304348586,0.0033526316200639,7.133184454718563e-05,1.3410752509960994e-05,0.0002485970215176,7.67428274781464e-05
1232,0.1870765456822684,0.0064799331900681,0.2199328717684992,0.0532653579399987,0.1449297680339664,0.0705657551059149,0.0278975877626008,0.0048312887055181,0.1525595878852865,0.0529747296942386
1233,0.507817207679473,0.0364733528665145,7.600511228981571e-05,4.217992842821923e-06,0.1529486181188584,0.0058742196718472,0.0001052101970016,3.2781036851129255e-05,0.0002165287680608,9.99325742572098e-05
1234,0.0574140676832153,0.004616033533574,0.1970794866282592,0.0329823322485757,0.1128736263679626,0.0444737524696538,0.0181214926648881,0.0039717867178945,0.1710031680992319,0.0327546145302132
1235,0.0014580266482537,0.0009847260936921,0.1728485825422751,0.0651578539755295,0.0590824762529727,0.012306820904966,0.0018844235041825,0.0010061808854006,0.061286860092962,0.0119311949595329
1236,0.4540627115764901,0.0555770118566657,0.0001075572893453,6.681435647790374e-06,0.1687903222302492,0.006015660585308,0.0001261941620629,2.1386733109582143e-05,0.0003679355308499,9.448821065087548e-05
1237,0.3799726755122998,0.0639343758067202,0.0002613555692518,1.2276706615313497e-05,0.2786953206134466,0.0052148157362453,4.646663228865553e-05,2.239914485586131e-05,0.0002981934774276,8.660204385450197e-05
1238,0.0071442416489028,0.0010123737965535,0.2469061911381776,0.1235041300186929,0.0861669952126971,0.0334666982020389,0.0117404668053991,0.0011388817961939,0.2260686804538598,0.1035801061103077
1239,0.0007553691203925,0.0002829154789214,0.6278250521672966,0.0053780003782791,0.6247854247060456,0.0037147850555591,0.0022130627929953,0.0003857645192937,0.3297706047728121,0.0044658174693097
1240,0.0074512034220874,0.0015940234602896,0.2627470218281122,0.1282601857091716,0.1059788520884325,0.0523436765212128,0.0105225448473019,0.0015135023575211,0.2115518797876232,0.1203812141603688
1241,0.43188569763162,0.0538793007500506,0.0001523128971154,7.6642219534401e-06,0.2115076800417115,0.0035747595543802,5.3138528425036535e-05,1.4319974403645764e-05,0.0002679416267465,7.036397335445182e-05
1242,0.0016088529979973,0.0002753729089027,3.334429572349655,0.005384756706586,3.325290983917188,0.0033890045507406,0.0042276373557242,0.0003749553993468,1.4443198811606677,0.0042921989564557
1243,0.5987703604222631,0.0071427422545552,0.2216064083295883,0.0263973516783113,0.1637729970631955,0.0806498127561355,0.0152834290618257,0.0046672877426186,0.1673402583961062,0.0263478284330654
1244,0.4504705615925132,0.0439746025714174,0.0001084305707248,6.215708773004573e-06,0.1634475200307642,0.0037758694915738,7.621330499888376e-05,1.3883544800335017e-05,0.0002326353769751,7.689492068291871e-05
1245,0.0588471129298686,0.0046396252992982,0.17656327673811,0.0263463045257698,0.0780657027776535,0.0383345371130274,0.0146803216764186,0.0039527339942246,0.166458501374719,0.0261821519152331
1246,0.4662566366182408,0.0416912010919856,9.729688673643403e-05,5.622318552367866e-06,0.1634386118000736,0.004311879717703,8.099457451785967e-05,1.984479145624631e-05,0.0001904362462939,7.227528091385656e-05
1247,0.0019653232244545,0.0014294243898755,0.2781700470105254,0.1404075860873637,0.1278237910893562,0.0402723900753518,0.0024719962284056,0.0013512818299935,0.1463048182576188,0.042435697652307
1248,0.0015713865139987,0.0009524983835833,0.1788794776839172,0.0803298576367372,0.0628126191532545,0.0129183233956013,0.0033941790567006,0.0010287865171248,0.0950755693849902,0.0197054866544142
1249,0.1221800690189685,0.0059660100861953,0.1935342332183022,0.02570492557409,0.1034523078283134,0.0453098813063855,0.014332515817031,0.0046463937691904,0.1641416110721084,0.0255960292776487
1250,0.4276136299382362,0.0401860924338836,0.0001360938620734,7.476676814030148e-06,0.1968642779763761,0.0040616630951423,5.532617558184188e-05,1.2218753447300344e-05,0.0002669154344758,7.442010351532047e-05
1251,0.0016248450138841,0.001086730024466,0.1304336148336365,0.0687117607117881,0.0430519041686846,0.0119549994417184,0.0031502402289535,0.001150666101325,0.0627340058931708,0.0191333928100866
1252,0.0204355273961797,0.0021009670571641,0.3526661041459448,0.230243137206061,0.1518702133047342,0.0507510410628375,0.0264589636313726,0.0020042298767594,0.34321050926314,0.2169893028621844
1253,0.4644203022029997,0.0472920736605872,0.0001056988819228,5.765677645363231e-06,0.1665403275575959,0.0038733990391424,7.538771301286586e-05,1.66244668514945e-05,0.0002330917522687,7.71463597582735e-05
1254,0.5402135073397939,0.0351716509324705,5.212505081439956e-05,2.86985414861326e-06,0.1394742727412978,0.0078100236082452,0.0001099125950943,3.750014793390371e-05,0.0002863259232496,0.0001255300138174
1255,0.5342444727284222,0.0357887434976393,5.801638858489698e-05,3.186592390376786e-06,0.1448924481260198,0.0067735201540802,0.0001202902942342,3.231022359780128e-05,0.0002981636433153,0.0001174984562346
1256,0.0289405175535626,0.0032927569249574,0.2723165233958419,0.0512833385003968,0.1238425200685005,0.0611491299580693,0.0212791900214116,0.0029534228454433,0.2575977655382633,0.0509167255334201
1257,0.1512943291672848,0.0083445208517967,0.221289224661482,0.0117144772809125,0.264761606019729,0.0701352053377141,0.0126643135691861,0.0038638510169193,0.1822754047283352,0.0116930390808381
1258,0.5453906629353239,0.0323796256578146,4.802701211800546e-05,2.754019808055294e-06,0.1352286240666822,0.0081445620366032,0.0001004291076797,4.7461977102219486e-05,0.0003159184180935,0.0001432539320008
1259,0.1305818297639322,0.0060097599967674,0.2453022668587985,0.0200312434634104,0.0898085071076303,0.0410657592624602,0.0129967861973413,0.0040209462760993,0.148611890527233,0.0199802191582353
1260,0.51623564836818,0.0321758480331728,6.961134723245887e-05,3.848041407522839e-06,0.147963493092371,0.0058662131680622,0.0001092873417657,2.846682756548076e-05,0.0001874746923139,9.871578683913692e-05
1261,0.4559191152505444,0.0518302805676661,0.0001177374427152,6.262002509755834e-06,0.1675013364561088,0.0033923203844745,6.717640661256295e-05,1.6032560462158706e-05,0.0002381813197139,7.268871678684934e-05
1262,0.4921139193915183,0.0375223166797894,6.662364898720929e-05,4.448930172950401e-06,0.1454658701791223,0.0045091570161707,0.0001024936327582,2.4012533280171463e-05,0.0002913693524704,8.868532009811415e-05
1263,0.0504971445568282,0.0022939195982757,0.0033153660415778,0.0010728927777776,0.2741358331538108,0.0097084843257541,0.0003170727450198,6.538399346154e-05,0.0032808341615973,0.0011068738775471
1264,0.1436930363063987,0.0079413178335531,0.2271625330711702,0.0135000629009959,0.2299705042231726,0.0684668685907805,0.0179903579334393,0.0041572169900808,0.1462597484284852,0.0134670525092068
1265,0.5534634782601554,0.0324251761608517,4.065568832527499e-05,2.2909128417301698e-06,0.1269552473878323,0.0094357743165158,0.0001249288325676,5.415539681420915e-05,0.0003707788226089,0.0001589022792123
1266,0.521314332475218,0.0371021685847825,5.9530045406155535e-05,3.558724866238939e-06,0.1433954133079564,0.0056155521537456,0.0001055976608535,3.119507810748532e-05,0.0002267236739618,0.00010632290786
1267,0.393485753148068,0.0660153708424366,0.0001909188846729,1.0475762826878162e-05,0.2521427964177778,0.0036463987908531,4.949037305298177e-05,1.455053642009858e-05,0.0002507232559648,5.896452038063785e-05
1268,0.411992061420583,0.0538826968660499,0.0001774905553218,9.141513658310989e-06,0.2411736501972321,0.0031634557790499,4.173568745170675e-05,1.1425711291185897e-05,0.0002705602081889,7.137826892501009e-05
1269,0.3798509934053803,0.065704927490372,0.0002559792798594,1.2155636496507825e-05,0.2728607609544206,0.0042344637374676,4.071185844168714e-05,1.7172984839089194e-05,0.0002948563447152,7.536053039626818e-05
1270,0.5008140941073423,0.0393439740577772,7.105938620249621e-05,4.1871790529326885e-06,0.1489396165578259,0.0047700139501253,0.0001019432882602,2.2007106503114e-05,0.0002218707200573,9.191730897455945e-05
1271,0.2314519585253806,0.0282277749340147,0.0001222023150233,1.5280428866790286e-05,0.5133366852040935,0.0052663246249506,2.866386454642392e-05,1.1078674870519684e-05,0.0002903631252447,9.987003995014517e-05
1272,0.0838631462538901,0.0059294960575953,0.2482125952168128,0.1074706785594343,0.1706861492537017,0.0853435255495569,0.0472188677775547,0.0050211991967401,0.2239536683695746,0.1060835955680534
1273,0.0542157935666032,0.0036473181545654,0.1929411182278555,0.0850572081377179,0.126672264426592,0.0508915535011657,0.0356844183931065,0.0033156592972312,0.1756774004431554,0.0828808559657379
1274,0.0566742941359193,0.0048274938476586,0.3572900517821589,0.1976852666562418,0.2024921493626796,0.0717557548660958,0.0466992748225001,0.0039972443501042,0.3304735344101746,0.1928573545586239
1275,0.4517824560505536,0.0440683275325175,0.0001117753993285,6.232514191733576e-06,0.1691564455060192,0.0036977897524476,7.169478303898818e-05,1.4853348392869316e-05,0.000238677532117,7.224294723707092e-05
1276,0.4250776228587825,0.0504728048011044,0.0001588052747201,8.154802975931737e-06,0.2205750868262144,0.0044251984774311,5.149050308986754e-05,1.4949931497941652e-05,0.000282283089301,8.341925457020961e-05
1277,0.0007576274765206,0.0005456344986955,0.0252535583415355,0.0044310738595112,0.0157501515699875,0.0045450055253865,0.0008604563697571,0.0006228045334009,0.0086965460931489,0.002671416975962
1278,0.2892703002105258,0.0056004438144311,0.2264164633636563,0.0497825294654382,0.1484726845375955,0.0658297555777115,0.0256556842722912,0.00420356040391,0.1728678898274669,0.0494846919021472
1279,0.001678876295871,0.000274737529071,5.557412986198192,0.0053675982142592,5.5455483750793375,0.0033777792042056,0.0043991456483388,0.000377749878355,2.183273455196254,0.0043022569776635
1280,0.0025524988828466,0.0016485753079438,0.1998455913630825,0.0918328955655141,0.1006413511501475,0.0310576392125262,0.0041554176559788,0.0014522814695412,0.1668982292192387,0.0555048521295005
1281,0.5320960102172462,0.0359866350872045,5.244164947891725e-05,3.1093102176768684e-06,0.14207661192749,0.0061084612343187,0.0001141772810482,3.345416840670147e-05,0.0002333398494015,0.0001153310856674
1282,0.0008011881876297,0.0001233633971606,0.0289742224753133,0.0035492266500227,0.0067544987570267,0.0014884914105042,0.0007179730950476,0.0001546679132093,0.007673814943708,0.0009992933300551
1283,0.0007789153758508,0.0002332962787528,0.0322298659556999,0.0054109740953224,0.0297201015457314,0.0025857605986337,0.0009654644246577,0.0002965157622957,0.0107664535844864,0.0015046144180083
1284,0.1914816522050878,0.007656658775453,0.2531753081550219,0.0282890568844048,0.1252650088940839,0.0572865996018812,0.0192110210190215,0.0052219956655232,0.1457988164775649,0.028203926400532
1285,0.5313114748778135,0.0373332580342355,5.955019693722803e-05,3.2289873231573247e-06,0.1434472869628708,0.0061650436892216,0.0001156926406817,3.118675508320904e-05,0.0002239912088672,0.000108862322709
1286,0.1467539817965226,0.0085714607657677,0.222743661337622,0.011282289307703,0.1849184659345767,0.0574431567102494,0.0123592396252047,0.0039372290341987,0.1925677236328825,0.0112588363527696
1287,0.4438868075645769,0.0552584566130001,0.0001351199749895,6.999334292622172e-06,0.1903135642060611,0.0032541445697265,5.996565105723392e-05,1.6395898455195344e-05,0.0002311896724837,6.17274193047446e-05
1288,0.3859663915212276,0.0613991652694297,0.0002012184325065,1.0774825080625452e-05,0.2563905618660167,0.0046696146132455,4.22455210164625e-05,1.8501209761021e-05,0.0002995141041476,7.82347989841344e-05
1289,0.4608079919309097,0.0455508049441729,0.000100361518514,5.901619771006189e-06,0.1662972380830585,0.0042003871945727,8.124805427953771e-05,1.6811725337175046e-05,0.0002390395082369,8.059067915230429e-05
1290,0.0014500760853937,0.0010326953316291,0.1470241825236139,0.0474842874547223,0.0467632725127184,0.010331109087009,0.0023405815016251,0.0010602289740598,0.0518885691128453,0.0123707680965314
1291,0.4378349105549422,0.0481264056026149,0.0001407034803738,7.255626216133008e-06,0.1981712974815847,0.0034245707296306,5.695495479287271e-05,1.1972030996410052e-05,0.0002708525905673,7.361216170890842e-05
1292,0.5079221413478308,0.0418134051859612,7.64972778027176e-05,4.059695985140347e-06,0.1558371365640105,0.0052893267764573,0.0001159094360563,2.3768202379842655e-05,0.0002951824914562,0.0001030610087638
1293,0.4069753199486592,0.0541924769979385,0.000166990935768,9.005507679564784e-06,0.2330980893358398,0.0046766495573048,4.486585859911116e-05,1.7178792789877272e-05,0.0002794449353276,7.64210758834346e-05
1294,0.3903868381641043,0.0580307591836343,0.0001913296771046,1.0462053662961393e-05,0.2539396415950406,0.0039823849168638,3.87391272528524e-05,1.6584223205023487e-05,0.0002812041380523,7.31226061097844e-05
1295,0.1624018822879622,0.0081091116369605,0.1930604029394417,0.0135835469356758,0.1828472246201535,0.0736492710899209,0.0153877157757196,0.0041489516000978,0.1614206616699233,0.0135549876022575
1296,0.1549630371417897,0.0152864193970939,0.0018875379917312,0.0003973127207157,0.5024063990735682,0.0219926321734118,0.0001355505816692,3.239352404510784e-05,0.0018497936027327,0.0003854933804833
1297,0.5350281852078297,0.0342643533189854,5.009284400914096e-05,2.9477900060253376e-06,0.1353162237820002,0.0063704490274559,9.793933341558224e-05,3.674602849135392e-05,0.000233398466081,0.0001223273383385
1298,0.4821746276908037,0.0429646236732706,8.536753424925929e-05,4.943421033198733e-06,0.1610788596616859,0.0042280732434593,9.630587442430067e-05,1.7106694483584547e-05,0.0002221321705322,8.375002466072512e-05
1299,0.1980033896547001,0.008393952823049,0.1768922877097244,0.0644155976870117,0.1051591280898812,0.0576837917690373,0.0307316529100182,0.0062368986144878,0.1284171323245227,0.0639583839421238
1300,0.0007302593828336,0.0002843411404901,0.3297182451728663,0.0054848533200068,0.3270913899234866,0.0038408324427255,0.0017649407687636,0.0003849553290539,0.1669319781896918,0.0039190613741449
1301,0.4190464879962967,0.0526133419757433,0.0001691566416906,8.353166247917855e-06,0.2263192599026736,0.0039121613616155,4.650473104233584e-05,1.3747788090134378e-05,0.0002814927953684,7.622148541627929e-05
1302,0.002001592825882,0.0009820616659221,0.2164398899389308,0.1048939909093971,0.086007008797379,0.0180251011787842,0.0042145695729555,0.0010524363805809,0.1294523251748726,0.0291300568032068
1303,0.5115590830274861,0.0427577014131327,6.682844541777472e-05,4.048202775685578e-06,0.1463301740777256,0.0047321565670312,0.0001249851434557,2.435064140717298e-05,0.0003428383997651,9.613198984293892e-05
1304,0.0203686651766682,0.0017916367896003,0.2479533105136168,0.0989881984885194,0.0924636373784456,0.0282128565944188,0.0246971644263074,0.0018674595160965,0.1853679203902538,0.0942312852821453
1305,0.3808637707688162,0.0619292563793227,0.000253353801047,1.2259968130146132e-05,0.2796462439265223,0.0036588877566704,3.684837062057119e-05,1.4709024000682056e-05,0.0002933997684152,7.352540622774138e-05
1306,0.1715284562108745,0.0074118628681255,0.1769196364141196,0.0113288624698691,0.1543205098662423,0.0811671296756513,0.0105917403532912,0.003484933503752,0.1544531819402381,0.0112954564774596
1307,0.0076208799819371,0.0017082925524074,0.3029739195884693,0.0300176151515427,0.0905607749365685,0.0293879833932539,0.0082483360876834,0.0015735332038846,0.1280746600053339,0.0293561500248622
1308,0.4488052838849999,0.0508663861987316,0.0001274895468061,6.594141837146964e-06,0.1777509341411506,0.0037724592168762,6.705197849513403e-05,1.5097270551020924e-05,0.0002323468143633,6.941266882033248e-05
1309,0.0023293204820916,0.0017086190968221,0.1972075250465741,0.0540798235230491,0.0581842985377368,0.0124202509406913,0.0019837160985934,0.0014638714955429,0.0595889470720482,0.0098026849610533
1310,0.0007484376418364,0.0002987911115716,0.2423322750006269,0.0055186201104591,0.2395557948461292,0.0039968943629061,0.0015176416915227,0.0004011321362963,0.1082395610271549,0.0035208601706597
1311,0.4149600778127644,0.0581169081657934,0.0001750866138474,8.86646425559856e-06,0.233173747212155,0.0033126976709713,4.474150221983762e-05,1.3514097151564772e-05,0.0002635683005042,6.562211812813095e-05
1312,0.00074638384763,0.0002629590496882,0.0272109879887235,0.0035626594912224,0.0111478686180367,0.0024816943787357,0.0005803165071354,0.0003189310398619,0.0069901924266973,0.0014769991570699
1313,0.0015315961400396,0.0010445136772055,0.0716489574975933,0.0133906260384733,0.0213215075563459,0.0057651110723504,0.0014302438368095,0.0010653914933448,0.0182254871681942,0.0037856119063806
1314,0.5014908208718233,0.0325625644843485,7.21171791744822e-05,4.284241183157084e-06,0.152007389950576,0.0061817285305983,0.0001057587875557,2.7554848917332244e-05,0.0001937927925755,9.254815186751726e-05
1315,0.4137051401486576,0.0591360160319726,0.0001549702975012,9.985367162775794e-06,0.2219816543013799,0.0046528135889423,4.676060448386389e-05,2.1266088057169435e-05,0.0002728250903342,7.751962485582229e-05
1316,0.5144173555865537,0.038433930656332,7.158913745952757e-05,3.8448724593503535e-06,0.1518972816045697,0.0062573409008056,0.0001118277624553,2.657968049475274e-05,0.0002482162232063,0.0001103763954753
1317,0.0010465387595288,0.0007192686604659,0.1990271913984929,0.072570571284483,0.0711185650614963,0.0122401298122486,0.0024610440641245,0.0008126283881252,0.0792314764407949,0.013293458803804
1318,0.4722548066613079,0.0360604967268927,9.26356021164606e-05,5.38365826000309e-06,0.1622296058614759,0.0056936346542043,9.122730521837371e-05,1.9684887474258585e-05,0.0002162157362231,8.476903928911065e-05
1319,0.4539211318874889,0.0369284620763927,0.0001176509246331,6.405586513680052e-06,0.1665829755280194,0.0052427413170805,6.749504598501692e-05,2.3931106728080395e-05,0.0002189001151448,7.950538208448298e-05
1320,0.0460925201866923,0.0031025017653375,0.1772115632392948,0.0734338615975634,0.0958374983406726,0.0374786859510944,0.0311556718577646,0.0029457021795105,0.1736832652988362,0.0711285216908681
1321,0.1620765627861225,0.0077895148686612,0.1888802272889721,0.0088041679467361,0.1664251830181551,0.0761465236047907,0.0103868164625852,0.003133383546844,0.1335616843753344,0.0087844487281864
1322,0.4452383045399013,0.0511371641530576,0.000115899277017,6.691786591789999e-06,0.167082806408088,0.0031194416960585,6.947442142243783e-05,1.329445399966279e-05,0.0002429944617315,7.197306267848931e-05
1323,0.4659728937567046,0.037902373103048,0.0001073720661836,5.822565962559364e-06,0.1662496685659472,0.0049562976806839,8.209036369527669e-05,1.8005082053478254e-05,0.0002287670699372,7.527149801284774e-05
1324,0.0008064558242951,0.000130370939695,0.0274481038655866,0.0042589167507112,0.0134986322960475,0.001988035206642,0.0007758325425898,0.0001623426116822,0.0071872427456143,0.0011531331244271
1325,0.4490131486890844,0.0810571085430298,0.0001139045101507,7.436088798866869e-06,0.1653466008284331,0.0052523562094284,0.0001634867308414,2.015429554353774e-05,0.0004508264607203,7.797804482959153e-05
1326,0.1231154153225107,0.0056307676952714,0.2583577922348732,0.0282576556417764,0.074556508375587,0.0377725024786699,0.0121516972414068,0.0044475668068549,0.1378768111775749,0.0281123653733999
1327,0.4720858570558046,0.0436160971678514,9.22330940022289e-05,5.55509440693153e-06,0.1612563155859336,0.0039769045384965,8.892652150216997e-05,1.5535353252335447e-05,0.0002175143964429,8.034724417431969e-05
1328,0.4835076005893324,0.0339077018726973,9.539399169648048e-05,5.251653706412545e-06,0.1648018422359947,0.0061306084038765,9.349512326869992e-05,2.059529916570206e-05,0.000226764200178,8.442798875592896e-05
1329,0.1056976894998604,0.0055757962073001,0.228364944432157,0.0624789612117802,0.1386064651009734,0.0714797953411647,0.032744013060024,0.0049780943383524,0.2118174444708493,0.0619752512494434
1330,0.0009339717832062,0.0006381003304534,0.0896567147341055,0.0137153721940509,0.0195965579593733,0.0052473961597787,0.00101619122886,0.000709040957503,0.019074184501374,0.00322230930108
1331,0.3987304728526146,0.0655701420286015,0.0002080062324436,1.008680185541875e-05,0.2540394544567952,0.0030684091678062,3.7122396356288585e-05,1.3173011285173856e-05,0.0002693561093354,6.293609589281656e-05
1332,0.5279053461876618,0.0444077006727013,4.78701324791434e-05,3.722384751150437e-06,0.1396694730633521,0.0076944646408091,0.0001300753918846,3.482212857604858e-05,0.0003821342062996,0.0001202850729785
1333,0.4364064981581606,0.0061191350976451,0.1980125335410234,0.0170439865794312,0.1298371770566309,0.0563456970697582,0.0121988264159903,0.0037687963750856,0.1482742069477295,0.016998766951307
1334,0.0018218452238365,0.0002752298088938,5.320590977628698,0.005469158411948,5.298931115239483,0.0034480779781868,0.0047321455253274,0.000375436280685,2.1557399261439296,0.0045094170184478
1335,0.001901912694238,0.0002809950658398,6.241432019366565,0.0054220555536443,6.212038035427024,0.0034439778224433,0.004928798721273,0.0003811135160397,2.4342644179771438,0.0045099293025217
1336,0.0007628016713511,0.0004219301775375,0.0274878907555216,0.0037862502388913,0.0138471517114909,0.0034514806622228,0.0007221894595048,0.0004934134062887,0.0070835372831325,0.0020280528314552
1337,0.3816667460587647,0.0698322471182853,0.0002529227368455,1.2248626065163205e-05,0.2713688855734268,0.0036421374654802,4.5797520426115175e-05,1.4570893025913874e-05,0.0002602667097617,6.152798214991685e-05
1338,0.487396005705819,0.0386304396261639,8.097771346586861e-05,4.906749325917144e-06,0.1603822869316886,0.0064610466910547,9.377561402578382e-05,2.733029567171625e-05,0.0002170501881812,0.0001010237956853
1339,0.4787052290624941,0.0359368494977806,8.717592409142489e-05,5.040448344528742e-06,0.1618450711930965,0.0048183328080352,9.376677937648228e-05,1.7784000120558756e-05,0.0002535816844191,8.369171850212589e-05
1340,0.0011160690848415,0.0007605192639736,0.0637706983770256,0.0149211062719495,0.0176311710472032,0.0052983804746651,0.0011408985847687,0.0008277805635705,0.0144599937937638,0.0033195671574173
1341,0.8688590143945749,0.0209943596843494,0.0101636060977799,0.001906992776161,0.2849307833226477,0.0218109462703274,0.0019942998980167,0.0003215225058245,0.0100971578090502,0.0019030108301545
1342,0.5190846293114663,0.0402202795789983,6.824916842986035e-05,3.692224557054153e-06,0.1484879589583491,0.005192711653563,0.0001185586502948,2.66182337372661e-05,0.0002512512971558,0.0001042474008545
1343,0.4695902502592373,0.0450318862458526,9.277634728138614e-05,5.485177955006869e-06,0.163582239049443,0.0043401387035667,8.609892215596231e-05,1.811457478258357e-05,0.0002099003751922,8.188748569974237e-05
1344,0.0013419155931558,0.0008244803136079,0.0723092447673217,0.0145986927981453,0.0173973831366134,0.0052062074462656,0.0016976433670849,0.00089304114576,0.0193622824242564,0.0035574799008592
1345,0.0062651551061429,0.0009229906191374,0.3283707131012124,0.2629366314981033,0.2136503220027747,0.0942938038907371,0.0130331043310208,0.0010694506346215,0.2584827041003752,0.1202969180631914
1346,0.4606693428766805,0.0473829626318587,0.0001120033084452,5.972589533011567e-06,0.1655013568182509,0.0044793581059929,7.51972375887252e-05,2.1181418476532485e-05,0.0002179374184527,7.680136708816004e-05
1347,0.0068693582030269,0.0018892488444526,0.4663870728339932,0.2908561404365519,0.2804552226338697,0.1034307553978355,0.0103752291991108,0.0016281618519077,0.4260716990990647,0.1991587405535717
1348,0.462593798865539,0.0490858506826836,0.0001108304449912,5.9996418534694725e-06,0.1677256845463233,0.0038272046064547,7.244612203016465e-05,1.867791841568233e-05,0.000224961644658,7.378682137989062e-05
1349,0.4945994045142914,0.0417877878147238,8.684467426108972e-05,4.693605942406387e-06,0.1603159783261313,0.0048912377921298,0.0001006576054557,2.3441221742675987e-05,0.0001883447245048,8.840803883858127e-05
1350,0.0687091495461055,0.0056369484754692,0.2024098087450865,0.0330215895434668,0.0932682735320592,0.045147851098148,0.0170802474277207,0.0043218982847784,0.1779874907347767,0.0328274244457149
1351,0.550739678459152,0.032991404194628,3.916563073042608e-05,2.3529115606025483e-06,0.1292889411929304,0.0105439396825247,0.0001365624068111,5.4342414844904646e-05,0.0004407928678282,0.0001644383141339
1352,0.427813447083222,0.0389178097577807,0.0001343647831781,7.435024361013992e-06,0.1953868038158645,0.0040896143622852,5.543840829453744e-05,1.230037774122207e-05,0.0002660721248102,7.244155376061105e-05
1353,0.4166058273110862,0.0616425381066182,0.0001738462853726,8.570541231809752e-06,0.2303914858178037,0.0033810191011442,4.3830943391526585e-05,1.6122178715357535e-05,0.0002702452732039,6.664177302542628e-05
1354,0.5133645964187404,0.0389203647560449,6.301429076169914e-05,3.92586880039283e-06,0.1446143072401283,0.0062635496581411,0.0001104080080244,2.7019409259750685e-05,0.0002850162394387,0.0001016452199364
1355,0.0010661716390279,0.0006992621975503,0.0725607597593961,0.0267837549577459,0.0156360056675028,0.0052396783928933,0.0011189024010862,0.0007775390424723,0.0179344086240349,0.0049619864219993
1356,0.0697891589462064,0.0047697174434579,0.1460358868985057,0.0309950709968234,0.0666837513036979,0.032260248438767,0.0170081158965679,0.0036382478416322,0.1150934704853526,0.0306542347908137
1357,0.4826493748211719,0.0464443683330902,9.578296814568156e-05,5.142327148204064e-06,0.1635933034072483,0.0035197328285334,9.080781635262752e-05,1.7626754656307754e-05,0.0002100289452975,7.396922662331852e-05
1358,0.547139844156733,0.0344917175394689,4.034901393596109e-05,2.4537209307288877e-06,0.126734193963294,0.0069948855839686,0.0001116362487076,4.331038866924402e-05,0.0002966638962984,0.0001329636927512
1359,0.0017955367516579,0.0011414695368985,0.1213982086716311,0.029919270571121,0.0285405025215218,0.0074230366639263,0.0015182897203706,0.0011672592654777,0.0273137789100438,0.0053016155664164
1360,0.0041731439190828,0.0021563811018832,0.2303053163593808,0.1278857242325922,0.1237326619511209,0.0515109481687764,0.0055283792817202,0.0017018342811417,0.2120871230439901,0.09942963382396
1361,0.4617466640250141,0.0445379923577636,0.0001020206612438,5.7003581111698994e-06,0.1654746016564659,0.0047512262028401,7.857014081191699e-05,1.840981045713537e-05,0.0002361241018865,8.428326218627645e-05
1362,0.1266758666658882,0.0072647888116944,0.1873193666705722,0.0286992999045127,0.0955218989214168,0.0495113015448344,0.014443097086752,0.0047977907875105,0.1759921143421913,0.0285996288426675
1363,0.1315651168765025,0.0257676199192236,8.013998450769207e-05,2.4181417251538307e-05,0.3211294482673494,0.013008994656115,4.14467580086324e-05,1.3030136105927692e-05,0.000265096459432,0.0001149645677205
1364,0.0140730836847398,0.001854681438873,0.207018103509307,0.0368050496735235,0.0986142276485574,0.0386137489878526,0.0138981520792387,0.0017993138835935,0.1307583575982911,0.0362468138357086
1365,0.433613806278689,0.0064170211064581,0.1981426969369714,0.0214708170236878,0.1531326144083719,0.0656834183457108,0.0115878603715604,0.0041297584071068,0.1349322058057238,0.0214144772999692
1366,0.1181441291359837,0.0252603523724746,0.0005162273151458,0.0001402470342163,0.4661124359049911,0.0175988317887523,4.7319620208064206e-05,1.2077651059422716e-05,0.0004420210398727,0.0001179872726133
1367,0.0012875274483731,0.0008182308900742,0.1636117345634848,0.0684739525141226,0.0532269878060431,0.0117346161410482,0.0029223233665142,0.0008833762762777,0.0765648769011719,0.0159928962627596
1368,0.0290769431523541,0.0017686455151778,0.0035898797544158,0.0010670381612323,0.3317581408672918,0.0051924695216591,0.0003358514296571,4.176413398911233e-05,0.0035604241520371,0.0010705115128401
1369,0.0942507435777237,0.0055748137213268,0.2099611411998027,0.0399484948400775,0.1256138288331856,0.0622423860233275,0.0221047781377288,0.0044989658863687,0.12034084808613,0.0397544208340979
1370,0.1988031345455163,0.02191417225897,0.0001158689497921,1.6692164031241395e-05,0.479557988072943,0.0067665113334981,2.157839480428084e-05,7.66053228631968e-06,0.0003015956549856,0.0001029367827367
1371,0.4217390696576632,0.0457449095764644,0.0001426574723207,8.072186000838926e-06,0.2060039551717919,0.004288059991351,8.584153996516742e-05,1.442543446403984e-05,0.0002806182505199,7.237760334336458e-05
1372,0.1604371017112045,0.0058701197784605,0.2235765981628768,0.0277676303710829,0.135687692142562,0.0655532209518092,0.0139125628851671,0.0039452659699401,0.166635290856155,0.027724437631503
1373,0.4922488910358555,0.0419690185794615,8.89639776127442e-05,4.70755380349447e-06,0.1615662061033378,0.0050884567205489,0.0001005616934542,1.908905492381142e-05,0.0002505826925387,9.436961217147912e-05
1374,0.0011115165534694,0.0007562044084762,0.0241166982977619,0.0044111852739883,0.0181138083564964,0.0046461512983483,0.0011421544608643,0.0008317946241424,0.0105106460374456,0.0026697628748721
1375,0.0920618537217275,0.004875032976453,0.2984133010494654,0.0876390410826995,0.1483462042389143,0.0626543419578013,0.0413610394322558,0.0040271606651156,0.1633207045790746,0.0864240932881817
1376,0.0009300188687155,0.0006522240995399,0.0243819669486986,0.0042995663691054,0.0157058764892938,0.0042655545800296,0.0010335814197146,0.0007298409935677,0.008789318004672,0.0022978228676778
1377,0.4918838364301149,0.0447119078643625,9.033894184023764e-05,4.818280842066219e-06,0.1618351741260689,0.0040388272775451,9.383558139072938e-05,2.001818277033492e-05,0.000179715023014,7.54835786003721e-05
1378,0.0011271400657025,0.0007159269308173,0.1135630366081303,0.0231917754367474,0.0237948990432453,0.0047494408210834,0.0011173157993671,0.0007899172494015,0.0263132936256024,0.0037410744490062
1379,0.5438693788991669,0.0321461176760899,4.208677763347416e-05,2.5250775417282704e-06,0.1271170318911829,0.0070542188375045,0.000104356999952,4.874629163922009e-05,0.0002781344701174,0.0001413983096091
1380,0.0694566050074795,0.0119985123363703,0.0015480702423469,0.0003892921875709,0.2839342107627921,0.0165905875064147,7.720167507466915e-05,2.527068032600933e-05,0.0015044895244246,0.0003750498192388
1381,0.0009543380587853,0.000623099154952,0.0284749044638606,0.0055258511384973,0.0136504510553985,0.0041818935487751,0.0012665560727012,0.0006985682659171,0.0104806661349386,0.002365167311573
1382,0.4703848778080027,0.0408582787249595,9.888573396184792e-05,5.5324611775885575e-06,0.1646359906177926,0.0040083242976997,8.213435642037364e-05,1.826027261365928e-05,0.0002169496449755,7.281835107263982e-05
1383,0.5123836004064756,0.0396896324459684,7.271716818350403e-05,3.923424954412367e-06,0.1523155784881285,0.0053373583709024,0.0001138404226592,2.4880425042730635e-05,0.0002527237884706,0.0001043670991872
1384,0.4411090741126377,0.0345253795697367,0.0001335880748129,7.114648890454789e-06,0.1852459360395365,0.0045592307647898,6.513978019961603e-05,1.378422696641674e-05,0.0002414871673548,7.579101366641268e-05
1385,0.4540441691498855,0.0429214567088851,0.0001220531555405,6.364048019629689e-06,0.1724853870073656,0.0040105602483386,6.96066035094189e-05,1.577965602708134e-05,0.0002259536363135,6.679497535298769e-05
1386,0.0909745819869989,0.0048105159226157,0.176454290532846,0.082989090353306,0.1362624430704833,0.0588316894071717,0.0402051427770484,0.0044029446291893,0.1370969075279239,0.08176383041834
1387,0.4165588718768463,0.0549230912349119,0.0001555457533219,8.35958544670419e-06,0.2238500842561885,0.0038615077505079,4.589100961536373e-05,1.689266849254162e-05,0.0002754871049852,8.082807459858507e-05
1388,0.4902582018303613,0.0342378223762129,9.06785761513288e-05,4.876365857005033e-06,0.1614895822258701,0.0055818249685444,9.676429504568557e-05,2.1073582968052063e-05,0.0002294724895148,8.450674986736097e-05
1389,0.2023912368536126,0.0068935133002809,0.173598480768389,0.0132169532112427,0.1662778885651732,0.0790554294524605,0.0119192110720908,0.0038614060754701,0.1349856431086808,0.0131982393272982
1390,0.1921698059848876,0.0073931487819623,0.1547084460293321,0.0157718972064013,0.1712607142503031,0.0828320267675683,0.0141089499195403,0.0039170644834103,0.1138155353626378,0.0157357446161442
1391,0.3179434390564585,0.0061437303683439,0.2779791068942718,0.0215319583930725,0.1364020070247429,0.047889471218927,0.0091099826451817,0.0038037457164976,0.1762627469249571,0.0214508881856669
1392,0.0012496767655249,0.0007413612733149,0.1966898696611467,0.0628241112670165,0.0495544113277282,0.0079201035982571,0.0013295496852456,0.0008174090855988,0.0579474990409164,0.0080178177692326
1393,0.3735885743204735,0.0070661549831928,0.2075871026462383,0.0253092343893598,0.1222380600815458,0.0588050042233092,0.019033573633016,0.005204613098221,0.1287265196243851,0.0252599190696607
1394,0.543495917402539,0.0344779558707445,4.976301628911053e-05,2.742823522236374e-06,0.1378496120361674,0.0082732584442892,0.0001091165053916,4.462591875854782e-05,0.0003458769447234,0.0001398250249753
1395,0.5051277006416316,0.0295269798533415,7.386989739030705e-05,4.175606770682355e-06,0.1527095779287275,0.0059924461583931,0.0001061743340485,2.7212443896885385e-05,0.0001803614391738,9.1961063081094e-05
1396,0.0395143580917587,0.0029146319740172,0.2998229687317251,0.1620535298170349,0.128786805813393,0.0382686468738192,0.0390592636218443,0.002610020383403,0.2923628157958008,0.1544484490037495
1397,0.0015693336576455,0.0011086994165299,0.0227717071357958,0.0059946538531111,0.0222064663765989,0.0063378101521873,0.0014503558181899,0.0010981920187606,0.0100179662810602,0.0034351332647971
1398,0.4187127328018352,0.0584512787013435,0.0001701209871534,8.581111780437328e-06,0.2290931196131258,0.0036138742281313,4.7068654464147736e-05,1.632756096737271e-05,0.0002744259074429,6.957124631612069e-05
1399,0.0019692978621017,0.0002824372687393,5.300486189981219,0.0054781434118017,5.270066200756075,0.0035234299242829,0.0050716354554264,0.0003820300662876,2.1323470224486263,0.0046333710747316
1400,0.4404898404576795,0.0561676672798532,0.000134876383076,7.120431276750134e-06,0.1894936842939852,0.0029377332272064,5.8259279900702685e-05,1.3400584265595308e-05,0.0002512679181564,6.572509636106957e-05
1401,0.4559406153498564,0.0074438545411925,0.1396634121095598,0.0220178270065763,0.1329128132081787,0.0629394185631025,0.0161519228931847,0.0046636245966496,0.1092104597061399,0.0219724467223591
1402,0.1404027902535809,0.0060793524762852,0.2358025621070863,0.0198442051907186,0.1137429796895978,0.0387602674438825,0.0143396333117609,0.0044124868655781,0.1880005937879984,0.0197930236778554
1403,0.4741262422174946,0.0450253891856992,0.0001015240716529,5.470815813002435e-06,0.1653980025294164,0.0039000604912839,8.75462717797391e-05,1.750930012468512e-05,0.0002290697937652,8.728870250788092e-05
1404,0.001599737236982,0.0010673351553345,0.0230867969983052,0.0058029638725172,0.0208725066461629,0.0062725907030074,0.0014265510477779,0.0010744247825857,0.0109583711163197,0.0033966909446997
1405,0.5367180085327382,0.0357915579138418,4.9545376232690585e-05,3.01004388655368e-06,0.1372645926680498,0.0067156254454435,0.0001059830345374,3.575244153307507e-05,0.0002561076714996,0.0001215053375791
1406,0.4626468745556375,0.0437617772909735,9.833156595426067e-05,5.698731380634717e-06,0.1646974191111153,0.0038327550676374,8.261068848987367e-05,1.6772775582196537e-05,0.0002130647895882,7.376849933849861e-05
1407,0.5292223013128671,0.0360965205567068,6.0460549343531073e-05,3.2721809115673013e-06,0.1424683815756843,0.006615692380937,0.0001092108322958,3.143031321036915e-05,0.000235999287524,0.0001159668466611
1408,0.5094112938919266,0.0385763628611141,7.361688493355691e-05,4.00424220933018e-06,0.1504650987349891,0.0054334687103794,0.0001093203390876,2.23905322860887e-05,0.0002322091520514,9.693797080074356e-05
1409,0.0014457090144769,0.0008564269285003,0.0351110795080866,0.0072647996169973,0.0173743340796611,0.0052098516907267,0.0011877990322136,0.0009103593824667,0.0111377891469012,0.0030427817927944
1410,0.002439857666654,0.0008771091446096,0.2163303354397887,0.0965817268814863,0.0625998497731688,0.0173037893493806,0.004812580781971,0.0009920648856233,0.12406517022974,0.0408450801286978
1411,0.0007633599573895,0.0002157850190448,0.0293766566440383,0.00498726103882,0.016421938812943,0.0021318568363274,0.0009358535062721,0.0002734737065279,0.0075899158251396,0.0012108878541848
1412,0.0009983187642908,0.000638936120971,0.0494571554561128,0.0160359209919291,0.0150111553748202,0.0052287764367902,0.0010083577732211,0.0007167566855845,0.0175249817110059,0.0039759595842772
1413,0.4658581480068889,0.0479151750161731,0.0001082807607716,5.796378291368056e-06,0.166787276913467,0.0032937071093834,8.240297391171514e-05,1.4394494719652834e-05,0.000223576654916,7.30018362054938e-05
1414,0.0008141011317063,0.0002918984303296,0.7324944438480036,0.0053332012723964,0.7290512663402459,0.0036529603300022,0.002354307874647,0.0003969132723563,0.3804719311495486,0.0044340319391381
1415,0.001784058541847,0.0002784996508518,4.435769394469792,0.0054242949421919,4.418291017999999,0.003425743559869,0.0046408226613423,0.0003782354618641,1.8175190145302855,0.0044760324910775
1416,0.0010452181928817,0.0002769494852093,1.0918978220311235,0.0052874889234146,1.0876105735699153,0.0035136994344956,0.0029034504495084,0.0003811269516557,0.5446948112336278,0.0043755641601212
1417,0.0007890438396975,0.0001870259268479,0.0282475920506911,0.0038822505793591,0.0073002180482923,0.0011227672654183,0.0007669815049277,0.000232497611999,0.0072610379674645,0.0008072699255262
1418,0.0014778720660298,0.0002768104780995,3.393264060421372,0.0053365536944189,3.384231497922225,0.0033807688878752,0.0039238158851283,0.0003802802974227,1.4606350256273428,0.0042561232761702
1419,0.0014071112435058,0.0002759421920012,2.9298839893154938,0.0053489039276739,2.9213625563185004,0.0034093707874121,0.0037539584073526,0.0003810577484258,1.2888348720007858,0.0043381466614665
1420,0.0007490490944587,0.0002748824940011,0.0804642116484677,0.0057428044551208,0.0776804155253858,0.0039105691676581,0.0011480005086702,0.0003602953817593,0.0237186410131826,0.0022192035292202
1421,0.000758495949598,0.0002360934117135,0.0297242743507405,0.0052392130089498,0.0261713724309837,0.0025589872193108,0.0009673924531661,0.0003022604982473,0.0103767528573812,0.0014321406342809
1422,0.0007404776782423,0.0002810372444269,0.0817010647224367,0.0058021492780851,0.0789892564973645,0.0041384730640523,0.0011122023822811,0.0003687946665703,0.0234179816080599,0.0021442328798711
1423,0.4770967115101898,0.0433632863755635,9.99549741466984e-05,5.348867591742703e-06,0.1654585167279251,0.0047230293402288,9.2663163456263e-05,2.005557119690208e-05,0.0002248950574992,9.532679182675847e-05
1424,0.3575090114966107,0.0062739299536456,0.1871591811470949,0.020109991970834,0.1351341582004732,0.0575460954778379,0.0119444994106185,0.0042540002997603,0.1721786931270328,0.020068322869598
1425,0.0007378949514295,0.0002587356636991,0.0379348245112962,0.005432694762925,0.034994981721297,0.0030225089833989,0.0009738228546755,0.0003330090281024,0.0122693427991769,0.0015048224164259
1426,0.0007700985868239,0.0002404357126664,0.0287917739852071,0.0034049871325774,0.01041206032144,0.002326615625964,0.0006035320941252,0.0002945156148584,0.0074091407638416,0.0014321745722388
1427,0.0018313994695463,0.0002769507030031,5.516665158535827,0.0054525522705877,5.496017465850567,0.0034296857295411,0.0047547763368815,0.0003768217853292,2.1930520324428056,0.0044621803432113
1428,0.0377047153407006,0.0031999513686645,0.2322800408872646,0.0581312108935608,0.1219899757547661,0.0481178881224367,0.0259678250696946,0.0029440896471752,0.174371364982038,0.0569977024345276
1429,0.0014229295597803,0.0002766421542244,2.984184096985705,0.0053406128676224,2.9754171795318576,0.0033969456806519,0.0037895915519997,0.0003805219433278,1.3007500710747348,0.0043320447231439
1430,0.5345791827482932,0.0368663714753664,5.701991596338403e-05,3.0847868366689305e-06,0.1424770697483915,0.0065878499281209,0.000114616676875,3.3461332070589014e-05,0.0003116107755583,0.0001198619505719
1431,0.0007540689096721,0.0002690218255779,0.0407676351060291,0.0054127404827989,0.0384677810420356,0.0030773551987039,0.0010043519220218,0.0003482185157794,0.0116756115251242,0.0015597844589738
1432,0.5321941908195188,0.0375831360656261,5.9108462609872193e-05,3.20105328512621e-06,0.1434807362755995,0.0056812862706032,0.0001158447153627,3.196500001749814e-05,0.0002095616578028,0.0001074146891008
1433,0.0017333872475176,0.0002773875199544,4.842485893108528,0.0054506246884924,4.830995318842544,0.0034004528393909,0.0045284472942473,0.0003793489104998,1.962365586993408,0.0043210969893506
1434,0.0007653698975747,0.0002261500299761,0.0336331316585281,0.0054966787443693,0.0316169875205627,0.0027633993370904,0.0009248409796143,0.0002866582168045,0.0111331528703214,0.0014834398742983
1435,0.5104057756757285,0.0386647880973145,7.35353716377567e-05,3.98420285041362e-06,0.152067477157347,0.0059819931713579,0.0001140820691263,2.578960137590324e-05,0.0002554641455846,0.0001086040746586
1436,0.001680233153856,0.0002767119746798,4.585202974538297,0.005393914936018,4.575519427518896,0.0033890347948896,0.0044003975815539,0.0003782668945293,1.88543619062058,0.0042857593233225
1437,0.4155279246418562,0.0523410511102435,0.0001576104260473,8.487588349962603e-06,0.2234141295431258,0.0035384085176813,6.166405912712492e-05,1.318305856340462e-05,0.0002724632181357,7.303077168270192e-05
1438,0.0007477074050275,0.0002842139600072,0.4338532281998309,0.005561105855161,0.4314988662951112,0.004003068654216,0.0017725889664912,0.0003837175167244,0.2104701808397494,0.0043259408793206
1439,0.0008520787791858,0.0002921783857537,0.8367177136057786,0.005366357309881,0.8327324086031261,0.0036316861963972,0.0024476505748058,0.0004003000412981,0.4325723154819559,0.0044793756978426
1440,0.0012765334479926,0.0002789976421894,2.19244902628199,0.0053289069867173,2.1878833500232755,0.0034423029795485,0.0034455664012345,0.0003844435246675,0.9958555735673674,0.0044193581083198
1441,0.0007348067575825,0.0002785072853247,0.381660791207613,0.0054419292386334,0.3789842048205629,0.0038141459712943,0.001823608182789,0.0003767382239596,0.1912835801971347,0.0040566111928906
1442,0.0329413793113311,0.0029389754700415,0.1348537366009153,0.0542407958234029,0.1011548867384087,0.0411485717490036,0.02348064802341,0.0027276714187987,0.1295951599435179,0.0526443493407292
1443,0.0016618350679804,0.000274426657642,4.275703208373226,0.0053867183811418,4.265266511479844,0.0033858338255386,0.0043537531030552,0.0003748256579784,1.7847277248009146,0.0043000078877094
1444,0.0007366979581068,0.0002817154929494,0.1289644753489187,0.00579793339372,0.1260138311794829,0.0042579948650634,0.0012094426341523,0.0003734812365875,0.0373164993584463,0.0025318595660153
1445,0.0007654996390344,0.00022784094015,0.0331768002015724,0.0053283785522608,0.029927695859841,0.0025999538993595,0.0009571303945273,0.0002898046889973,0.0112945916990085,0.0014478346042085
1446,0.4504840442462826,0.0433944094860039,0.0001121247627158,6.33733184027688e-06,0.1673779767098227,0.0040509901665108,7.318779374720798e-05,1.6921733284713243e-05,0.0002250638889477,7.004394569130916e-05
1447,0.0015686295749068,0.0002769001210986,3.957136681911927,0.0053565702738684,3.9478992984764,0.0033762991394301,0.0041373128596536,0.000380317843394,1.651300634718149,0.0042688064556284
1448,0.000770711542668,0.0002593715237697,0.0369477322351694,0.0054550367922212,0.0348399104051338,0.0030026738940617,0.0009940077646693,0.000333906724754,0.0111667166915968,0.0015845242025532
1449,0.0007555816193143,0.0002806370829364,0.0648131108634981,0.0057407836154876,0.062050380870825,0.0037326822359063,0.0010963119998058,0.0003665539956882,0.0185249618410355,0.00202484414055
1450,0.0009289801725203,0.0005867680148315,0.0271561351050202,0.0048226123718279,0.0139246295456219,0.0036827740223934,0.0009468391597286,0.0006626320964378,0.0086628440768548,0.0021240391655406
1451,0.0007304426073761,0.0002931589732748,0.4079798931824941,0.0055363681334704,0.4054966094998989,0.0039924731656685,0.0017657676513038,0.0003963968022097,0.2004086959897929,0.004188196550051
1452,0.0007796754885428,0.0002039835157144,0.0275327780041685,0.0034190459014634,0.0096607545497175,0.0021749686728979,0.0005780225976309,0.0002514268801762,0.0072428843165056,0.0014641601679588
1453,0.0008033573947,0.0001100627992592,0.0280404613075274,0.0035047429304413,0.0062187210651529,0.0012343786264118,0.0007123407417558,0.0001373159600729,0.0075281016785494,0.0009724218769083
1454,0.000749688453987,0.0002410097768493,0.030898808450264,0.0053194536968483,0.0286291730561404,0.0027826478563698,0.0009283754601567,0.0003078164857378,0.0102533607866381,0.0013696151064011
1455,0.001086190536367,0.0007360786783891,0.0526860217517724,0.009210097217364,0.0160160448511384,0.004860855266007,0.0011333222479138,0.0008142703978117,0.0133672492060872,0.0029615977512066
1456,0.0007473608877954,0.0002740665647074,0.0386880164586013,0.0054093077340947,0.0361524228970506,0.0031143843135969,0.0010339417989794,0.0003546247837589,0.0114441909621609,0.0016838452794079
1457,0.0007918328990894,0.0001553622611704,0.0279336963516996,0.0041713447835024,0.014787317043826,0.0015825798842361,0.0007818341536486,0.0001921237547386,0.0073938730645288,0.0008714616978059
1458,0.0007308305496479,0.0002844819306863,0.2828477951355478,0.0055606791596928,0.280378353668152,0.0039868651999032,0.0016156141738816,0.0003820335715526,0.1317612936591759,0.0037291587044039
1459,0.000776490669753,0.0002445877551912,0.0269896712895191,0.0035767319826124,0.011171619090487,0.0025888785122697,0.0006657580978072,0.0002972835773098,0.0069856816728886,0.0017001878948255
1460,0.0007807051740048,0.0001440173289953,0.0283267256813197,0.0043120351144928,0.0155171589431529,0.0015724692095225,0.0007936067804945,0.0001768151128636,0.0073313776565148,0.0009172784328229
1461,0.0010308860483164,0.0006977898335034,0.0244864241978357,0.0048709150130151,0.0157748443096128,0.0050661370650354,0.0010416755729232,0.0007709504806611,0.0094601422746338,0.0029338813996722
1462,0.5369139010251689,0.0331887518749489,5.50707833387015e-05,3.0904645804866066e-06,0.1406088096134294,0.0082542227218253,0.0001170256431782,4.704721862286922e-05,0.0003577864358331,0.0001404349777636
1463,0.0007292091458018,0.0002840086813014,0.1746103542594673,0.0056332437814121,0.1716955076333033,0.004104521077942,0.0013362377056933,0.0003805290936352,0.0648786134292547,0.0030037120187895
1464,0.0007774447219449,0.0001661397130514,0.028551096107388,0.0041665532594099,0.0107825839663545,0.0013556612784779,0.0007913775554817,0.0002055307416663,0.007414241004074,0.0008704029306664
1465,0.0015115427428219,0.0002750881369153,3.752989872219583,0.0053357121842721,3.743980569926236,0.0033927390864025,0.0039957541295378,0.000378700119632,1.5822201717067486,0.0042934944735067
1466,0.5057017032460576,0.0416311805236318,7.783404582597931e-05,4.213293669800202e-06,0.1550800353365693,0.0037376962127848,0.0001093313591974,2.1005320070971923e-05,0.0002075869448455,8.027200287595081e-05
1467,0.0007792536593782,0.0002145928455609,0.0280874899076296,0.0045810593068297,0.0142786405218689,0.0018519096754333,0.0008527431446648,0.0002687258298919,0.0072321097350651,0.0010199510309151
1468,0.0278656828518934,0.0026544963383478,0.1196542270458669,0.0559391801377359,0.0764350773549941,0.0341808792602341,0.0223531915725364,0.0025187354254368,0.1169992343730132,0.0541323470429049
1469,0.0007265389965076,0.0002837511440969,0.2888863869820399,0.0055945872417227,0.2863305469350465,0.003996981325888,0.0016204601988977,0.0003821486024891,0.133813919077407,0.0037686340970425
1470,0.0007787351404081,0.0001933558411718,0.0277718952600824,0.0032951126347235,0.0089332778311379,0.0018896101017724,0.0006249471128078,0.0002394810081642,0.0072603024780804,0.0012227720407291
1471,0.0538939697640682,0.0040362187075983,0.2190925328844021,0.0467324398812897,0.1003088142021429,0.0480832538731613,0.0244315260685479,0.003591145615828,0.1331552099459284,0.0460913483062776
1472,0.0007993558949139,0.0001353307716922,0.0285119335293994,0.0035726419519183,0.0082393413993377,0.0019845399461923,0.0006092782985956,0.000170087485475,0.0074996372725165,0.0014780769224505
1473,0.0007705364938785,0.0002143850335712,0.0275576801344406,0.0048963189482463,0.0184582218372796,0.0022004219155485,0.0008751062752442,0.0002701347855761,0.0071325761129946,0.0011388618139506
1474,0.0008491021559613,0.000286898657194,0.7323982630467589,0.0053274994713739,0.7283428249212841,0.0035661186572492,0.0024458014742658,0.000391948408829,0.3781220958453307,0.0043080530096229
1475,0.461617556405175,0.0452746863037277,0.0001004582488237,5.686053797657886e-06,0.1644260207228883,0.0035955835663859,8.33241271392329e-05,1.586061706176098e-05,0.0002208329099444,7.155022072319354e-05
1476,0.000794439420993,0.0001566077264303,0.0281301697526425,0.0044490709179973,0.014729160100914,0.0015851756041931,0.0008278235979501,0.0001938275546736,0.0073618038432417,0.0008760408524333
1477,0.0579414412419957,0.0048529344873326,0.1855520692541439,0.0401465468262314,0.1308698948215813,0.0708623962219805,0.0206188788268746,0.0044542841086968,0.1646354564844754,0.0399450991689955
1478,0.0007774825024856,0.0002086940817684,0.0284053732376637,0.0033489990782889,0.0096019738689148,0.0019851538278953,0.0006437792605561,0.000257590177753,0.0073864438687265,0.001231527281942
1479,0.0007945570732107,0.0002080604133175,0.0279200162968758,0.0044193674192502,0.0134840399822419,0.0033168461863618,0.0006618073790322,0.0002579413417439,0.0075116345224434,0.0021339715412385
1480,0.4030313282510018,0.0549699802590394,0.0001726863677091,9.186323674520222e-06,0.2370198965963894,0.0039852297323213,4.309020979072301e-05,1.5524929350863206e-05,0.0002928384291675,7.845460377029043e-05
1481,0.5185008767387794,0.0353049310246367,6.377568460634608e-05,3.6527014456029e-06,0.1464458636543178,0.0071187964731735,0.0001120557010802,3.135451883370871e-05,0.0002484478321814,0.0001153757081656
1482,0.0007714205571961,0.0001346033697914,0.0289638562452907,0.0034282112860629,0.0077702223255869,0.0018191914873492,0.0006823123550454,0.0001684801952129,0.0074747787291489,0.0011743174996548
1483,0.0010570718043922,0.0002832228978122,1.4231660582036456,0.0053522434991372,1.4182805339875062,0.0035252249832241,0.0029310706715042,0.0003893495401661,0.6898149062136453,0.0046405641549691
1484,0.0007511498736612,0.0002830793808497,0.0883895946180265,0.0057574890327053,0.0854758208251256,0.0040297615873671,0.0011609730650544,0.0003719368147783,0.0264469948840853,0.0022882313515657
1485,0.000739936427126,0.0002739047817798,0.0807435527401839,0.0057209569619071,0.0780959520038865,0.0039737477898463,0.0011219422368994,0.0003588101595359,0.0227991248570682,0.0021519652788836
1486,0.0007907609941435,0.0002002227536159,0.0284331676572641,0.003763631948058,0.0132899358388977,0.0027936574852612,0.000534653932095,0.0002481462623939,0.0081417372388665,0.001823891219436
1487,0.0007693971819707,0.0002154097817113,0.0287220262846181,0.0047304382936389,0.0144576718079203,0.0019438649866015,0.0008981580898139,0.0002703641164112,0.0074794841884599,0.0010764680518911
1488,0.0007542449867037,0.0002718709256724,0.0266922592771402,0.003440730336571,0.01006598195399,0.0024158694884239,0.0005969508766635,0.0003273570818441,0.0070476228345871,0.0014587468722781
1489,0.0007901017442211,0.0001623524463497,0.028098547929105,0.0051923530923895,0.0229760736525334,0.0023389885751465,0.0008797545475467,0.000200790047959,0.0084374961457204,0.0013176974019252
1490,0.0007272672266465,0.0004448255845439,0.0265271259035943,0.0035742796319172,0.0119961310109143,0.0031006823981042,0.0007298999539374,0.0005163038919064,0.0068915538842114,0.0017147618367947
1491,0.0007864155387168,0.0002872601476631,0.6682584523087305,0.0053723579543317,0.6645333326206896,0.003623490466828,0.0022961256592621,0.0003928879061688,0.3493425242691593,0.0043721742546633
1492,0.0007415259903529,0.0004128060313315,0.0273750452110925,0.0052369880494997,0.0160106605891525,0.0044011826128537,0.0006589258114375,0.0004800814643376,0.0093142476297708,0.0023803569745619
1493,0.4990681353046584,0.0392753014127414,8.465858046972756e-05,4.539750767567414e-06,0.1612677957977013,0.0044101742107413,0.0001009701117439,1.871304543680008e-05,0.0002212161119782,8.278377146967414e-05
1494,0.0007774940665362,0.0001085041819352,0.0288896557984359,0.0037581467875179,0.0052394650844764,0.0011864282314589,0.000784453620376,0.0001322932116443,0.0075025299945728,0.0008422003829581
1495,0.0013955024867785,0.0002916119959628,2.8269917525300112,0.0052868998576159,2.817993898775744,0.0034339706781945,0.0037228151660941,0.0003994940890156,1.254624931226627,0.0044064666390843
1496,0.0007448476552336,0.0002875237346536,0.1021552140851944,0.0058937956361643,0.0995256694935631,0.0043156956651105,0.0011340634803864,0.0003759832834728,0.0279941383282936,0.0022766633994439
1497,0.0007433974993502,0.0002730755578285,0.0342532962625243,0.0052912833484187,0.0315095445195556,0.0029681811281675,0.0009743041524482,0.0003528970935108,0.0111105823037225,0.0015048746613441
1498,0.000787840181144,0.0001659232642238,0.0276601978388866,0.0033840600945854,0.0084026767002713,0.0016880240776408,0.0006721047728669,0.000205634956133,0.0073811061310779,0.0011706880070559
1499,0.0010820913350012,0.0002825272934525,1.2393638509120393,0.0053043560201955,1.234740010963277,0.0034915323772562,0.0029934049367555,0.0003878151786067,0.6011790984033089,0.0043913996079697
1500,0.0007937814604754,0.0001832749321162,0.0279810634790259,0.0046616631869604,0.0145458709762796,0.0018676934362366,0.0008652835933333,0.0002283201656989,0.0073530548790792,0.0010300638092243
1501,0.000763004518101,0.0002475053091638,0.027586774224078,0.005072897450627,0.0233706430893951,0.002443433385784,0.0009128861090696,0.0003151549991549,0.0091353707605265,0.0012268822968149
1502,0.4742913323066606,0.0450606457879919,9.360319561926248e-05,5.362009447027672e-06,0.1655497306167671,0.0037210124092291,8.884870716053898e-05,1.698271833302661e-05,0.0002141416086538,7.746756224721021e-05
1503,0.0007266559870901,0.0002850376265783,0.3371540273973213,0.0055482084061968,0.3345968954864424,0.0040024423850078,0.0016477702496087,0.0003837383763952,0.157107333633113,0.0039246905425065
1504,0.0007251440261903,0.0002817523620871,0.194877246462223,0.0056878986950473,0.1920585277437873,0.0041970593737749,0.0013379247821545,0.0003753000374807,0.0683942690088006,0.0030547033397805
1505,0.0007317096660237,0.0002893907248778,0.026088327279401,0.003430394996668,0.0099155143849416,0.0024456090069663,0.0005929533528426,0.0003472130329529,0.0073907939106396,0.0015071524620131
1506,0.0007474024411487,0.0002636495938144,0.0344112506519073,0.0054200757282728,0.0322910066207128,0.0030384768380621,0.0010041144871604,0.0003393885625256,0.010498243065282,0.0016278736282867
1507,0.0007503199092138,0.0002932120233854,0.1172336922962805,0.0055679715495475,0.1143069809682634,0.0039167586477777,0.0013017939591709,0.0003899527238641,0.0415428800341125,0.0027074132880754
1508,0.633995592585491,0.0084899868953566,0.1768794432317831,0.0247546729239616,0.1520481303850943,0.0704213440842824,0.0227104110475962,0.0050190361405838,0.1529896867463264,0.0246738820101321
1509,0.0008013134249567,0.0001330615834454,0.0277571147184595,0.0035707395997747,0.0076017524467649,0.0017053558448679,0.0006948144957116,0.0001680180733599,0.007148712513282,0.0010687441855602
1510,0.0007355958468284,0.000288638312324,0.1195953760324453,0.0057449525810104,0.1166134743734536,0.0040979764860772,0.0012240166320434,0.0003826342922452,0.0365351097643354,0.002531884752319
1511,0.0007789242727366,0.0001492419611764,0.0261315624966957,0.0035326624895941,0.0074912047474197,0.0017918672114013,0.0007234385858342,0.0001861357261117,0.0069770265699092,0.0010952603716662
1512,0.4335020278284554,0.0547993420116036,0.0001506351849729,7.550014625722881e-06,0.2101151727071456,0.0040090733476114,5.44064586607336e-05,1.7767646592017664e-05,0.0002700022036704,8.039256844857457e-05
1513,0.0015359507263717,0.0002920001942284,4.065411773558685,0.0053299658693545,4.056100217726121,0.0033973882010444,0.0040578991870644,0.0003994588024883,1.688132928620421,0.0042811323868634
1514,0.0007644641400099,0.0002517887091387,0.0284533994860695,0.0034727074492257,0.0106168743523425,0.0025316249760872,0.0005900374704432,0.0003052343641741,0.0073294555759539,0.001548425426573
1515,0.5416212638098834,0.0355744754809209,5.065522001174755e-05,2.811606908056089e-06,0.1374668058411171,0.0077129763021144,0.0001055064177132,3.959183204256993e-05,0.0002938541928275,0.0001285640304961
1516,0.5167259124763165,0.0393245523436711,6.209947192353816e-05,3.6119618211780825e-06,0.1461965764864634,0.0044067780281487,0.0001151828867196,2.4836453107207967e-05,0.0002241715611362,9.28546379218927e-05
1517,0.0065887578186797,0.0012939284705297,0.1867576982484294,0.0888376814245814,0.0768304633933543,0.0257349619477709,0.0096475750131981,0.0012920846442021,0.171169328978983,0.0782228266957672
1518,0.0007076293195678,0.0004661014151228,0.0245592537714481,0.0035221217245399,0.0125519100606824,0.0033098161517432,0.0007741499423784,0.0005372514358767,0.0070226372601564,0.0018392223151621
1519,0.0007510858280363,0.0002550425301879,0.0286759873889143,0.0034137450119235,0.0090230321376403,0.0024017450029714,0.0005787254533016,0.0003087609873414,0.007564355561312,0.0015094306703016
1520,0.506404628311801,0.0412427232855598,7.608149335500239e-05,4.135813059282921e-06,0.1522214460118739,0.0043385806158852,0.0001058563716512,2.1674444331564868e-05,0.0002108973870308,8.620809357266814e-05
1521,0.0007761258057327,0.0002455079943751,0.0281251901993354,0.0050763315330996,0.0205947460882649,0.0023646286260239,0.0009104443049173,0.0003123825295207,0.0079388626849538,0.0012683543972541
1522,0.0007619967079391,0.0002272776043148,0.0266880826622281,0.0037728076837705,0.0124510208358929,0.0029297437617007,0.0006066428367988,0.0002786344750598,0.0082949744694138,0.0018740728529193
1523,0.0007505609255509,0.0002888082251221,0.1488209487783471,0.0058789445520234,0.1458356805759623,0.0043878022360355,0.001216713666436,0.0003811664427285,0.0430636676195886,0.0026311921738764
1524,0.4700718102064498,0.0489428022430935,0.0001051696656016,5.572594808917833e-06,0.1661658548989001,0.0034581342621757,8.611961379625916e-05,1.684476305457301e-05,0.0002213490786213,7.49332857643636e-05
1525,0.0007624250222474,0.0002563630043524,0.0423332417451616,0.0057883431862174,0.0405624550474061,0.0033448551384937,0.0009874951778397,0.0003295910821417,0.0133351853938445,0.0017192553183257
1526,0.0007471625349829,0.0002439468261524,0.0286066154259853,0.005103528108967,0.0231312310931084,0.0025373795298993,0.0009581448364339,0.0003134176494067,0.0089243700529457,0.0013445797698756
1527,0.0007278629968121,0.0002860647448704,0.3846000490830287,0.005519499076172,0.3820698515698132,0.0039807730113672,0.0017326091787527,0.0003868028315172,0.1830323361549031,0.0040713590161112
1528,0.5470360256591897,0.0350248775947035,4.620449380984937e-05,2.55661237442295e-06,0.1330924644599784,0.0068805518777852,0.0001030747793527,4.264310526616941e-05,0.0002712286539845,0.00012949894306
1529,0.0007544141114999,0.0002286142621268,0.0289343121086579,0.0051258873096947,0.0219634855703404,0.0024032487558611,0.0009721021716592,0.0002910874326909,0.0086808648479798,0.0013678102018562
1530,0.0007332289989654,0.0003249178890148,0.0263409668773119,0.0034253239324074,0.010870172330884,0.0027826005833949,0.0005766381572349,0.0003873365302125,0.0068708418171927,0.0017068183014241
1531,0.0007563514711236,0.0002621386107052,0.0473515959277471,0.0055997978135675,0.0450284214210692,0.0033101924438763,0.0010219123737604,0.0003389063406447,0.0139657215005934,0.0017209638964486
1532,0.0007390027742981,0.0002833538432465,0.0858022223383857,0.0058572730982964,0.083062290330785,0.0042452945533777,0.0010965106360945,0.000373117222032,0.0234977699130503,0.0021125809406851
1533,0.0020746088242073,0.0014865182917025,0.0961982917947829,0.0248301868198619,0.0440576327229626,0.0130781004981653,0.0018055602285221,0.0013682541086644,0.0324728391470446,0.0073047195675496
1534,0.0008076200460027,0.0002777857850825,0.774377586209831,0.0053778323530786,0.7709083278836839,0.0036516919272677,0.0023411381729544,0.0003801573587031,0.4025445434158145,0.0045640876370314
1535,0.539155964187166,0.0339712899109874,5.19429646899338e-05,2.955455334055082e-06,0.1406942461749847,0.0075443143996619,0.0001102498683133,4.194043971571561e-05,0.0002978887409546,0.0001307489552729
1536,0.0007342422441672,0.0002876552198967,0.2612202729572518,0.0054210456021244,0.2582169494139841,0.0038450210466594,0.0015729108151217,0.000388207413413,0.1192353200917904,0.0035466544257524
1537,0.0007294336089126,0.0002902349193426,0.2535511090708594,0.0054933356941659,0.2505770950959745,0.0038814077404591,0.0015652609027457,0.0003909613602412,0.1129371097348473,0.003525050010079
1538,0.0007411530016833,0.000288253995583,0.1816067674294997,0.0057217641228348,0.17871721437875,0.0042017576464534,0.0013175833318555,0.0003848799015951,0.0621833113026873,0.0029777276027041
1539,0.0008008031020387,0.0001335023911019,0.0280102937860205,0.0035549375399605,0.0123693448132666,0.0021309252104543,0.0006279052648891,0.0001658203050734,0.0073979507446363,0.001449468994291
1540,0.000764566761101,0.0002497765903214,0.0284148191577666,0.0051669403927588,0.0232795887033252,0.0025769179103908,0.0009671817597277,0.0003198375532168,0.009123601075565,0.0014126533272588
1541,0.00077263929368,0.0002631482603964,0.0381813570967042,0.0055990483179517,0.0362581043630044,0.0032116868891713,0.0009900865163231,0.00033959946576,0.011735867417586,0.0016726942804982
1542,0.000720647195303,0.0002816906486678,0.3741757895273085,0.0053748004888181,0.3708457032653342,0.0036404171571021,0.0019385735117965,0.0003832559214675,0.1929408934924507,0.00388378361307
1543,0.0009529266514339,0.0005929566430553,0.026563525549106,0.0036795173378569,0.0138666545480812,0.0034216026745751,0.0009446328818004,0.0006710103370011,0.007110636114668,0.0018446407294511
1544,0.1521465548256266,0.0199375920313976,0.000227593004462,4.340201713271033e-05,0.5047507678205974,0.0108993721022146,7.172433737762433e-05,8.042188328134886e-06,0.0003074850358477,8.800590088504902e-05
1545,0.0013675441471594,0.0002772869233593,2.843149316906165,0.0053164241312826,2.8351881146023725,0.0034227595586039,0.0036598019496628,0.0003826745290935,1.2559036148066074,0.0043957177634974
1546,0.0007993404468607,0.0001183586450649,0.0278249943386827,0.0033421049315073,0.0074468971748944,0.0014569597363056,0.0006752969785568,0.0001486238999782,0.0074613622519387,0.0010875877540759
1547,0.0007547831866081,0.0002969752820513,0.0270605552928247,0.0035083577759577,0.0113046106052216,0.0027902687845242,0.0007537730861248,0.0003574081125747,0.0087439461108544,0.0017397626319944
1548,0.0008353912619005,0.0002935247979071,0.7554441237253938,0.0053319718203478,0.7517279798691877,0.0035990325045375,0.0024117888366563,0.0003991799279376,0.3877172315216598,0.0044342739360233
1549,0.0007569273107002,0.0002458457391172,0.0372354483210835,0.0055162264655111,0.0349989792579978,0.0030370953279223,0.0010174837592421,0.0003159508869204,0.0110963203357972,0.0016937724259785
1550,0.0012839666107577,0.0002778706545131,2.033013917873359,0.0053198966277468,2.028951442658174,0.0034285633251505,0.0034637562846173,0.0003823456877129,0.9422759139325184,0.004325384331228
1551,0.000743215203681,0.0002630206114889,0.0591370629078684,0.0058587399760805,0.0566632937858234,0.003647960450696,0.0010504591908487,0.0003406145996082,0.0170913234336154,0.0019247350206726
1552,0.0007895374516189,0.0001067042647523,0.027324888723984,0.0037614205796026,0.0055266856451662,0.0013587481773935,0.0007680337164748,0.0001341988438301,0.0072595062293544,0.0008623121876061
1553,0.0007546065511045,0.0002742843321276,0.0297849213102374,0.005160524781744,0.0272875332372059,0.0027591424699192,0.0010093184135573,0.0003540264928224,0.0090392710007549,0.0014968302443356
1554,0.0007381388728783,0.0002931244712291,0.3171084830228398,0.0055048769714388,0.3145581860896686,0.003925745890743,0.0016745249020761,0.0003943343399104,0.1507365131816099,0.0038488248327294
1555,0.0119015941658106,0.0016818979264894,0.280729356718504,0.055044308221563,0.1432564450110439,0.0297672194756871,0.014315866317051,0.0016879894857579,0.1840285122157305,0.0532302647412593
1556,0.0007536535696393,0.0002901703837076,0.1042247190807398,0.005584514622963,0.1013359623538673,0.0039168603084194,0.0012479681180186,0.0003860371858008,0.0365738091068294,0.0025855871082011
1557,0.0040382801428055,0.0010390469779425,0.4314717646614028,0.1365048084117972,0.2562879794707089,0.0475648530073622,0.0075908542677147,0.0011262579261465,0.2762732741570866,0.0819565953188543
1558,0.0007375520329352,0.0002876818577283,0.147332386935896,0.005582494327262,0.1443125377549866,0.0040091721865763,0.0013192865305537,0.0003834158131362,0.0517108982364404,0.002821924093115
1559,0.0007324495852251,0.0003632801070921,0.026933784724523,0.0038031528446314,0.0131220717052207,0.0032532492799581,0.0006558601611827,0.000429754018319,0.0070971269933764,0.0019541777181959
1560,0.0007351666410298,0.0002822838889741,0.3081840500082326,0.005527642666235,0.305358268399977,0.0039221757847455,0.001614869544285,0.0003820250219367,0.1392459532363718,0.003747991786932
1561,0.0007234149723914,0.0002883695328921,0.4288708497871067,0.0054959367153818,0.4263086379458538,0.0038441695177176,0.001869313155941,0.0003902956025351,0.2145781886595656,0.004189153878519
1562,0.0007578269492617,0.0002448220235883,0.0293406602611519,0.0052986910704003,0.0263045619246006,0.0026744586543871,0.0009759337498002,0.0003124308432953,0.0101913361326174,0.0014948405819858
1563,0.0007598213619625,0.0002338792866609,0.0285465980925784,0.0053570016511944,0.0259248720861139,0.0026573389372013,0.0009439677820067,0.0002973109644481,0.0097711191999656,0.001479933926302
1564,0.0007647592967961,0.0001227594247459,0.0267560362998145,0.0038530236950468,0.0111590029837691,0.0020786694308749,0.0006865923850779,0.0001543281189354,0.0070670565336433,0.0012164336813292
1565,0.0007642955070499,0.0002231558389914,0.02896178076125,0.0046126130146122,0.0116408847529374,0.0017372754368172,0.0008875228267464,0.000281516597331,0.0075337437711673,0.0009923665802493
1566,0.4549975171297778,0.0502845787644302,0.000108873525275,5.970120531030132e-06,0.1665335651994536,0.0033309970504238,7.669025875086925e-05,1.5648171064063864e-05,0.000237851853228,7.479920350636947e-05
1567,0.0007933952499062,0.0001331146921896,0.028807181004926,0.0034816258475348,0.0059757274365466,0.001547602768867,0.0006673916647275,0.0001669992931115,0.0077467439558422,0.001151070348175
1568,0.4954909919717667,0.0398054072034787,7.339237450924949e-05,4.430826555815023e-06,0.1547197631402443,0.0056888646726373,0.000106994607799,2.4669672337456895e-05,0.0002244558714536,0.000102743533488
1569,0.0007862108345383,0.0002428683858909,0.0256934905436431,0.0034343913323856,0.0113799228611442,0.0026298648404521,0.0005560906275032,0.0002951262830186,0.0067379185464816,0.0016507584526469
1570,0.0014314242686969,0.0009648543808835,0.0252998480520887,0.0068044753353446,0.0196887843434596,0.0060911627504405,0.0013476711200131,0.0009982703794398,0.0107592687196705,0.0033302595519996
1571,0.4627846648436852,0.0499827116444185,0.0001111279937364,5.9296141724273655e-06,0.1673616843195516,0.0031025894223876,7.838833712206302e-05,1.3920428916072322e-05,0.0002321989970478,7.118734294868712e-05
1572,0.0007679817762051,0.0002406310036662,0.0370994894876315,0.0054759627407714,0.0339087686968627,0.0029859961271764,0.0009558607072882,0.0003090768720478,0.0123274372584754,0.0015249186061185
1573,0.0007272967172973,0.00032160941604,0.0262594020179432,0.0035761553716901,0.0120057105264893,0.0027463874127222,0.0005963646868112,0.0003840843952775,0.0068610095676176,0.0016582886722942
1574,0.0007497334676852,0.0002865788044433,0.0822045481336057,0.0058676121950512,0.0796634942260189,0.0041623750241834,0.0011212481083734,0.0003764851057925,0.0242054401644142,0.0022260191548564
1575,0.000748884978963,0.0002858212437255,0.0903854086318798,0.0058402456950639,0.0876146367088293,0.0041928723987859,0.0011363818268555,0.0003767357695442,0.0263080605651339,0.0022672204796402
1576,0.4750517058453017,0.0424012377987481,0.0001005201556943,5.396819989564318e-06,0.1649420733849916,0.003952225685407,8.903515156326723e-05,1.724665654719033e-05,0.0002440521118006,8.347452028379697e-05
1577,0.4831559860071139,0.0454808360141032,9.541829208439744e-05,5.20713274622515e-06,0.1638039601228661,0.0037867408011673,8.780565518626018e-05,2.0101635165616588e-05,0.0001932632623863,7.077843336664478e-05
1578,0.0007307150809258,0.0002870849339541,0.3369751499158078,0.0055062600920337,0.3343319617334148,0.003890506160357,0.0017080007245544,0.0003874297933223,0.1613424100389735,0.0038943026685771
1579,0.000747444565719,0.0002935508864606,0.1662525006919891,0.0057441258627059,0.1633347340413023,0.0042205080582893,0.0012842224896284,0.0003915128351623,0.0538912839640275,0.0028503744318376
1580,0.0442716885852587,0.0039499269603756,0.1535701778199246,0.0496011795568073,0.0980673502989895,0.0447253121707102,0.0233928561514835,0.0033969493160042,0.1321009076784711,0.0485684033940796
1581,0.0007388908627999,0.0002820020511769,0.3038405979061996,0.0055487290179462,0.3011230084803177,0.0040124560465944,0.0015803187979586,0.0003811653525494,0.1376090209662355,0.0037571280214977
1582,0.000766341388121,0.000241899914892,0.0388241771723656,0.0057107076413053,0.0366471031077988,0.0029554216126045,0.0009642051436867,0.0003084120749236,0.0126787810003942,0.0016036657612462
1583,0.0015195233731971,0.0002813620280578,3.96534528574922,0.0053425207166565,3.956102078405597,0.0034135448991238,0.0040130165346873,0.0003879910232527,1.659034520361739,0.0043258008653973
1584,0.0007441914154574,0.0002709780742297,0.073688955277332,0.005787840911269,0.07104555905305,0.0039402773828028,0.0010999276347394,0.0003540082339725,0.0207492505877591,0.0020676164128565
1585,0.0007319586735037,0.0003654646833303,0.0317189951282789,0.0073405998082281,0.0151880693864436,0.0042474033062686,0.0009093395943207,0.0004335872843626,0.0099856307977363,0.0028015046445499
1586,0.0007558057914883,0.0002858746065003,0.0683007890114178,0.0055958648610761,0.0654501021864406,0.0037412355850959,0.0011406360691199,0.0003765976671402,0.0195285112584024,0.0021448635836548
1587,0.0007513182803864,0.0002378926680199,0.0290832123035128,0.0051113790827471,0.021166384181752,0.0024294530537798,0.0009570636875284,0.0003031699551813,0.0076268340693628,0.0013547069402161
1588,0.0007539926946288,0.0002764954655259,0.0355143654957148,0.0054138859264118,0.0331919013994127,0.0031174303851404,0.0009810010546794,0.0003560012687963,0.0114390728381386,0.0015745934107387
1589,0.0007202633360938,0.0002789749119751,0.5141961180863812,0.0054303514983634,0.51108210956519,0.003712425535509,0.0020502172196905,0.0003805413515017,0.2617979687770308,0.0042325997885858
1590,0.0016158493765089,0.0002760944233134,4.325239555792397,0.005364217954763,4.316309784567867,0.0033763786139025,0.0042500271824772,0.0003790959768446,1.7787765775851814,0.0042502551905511
1591,0.0007921398920745,0.0001078853395665,0.0283252484314024,0.0037383216391137,0.0062999376904472,0.0014251256376605,0.0007398298570901,0.0001334678456128,0.00750536015082,0.0009651815683095
1592,0.0007304470794768,0.0002822654877039,0.3394101887000416,0.0054551327455366,0.336436714758449,0.0038271535945279,0.0016918035819211,0.0003812255402724,0.1570084990729555,0.003841992237483
1593,0.0007860769767436,0.0001837849660151,0.0288482007983498,0.004137787520213,0.0110944014808326,0.0013100839609895,0.0007750252047031,0.0002271984257386,0.0075956433910618,0.0009164063798905
1594,0.0007736404378547,0.0002493058731593,0.028713339850564,0.0033780083910311,0.0101355815500155,0.0025551702073838,0.0006769251837565,0.0003051205489407,0.00750677626881,0.001585123048342
1595,0.0007408925334164,0.0002421184705822,0.0286515288146102,0.0052386473637627,0.0226120236420228,0.0026409798516937,0.0009773469111346,0.0003107528981675,0.0084430833095573,0.001491908073186
1596,0.0007474447703818,0.0002918306230694,0.5296978599970529,0.0053595826028294,0.5267220564603933,0.0036886071512933,0.0021926914150766,0.0003955388520869,0.2766405237013882,0.0042360845141432
1597,0.0007737071860789,0.0001336275889345,0.0292471672126554,0.0037482596424236,0.0107180159122911,0.0009669420113289,0.0007543475827203,0.000163253308352,0.0075228437750412,0.0008082339564907
1598,0.0007719228808645,0.0003090542440887,0.0290440289140319,0.003806026359829,0.0150404541656205,0.0032941225691549,0.0005471151877822,0.0003737071651079,0.0084156468391939,0.0020282951628652
1599,0.0007578065801771,0.0003134265452597,0.0275233781845876,0.0045973081492678,0.0124959629448103,0.0033157086732269,0.0007708553634101,0.0003769364414544,0.0071722992657894,0.0020626353010992
1600,0.0007361756290476,0.0002827904855191,0.1965932299099199,0.0057614325812881,0.1936963838371861,0.0042758090253087,0.001319308358889,0.0003771414200786,0.065914016782607,0.0030198922441496
1601,0.001580302460478,0.0002837969731755,4.426444365761231,0.0053529880236338,4.416505557001159,0.0033886107157047,0.0041639031828436,0.0003893970249455,1.8107267454688944,0.0042944709448581
1602,0.0010221810390989,0.0002881785811197,1.1724645153467466,0.005323052040347,1.1676849647212226,0.0035000898735013,0.0028566336403354,0.0003947573216207,0.5791459317961474,0.0044141376928575
1603,0.0007730480077545,0.000225544880333,0.0333828628764833,0.0055420486825106,0.0310777182059787,0.0028122268719831,0.0009417978785261,0.0002858632644575,0.0113002582391725,0.0015114282817183
1604,0.001059420798195,0.0002844399963109,1.341838623315083,0.0053495999703162,1.337203592692004,0.0035280288550255,0.0029349097852328,0.0003903013182742,0.6557968758019679,0.0045989982646268
1605,0.0013262120696237,0.0009078503270356,0.0235315812832799,0.0050764242656099,0.0197101165885795,0.0055788400845148,0.0012883027188994,0.0009748935187556,0.0103374794682833,0.0029282156246629
1606,0.076802541735378,0.0041076296327629,0.1846141768504089,0.0228180419331265,0.0846266800968245,0.0366717872978483,0.0139191072993442,0.0032430478122383,0.1701364977370762,0.0226724822578481
1607,0.4672410267264422,0.0427704758794502,0.0001062017093353,5.654933168044344e-06,0.1663966359011978,0.0040017503853054,8.433982412197134e-05,1.5209153752136382e-05,0.0002373898783214,7.971636305277657e-05
1608,0.0007825707202313,0.0001217421072173,0.026506875838352,0.0039937568656337,0.009463610833031,0.0017198812135665,0.0007720095188468,0.0001508253721037,0.0069294122964283,0.0009638045224567
1609,0.0007703263571087,0.0001427967157145,0.0274845303698235,0.0033789032856142,0.0085608691430331,0.0018076975106279,0.0006264698448274,0.0001780598979591,0.0073288198394522,0.0012897146808333
1610,0.0007913217715807,0.0001271555864612,0.0278621007499913,0.0042327367339725,0.0132628597837082,0.0020239191971574,0.0007323528701714,0.0001573845196231,0.0071171135849626,0.0011457125465842
1611,0.0007790937267846,0.0002145898240036,0.0287802154996333,0.0033849306282932,0.0104576631342426,0.0021833411795716,0.0006050475700578,0.0002632918513003,0.007399541887074,0.001384939432176
1612,0.0007434326296785,0.0002971050598036,0.1099118122236173,0.0057795788239537,0.1070863473914321,0.0041930092973397,0.0012142275595486,0.0003925965049802,0.0345122849357963,0.0025206813963786
1613,0.0013830011129385,0.0002861474195432,2.713465283375728,0.0053261552218559,2.705797229158116,0.0034239539514507,0.0036948844031181,0.0003931340704356,1.2023049712866454,0.0043515833933977
1614,0.0007813170345382,0.0002202290686054,0.0291009714857197,0.0033286586683205,0.0097618800191124,0.0023125111537551,0.0006678296181732,0.0002690153318914,0.007664502940099,0.0014945273996436
1615,0.5194559492019052,0.0340214731069204,6.738069190247063e-05,3.72781372248614e-06,0.1459912548579963,0.0075969185898782,0.0001129077000456,3.650496382136415e-05,0.000263606935721,0.0001207467950983
1616,0.5218205014882228,0.0372090346424025,6.616857750932975e-05,3.586291558525801e-06,0.1480532200574168,0.0073827833686435,0.0001198299434371,3.0142508996730462e-05,0.0002634511662166,0.0001185748015843
1617,0.0007448301294569,0.0002924056909145,0.083027175795072,0.0056937233116375,0.0801964067206598,0.0040151257331375,0.001137690802172,0.0003842693842834,0.0244267992271568,0.0022059935431267
1618,0.0007527504812812,0.0002845298575509,0.0591516448840343,0.0056525275787764,0.0563685164623236,0.0037124545633557,0.0011009639857723,0.0003735742753024,0.0177856918697403,0.0020112744196377
1619,0.0007691311232067,0.0001991821152974,0.0274781791854042,0.0034820683413797,0.0082656554032103,0.0021985931119356,0.0005945765503496,0.0002433398424609,0.0073565265195598,0.0014188085931334
1620,0.0014877211474139,0.00096585499564,0.1798468232958818,0.0699142895345879,0.0651701434607017,0.0134223995179848,0.0024299562749403,0.0010090034367426,0.0896612402387418,0.0189416389653507
1621,0.0008186365605538,0.0005728512118061,0.02662925173919,0.0045934918551049,0.0146763100168705,0.0041917990303718,0.0009141069509628,0.0006490425615475,0.0076855476018367,0.0024512594087909
1622,0.0007315169446733,0.0002931393775877,0.5365537224707486,0.0053494680587856,0.5329674047783634,0.0036208937529796,0.0021511299905112,0.0003983399416347,0.2783585810968167,0.0041690085415085
1623,0.0007780206738428,0.0002337842629311,0.0281878037795954,0.0035284474254856,0.0105303321246675,0.0025217377349014,0.0005312042477577,0.0002844929107435,0.0072291120929268,0.001631347249965
1624,0.0011154201287349,0.000645334643116,0.0660042243003205,0.0150821789502369,0.017457402242909,0.0049849105679146,0.0010101765524639,0.0007248886476115,0.0183438797908164,0.0035394330723516
1625,0.000742943879835,0.0002857288157443,0.1185687468077323,0.0059051883679179,0.1156263686482713,0.0043051280576936,0.0011826156593154,0.0003768745177082,0.0331791151122722,0.0024335225460033
1626,0.0007288204002779,0.000293457188144,0.3225831555821827,0.0055020940553997,0.3200641924707172,0.0039883193431393,0.0016785913013571,0.0003958604219456,0.1584479433294735,0.0039409191091444
1627,0.5107021842748696,0.0402066726050656,7.328122517460278e-05,3.962455078691294e-06,0.1516675046472675,0.0058710998175514,0.00011306275349,2.389227842388138e-05,0.0002636372057309,0.0001041265938721
1628,0.0007520756361958,0.0003466000897351,0.0274518953123461,0.0035208952662973,0.011270028443151,0.0029677520827626,0.000598472465738,0.0004108909957152,0.0072111366362172,0.0017581723882483
1629,0.0010647610142581,0.00029473096589,1.3089864226502677,0.0053268129207972,1.3042754621608803,0.0035184455023404,0.0029501950793304,0.0004035587882007,0.6369766383446821,0.0044642241691164
1630,0.5319935939695006,0.0346953287186138,5.878138643879524e-05,3.252990358903511e-06,0.1420533025022169,0.0053430410531272,0.0001070687561158,3.3835261153859474e-05,0.0001742010638589,0.0001040036081193
1631,0.0007422527112776,0.0002593617424584,0.0361197796758434,0.0054172156808007,0.0340287900251884,0.0030529159181133,0.000993271146569,0.0003352387975568,0.0106896708779492,0.0015756099709097
1632,0.0007656603644458,0.000236840266799,0.0288163406674491,0.0054432431787301,0.0268038310160032,0.0026808930945811,0.0009792585977117,0.0003018489928252,0.0094834200929604,0.0015916150707462
1633,0.0007814104618063,0.0002087121399264,0.0288934033268031,0.0042003060874733,0.0089232935276143,0.0012510569072828,0.0008284584804387,0.0002610739376938,0.0075856640301664,0.0007684422803915
1634,0.0007825665556002,0.0001225351947166,0.0289986904770763,0.0045190407366652,0.0142960328088962,0.0020763963602576,0.0007959984163543,0.0001505381480786,0.0076214074542811,0.0011697346621528
1635,0.0007482654574773,0.0002717556201591,0.0688179889681357,0.0060289706219232,0.0662987864646116,0.0040050978765421,0.0011009239362096,0.0003531924648153,0.0214614814036683,0.0021649850026721
1636,0.0007515900990721,0.000279313966515,0.0420320434941305,0.0054285252960211,0.0395381618171601,0.003306775625158,0.0010357529598169,0.0003629448314235,0.0121254120053336,0.001726194085688
1637,0.0007497224962692,0.0002693625756089,0.0343572558398391,0.0053662901338044,0.0324337180393658,0.0030244572123523,0.000983837936105,0.0003471575914063,0.0105231813051503,0.0015224956496494
1638,0.5030110626321744,0.0388214030642328,7.979217076992798e-05,4.309611901660152e-06,0.156166532949713,0.0047431324358233,0.0001072047094811,2.011418957630433e-05,0.0002355460419714,8.944279885401183e-05
1639,0.0007379715597299,0.0002842316328653,0.347718864622157,0.0054523300073654,0.3448280392816641,0.0038115120155617,0.0017443811879488,0.0003855150300852,0.1693001516150446,0.0039072516294275
1640,0.0007893847246645,0.0001367692875664,0.027625209037239,0.0039399445569041,0.0114940636704636,0.001637141154009,0.0007396608108802,0.0001686613528637,0.0071047377991405,0.0009885196078427
1641,0.0007509887094272,0.0002635851964722,0.0436908723435937,0.005611526513525,0.0411861360043993,0.0032585157356266,0.0010480241711113,0.0003410070439682,0.0132488658849724,0.0017927663935844
1642,0.0007538599994761,0.000275585011737,0.0404481865192276,0.0053892560640001,0.0381291336254836,0.0032496271427447,0.0010034913014978,0.000358288452363,0.0114510762132506,0.0016177260184724
1643,0.0665980231638391,0.0043122453561761,0.2146014873321085,0.0535702454927453,0.1238550579321744,0.0583383466915532,0.0277089854617293,0.0036011254685859,0.1795928200529047,0.0528568164224196
1644,0.0007753119736139,0.0001700497165417,0.0292665787233536,0.0044834617728976,0.0160641545127504,0.0018968482607606,0.0008014020640696,0.0002102914484839,0.0077346210899519,0.0010043914453133
1645,0.0007851629770491,0.0002207340051267,0.0280305926587721,0.0050883764596776,0.0190298098228729,0.0022644416050136,0.0009313880351463,0.0002779663190411,0.0073764320677502,0.0012960242240301
1646,0.0007758130322361,0.0005408073960742,0.0257260130920434,0.0039612347294348,0.0136000547531886,0.003677792841945,0.0010546593524393,0.0006124783174438,0.0080882860101899,0.0020441012194235
1647,0.0007469278519757,0.0002924056261452,0.1578785382190263,0.0057527565736325,0.1549728468588497,0.0042827966907752,0.0012668947922849,0.0003903329047499,0.0508163718798877,0.0028003812361997
1648,0.0007651052919221,0.0002615561465,0.0280783905402791,0.0052130884480467,0.0252183613275474,0.0027140727349836,0.0009514612765183,0.0003365512490319,0.008934773865376,0.0014294280226193
1649,0.0007944671176121,8.703765312375015e-05,0.0277734426619114,0.003825540609832,0.0073810219280528,0.001351519952409,0.0007401542954658,0.0001103094650531,0.0073310668687647,0.0009473980862381
1650,0.0007883748277074,0.0001746695074044,0.0263041283882802,0.0046019787825061,0.0189854431937598,0.0019745435422365,0.000829088656586,0.0002164007455365,0.0069175386670303,0.0010757640627299
1651,0.0707342337662995,0.0064257962676871,0.2289622241802165,0.0294893377365743,0.1035657840588864,0.0458772062378608,0.019753462949887,0.0053668403193112,0.1572392219944867,0.0293429183990568
1652,0.0007149516453265,0.0004023019408457,0.0262748917860677,0.0036672404155654,0.0125367557028085,0.0031156686161953,0.0007023233367343,0.0004710067857287,0.0069154002423275,0.0018733308139361
1653,0.0012354932606015,0.0002763027395863,1.9385607522894728,0.005325904336611,1.9341490315549148,0.0034300804295944,0.0033532285800133,0.0003806696927087,0.894625342001315,0.004341062206444
1654,0.5279722978466408,0.0357820542212903,6.128510818635371e-05,3.3576366418687632e-06,0.1429653596717548,0.0055249378130245,0.0001095625776107,2.9494247006096416e-05,0.0002081867643825,0.0001027760396786
1655,0.0007285692908561,0.0003545797677266,0.0268121173976376,0.0036603613909192,0.0100266815589829,0.0031389521579701,0.0005991558298347,0.0004172545649413,0.0069754456832006,0.0018095275121841
1656,0.5498480080660754,0.0316103594957045,4.354008496096634e-05,2.495019668424019e-06,0.1292492667446266,0.0096469236250603,0.0001524396034057,5.749258851025727e-05,0.0004221532792642,0.0001642228289645
1657,0.0007547107918503,0.0002255302518001,0.0298384372068454,0.0054811127454042,0.0276446174610087,0.0026647463324374,0.0009469128111913,0.0002863252718799,0.0101527789623319,0.0014597188384193
1658,0.0007279455882276,0.0004491178502101,0.0350391782135354,0.0067237168303076,0.0180816148603571,0.0043345856134887,0.0007627662986738,0.0005208572547079,0.0093187662606847,0.0028474691198362
1659,0.0007403637363885,0.0002772941067292,0.0608753970823205,0.0055760006477166,0.0580349016323439,0.0036003477610326,0.0010902391886698,0.0003626769036889,0.0168915163199908,0.0019259807047896
1660,0.510912091323889,0.0373479287100415,7.328042266970928e-05,4.049549123291176e-06,0.1511664637427797,0.0068254103387231,0.0001076225304446,3.5253383525064005e-05,0.0002673368973474,0.0001136787839973
1661,0.0007798886643867,0.0001852627511259,0.0294936650220147,0.0038975863540957,0.0084316516815794,0.0010066854625054,0.0007878279976901,0.0002308659227098,0.0077831546845325,0.0007354951695737
1662,0.2885667124048295,0.0068546587599511,0.1527722923161458,0.0165721446835484,0.1364334968858735,0.0462123527767129,0.0122661500266778,0.0040771168108658,0.1227528689006237,0.0165354288251004
1663,0.0007402115787804,0.0002858716793456,0.150461512955226,0.0055980299738912,0.1474567335259508,0.0040503461464452,0.0012852946439691,0.0003833785763965,0.0524325121074276,0.0028114252142543
1664,0.0007347629165916,0.000287807171339,0.2665823684855068,0.0055689382838268,0.2638202440534637,0.0040962729200513,0.0014970523161273,0.0003863498867111,0.112595150945268,0.0035703392246816
1665,0.0008364124832995,0.0002887461420912,0.7243310499902705,0.0053632323661809,0.7206012564403981,0.0036014897473045,0.0024114206704874,0.0003933846018889,0.3805164271933422,0.004376852985477
1666,0.0008035523892828,0.0001758714268263,0.0284673438131336,0.0037365884042325,0.0108445177437523,0.0025387187529768,0.0006453542714917,0.0002188521307211,0.0076854124187084,0.0017112799749004
1667,0.0007746911979541,0.0002342606299283,0.0284058603803734,0.0050346961057794,0.0205107036326802,0.0023635569527235,0.000911347213326,0.0002985255830537,0.0082043173274924,0.0012157837871038
1668,0.0007216312730634,0.0002823955964481,0.3145769460021178,0.0054649445361469,0.3116512309340933,0.0038594166519653,0.0016327951766399,0.0003816937099591,0.144796760348449,0.0037496886124292
1669,0.0007698377602037,0.0002267578647956,0.028811408743134,0.0053059404966388,0.0224052199316818,0.0025667169704305,0.0009122161393217,0.0002863465355262,0.0082992719050581,0.0014392779004244
1670,0.0237777446984044,0.003062707836784,0.3087562550848343,0.0538159190337424,0.1330830986514978,0.0562761498554632,0.0187400567602644,0.0028210418878596,0.1923406375992747,0.0534202123190426
1671,0.0007590922921686,0.0003028983471693,0.0728885825467955,0.0057105303412583,0.0701223876629881,0.0038623204829425,0.0011282880340836,0.0003966705464303,0.0202771244265767,0.0021515766724845
1672,0.38551058379907,0.0062472101940391,0.2507589666977837,0.0235011285844728,0.1254571735698044,0.0558443361910214,0.0108870172978483,0.0043340086505931,0.1509549849809739,0.023429035757476
1673,0.0007503024227833,0.0002757062059172,0.0807936228606942,0.0059693128053649,0.0783044073809776,0.0042203948844542,0.0010783812356918,0.0003596443538446,0.0223555683463295,0.0020723329996379
1674,0.0007766402844817,0.000232568937203,0.0281726497318665,0.0053057523516234,0.0239969800316562,0.0024296854816602,0.0009491548952049,0.0002947767241379,0.0093862287748031,0.0014167446344857
1675,0.487846573157483,0.0433816263791156,9.238092905205993e-05,5.066055442980951e-06,0.1613755083069863,0.0041673096652174,9.474882682894369e-05,2.298604619342417e-05,0.000170682054766,7.513376230238747e-05
1676,0.0183135874584341,0.0024919875434218,0.1619520529225579,0.0421903905556375,0.0886935538361226,0.0387744984263313,0.0165497544764892,0.0023679326830553,0.1498882735462524,0.0415585739696727
1677,0.0007402736631704,0.0002876336662756,0.2896795611884583,0.0054674150762323,0.2868378321318792,0.0039021040952928,0.0016179024137895,0.0003882338410996,0.1336039444405072,0.0037081359099742
1678,0.0007361026011216,0.0002872963549268,0.2759401425636295,0.0055550138154186,0.2732196725048928,0.0039408897633957,0.0015842871745446,0.0003862116170566,0.1255256617030659,0.0036663672016767
1679,0.0007628580644049,0.0002325463372755,0.0306712871043894,0.0052831787923918,0.027816887565041,0.0026731805386025,0.0009687786890016,0.0002980819276111,0.0102652405740747,0.0014754337036495
1680,0.0007548908690233,0.0002480223038862,0.0418150751894427,0.0055636182635587,0.0396721631668051,0.0031785619257755,0.0010060838319803,0.0003194878368354,0.0126519185085974,0.0016531478395855
1681,0.0007711126908296,0.0002560915757932,0.0259353640586159,0.0037652178849132,0.0106166923205169,0.0027458492593776,0.0005328467500296,0.0003098790415706,0.0087700399999298,0.0017529930191116
1682,0.0014773216666686,0.0002763924454779,3.401727461641552,0.0053303560501763,3.393888377970453,0.0033926255910398,0.0039195219835913,0.0003805419973423,1.4582557788502108,0.0042439421418885
1683,0.3071048067220912,0.0079424302933979,0.1688436813569049,0.0179546569315287,0.1254636547736207,0.0514068442045701,0.0213618912148704,0.004926972818311,0.1546145792856278,0.0179084919841228
1684,0.0008336637229047,0.0005239300285574,0.0265100569801532,0.0040145214720103,0.0126152727982859,0.0037122991031714,0.0008341201684951,0.0005958551052096,0.0074308396683428,0.0020281646724015
1685,0.0007792248586984,0.0002101123842251,0.0272190680762304,0.0046579545133115,0.0147617374566912,0.0018784446056178,0.0008704044074912,0.0002638385948,0.0068992787849436,0.0009859269424509
1686,0.0007687698788759,0.0002553876617375,0.040507979924441,0.0055361947046223,0.0383197929343877,0.0030601317459222,0.001017381842074,0.0003282399563371,0.01197813386719,0.001702902414576
1687,0.0007680163351387,0.0002371482104166,0.0278659811743862,0.0046890613948252,0.016933324593894,0.0020439549192585,0.0008687177073599,0.0003013170280164,0.0073663962631022,0.0009953600348514
1688,0.0007488870553582,0.000288965191356,0.0838918562497974,0.0056414098505482,0.0809353723440286,0.0038344800218152,0.0011845852066087,0.0003809626159207,0.0248571555679599,0.0022984258908166
1689,0.4812293016095811,0.0435482188971831,9.700915777183912e-05,5.2633807387519294e-06,0.1651958470867707,0.004768028641843,9.12789233737389e-05,2.0691640991788824e-05,0.0002166866254838,8.532947424386489e-05
1690,0.0013334919155486,0.0002800271362955,2.5412160697383097,0.0053532272478442,2.536189544570775,0.0034325831062579,0.0035799985403765,0.000386666922097,1.1428454438673674,0.004379445197372
1691,0.0007459559570715,0.0002707194137832,0.0462253086681547,0.0055131167609409,0.0435127652586347,0.0032650257016925,0.0010594165108448,0.0003516429105268,0.0128235886172847,0.0018139745526617
1692,0.001892236625802,0.0002800566347434,6.23796415348754,0.0054547557738947,6.212936345006814,0.0034339914877695,0.0049054172099172,0.0003810903253739,2.410473022759617,0.0044602220674413
1693,0.0007341682824026,0.0002846605450923,0.2031130759033401,0.00560014817217,0.2002566564349355,0.0040059240437112,0.0014196151167115,0.000381273276713,0.0806037083396087,0.0032091942386724
1694,0.0007416896606146,0.000284734422929,0.1806869229567453,0.0058081711176424,0.1777400777335863,0.0043390414721372,0.0012881420114059,0.00037898967042,0.0594602085432141,0.0029345942450097
1695,0.0007471868942173,0.0002889470859214,0.2564542826249676,0.0056198709731246,0.2538310237009183,0.0041222661094319,0.0015063700441392,0.000387909119492,0.1108412189395529,0.0035894917623727
1696,0.0007863593439153,0.0001279779499379,0.02919130615336,0.0039405230288475,0.0098655700103423,0.0011890960923086,0.0007697467518988,0.0001573886596971,0.0076861808563278,0.0008038342888745
1697,0.0007391421363315,0.0002899736714388,0.1223413071015312,0.0056702268173237,0.1193807804495021,0.003993771015107,0.0012696980415446,0.000386566861168,0.0410695864222214,0.0026606035426639
1698,0.0017713559879018,0.0002736817127572,4.539169431517432,0.0054377104686504,4.5245577337389244,0.003437085019648,0.004614249121307,0.0003727038392046,1.862022677749164,0.0044267820695808
1699,0.0007472371111188,0.0002685398574341,0.0596319679166704,0.005797275795917,0.0569935778762828,0.0037376234521665,0.0010929978586927,0.0003490092260776,0.0181805704541549,0.0020362198146191
1700,0.0007312200335287,0.0002855776209495,0.3329097260252558,0.0054499114655497,0.3301807234063594,0.0038871172614613,0.0017020322112118,0.0003862895713656,0.163705329054422,0.0039313200741911
1701,0.0007563396933501,0.0002438270439128,0.0280122313283674,0.0051958739674688,0.0232923876862097,0.0025859077523442,0.0009369265000114,0.0003121063683532,0.0090488226579699,0.0013567661012284
1702,0.0007363473174898,0.0002907946928576,0.1528938976422403,0.005738496215996,0.149971509233608,0.0041696756735931,0.0012944936961333,0.0003879241113663,0.0528780171380741,0.0028424124309448
1703,0.0007417473284119,0.0003587205411462,0.0269054917829036,0.0037687754854613,0.0112811375942556,0.0028674166263515,0.0006201522614885,0.0004245106624476,0.0070042686926768,0.0015521157140915
1704,0.0007253774404759,0.0002748088013735,0.2857592556277184,0.0055020896293333,0.2831330088795442,0.003933403707591,0.0016035242387132,0.0003703352933767,0.1310972295617734,0.0037074859870054
1705,0.0007499371220474,0.0002692750601027,0.0380326575801177,0.005435246760033,0.0351556649728609,0.0030905991868015,0.0009755326858633,0.0003478522349353,0.0122675906369045,0.001534980544531
1706,0.0007298371374378,0.0002908917281587,0.3403015991724114,0.0055068415759611,0.3377943873173482,0.0038616280844177,0.0017845859625694,0.0003925408254074,0.1713101956249178,0.0039747329653295
1707,0.0007439702658412,0.000276555898422,0.0526702887441365,0.0056322498003459,0.0502363201929571,0.0035645900692178,0.0010302796913795,0.0003595018382352,0.0146298180017054,0.0017747162936355
1708,0.0007716274838268,0.000203617981068,0.0292224697930245,0.0048885090874003,0.0185660953502649,0.0020052397234298,0.0008732841006501,0.0002547192257166,0.0075507719239706,0.0011285168569718
1709,0.0007434460983561,0.0002702133023486,0.0713742023123277,0.0058150522402636,0.0688961653585668,0.0039986315897465,0.0010758699802449,0.0003538153547666,0.0198119816301911,0.0020037935044082
1710,0.5175025398691201,0.0410558844698201,6.808733339858133e-05,3.670913661594708e-06,0.1454131714850383,0.0046026295656536,0.0001140612965255,2.438389535329912e-05,0.0002512475313707,9.712234548516868e-05
1711,0.0007514367868312,0.0002602497534001,0.0427234581335971,0.0055716163045022,0.0397302141965509,0.0032393853529074,0.0009852188088188,0.0003342427754207,0.0139220359819095,0.0016379985672863
1712,0.0007859844446277,0.0002850574758255,0.6777366396414568,0.0053794490972508,0.6740258110105918,0.0036043697183093,0.0022955845372386,0.0003886518060265,0.3564452873917059,0.0043964764254094
1713,0.0015801265862699,0.0002775071101745,4.400257394126566,0.0053571256984247,4.390848712568995,0.0033898766757099,0.004158928960057,0.0003817015738549,1.803460402425897,0.0042996776514778
1714,0.0007647382171932,0.0002497526174259,0.0351579803190613,0.0054128565379831,0.0320238780795723,0.0028019822267144,0.0009836568969416,0.0003203248050065,0.0116522329955498,0.0015611650304299
1715,0.0007182217059979,0.0002800157318019,0.3678383181887826,0.0054521306153298,0.3651368556654248,0.0038058197378147,0.0018320652965917,0.0003799812533895,0.1884714002490914,0.0040453421607582
1716,0.000746586231964,0.0002793477471866,0.1092912713355513,0.0057598468231038,0.1064078626817205,0.0040650132707599,0.0011832148848512,0.0003677323922758,0.0317735137001619,0.0024006403424742
1717,0.0007594284991137,0.0002539821067165,0.0331706275273451,0.0053340325852328,0.0305781718400442,0.00285013587446,0.0009562013680097,0.000326083009973,0.0109904680971058,0.0014749497494336
1718,0.5042283724187896,0.0399346480584502,7.886601731563908e-05,4.248828567285627e-06,0.1552601508602676,0.0046312662204757,0.0001065740128359,2.189624378443452e-05,0.0001947445549327,8.581982569063156e-05
1719,0.0021305743093076,0.0002833485220339,7.373026583592604,0.0054938839448684,7.320214537375114,0.0035581077681094,0.0054453047321358,0.0003825667345727,2.7500491556730213,0.0049765865017623
1720,0.0007497680467103,0.0002917368595517,0.09738936697492,0.0057449834968025,0.0945912871517963,0.0040383765981121,0.0011693720970388,0.0003846012451123,0.0277563319741061,0.0023441773070945
1721,0.0007337956105077,0.0002834506173273,0.2315618190134311,0.0055485066463924,0.2289365608285185,0.0039591445092051,0.0015394058637529,0.0003798651983861,0.1039643057328228,0.0034892808850884
1722,0.000737138758916,0.0002785136171379,0.0852141740717024,0.0057133456087023,0.082445390302021,0.0040387678329467,0.0011516190067974,0.0003670698371565,0.025321738869515,0.0022672232422144
1723,0.0364547046888456,0.0030299053829804,0.2376459468629627,0.084591161667281,0.1082071629461181,0.0431284549129843,0.0300098777870333,0.0026726535267838,0.1901755268081462,0.0817720046242984
1724,0.0007585546913696,0.0002249315419905,0.0271928968377869,0.0035716902922812,0.0108203569223044,0.0027129941820309,0.000587049193162,0.0002754075432239,0.0080756490749667,0.0017176436013587
1725,0.5175330384600745,0.0366252628290786,5.923766491777341e-05,3.531254840901356e-06,0.1447716205977463,0.007188950141058,0.0001141720293221,2.894611876191231e-05,0.0002917129217934,0.0001191509623593
1726,0.0015915511258159,0.0002759845235873,4.157341617314931,0.0053313571998472,4.147406404757445,0.0033758122985306,0.004189738726372,0.0003781606761406,1.722155093588586,0.0042905414621859
1727,0.0424880581520621,0.0033189388665523,0.1926445419849113,0.0535122339396049,0.1119026285755081,0.0501289111727432,0.0254476316736885,0.0030680246687007,0.1167488501408629,0.0523644777333408
1728,0.0013064591724552,0.0002812019629824,2.2375697129148198,0.0053447984945032,2.233278951635843,0.0034253732695415,0.003520530917799,0.0003879773954617,1.0187735257421553,0.004328818718059
1729,0.0008573176126255,0.0002824001660014,0.9213749544223682,0.005375190325351,0.9172906512065172,0.0035989478016035,0.0024635737146525,0.000386484050308,0.4734102414621759,0.0045947371619198
1730,0.0008524862019386,0.0002812287172589,0.7966915199039477,0.0053674704221879,0.7929280180988082,0.0036103106166583,0.0024478766259606,0.0003845955140681,0.4086544270908066,0.0044311786403747
1731,0.0007642169979615,0.0002554705975071,0.0279779475297601,0.0052400105837467,0.0229128217043191,0.0026652415432124,0.0009801096652422,0.0003273103710468,0.0084548520285899,0.0014865916111911
1732,0.0007944418833603,0.0001149617497081,0.0283420776450246,0.0038054326018234,0.0090452071516973,0.0014787928105744,0.0007288804016913,0.0001428623001146,0.0075032297356339,0.0009706556343704
1733,0.0007210617779749,0.0002805701830968,0.4150191943382066,0.005427591516983,0.4119872009459018,0.0037046080172845,0.0019374618231083,0.000381753922046,0.2096989304674495,0.0040268985621502
1734,0.0007394956189165,0.0002547791634785,0.0439266028932667,0.0055919426528749,0.0416662848231134,0.0032142815887959,0.0010206643393293,0.00032805732995,0.0130208925057189,0.0016907345310539
1735,0.0007415829175131,0.0002855293633498,0.0631980866098592,0.005540495971007,0.0603874865047664,0.0036865729200502,0.0011190238461221,0.0003760276850007,0.0177857570395368,0.0020534681695785
1736,0.0007288455484828,0.0002861346753047,0.126088163693368,0.0056691047398172,0.122974048225659,0.0040382505273423,0.0012454908064569,0.0003800013410418,0.0380847821019132,0.0025609021636776
1737,0.5371877062338581,0.0345632992653972,5.4782670127101926e-05,3.024730587510157e-06,0.1404768534335602,0.0065179092796064,0.0001078674388948,3.964463297553802e-05,0.0002337558751107,0.0001201791440059
1738,0.0017380546151774,0.0002825126641855,4.729616208277318,0.0053580357825159,4.716765153379527,0.0033831676606551,0.0045411686890375,0.0003840288047507,1.9406192709414791,0.004300055861286
1739,0.0007580342514798,0.0002529310503373,0.0442821244238604,0.0056784794121412,0.042192581702606,0.0032596164344495,0.0010067571943997,0.0003257330008621,0.0133077640593233,0.0017007161330431
1740,0.5411224936045145,0.0347140259992537,4.732508968712502e-05,2.766272822716106e-06,0.1364879641232279,0.0072089740440073,0.0001058155034238,3.913143829080529e-05,0.0002688155505988,0.0001266824637441
1741,0.000785387432564,0.0001353890020348,0.0291107813978428,0.0034351428201352,0.0074074716557726,0.0016166808395865,0.0006748750987628,0.0001696067102682,0.0077474673935694,0.0011410301816445
1742,0.4359042297160392,0.0527190910275515,0.0001454766424353,7.392963385235919e-06,0.2007968823867816,0.0044621305588772,5.736262694763493e-05,2.0494556923736227e-05,0.0002536023904853,7.565863024417926e-05
1743,0.0008416837110727,0.0005268766915426,0.0261113680619166,0.0037227430535107,0.0116196616539444,0.0033512228969241,0.0008212834138381,0.0006013330490256,0.0072397203705586,0.0018799362363152
1744,0.1864382603645836,0.0087640119474391,0.2816888414209282,0.0106002280372818,0.1864976440212879,0.0976216612889987,0.0107705600583252,0.0037657126153788,0.2511808758058886,0.010580845817593
1745,0.0007538068940918,0.0002489886171221,0.0282844069008588,0.0052454479741793,0.023433683184173,0.0026737291220523,0.0009917193365077,0.0003192462089162,0.0087548409829858,0.0015140840504817
1746,0.0007438189629837,0.0002804694377347,0.05345577959223,0.0057015554787144,0.0508631110617584,0.0035589111769596,0.001055139928894,0.0003645688610327,0.0158339686695217,0.0018563075929248
1747,0.0007617551218091,0.0002922132608751,0.0375295102364332,0.0053555123108949,0.0351589198102834,0.0031308271160779,0.001006405329534,0.000380932784588,0.010743796381064,0.0015842678467727
1748,0.0007293710458082,0.0002876808552266,0.5048589617047171,0.0054238342716439,0.5017687616521882,0.0036912775338475,0.002113121445345,0.0003915227686929,0.2656415388327987,0.0042514220915865
1749,0.5073609509522921,0.0368509859276513,7.570467828426136e-05,4.167447913814564e-06,0.1522909074608576,0.005338329043567,0.0001043380573177,2.627503639257573e-05,0.0001929609877469,9.368905043909256e-05
1750,0.0007650725530568,0.0002805131642476,0.0490755912795504,0.0057515189801508,0.0465859414379551,0.0035840253655727,0.0010634576461893,0.0003646324642232,0.0152435163567096,0.001951211497638
1751,0.0007284113372947,0.0002857020551121,0.1340711086150688,0.0056776528436847,0.1311021592637654,0.0040689850042086,0.0012505414826633,0.0003805394852672,0.0423198577896109,0.0026352446027059
1752,0.4401508396522957,0.0501556802550676,0.000123625175344,6.883934245384874e-06,0.1793398232177917,0.0041523543484331,6.405061315139404e-05,1.8036974356573528e-05,0.0002226380951687,6.751103897235766e-05
1753,0.0007475339353882,0.0002377164066234,0.0415011407001773,0.0056799905800323,0.038791961126916,0.0032444678424006,0.0009388769842909,0.0003044913774667,0.0132843123871052,0.0015416480754319
1754,0.0015662725862372,0.0002761284037932,3.9429308792019473,0.0053356599343518,3.9338438649592375,0.0033750695493101,0.0041342278544142,0.000378855416003,1.6550949413668448,0.0042540502379665
1755,0.2052487857771049,0.0063882636653923,0.2396065131220323,0.0166617196015072,0.1267205331708192,0.0408673545237411,0.0132454737416234,0.0042539933082614,0.1481052345266443,0.016623175185937
1756,0.0007422964122051,0.0002755237986312,0.1255162232276539,0.0057728243239045,0.1225748339010371,0.0041557997477214,0.00123157044693,0.0003643401590555,0.0386949732702897,0.0025831824778111
1757,0.043853216853165,0.0038867967716366,0.1438746363532651,0.0387741854077356,0.1064413142436952,0.051073266051697,0.0203124591600802,0.0033391441141974,0.1005442197878701,0.038430808038619
1758,0.4567092659647551,0.04688729953954,0.0001056796157569,5.871054052455324e-06,0.1655234237176688,0.0033861494552861,7.78223834942071e-05,1.4595871587377226e-05,0.0002360893823825,7.576866248299046e-05
1759,0.0007834012680948,0.0001538357244982,0.0281465396143456,0.0042275124631832,0.010484719005381,0.0016070510668582,0.0007939649473076,0.0001897157691646,0.0072801068511314,0.0009069622759459
1760,0.0014250069896717,0.0002856800695243,3.0522108930132563,0.0053154356766375,3.042901187090943,0.0034196393255163,0.0037938592291709,0.0003926601839528,1.3265841659147732,0.0043594110080831
1761,0.3886398060157264,0.0709309976792933,0.0002339382361199,1.1265710208172432e-05,0.2629294306577331,0.0034444319333913,4.267614454246739e-05,1.7189135474180916e-05,0.0002657643931822,6.57860404610266e-05
1762,0.0007666841998071,0.0002274344741423,0.0285055918318661,0.004904711444198,0.0214577918147956,0.0020852723135094,0.000868188737351,0.0002870591817238,0.008581806860734,0.0011419141840876
1763,0.0007397991105652,0.0002857948079273,0.2339028717930863,0.0055586193540507,0.230945006923083,0.0039923441183131,0.0014548293993031,0.0003834518273013,0.0951865136239195,0.0033673796074947
1764,0.0007395603972724,0.0002862508871991,0.108838940163047,0.0056902986565431,0.1058816133725761,0.0040309345645195,0.0012010852797905,0.0003781110888285,0.0316097127261543,0.0024169871441377
1765,0.000724799733684,0.0002868182874501,0.323434054569591,0.0054399678473293,0.3205672397578267,0.0038273274180817,0.0016862621986649,0.0003871623585583,0.1518710025047386,0.0037795954641874
1766,0.2194338684090795,0.0129743124950116,0.0094720658809973,0.0011946117615115,0.2756891731354673,0.0050421562663637,0.0021354142080384,0.0002351822496824,0.0094092852072551,0.0011906403227336
1767,0.0013225946595298,0.0008805061864448,0.0269726786525337,0.0062024256392931,0.018019255503476,0.0053403553269569,0.0012721750394176,0.0009370589355198,0.0099239814398031,0.0030229811661518
1768,0.5120349318784418,0.0376675255439257,6.145644471082307e-05,3.7244965990449378e-06,0.1438614344352007,0.0052479860792969,0.0001082161693872,2.395635762286269e-05,0.0002361233928107,9.934445466990869e-05
1769,0.0007526892113423,0.000269699393917,0.0574242587031118,0.0056081232453914,0.0546930144934224,0.003519367249325,0.0010744359364999,0.0003511215647315,0.0163771311290903,0.0019057092502425
1770,0.0007514981608455,0.0002548521088758,0.0443619741574417,0.0054415741011375,0.0420556017286073,0.0031062184749598,0.0010119638388165,0.0003289548717776,0.0125394959809746,0.0016258979052974
1771,0.0010999537471866,0.0002799902176727,1.328705114577768,0.0052982626833739,1.3239640322127386,0.0034580206022599,0.0030374276552002,0.0003845938452262,0.648939101238102,0.0043832495990301
1772,0.0035946836017936,0.0007775301416116,0.3150947548387159,0.1501171625981557,0.1608980614518661,0.0368876144016857,0.0068267133779585,0.0008982493031169,0.2394265461840952,0.0751393072993776
1773,0.0007994496029625,0.0001034223545701,0.0279551755578618,0.0043254843848586,0.0119360459761297,0.0019911463430482,0.0008141174339709,0.0001282082229582,0.0074281490648424,0.0011003592519547
1774,0.0007843353460166,0.0001469520464604,0.0297120618897955,0.0034274308391919,0.0069266806846071,0.0016266737300048,0.0006698511443948,0.0001849169921953,0.0078756238325195,0.0011501011753863
1775,0.0008522258256593,0.0006010072384122,0.0263007223550543,0.0050390867186495,0.0183830274096372,0.0049524572249614,0.0009607525839252,0.000680258466175,0.0093368865244543,0.002861254434814
1776,0.0007484165200969,0.0002920324468393,0.1049478283266932,0.0058735714541323,0.1021636474021914,0.0043592793094262,0.0011370585497576,0.0003852634565435,0.0292161874535177,0.0023120200832696
1777,0.0007563638335475,0.000355530126872,0.0272489273666234,0.0035668888471942,0.0102067674156296,0.002702307952886,0.0006109980932995,0.0004188878311586,0.0070384645168938,0.0014832768412807
1778,0.0007318932795776,0.0002827881875367,0.4221270872669114,0.0054392930267627,0.4192911224732666,0.0037981054009902,0.0018643994131103,0.0003838193112477,0.2108236567907997,0.0041296634968541
1779,0.4765015056383239,0.0421896146340703,9.98091449813304e-05,5.368656027555286e-06,0.1641959681435004,0.0048854477036894,8.798466820977395e-05,1.9701164811265912e-05,0.0002190459764632,8.499506085410864e-05
1780,0.0012513179274273,0.000793653234108,0.1429247503474734,0.0433887529430033,0.0406981870400586,0.0075825320568535,0.0016191103601146,0.0008744914233005,0.0469028146569513,0.0081787697716191
1781,0.0007452436828986,0.0002922637683501,0.1589665983844424,0.0056752729317906,0.1562603424695356,0.004205516179747,0.0013365248613887,0.000389760474582,0.062766044927447,0.0030356683358919
1782,0.0505982899609047,0.0035720181033582,0.1480855906880791,0.0697777971044377,0.1114724304493625,0.0454939812085131,0.0304187131239901,0.0033496383020048,0.1404380810368946,0.0679540621178143
1783,0.0007537341200917,0.0002908921732145,0.1068098022287704,0.0059368115351868,0.1040377349462997,0.0044779095194812,0.0011209149174219,0.0003833265188261,0.0290311866646804,0.0022863330709949
1784,0.0007353838587293,0.0002701883779518,0.0639970240390398,0.0056377468054976,0.0614235701780159,0.003739079421806,0.0011242559042753,0.0003535262242304,0.0191107968651625,0.0020941237907511
1785,0.0007304297674638,0.000289077924616,0.4313926373968084,0.0054303677875453,0.4288001274798454,0.0038732876698553,0.0018497566741163,0.0003908442730381,0.2147984641412159,0.0042003194800995
1786,0.0007460426058086,0.0002741254289977,0.0439601499209545,0.0054878182273929,0.0416048316860735,0.0032690101826725,0.0010137232239676,0.0003558523207529,0.0128549420605004,0.0016597552922886
1787,0.0007670704183226,0.000269873649158,0.0383905001007306,0.0055158603813159,0.0363660423056851,0.003172501617881,0.0009871247392344,0.0003491950075998,0.0118017365912357,0.0015854636838007
1788,0.0007872474399504,0.0001587034128494,0.028047163873582,0.0033598246008646,0.0081938457561005,0.0018230923756082,0.0006462763675983,0.0001967941156976,0.0075318493941091,0.0012985097104209
1789,0.0007527354577464,0.0002893633960464,0.0262132012829051,0.0035066615760621,0.0111230589019282,0.0025135592671388,0.0005522460136825,0.0003493853778641,0.0068597988203769,0.0014686742949427
1790,0.0010469445480962,0.0002895158486884,1.263214677451571,0.0053685140865262,1.2583455781675137,0.0035170169229918,0.002912689818468,0.0003986929574344,0.61656833285218,0.0044325304622747
1791,0.5132273792719175,0.0385475968591589,6.423825599443148e-05,3.79012339236036e-06,0.1471953666739525,0.0051532501258387,0.0001140798210336,2.490851678054709e-05,0.0002656588500854,0.0001041577753328
1792,0.0007314324859377,0.0002915898400249,0.4735152245388093,0.0053822007424623,0.4704595712793353,0.0037609713599209,0.0019627271749234,0.0003956269201203,0.2387460581696366,0.0041515047597173
1793,0.0007532374984609,0.000263519678501,0.0609719296914678,0.0058915266411617,0.0585403604170829,0.0037501420639384,0.0010459764517379,0.000341442419566,0.0178433913726003,0.0019246228377384
1794,0.4205009809578343,0.0585212678357881,0.000168888012412,8.408373236476171e-06,0.2296168826756267,0.0031471223793884,4.612061320181655e-05,1.323467411160321e-05,0.0002785892301909,7.143227580627569e-05
1795,0.0007837468109892,0.0001766342521918,0.0288148391107542,0.0033614854799954,0.0085559553501841,0.0020551168274583,0.0006426609359123,0.0002179415743857,0.007598114592088,0.0013388633936868
1796,0.000777672196878,0.0001119370197645,0.0292645570652323,0.004181915641313,0.0125919186020626,0.0018978933969448,0.0007611644499576,0.0001387069173222,0.0076238111178171,0.0011175241672333
1797,0.0007420575571623,0.0002812891706817,0.0829491066643537,0.0056994701880091,0.0801098536980954,0.0039369599087968,0.0011598801990277,0.0003706709727912,0.0251412737657348,0.0022714410833533
1798,0.0007371893788995,0.0002873149802442,0.1419984047533142,0.0059101417599601,0.1392000143287623,0.0045128693218145,0.0012066337876757,0.0003816378425031,0.0431170972153909,0.0026547554733845
1799,0.0008496943024544,0.0005702257658825,0.0236587991036214,0.0038568287064118,0.0148995259795868,0.0035036736107633,0.0009406165250035,0.0006456293954812,0.0077892107412289,0.0019652849135941
1800,0.0007531584735988,0.0002737380619306,0.0689848220446866,0.0058698593856363,0.0664403968891322,0.0038927920028622,0.0010900088453223,0.0003551855596001,0.0202934318155916,0.0020366503089657
1801,0.0176290792723588,0.0019579675155603,0.1511583426669499,0.0663768066555437,0.0677491930131758,0.0284717459696479,0.0193990426741129,0.0019530803245517,0.1388766323558505,0.0631355667005358
1802,0.0007369351555524,0.000289468125375,0.163958681110913,0.0057348463457895,0.1610603563675747,0.0042602890740216,0.00128953896565,0.0003853339066077,0.0537945904174164,0.0028507524621072
1803,0.0007373400812688,0.0002857646664277,0.3621005520085716,0.0054640134239765,0.3594590593494185,0.0038283831583341,0.0017940742146964,0.0003856205299899,0.179248951463969,0.0040022365318653
1804,0.0007243355119622,0.0002858268862348,0.4305007336517178,0.0055106198563703,0.4281426158173533,0.0039759919969467,0.0017940094783773,0.0003864911821081,0.2107936215724705,0.0042819519080291
1805,0.4171920533867516,0.0547153317430694,0.000150815856373,8.194269482922954e-06,0.2166322660003436,0.0039301603237285,4.83357562889822e-05,1.5629521327132453e-05,0.0002755819679596,7.435921423941088e-05
1806,0.5495810137627515,0.0338634928678723,4.453875714191774e-05,2.4837075780952702e-06,0.1330404093819088,0.0081269700185629,0.0001123888654633,4.9534635670422994e-05,0.0003290710672326,0.0001434662081645
1807,0.0007274463601991,0.0002916636301297,0.3348911733515095,0.00545654837847,0.3321757583399624,0.0038511778379304,0.0017510943457987,0.0003938595048397,0.1632434109687507,0.0038911985843713
1808,0.5301917623003302,0.037491433211599,6.032262998196637e-05,3.2622316265704064e-06,0.1431888966836228,0.0047856091247987,0.0001129280509914,3.083231910105674e-05,0.0001739064680261,9.620568326909388e-05
1809,0.0007809237961775,0.0001735454726132,0.0281640461372642,0.0047321530006339,0.017110962401044,0.0018650616322519,0.0008377666167002,0.0002143086901177,0.0073272395900992,0.0011029359973484
1810,0.0007743237649034,0.0002109923876928,0.0279723921907968,0.0051949244275307,0.0266921539779623,0.0023855803679915,0.0008818402609899,0.0002656910447173,0.0096753757583501,0.0012406047204071
1811,0.0008035660855102,0.0005161047348805,0.0824019667259941,0.0210089745474827,0.0229378410464473,0.0055180455472939,0.0008866076550079,0.000595548090419,0.0244407935251972,0.0043830116498486
1812,0.0008076711317689,0.0001501548412757,0.0280396036176893,0.0039491486502013,0.0120265553539292,0.0020794926644368,0.0006915637813068,0.0001868205240995,0.0074581398061982,0.0012665980911208
1813,0.0007292324044629,0.0002873581606156,0.3748824167319369,0.0054831183184712,0.3720938834847909,0.0038399139242803,0.0017667018819398,0.000388686734203,0.1839397576220896,0.0040310716774243
1814,0.185915262762157,0.0075684027920336,0.1836747397530019,0.0117368869147694,0.1988289999695061,0.0998184774715373,0.0139838652900561,0.0037443517480998,0.167314129915395,0.0117084078588422
1815,0.0007524450566691,0.0002405419945106,0.0289485097730317,0.004804114693629,0.0146779740574151,0.00209940567253,0.0009139571168246,0.0003061584409802,0.0075059057343942,0.0011177550574952
1816,0.0166729123749035,0.001974149290477,0.1935255843503415,0.0527697842442889,0.087489616756384,0.0331950550504075,0.0175318460446011,0.0019327213027301,0.117012898687239,0.0512795273492025
1817,0.0007858232255291,0.0001812983060214,0.0290417294420038,0.0034795734471037,0.0099395148681341,0.0019991890888163,0.0006828906709807,0.0002257566470339,0.007653129762561,0.0011451273440378
1818,0.0007572771853624,0.0002576930955516,0.0336494311450254,0.005342231897521,0.0312219469490607,0.0029649946738946,0.000929164009355,0.0003304737454365,0.011033964984794,0.0013851957416109
1819,0.0007315148188013,0.0004720637029409,0.0276872681213479,0.0038799236289884,0.0130686769265389,0.0034326080223689,0.0007786677818946,0.0005472309210813,0.0082145032497233,0.0020631521682121
1820,0.0007722591993653,0.0002011337111635,0.0333262889654603,0.0056276790944901,0.0313131868637137,0.0027262788503664,0.000909200831458,0.0002523463070983,0.0114422804604456,0.0014886773293367
1821,0.0007775779316096,0.0001693991212699,0.0289561353030871,0.0041481554563831,0.0079382516871422,0.0012815878890932,0.0008235990459693,0.0002101724147084,0.0074648973898371,0.0008077834588514
1822,0.0007800220116109,0.0002387405262822,0.0286006478916225,0.0037179402511318,0.0134729695226395,0.0029644485357173,0.0007617094663527,0.0002930167863511,0.0081938157948205,0.0019712832066866
1823,0.000829977606542,0.0002850242820568,0.7022105404198851,0.0053589722533822,0.6985582924277531,0.0036126005002695,0.0023940308766685,0.0003887907009252,0.3620174930114608,0.0043290866097259
1824,0.427532149100515,0.052323401288377,0.0001546294041168,8.022057172201286e-06,0.2148206726676919,0.0039949947815608,5.099978413658912e-05,1.4417685944496734e-05,0.0002694457211401,7.346190293720534e-05
1825,0.0007889777017328,0.0001179027812109,0.0290164692928353,0.0037817113798729,0.0072389466090434,0.0010755203028454,0.0007485929071961,0.0001450900141443,0.0074922522132972,0.0007754651291366
1826,0.4297303375951454,0.0580958486311257,0.0001548420024695,7.853416931562397e-06,0.2135384685655615,0.0030600532204996,5.118882716702661e-05,1.4174200687196416e-05,0.0002550327705103,6.535927561816666e-05
1827,0.0007344845847515,0.0002657726229535,0.0588198670446686,0.0056429328937009,0.0562184380855303,0.0037122230589253,0.0010662650919048,0.0003473825529812,0.0167041079218579,0.0018859839938477
1828,0.0012881338115869,0.0008440534317561,0.0413796009219506,0.0074633620600282,0.0187959101732052,0.0052164530407868,0.0012007473446443,0.0008867218994623,0.012827317821688,0.0030723503207906
1829,0.0007340840206208,0.0002933659741288,0.4727556383763927,0.005390779255539,0.4699078774143947,0.0038195017281081,0.0019011686871118,0.0003968834699523,0.2390456677192667,0.0042700323322509
1830,0.0007364684298276,0.0002782333500485,0.0761885820312779,0.0058384263205806,0.0736742090409366,0.0041489798550701,0.0010699313977755,0.0003654229344802,0.0204852544011536,0.002001884877632
1831,0.0016221461666748,0.0002735360173419,4.412450556540833,0.0053992239259707,4.403558051436946,0.0033896647888204,0.0042577651315945,0.0003750170364481,1.8217594490534543,0.0042961453897417
1832,0.0011794767218257,0.000281110543711,1.6248354050798537,0.0053223507121588,1.6201670538615975,0.0034732132945031,0.0032197012150124,0.0003873223178297,0.7702942030085255,0.004409175001415
1833,0.0286843550127385,0.002635753878482,0.238332461681161,0.0746681539527224,0.1021407618094458,0.0388698498372851,0.024855321442058,0.0021876763702653,0.1821309566581271,0.0721774689406373
1834,0.1411344227793658,0.0075685026091271,0.1531734896526633,0.0143382236658227,0.1492800930163144,0.0734532633528005,0.0126186988814207,0.0042888653693862,0.1299922471700639,0.0143141970055162
1835,0.4290742843951238,0.0505783814707625,0.0001367097856558,7.75201868637002e-06,0.2020219976274716,0.0034250469246044,5.596190905429151e-05,1.4194083121078635e-05,0.0002732587681856,7.7641839328854e-05
1836,0.0007774419772573,0.0001780848007777,0.02909218345871,0.0040120923677583,0.0124835704008171,0.0011697019199849,0.0008196651992126,0.0002213823911499,0.0076684765685721,0.0007061130934398
1837,0.4905576881023635,0.042045359242421,8.126105574562314e-05,4.630279043549791e-06,0.1583885028424313,0.0038652725005136,0.0001018476560884,1.787235147289381e-05,0.0002516845227342,8.670849281229891e-05
1838,0.0007496741086962,0.0002586986056356,0.0302079618874469,0.0053296707401753,0.0277088888767958,0.0028865444010512,0.0010249406696018,0.0003344919934856,0.0097043557242326,0.0016263681770736
1839,0.000784457771636,9.481579400270624e-05,0.0291588993072816,0.0040188070869681,0.0106580912736407,0.0015618233436903,0.0007706471417967,0.0001183256237585,0.0076982272651403,0.0009453273498715
1840,0.0007769411622336,0.0001535742706813,0.0272469655103794,0.0033172789203098,0.0075923912626078,0.0016570354398292,0.0006808708784306,0.0001925161125484,0.0072871340615769,0.0010988066690884
1841,0.0016212794750725,0.0002782270190308,4.768183474375862,0.0053803274287207,4.759539990752967,0.0033913697092957,0.0042576707131204,0.0003828829321766,1.9293249466070084,0.0042704710929382
1842,0.4727101015350589,0.0411296018156876,8.943752951431765e-05,5.381558368029092e-06,0.1638444272336409,0.0042871963156239,8.988124502599749e-05,1.566448938735185e-05,0.0002389367362312,8.559042959565607e-05
1843,0.4932045776456982,0.0429060357060727,8.830506717534034e-05,4.746543444805064e-06,0.1613298641120895,0.0040691382997143,9.806208293866932e-05,1.7874774957922014e-05,0.0002287377430159,8.680070309304126e-05
1844,0.0008017243095336,0.0001217363392403,0.0273709156213046,0.0035484700469212,0.0052950330937427,0.0013403184726758,0.000734029117113,0.0001526731773948,0.0073106627206573,0.0009043804517982
1845,0.0007444686095008,0.0004717611634098,0.0236805409984864,0.0036019107692769,0.013617739889967,0.0032377918868387,0.0008086782152146,0.0005435638944593,0.0062167743695017,0.0017856869632723
1846,0.0013846725078954,0.0002836591493026,2.7935075831956726,0.0052915688238943,2.7856551695361,0.0034263508201541,0.0036982440668981,0.0003900951564274,1.2383987069782625,0.0043623970104227
1847,0.0014080529409904,0.0002773792044577,2.95081167447799,0.005346346212719,2.9419752852414063,0.0034168548053347,0.0037539873141632,0.0003829317570879,1.2972885987272085,0.0043819377598108
1848,0.0007522723556878,0.0002729007398697,0.0366655526636751,0.0054086597766668,0.0341452125238682,0.0032385079277947,0.0010373459581138,0.0003552282872205,0.0106741851595334,0.0017286612427261
1849,0.0014543052638663,0.0002799475007695,3.087524889183635,0.005312868173703,3.0775244208701475,0.0033968725332734,0.0038635672018135,0.0003843893399695,1.3470449424938482,0.0043380881345891
1850,0.0029585696002985,0.002412066508822,0.2486910010643155,0.0922131739590526,0.1090443368623906,0.0274376945549376,0.0026164629220006,0.0017777732524964,0.1736516098571877,0.037824649606945
1851,0.0007616770310588,0.0002048670094466,0.0267525331218663,0.0033477362518327,0.0083926493408021,0.0019342158259383,0.0006456183985849,0.000250600257902,0.0069526271910668,0.0012441420666086
1852,0.0007897945113731,0.000122429711852,0.0289345667482941,0.003404213383834,0.0065904080499117,0.001476722767302,0.0006622506988709,0.0001529538068058,0.007696940866679,0.0011444193142841
1853,0.0071775417667222,0.0013846503248223,0.2770490411875206,0.0667651393430958,0.1348844075743619,0.0276956474228857,0.0099910410364912,0.0014020226175961,0.1808785116281021,0.0617815499000225
1854,0.0007736024946348,0.0001314919722236,0.029420738324078,0.0036588571207985,0.0079905922944154,0.0016124062067407,0.0007213144806746,0.0001648793744013,0.0076188452291417,0.0009812048184972
1855,0.0007889434564711,0.0002226270044776,0.0280731775626439,0.0045501460286904,0.0130680474947454,0.0016173845470621,0.0009013628198178,0.0002805898536426,0.0072909917867081,0.0009316010046958
1856,0.523691175566077,0.0362692163899753,6.415164949190182e-05,3.453363890814831e-06,0.1435384568530296,0.0062520061487482,0.0001113162446586,3.031293267255138e-05,0.0002113131184956,0.000106213524603
1857,0.3982893139661495,0.0647784351800131,0.0002111903629628,1.049537729291976e-05,0.2560381311030917,0.0035380190512058,4.362917084919109e-05,1.333941223296916e-05,0.000248976508474,5.780797596262792e-05
1858,0.000745063627027,0.0002700839859216,0.0717535866374468,0.0057554541128778,0.0691077830411784,0.0039675025167087,0.0011034486185837,0.0003540046244504,0.0206463918846742,0.0020893735298807
1859,0.0235266163449073,0.002445312504406,0.2271590790359293,0.0562066174106241,0.1168985116748425,0.0299318250814679,0.0214966664521459,0.0025122510824984,0.1606628078512008,0.0542872987474496
1860,0.0007450151076543,0.0002665451831596,0.0859982373057873,0.0059200143560193,0.0832347007661997,0.0040735263174989,0.0011134230920959,0.0003485995923796,0.0233577417485692,0.0021338123510499
1861,0.5237656611929226,0.0345466878391287,6.0705453272920624e-05,3.464593802123986e-06,0.1454835066548841,0.0056344406277912,0.0001137966994915,2.7814143493648565e-05,0.0002101603140775,0.0001011139532645
1862,0.0011300398129432,0.0002831236527066,1.503515812835365,0.0053178953102511,1.498505652510952,0.0034695667869262,0.0031126025597475,0.0003908480758426,0.7155893616002081,0.0043576689497933
1863,0.0007505138054521,0.0002537162946154,0.055695882193948,0.0057281136650777,0.0531886823804281,0.0035116531352966,0.0010472984535731,0.0003282019998827,0.0165082678593113,0.0018527203313267
1864,0.0016313741486871,0.0002787775247552,5.072880605656793,0.0053192056864942,5.063411172292322,0.0033832984570778,0.0042828040180897,0.0003826440067777,2.029473376900732,0.0042708344640042
1865,0.0008050509756015,0.0002866760905988,0.7426232322974666,0.0053894026614,0.7389038609377622,0.0036366101413156,0.002338536373362,0.000391752200776,0.3818203194644348,0.0044498779190132
1866,0.0007931493097009,0.0002175214457685,0.0285538273421181,0.0043070555553553,0.0138888291401796,0.0015798100245408,0.0007948667246919,0.0002725079451689,0.0075703350573987,0.0009954736336059
1867,0.0007888238439802,0.0001086062021424,0.0291193015659376,0.0039777289348085,0.0103265860029785,0.0014821601220862,0.0007483620451654,0.0001337206468512,0.0077071523381475,0.0010072283887092
1868,0.0007624837578468,0.0002624854782369,0.0334931646739956,0.005370243100531,0.0309681810370472,0.0029981865091687,0.0009424124730037,0.0003375299475057,0.0111345661506974,0.001445755621069
1869,0.0007509596573087,0.0002810670130678,0.0792119563542199,0.0056388395943414,0.0764037203252246,0.0039330634902609,0.0011385550077231,0.0003721851648243,0.0224620263497533,0.002212086367267
1870,0.0007545582149358,0.0002182578922256,0.0271829403322198,0.0045525111097099,0.0131293956994604,0.0035483422481136,0.0004508021193211,0.0002680572382064,0.0075317119076288,0.0020330809577393
1871,0.0012584938454661,0.0002742151479335,2.2026625040695773,0.0053730390544137,2.197886325999237,0.0034489207178125,0.0034029648534275,0.0003793775544846,1.0158678786766473,0.0044505627761254
1872,0.0026218286487894,0.0021428431584956,0.3266383760802489,0.0852810006604051,0.1170870627229702,0.0225345348583559,0.0024011434923469,0.0016855039969065,0.2015332958291828,0.0360738987257998
1873,0.4576930607655655,0.0467668905926122,0.0001072176932286,5.964015927491839e-06,0.1668741130383933,0.0033499718690931,7.889133768155964e-05,1.466191854145274e-05,0.0002261399634517,7.173872912738531e-05
1874,0.1118104946930059,0.0053109171451394,0.1972172609736071,0.0780355524165777,0.1620143996500008,0.0780317100068569,0.0418419157046109,0.0052042502180273,0.1611111949512569,0.0773039005163104
1875,0.0007839226640081,0.0002103460556601,0.0283888545607955,0.0049320944284261,0.0187272377484994,0.0020916979769932,0.0008874910270356,0.0002647145603175,0.0076212719838738,0.0011453285454138
1876,0.0007605961027751,0.000270127477781,0.0279120490306944,0.005111693544467,0.0204698456161871,0.0026441919853615,0.0009644071672347,0.0003492059290136,0.0083433552682687,0.0013754108008226
1877,0.0010065474086558,0.0002812513537443,1.25908857748942,0.0053434696945756,1.2543102691858976,0.0035293685742678,0.0028134849042495,0.0003863696201594,0.6247825696505932,0.0045618237469294
1878,0.0016717773851586,0.0002777932142088,4.735644349215809,0.0053584896731762,4.725454535356212,0.0033794839385332,0.0043818656571041,0.0003802538636664,1.9064167653758597,0.0042757623238276
1879,0.0007315419907257,0.0002884391569996,0.2939667368693983,0.0054392117175399,0.2911967437109675,0.0038661723241227,0.0016692992016767,0.0003897211147544,0.1441510356094295,0.0037724765801614
1880,0.0007936023922722,0.0001430418351931,0.0292576479774098,0.0034569370706961,0.0069216852863995,0.0019219891387411,0.0006089184719723,0.0001789740470255,0.007708182333146,0.0014046372701549
1881,0.0007573900121725,0.0002966051592668,0.6524250093576723,0.0053827000237748,0.6491920905293166,0.0037033740903754,0.0022191336602268,0.0004023831571658,0.333767318822567,0.0044141912154803
1882,0.0015616150726452,0.0007574584021647,0.2671224508881364,0.1604655764016967,0.1094828237826128,0.0210312715759652,0.0039331531288579,0.0008425933151178,0.1203449323270812,0.0222109969195846
1883,0.0007556098689931,0.0003496340218928,0.0256575445894714,0.0037787360757982,0.0120130371512606,0.0031297760650164,0.0006409322073118,0.0004137309945108,0.0072791425531282,0.0017568454099026
1884,0.0007452112442985,0.0002757504721254,0.0958682747664877,0.0057713897490041,0.0930698675807639,0.0041423795301712,0.0011526935683057,0.0003636088062136,0.027963307782775,0.0023054817394005
1885,0.374556180574508,0.006868774913533,0.1550822436645015,0.0175829290824097,0.1274844579605392,0.0585025472159517,0.0151312688427535,0.0043588501225414,0.1502019598301084,0.0175580346885616
1886,0.0007508028107737,0.0002965405092682,0.1822287960283924,0.0058192868532727,0.1794770820401378,0.0043893022045016,0.0013069071018963,0.0003935639323888,0.0636044056611076,0.0030368825606554
1887,0.0014747289991972,0.0002879131509119,3.6600272010225168,0.0053132372172319,3.64966821135429,0.0034144208759123,0.0039110607183438,0.0003953059382388,1.55690888143442,0.0043409384219932
1888,0.000753004372677,0.0002701925239243,0.0284602799652803,0.0051218069956544,0.0230153989742355,0.0026930281795031,0.0009707555495838,0.0003492745497646,0.0082958877974873,0.0014054783387623
1889,0.0007427107303405,0.0002738266803062,0.0849807870761139,0.0058396206189162,0.082148677877191,0.0041595196849953,0.0010931038136103,0.0003597523514148,0.0222870392715117,0.002069910707326
1890,0.0037322764427679,0.0007160500172885,0.2472208240686009,0.1366279637469831,0.1025765949720446,0.0304303351090932,0.0073257242715098,0.0008464586173192,0.1921226426967809,0.0686789648120612
1891,0.0044849748105573,0.0010009894015979,0.167647140596626,0.1043745994918973,0.0629624619623053,0.0291525521076158,0.0076223625175284,0.0011301969931616,0.1514276082746759,0.0795098760256338
1892,0.0016016732126608,0.00111702674127,0.346540360980224,0.126707392563381,0.1098009373155906,0.016598256233056,0.0015845220856327,0.0010994972264331,0.1146400701012746,0.0159480449743602
1893,0.0007861410573828,0.0001646435962626,0.0267077759509269,0.0033073304683905,0.008095075743428,0.002008048110718,0.0006082223834772,0.0002051740540643,0.0072294927413645,0.0013370289660014
1894,0.1821345006031663,0.0078358258250351,0.3104232295563309,0.0290850263835146,0.1502642804723645,0.0554214896519415,0.0164925015472278,0.0052388696821288,0.2465691823632268,0.0290347545681069
1895,0.0007527624304921,0.0001719569754518,0.0262870933591655,0.0033617605480256,0.0080789834236665,0.0020513558247253,0.0005900515034475,0.000213804049735,0.0069272601804047,0.0013850163142329
1896,0.0012913704085795,0.0008130580069451,0.1002168040373133,0.0290365614758274,0.0202660946023167,0.0059721006714649,0.001529922628358,0.0008917359865402,0.0259005772394201,0.0068071814878379
1897,0.0007323410466868,0.0002862899835431,0.1497980812161423,0.0055982780712552,0.1468117383457476,0.004076660325166,0.0012856125382219,0.0003809434866195,0.0499678390147135,0.0027648139223335
1898,0.3934270254514028,0.0079048634934103,0.2700875008123994,0.0256748323512832,0.1454684985296508,0.0647063305942564,0.0168823218993228,0.0051919332812592,0.1588307848390749,0.0256086478506615
1899,0.0178146705061298,0.0026609208145981,0.1763500676384132,0.0478270242303064,0.1035671311179839,0.0517405647639763,0.0160832333598569,0.0025881892310175,0.1670987415443528,0.0472180690786829
1900,0.51747827546063,0.0386593531136532,6.887694344145369e-05,3.7050684337399926e-06,0.1478126146508593,0.0068645833625569,0.0001181011535019,2.7430412880324717e-05,0.0002634448088546,0.0001120175215519
1901,0.0007689604424394,0.0001780064687893,0.0276473896135781,0.0033455512185225,0.0082892777782466,0.0020598022365445,0.0006063004635245,0.0002191787424353,0.0071722419903794,0.0014150765672196
1902,0.0007752356245751,0.0001987868517281,0.0286067375766928,0.0042834887251012,0.0101015786080294,0.0013974814342934,0.0008265115827868,0.0002494044648148,0.0074648841678503,0.0007664705113884
1903,0.0007640860210354,0.0002033109359316,0.0298373200084891,0.0051297304029523,0.0228276650535003,0.0021627072795981,0.0008903896245231,0.0002554449362561,0.0088771442475136,0.0012408820872551
1904,0.4907711406904976,0.0426991349416879,9.104655504044374e-05,4.875383040536512e-06,0.1644930141044897,0.0044441096488742,9.851765791524096e-05,1.7099771455194817e-05,0.0002506826038327,8.702680739402242e-05
1905,0.0007471736003093,0.000588744640918,0.0267761397576246,0.0046417851184055,0.018795834907996,0.0043989275001057,0.0009735318124876,0.000669407822733,0.0117568778833213,0.0025803593705255
1906,0.00102179185534,0.0006674182254622,0.1151638777736284,0.0285914094000428,0.0251375231699881,0.0054738113227782,0.0010586117957462,0.0007416586003797,0.0301715462186525,0.0045780647265762
1907,0.0007387772713425,0.0002817779876791,0.0641387672068361,0.0056796220049944,0.0615045152303653,0.0038798068014142,0.0010537590956594,0.0003692658793809,0.0173697569736921,0.0018796103552138
1908,0.001290807382412,0.0002891311091576,2.118121084508214,0.0052877303194782,2.1133927595334825,0.0034674591100514,0.0034776390195147,0.0003972556471474,0.9705842390905988,0.0044695941313891
1909,0.001665499366849,0.0002785280611157,4.925448389084545,0.0053569206102279,4.9161405721417655,0.0033814129205326,0.0043668665837662,0.0003815552990779,1.9920190253212269,0.0042537603871443
1910,0.5143838115521869,0.0407538234163256,7.079363660387751e-05,3.80749997745952e-06,0.1492397650042601,0.0045255199641298,0.0001145269593593,2.2907001640036325e-05,0.0002479732785032,9.3486098380918e-05
1911,0.0007480202242352,0.0002684777304346,0.0434696915260986,0.0056767661855218,0.041196192998859,0.0033668612246734,0.0010206986494451,0.000347110144009,0.0135546469008004,0.0017213180553735
1912,0.0007763344224723,0.0002253231250676,0.0376358500849478,0.0056292768313525,0.0352644893141716,0.0027941541277895,0.0009393186437351,0.0002848589937496,0.0124842533051286,0.0015491169802602
1913,0.0018121246246011,0.0002788985576005,5.546064354011197,0.0054436235485868,5.531163604394261,0.0034095278506912,0.0047158223876161,0.0003812010880483,2.193185252498941,0.0043316895252906
1914,0.0183352162192089,0.0019049995936163,0.1763521494985447,0.0555137567540749,0.0845277509837251,0.0336229696401333,0.0195997776967104,0.0019948768055264,0.1318372891246741,0.0535876870232793
1915,0.000777073563091,0.0001292532453816,0.0293238390777927,0.0041808043209199,0.0120646718900501,0.0015658248239318,0.0007707398190021,0.0001589129258989,0.0076031314689775,0.0009413832092601
1916,0.4147850099186758,0.0620815233711489,0.0001748102855727,8.850873502913029e-06,0.2331186903541164,0.0032105651314242,4.368395061846892e-05,1.5168209715150593e-05,0.0002617072797731,6.456718725010925e-05
1917,0.0007509276499601,0.0002716680885398,0.0327101675430362,0.0053015676566343,0.0302544096791767,0.0029674901852068,0.0010187192991504,0.0003519208738049,0.0097607030076624,0.0016177497749714
1918,0.0007851719336332,0.0001484222155653,0.0285712288752513,0.0043033521505972,0.0116471596328693,0.0016927079934438,0.0008201882505251,0.0001814431472837,0.0075423620609497,0.0009866418263956
1919,0.0012034492328337,0.0002954304513654,1.6365438747412762,0.0053194979016001,1.6319787011707356,0.0034649751156454,0.0032802185691582,0.0004055076315925,0.7705674677668497,0.0043410391495949
1920,0.0007616535718659,0.0002642193869833,0.0360178218195174,0.005480115849598,0.0335459137109849,0.0031700134101636,0.0010402442495273,0.0003419487885037,0.0112909895603622,0.0017552550034227
1921,0.0017844065541497,0.0002786800692252,3.944598413809551,0.0054838355430446,3.925796098225919,0.0035178577801832,0.0046227806775477,0.0003771976809767,1.656543011666216,0.0046209993537642
1922,0.4384027666975478,0.0501027588975603,0.0001227844174269,6.823021580210107e-06,0.1788604914576662,0.0039231811225422,6.454371423234149e-05,1.657015246356484e-05,0.0002606207310962,7.879129962687112e-05
1923,0.0007491710537974,0.0002816139535128,0.0761469598400133,0.005664529867237,0.0733982643694616,0.0039011753420035,0.0010959552241529,0.0003702895796004,0.0199677259187165,0.0020404285446506
1924,0.0007499574362443,0.0002657207829276,0.0421849065517874,0.0054114357746073,0.0394915981374536,0.0031579561758345,0.0010498798043332,0.0003456123825122,0.0118096997227869,0.0017315563728595
1925,0.0007559578788148,0.000240818109292,0.0289055725845973,0.005282592546256,0.026958663808485,0.002695177191116,0.0009329975642426,0.0003067706810128,0.0093337636494197,0.0013706423462537
1926,0.000742985271943,0.0002747466084921,0.0831089713700428,0.0058791542542678,0.080296776476885,0.0040254722807341,0.0011261201152175,0.0003591280696399,0.0235811612666706,0.0021851397523909
1927,0.2930004467232165,0.0073345629554525,0.2196356770157248,0.028408037364033,0.1212836524505117,0.0627076506647222,0.0154810734650338,0.005457769864527,0.1461988155432037,0.0283468809325674
1928,0.0007800863471179,0.0001128007089003,0.029326824014294,0.0039995222232894,0.0075644758482316,0.0012160450253483,0.0007949740656149,0.0001377167692376,0.0075090915664009,0.0008115304869222
1929,0.0007276941833056,0.0002822596105287,0.345805878753999,0.0054607333688106,0.3429956799546078,0.0038262883074501,0.001739908650792,0.0003818417206401,0.1668931289126266,0.0038854397442811
1930,0.000752875314436,0.0002542917251286,0.032597865364738,0.0054941830767287,0.0300024218232625,0.0029280497686299,0.0009459853527647,0.0003256110618118,0.0109939293282282,0.0015241307324341
1931,0.0007630604602597,0.0002013437703177,0.0290692551413228,0.0045535230109152,0.0135135280394219,0.0018222456354647,0.0008501456999051,0.0002517958864251,0.0075227668706228,0.0009470819771429
1932,0.0013280467169535,0.0002813497906884,2.5226841367597754,0.0053250879976659,2.5178528124038984,0.0034354387507738,0.0035665178726638,0.0003877922171026,1.129570712178299,0.0044085500348227
1933,0.0010789979893943,0.0006748319403726,0.0422780769163318,0.0098188326380229,0.0173489074368279,0.00539758715997,0.001785785157831,0.0007512742980045,0.0134531805728818,0.0033081016266587
1934,0.0686652945213167,0.0054730821588165,0.2605203314428364,0.0378916774561127,0.0976109405233756,0.0439138367799661,0.0193829725834497,0.0043912974805717,0.156985729280519,0.0376332869980242
1935,0.469644173152145,0.0439717276308677,9.499707826738316e-05,5.366762575987675e-06,0.1649193638689349,0.0038384386153339,8.623540181812145e-05,1.527530633748984e-05,0.0002262811754661,8.117380834944323e-05
1936,0.4783080348955344,0.0434462220123498,8.935769981803691e-05,5.176736505908535e-06,0.1602036419405142,0.0040311373588458,9.183179751728056e-05,2.1281981453265208e-05,0.0001822017458915,7.314095456185344e-05
1937,0.0007490721710903,0.0002843403327245,0.0800004164482218,0.0055787667228831,0.0770870489452213,0.0038198682019641,0.0011590484923852,0.0003744503813039,0.0225664148992399,0.0022166900853793
1938,0.0084239695977052,0.001416259746524,0.1522817143127314,0.0614309485164136,0.0661674160492553,0.022140383436135,0.0113358419357226,0.0014817958374712,0.1247787292644519,0.0569196545372605
1939,0.4340730878403148,0.0572793504133121,0.0001473639687966,7.533238977315248e-06,0.2028578851473084,0.0032024150353104,5.554315467646634e-05,1.4777980627811635e-05,0.0002457296946539,6.384712975918332e-05
1940,0.5067293793272863,0.0417564413495707,7.629315065517213e-05,4.080061383528384e-06,0.1534077051518406,0.0048561602471825,0.0001110233596813,2.238676332434507e-05,0.0002602761885787,9.780819418979978e-05
1941,0.0007321024528243,0.00028301380695,0.1887150666088389,0.0055307074637595,0.1857263531530837,0.0039479703759295,0.0013864732121599,0.000380394986289,0.0753995156989132,0.003120673344341
1942,0.001120873465803,0.0007018864837474,0.112452303126271,0.0255122824002294,0.0254118355086563,0.0050789273265266,0.0010784171870343,0.0007736144848084,0.0283290218337859,0.0045480706787111
1943,0.0007734777161985,0.0002288022876494,0.0288997517309663,0.0048856171782728,0.0185890485521667,0.0021358397069033,0.0008947046693282,0.000290166257884,0.0078352962126164,0.001141075575172
1944,0.0011015567580846,0.0006986654870316,0.068071639428243,0.0215995134562013,0.0231542518348639,0.0059596132890615,0.0011099290404287,0.0007778754808499,0.0239905600511384,0.0048389388194743
1945,0.0007363352442706,0.0002930079537536,0.1870142965666343,0.0056395076811056,0.1840926021244804,0.0041698216355543,0.0013304964335011,0.0003908579255557,0.0660573662599888,0.003022500542041
1946,0.0010779112042334,0.0002811449468371,1.271534010257216,0.0053510534031602,1.2668398796947895,0.0034969187855023,0.0029831294632071,0.0003874007304999,0.6205653277573208,0.0044512452325185
1947,0.0007469426027023,0.0002716730577443,0.0590854146843462,0.0056305817877553,0.0561778257920144,0.0035192381877305,0.0010754745107903,0.0003539325080757,0.0163832142334907,0.0018681859647011
1948,0.108973266490004,0.0305494415267145,0.0002635930536864,6.624602810666287e-05,0.3420798054435523,0.0092374890108623,2.998341323129967e-05,8.041656285569834e-06,0.0002625413074183,7.260633458528572e-05
1949,0.0019349361849324,0.0002784696390815,5.801270969243633,0.0054843771228556,5.768945267241951,0.0035184819103564,0.0049892879387523,0.0003773361477889,2.305041437726274,0.0046611095250261
1950,0.0296676110366317,0.0026259561524697,0.2005248844442219,0.0934890066599472,0.1017934498628845,0.0394508662994544,0.0288051563849048,0.0025047394257464,0.1952231853674649,0.0896154196130147
1951,0.0007446060648308,0.0004626838579004,0.0264790550295667,0.0035455680285664,0.0138249358696349,0.0028719014934297,0.0007966380714806,0.0005359166929346,0.0069106554492252,0.0015033615855617
1952,0.4611277786358911,0.0465105171326362,0.0001049759007547,5.789126156431048e-06,0.1667186722582463,0.0036160209009414,7.606479681905913e-05,1.6932604476851413e-05,0.0002305054292837,7.63812856830125e-05
1953,0.0007267911171729,0.0002896504127277,0.3886885767605889,0.0054143395189087,0.3859369043659563,0.0038330819522788,0.0018366456495554,0.0003925081205287,0.1961588061424541,0.004075973752053
1954,0.0010983871139415,0.0002840932096238,1.4367512173978347,0.0053338731835471,1.4316517800977584,0.0034862791484146,0.003034749275802,0.0003906304287531,0.6940936969758347,0.0044937409190955
1955,0.0014003790255015,0.0002823257098953,2.8677123397211166,0.0053150220482354,2.85932957618698,0.0034139855967382,0.0037400432432744,0.0003888305815258,1.2591696299362058,0.0043384488085683
1956,0.0007631913873335,0.000208804955446,0.0290628478701843,0.0047221521733247,0.0143203841999393,0.001882528180521,0.0008785354484131,0.0002623383370427,0.0074874176407935,0.0010486316711053
1957,0.4475476688426838,0.0515450778126355,0.0001275487711857,6.596138242056816e-06,0.1784427792839991,0.0034812822374364,6.743021134598894e-05,1.5180228143578694e-05,0.0002468625421508,7.170468942280765e-05
1958,0.0007546630611083,0.0003935878456163,0.0282333688276956,0.0045158997730467,0.011872643738742,0.003218797545476,0.0012375676968608,0.0004617595331729,0.0073470191774835,0.0020642474528603
1959,0.0282382532526764,0.0029802103894341,0.1835463988534551,0.0500628068751549,0.084954834827575,0.0392792558409594,0.0201339483249523,0.0026463336879239,0.1030367618633445,0.049085427827335
1960,0.1101692252415879,0.0153206705641618,0.0001945195960692,4.3826068675978e-05,0.2767122627724852,0.0068034748568999,1.89475826899918e-05,6.375545652467679e-06,0.0002353514924388,9.745516374506484e-05
1961,0.0016158891511206,0.0002743666946807,4.113108362046036,0.0054037209334136,4.104953117500529,0.0033879353951645,0.0042421962092288,0.0003754402569223,1.7146783196284936,0.0042783088413839
1962,0.0007663677846429,0.0002333502852453,0.0292562225266779,0.0052047823941383,0.0262830319185346,0.0024079216855213,0.0009069545199036,0.0002959515192512,0.0102808052865822,0.0012996794389148
1963,0.0007428133232683,0.0002770776301923,0.0576446849291258,0.0055750177062949,0.0549685205448955,0.0037656930294649,0.0010574834186874,0.0003637396507833,0.0161709592703572,0.0018781259041158
1964,0.0010540972637172,0.0002917522033001,1.2305993002913354,0.0053080061972313,1.2258070425523269,0.0035116053388997,0.0029300110524056,0.0004003964068518,0.5981897318749865,0.0044267983068019
1965,0.4937575405362002,0.0409667878834774,8.898725741713356e-05,4.847920979723961e-06,0.1627024648074785,0.0050753457580099,9.240158371434095e-05,2.598281644305057e-05,0.0001683716663136,8.309874863155498e-05
1966,0.0007766562126325,0.0001811678310625,0.0278508713445228,0.0044052460632733,0.0127239088487605,0.0016337815865335,0.0008633239925043,0.0002232350549369,0.006997425679326,0.000933241972901
1967,0.001223197643304,0.0002850654198409,1.8853565731411412,0.0052913581101712,1.880708383437244,0.0034492949929566,0.003323219774271,0.000391141924195,0.890202678323477,0.0044038830675369
1968,0.0007942926014777,0.0001063879890228,0.0276850862045326,0.0037338687498806,0.008867894054477,0.0014761236254833,0.0007013188821296,0.0001314530691511,0.007101066020512,0.0011001711925814
1969,0.0007417568505383,0.000267782580023,0.037291606107426,0.0053425530950135,0.0351805172067382,0.0031922050227796,0.0009943297779868,0.0003472176436917,0.0108543876995255,0.0015752791157004
1970,0.0007472167624417,0.0002633344552688,0.0522375388874895,0.0056540426406166,0.0500497645070857,0.0034947119841802,0.0010151277284014,0.0003408805408378,0.0146410960570999,0.0017233935559419
1971,0.4469474760418409,0.0522697934428957,0.000129922389884,6.6281231126507645e-06,0.1832386196078932,0.0031439153277924,6.542100658225386e-05,1.39647053078223e-05,0.0002636815318199,7.682434219532489e-05
1972,0.0014799694123126,0.0002760018222232,3.2852771452622447,0.0053278954763082,3.275996092925535,0.0033886168840417,0.0039269518636732,0.0003799928865773,1.4131193442398766,0.004279390304501
1973,0.0014500256072658,0.00027799850165,3.051045242862024,0.0053094149171664,3.042182896437025,0.0033919815038955,0.0038551157565194,0.000381965280315,1.323410043917934,0.0042913686407867
1974,0.0007761515293842,0.0002222156557918,0.0280496381468688,0.0037975204711748,0.0145200389494571,0.0032451876075747,0.0004395461863367,0.0002739872605884,0.0078899894627933,0.0020318329219942
1975,0.0007242165051443,0.0002861792617606,0.5993134147076401,0.0054121969470561,0.5965683247242415,0.003772982921582,0.0021068155920906,0.0003887646171762,0.3112026364629543,0.0044976672583184
1976,0.0007807178916481,0.0001766969551071,0.0272157530956509,0.0034453566400818,0.0110806179515282,0.0024788477253697,0.0005586848494852,0.0002199838684376,0.0073582331848746,0.0016529559183672
1977,0.0007370781324315,0.0002968259790776,0.1827855154636489,0.0057318342047788,0.1799580193205084,0.004329741219608,0.0013147705662587,0.0003947411457412,0.0635754188826768,0.0030111311028495
1978,0.0007423040568825,0.0002899709092247,0.0912716563513301,0.005653796985838,0.0883197343671237,0.0040066457232641,0.0011513544209246,0.0003841526503326,0.025470890318668,0.0022618970793079
1979,0.0007715162274126,0.0002282991729728,0.0287247906419729,0.004614631758928,0.012454397131743,0.0018078423460339,0.0008931101785837,0.0002883420254676,0.0076375530157406,0.0009981401744318
1980,0.0007478070142318,0.0002772783321207,0.0627854462533949,0.0058675767394432,0.0602330848445938,0.0038126937470044,0.0010600061920529,0.0003608572906692,0.0181563541633099,0.0019514846704685
1981,0.0007613651112116,0.0002481998011537,0.0288640322209663,0.0051922694109077,0.0264379139378707,0.0025592997816219,0.0009279977171162,0.0003164517795733,0.0097925004486533,0.0013016300141423
1982,0.0010474993039798,0.0006074846365375,0.0350198028362169,0.007880481191725,0.0137245509356784,0.0044603120598921,0.0009422988069803,0.0006791488013301,0.0118022489628519,0.0028342487026006
1983,0.0007992391618619,0.0001592122033068,0.0278728652904692,0.0034576145465428,0.0077725516300279,0.0020765645193828,0.0006185497616439,0.0001992083035811,0.0072378944254674,0.0014329804415511
1984,0.0007530121786674,0.0002770466151204,0.028293279642871,0.0035255849176836,0.0125659785892801,0.0027272235353225,0.0006072216287446,0.0003350986282099,0.0074776535084782,0.0016328481291046
1985,0.0007959089917316,0.0001210674240865,0.0290582413886827,0.0035971985099421,0.0059231967288123,0.0013843317045583,0.0007026683089891,0.0001510373423377,0.0076016971020413,0.0009704315299918
1986,0.0007488146641301,0.0002779881821538,0.08982647004439,0.0057808949566404,0.0869798068389565,0.0040297591446815,0.0011315113851211,0.0003662066081495,0.023946016773837,0.0021916979656126
1987,0.4729490118916801,0.0437208100216359,9.209701035843232e-05,5.313493135841088e-06,0.1638455084981161,0.0036042478281101,8.952922023624304e-05,1.642716269768239e-05,0.0002183276779599,7.519998264705144e-05
1988,0.4995558892663133,0.0431322388501173,8.317016022890724e-05,4.419698543279876e-06,0.1585392482115523,0.0051499517450942,0.0001064360944514,2.2165505584330165e-05,0.0002205594920507,9.592353003490348e-05
1989,0.0007322341529088,0.0002819229953968,0.2825549769251629,0.0055512405337626,0.2798125152541325,0.0040187013427704,0.0015463723831825,0.0003800898227692,0.1254321700637518,0.0036808591402998
1990,0.0007399387317972,0.0002904117981471,0.2028444269199465,0.005688347103255,0.2002514228966831,0.0041498565230598,0.001412251950392,0.0003873651693189,0.0816124790903887,0.0032725513543663
1991,0.0009131961147494,0.0002788605765376,0.9375690145479354,0.005315612742925,0.93321337886189,0.0035651622948144,0.0025953945886884,0.0003831546945199,0.4820132699406221,0.0044545230310846
1992,0.0014757915373638,0.0002740235557176,3.4260139540591967,0.0053392092703024,3.4173620252652,0.0033972403577956,0.0039127937037003,0.0003779922744556,1.465609956934692,0.0042806634760565
1993,0.0007442843007842,0.0002732629471839,0.0290703484127711,0.0051510708188472,0.0264685730784958,0.0028137449412927,0.0009566577534201,0.0003535011385725,0.009195679336985,0.0013815965469924
1994,0.0007604010054389,0.0002582110905872,0.0362428768170703,0.0053665641559403,0.0341916289407027,0.0029951496412374,0.0009867392165404,0.0003330844840857,0.0108501046808344,0.0015249680242794
1995,0.0008034980459395,0.000105560188861,0.0262594366315275,0.0041017501137873,0.0103086357484341,0.0016293493854341,0.0007992983707561,0.0001312599826316,0.0067334273913064,0.0009701262345565
1996,0.0007727502972612,0.0002413528633803,0.0278618700557332,0.0052483888887879,0.024325205420528,0.0025445746700926,0.0009211204529235,0.0003056480968488,0.0092928584471499,0.0013474529358108
1997,0.0007911858117237,0.0001559428242298,0.0290551578861543,0.0035657132507857,0.0108034907196812,0.0022096210176124,0.0006067411969709,0.0001959750598787,0.0076629615130004,0.0015498855565477
1998,0.001283080312315,0.0008967457937552,0.3475844853550962,0.1143834753482325,0.138872706022756,0.0241377307807715,0.0014237229971958,0.0009720557934277,0.1226701706156422,0.0170788550975743
1999,0.1354489777590835,0.0081115912642843,0.1830008860277631,0.0151702249106294,0.160300272415294,0.0776220201526922,0.0164660726948511,0.0045041762783316,0.1474960297761914,0.0151400358349472
2000,0.0008126632174318,0.0002874960952983,0.6465798742079409,0.0053473781235259,0.6427323815390857,0.0035891644050644,0.0023598931545905,0.0003926016314657,0.3340818842935913,0.0042566145211527
2001,0.4908990079661174,0.0440268286385998,9.007233313920604e-05,4.740721218044716e-06,0.1610946566979373,0.0040325962871014,0.000100618331357,1.8167912761324423e-05,0.0002339932546501,8.150102283736479e-05
2002,0.0007427689014558,0.0002917540374288,0.2478510963217272,0.0054968484314699,0.2449202014933157,0.003938838416877,0.0015123140837729,0.0003920500727282,0.1064676844435971,0.0034579035463251
2003,0.0007366651391477,0.0002856844306434,0.3827472334445083,0.0053855115243193,0.3796836255582765,0.0037129827398112,0.0019069267973203,0.0003878250803311,0.1982137647360072,0.0039922597800558
2004,0.4870414023409595,0.0471026947584189,9.286995920994572e-05,4.949846590535475e-06,0.1621218436109607,0.0034217115003976,9.75857206349621e-05,1.8608634344115063e-05,0.0002198927574673,7.655663398255029e-05
2005,0.0017377653310678,0.0008859611845777,0.1182467217576317,0.070067894564354,0.0395255689101669,0.0134013343180725,0.0036026278050113,0.0009459264330102,0.078871637755948,0.0244991722692554
2006,0.0007452778859886,0.0002837895627708,0.113090114138067,0.0057724853408315,0.1102147466926963,0.0042057816351292,0.0012036433244949,0.0003742517537811,0.0341727326806243,0.0024871164013758
2007,0.0007300806405177,0.000278720174504,0.3880802025504548,0.0055566297562281,0.3854723225577164,0.0039440566604519,0.0017284460651035,0.0003775631157008,0.1865885077234893,0.0040880796094775
2008,0.0087602051948509,0.0015745719649504,0.1949282048308946,0.0886575148814904,0.1007596624939605,0.0371221475733948,0.0115052343434891,0.0014801459885967,0.1800476438967619,0.0842389801158726
2009,0.0007381160268853,0.0002889511677917,0.140764225861259,0.0058541967174716,0.1379159493850882,0.0044252394234899,0.0011903844073409,0.0003840519139879,0.0408448055489148,0.0025778164067276
2010,0.0007060539397452,0.000407541684665,0.0250743273035171,0.0049796470445339,0.0127948870326684,0.0041959059153176,0.0006868492834358,0.0004768085908772,0.0082087199935321,0.0024134517119436
2011,0.0007719712768197,0.0003033757830014,0.0254864198157872,0.0034176124296282,0.0120607762174121,0.0026761423883019,0.0005791366468581,0.0003640097894116,0.006829274651354,0.0016413101721922
2012,0.0007800878081281,0.000197557279071,0.0291948860245937,0.0048016011120002,0.0188317383365458,0.0018359081307513,0.00088533679554,0.0002469856289989,0.0077885594204266,0.0010830759503821
2013,0.0007296580695993,0.0002856828025075,0.5096913057354625,0.0054365005176626,0.5070856290954623,0.003817480522142,0.0019927179704158,0.0003871522544334,0.2620259878961773,0.0043581949510793
2014,0.0007376819005747,0.0002848556355042,0.1918092887885942,0.005564308342692,0.1887738879159005,0.0039807036848372,0.0013739328369547,0.0003813651169226,0.0714348521705529,0.0030689718906567
2015,0.0013959199157577,0.0002688651833221,2.728735659964122,0.0053415433163864,2.721819617652393,0.0033876587755295,0.0037313405137323,0.0003714605520007,1.2099894258087014,0.0042681128211759
2016,0.5412919016168166,0.0345918638872479,5.032660492647798e-05,2.8193321693755307e-06,0.1354139629058949,0.0067589833891307,9.848680266137228e-05,3.988131799925442e-05,0.0002507294904351,0.0001247355091334
2017,0.0007635736948986,0.0002043444254211,0.0294877399527061,0.0053885550530541,0.0262803854355861,0.0025354942970337,0.00090403789736,0.0002567074549626,0.0096712221637183,0.0013873457711602
2018,0.0007305948527931,0.0002832528570574,0.0258730520902782,0.0034908239941202,0.0101590615168837,0.0026042972323069,0.0005952789396837,0.0003396790759767,0.0066852953993812,0.0016603108993308
2019,0.0016436441843866,0.0002696975687685,4.794504793892062,0.00538859355426,4.783741829350794,0.0033747362623508,0.0043167314081092,0.0003711665433394,1.935089319973464,0.0042910222872509
2020,0.0013044841432959,0.0008278990089137,0.1429628289700967,0.0420457078415301,0.0377641109886242,0.0074885145988476,0.0012161414948483,0.0008928930193298,0.0372350500277881,0.0057404013740825
2021,0.4186323788729612,0.0537761231036172,0.0001680327987803,8.443412764841646e-06,0.2274625640301179,0.0032713703540574,4.636723597931204e-05,1.229345485789185e-05,0.0002946953085194,7.772411012503705e-05
2022,0.0007522416662484,0.0002786030390034,0.0554547267452499,0.0055124854274544,0.0525246406186344,0.0034092317739514,0.0010915394242945,0.0003636979928592,0.0151791365049618,0.0018947428006558
2023,0.0013532948163459,0.0002833189220958,2.509709582855934,0.0053106558796663,2.503394721749198,0.0034401076613838,0.0036260783621277,0.0003903687009676,1.1298698872863395,0.0043982617308803
2024,0.0015478092181084,0.0002721263052385,3.94385331108804,0.0053558808528632,3.934105460880156,0.0033780655651169,0.0040861139515772,0.0003746433838823,1.645728947767258,0.0042942036891352
2025,0.0007355385733688,0.0002934450650128,0.3228035808479505,0.0055089716431212,0.320101889374311,0.0039705372036641,0.0016461503988719,0.0003960165407696,0.152419623577308,0.0038790030579453
2026,0.0015586955724455,0.0002752220225125,3.521641198485426,0.0053866413879619,3.51241147555969,0.003378071088083,0.0041149366944326,0.0003777471125688,1.5062746728476883,0.0042760354660818
2027,0.0007336911083967,0.000282502173505,0.5661437351907562,0.0054499438721543,0.5636099814172103,0.0038281803580549,0.0020291440104088,0.0003834417280068,0.2906523500642398,0.0045453103558497
2028,0.0007897783861168,0.0002319706008598,0.0319612755399539,0.0053661964988673,0.0291077213960281,0.0024185050754672,0.0009335821774237,0.0002928853390687,0.0110202990805593,0.0014153644442923
2029,0.0007962334964299,0.0001566138269549,0.0279429322969726,0.0033828809311797,0.0103382323904101,0.0022428744973307,0.0005997356403057,0.0001954562038719,0.0075804759898962,0.0015627041617618
2030,0.3959983524574196,0.0504724138773034,0.0001799170655869,1.0055766381671413e-05,0.2445276250159556,0.0052625006836401,6.301384876952987e-05,1.8577127375605708e-05,0.0002899656105914,8.681434412035095e-05
2031,0.0007949914742785,0.0001568484094377,0.0266876138873284,0.0038736949956961,0.0101481154043157,0.0015359659071815,0.0007414143667397,0.0001930099444125,0.0070747299755368,0.001049409466777
2032,0.0007574790149654,0.0002667195981658,0.0432506012640994,0.0055595010531815,0.0408253619596419,0.0032825533015358,0.0010401923572868,0.0003449778909139,0.0130602855953595,0.0017861800481733
2033,0.0007429109125617,0.0002877345915651,0.1288110258388293,0.0055687972367259,0.1257339938851273,0.0038735299651777,0.001298987070151,0.0003849834342398,0.0454297041266623,0.0027257655346633
2034,0.0008015225775328,0.0002120034324724,0.0280020065097326,0.0040037816226181,0.0110353249722119,0.0029607602214391,0.0005810634070306,0.0002600883892053,0.0074845860755801,0.0018896484439931
2035,0.0040570340559017,0.0010358496690343,0.3380664014421766,0.190795241698726,0.1723360471111674,0.0458141516589036,0.0076469836989326,0.0011165330815342,0.265090718904696,0.0924473131749671
2036,0.0007449017125924,0.0002607329920804,0.0412577483862408,0.0055636931976948,0.0391376706846923,0.0032953639446425,0.0009973886122544,0.0003374816781596,0.0121610150474912,0.0016450000097242
2037,0.0007444435397844,0.0002681946432659,0.0372908760607175,0.0053517466248518,0.0348071682972,0.0031305558270976,0.0010170542098089,0.0003495849691959,0.0106428229038925,0.0016184268668022
2038,0.0007451820618921,0.0002754201179272,0.0736807314286112,0.0056257632977553,0.070856615426837,0.0038707178491225,0.0011172905223276,0.0003637661329997,0.020944077630433,0.0021155143236483
2039,0.0015828068893668,0.0002756637259494,4.119606061225142,0.0054170058588118,4.110352271852159,0.0033824484645314,0.0041719899814746,0.0003794257790034,1.7177292762577727,0.0042832570387275
2040,0.5452496230825099,0.0352137036463906,4.76876618804899e-05,2.636652607022694e-06,0.1342826231145821,0.0067229748897173,0.0001012441526855,4.0978397910364685e-05,0.0002898423811913,0.0001276718594506
2041,0.0007344588452001,0.0002875219096928,0.1724117397110655,0.0058402145195707,0.169605924014317,0.0044368546277546,0.0012715090653539,0.0003822812091714,0.0555168811045949,0.0028808711961099
2042,0.5011195334803069,0.036822909118975,6.853019548752388e-05,4.171164669487425e-06,0.1494374477127316,0.0055761170436301,0.0001067619078103,2.517175415447124e-05,0.0002010226179687,9.67125028837696e-05
2043,0.0007920368863542,0.0001514739071075,0.0275460993892706,0.0038669850334743,0.011952384782278,0.0023572499843854,0.00063709422072,0.0001893929559528,0.0073054933148303,0.0015685133155041
2044,0.0007790017842413,0.0003026598052638,0.0247966524669369,0.0032895153149986,0.011193332316334,0.0026698646177927,0.0006899033217871,0.0003637211320714,0.0064302197281181,0.0016017704598999
2045,0.0015605326387831,0.0002746648697813,3.679087378259321,0.0053239299919556,3.669633642816287,0.0033742480329676,0.0041200689973364,0.0003771451556779,1.5650099827149475,0.0042668616229074
2046,0.0025577175639802,0.0008746338991359,0.2409502043613202,0.1236966613386286,0.1011425392835372,0.0212804687683173,0.0052018314714408,0.0009763257759768,0.1584850837681075,0.0418738833952271
2047,0.0615672346298351,0.0044775685891111,0.1800225169174288,0.0309452799665105,0.0977808339151661,0.0453886051957841,0.0167705987881615,0.003595887319268,0.0999802698346802,0.0306919638293673
2048,0.0008904401556958,0.0002908474275331,0.9150231349975188,0.0053346823393393,0.910822894232966,0.0035858804336512,0.0025402998315678,0.0003974567793459,0.4728889043625688,0.0045039749014301
2049,0.0007710097896666,0.0002221603222957,0.0290137623545262,0.0051232212364916,0.0224513767194965,0.0022245886939784,0.0009185748975479,0.0002801340245095,0.0087931771593425,0.0012842569307502
2050,0.0007480600470402,0.0003475493957318,0.0275730767353078,0.0035370657463993,0.0098927621906625,0.0025269819052639,0.0005763901268831,0.0004098757411978,0.0071919450612836,0.0014860310321594
2051,0.0007352810268498,0.000284339788233,0.4042405795428128,0.0054168964206188,0.401226936244998,0.0037200291042728,0.0019252071461178,0.0003860933770965,0.2113673119109199,0.0040566346554303
2052,0.000740064757074,0.0002911763831154,0.0845641302319762,0.0056526330919466,0.0818116843774915,0.0040746111947518,0.0011314672688135,0.0003848838802407,0.0238009608429018,0.0022159767264149
2053,0.000764526636883,0.0002021212846881,0.0292558243242428,0.0045893854151179,0.0143820984966584,0.001843500810096,0.0008564891746547,0.0002524245228952,0.0076146978208342,0.0009970601053834
2054,0.0070082645962828,0.0016006322830115,0.242914910336601,0.0483196878993887,0.1114781410789207,0.032431967491071,0.0083199129744212,0.0014875699163325,0.1546218571323821,0.0460764936124777
2055,0.5038864145924756,0.0406962408604373,7.988209575050742e-05,4.31738400332425e-06,0.1571117053557167,0.0046954367304183,0.0001052766337321,2.088261084601232e-05,0.0002212430604515,8.738141632363637e-05
2056,0.0007593664765196,0.0003014791590968,0.027844952268344,0.0033528906927514,0.0118953517408706,0.0025005442183843,0.0006002747116218,0.0003612983809702,0.0072211653401636,0.0014740499771772
2057,0.0007676533489968,0.0001876412241716,0.0290599877476428,0.0049123715243044,0.0202448666182016,0.0020569144082278,0.0008689405220096,0.0002336696208002,0.0077899639414403,0.0011478583197572
2058,0.0007800261234377,0.000155500005726,0.0270786666849785,0.0037584121655419,0.0083876672789185,0.0019948485262,0.0007159198183001,0.000194502157548,0.0071219023417973,0.0012007161059514
2059,0.0163076709963475,0.0017320001524785,0.1648137646221346,0.0962623408551842,0.0580372153422277,0.0227060104595893,0.0208400905243469,0.001794950833574,0.1523872867950431,0.0914995427610094
2060,0.0007890146557702,0.0005212779968685,0.0276513753509368,0.0038172726885971,0.0148049307608729,0.0034646821130648,0.0008765846812274,0.0005968719652443,0.0072218061898466,0.0018674708872436
2061,0.0007972405269231,0.0001542623983578,0.0277333405940801,0.004178347460722,0.0103328013336352,0.0014466896112449,0.000805659478084,0.0001902034544042,0.0074000453416829,0.0008510803329777
2062,0.4085540866107021,0.0472702764751286,0.0001337710993996,1.051440663901558e-05,0.2506179583700882,0.0037057482211755,4.728418579993694e-05,1.2449563835324498e-05,0.0002416749623617,7.14171995892536e-05
2063,0.0007468142941723,0.0002859980293971,0.1259986868614173,0.0056364947587733,0.1229618529515887,0.0039893614117997,0.0012620110473747,0.0003806389581188,0.0418611814258257,0.002648116957395
2064,0.0007554351142966,0.0002391409565868,0.0351052618396073,0.0054693602254609,0.0326395103829475,0.0028206441785946,0.0009551088389334,0.0003045063587391,0.0116731131513779,0.0014961719733151
2065,0.0016634400378979,0.0002797261723003,5.401728913039244,0.005336317811558,5.391004379880898,0.0033818161792524,0.0043605205216528,0.0003842121815453,2.139257517142292,0.0042798863152312
2066,0.0007582424661717,0.0002496332275398,0.0273198951103774,0.0050544244121954,0.0200776412041243,0.0024755209085007,0.0009396060152625,0.000318658761318,0.0081009309003213,0.0012698923792697
2067,0.0007426963782394,0.0002875550403469,0.1022638865675999,0.0057995013767089,0.0994325793367069,0.0042180508934563,0.0011525850530597,0.0003805696338085,0.0287277514510121,0.0023307899536081
2068,0.0007894312665457,0.0001157814190318,0.0282820322629818,0.0035973282528763,0.0071048649117178,0.0013973398596714,0.0007172950194954,0.0001440995477299,0.0070866811911873,0.0010344185089642
2069,0.0007227197748154,0.0002822390039202,0.4583757101372725,0.0054033040934611,0.4554359736709612,0.0037109078593774,0.0020178862232176,0.000383588759511,0.2408137011652436,0.0041695981820802
2070,0.0007415372192104,0.0002648524547965,0.0707622600307578,0.0058157891867011,0.0681920674714037,0.003878138173435,0.0011008786299326,0.0003458050781508,0.0204283998883075,0.002058744704824
2071,0.0019326954746738,0.001272769970827,0.1158940281652682,0.0182048566297227,0.0251080525778602,0.0069957886528807,0.0016333494726725,0.0012584053155498,0.0283655609633877,0.0044335699341114
2072,0.000752702220414,0.0002550806160984,0.0412912887481178,0.0056314056157429,0.0390546289243152,0.003133382736886,0.0010169762112296,0.0003283936084306,0.0128097837130255,0.0016970569784243
2073,0.0007392361668319,0.0002863001003421,0.3028461664859659,0.0055023613528692,0.2999520069932677,0.0039025206713566,0.0015910675859304,0.0003857724412078,0.1330077772082713,0.0036757211916417
2074,0.4374860436635399,0.0511757899443412,0.0001257512551424,6.865957658166554e-06,0.182448419243221,0.0038101951638226,6.30201930959079e-05,1.5462001203782796e-05,0.0002459721512447,7.168857269574641e-05
2075,0.0007475635373433,0.0002916445844773,0.0264953355857418,0.0032694065670019,0.0114452619086405,0.0025657591722748,0.0006595640530053,0.0003510431304002,0.0068375673008719,0.0015205605774732
2076,0.0016811488497522,0.0008487105652764,0.2219370994309561,0.0965080794675133,0.0992230134642545,0.0224022658054801,0.0036740160711336,0.0009460172432903,0.1196066486265028,0.02575351797884
2077,0.0016078666305744,0.0002784489409764,4.160051024010167,0.0053606031979181,4.150009677379157,0.0033729351772254,0.0042323325418458,0.0003815111861135,1.7207247907743528,0.0042755122258334
2078,0.0007347354863319,0.0002752318520979,0.0799312835003344,0.0056200335978038,0.0770410843253758,0.0038434483814974,0.0011442679818158,0.0003615192792067,0.0227382539680505,0.0021740942815036
2079,0.0007320099814577,0.0002873116472306,0.426166395126125,0.0054210693335162,0.4234700384896733,0.0037818432849602,0.001926087552911,0.0003890393764669,0.2201437720702009,0.0041671643261675
2080,0.0007702324413796,0.0002199622886557,0.0289505848006219,0.0044826370555044,0.0132190535776753,0.0017474041226843,0.0008404751419959,0.0002772684081741,0.0077682641998724,0.0009468338089376
2081,0.0015201319222556,0.0002781646445024,3.9611364565971168,0.0053189673422179,3.950805789019831,0.0033957750070663,0.004019368906016,0.0003826317716898,1.6650234471539744,0.004320987258279
2082,0.0007319769639355,0.0002858754565906,0.4827445046622033,0.0053948232888772,0.479444352699599,0.0036852843877011,0.0020492879411502,0.0003897503173002,0.2472501742235184,0.0041438873170494
2083,0.0007593812272759,0.0002542830118902,0.0282773408986049,0.0050777099254329,0.0196771889339203,0.0024158267469162,0.0009442432487937,0.0003260263379215,0.0078899250679462,0.0013095601899837
2084,0.0018154651328065,0.0002793628873785,4.305331173892291,0.0054991711971731,4.287347580333566,0.0034969834417404,0.0047107007865711,0.0003793348943004,1.771326874507386,0.0045370165034994
2085,0.0093815326442948,0.0015400205325516,0.2056257969442363,0.0689956913695575,0.0829154788477281,0.0228935724229526,0.0126452698528975,0.0015979815350417,0.1276184773114896,0.0640689657815339
2086,0.0007788712571587,0.0001216515459023,0.0292032200097041,0.0042865454903227,0.0117840731532568,0.0021098837728154,0.0006290506508769,0.000150742664402,0.0074452649679239,0.0014503076860205
2087,0.47460367320078,0.0444214063644925,0.0001011093324481,5.519723813121102e-06,0.1651965576867173,0.0035181713064917,8.745077995789262e-05,1.5758010721677893e-05,0.0002104170795212,7.192239435881316e-05
2088,0.0007302520163299,0.0002886579763873,0.4146577036292931,0.005456405375079,0.4117231378268847,0.0038389870317354,0.0018034199632043,0.0003919362931388,0.2019749364227565,0.004091023781281
2089,0.0007808900830714,0.0002020283113151,0.0282502853805061,0.0033925307036093,0.0098306541709002,0.0021854494963223,0.0006038469323603,0.0002487529670066,0.0073775253431878,0.001347807109287
2090,0.0007765535980022,0.0001804503796521,0.0287799277631222,0.0040190839001628,0.0077953682783096,0.001264423605381,0.0007786265847316,0.0002242534322707,0.0075040598293691,0.0008180648367694
2091,0.0011047892835715,0.0002931074057783,1.370493146355746,0.0053347247180768,1.3659434881722152,0.0035205917533507,0.0030416719635724,0.0004020355770468,0.6634307096824118,0.0044670233203497
2092,0.026524806847794,0.0027943779762738,0.2668081450909727,0.0565860754309822,0.1472891365456769,0.0392075663859835,0.0215298013578452,0.002640885628752,0.2166685252021616,0.054540238903919
2093,0.0007728678832993,0.000258180100752,0.0380608182436793,0.0055065616933226,0.0354335202093168,0.0029797659015923,0.0009662369946833,0.0003298824206835,0.0124888302997503,0.001548913215308
2094,0.0009147735006374,0.0006274793795862,0.0264945243427382,0.0044794881262134,0.016617008109566,0.0048060816268627,0.0009551976554601,0.0007076159853111,0.0089380546076805,0.0027199470541201
2095,0.0007544127091286,0.0001739696652938,0.0266677569813646,0.0032972906368652,0.0076336558263605,0.0018805454969468,0.0006348921929886,0.0002168620513351,0.0068076976138244,0.0011925472497118
2096,0.0007470196962743,0.0002810494235512,0.132085338015358,0.0059401678969169,0.1291311999331124,0.0043020461107106,0.0012216991794286,0.0003711500266488,0.0398085521726884,0.0026058629035089
2097,0.000747442541063,0.0002757737292498,0.0721368452347839,0.005860509320719,0.0695939855877744,0.0038506393265085,0.0010923319420462,0.0003584579604626,0.0205907689641049,0.0020433191783926
2098,0.0007527654292721,0.0002706271087415,0.0280733822720969,0.0051177557915068,0.0231846050548224,0.0026493089263285,0.0009722372938687,0.0003491580422118,0.0091078804665994,0.0013981929356358
2099,0.0008142001721434,0.0002735348178089,0.703634809584851,0.0053309812248526,0.6998637170660922,0.0035914378168612,0.0023594072804748,0.0003746252110239,0.3679712929377581,0.0043418917507114
2100,0.0007280492373315,0.0002896822163664,0.3302631510127076,0.0055008275690406,0.3274589870076456,0.0039868970468274,0.0016069089445746,0.0003909614449817,0.1476747950667481,0.0038189699268324
2101,0.4492893905504792,0.0497727344237577,0.0001114982526017,6.290985347390531e-06,0.1709823409696686,0.0032482025527683,7.22835707362222e-05,1.5325874223848803e-05,0.0002515395289601,7.935365713083079e-05
2102,0.0007819934835907,0.0001920780081667,0.0289782225977276,0.0046180914578952,0.013170737676266,0.0017347779248585,0.0008732778686015,0.0002390022589893,0.0077747694253219,0.0010116797975577
2103,0.0007575519717494,0.0002808825626625,0.0279440161505368,0.0037967046858339,0.0111541983762972,0.0026455215453317,0.0005373918118793,0.0003376958741673,0.0072199746082789,0.0016147647083322
2104,0.0007120149004265,0.0003830196333029,0.0266396504664646,0.0035773513437709,0.011484667533509,0.0029697991259209,0.0006853945507523,0.0004490454549568,0.0081542983754155,0.0017364274564884
2105,0.0007511691580657,0.0002874827214387,0.1325371871103749,0.0056677822006695,0.1296356420843748,0.0040395750947972,0.0012586173144959,0.0003815333693631,0.0410841573925295,0.0026412121665075
2106,0.0015413701895583,0.0002839913332974,4.151781688421473,0.0053022394429322,4.141875136738393,0.0033910741498016,0.0040712555356075,0.0003893938248587,1.730191669606468,0.0042879374826795
2107,0.0016714289505612,0.0002798522958944,4.761044741292489,0.0054100811025166,4.752720429868179,0.0033889573921616,0.0043785640796757,0.0003820710482113,1.93972425025003,0.0042602584768049
2108,0.000747004647283,0.0002844240123296,0.0492955080917347,0.0053782856830148,0.046511467794396,0.0034617775391685,0.001085588144405,0.0003747435896585,0.0136000352433654,0.0019344416087471
2109,0.0007477785776185,0.000282360365745,0.0848356009729859,0.0057261515078095,0.0820900041071409,0.0039681200077698,0.0011608813649265,0.0003708880508936,0.0249549347479802,0.0022834645262939
2110,0.0007423512369669,0.0002893699189937,0.1946102290355769,0.0056149349165776,0.1918358229613447,0.0040596800642478,0.0014308379335893,0.0003867080704615,0.0806813520159992,0.0032473605743989
2111,0.0007468355479736,0.0002490071167645,0.0500092400760439,0.0057814893951821,0.0479293752395625,0.0034490320967825,0.0010262569611895,0.0003203826366505,0.0153504791499559,0.0018162293140425
2112,0.0008020879771268,0.0001351999089646,0.0289038252265902,0.0042457560494091,0.0101410541589076,0.0016094138990349,0.0007973368238734,0.0001669003897963,0.0075620753447558,0.0009234016978662
2113,0.0009384587181797,0.0005808047923189,0.0269099774105149,0.0047635222354858,0.0131017483912768,0.0044373394652294,0.0008859978082027,0.0006530878100486,0.0076653554499234,0.0023702054812738
2114,0.0007230446705287,0.0003833282808085,0.0259793515342931,0.0034523082877184,0.0120559629951837,0.0027772176086815,0.0007716777284083,0.0004497614116101,0.0068350670808599,0.0016070161425537
2115,0.0007912489682147,0.0001195119979353,0.0268470245192216,0.0042255904280176,0.0113339268391271,0.0020007271662918,0.0008036978821238,0.0001487572162078,0.0072122654501155,0.0010515648737059
2116,0.0007525818180759,0.0002830637806047,0.0691642793080195,0.0056877980080122,0.0664887020091052,0.0038623409609683,0.0010954306855272,0.0003709851206256,0.0197183203773581,0.0020471789266903
2117,0.0007114525551161,0.0004560300514268,0.028006665850484,0.0037646191043831,0.0116224387709315,0.0033252141756464,0.00074873889875,0.0005298297823984,0.0072394761929887,0.0019387298309553
2118,0.4624874499065291,0.0467275959155834,0.0001105253370237,5.954189786030426e-06,0.1679315166729381,0.0037153249875801,7.727802921040326e-05,1.4851876268141614e-05,0.0002333804687449,8.34182142990412e-05
2119,0.0007786049107947,0.000188529074278,0.028216252910957,0.0041850415959137,0.0128020880982494,0.0015563874155836,0.0007896779302201,0.0002342944783471,0.0073148716944474,0.000958004789137
2120,0.0012428103139818,0.0002861766725207,1.8299337216078329,0.0053297111916406,1.825366713223855,0.0034618311055671,0.0033658668111513,0.0003935055267632,0.8546841317282338,0.0044278687358137
2121,0.000762800094254,0.0002111101736987,0.0284710172758258,0.0049808283381244,0.0222323753564414,0.0023285507107483,0.0008552080470931,0.0002653621590061,0.0084705497950107,0.0011623708809707
2122,0.0007546767332528,0.000288059261756,0.0967880545359981,0.0058751740789732,0.0940621842541846,0.0043612021577668,0.0011177652886149,0.000380026877072,0.0266132750878503,0.0022453813921875
2123,0.0007962689450098,0.0001182757183653,0.0269387629343013,0.0037148581343701,0.0077122545197703,0.001599913750762,0.0007005276173709,0.0001483879515039,0.0072080578277843,0.0010928694969459
2124,0.0013632491646949,0.0002840056142414,2.65052121088422,0.0053241537448846,2.6435046948149656,0.0034262872530727,0.0036509908426268,0.0003912834660317,1.187804140518632,0.0043599835850947
2125,0.0007392697539478,0.0002835891332682,0.1124597332666812,0.0056135458223485,0.1094731734735444,0.0039573474377325,0.0012326102622589,0.0003755658750717,0.03495758861698,0.0025130958824094
2126,0.0007480219000387,0.0002880090447094,0.1661128112223401,0.0057315486301188,0.1632493250591839,0.0041846757223673,0.0013117649092225,0.0003828976986449,0.0579592958556006,0.002924323581302
2127,0.0007410217231959,0.000282585276943,0.1915399311121363,0.0056928866614001,0.188729770206421,0.0041493153142776,0.0013369076492172,0.0003779112157183,0.069641601831008,0.0030599212860872
2128,0.001178414154602,0.0002855649165207,1.6934987443006086,0.005361197876677,1.688821990526656,0.0034843939194629,0.0032152768230283,0.000393312903401,0.7990531007350119,0.0044431309863466
2129,0.0015764469161046,0.0002777379623999,3.949044585249284,0.0054105274362474,3.939443113079605,0.0033860230242452,0.0041561950844709,0.0003815552494773,1.6514806069412271,0.0042974306602863
2130,0.0007146476588922,0.0003806321579131,0.0257401283913231,0.0034279647112915,0.0106205118479163,0.0029564681545666,0.000651774284084,0.0004481046224468,0.0072687174527844,0.0017367217554233
2131,0.4745104648773572,0.044076236456208,9.28743307815453e-05,5.457599508386155e-06,0.1639527234156874,0.0041484783794016,8.832966094190147e-05,1.572014497405865e-05,0.0002435892634844,8.738265216572612e-05
2132,0.001671527701757,0.0002741215618771,4.572346144579438,0.005408148441498,4.563434629751834,0.0033903742249674,0.0043754629551338,0.0003754377882368,1.878678548633299,0.0042762296324128
2133,0.4331870617086408,0.0506316402768668,0.0001466281872228,7.565013150523205e-06,0.2049452472408652,0.0041502717112776,5.520724354049579e-05,1.669074805576873e-05,0.0002845916158035,8.352114286572626e-05
2134,0.1235958857285153,0.0306544550284991,0.0004481989921797,9.275670537313062e-05,0.5312331117853105,0.0073963730052365,2.850676710559473e-05,7.864009036912465e-06,0.0004487377358553,7.573200556260997e-05
2135,0.0007193367057443,0.0002869171520424,0.3348968831222411,0.0054653085760274,0.3323642941982273,0.0039151429813329,0.0017414153172899,0.0003870293513511,0.166448189200529,0.0039619864834145
2136,0.0014904335352453,0.0002757335828861,3.4753409424293427,0.0053198065555487,3.465992341622304,0.0033910231996206,0.0039483030741613,0.0003792355566027,1.4935923119549523,0.0042982682815506
2137,0.0007260029649279,0.0004132760293638,0.0244726883306003,0.003482793691453,0.0127850675704882,0.0031666443590334,0.0008551466663434,0.0004821648686264,0.0072922794480252,0.0017583854420559
2138,0.5344643820337974,0.0340259187208321,5.448191814367366e-05,3.1323302679589195e-06,0.140692065921478,0.0072866526732267,0.000106631986841,3.4750616772817326e-05,0.0002636618197476,0.0001218786067509
2139,0.0007394135137761,0.0002972374980392,0.1408665727965342,0.0057077376877858,0.13798879804456,0.0042544899105819,0.0012450325286945,0.0003948392624195,0.0443136755160258,0.0026853194645073
2140,0.0007928144191011,0.0001313027647542,0.0285793557688883,0.0036324242465885,0.00614658323846,0.0014950246619016,0.000728640919241,0.0001637489659868,0.0075184118075132,0.0009156796477304
2141,0.0011162706100361,0.0002851944038087,1.3581300072435374,0.0053071904742497,1.3535082189270315,0.0034898652803024,0.0030719236775908,0.0003912569942537,0.650639147742799,0.0044005854473392
2142,0.0007293233035891,0.0002868548835969,0.393886550251237,0.0054254965230074,0.3910007407528031,0.0037936382962408,0.0018421664987103,0.0003889619602771,0.1954862040926269,0.0040153625816579
2143,0.0007780096672462,0.0002228222402885,0.0275882424115027,0.0035615489292873,0.0103896665144457,0.002412509592713,0.0005619046679307,0.0002721285508464,0.0072074316823375,0.0015264378678414
2144,0.485485309927096,0.0445488046737928,9.387692556107428e-05,5.065965923893062e-06,0.1632333270178333,0.0038379219999766,9.701931227028025e-05,1.900286326531473e-05,0.0002020953049854,7.308793782706095e-05
2145,0.0007398134396579,0.0002865682451299,0.1763763603577623,0.0057042800754781,0.1735184189339231,0.0041783993668771,0.0013520341851952,0.0003820535418054,0.0649365462845728,0.0030462499552833
2146,0.0007369297732129,0.0002811684607205,0.1970681644608041,0.0054986561430377,0.1941880997620313,0.0038581892605788,0.001486625848669,0.0003767032381305,0.0838305169439952,0.0032433530324338
2147,0.0007284636243108,0.0002907660115931,0.5984498387606907,0.0053747912568606,0.5953829293935293,0.0037284479726182,0.0021452152108507,0.0003954675684108,0.3097773176645619,0.0044132837336544
2148,0.5387810869570706,0.0369328234009938,5.358022372767876e-05,2.9206695132959094e-06,0.1403358131946695,0.0066092760989582,0.0001112659492265,3.6919521150126265e-05,0.0002406432224691,0.0001192161854427
2149,0.4510422718530749,0.048806522725798,0.0001224670927785,6.435913586624664e-06,0.1738495384428356,0.0035939566026524,6.837776449333028e-05,1.325149028949018e-05,0.0002610633940526,8.02166266443382e-05
2150,0.0007606981772683,0.0001816558956612,0.0265458594245496,0.0032458217535749,0.008448187110674,0.0018456510078998,0.0006615554347887,0.0002248877645459,0.0070093512255927,0.0011343245856793
2151,0.0007402830566807,0.0002880012775907,0.1266984441595838,0.0058328699904437,0.1240122454005977,0.0044117766240997,0.001179271062195,0.0003821635568962,0.0364206568434649,0.0025151978884713
2152,0.0246600289236753,0.0020865496972057,0.2942594360553796,0.1648401275342842,0.0651852786730159,0.0242475042231942,0.0305188532666936,0.0020846414209087,0.2824605759505969,0.1539123331594878
2153,0.0007446419231498,0.0002934951628545,0.1442899732257734,0.0056830862844986,0.1413596833179792,0.0041747165016352,0.0012787262213768,0.0003903601100314,0.0487129472595509,0.0027762083155221
2154,0.0007817173423789,0.0002237204497848,0.027120805946085,0.0050099013947652,0.021438725116433,0.0022812431627266,0.0009103959861264,0.0002831232914617,0.0084081756839155,0.0011774372801649
2155,0.0007725266127378,0.0001330007744367,0.0291927756339813,0.0039336950897628,0.010006971530434,0.001292462245568,0.0007909357899661,0.0001627792213969,0.00752560783859,0.0007638896519892
2156,0.4615045477957784,0.0479568125098013,0.0001110392901572,6.002343982405983e-06,0.16681807543085,0.0040210103156206,7.787278325271273e-05,1.783600398876126e-05,0.0002294705772031,7.303184463739086e-05
2157,0.0007580188637278,0.0002238941488903,0.0291650859483237,0.0050903708345375,0.0209866509241527,0.0022406174458115,0.0009483274642005,0.0002838888358298,0.0084135194759333,0.0012792538794571
2158,0.0007806458875679,0.0001349669408811,0.0287487966885942,0.0042602193944214,0.0137570853718806,0.0017800281154203,0.0007659154651054,0.0001664328956829,0.0075135789652486,0.0009479973374176
2159,0.0007486979826965,0.0002787779460621,0.0517936866876574,0.0056045498844935,0.0492747106509716,0.0035321317657311,0.0010400636735195,0.0003638281308167,0.0147065496646893,0.001812875701322
2160,0.001130228406899,0.0007245803508499,0.0474838179566141,0.0149618941808768,0.0172796278461126,0.0052070990196073,0.0011047186055122,0.0008043741466686,0.0163355690206128,0.0036001597822237
2161,0.0015616483411055,0.0010075405792307,0.1290255421771066,0.0530134196239395,0.0311205286172389,0.0085752662063769,0.002155821961458,0.0010614203684525,0.0410245916920784,0.0125110912762101
2162,0.0007622273976623,0.0002625085798553,0.0286813459612683,0.0052138109954644,0.0219663262997404,0.0026505739058077,0.0009655727954155,0.0003369676382778,0.0081564398366846,0.0014212178853546
2163,0.0007488407448581,0.0002820722371599,0.1544762385500469,0.0056297539964984,0.1514316489680006,0.0040845671945754,0.0012916650697745,0.000374788820629,0.0496115159283066,0.0027754870738028
2164,0.0017053224678679,0.0002749949642514,4.329006972406292,0.0054243919621768,4.315971263494052,0.0034021726755002,0.0044566179351009,0.0003753958131114,1.796602833402101,0.0043838677019061
2165,0.0007287120577667,0.000279569571619,0.2121273471261789,0.0056197417100479,0.209251193716806,0.0040934728332756,0.0013928553732512,0.0003748017617135,0.0815581025834146,0.0032319087127398
2166,0.0007678755661994,0.0002298000154997,0.0289242595648013,0.0049296257009113,0.0168715085266714,0.0021892462433376,0.0009043849919056,0.0002914673126625,0.0076606234483021,0.001172321465399
2167,0.0007306846925114,0.0002913488001543,0.1844184692594414,0.0058571003086489,0.181653245191449,0.0043563325243781,0.0013069096808919,0.0003874241940462,0.0621613788336297,0.0029936226267104
2168,0.0007828834861586,0.0002509007895903,0.0275003098008664,0.0050778660745244,0.0195336771298093,0.0023089580342379,0.0009582806997082,0.0003189343209916,0.0073084438034202,0.001335801488839
2169,0.0011729830342137,0.0007575699067925,0.0259311928870405,0.0049364982260678,0.0161438920270732,0.0051776923029418,0.0010801485910984,0.0008223606061872,0.0099488669523335,0.002867966631248
2170,0.4277970793920375,0.0560449183727766,0.0001540395416974,8.076415743018852e-06,0.2140419226061564,0.0030972826990087,5.201580898043293e-05,1.3290947028583722e-05,0.0002564079955414,6.751553409688053e-05
2171,0.1827947392150646,0.0069156533262914,0.1747392568619756,0.0151219108518767,0.2086933935350149,0.0619766028310954,0.0122370038455985,0.0039264733051036,0.1283751517310989,0.0150859156873422
2172,0.0007504683808701,0.0002882622394826,0.0852205620220296,0.0056552622619992,0.0823101137701234,0.0039000059440773,0.0011454764790968,0.0003802482588446,0.0236001160567179,0.0022043707004893
2173,0.0006846028122439,0.0004647842746447,0.025580112997876,0.00366180585393,0.0140847615218297,0.0033576058108218,0.000770704655469,0.0005377620365255,0.0066316050282396,0.0019730577897302
2174,0.0016934642348763,0.0002736649010235,4.546566528668994,0.0054415036790261,4.536420084983346,0.0034029165093478,0.0044311412100995,0.0003749321274168,1.869821026940249,0.004323749109691
2175,0.0008037825299113,0.00014210791607,0.0283662769426098,0.003658708793446,0.0065483611976417,0.0016872994954287,0.0007245372033161,0.0001769747278102,0.0073978387303797,0.0010391248553033
2176,0.0007820137757875,0.0001204088794475,0.0283901282610151,0.0035439229105039,0.0072916829971986,0.0013675108589868,0.0007009582213286,0.0001502575288278,0.0072080301179421,0.0009618302423504
2177,0.0007554589373501,0.0002458920900502,0.0281903167895475,0.0034075375140624,0.0093111043553062,0.0022268658960126,0.0006328549437174,0.0002987125719436,0.0073146448463789,0.0013148429293552
2178,0.0008573438043484,0.0002854880751162,0.8213555988758651,0.0053354206419075,0.8176289018369025,0.0035976365045472,0.0024602286200539,0.0003894853207264,0.4250450394710809,0.0045069042585154
2179,0.0007794437112484,0.0001533340245576,0.0273409182312806,0.0034726864236895,0.0074962960927419,0.0017123087115107,0.0006751432434571,0.0001925447668627,0.0072372293095864,0.0010968295143771
2180,0.0011610759680217,0.0002869974607503,1.6280777051173323,0.0053285625329156,1.6231694836523014,0.0034780705191281,0.0031792057022989,0.0003948719997582,0.7709782960327295,0.0044176492795293
2181,0.0014322515822509,0.0002890838994757,3.289166265852296,0.0053248553685856,3.279507575298888,0.0034266903500201,0.0038110137728547,0.0003974816625197,1.4300141474851265,0.0043580829819478
2182,0.0100173230101046,0.0012681122526986,0.3878673972666963,0.2289932485724742,0.1580811610814001,0.058603404215784,0.0156828768390585,0.0013198348958643,0.3576064507957004,0.1868060269642842
2183,0.0007509083244672,0.0002985155036035,0.257997189497918,0.0057214459667843,0.2551861296896844,0.0043399310659028,0.0014189877813538,0.0003990445964074,0.0988302143816932,0.0034898690909785
2184,0.002378436352639,0.0020705813474007,0.0506592331144663,0.0115043693136272,0.0347398181558184,0.0152208470391326,0.0023967501332539,0.0016666095396552,0.0183892888885068,0.0067984238917302
2185,0.4768788065705388,0.0410160333331804,9.23681540138702e-05,5.208191722264895e-06,0.1627129508069101,0.0048788172789372,8.909403514077641e-05,1.8046397941689288e-05,0.0002278818518994,8.442692108078022e-05
2186,0.0027930227242844,0.0009716814204737,0.1887992113259015,0.083770830159209,0.0831495759384919,0.0212833113946759,0.0050599529267206,0.0010521764860269,0.1509903633551958,0.0498360414464527
2187,0.0007570594552954,0.0002777175250365,0.0286547678486775,0.0050968721416288,0.0203729551405068,0.0026254976786668,0.0009834507668371,0.0003600881389151,0.0075692625150692,0.0014075724284827
2188,0.0007225698091332,0.0005027223458416,0.0246505819727101,0.0039717796138104,0.0127056354801985,0.0034520032684873,0.000876139241579,0.0005799056455739,0.0090739040209535,0.0020179359785956
2189,0.0007401168443834,0.0002850291408629,0.1138012608783239,0.0058434036934885,0.110969883768864,0.004245674961504,0.0011797675297244,0.0003769787280864,0.0326139542413909,0.0024308654719994
2190,0.0007805145402394,0.0002200855618815,0.0284778458449281,0.0034069833219801,0.0093997139294987,0.0021984952722286,0.0005968029196092,0.0002709266310852,0.0076026323267098,0.0013725798865564
2191,0.0014330111128038,0.0002765517774554,3.079164165485123,0.0053324826737116,3.0699403606228346,0.003408314377359,0.0038127487531605,0.0003814803700255,1.3358449339489795,0.0043483711268426
2192,0.0007932944106554,0.0002819854945739,0.6545293125551187,0.005396436340432,0.6509175410264466,0.0036331852205496,0.0023092058568853,0.0003856347829389,0.3416120931500837,0.0043507440975432
2193,0.0009210882381078,0.000287706792155,0.9371112025347678,0.0053551944287064,0.9336081554609438,0.0036054028418212,0.0026039009422328,0.0003919085106614,0.4741116417178286,0.0046261537630802
2194,0.0386502251482278,0.005055969580525,0.0028754498543212,0.0010886587681503,0.4184995148688745,0.0062244547487203,0.0004135007042211,0.0001123172745661,0.0028429208052683,0.001097875905884
2195,0.0007517509774376,0.0002801690246207,0.0533166197141853,0.0055599866540921,0.0504841035327566,0.0034493454850254,0.0010980295961947,0.000365882035738,0.015552613844406,0.0019523036124223
2196,0.0189528116373109,0.0020754912007157,0.2295072266686487,0.0686308635869543,0.1032115087983937,0.0383934540268716,0.0192207629177111,0.0018721482545234,0.1459326310966858,0.0662456252096227
2197,0.0007561355029647,0.0002773988167639,0.0838287603079046,0.0059080820026176,0.0810509006661269,0.0040826834073738,0.0011098509598599,0.0003618620780504,0.0236281642636077,0.0021514208791814
2198,0.0171372161080792,0.0023070675043112,0.1909292062166494,0.0550976943389189,0.0912261493881943,0.0365886343697234,0.0169103601336551,0.0021971725853864,0.1198669598502542,0.0536732852525741
2199,0.0007521230111064,0.0002697039529195,0.0835775228549566,0.0060657617435858,0.0811009277509281,0.0042305834943305,0.0010991965848743,0.0003517388891412,0.0245894094183825,0.0021832573300561
2200,0.0007310750871686,0.0002910781793063,0.4067723868512416,0.0053969907714918,0.4038497184969353,0.0038338617452525,0.0018324329750926,0.0003948983753867,0.2038546445934854,0.0041219268214597
2201,0.0007566628039255,0.0002759608681381,0.0506319257561649,0.0055632385288462,0.0481486204085988,0.0034581011232918,0.0010301025558356,0.0003590872964333,0.0137947599279317,0.0017306952081165
2202,0.0007502784181864,0.0003212407626896,0.0276974001071971,0.0039793252738397,0.0115015149959305,0.0031405735292518,0.0005762482829834,0.0003832413493261,0.0072227096915405,0.0016917648738068
2203,0.0008932873440799,0.0002905759682377,0.8832752104547186,0.0053643570328056,0.8791357612947933,0.0035892652127116,0.002548011010817,0.000397873584662,0.4511861367517254,0.0044778192731876
2204,0.0007447608730915,0.000293158492804,0.1637003007080197,0.0058125849082364,0.1609402945741009,0.004419387863268,0.0012681107266312,0.0003886057356358,0.0535294470278968,0.0028559536847141
2205,0.000740158079598,0.0003410516875568,0.0287126644860371,0.0040385101035134,0.0121513417346092,0.0031564026340506,0.0006437533940523,0.0004049983898025,0.0073639733057726,0.0018873650874173
2206,0.4312664720331218,0.0511919842110529,0.0001312531695851,7.359987270538751e-06,0.1938146177542377,0.0033320209524731,5.4789160805468144e-05,1.392329778560034e-05,0.0002773733712594,7.785303240949055e-05
2207,0.0007641163044518,0.000201065573115,0.0271401643753005,0.0033863016336213,0.0094500525428848,0.0023070425255903,0.0006257331112536,0.0002462001377058,0.0069990944848847,0.0014907240873082
2208,0.0007315282408328,0.0002793366138955,0.310884526898934,0.0055085498184481,0.3081607881367152,0.0039265513837948,0.0016280806763601,0.0003765233408022,0.142866298153425,0.0037794969525671
2209,0.0007449341920016,0.0002856966104466,0.1676513660354526,0.0056379421540616,0.1646812624924956,0.0040637598463987,0.0013341210768426,0.0003828652622927,0.0616362999787509,0.0029630512198896
2210,0.0007410509778582,0.0002882741807237,0.2289398074091446,0.0056552708324231,0.2260649876585035,0.0041838146827564,0.0014114119595118,0.0003875418182178,0.0881779957338043,0.003329077514816
2211,0.0008137526680794,0.0001519786379997,0.0279521031564041,0.0033905122112261,0.0070129235841212,0.0016173415562692,0.0006618996015463,0.0001899412144164,0.0073590609634405,0.0011577915167284
2212,0.0007322670598194,0.000283087042607,0.1981073961765146,0.0056024083866678,0.1953204626497857,0.0040070602539845,0.0014162688650468,0.0003796600224531,0.0798575195641028,0.0032018782133711
2213,0.0007859196178986,0.0001202895130042,0.0284784465087497,0.0044334684220495,0.0150343840359068,0.0016949368206236,0.0008057401685311,0.0001476050947868,0.0072067358175168,0.0009388801516497
2214,0.00076612566149,0.0002109669595454,0.0282796416333627,0.0049300629681883,0.0191108081808855,0.002031115081543,0.0009186602354164,0.0002657674967822,0.0078784481228855,0.0011823590207397
2215,0.0007618974922058,0.0002417109258663,0.0283447433145367,0.0044934410181433,0.0097496320054075,0.0018013507175811,0.0008579233039693,0.0003079491465574,0.0074105286594186,0.0009385586924591
2216,0.489390180513126,0.0360370499233975,9.16281480140066e-05,4.932426963312655e-06,0.1614898159651038,0.0048054608724072,9.681712927201963e-05,2.181195542978742e-05,0.0001828111497962,7.629668823302361e-05
2217,0.0007929752239312,0.0001262022076801,0.0278704811746738,0.003846953333315,0.0104664097070717,0.0014249376113202,0.0007114773552068,0.0001549783666134,0.0071482673909059,0.0010123312806061
2218,0.0007825731068136,0.0005009325859113,0.0254617786875387,0.0038711728270363,0.0123536435915285,0.0034694327391131,0.0008099165429509,0.0005760547482386,0.0084654115013372,0.0020584475098217
2219,0.410178751997705,0.0564603332232523,0.00018274960616,9.09708476984298e-06,0.2410165879982437,0.0034829661607649,4.2211579337094966e-05,1.2727835975198484e-05,0.0002845615143096,7.37757317061055e-05
2220,0.5060442703744893,0.039502896503815,6.985593603262766e-05,3.9362167974942805e-06,0.1509167143676139,0.0050420140901952,0.0001119642136706,2.23252069658806e-05,0.0002391320845853,9.435786125855389e-05
2221,0.0007571383478223,0.0002858910878937,0.078740032579657,0.0057051155122293,0.0758192782895064,0.0038418696078173,0.0011231124160584,0.0003738626263168,0.0214855765102019,0.0021018520007314
2222,0.4765400512762539,0.0448226270236249,0.0001000141730361,5.363879956453454e-06,0.1648552951456158,0.0038633315381131,8.947844119444869e-05,1.670758161938583e-05,0.0002139095597066,7.399045063457759e-05
2223,0.0015345425691467,0.0002761382191392,3.360731261951386,0.0053662041078473,3.3515542787639263,0.0033799517931868,0.0040594867315241,0.0003789249930702,1.4415781940940733,0.0042690395383842
2224,0.0013675388688365,0.0002790834026041,2.712079003858013,0.0053068039876926,2.704788953461016,0.0034256495344788,0.0036578440065126,0.000384751734602,1.201257687403288,0.0043915169197467
2225,0.0007294018774525,0.0002923825032325,0.3768868254549004,0.0054993748819092,0.3743056081337598,0.0038852964410126,0.0017839853178409,0.0003947231776959,0.1845554774711324,0.0040571155001182
2226,0.4898676997608,0.0427385367528492,9.050453475742289e-05,4.845030255896559e-06,0.1601833686783188,0.0041035481577809,9.551920364475764e-05,1.9749251300535824e-05,0.0001843980508964,7.609782384235874e-05
2227,0.0007834716266731,0.0001214545742506,0.0289177561159518,0.0034573033765557,0.0063242685395236,0.0013168787252226,0.0006997258945658,0.0001528615476586,0.0075777536969801,0.0009540092775666
2228,0.0386125478513437,0.0029344522645228,0.2028029972048521,0.072671865689535,0.1184302277674215,0.0486961579573442,0.0291427982454817,0.0027788268414606,0.1589595050184441,0.0704063266257774
2229,0.0009270508157257,0.0005983451127552,0.0993587655047906,0.0352834834037341,0.0260552422153314,0.0057947055894982,0.0009711322545717,0.0006781677557599,0.03555197001627,0.0055230796950884
2230,0.0007824652395486,0.0002448748118681,0.0281029069377953,0.0051258112670387,0.0238426547272693,0.0024125140234373,0.0009301134394395,0.0003119885337554,0.0091038214952068,0.0012886590477587
2231,0.0007505832916274,0.000274720281106,0.0559888609900695,0.0056836837174688,0.05335678764068,0.0036646503847628,0.001076994054741,0.0003591991797616,0.0163945308553426,0.0019391638531323
2232,0.0011399319581876,0.000825820257127,0.0254418131762281,0.0069244161952381,0.024115711354263,0.0072287051582467,0.0012170157573351,0.000896276749824,0.0124722766307081,0.0037850268075489
2233,0.0007913484749898,0.0001191526284422,0.0283547636337719,0.0035946020155348,0.0067459314720741,0.0014795003877644,0.0007075090551054,0.0001481336906189,0.0074281698892549,0.0010613317169859
2234,0.0007424850741082,0.0002924756265025,0.3567275670803879,0.0054427498743635,0.3539847285711501,0.0038505239887218,0.0017701133733808,0.0003952722042239,0.1779630912347729,0.0039677447051197
2235,0.0008718674722542,0.0006044916457851,0.0699561501320802,0.0192745824260948,0.0190676136427455,0.0050441336091937,0.0010101367478038,0.0006923028595042,0.0220136363728435,0.0040202660846394
2236,0.5033853834920892,0.0326545912625939,8.078501449990699e-05,4.421018340549539e-06,0.1578436600570071,0.0074656752782318,0.0001040412436263,3.288629965293968e-05,0.0002423651005396,0.000110375084961
2237,0.4485697657157645,0.0484291202605362,0.0001260875449927,6.508851921686422e-06,0.1789221345898035,0.0037179340814603,6.60175703502172e-05,1.4382164266178256e-05,0.0002699055330744,8.23050993842162e-05
2238,0.001641230767497,0.000281429763403,4.574781471448847,0.0053578007223419,4.564963593701087,0.0033821580425129,0.0043109942475351,0.0003857464146085,1.873805224971436,0.0042626754612852
2239,0.000739595975538,0.0002877945433247,0.142620808799175,0.0056833539252884,0.1397414387860324,0.0041008744258288,0.0013110000501949,0.0003824307236606,0.0507041407345803,0.0028285657331388
2240,0.1542854557008055,0.0080001202039583,0.2631929837633625,0.0119769478342315,0.1718598336361028,0.0909579843818789,0.0136572271623201,0.0038196875677466,0.1723274962417041,0.0119493250294685
2241,0.0007693034738048,0.0002526814070257,0.028837141889063,0.0052973445551399,0.026464183359138,0.0026456534080548,0.0009101827142183,0.0003220830084412,0.00996917752339,0.0013594747952353
2242,0.0007444983352922,0.0002702543349637,0.0383771058256668,0.0055149513002291,0.0358870988760636,0.0032301028154584,0.0010493734558367,0.0003499250899397,0.0115311821832827,0.0017915832816768
2243,0.4993494734779041,0.0423166381422601,8.281633973000529e-05,4.427453267860107e-06,0.1578180270796707,0.004137130481744,0.0001046833106515,1.8986039856614287e-05,0.0002344876184339,8.366984421690306e-05
2244,0.424047613277758,0.0549148852235361,0.0001587560237749,8.357758462674429e-06,0.2206305508714446,0.0034690469877744,4.878328701693945e-05,1.4654734662844312e-05,0.000258117126735,7.239232377837939e-05
2245,0.0007783250079136,0.000179482769359,0.0286794419623477,0.0038258822526021,0.0070392640785585,0.0011229060475487,0.0007840029631217,0.0002213083293178,0.0072130516431757,0.0007812396964868
2246,0.2410529137382576,0.0070598129579984,0.1628173545166521,0.0224326549818117,0.1190647534482092,0.0514411950899491,0.0161403921831399,0.0049054493526307,0.1300751695402562,0.0223622538151412
2247,0.0007543391600589,0.0002802375240104,0.0783085902583596,0.0057601634114188,0.0754667112082182,0.0040793170799696,0.0011017773390399,0.0003698150071854,0.0220740379452419,0.0021161155883504
2248,0.0007410469710135,0.0002756823484296,0.0513335321276463,0.005499011061689,0.0487373514357835,0.0034584899267897,0.0010410890986267,0.0003591805977336,0.0139428353557707,0.0017413128508383
2249,0.5453484977562566,0.0351496593283762,4.748414802361473e-05,2.6230473047481827e-06,0.1338194005111401,0.0077567464222711,0.0001030977200119,4.573544681454667e-05,0.0002943642408743,0.0001358825938663
2250,0.0007883750365275,0.0001240812375592,0.0283318425125863,0.0036828153027576,0.0082544971310594,0.0012010070497533,0.0007224350797378,0.0001529618777817,0.0073181145383163,0.0008630920526447
2251,0.0011577656019169,0.0006905244233828,0.0519414608127904,0.0145131250361398,0.0160288583953265,0.0050997391812301,0.0010545174753708,0.0007650003246538,0.0131225857637828,0.0039536651229653
2252,0.0007505372190634,0.0002515748365435,0.0365052569270011,0.0055398128722163,0.0337682047537426,0.0029911348746001,0.0009209282345825,0.0003214967955732,0.0121464617839293,0.0014211903469793
2253,0.4167007388136208,0.0563722400489324,0.000172676739909,8.547993606664188e-06,0.2316544259355398,0.0032977031607744,4.5746041438406064e-05,1.4953762099651292e-05,0.000296495186054,7.823974182402409e-05
2254,0.3753847247398568,0.0632505991016975,0.0002669295647237,1.311010838877914e-05,0.283870799927965,0.0047180039128345,4.322470583502947e-05,1.9992756273417437e-05,0.0002954429219631,8.159136421287808e-05
2255,0.001120569070283,0.0002881908359755,1.4464508421725852,0.0052879126186481,1.441741588538897,0.0035032265400915,0.0030801858650719,0.0003951933439032,0.7014852818210002,0.0045280178762171
2256,0.0010110311333589,0.0002813824381508,1.1399356403153638,0.0053570567170477,1.1352603632658729,0.0035135107659128,0.0028268799003103,0.0003872374977129,0.5587853275004737,0.0044297532875395
2257,0.5257781674229172,0.0383951652733663,6.285473945758936e-05,3.3805111374400765e-06,0.1455152063106926,0.006702500819605,0.0001198941511983,3.087412313952306e-05,0.0002833660788335,0.0001163077496347
2258,0.0007861421760189,0.0001817701131886,0.0286704307998315,0.0034692181609849,0.010349740013111,0.0022417506287028,0.0005885854549488,0.0002241143266922,0.007459119230517,0.0015274667512144
2259,0.0007881616235346,0.0001036797027697,0.0271278757950845,0.0035861250314875,0.0053434351378428,0.0011693295847797,0.0007535008407466,0.0001293003458007,0.0073980816564141,0.0008087134104864
2260,0.0007260871623097,0.0002928207654177,0.3407689326067541,0.0054523914176274,0.3380954210402707,0.0039209473632027,0.0016962996434753,0.0003949318892874,0.1660838580236684,0.0039428277328823
2261,0.5232655768013825,0.0341080633890606,5.74367148937746e-05,3.373755200671492e-06,0.1432850090992271,0.0058032308352413,0.0001117814367862,2.9155840258815893e-05,0.0002128593528432,0.0001018444260588
2262,0.0007453597235811,0.0002831924017826,0.6030506174892201,0.0053658151056966,0.5994846422842418,0.0036386494845251,0.0021977825386897,0.0003863179469981,0.315032862061879,0.0043180181850949
2263,0.0015213875095368,0.000274630729759,3.5027495967316464,0.0053371717900128,3.4927874669786467,0.0033853524131382,0.0040190903766643,0.0003768613816182,1.5018715258646125,0.0043315901423957
2264,0.0007651656692075,0.0002115247614962,0.0291821962902273,0.0049931749004259,0.0225504073829636,0.0022106376626232,0.0008502032666535,0.0002647546286613,0.0084057951240392,0.0011597118784971
2265,0.0007425763152082,0.0002830720658812,0.1140132964083685,0.0056710273467586,0.1110412737545238,0.0040082810986557,0.0012060852151017,0.0003763315457159,0.0344834456143137,0.002477972673698
2266,0.000747697071104,0.0002580308721504,0.0484569185967864,0.0055754125282302,0.0458375543617838,0.0032977053115511,0.0010373907736128,0.0003349127100189,0.0133227812382276,0.0017486125641044
2267,0.0007208747055501,0.0002846640979615,0.5772577013477491,0.0053917449967298,0.5741373388397311,0.0037321719466017,0.0020724301016318,0.0003876167667182,0.2984403405857385,0.0043717596607522
2268,0.0007982608334852,0.0001251998793449,0.0273246372511226,0.004220589808743,0.0145444326602396,0.001801981951228,0.0007618332649078,0.0001547851775607,0.0071828881405253,0.0009872022597936
2269,0.0015955068147239,0.0002817758308023,4.2738497236189446,0.005330001537693,4.264265364871017,0.0033768228921767,0.0042008409385934,0.0003857693329706,1.754297316612594,0.0042647249623185
2270,0.4534181699512493,0.0467530838044658,0.0001086086638814,6.072409670474495e-06,0.1696492380370541,0.0041247093898653,7.588940265328168e-05,1.941693192523933e-05,0.0002510386598963,9.241332206446082e-05
2271,0.0007638342505075,0.0002499283557192,0.0320925742546746,0.0054022477213632,0.0293807537996,0.0027771491838827,0.0009842000518485,0.000320449537441,0.0107544633297302,0.0015218819648227
2272,0.0009520273987443,0.0002879328530267,1.0358689434848622,0.0053326381337353,1.0315441106667873,0.0035616395101522,0.0026842597737684,0.0003938375404753,0.5199110479805288,0.0045079472048616
2273,0.0007880353570824,0.0001128745322758,0.0276549168080895,0.003449359074788,0.0062421788169622,0.0012624561903781,0.0007230505773454,0.0001419606045981,0.0075059866069565,0.0009530389708885
2274,0.0007333709897072,0.0003548859473078,0.0254444645993403,0.0034511957552742,0.0111827137538566,0.0028956220620853,0.0006019274239483,0.0004196703627222,0.0066441269358624,0.0017062291873079
2275,0.0007343048114391,0.0002936704459249,0.1051516839751618,0.0055114067481898,0.1020834561842069,0.0039317999365525,0.0011956522943291,0.0003902101747616,0.0300146571346851,0.0023818574621118
2276,0.0007695902867342,0.0002276709736739,0.0327438892544706,0.0055976145330234,0.0303469764666597,0.0028998502407276,0.000978712517829,0.0002888660220196,0.011275258824758,0.0016278777309039
2277,0.0007738766715027,0.0002376322470971,0.0293680700716979,0.0052807008924826,0.0272727325069807,0.0025799906293008,0.0009074836900082,0.000301811642966,0.0099936724114383,0.0013400846306459
2278,0.0007514239411364,0.0003426987012271,0.0259410027786493,0.0034959074594668,0.0121216621002505,0.0029557841251041,0.0006479395681461,0.0004057965492858,0.0067802985739174,0.0017482139216486
2279,0.0007872357947875,0.0001187640882925,0.0289291863745176,0.0039316668375552,0.0102028727519556,0.0014886932328427,0.000738198488187,0.0001465739385306,0.0075180995117152,0.0010165919436393
2280,0.5108714789641082,0.0391799261735725,7.39306505613807e-05,4.010554723325478e-06,0.1533952084427149,0.0052263957624881,0.0001134646475293,2.6772721784991022e-05,0.0001867910582439,9.38411368719508e-05
2281,0.4740773808412875,0.0440690653753975,0.0001011905739505,5.443996876942698e-06,0.1640035558395146,0.0040409717237323,8.3519777952851e-05,1.7038872210509497e-05,0.0002211398461253,7.518704624384734e-05
2282,0.441273826277627,0.0486639311745325,0.0001254905728273,6.761974095864268e-06,0.1837721036686692,0.0038114059159449,6.155461235889895e-05,1.6210814071609133e-05,0.0002713624262389,8.47232754511845e-05
2283,0.0088039818789997,0.0012065630294012,0.183387076464177,0.0846909494634815,0.0862010523028642,0.0260717335423499,0.0128202470399407,0.0012914020469502,0.1613690338133244,0.0776310899156703
2284,0.1312845804672814,0.0073235311522001,0.229407810501165,0.0137544033293377,0.2369021548488719,0.0619519390180283,0.0127535223267382,0.003950339401578,0.1791429624622521,0.0137249527099859
2285,0.0007600412630248,0.0002349001696291,0.0281937014379538,0.0032908277653823,0.0099322966012139,0.0023122728180991,0.000556929816936,0.0002867906673201,0.0072525257815022,0.0014077340000323
2286,0.0007943934603639,0.000126086062882,0.0278939915598288,0.0036718365267151,0.0082114316438871,0.0014540443132864,0.0006995914418722,0.000156348358311,0.0072509808773691,0.0010094324644095
2287,0.0007982932126891,0.0001164576403281,0.0287613991093492,0.0039074042816695,0.0099379289647295,0.0017461778675506,0.0007189088629748,0.0001444770898171,0.0076085916751107,0.0011065970782508
2288,0.0007457416576392,0.0002874054935097,0.0685214156597952,0.0058256459727569,0.0660948350278892,0.0040340168116258,0.0010598997272521,0.0003765606325366,0.0188966990777987,0.0019485390016134
2289,0.1112728614394951,0.0060000059572578,0.1611260691237547,0.048491855444642,0.1118078387726376,0.0579936762120056,0.0248306770851444,0.004918937430116,0.1183039981466256,0.0481600660438405
2290,0.0007915877083665,0.000136446058382,0.0280762699434003,0.0043879864922552,0.0145242100571868,0.0018745129920737,0.0007830125792142,0.0001679911787538,0.0073961846949396,0.0010874706994138
2291,0.0014572817196924,0.0002864953598651,3.349887860491868,0.0053090773949159,3.3396148225986977,0.0034189807413617,0.0038699479383126,0.0003938873877721,1.450438621249173,0.0043493337299683
2292,0.000746301702333,0.0002664136703032,0.0364282739854108,0.005379138460457,0.0339616713797058,0.0031596724116,0.0010063244758142,0.0003471419597757,0.0106801013039668,0.001588295363442
2293,0.0015377915491783,0.0002807767689446,4.1221326960783164,0.0053335548155972,4.112637541519757,0.0034005611304545,0.0040567411479463,0.0003856701943741,1.7155188679709406,0.0043129649073155
2294,0.0010652068909473,0.0004924512791657,0.0715133949096985,0.0124435838139068,0.0164801616327251,0.0042872140117954,0.0018307072769699,0.000569426979764,0.0194790914700532,0.0028906913851099
2295,0.0007638031370108,0.000215251363252,0.0291413473863601,0.0043313459162367,0.0104816446426688,0.001514282246378,0.0008396724312484,0.000271324133029,0.0075902434291272,0.0007829835557067
2296,0.0007723827287853,0.0001504648562684,0.0291470324053443,0.003792112816665,0.0064364559293503,0.0010039408256385,0.0007479579816934,0.0001856675941479,0.0076039236783263,0.0007878463949638
2297,0.0047256494438982,0.0011253172260265,0.4020030399272746,0.2763089278227014,0.2219928236385278,0.0629296795079612,0.0091727590212744,0.0011831437946611,0.3116083958041034,0.1112188627957093
2298,0.0011896940837114,0.0007075173639985,0.0246996668215812,0.004798673145895,0.0151687615633296,0.0041948178852741,0.0010660794498886,0.0007807593982503,0.0076009625336449,0.0023707980310211
2299,0.0007610279548914,0.0002275482789047,0.0282322482505174,0.0052358307800584,0.0258690879535615,0.0024999503262677,0.0009412733005459,0.0002881355242682,0.0095118593755487,0.0013650678466263
2300,0.0011852868061126,0.0002865136078859,1.8090054674953564,0.0053225729188771,1.803922614133157,0.0034865588322891,0.0032358588426731,0.0003957658258025,0.8444189296326652,0.0044652932742221
2301,0.0007317092106655,0.0002929546632003,0.1311029906117698,0.005659190608519,0.1281255569837038,0.0040476229131486,0.0012648231708417,0.0003901213694794,0.0444462347469918,0.0026827820922368
2302,0.0016022078876167,0.0002818486547163,4.728901169297405,0.0053215750629487,4.71936387370711,0.0033893905190314,0.0042118244306613,0.0003863048778133,1.917593366033488,0.0042850087532763
2303,0.0017221945769191,0.0002803462371347,4.353480236190496,0.0054469364457752,4.339918036527239,0.0034097603756821,0.0044974289325813,0.0003817933602723,1.805239285365598,0.0043919251119166
2304,0.0007307091727117,0.0002819392194405,0.1652248338713345,0.0055330276274522,0.1622723690281415,0.0039191954635889,0.0013769956723292,0.0003776560339567,0.0638068340136463,0.0029821160910327
2305,0.0014439775499707,0.0002818263080262,2.995023782797721,0.0052981484397916,2.9862093933040046,0.0034054121796828,0.0038378386414201,0.0003869141068173,1.3078317105930015,0.0043158318707933
2306,0.0009085912072631,0.0002802070454302,0.9377595508747736,0.0053055508486805,0.933562011980558,0.0035735430165523,0.0025820561020002,0.0003840905885344,0.4775673373558017,0.0044751967268407
2307,0.0007370157412376,0.0002812866801603,0.118829626663774,0.0057139039784142,0.1160187166665221,0.004109933280823,0.0012418633361871,0.0003727896557756,0.0386668466293465,0.0026012685409992
2308,0.0014225137925262,0.0008924547197406,0.1952964093132698,0.0935712807032593,0.0678114752887225,0.0144486187858992,0.0031755042865129,0.0009749284234834,0.085733243207479,0.0178885401523289
2309,0.000791316988892,0.0001170726682758,0.0274733558858092,0.003680680645034,0.0087423962935383,0.0015648305180121,0.0007104617121749,0.0001466313754092,0.0071941097865406,0.0010158801594314
2310,0.0007832887838977,0.0001866074056059,0.029075517718394,0.0041602030834536,0.0077575104879211,0.0012384316284604,0.0008059243678828,0.0002328191420651,0.0076961059339894,0.0008138926725151
2311,0.0007315483321851,0.0002875148344255,0.0915968554813773,0.0056944949502512,0.0887256374827118,0.0040700621874238,0.0011490606267553,0.0003786613886089,0.0258768271121019,0.0022409238054491
2312,0.5420177620938613,0.0273979351459198,5.019778386232044e-05,2.952505566174639e-06,0.1362603048493511,0.0109700985352126,0.0001658972192483,5.200577061478249e-05,0.0004143215532337,0.0001511921573394
2313,0.5256724184735626,0.0357927344133542,5.6963509709868696e-05,3.3067248088305944e-06,0.1418821546863366,0.0076392536934553,0.0001092203713121,3.297880928315833e-05,0.0002731545662749,0.0001234344508026
2314,0.5483911949171771,0.033200396598748,4.428318188736664e-05,2.550313563137551e-06,0.1293425168722546,0.007898634724157,0.0001083241329885,4.760762237646314e-05,0.000322966816979,0.0001442322097283
2315,0.0007618485243964,0.000221603196355,0.0290401380228908,0.0043104785717311,0.0155390550934202,0.0015837952976748,0.000843633398894,0.0002796238622247,0.0076693119677874,0.0008119966217058
2316,0.0007329448164586,0.0004498758092672,0.0252869568271788,0.003460623400326,0.0141782024616596,0.0030900778909396,0.0007801189306192,0.0005238607929407,0.0066937634043597,0.0016654399872193
2317,0.000785766323697,0.0001713512655875,0.0293515913681005,0.0045987575464844,0.014988286010181,0.0020738120280028,0.0008276159459321,0.000210747178035,0.0076119516457423,0.0011367986085172
2318,0.0007406559487226,0.0002840465888844,0.1326495321554562,0.0057158947172118,0.1297675858201096,0.0041246296360953,0.0012433552103933,0.0003777186914728,0.0416954189813261,0.0026364520749789
2319,0.0007692555484897,0.0001865654975828,0.0293129239357605,0.0043872958135337,0.0107300445616612,0.0015672415458887,0.0008403541834572,0.0002315077180877,0.0076012663772905,0.0008726361491794
2320,0.4620171559318757,0.0501616967046135,0.0001115426345266,5.910995559430685e-06,0.1670306027257002,0.0030903647982033,7.836472542635019e-05,1.4242298068234286e-05,0.0002342330882831,7.38560790035812e-05
2321,0.0007226144871065,0.0003160605880856,0.0262489339364665,0.0034699789489736,0.0087604380512359,0.0025877905221319,0.0006661066699423,0.0003755844760137,0.0067851389748133,0.0015867020704658
2322,0.5356960154577042,0.0325004454643573,5.543116831919104e-05,3.0679182090234177e-06,0.1399520376157697,0.0070453046525733,0.0001054073897949,3.618546452919692e-05,0.0002162144669744,0.0001196414910827
2323,0.0007471913596755,0.0002796220259865,0.0531863308674805,0.0057351797376421,0.0507674979473726,0.0036133490703257,0.0010339650069023,0.0003639078454754,0.0150798138255885,0.0018271808289284
2324,0.4468007777729842,0.0532682366277615,0.0001286624969184,6.663528561428282e-06,0.1802262263137407,0.0032436944966227,6.563053477483179e-05,1.5011805812040567e-05,0.0002441216696712,6.758036086120142e-05
2325,0.0007804139276184,0.0001412238320929,0.0293575288295846,0.00379120917243,0.0076632209439195,0.0017313442753919,0.0006882838344495,0.0001745705916695,0.0075722525008235,0.0012323472569115
2326,0.0378805593194418,0.0037242568458508,0.2846527383862235,0.0316187729708596,0.1610311951914071,0.0495318359506447,0.0170636337225026,0.003137982246366,0.2242434606113676,0.0314036310714218
2327,0.0007265971418012,0.0005011247285438,0.0290064667212928,0.0072660220398738,0.0143968728282275,0.0040539996784226,0.0008559022297292,0.0005789761426663,0.0100499879389884,0.0026819306022718
2328,0.0017253046384283,0.00027223690445,3.515148363491918,0.0054738515901061,3.502720325299212,0.0034612133671639,0.0044929320413988,0.0003708491479268,1.4926948679579777,0.0044830735418295
2329,0.0023972038383488,0.0008448792187933,0.1963716274787449,0.1195814775260336,0.0724268673910168,0.0181832213975712,0.0052442754579896,0.0009401465384122,0.1205821412942165,0.0299112550598217
2330,0.0007585003606902,0.0002138391531908,0.0290129952539429,0.0049842273015302,0.0172288295396304,0.0021941713210209,0.0009270128686719,0.000269558136834,0.0076628612944563,0.0012270919843185
2331,0.0007824323080885,0.0001772829266939,0.0280491355245571,0.0050017732863835,0.0187310802534617,0.0020689218139572,0.0008994367487686,0.0002202321342518,0.0072439956372785,0.0012164297052709
2332,0.440006166458098,0.0479503068921352,0.0001207440402162,6.757960751772748e-06,0.1755372667157709,0.0035541129895306,6.730233414748976e-05,1.4277926751392343e-05,0.0002467595105966,7.03898837350712e-05
2333,0.0007882123730847,0.000222467750288,0.0272161638847367,0.0053156127510614,0.026206021179731,0.0025846309646976,0.000872895194841,0.0002792290742889,0.0091876192138417,0.0013539197457427
2334,0.0010767184316621,0.000292951979169,1.2801381197276835,0.0053428191554946,1.2756038955587128,0.0035262318926225,0.0029770537228417,0.0004015949762378,0.6223485096234491,0.0044717379930315
2335,0.0007451802988906,0.0002978202163503,0.182969244673249,0.0057981866913775,0.1801128502765233,0.0043781843070164,0.0013118395248422,0.0003970311277555,0.0644724921798073,0.0030405277988499
2336,0.0007742592856547,0.0001379744789435,0.0296953389638405,0.0040704963695551,0.0122890287120768,0.0015674020897561,0.0007656080720982,0.0001703931275076,0.0077242100542665,0.0008883201235087
2337,0.0014402972444211,0.0002796547068079,3.371012029968209,0.005361456765034,3.3618343720390143,0.0034116436673767,0.0038282419531849,0.0003856971474121,1.4459153952729962,0.0043371825225021
2338,0.0007440620247792,0.0002886018204891,0.1166604473098265,0.0058383404303093,0.1137593795867184,0.0042831538194784,0.0011821217753389,0.0003811137041683,0.033824597103307,0.0024488294514739
2339,0.000771048132985,0.0001936578819646,0.0294455930376883,0.004959153880591,0.0188533869846864,0.0020655699560553,0.0008626975996575,0.0002427476921007,0.0077475551072221,0.0011512555432859
2340,0.4737717054151491,0.0462258710064982,0.0001014456809279,5.463439319693428e-06,0.1650513848425202,0.0037764660252253,8.694330515676677e-05,1.721680486205584e-05,0.0002242317983423,8.04857836400372e-05
2341,0.0007227072477105,0.0002815658870248,0.3180667284123528,0.0054390154871331,0.3151194402716736,0.0037347296782205,0.0017628350816058,0.0003813367408348,0.1576063157296438,0.0037829402119017
2342,0.0007398458205154,0.0002906742414191,0.1175755555110654,0.0056381785338036,0.114505951597201,0.004122240959222,0.0012069181561621,0.000386967858655,0.034983425089383,0.0024884989232824
2343,0.0015283672890011,0.0002806256990146,4.218037606048061,0.0053180596302153,4.20825870023894,0.0034036857714918,0.004036024894168,0.0003864532142171,1.74853348685746,0.0043208808170815
2344,0.0357047020430812,0.0029264396287681,0.1481832773091555,0.0724689061673571,0.122061993944663,0.0470267848643439,0.0290198016938368,0.0028240997551488,0.1395613811251636,0.0706272387207952
2345,0.0007709094608405,0.0001824720311098,0.0293290997206363,0.0040889241229537,0.0114625190821467,0.0013428383959583,0.000771133125792,0.0002261935293365,0.0074933073621345,0.0008668179186294
2346,0.0012951924256413,0.0002839311257341,2.2285150870895296,0.0053235330469225,2.224172713220675,0.0034423723546389,0.0034887187607439,0.0003902008840655,1.0164186959498889,0.0044041324024454
2347,0.5056341529339019,0.0399922536757266,7.870659584128076e-05,4.224435193930783e-06,0.1567445811371644,0.0052857175320885,0.0001088053317815,2.2950386640797577e-05,0.0002020929975168,9.234343324071713e-05
2348,0.5371033926586744,0.0374297403409604,5.49555147476584e-05,2.974883274163042e-06,0.1412355845576291,0.0062647203071701,0.0001137422882769,3.2568021716592226e-05,0.0002588737265654,0.0001112939511951
2349,0.0007602552976093,0.0005541507531087,0.0597321327046542,0.0243344427769702,0.0172956821540664,0.0055412055551279,0.0012707566739548,0.0006396579026537,0.0231128863024934,0.0058494538807535
2350,0.5227517472826941,0.0356718754792138,6.446654037420488e-05,3.524318925802106e-06,0.1439002041214385,0.0071350197152253,0.0001103199802929,2.9199324103984295e-05,0.0002761001312772,0.0001136526149995
2351,0.0007460222912874,0.0002949145340689,0.1886766501025722,0.0056750420582926,0.1857402280049996,0.0041554976515937,0.0013507499144799,0.0003935290538858,0.0684210363942704,0.0030691193398736
2352,0.0007275717185161,0.0002921928126591,0.5889214973830981,0.0053735860912685,0.5855321623956828,0.0036806099184853,0.0021525041621869,0.0003975999883599,0.3072433906244626,0.0043095512592374
2353,0.0007494047117874,0.0002646785682119,0.0712908782974787,0.0058337506203153,0.0687647044796981,0.0040440588206405,0.0010778433640396,0.0003464872013798,0.0201788362873897,0.002032987187118
2354,0.4710645966735602,0.0448977916797373,9.74311837934177e-05,5.4040178133514725e-06,0.16585833763562,0.0043185640265582,9.075703382212056e-05,1.705663790458243e-05,0.00026152778164,9.216988990752876e-05
2355,0.0007714195729969,0.0001379985644592,0.028643953366086,0.0036276092497404,0.0059241016231369,0.0012543792221167,0.0007366337988352,0.0001695763094724,0.0075969484578109,0.0009014709357873
2356,0.0007924370319337,0.0001129950901628,0.0294256819195755,0.0034185368656797,0.0075442381543242,0.0015568380087757,0.0006606881191377,0.0001418943705055,0.0076924239787634,0.0012013731579969
2357,0.1734478057053227,0.0084745836981731,0.2564046966298142,0.0525601816492404,0.145423478991613,0.0790971414016673,0.0232782328110279,0.006283364576325,0.2333954741146812,0.0523903067918472
2358,0.0007458622716129,0.0002920583478198,0.11172096309768,0.0056789399644656,0.1088515441122453,0.0040878939235869,0.0012205448998719,0.0003873755784331,0.034442067983198,0.0025241525779404
2359,0.0007667262821959,0.0002280760642153,0.0287550011047478,0.0052023522559026,0.0251418790492131,0.0024165214336929,0.0009528266740228,0.0002887530266532,0.0094205071862621,0.0013583762989987
2360,0.0007910041096667,0.0001200639456325,0.0284414032641373,0.003476050116938,0.0074944767378388,0.0013778144255804,0.0006598876667897,0.0001512539879931,0.0074819909895202,0.0010587759161674
2361,0.0007785058192316,0.0001135385103207,0.0290788505576205,0.0036119412303005,0.0053889744053022,0.0011110072458946,0.0007448943495254,0.0001393133018484,0.007504451698276,0.0008432588652626
2362,0.4752157435810637,0.0448334323948607,0.0001005678164654,5.3531813362943405e-06,0.1645251330508302,0.0035748377106805,8.776887844501773e-05,1.5634984154243512e-05,0.0002382952200414,7.824637331807012e-05
2363,0.506702278191192,0.0394271634550467,7.614311004177706e-05,4.053980080359329e-06,0.1528035128774539,0.0053678638392599,0.0001066177897537,2.311036542462923e-05,0.0002350233209768,9.478230532286496e-05
2364,0.0007342568549923,0.0002788621972051,0.3003035578908067,0.0055016886953232,0.2975490925046648,0.0039361843506043,0.0016144828436563,0.0003770854507349,0.1391608946550933,0.0037542019995119
2365,0.4707706895999321,0.0470409042097495,9.892250793495066e-05,5.49533771809408e-06,0.1643069132921257,0.0034702691811647,8.665184469376251e-05,1.52421318677265e-05,0.0002298617420161,7.782083023807357e-05
2366,0.0007478966060077,0.0004014772099984,0.0275731950786542,0.0048371098891799,0.0146634864268899,0.0038905413004535,0.0007752843187788,0.0004723576968544,0.0088542645363903,0.002294994645959
2367,0.0007412272355554,0.0002803467688277,0.0737078688906861,0.0056029416775163,0.0709442222416677,0.0038451073161331,0.0011096064867009,0.0003690587506469,0.0198925716352996,0.0020672160797334
2368,0.0007318278532681,0.0002826974796466,0.1272312218065057,0.0055466991045585,0.1242269459212919,0.0039353115941776,0.0012694609501253,0.0003772792114112,0.0422100751382744,0.0026457439435771
2369,0.0007332312847071,0.0002864335910271,0.4051763204098993,0.0054699574204284,0.4025412265968666,0.0039019798596371,0.001796228710887,0.0003878358863818,0.2004969971300952,0.0041568314092783
2370,0.0007631964502107,0.0002449824921945,0.0288531581277858,0.0050875667592056,0.0229412280095957,0.0024484262934507,0.0009496413519512,0.0003129200146579,0.0089056678091433,0.0013039107655239
2371,0.000772122224843,0.0002060010218992,0.0276299923180418,0.0048479767745346,0.0206236200231707,0.0022168798723332,0.0008387703031592,0.0002582934060759,0.0083585933426177,0.0011484923509265
2372,0.0017030063057964,0.0002763233462014,4.358582197650742,0.0054054921259236,4.34711055218764,0.0033904094623537,0.0044539496006925,0.0003772491108757,1.805290769609224,0.0043186822734776
2373,0.0027546754604463,0.0014714431645638,0.2465477136105857,0.1200749736838216,0.1135709673861304,0.0499382247485635,0.0051646749093884,0.0013488415857395,0.173888675477449,0.0655623653493586
2374,0.0007752872571509,0.0001339520367246,0.0290957335441606,0.004251527790132,0.0139186078913538,0.0016634819646856,0.0007988910160533,0.0001637506670076,0.0075727479477191,0.0009090927969731
2375,0.0007503334830017,0.0002890043125775,0.0943669672597795,0.0057193188850438,0.0915458211923203,0.004124258881379,0.0011364204329778,0.0003817950777132,0.0267808854695433,0.002268263594634
2376,0.0008029050955223,0.0002772458624067,0.6340181785021739,0.0053466483313285,0.6306684377441125,0.0036329106994784,0.0023273245949956,0.0003784194253706,0.3336933462310916,0.0043413618363809
2377,0.0007547314829979,0.0002830250236469,0.0400821163690412,0.0054767457470786,0.0375060394886272,0.0031466805264011,0.0010436379905693,0.0003665368495546,0.0117978305352164,0.00175335816732
2378,0.0007745417625417,0.0002036207661653,0.0288389536592433,0.0039959656734555,0.0088852497565615,0.0011838180332145,0.0007849646450807,0.0002539468059006,0.0075169008071741,0.0008492100067492
2379,0.1806523975484464,0.0064985576803925,0.1661599688955048,0.0293838154183115,0.1030868366856797,0.0482591922282993,0.016202345601263,0.0048846896263504,0.1282293500289456,0.02924670720885
2380,0.0011439462639512,0.0002870483638247,1.5436061614115508,0.0053400506005504,1.5390518877834043,0.0035050574351767,0.0031328303102157,0.0003947603452154,0.7328681319380215,0.0044765709961087
2381,0.4561617756064961,0.0467413115737602,0.0001161428276094,6.22082299247966e-06,0.1686438557166975,0.0037627699638576,7.425840767415804e-05,1.4057497660438329e-05,0.000252893316193,8.344388117495191e-05
2382,0.3454418576813809,0.0065477720528688,0.1746056652559438,0.0167488674165579,0.1364429872918501,0.0511483242907686,0.0126560640369125,0.0041780473487177,0.1262086900720127,0.0167161525164889
2383,0.0007761933632896,0.0001110167415425,0.0287927271844181,0.0035905615049394,0.0072642228689005,0.0013409461116376,0.000703175616519,0.0001410766288283,0.0073502255481058,0.0009726121824955
2384,0.0234749210498993,0.0027520144873033,0.1846955138938237,0.0521052058867972,0.0826210090853878,0.0361680922879073,0.0199194508205937,0.0025670527428704,0.1372455191893003,0.0507132949174836
2385,0.5267680398704228,0.0288729573465081,6.284788516851905e-05,3.56555338699583e-06,0.1455572184494753,0.0093339584118368,0.0001199121725036,3.357693531500596e-05,0.000303938185134,0.0001142246227421
2386,0.000766106039724,0.000238719724586,0.0613204835665878,0.0059344241538707,0.0590282863354248,0.003648389578819,0.0010350456871158,0.000307754718127,0.0183202037611953,0.001882848931874
2387,0.000759043440941,0.000346250276618,0.0247063216627643,0.0034679527578195,0.0128688807353147,0.0029261056730151,0.0006321555594994,0.0004095040061099,0.0072074023959032,0.0018040717237132
2388,0.0253815965756453,0.0028505328787526,0.2527890690918588,0.0664431635707525,0.1037799990789342,0.0437761342919669,0.0211946586927572,0.0022239002683763,0.1649544581913953,0.0650677643988389
2389,0.4993225945888714,0.0417987601675904,8.314958128831218e-05,4.452756179252691e-06,0.1587640093452324,0.0048200800887642,0.0001073920147145,1.990455417298782e-05,0.0002656326995113,9.421448967405432e-05
2390,0.000934970012059,0.0002845841847853,0.9644573818932152,0.005337487282545,0.960082307035557,0.0035471386989085,0.0026481141358976,0.000390229242568,0.4867842280045927,0.0044583105678418
2391,0.0007468537240285,0.0002898298755795,0.6652955907501631,0.0053577106864138,0.6618527543528709,0.0036709516504506,0.0021988341900057,0.0003938322778119,0.3465250687836796,0.0044374333194454
2392,0.1584882113030111,0.0058479215233644,0.2539174208141148,0.0347759700247464,0.1036359887115014,0.0497241969812854,0.0179502366307618,0.0042363923212108,0.1992241734613091,0.0346190571642883
2393,0.0008200256826839,0.0001231961124029,0.0249209969443565,0.0033483815677089,0.0062948665440299,0.0012724610082872,0.0007322195652078,0.0001540536553651,0.0066433345058206,0.0008537969729569
2394,0.4537262340622147,0.048077979155553,0.0001073234046631,6.204740107213929e-06,0.1682379217754297,0.0042076517830502,7.615887397195225e-05,2.0276273373650652e-05,0.0002502871349382,8.603715933919969e-05
2395,0.0007405685478625,0.0002839822921084,0.5325507770622062,0.0054395001788506,0.5295498551169934,0.003726582758549,0.0020435818851265,0.0003863492903244,0.2706641945335296,0.0043150055299998
2396,0.0014615767167299,0.0002771733450656,3.245661629238469,0.0053443645620905,3.236410161425034,0.0033948483041866,0.0038820641570572,0.0003818541856405,1.398228342124402,0.0042940939985377
2397,0.0007578483434732,0.0002498543103073,0.0309041005567664,0.0053175766191168,0.0284629734570422,0.0028390394041099,0.0009534309191813,0.0003210659624202,0.0103299678812941,0.0014466198021985
2398,0.0007269801836398,0.0002842463526617,0.3606914754514851,0.005444178181354,0.3578656894886172,0.0038492963781573,0.00174325411947,0.0003848993214114,0.1777637782611816,0.004003679072445
2399,0.000762828568219,0.0002065395094864,0.0290782575349969,0.0047973955658642,0.0197933362476516,0.0022272301471794,0.0008166061804131,0.0002598731442322,0.0075848117474559,0.0010630580170177
2400,0.0007752421652739,0.0001812553419286,0.0294185143732772,0.0038651020276791,0.010460122433477,0.0010094809408692,0.0007783513782025,0.0002251184908021,0.0078864326748525,0.0007205893593406
2401,0.0007358690231261,0.0002860152988887,0.5074136520553192,0.0054628641388783,0.5046447124089223,0.0038038964808502,0.0019933811607866,0.0003885064202077,0.2593060278231124,0.0043088516715342
2402,0.0007388329930359,0.000292021899616,0.1074302116182727,0.0057391212075954,0.1044650472421395,0.0040514998152841,0.0012050718817312,0.0003857693478709,0.0315627362749814,0.0024317158252219
2403,0.0007423637337072,0.0002858698812068,0.0747232293720705,0.0055933059318785,0.0718365073339986,0.0038064827502236,0.0011485700514151,0.0003770589679711,0.0215523354515007,0.0021814462167912
2404,0.0007877142307461,0.0001301977642858,0.0291571927961452,0.003836045094424,0.0072709162524738,0.0014499299800409,0.0007197466822806,0.0001609840397881,0.0075531030057781,0.000999482403295
2405,0.0020627672904472,0.0010625696035624,0.1993152636728742,0.1188939982113702,0.0779379400740625,0.0238268313789757,0.0044643504011043,0.0011171371760582,0.112634573874439,0.0311752086131453
2406,0.0007448130691139,0.0002641743670372,0.0331739463646569,0.005266088828184,0.0304680274966485,0.002958881951978,0.0010341548260579,0.0003453999845095,0.0096524500171771,0.0016493332572694
2407,0.4903444568804556,0.0416426310248077,8.06655074147317e-05,4.674825409505134e-06,0.1573777560518978,0.0044463200051989,9.466700841834356e-05,2.29371619232498e-05,0.0001695314510291,8.260029126591438e-05
2408,0.5276328935986238,0.038803373676026,6.130430999961125e-05,3.3233849312040857e-06,0.1425617419697804,0.0048070804886069,0.0001090426137397,2.7329968099870995e-05,0.0002181335595437,9.824390181874198e-05
2409,0.0007822349228583,0.0001557270753938,0.0282642411790536,0.0039096097873328,0.0091762557518789,0.0011288013742996,0.0007640976000029,0.0001928505844766,0.0072604115763567,0.000791900904546
2410,0.1553578591832198,0.0060095213626139,0.3470901434495663,0.0332441721698466,0.2170735501497258,0.0477206795272137,0.0162077536994923,0.0046958520944715,0.2978561321539656,0.0330874403222963
2411,0.0011192438180435,0.0002807609750036,1.5125024359876706,0.0053374020764654,1.5077481806307074,0.0035034317266976,0.0030753960145137,0.0003865833901028,0.7277513924842387,0.0045217751131389
2412,0.0007767669916914,0.0001464536568169,0.027443391348948,0.0035645818062068,0.0076380073382404,0.0018255699010827,0.0006823597367766,0.0001826982670547,0.0070877729618555,0.0011531745714454
2413,0.0007346419297512,0.0002842399172497,0.2378066500322624,0.005657043507437,0.2351226186403143,0.004121175412547,0.0014660093942531,0.0003811333548412,0.1001571636334495,0.0034781225511704
2414,0.0007266221930494,0.0002862388456985,0.5573630580985378,0.0054162079651573,0.5545356722665521,0.0037598822572596,0.0020705037793147,0.0003885052550481,0.2821014959073251,0.0043547491926171
2415,0.0007648655261979,0.0002362568459139,0.0284442955824331,0.0051832012105581,0.0227183699759275,0.0024478179321397,0.0009315438705917,0.0003005975066056,0.0091607010746795,0.0013672527166815
2416,0.0007689614433858,0.0002475934634965,0.0286046512710302,0.0051695520695664,0.0251256212617275,0.002592423498109,0.0009530653374918,0.000316667577396,0.0094705443969273,0.0013377180659108
2417,0.0007354753377952,0.0002875235987763,0.5642861012215545,0.0054095649211969,0.5611786384465834,0.0036926341180458,0.0021660487000584,0.0003911666790239,0.2960962256088578,0.0043207003942917
2418,0.0007862900012424,0.000126502288089,0.0289906939877502,0.0037074421020823,0.0076439363370839,0.0016057917818155,0.0007124696780336,0.0001581240529893,0.0076473037610025,0.0010506750853661
2419,0.0179348472233003,0.0020043226418672,0.2739627811120398,0.0654131936257428,0.1078991279951974,0.0393349385476461,0.0195592331691192,0.0019673328756701,0.1667233680718008,0.0628135961555932
2420,0.0007713233131819,0.0001883654493256,0.0285600835775451,0.0043834118709231,0.0123521855919069,0.0016170212878974,0.0008251523040031,0.0002344262583179,0.0075852735395369,0.0009137084970231
2421,0.0007917057732948,0.0001453219083868,0.0285296530675953,0.0043105624607393,0.0138082609640696,0.0016952795983446,0.0008099918700942,0.0001785400140239,0.0074197740496129,0.0009536267786691
2422,0.0012495973420342,0.0002935615123656,1.859645775030217,0.0052912306401362,1.85514646659906,0.0034667442595342,0.0033823187464279,0.0004022776425645,0.8681190622190388,0.0044202751645359
2423,0.4957520640829789,0.0424595553791238,8.483759935251373e-05,4.673141211470421e-06,0.1599396751371154,0.0040699123969894,0.0001033126816915,1.833708999672995e-05,0.0002337604428299,8.643016559854125e-05
2424,0.0057432419855555,0.00111534206927,0.1445471510410914,0.0939854005316323,0.0555475493137319,0.0243806834356914,0.0091160612997233,0.0012055438202459,0.1302472626210931,0.0796281259253417
2425,0.0007582992796396,0.000254531480993,0.0372963210932563,0.0055351740382918,0.0343668928571928,0.003031634460295,0.0010091760754218,0.0003255005019946,0.0122863390568677,0.0017270734409732
2426,0.4401372070464521,0.0494860467407008,0.0001192123675601,7.086304481640843e-06,0.173348405544644,0.0034249586907343,6.993222507317747e-05,1.5000633646004563e-05,0.0002353899029087,6.680963620632401e-05
2427,0.0007341742757531,0.0002929874465275,0.4639917832265294,0.005506550866057,0.4616434002642881,0.0038960927940937,0.0018980175099082,0.000395255894489,0.2335202381298521,0.0043555788922403
2428,0.0020104225496458,0.0002801218562231,6.767830663615902,0.005500685161235,6.727969977973459,0.0035326533474019,0.0051774193825268,0.0003804794514669,2.58200919889504,0.0046305408200658
2429,0.0007835841444697,0.0001217085798588,0.0295125796808656,0.0035294990854933,0.0082892247933419,0.0015017354571602,0.0006506404576619,0.0001538468845673,0.0077794453622729,0.0011583532921854
2430,0.0007607119035285,0.0002132420782,0.0269638084438968,0.0033242539083205,0.00917301853887,0.0023583236796518,0.0005414780823015,0.0002623175604166,0.0070872160882853,0.0015515551557621
2431,0.0010978437773503,0.0006708753532324,0.024851483957909,0.0050470062832631,0.0148483132722956,0.0039730937499565,0.0010638766592332,0.000744431548138,0.008714046336351,0.0022864088685712
2432,0.1324675211485011,0.0074223635778336,0.1575771900020433,0.0135859106365432,0.1381866699071591,0.0658145889489455,0.0121300066383248,0.0040013890887575,0.1135750512287026,0.0135561900768916
2433,0.0007468761358302,0.0002826738414735,0.0407784567185266,0.0054148128525826,0.0384951106378561,0.0032989292860745,0.0009968224541165,0.000368627992479,0.0115248510098674,0.0016182707134973
2434,0.5271485720277708,0.0384580163683644,6.244113307589226e-05,3.4119586120609626e-06,0.1450564028896131,0.0056155540228697,0.0001156620517378,3.030743135759018e-05,0.0002457838101317,0.0001084283287234
2435,0.0014005544908409,0.0002833932926286,2.8207183591802263,0.0053666903158183,2.813026747146948,0.0034159214434049,0.0037376412468075,0.0003902892804661,1.244332361576288,0.0043257337501392
2436,0.0007444561689195,0.0002661785171683,0.0702278729110615,0.0056999040261676,0.0676063296314257,0.0038115382347892,0.0010887040092914,0.0003492607084826,0.0191681658646538,0.0020095565860842
2437,0.000732315765208,0.0002859858750224,0.2174130181173527,0.0055480556915764,0.2146960502729317,0.0039621810397707,0.0015168139438593,0.0003849927031838,0.0976797976343255,0.0034124293842443
2438,0.0011133474721063,0.0007585193646371,0.0227038750497468,0.0049667623523048,0.0174753084172443,0.0042998361107432,0.0011708161147289,0.000830853651814,0.0077777873436634,0.0025322430466738
2439,0.000740720816889,0.0003378087647303,0.0260637736629081,0.0033827267049631,0.0118119325836362,0.0027532020940175,0.00060344134926,0.0004015707035436,0.0067940035387807,0.0016382689807995
2440,0.001668655598326,0.000281742255297,5.525586025307775,0.0053422201897329,5.51637573689162,0.0033904553768843,0.0043708672736848,0.0003873077440878,2.1729628049833214,0.0042661464658584
2441,0.0007312883364484,0.0002495328335898,0.0270382358287096,0.0035312251900759,0.0110486295075653,0.0023249637595904,0.00060163672087,0.0003015097069533,0.0069594991074845,0.0014545635879984
2442,0.0007275189217536,0.0002847403578326,0.4677383794821171,0.005506083494245,0.465394813387662,0.0039102332988944,0.0018907571812899,0.0003848942125473,0.2373157338568477,0.0044289938075944
2443,0.2188454880831691,0.0067726712950644,0.1750979557074287,0.023113279358341,0.1355137091859033,0.0404971099371413,0.0144225210463662,0.0046693010650169,0.1231529244512988,0.0230361533188022
2444,0.000755201471701,0.0002434955449503,0.0345625307390747,0.0054025588465235,0.0319246628491695,0.0028943764477627,0.0009709168164607,0.0003106417126725,0.0114340794546191,0.0015359265868444
2445,0.0007906276298059,0.0001396660791747,0.0286326853104745,0.0040853314083529,0.0094566591608606,0.0015022922571607,0.0007847269221539,0.0001724839571221,0.0075370428298813,0.0008747362217174
2446,0.0007846282803647,0.000113543510608,0.0289740045317136,0.0036521419132857,0.0066592791245375,0.0011909419185728,0.0007227939880534,0.0001403763610609,0.007543113625625,0.0008931214539403
2447,0.0021867237350487,0.0015803949430036,0.2980873343970296,0.1562852493351382,0.1555587230506633,0.0418181648631244,0.0040281802209019,0.0014135300215036,0.2100318732472004,0.0567374692909611
2448,0.5403309654709779,0.0316594089094503,4.379324162523634e-05,2.7540670690230515e-06,0.1323262384896485,0.008313645233963,0.0001073029580094,4.651882608162473e-05,0.0003386119683429,0.0001483979397611
2449,0.0007314642983265,0.0002855460657567,0.10819373138285,0.0057691287967582,0.1053236843967058,0.0042122554918167,0.001162366785043,0.0003777496996195,0.0302875174866146,0.0023495104459899
2450,0.4226191781385116,0.0502210524550629,0.0001662927702977,8.27358329184378e-06,0.2237668432231489,0.0037268595580046,5.014597725941775e-05,1.3328387307641855e-05,0.0002687528250941,6.644097540919926e-05
2451,0.0152626238526365,0.0021092388112051,0.2205063168221886,0.065154174024271,0.0935564950905542,0.0351210354209991,0.0167865111155061,0.0020450557631734,0.1850238943413265,0.0624088869055202
2452,0.000784738092418,0.0001226683615813,0.0293134397553476,0.0039371047155065,0.0111907463011359,0.0021122253636394,0.0006076226813,0.0001538801851591,0.0076036819861218,0.0014113086439488
2453,0.0007861006302004,0.0002239683734189,0.0287276409917668,0.0034514965749584,0.0102048386251585,0.0022919593309448,0.0005623294588132,0.0002744569780775,0.0074940062134726,0.0015192159582687
2454,0.4154052644115918,0.0539561243503937,0.0001726735166988,8.584113286764582e-06,0.2315698057536497,0.0032647416218424,4.533757286256004e-05,1.224401518041108e-05,0.00030101555349,7.97820511752288e-05
2455,0.0012896676368744,0.0002821437564271,2.1090450858804943,0.0053191411013745,2.1049143641243924,0.0034387431117329,0.0034762882231227,0.000387873421008,0.9751589697044358,0.0043511400775243
2456,0.482066676435089,0.0398270059777241,8.543587271551689e-05,5.030984845275889e-06,0.1618381802990517,0.0038932464861884,9.094793581086431e-05,1.861523392462363e-05,0.000195711272583,7.315010555072711e-05
2457,0.0206233445296244,0.0020727336396359,0.1299404998938675,0.0456158338095294,0.0714186892864021,0.028365254418161,0.0185132344201971,0.0021102133994852,0.1041627905655857,0.0438659071639799
2458,0.0014325698262914,0.0002807065090218,3.0486432803655044,0.005326136737783,3.039342265682674,0.003399724056922,0.0038123440419922,0.0003853720757299,1.329718875993276,0.004337981942753
2459,0.0007876281752143,0.000216006730579,0.0284405697880188,0.0043261687329381,0.0127845620890668,0.0015041770782097,0.0008366628339885,0.0002709910285673,0.0074117559362574,0.0008542970655591
2460,0.0007879275620679,0.0001792219853654,0.0290207267554749,0.0046306210679227,0.018549373016007,0.0017481885101558,0.0008361672617168,0.0002229914320786,0.0075945168847097,0.0010006243578234
2461,0.0007113254571588,0.0004721385925067,0.027757750141594,0.0051214198749534,0.0140341057628936,0.0040517680743398,0.0008125666370781,0.0005474237165244,0.0080561435324114,0.0024239165005499
2462,0.0007486443069246,0.0002768230478419,0.0684318183988567,0.0057832148438545,0.0660157193575532,0.0039052732342816,0.0010791626106711,0.0003611616117517,0.0194558609624576,0.0020166658208861
2463,0.0007297303130662,0.0002824990926044,0.4272113390889362,0.0054031567862237,0.4239849205325263,0.0037045300197456,0.0019167123051751,0.0003838077383545,0.2153721603718374,0.0040387750582208
2464,0.0007311802520823,0.0002793445627149,0.3811386167238881,0.0053749188404828,0.3779444134450132,0.0037075413173297,0.001880744799159,0.0003801411385867,0.1901889104604705,0.0039177607522177
2465,0.0007580311803711,0.0002804332410017,0.0616232518115851,0.0056937130878137,0.0590482692063936,0.0038201919815014,0.0010724799018611,0.0003666374801709,0.0173988873443169,0.0019621188239446
2466,0.0007355037288621,0.0002902027460491,0.1824996118030369,0.0058181827233776,0.1796394688862188,0.0044053078248775,0.0012943972675774,0.0003864792822618,0.0626641267141106,0.0030014974716949
2467,0.0007652461936068,0.000345873882503,0.028110034024892,0.0034656849940164,0.0128559968156089,0.0026850093511692,0.0006266435753978,0.000410776376864,0.0074273277757341,0.0014664702762682
2468,0.0007482575329628,0.0002838145991732,0.1384926362840967,0.0058744739664457,0.1357114031386748,0.004410438132874,0.0012185631276251,0.0003765377408559,0.0430389444969856,0.0026707756822909
2469,0.0007815193051502,0.0002430113431104,0.0278050563806399,0.0052078940042532,0.0239738582052827,0.0025019741463554,0.0009610980582036,0.0003091744231569,0.0092300497694331,0.0014150656640635
2470,0.0265941057490624,0.0021012405837302,0.2271496791512584,0.1240028793549783,0.0693022115303256,0.0250296293841972,0.0313566647480362,0.0022534236883263,0.2184928652358927,0.1174199028221226
2471,0.0007598372131962,0.0002612143466029,0.034243603375436,0.0054382095942977,0.0316284194871217,0.0029777137459217,0.0009374615152003,0.0003343520897333,0.0114789506830848,0.0014752946089272
2472,0.0007467152100022,0.000269528148719,0.0778000228656742,0.0059100197495975,0.0751335429260842,0.0040589801458636,0.0010866024969566,0.0003531802111864,0.0216635710802967,0.0020681134807333
2473,0.0013592206102179,0.0002817682120326,2.537468870774298,0.0053262103173736,2.531233117945216,0.003417690056286,0.0036411272955174,0.0003879133123215,1.1358487980999774,0.0043700447204861
2474,0.0007533214492027,0.0004955924206112,0.0268119456725992,0.004804294091392,0.0127508017077462,0.0035662396171753,0.0010446098546099,0.0005707784410252,0.0084807352554479,0.0021349399637977
2475,0.4912050575952193,0.0404933795096441,8.608924353871373e-05,4.7772267451916765e-06,0.1609220945296618,0.0050201520090135,9.92430346403854e-05,1.9059198116543124e-05,0.0002164416239873,8.807471543534723e-05
2476,0.0007275641257113,0.0002926963089089,0.2165592938169237,0.0054884662369793,0.2137977434753168,0.0038697874109789,0.0015343699779917,0.0003922689097643,0.096914537248035,0.0033749781222468
2477,0.0007274743458156,0.0002822087192507,0.4184761981299222,0.0054896508651631,0.4158930720743153,0.0038901667060882,0.0018061722575749,0.000381805532224,0.2049070570403206,0.00420301099281
2478,0.0007414831145031,0.0002959431461296,0.2132196615330572,0.0056056339895732,0.2103483283188184,0.0041236397307272,0.0014007866811178,0.0003952619974776,0.0808867942866819,0.0032195363348758
2479,0.0007658665295817,0.0002156384094711,0.0290264198340601,0.0049260089309064,0.0199629460451032,0.0020544710096857,0.0008854982109894,0.0002719847191595,0.0076784243120748,0.0011489909432283
2480,0.0007538506536154,0.0002494429012189,0.0316177728497844,0.0054084086148536,0.0293370733868126,0.002850330144555,0.0009807819909258,0.0003190368375224,0.0105112911093621,0.0015012201570699
2481,0.0068282920815247,0.0013541723715618,0.3677080274730691,0.1550464751881289,0.1423411188369809,0.0504666399231525,0.0105598246537964,0.0013674602812834,0.2714889425081666,0.1268074422828537
2482,0.0007342280817467,0.0002753257443768,0.0825410472296058,0.0057048130740704,0.079727884496905,0.0039449343988236,0.0011589796316573,0.0003617910567185,0.0246946952168672,0.0022508647903155
2483,0.0011676564281523,0.0002838858438552,1.659984354926967,0.0053040560202732,1.6550816381867763,0.0034765172226628,0.0031933412450437,0.0003908718216608,0.7833015062976048,0.0044662329543329
2484,0.0016364458915637,0.0002794862985036,4.564866081430133,0.005361703009626,4.554371796794451,0.0033762142259761,0.0043018245430549,0.0003832952762576,1.8555264882390528,0.004276108490837
2485,0.0007610356623361,0.0002188814491051,0.0285213304322015,0.0049029610167016,0.0170228166372318,0.0021792433642589,0.0008908747747139,0.0002770094895884,0.0075699294968718,0.0011604842028371
2486,0.0007386863255719,0.0002993405845623,0.2281578003122215,0.0054945421842652,0.2252527131389463,0.0039383997024443,0.0014945379393048,0.0004025860501739,0.100033265452159,0.0034032293969561
2487,0.0016387326416636,0.0011775084005697,0.3704897268952111,0.1542307756804754,0.1563785124970307,0.0240934646221356,0.0027892494299631,0.0011379830701659,0.1775141124865769,0.0271444146997566
2488,0.0007890718999718,0.000186120554401,0.0288095420648824,0.0042793787333144,0.0138073001160998,0.0015865736839928,0.0008151579987717,0.000230710028931,0.0077521542017335,0.0009487378902096
2489,0.0008136552088637,0.0001405828173263,0.0281038769275861,0.0036670315419953,0.0079673086938192,0.0017154776441165,0.000679615301564,0.0001772379451778,0.0075754554482608,0.0011316992454917
2490,0.100545111162418,0.0058160616643518,0.3183610069885443,0.1084159996658482,0.1951949140719162,0.0793055019867574,0.0471442910500646,0.0052347119574232,0.2812602841079745,0.1067569319025325
2491,0.0007361900921801,0.0002903117429862,0.1687754854508714,0.0058608833355316,0.1659080017947451,0.0044323099332513,0.0012540542512881,0.0003856827443133,0.0538147577487512,0.0028403369143978
2492,0.0007497066564026,0.0002818523242655,0.0900978035729306,0.0058281646770962,0.0873360217346474,0.0042384580367916,0.0011091621074877,0.0003697927750705,0.0241107691021519,0.0021574148625899
2493,0.0011906901583644,0.0002790710514636,1.5871770850830618,0.0053123602184684,1.5825840875299413,0.0034623113050451,0.0032508333951215,0.0003855492953845,0.7567345908353849,0.0043396793363241
2494,0.0011137030841571,0.0002895285678953,1.442338118559345,0.0053196448720063,1.4375075010028826,0.0035054447549202,0.0030652105623699,0.0003978100383054,0.6914648532507497,0.0044684990867256
2495,0.0007530768180724,0.0002787869976976,0.1071237460191132,0.0058890081689058,0.1042814983079008,0.0041653641876406,0.0011607107569026,0.0003668691079945,0.0296743352308236,0.0023591256012677
2496,0.5165292212042979,0.0361257165839178,6.42178272475421e-05,3.7077353727800954e-06,0.1477519246272552,0.0063202371912166,0.0001164738695709,2.5814232955861047e-05,0.0002585776893975,0.0001087056271024
2497,0.0007805684547431,0.0002111823486521,0.0284667098869885,0.0049733403310477,0.0205316329424316,0.0021130641735974,0.0008582154981871,0.0002636461270437,0.0076529262591069,0.0011606068560635
2498,0.0007823313282561,0.0002062803457267,0.0289939211962775,0.0045233926595104,0.013255871574205,0.0016472065532274,0.0008549608140765,0.0002584401572979,0.0078032297494118,0.0009630087186875
2499,0.0007335838774294,0.0002920179051023,0.20712009640407,0.005511029655008,0.2042526328736449,0.0039437836006163,0.0014844865551224,0.0003925435309324,0.0900139498936025,0.0033205608977121
2500,0.0007663101726527,0.0002470533942855,0.0281934891582596,0.0051524901740079,0.0251091691557029,0.002430995336894,0.0009526976533626,0.0003147833151286,0.009432968650336,0.0013177698019821
2501,0.000782057970643,0.000131242953428,0.029140497238198,0.0037268786512056,0.0068890246910857,0.0015247917888421,0.0006924688442682,0.000163104922806,0.0072951649340092,0.0010803030915072
2502,0.001563956786103,0.0002759128088828,3.9696912270844416,0.0053823346820519,3.9615528534449296,0.0033835616853386,0.0041270822452941,0.0003797596833958,1.6575462408564556,0.0042483001171892
2503,0.0008946128673766,0.0002864660009369,0.8945475815460706,0.0053393336194282,0.8902218674927243,0.0035767381476935,0.0025526947526315,0.0003927461062808,0.4624941525467959,0.0044642829727003
2504,0.0007696225478826,0.0001898705583325,0.0292299799784444,0.0041873525170039,0.0114470912857651,0.0012853446614575,0.000836032721132,0.0002376142807037,0.0078235492518567,0.0008089391182414
2505,0.0007474610515154,0.0002813492213531,0.0634537631336908,0.0056683029040875,0.060804921570419,0.0037631288439982,0.0010737622012583,0.0003684532854643,0.017959872856159,0.0019654891879161
2506,0.2167550202025131,0.0069638980278579,0.1858533785868778,0.0125980526165168,0.1676590535253886,0.0845799949027453,0.0093801190348446,0.0035422366416265,0.1420873881182624,0.0125668164862021
2507,0.0320811593135567,0.0030821832090323,0.2568672527356167,0.031748561255734,0.1106186884622499,0.0483117205519115,0.0171343380187334,0.0026216514322108,0.1238458118561013,0.0314819639866305
2508,0.3944871778454863,0.0584784877271581,0.0001832885874332,9.994107074671596e-06,0.2485747815296649,0.0038428690629144,4.3080741625291446e-05,1.5838637772444878e-05,0.000287702471375,7.423793966555026e-05
2509,0.0007404516786464,0.0002703084779064,0.0828737228895464,0.0060278402630497,0.0803737749790598,0.0042146351628949,0.0010809331711134,0.0003530051515782,0.0230233250355733,0.0020716143441231
2510,0.0775853086657153,0.0041916680723485,0.1742541223812554,0.0648728867037937,0.1253653454134961,0.0573659072880122,0.0334520812739661,0.0038703198200255,0.1720440045565874,0.0637218900707839
2511,0.0007344841696632,0.0002691049478147,0.0695279930994462,0.0057312346447088,0.0668884593424278,0.0037763038033912,0.0011064415895215,0.0003514494134724,0.0194208638063358,0.0020596490792335
2512,0.0007646330883138,0.000250187702717,0.0372923839658556,0.0055408947404708,0.0339703183831083,0.0029231904686761,0.0009763988415901,0.0003194842415768,0.0126135661702771,0.001581976540796
2513,0.0007313764583084,0.0002850455851147,0.597064526333559,0.0053600596521765,0.5940144309966405,0.0037082996917912,0.0021580303239928,0.0003879043011516,0.3121601760474981,0.0044117874962433
2514,0.0007420429373177,0.000279414551692,0.1072378809207384,0.0058668414845878,0.1044158372303479,0.0042117572989962,0.001168768074438,0.0003667363471439,0.0308636255630321,0.0023763574214993
2515,0.0007536565991472,0.0002730721361511,0.0336985678125601,0.0054498307078851,0.0319553490544997,0.0031130027543253,0.0009639895915224,0.0003520847073865,0.0105559484394583,0.0015308743975209
2516,0.0007989628855773,0.0001364019452938,0.0269055240766789,0.0036929493357442,0.0098281820145667,0.0020479622815807,0.0006270907527931,0.0001711124435687,0.0071757880126693,0.0014448334099505
2517,0.0007485125052439,0.00027801918369,0.0317199356776887,0.005275352675771,0.0292813753713688,0.0029428071471678,0.0010198677977556,0.0003599951975492,0.0094574722207445,0.0015974098942157
2518,0.4206935049832419,0.0586479786902667,0.0001674991288847,8.396514303262445e-06,0.2252296704764299,0.0038598097544953,4.7646766907826826e-05,1.797035419555877e-05,0.0002681089768624,7.199539477721259e-05
2519,0.4227285761058293,0.0499472233277126,0.0001435684239222,7.91294375940155e-06,0.2093584706154351,0.0043238693283353,0.0001089379462876,1.5347962580190974e-05,0.0003299048536615,8.243710421642054e-05
2520,0.0007458002303231,0.0002850319824575,0.1455659923566417,0.0056597452005547,0.142542768545604,0.0040525505195309,0.001289927164089,0.0003804950034089,0.0493272684469256,0.002776594475387
2521,0.0015287649370646,0.0002851182941744,3.80102983617154,0.0053171024060895,3.792186709341209,0.0033969131236398,0.0040384613482689,0.0003910986459248,1.6035854526383233,0.0042745606437086
2522,0.0007380451931762,0.0002866545686471,0.1693314668727946,0.0056487231478564,0.1665652460508355,0.0041042998289854,0.0013446141152638,0.0003807863135761,0.0623450250641204,0.0029961714967393
2523,0.0007617905998811,0.0002258122320283,0.0289401556136422,0.0052135401186973,0.0241069076379114,0.0024927304113323,0.0009071805187702,0.0002864535328106,0.0092283039946991,0.0013015287812418
2524,0.0007306293850287,0.0002947666466179,0.1313003371036117,0.0056550388831025,0.1284092227741276,0.0041637813622235,0.0012442104557934,0.0003917557149722,0.0418888057548691,0.0026385109683308
2525,0.0013571084989409,0.0002855835446874,2.671572749733695,0.005372503269006,2.6650788137135355,0.0034307218120336,0.0036350024414966,0.0003933425859496,1.1928732492952985,0.0043725685716954
2526,0.0007864462100431,0.0001403360069587,0.0294956093658513,0.0038185074482426,0.0072703367024378,0.001800367985631,0.0007202563969681,0.0001753506755398,0.007677924894546,0.0011357106312307
2527,0.0007825741899473,0.0002325445661691,0.0275428254606601,0.0048900811172099,0.0176194847122874,0.0020621321704758,0.0009023190944546,0.000293505354873,0.0071212996299117,0.0011540158818256
2528,0.0007868823923718,0.000169295278136,0.028364996835753,0.0047821149872365,0.0186328209347966,0.0019774917487452,0.0008407644531557,0.0002099395409305,0.0076174120905428,0.0011048581093092
2529,0.0007467035377585,0.0004198906611484,0.0283670674334458,0.007586919339452,0.0150853636825833,0.0044570756666935,0.0010714944157287,0.0004907828040071,0.0105030376841431,0.0029892825897125
2530,0.389032078569447,0.0640967346706159,0.000232491158046,1.119175129940199e-05,0.2654409991035928,0.0032875538986414,3.674610373667933e-05,1.339423880244382e-05,0.0002927493488102,6.844061037486499e-05
2531,0.000767664741961,0.000214277583253,0.0287954953097019,0.0049147004179637,0.0185101853622549,0.0022132922708168,0.0008514148418275,0.0002699532366814,0.0074498527184086,0.0011426291438948
2532,0.0007744228897539,0.0002554829458845,0.0286004175000845,0.0034130295223769,0.0092719455917356,0.0025368350266604,0.000514672268051,0.0003115861956299,0.0073702321561326,0.0015881560353867
2533,0.0007631811606431,0.0002516496308172,0.0281472625196446,0.0045498425497294,0.0135725855587779,0.0019859334246357,0.0009100729819556,0.0003225980030177,0.0074243922870639,0.0009604343207619
2534,0.0007674163659834,0.0001569127141208,0.0286446426422949,0.0038871026141924,0.0061468825258549,0.0011693655400508,0.0007545851394095,0.0001944932452668,0.0076255615718203,0.00078794527936
2535,0.0007394000729978,0.000292036418872,0.1793246762077442,0.0056537999317633,0.176421778222709,0.0041517638964755,0.00134253524584,0.0003903433337691,0.0675619818357171,0.0030404135410047
2536,0.0007740615356441,0.000234916583763,0.0293631626116218,0.0051493033725326,0.0269869316671949,0.0024833219052059,0.0009213301619441,0.0002982743466219,0.0098356900270671,0.0012586937275434
2537,0.0007797087626859,0.0001887187379625,0.0281117294700159,0.0045487479235065,0.0162295155497262,0.0017318333025834,0.0008431697326069,0.000235349434249,0.0072441147094026,0.0009614435615814
2538,0.0007756455971395,0.0001087276793465,0.0288336692225129,0.0035528314405576,0.0090645720124385,0.0012816507679502,0.0006937841421325,0.0001346277850606,0.0073423401014587,0.0010400848568598
2539,0.0007689207789333,0.000321155650057,0.0244088539130294,0.0040086540668624,0.0121798113272185,0.0032085918432836,0.0009606099561577,0.0003823788901258,0.0078065002288242,0.0020734509877639
2540,0.0617499558957836,0.0041866163392546,0.1463522009672758,0.0757158951184651,0.1151276002767226,0.0544742358455035,0.0350747614370896,0.0039707218768417,0.141184194004922,0.0743938588039549
2541,0.1889282650293731,0.0375607421130573,0.0002313327510343,2.9462245112891715e-05,0.5447065505758683,0.0048140424921411,2.866600193284535e-05,8.965822042115766e-06,0.0002549308840368,7.252813928285667e-05
2542,0.0016109759727434,0.000278425724847,4.712596666379673,0.0053303285547628,4.702145396543464,0.0033814935809872,0.004235879009205,0.0003823093438364,1.912568986826596,0.0042950538478076
2543,0.0007864875682271,0.0001060640558176,0.0279796535294941,0.0049743060574416,0.0216173020823917,0.0024663751111769,0.0007782270390193,0.0001310012363088,0.0072036666631786,0.0012802170676977
2544,0.000734202464761,0.0002940758488815,0.2947043354058707,0.0054491780127922,0.2918503656625876,0.0038771155401763,0.0016193388919905,0.0003959878177165,0.1367296404648261,0.0037062848360294
2545,0.0011418805201061,0.0002848945069607,1.472113077337012,0.0053545621083809,1.4676261443244774,0.0034995804054415,0.0031268731593293,0.0003918212321172,0.7030078383136769,0.0044622561995191
2546,0.0007420223861615,0.0002844456250302,0.4425799374059632,0.0054549297462097,0.4397011227950311,0.003814825934193,0.0018418843027182,0.0003861129547757,0.2172787575916908,0.0041693958155198
2547,0.0153353151306772,0.0018944927259759,0.3166868248911073,0.0794802244753377,0.2051806384115279,0.0398005151893657,0.0176323461089767,0.0017558710537151,0.269253564797407,0.0747426409687406
2548,0.444875638769951,0.0520842974968529,0.0001291262992939,6.877347662517228e-06,0.1842214986803849,0.0029759404261622,6.025660077907909e-05,1.3025387007404969e-05,0.0002532012873233,7.289354674507904e-05
2549,0.0007340453396447,0.0002941780208411,0.1773593068235181,0.0056919732462443,0.17444175197645,0.0042452260466374,0.0013215934676468,0.0003936948000883,0.0646561550726183,0.0030161712098108
2550,0.0007831143783964,0.0001743329594362,0.0280886606385187,0.0042246380095936,0.0104069675104133,0.0014143079588948,0.0008332551758743,0.0002155478422392,0.0072543963317102,0.0008308109257931
2551,0.0007325042257454,0.0002854527355761,0.4460498902633289,0.0054700891456705,0.4432055228637845,0.0037866286803346,0.0018979172170947,0.0003868804012666,0.2252952255075961,0.0041775762839309
2552,0.0008007159779748,0.0002852789843245,0.7409242695506222,0.0054085090858026,0.7373478147445093,0.0036625457403697,0.0023229949395251,0.000389848778519,0.3812917781980257,0.0044423520001981
2553,0.0007368909305405,0.0002779476180875,0.5169446022281846,0.0053746193502894,0.5135347501205356,0.0036303229585644,0.0021739158067141,0.0003794526898205,0.2693986947141897,0.0041461582128309
2554,0.0007390060164119,0.0003655608115014,0.0271521670234985,0.0034473676093953,0.0112932780618705,0.0027401143665318,0.0006323182601004,0.0004302688638485,0.0070251174589581,0.001584908521612
2555,0.4929634779904859,0.0379628007026932,8.098301594485303e-05,4.638920976867993e-06,0.1600656712677783,0.0046369808890587,0.0001023302157806,1.9307540507590213e-05,0.0002437854226294,8.551605816974284e-05
2556,0.0007509155514265,0.0002885381376422,0.0764363302838407,0.005740501756935,0.0737004494285456,0.0039720836344398,0.0010953917726127,0.0003783601746563,0.0207436542348696,0.002054867069472
2557,0.0010283604706758,0.0002838117931825,1.139665037134494,0.0053495642651322,1.1351396144970292,0.0035176996766545,0.0028661070994592,0.0003902334873198,0.5551745305680315,0.004417300980845
2558,0.0357299531971581,0.0033153908205217,0.1568493190376083,0.0584621291811768,0.119465878827438,0.0517082333367757,0.0251529314901791,0.0032306133648278,0.1401266479505606,0.0576304545439047
2559,0.0007849904149483,0.0001701093218471,0.028405200872532,0.0047876950510617,0.0207258295304773,0.0022482396675398,0.0007816568216997,0.0002111442916463,0.007547516537527,0.0011554269112557
2560,0.0007820513812759,0.0002122593480746,0.0279112157785493,0.0048058699179138,0.016719355923871,0.0020157731090219,0.000915907125313,0.0002668052461308,0.0073909585214615,0.0011209944633423
2561,0.0007886107362963,0.000149438770462,0.0296542486308876,0.0045113860795746,0.0145941375893496,0.0017900491284828,0.0008166167943686,0.0001840568381913,0.007914193826415,0.0009975472167761
2562,0.507143934493311,0.0389832799361888,6.611823241435139e-05,3.9009489297740536e-06,0.1466582577580082,0.0048042273813796,0.0001087826883665,2.4046931892095293e-05,0.000222553549783,9.591014629880684e-05
2563,0.0007260963108441,0.0002885885125704,0.1442234918824963,0.0057166922741379,0.1414403423788824,0.0042190195607005,0.0012476801997884,0.0003834881555071,0.0443247198082959,0.0026835627084989
2564,0.0007451525237253,0.000268524809789,0.0526235131448987,0.0056360683583086,0.0500356971759689,0.0035885868358558,0.0010561452259034,0.0003492954422368,0.0156359507844597,0.0018406907367231
2565,0.0007805586152498,0.0001252710742887,0.0285718148115261,0.0034872444370045,0.0076913646390536,0.0016432220553373,0.0006298805229421,0.0001567201487392,0.007453306429617,0.0012478318107792
2566,0.0007532595147445,0.0003697594042795,0.0281347703042045,0.0049026324315687,0.0149819007636102,0.0040522882521425,0.0006564256626796,0.0004390568649743,0.0080343086548475,0.0022957765930083
2567,0.0007579002473682,0.0003712954794322,0.026249064439883,0.0036130548550385,0.0131956385673881,0.0032096052731998,0.0007385422002667,0.0004388353471117,0.0090794054257513,0.0019696384719519
2568,0.0016430464642735,0.0002738219179143,4.9670223921022725,0.0053470654051984,4.956794836728268,0.0033779221648186,0.0043148540553378,0.0003764583679928,1.9975743584921943,0.0042727854221833
2569,0.0007605207062031,0.0003816815962902,0.0282475913466254,0.0038780129556514,0.0118106699428852,0.0031989209587407,0.000647661389221,0.0004485615081977,0.0076265257660707,0.0019309136158909
2570,0.0007683035154399,0.000204565465226,0.0283547527163777,0.0048312802025453,0.0167187873952794,0.0020125540601679,0.0008914848675942,0.0002566069881116,0.007505308993947,0.0011125146672033
2571,0.000739219584299,0.0002884271655966,0.5704007252675758,0.0054046608786289,0.5671978353747248,0.0036915096549305,0.002175242836589,0.0003926972853972,0.2979008005190873,0.0042992740305464
2572,0.0013217992816886,0.000883763412165,0.1295197852787045,0.0507914167608857,0.0369906507557282,0.0092963772296226,0.0024469349194198,0.0009630359604066,0.0413604432752469,0.0108979453082529
2573,0.0007316000236999,0.000285410669975,0.289546323935228,0.0054372022952762,0.28688131462185,0.0038165840324775,0.0016981721672249,0.0003836082887891,0.1413007591926951,0.003747436022521
2574,0.0017807683582285,0.0012205277505077,0.3031173931055597,0.090914706343257,0.0681204859084493,0.0129071414347032,0.001729950856706,0.0011987974182815,0.0759569824749866,0.0133387038178039
2575,0.0012196597746844,0.0008037235086841,0.0967458427561375,0.0361117591139408,0.024868458057016,0.0072004523882098,0.0012803708879136,0.000882000840748,0.0265882348230948,0.0065550741920072
2576,0.4563568147850772,0.0507239595473396,0.000119466961594,6.108010311168437e-06,0.1675183415455081,0.0033003939741922,7.335068741166032e-05,1.4465648269102476e-05,0.0002532465875778,7.907667935916677e-05
2577,0.0007312428886441,0.000291927396251,0.2783739109933784,0.0055173109549311,0.2755977163723012,0.0038934058528816,0.00160848804349,0.0003928995771668,0.1281298308034685,0.0036511329205226
2578,0.0014835456079943,0.0009369272823427,0.1465421149265132,0.0545581986697926,0.0480974764784243,0.0100028043968712,0.0025965338480103,0.0010085258416218,0.065247707856469,0.013646414584738
2579,0.0007319436158598,0.0002819157488677,0.2511189764301795,0.0056608882320474,0.2484797185748478,0.0041355448875971,0.0014795110514381,0.0003779255622286,0.1046914449885169,0.0035190442050558
2580,0.000806140308004,0.00029251441539,0.6694113283542661,0.0053561869835894,0.6652277265627586,0.0035938487374772,0.0023483457567565,0.0004006202521076,0.3532055209733837,0.004257352433225
2581,0.0007128155235892,0.0003774057932337,0.0258685222072757,0.0036775638220624,0.0112016929001669,0.0030394546329695,0.0007435256020866,0.0004433203596496,0.0068649718441801,0.001769537813644
2582,0.0007893941402554,0.0001627563784134,0.0286316648174392,0.0047583956296488,0.014520982506435,0.0019049597516686,0.0008612908239479,0.0002006159753539,0.0074471475823444,0.001122512272053
2583,0.000747077301126,0.0003213995834439,0.0288352745851955,0.0042941960380894,0.0114409661785156,0.0031551154952531,0.0007791248740799,0.000384483497187,0.0075059609642952,0.0019577651430762
2584,0.0010014716129881,0.0006476505243806,0.0272911835468269,0.0068837827731185,0.0141256186073968,0.0043087353121492,0.0011799710377468,0.0007221902554389,0.0117973115822729,0.0025871330473001
2585,0.0014564376123055,0.0008796602467646,0.1016003374454485,0.0169473936335316,0.0212992795316962,0.0051242487761884,0.0024255747602438,0.0009390387070822,0.0245141631099043,0.0034378501682579
2586,0.000757237234885,0.0002471860199985,0.0269452387473333,0.0035263240028658,0.0095471067349842,0.002554897446152,0.0005744352178635,0.000300718429119,0.0070557962103371,0.0015369302353675
2587,0.0007990193130326,0.0001269734318663,0.0287538110011526,0.0036097467552756,0.0048351946432457,0.0011994543020074,0.0007216334759878,0.0001566921354304,0.0074377672766728,0.0009525613521369
2588,0.0007594479280551,0.0002334307905124,0.0282999569286827,0.0047848125461092,0.0177362967925077,0.0019144052690656,0.0008967352378395,0.0002961574136148,0.0073018863766102,0.0010552060215014
2589,0.0007778030395327,0.0002612025928644,0.0283370279355365,0.0035505476232493,0.0101464844626829,0.002659575686951,0.0005657845647378,0.0003156998703777,0.0072803988756974,0.0017183472591823
2590,0.0706011977364057,0.0047897312865537,0.1908340848432362,0.0395945058389679,0.099535950733409,0.0515605987853044,0.0207914801891661,0.0039432374684443,0.1327868783165362,0.0390783129070407
2591,0.0016935284614644,0.0002843643515366,4.138068739388208,0.0053695709847566,4.12570064313534,0.00339088828619,0.0044325352768566,0.0003861282472013,1.7237002436898274,0.0043359545030318
2592,0.0007753864138133,0.0001941840271519,0.0288625554687315,0.004192998461643,0.0082491166651969,0.0013406390654742,0.0008405177573078,0.0002413599680703,0.0074746556026258,0.0007945059087725
2593,0.0007539642016417,0.0002878452193526,0.0712725358379535,0.0056124245260184,0.0684425904876706,0.0038729275533701,0.0011345356894166,0.0003796176377116,0.0206277994204757,0.0021600761561548
2594,0.4766278016401057,0.0474806763269688,9.470838755858728e-05,5.338080458771472e-06,0.1656965708765783,0.0033238663761884,8.694478965646793e-05,1.5872482409059168e-05,0.0002319718604265,8.202679471029123e-05
2595,0.0022333600863706,0.0014580165966286,0.1427234858012153,0.0611261762624716,0.07198933229461,0.0282747273043354,0.0036838317326558,0.0013766569435352,0.1149889241529498,0.0468828856520677
2596,0.0007588107363534,0.0001867985434645,0.0264307515675261,0.0033498244641018,0.0090923520505811,0.001955055993429,0.0006643256689276,0.0002308694217675,0.0068514390499091,0.0011702794635242
2597,0.0015573412968616,0.0009847555252583,0.0254926367081464,0.0054095648009097,0.0189262673675393,0.0056785580093201,0.0013336610733782,0.0010321468681369,0.0094198407019276,0.002968570007988
2598,0.491174547704315,0.0405995622076352,8.106053101280687e-05,4.641248751102191e-06,0.1590702788102478,0.0037839749792113,0.000102671210723,1.9170217993531563e-05,0.000217984586455,8.119323679082956e-05
2599,0.4904950888577306,0.0417255212169994,8.041014560876319e-05,4.785781365030942e-06,0.159163443541522,0.0041070290188691,0.0001027237847975,1.8930294301583192e-05,0.0002142963688567,8.384552497771124e-05
2600,0.0007273270587685,0.000343337612469,0.0263700423365127,0.0034827322280767,0.0102104551904582,0.0025997033621543,0.0006645962546018,0.0004046942282052,0.0068573879813842,0.0015641559106399
2601,0.5094199130277299,0.034268961445098,7.365297422008608e-05,4.035343562506509e-06,0.150691639801851,0.0053963710005266,0.0001083710187349,2.246108773611241e-05,0.0002361318124741,9.357562270713236e-05
2602,0.0008488250462699,0.0002894364042145,0.7455597415763966,0.0053592032568363,0.7417598881504053,0.0036158258525635,0.0024385851588207,0.0003957428027666,0.3867834517778304,0.0043517046196946
2603,0.0008146862536594,0.0001319379151968,0.0251719314544802,0.0035866289258591,0.0076759698831459,0.0015744533043082,0.0007301337177662,0.0001633123328346,0.0065131034704992,0.0010113924848047
2604,0.4916038189702692,0.0429637484386049,8.937565621267246e-05,4.753801752371288e-06,0.1612206403056623,0.0043765223014643,9.671768045696492e-05,1.9269802175212917e-05,0.0002177769577352,8.585578819436942e-05
2605,0.0007407704242375,0.0002946185004003,0.1227577007423222,0.0058809081890782,0.1197949387032261,0.0043787582975568,0.0011783335652604,0.000389964099812,0.035127247564102,0.0024563640829447
2606,0.0007497287494782,0.0002581365617976,0.0413922563647604,0.0055830931218752,0.0393774674106343,0.003220586387038,0.0009895002048976,0.0003335821856613,0.0126068419078675,0.0016385966941127
2607,0.0007572519113963,0.0002142096106123,0.02916102074056,0.0047654907985398,0.015596801300827,0.0019269709804828,0.0008823612542515,0.0002707717841715,0.0076676294773027,0.001062278012044
2608,0.0007968226699801,0.0001719762301192,0.027833112093242,0.0044430855253062,0.0140913111994386,0.0034716669639393,0.0004890611141917,0.0002160730497415,0.0080610194678746,0.0022054703063278
2609,0.0012853400007532,0.000841714657075,0.1735769676646189,0.0531840789941403,0.0529302960184035,0.0084993880905111,0.0016870091325953,0.0009102689595998,0.0595253603829413,0.0092629186422744
2610,0.5314717374481226,0.0366983715929993,5.494804108032007e-05,3.1251554642053394e-06,0.1433780420927285,0.0066353914866853,0.0001156052987863,3.162770735438894e-05,0.0002527304372118,0.0001133232582148
2611,0.4838802925281283,0.0450301698705908,9.483739576500292e-05,5.044402963650472e-06,0.163033660833626,0.0040879721808574,9.375323973109368e-05,1.6985705443525824e-05,0.000212637820355,7.759295211908255e-05
2612,0.0012812425301081,0.0002844928308207,2.1019426690828475,0.0053127872007525,2.097581333447701,0.0034403616029293,0.0034588558320996,0.0003913810488949,0.9634628586762266,0.0043556804431558
2613,0.0019363399797918,0.0013187892040003,0.0763975077145378,0.0178417680956324,0.0250307461780349,0.0075914507009002,0.001674984052347,0.0012828398679435,0.0191471663384415,0.0047388155121299
2614,0.0007699282759399,0.0002833740422399,0.6600208219127965,0.0053871677295464,0.6561482464674704,0.0036124930162358,0.0022589484241334,0.0003883029891017,0.3476809004817602,0.0043252950599954
2615,0.0007601202224442,0.0002496319200537,0.0423515849383489,0.0056942540492954,0.0405631985645052,0.0032491454575905,0.001001193341678,0.0003197143330246,0.013433662429509,0.0017690728774109
2616,0.000726667913925,0.0002890855890188,0.337262740397068,0.0054938474875862,0.3345813291855157,0.0038916765874305,0.0016995718642922,0.0003896759531208,0.1620830560737125,0.0039020235449045
2617,0.0007848865263428,0.0001794506892002,0.0279008974363629,0.004592496378019,0.0159240192321874,0.0017750516483149,0.0008749243680897,0.000222731819881,0.0072163234337426,0.001037548793729
2618,0.5289354180800973,0.0372405973689938,5.310927401094287e-05,3.2547609481431854e-06,0.1378842388023631,0.0059396171089117,0.0001030040655129,3.2475962595620485e-05,0.0002404701576613,0.0001133449144488
2619,0.0014652760227671,0.0002876958211246,3.424581497912897,0.0052929709156736,3.4140846744013613,0.003405290855906,0.0038891909426969,0.0003939949561697,1.4740286220064889,0.004342177026355
2620,0.5391423767401788,0.0339214274022477,4.891609336345486e-05,2.8520091520426817e-06,0.1387506915441786,0.0077865150896015,0.0001078645390031,3.948741333809099e-05,0.0002991524860205,0.0001341906471985
2621,0.0010771182913905,0.0002823897908833,1.315685447473407,0.0053171527416881,1.3107228904623829,0.003486683782372,0.0029857293056904,0.0003887829052844,0.6335736410174958,0.0044071148953634
2622,0.0026080173507845,0.0007406431713899,0.2353624526842774,0.1220066092106569,0.09594071106781,0.0225550162468534,0.0056294408643411,0.0008516152023852,0.147042596496816,0.0364655572998568
2623,0.0007449340706748,0.0002813030668905,0.1194759594336111,0.0057740560102681,0.1166487283317282,0.0041655790456771,0.0012110028337911,0.0003719521037754,0.035827796733426,0.0025293873954512
2624,0.4706823970805069,0.0463752719679533,9.70788422094403e-05,5.313730090736136e-06,0.1633703688356982,0.0036714559882666,8.836166797606222e-05,1.5954430545474683e-05,0.0002408566051226,8.146661511828877e-05
2625,0.0007584883764123,0.0002519718346916,0.027008298997282,0.0033714888133283,0.0101508027378195,0.0021817175491211,0.0006081467468374,0.0003055810359411,0.0069872167803943,0.0013301602315785
2626,0.0007714042500951,0.0002039064088104,0.0293133816446168,0.0046335350547077,0.0179872950692576,0.0017230036819863,0.0008567172276319,0.0002533142214385,0.0075194443630923,0.0010084862507
2627,0.0007349896078724,0.0002835437369343,0.2236260063849941,0.0054811612104704,0.2207832553992241,0.0039404385246233,0.0014893698678402,0.0003818054682037,0.0991901565790316,0.0034095836941006
2628,0.0007787345526708,0.0002231468484927,0.0278833616110532,0.0049600928023559,0.0205537600752813,0.0021626644955591,0.0009060861761969,0.0002831162179246,0.0084394331013757,0.0011774501628161
2629,0.3213457337959505,0.0161122239464508,0.0005820413545723,0.0002011232848846,0.3241427251459364,0.0176053130629035,6.633411128871645e-05,2.180931558582898e-05,0.0005516401844547,0.0002108020018896
2630,0.0007314335428671,0.0002917202264987,0.1872483902927703,0.0056417489433978,0.1844272234809042,0.0041142573495263,0.0013738737090901,0.0003897531809337,0.0718120733608721,0.0031111938046814
2631,0.0007431780277802,0.000287146326974,0.0462843611617845,0.0054795121087885,0.0436851862174206,0.0033783049508492,0.0010627429737657,0.0003742254519382,0.0131133995329406,0.0018173726042009
2632,0.0007481856713895,0.0002790280754778,0.0725353399538197,0.0057974835174328,0.0697790564390044,0.0038832820316872,0.001126836106966,0.0003637985552464,0.0218148530148029,0.0021458633609156
2633,0.0007463416358553,0.0003748207652681,0.0271955309504134,0.0035800877523694,0.0104030301720143,0.0028801993080914,0.0006255312388749,0.0004412512257157,0.0070380115287977,0.0017148416787463
2634,0.0007499022856676,0.0003369826930875,0.0283452491397669,0.0037480723985535,0.012976435953462,0.0033060014344778,0.0006385475483227,0.0004025119940214,0.0073661544053955,0.0019873357684871
2635,0.0019921756446402,0.0013417035380207,0.5303387892455423,0.2568104087643812,0.2147751728002642,0.051653660120758,0.0032986329078776,0.0012546275520503,0.2358216812567503,0.0576800783010298
2636,0.0007808491993125,0.0001481112993805,0.028285815848529,0.0041812037506393,0.0091087838361133,0.0014057952753048,0.0008177488135672,0.0001827371345545,0.0074724218195867,0.0007905311421598
2637,0.0007171260886804,0.0004411122019459,0.0252020553584155,0.0036668257596117,0.012883504525588,0.0032981285549884,0.0007567090227783,0.0005126077196728,0.0066240889673853,0.0019093556367207
2638,0.0007845144175178,0.0001751432105339,0.0292735321510836,0.0040054169018593,0.0080245332839689,0.0011346275539597,0.0008009395313862,0.0002172184861622,0.0077433455040099,0.0007148553454353
2639,0.0007609558689387,0.0002180741114931,0.029496857837198,0.0055764496301025,0.0294438607208446,0.0027779257589245,0.0009722683282194,0.0002760999240649,0.0100659187478819,0.001601967366361
2640,0.0007862603887775,0.0001349744473609,0.0286945127025312,0.0034430466412654,0.0071005499308225,0.0014690383992183,0.0006705314453076,0.0001699859627176,0.0075315698765074,0.0010544414435037
2641,0.0007523101877904,0.0002707778835061,0.026630675019824,0.003572992652009,0.0109854194690817,0.0029090757583074,0.0005111710141645,0.0003283257177424,0.0072939165132769,0.0018839726975946
2642,0.4972325309906925,0.0391457229618535,7.373279512009245e-05,4.31138331689904e-06,0.1555839267312418,0.0051092237675457,0.0001084711249618,2.085829280677597e-05,0.0002514807909726,9.607963942898086e-05
2643,0.0011599898700817,0.0002710426756028,1.6710459947327645,0.0053644934248148,1.6661469069301102,0.003448172159366,0.0031786917001878,0.0003755218408251,0.783391447946581,0.0043999630487179
2644,0.0007200934060016,0.0002785771561452,0.4657404864539509,0.0054355127587229,0.462948638277726,0.0038044010511378,0.001880139275959,0.0003777490926444,0.229855903409238,0.0042038079666886
2645,0.0011840026474339,0.0002721236527475,1.6655223746996983,0.0053349103910889,1.6610232543511951,0.0034397360253164,0.0032337911302118,0.0003758960322659,0.7834496266786444,0.004328073912631
2646,0.0007684681219695,0.0002888068192374,0.5777591008492519,0.005368827269433,0.5744041837104061,0.0036483648033286,0.0022494369694534,0.0003934265648024,0.3022478203065211,0.0042724228427649
2647,0.0007856541388906,0.0001245719676058,0.0291148849047256,0.0034897279270663,0.0075376550192446,0.0016748119813725,0.000698720305979,0.0001558887171023,0.0076866752758498,0.0010859987614101
2648,0.0007670505332428,0.000198618255171,0.0296359790247599,0.0044703637258965,0.0129197167556992,0.0017042704985502,0.0008563818547619,0.00024910782011,0.0076620079902019,0.0009092422066741
2649,0.0013313034824022,0.0002895906906477,2.426729453775841,0.0053037766946651,2.4218517470638186,0.0034421134444095,0.0035759660378149,0.0003979468569839,1.0949488106654877,0.0043855191805544
2650,0.0010146928903194,0.0006793822502813,0.0799024321715691,0.0174017372709978,0.0194855526673654,0.0049109486082705,0.0011040652625412,0.0007608831726344,0.0210851240153854,0.0034281877174408
2651,0.0011139339806531,0.0002791888114809,1.2794836091791677,0.0053229758634027,1.274964370524429,0.0034487876154503,0.0030748331480338,0.0003846212154871,0.6163846560110453,0.0042452754799495
2652,0.0007993595361685,0.0001409568743018,0.0279052034217565,0.0044067497778858,0.0123359133499426,0.0017977017951132,0.0008138072899817,0.0001740237145504,0.0073361714465121,0.0010333906451737
2653,0.001072239343724,0.0007128959731867,0.1091896108707398,0.0287726185884847,0.0248623226357672,0.0051474391998561,0.0011897759967001,0.0007955507617462,0.0316717433240577,0.005229617383581
2654,0.0007813214143156,0.0002313064085267,0.0291692900929614,0.0053797767924044,0.0271882234991997,0.0026860900134494,0.0009420802363199,0.0002928573084238,0.0098976502569985,0.001447423335878
2655,0.0017766235532466,0.0002835005296323,6.573915215505195,0.0053962811435178,6.560266596716551,0.003392107017105,0.0046279724769363,0.000386482538762,2.488441062424047,0.0042973962232048
2656,0.0007792725133995,0.0001416913362434,0.0270557798948649,0.0033753281282674,0.0068153881448861,0.0015251101969578,0.0006673978036507,0.0001776492293251,0.0070455273078173,0.0011019077300007
2657,0.0008495050820155,0.0002831062364534,0.7701211804022597,0.0053777460407808,0.7658749075879576,0.0035645576511402,0.0024478505404785,0.0003879508956819,0.396394710640325,0.0043110076243021
2658,0.0007235947044263,0.000282764120528,0.312730898383555,0.0055061764018746,0.3100449221275385,0.0039508965696127,0.0016402041055678,0.0003811652846582,0.1451849514672788,0.0038227874586022
2659,0.0015290589793334,0.0002868195619697,3.866359549483604,0.0053269282792922,3.857602100440594,0.0033918862409443,0.0040403579510771,0.0003925532908076,1.6256048769367109,0.0042680989434206
2660,0.0007753399997976,0.0001782897884007,0.0291124463406596,0.0049086694278795,0.0203826307319244,0.0019892766927324,0.0008695084449246,0.0002210490889192,0.0078154618265838,0.0011485239409543
2661,0.000792860233235,0.0001017192456002,0.0278396455296788,0.0036130684012746,0.0066152032197905,0.000871792585286,0.0007183059070483,0.0001271312371266,0.0073707449762853,0.0008157257225888
2662,0.0013068810966926,0.0002833080952737,2.350595705105452,0.0052923873914691,2.346162998154826,0.0034223625961705,0.0035211405741188,0.0003891482625479,1.0635383593871215,0.0043519381082381
2663,0.4449136149663093,0.0504854684562319,0.0001305951313134,6.874951028879681e-06,0.1866116395833124,0.0034833446817406,6.470592060151438e-05,1.48636717657362e-05,0.0002624919898567,8.02508657658564e-05
2664,0.0007877011227938,0.0001306731579106,0.02847182817383,0.0039034795314448,0.0086606257965373,0.0015820548962525,0.0007109240857283,0.0001613284742931,0.0073536201769909,0.0010537431418979
2665,0.0007961207248057,0.0001490142049021,0.0274410113338185,0.0042131461540366,0.0124662088718975,0.0017082901105366,0.0007927799213051,0.0001831976444279,0.0071662834442832,0.0009744882603135
2666,0.0007471351098342,0.0004415933464794,0.0248440066591336,0.0035377002230469,0.0138442532454384,0.0033970607647563,0.0007410476344262,0.0005136773470261,0.0078273795172095,0.0019366673643937
2667,0.0007885214787109,9.257007942519436e-05,0.0274009955948469,0.0039977913862152,0.0104013882153624,0.0016749973078454,0.0007678799970141,0.0001144404897054,0.0073085337333078,0.0010612953246051
2668,0.0007922639648857,0.000179504782289,0.0279198357347833,0.004383762453567,0.0168371818134191,0.0018919538447102,0.0007819340244417,0.0002220526818468,0.0073966624156211,0.0010362614614735
2669,0.0216154129958265,0.0019823789081048,0.1671775008545925,0.0918956338138624,0.0872108862468425,0.0338312644120749,0.0246081889688627,0.0020795440770653,0.1619048671558416,0.0874827331244067
2670,0.4994070030295982,0.0417090726892225,8.383562946255893e-05,4.437213240103861e-06,0.1602885358553379,0.0053620318439928,0.0001079717408927,2.09137213619328e-05,0.0002925859792073,0.0001012045072154
2671,0.4846025766823859,0.0427467268282325,8.48131688782374e-05,4.873337365548626e-06,0.1618896621950223,0.0045879950262137,0.0001009831853597,1.8488547505052447e-05,0.0002789667583334,9.332967092492506e-05
2672,0.0007359622860824,0.0002803951993539,0.2171430479255924,0.0057224231829665,0.2144358351120914,0.0042316082346437,0.0014013592252701,0.0003746198694961,0.0859854087331256,0.0033341160305702
2673,0.0007259084441346,0.0002804131670986,0.377249557711319,0.0054528226313095,0.3743880944913811,0.0037524523286443,0.0018387351249739,0.0003803253724372,0.1905385176323096,0.0039841675460679
2674,0.0007651853660411,0.0002415232483865,0.0380560760757244,0.0054659080009403,0.0344915872503667,0.0028870035059162,0.000985595137373,0.0003076595520296,0.0128111399360536,0.0016286204804106
2675,0.0007549045003605,0.0002077439613333,0.0291487653678497,0.0051583954687199,0.0226374159919691,0.0024218034465376,0.0009303130575171,0.0002628137076844,0.0081725986340449,0.0013001257669022
2676,0.0122213760229791,0.0015009625023031,0.1801379134363725,0.0851143915945343,0.0575537251029638,0.0249997322570852,0.01619206370324,0.0015839101959639,0.1688856765354621,0.0776719251245103
2677,0.0007464100910129,0.0002702332977507,0.0775652418739478,0.0057816863571345,0.0747911852293611,0.0039207886768474,0.0010952953364214,0.0003537923553284,0.0206620549935092,0.0020357308456492
2678,0.0007873006166309,0.0001355351711087,0.0289609538217095,0.0037221074106194,0.0061724764960922,0.0011751884254204,0.0007529742456846,0.0001668005036239,0.0075519212710928,0.0008155785767975
2679,0.0016485951573049,0.0002713941412021,4.636083791279832,0.0053666133097236,4.625793803145327,0.0033750824859169,0.0043278955361515,0.0003737816652815,1.8794548775720368,0.0042769735904828
2680,0.000770149497838,0.0002835401147211,0.622434977128701,0.0053588994913458,0.6193199283500915,0.00366564498323,0.0022503152302114,0.0003853891513899,0.3252332840893465,0.0043987416417574
2681,0.01992098861563,0.0016803951696332,0.315856926949587,0.1898588867460299,0.0448773208465262,0.0265184489933621,0.0273575263631086,0.0017767777936463,0.3009339026293096,0.173825826682197
2682,0.0007466753051032,0.0002778344753036,0.0683375563323668,0.0056658858205792,0.0656051043173568,0.0038498120723036,0.0010927032839146,0.0003650455877742,0.0188660376876668,0.0020184109008759
2683,0.0015784772366599,0.001175544219365,0.0837761997168194,0.0146954767945844,0.0220968105431842,0.0073713382600136,0.0016335923942821,0.0011542171952391,0.0230952114305109,0.0043052107761635
2684,0.0565616182223285,0.018979634473337,0.0016510985420542,0.0005118023274658,0.2789677916173858,0.022596207126782,0.0003607446937405,0.0001081062403432,0.0015716671909211,0.0005124065865779
2685,0.0013300644385382,0.0002844776988877,2.469665205226353,0.0053185950354769,2.4653168351703267,0.0034347771698828,0.0035720819007043,0.0003914538689851,1.1103528411621395,0.0043540767502455
2686,0.0113606387478348,0.001469786740609,0.2847695248601212,0.1835365945435783,0.1253306271244527,0.0535563172707021,0.0168745627769439,0.0014640158205208,0.2732762999627082,0.1665362822369262
2687,0.1739034795484234,0.0078219081314821,0.2115780200469302,0.0108348091924904,0.155895392070986,0.0767104290059887,0.0119199272861895,0.0036589964289192,0.1778642235337311,0.0108020971400847
2688,0.0013497948950287,0.0009294779898185,0.0258789390892757,0.0064789451505388,0.0210663655651934,0.0069478163312616,0.0012902159572016,0.0009874169763514,0.0115977212597101,0.0037200037944146
2689,0.0007727325848994,0.0002247461003873,0.0278004364336451,0.0048672876779561,0.0194492779110589,0.0021268204252265,0.0008781517758485,0.0002836462365059,0.0073716079870256,0.0011085387844915
2690,0.5284119943578437,0.0317792316585022,5.2432971719614606e-05,3.214201016549122e-06,0.1401014878549611,0.0071108757506548,0.0001063080462011,3.45585291279849e-05,0.0002168552856664,0.0001166002624703
2691,0.525028376720193,0.0368410964899652,6.364274762689954e-05,3.440320575670184e-06,0.1462467594964492,0.0068316136305304,0.0001173829592079,2.821119438212836e-05,0.0002475398396561,0.0001095880375666
2692,0.0007516218371085,0.0002815735022142,0.104089152007285,0.0058157759688029,0.1012581373692903,0.0042167382875492,0.0011605611223032,0.0003712193482662,0.0295849966179081,0.0023527642790196
2693,0.0007446225320575,0.0002838136386706,0.1450065714414005,0.0056776070854209,0.1421595986542213,0.0041569321454037,0.0012592466082869,0.0003779694675369,0.0467054782433187,0.0027241873277277
2694,0.001132357345401,0.0002893143946274,1.5384241813623072,0.0053076436287704,1.533533152211603,0.0034975275388542,0.0031096482042914,0.0003971467288664,0.7340526073954644,0.0045127451604437
2695,0.000747643523743,0.0002920546762741,0.1901402757309053,0.0057813721770866,0.1874201296160175,0.0043397624820404,0.0013465328809346,0.0003883148200636,0.0704843630659828,0.0031457371289014
2696,0.0007488126701319,0.0002704322948474,0.0431557202725853,0.0054979014817212,0.0407325858223864,0.0032296651559906,0.0010227455593196,0.000350160489715,0.0124464738552115,0.0016683763951234
2697,0.0007251841183872,0.0002751507376848,0.3843503796679871,0.0053993181041694,0.3808832734758789,0.0036305100276077,0.0019179876679693,0.0003755532517801,0.1960463150261034,0.0038782943867027
2698,0.0007242956622572,0.0002798975794008,0.3828016782455414,0.0054703080217026,0.3801395688426827,0.0038708554262348,0.0017840644240802,0.0003790556360051,0.1893853320488053,0.0040420439791875
2699,0.0017445927628009,0.0002785652297493,4.22324778306099,0.0054098316311328,4.208123642753836,0.0034207801018501,0.0045503029265721,0.000378668541032,1.7526255984090726,0.0044297749079865
2700,0.0007320441878612,0.0002871428591069,0.1009418749644837,0.0057279760171832,0.0980691026898208,0.0041367917293467,0.0011737710550968,0.0003783820494725,0.0293979710387079,0.0023553466078236
2701,0.0015468233819807,0.0002842116732115,4.347209722744431,0.0053326627354667,4.33716558772383,0.0034300034458645,0.0040709343147258,0.0003913181694223,1.7857639458775243,0.0043985097750557
2702,0.0007869305690971,0.0001511925759194,0.0289115520943167,0.0041969995001815,0.010270997238748,0.0016382932014672,0.0007575970748802,0.000187155426312,0.0076729942550113,0.0009862414763511
2703,0.0657758578721299,0.0050146638831055,0.2419245899814401,0.0333358615159459,0.1363852095052875,0.0539648662721855,0.0176001006283973,0.0041223703016095,0.211212386370636,0.0332122515522988
2704,0.0017750420424325,0.0002803776198986,5.145192806869633,0.0053858388553597,5.130617381045161,0.0033955744902967,0.0046276010266666,0.0003821938149514,2.0693722015134703,0.0043249315362319
2705,0.0007928518257722,0.0002898780482254,0.6881021239425352,0.0053190387723759,0.6840452085471174,0.003586945466712,0.0023165758344952,0.0003956013710467,0.3579560091011997,0.0043015597719857
2706,0.0016754917420919,0.0002734551825191,4.631979614206027,0.0053666296999731,4.623108233004787,0.0033813402187019,0.0043877994550289,0.000373832916043,1.8879353022777536,0.0042586333444776
2707,0.0007326651311726,0.0002921838103447,0.4291395217074402,0.0054071898441739,0.4262847800136631,0.0037422995362885,0.0019334238299146,0.0003951858215488,0.2209956909526025,0.004136146091957
2708,0.0017850408430986,0.001266585051111,0.0423094472747187,0.010037741539588,0.0231133485631239,0.0074732923339583,0.0015883842223695,0.001204469313562,0.0153819464488726,0.0041961207262013
2709,0.4298064042240591,0.047904983464337,0.0001320159874458,7.695156257793654e-06,0.1941572412469797,0.0040926201970473,6.221193846673244e-05,1.731192472977466e-05,0.0002318322264631,6.983525212753394e-05
2710,0.0423478787314274,0.0034931053421854,0.1383234820258686,0.0431865751082317,0.1087783188065115,0.0509918503512236,0.0222854255269817,0.0033754780847335,0.0942230762316053,0.0426270731601431
2711,0.0007685706375614,0.000237082020974,0.0281320758927028,0.0051608756147477,0.0246224832795029,0.0024321112068073,0.0009031133686058,0.0002994222467241,0.0088885822777818,0.0012809055788618
2712,0.5084399716413349,0.0400554662898883,6.869420587398687e-05,3.910854129227967e-06,0.1492315797689511,0.004346096901128,0.0001101189752983,2.1132908056833628e-05,0.0002460562215792,9.038982623998536e-05
2713,0.0011931357747512,0.0002917495838979,1.6714654541842833,0.0053360625780999,1.667043844081888,0.0035034677437394,0.0032444662000973,0.0004003978495718,0.790871848168342,0.0044966340822264
2714,0.0007746332226557,0.0002808496899831,0.0285848048533547,0.0035814867857995,0.009827309063144,0.0026718402299806,0.000504794859504,0.0003389194678462,0.0073198829082722,0.0016624565432561
2715,0.0007884845179146,0.000157015707546,0.028656226432122,0.0040314020324547,0.0091134559830749,0.0020613021906587,0.0007181261917955,0.0001959115925253,0.0075119375034183,0.001234895894702
2716,0.0007825508334797,0.0002268178243161,0.0264381871944787,0.0032483335007506,0.0098305230452078,0.0021587196145615,0.0005933965085019,0.0002797556344555,0.007006895047721,0.0013725174293163
2717,0.0011771951857125,0.0002761482339102,1.7125140261569465,0.0053379651623253,1.707550766231552,0.0034660950263812,0.0032187538423043,0.0003823706785841,0.8032360672821656,0.0044169276302161
2718,0.0012792873330358,0.0002819372530004,2.179077482592015,0.0052823744017071,2.1744408051569426,0.0034433136514458,0.003451901645403,0.0003873560928516,0.9996612003166536,0.0044549762076926
2719,0.0007438507500452,0.0002602867231875,0.031729757123633,0.0052815622717468,0.0291909466581892,0.0028313993619532,0.0009541189516633,0.0003339889682347,0.010482075748611,0.0013997130810893
2720,0.0016200252305693,0.0002746856176077,4.389202642717567,0.0053662527855707,4.380320747247708,0.0033753938136523,0.0042605391830334,0.0003773228290301,1.7964922022425007,0.0042490035740317
2721,0.0014814617608041,0.0002785572572518,3.483046602492835,0.0052842789760885,3.472769495576692,0.0033992651115495,0.0039269371568429,0.0003830699593633,1.489497254449323,0.0043380050668054
2722,0.0007779458428111,0.0001579671772008,0.0286628544980357,0.0041063963124587,0.0106246890838554,0.0014856870624244,0.0007742062555875,0.0001948206992477,0.0073472600871521,0.000898792780856
2723,0.0007292100568611,0.0002833054616985,0.5156942589029299,0.0053972083349965,0.5123522008351381,0.0036764166077788,0.0021383587474446,0.0003871357204561,0.2718069125707952,0.0042099988926243
2724,0.0007559683323684,0.0002466933008837,0.038132309533164,0.0055126280354168,0.0350451987285256,0.0029975333281001,0.0009907657887736,0.000316585378201,0.0125920762087605,0.0016149878754384
2725,0.0007482373131822,0.0002964944804675,0.0846149109939244,0.0056820966647943,0.0818319843584627,0.0039585651827151,0.0011579224254309,0.0003902204727873,0.0245424386652061,0.0022585770882713
2726,0.0007353522298966,0.0002866392682508,0.149519231294647,0.0057289937373296,0.1465306944223164,0.0042185709253609,0.0012472798536834,0.0003801840841572,0.0447873036684789,0.0026672132000646
2727,0.4071455539813507,0.0592583139646279,0.0001652856062165,8.99998799397937e-06,0.2304959395947772,0.0042291463222709,4.7152621484358265e-05,1.9512285428016247e-05,0.0002769005360552,7.826213025172553e-05
2728,0.0007315066521762,0.0002861223351354,0.2201027485285962,0.0056469145410474,0.2172974747432903,0.0041339700674231,0.0014041764107159,0.0003837458312436,0.0844770078536111,0.0032503937913061
2729,0.4567615830744863,0.0486317338200413,0.0001175517809629,6.18080018544758e-06,0.1691414364408592,0.0036046841185212,7.360066323123213e-05,1.5155394637676788e-05,0.0002566498182448,8.1156484411497e-05
2730,0.0007330504965543,0.0002913823836945,0.1662908812247598,0.0056382137278483,0.1632603264809232,0.0040718892844342,0.0013290507686817,0.0003903310966749,0.0608051616647854,0.0029423060120134
2731,0.0008189145546198,0.0001349140473229,0.0254307716658573,0.0039331102090856,0.0089686478148589,0.0015153214184214,0.0007862857221824,0.0001657287513758,0.0067898205447364,0.0009107123479258
2732,0.0007291711676028,0.0002849893590073,0.4546776430931948,0.005368303132066,0.4513159795123933,0.0036659749833006,0.0020106777935049,0.000387788874121,0.2325721394723847,0.0040388353727587
2733,0.000772288227858,0.0002344667257328,0.0273412066438579,0.0032557281005564,0.0097167850725425,0.002300599002999,0.0005926609855654,0.0002871176672116,0.0072398163269537,0.0014387427295796
2734,0.0007559068098396,0.0004046497793286,0.0276198268159938,0.003912408505842,0.0137656157037225,0.0036995705952592,0.000716635205852,0.000476508292275,0.0085787103353293,0.0022396541060392
2735,0.0007760114986047,0.0002147655945879,0.0276056497496467,0.003697139917042,0.0130009189035769,0.0027883993215451,0.0005496637733017,0.0002638780678065,0.0072078124731862,0.001810132906825
2736,0.4568731239402958,0.050523891310868,0.0001064887503549,5.854666051835279e-06,0.1674268511787743,0.0032464619442279,7.653057305249615e-05,1.5261835434739256e-05,0.0002443894214747,7.706267290826152e-05
2737,0.0008042510893576,0.0001183421709982,0.027793649513473,0.0036179260236861,0.0112542748935738,0.0011901724826605,0.0006827999283593,0.00014727561347,0.0072233874194123,0.0009866430730495
2738,0.4115128415049779,0.0074350748502078,0.1968729008068732,0.018180558338422,0.1307412123687154,0.0567071989069191,0.0146735008619775,0.0045294216013746,0.1642423746588081,0.0181560060167544
2739,0.0011995847299552,0.000276599602785,1.7739541208765923,0.0053275833506335,1.769213474485908,0.0034565645715698,0.0032680055794191,0.000381863871154,0.8414603268915093,0.0044226189748705
2740,0.0013513413982139,0.0002817279721018,2.737330280115403,0.0053251580016035,2.7299106508603224,0.0034436277883197,0.0036203398637331,0.0003888333029635,1.2203338087943705,0.0044349153759953
2741,0.0007431977825907,0.0002673233419086,0.0321348373109702,0.0053257669131462,0.0300414662820372,0.0029649114760358,0.0009836290494821,0.0003455822146015,0.0099508295969433,0.0015106606415254
2742,0.0007312757944382,0.0002898700429368,0.5783269524728231,0.0054311982614132,0.5756647318829249,0.0038467206204233,0.0020092107616409,0.0003938475762872,0.2956889532721262,0.0045601987150755
2743,0.3927104387756123,0.0601656580551768,0.0001889501480422,1.030996720852491e-05,0.2498069255861002,0.0041012758769917,3.912850408605662e-05,1.5845086464657135e-05,0.0002708919601276,7.037322228662335e-05
2744,0.0007945150236461,0.000113157843623,0.0285896489014721,0.0040153175847594,0.0125005781857831,0.0017110909880687,0.0007120138546608,0.0001401982466141,0.0074106882638657,0.0011004899040406
2745,0.0007506256230874,0.0002961980704383,0.1601569928987459,0.0057079112336691,0.1572798061429897,0.0041982102162444,0.0013164191821102,0.0003944843905633,0.057164678753443,0.0029318640538795
2746,0.4381843968951585,0.048886453988614,0.0001233841386492,6.892274125429062e-06,0.1807785312425748,0.0038564318007766,6.41873399255675e-05,1.611561240637846e-05,0.0002647237147254,8.269364761136905e-05
2747,0.0007591632341777,0.000214019462555,0.0289713840928978,0.0046656442893963,0.0168681009466032,0.0017835642850025,0.0008724913010748,0.0002684172921201,0.0075666225252909,0.0010020020063764
2748,0.0007248611456069,0.0002823861696727,0.3890242479993323,0.0053757161078211,0.3853380835050194,0.0036303398084989,0.0018922910048045,0.0003854343270827,0.1968038169677514,0.0038840699178
2749,0.0007409660820039,0.0003127185999448,0.0267026902634883,0.0049617236622312,0.0133169445577041,0.0038690057755949,0.0005438911148162,0.0003739641106427,0.0080239587027883,0.0021688193704875
2750,0.0007321258638349,0.0002760448652626,0.0573842040236865,0.0055148071556299,0.0546574616469202,0.0036128387391296,0.0010507173502472,0.0003619701405562,0.0153227634062803,0.0018128121132955
2751,0.0007345402197416,0.0002865211532061,0.1489612547710328,0.0055884233427466,0.1460569982766808,0.0039599583718237,0.0013570896931092,0.0003829737552479,0.0589129971650179,0.0029493568886126
2752,0.0300409480469566,0.0025720982470569,0.177902186097135,0.063658435268549,0.0938083722417637,0.0381611562441394,0.0253308751115246,0.0026235147894707,0.1294907393978132,0.0614266456980621
2753,0.000807488325833,0.0002824827576587,0.7401088291667186,0.0053462063266931,0.7364113266205446,0.003633318463563,0.002342813034793,0.0003860774750795,0.3866033545262046,0.0044549914063557
2754,0.0007461202667433,0.0002804019175561,0.0291818460523916,0.0052966985240593,0.0265062922308121,0.0030047141614291,0.0010359622605682,0.0003665011831845,0.0093010866834576,0.001677712676491
2755,0.0010435628632984,0.0007070949944226,0.071943516068127,0.0200505036532412,0.0233133451264564,0.0072174906647811,0.0010666656297411,0.0007856364961956,0.0209204824173527,0.0046250157350445
2756,0.0007361554502954,0.0004140350910687,0.0272420282568567,0.0034772582405088,0.0109487834949966,0.0029895934279574,0.0007267218771094,0.0004819623725894,0.0071868294966844,0.0017367158330839
2757,0.4863467292252663,0.0399384733778013,8.67481950371513e-05,4.850314080270561e-06,0.1622686419234583,0.0044249694057001,9.721795652851964e-05,1.7405417794088778e-05,0.0002651287828494,8.828423351253538e-05
2758,0.0018155534818305,0.0002830784466811,4.521493591094498,0.0054704757308079,4.502014724256232,0.0034920720359726,0.004708768382278,0.000383629240516,1.860429625332456,0.004557647770766
2759,0.0007331436119579,0.0002875209013364,0.2427284752037503,0.0055716284033832,0.2399588312096069,0.0040327208539839,0.0014820315604201,0.0003852173180057,0.1025001585423334,0.0034620352539403
2760,0.0007207046216452,0.0004045292014586,0.0265800893672378,0.0043791956802914,0.0131138016607278,0.0033248331755107,0.0011166906372013,0.0004734747293766,0.0073292256714173,0.0021737423717703
2761,0.0010305118050582,0.0006694637814973,0.0258354314559967,0.0055110692307969,0.0170889432851318,0.0057094882978916,0.0009882899450938,0.0007424581794891,0.0093673436073326,0.0030296774089176
2762,0.0014078711187522,0.0002854817048731,2.8844335931508365,0.0053390994445407,2.875866525284508,0.0034240408378234,0.0037542653879756,0.0003930891793837,1.2736874567345833,0.0043412331817056
2763,0.0012872952048636,0.000284404701935,2.250087315124576,0.0053068919226419,2.245452644952872,0.0034353989526944,0.0034731602584833,0.0003907743704076,1.0322537041657025,0.0044086286314327
2764,0.0007724540195265,0.0001635988808645,0.0292595933246057,0.0043808552837886,0.0139861314354428,0.0015809096363262,0.0008023655242501,0.0002023216302034,0.00766457285845,0.0009073308513275
2765,0.0007472835846411,0.0002543633277681,0.028900651744419,0.0051553445892733,0.0223717204364589,0.0026829230111245,0.0010140837118977,0.0003274428044346,0.0077005057081866,0.0015316613769361
2766,0.4624902283132921,0.0434780953462424,9.939561163000858e-05,5.6819174673011385e-06,0.1654775721341803,0.003953214238914,8.652733915753302e-05,1.630658905597273e-05,0.0002347728856412,8.541854447932545e-05
2767,0.4397904800800219,0.0531313576471614,0.0001395001351607,7.081243060192792e-06,0.1968157160158614,0.0033314754767088,6.051304466691109e-05,1.4529741338582411e-05,0.0002766121938056,7.806294846007721e-05
2768,0.0007876741000373,0.0002199408675256,0.0268828964411353,0.0048897377140515,0.019012145811782,0.0021952257066338,0.0008571389709822,0.0002760299795753,0.0070720793396827,0.0011800696586383
2769,0.0007570697968017,0.0002524180748765,0.0288627387415232,0.0049484378773863,0.0178454730624087,0.0024315108507574,0.000892082842352,0.0003226851987883,0.0075053811878589,0.0011909768045075
2770,0.0018072574301397,0.0002787266768509,4.552757184742669,0.0054253779236624,4.535724202592542,0.0034388502614923,0.0046955012120618,0.0003783029606429,1.8742051496087817,0.0044343311087942
2771,0.0007711638937542,0.0002109295049156,0.0288014348352686,0.0050576767458336,0.018895184147763,0.0021561080487914,0.000907537446008,0.0002651261704243,0.0074638036274568,0.0012520390937186
2772,0.0344102531296467,0.0027081098807722,0.204266967061886,0.0717139461372474,0.1315933237923549,0.0557923451952767,0.0299478506386259,0.0027295157365212,0.1765613096270284,0.0701060535619925
2773,0.0012665653468599,0.0007681683071946,0.306155867564101,0.0817902566665129,0.0868814988027711,0.0122464389419535,0.0018219753992173,0.0008418518397788,0.077005952863108,0.0091582197962784
2774,0.4392380710828582,0.0522594491042807,0.0001390771168329,7.332725180344661e-06,0.1968265209908438,0.0030946752228728,6.0283709993068845e-05,1.275905219875984e-05,0.0002451785643612,6.624964311800532e-05
2775,0.001028799151335,0.0002868654393571,1.196509297121777,0.0053259469590478,1.1917428669645185,0.0035199850333441,0.002869499411175,0.0003940513944544,0.5825331900645863,0.0044588156273353
2776,0.0017034089552329,0.0009855344628865,0.2428882873586874,0.0580618935516227,0.0636972174830118,0.0104985506272145,0.0025514485483046,0.0010105058341424,0.0580709348969072,0.0078238617112721
2777,0.0007452986893191,0.0002920232975274,0.0923490164620169,0.0056013630923529,0.089376812154108,0.0039146541933379,0.001183488116388,0.0003870056074135,0.0269007002046898,0.0023411674921219
2778,0.0007399598553264,0.0002906959355638,0.4791662780335585,0.0054247715225636,0.4762723179074229,0.0037992749105761,0.001920595962615,0.0003941826525438,0.2411423544249494,0.0042482511816906
2779,0.0007359903045767,0.0002925285879701,0.4198920500401698,0.0054748353856873,0.4172470414408053,0.0038821914605774,0.0018062607430492,0.0003951982689331,0.2074516655488257,0.0041590071860252
2780,0.0007883570527932,0.0001265824630813,0.0292019116248743,0.0037954130293029,0.010332186435617,0.001827613527164,0.0006978156308828,0.0001594303948586,0.0076586891604137,0.0011174728215437
2781,0.0007440748645636,0.0002624959864522,0.0379264428495983,0.0053961320365776,0.0350504014592883,0.0030357605824618,0.0009648526154302,0.0003374373892811,0.0122814984629253,0.0014994657617343
2782,0.0013776979585102,0.0002843478493379,2.7404603722060275,0.0053394141821705,2.733127965389636,0.0034248807705459,0.0036832549542082,0.0003916030663666,1.2211580392127,0.0043449491756528
2783,0.0015978382331051,0.0002844299920632,4.598452306372449,0.0053397603337764,4.589541768785576,0.0033947485031673,0.0042009782983978,0.0003906548186109,1.87224981337096,0.0042830211485654
2784,0.0007251305515402,0.0002887052896139,0.4401630932448188,0.00546023998085,0.4373898166098697,0.0038173403355878,0.001897305710515,0.0003913865867838,0.2211517912442999,0.0041701549580913
2785,0.0007558568940583,0.0002826518512291,0.0279667202863117,0.0033415574877591,0.0118520075595387,0.0025519572243795,0.0005502262202104,0.0003416419674944,0.0072031224186276,0.0015696670723555
2786,0.0009492648237347,0.0005796459077006,0.0264777863808666,0.0057650850225975,0.0167557271010518,0.0041628933544795,0.0009326072802496,0.0006537028549787,0.0099898316282779,0.0026543564808547
2787,0.0014569079499149,0.0002753299122271,3.311071959649108,0.0053450830906763,3.301799394355728,0.0034002360040583,0.0038705111220123,0.000380272553022,1.4293390228804086,0.0043130943818706
2788,0.0007262623723151,0.0002875904747102,0.563153107413196,0.0053679737032634,0.5595743630562127,0.0036356455502211,0.0020943376007548,0.0003905149260362,0.2842677295507845,0.0042109257289876
2789,0.0016256029445603,0.0002764500606925,4.4213573822880425,0.0053875259660456,4.41175494687528,0.003382829131737,0.0042718161228486,0.0003795025119561,1.823346410793399,0.0042756457880741
2790,0.0008063489469413,0.0001630449442819,0.0277609910835144,0.004445699760146,0.0156007979248404,0.0017496435626707,0.0007894402546637,0.0002017537785254,0.0074617679250918,0.0009748795514338
2791,0.0011127326790184,0.0007441667656258,0.1814796521711244,0.0508123502034004,0.0369213517309287,0.0068942798258824,0.0011424691268802,0.0008188261996004,0.035505629041017,0.005512190128758
2792,0.0007868787397126,0.0001936703806481,0.0279114079803429,0.0043045891800664,0.0105955347696855,0.0014609053635799,0.0008523534153481,0.0002412146992809,0.0072621047177202,0.0008874838539159
2793,0.001763743427746,0.0002791497809229,4.781668095050126,0.005412859767664,4.766447912459675,0.0034033728977668,0.0045979270126427,0.0003800607732392,1.94399718388444,0.0043719026641206
2794,0.0017851179441678,0.0002800002219722,4.477085367214339,0.0054458716407744,4.461476591962651,0.0034392491810979,0.0046468924243602,0.0003802675814676,1.851528219000658,0.0044203016286943
2795,0.001063590866756,0.0007033174429198,0.0250390303549501,0.0049798092833971,0.0144324689984924,0.0044002564932961,0.0011223278559694,0.0007716339368341,0.0080342992584509,0.0025520450269825
2796,,,,,,,,,,
2797,0.0013167144556226,0.0002827272396503,2.341600055567999,0.0053443777404177,2.3371153224060186,0.0034447002568249,0.0035353932887499,0.0003892090741595,1.0679376101206568,0.0044620553361746
2798,0.0011387679481422,0.0002964680454042,1.5316283971298583,0.0053061405985219,1.5268576000750622,0.0035081185930873,0.0031237282964339,0.0004061202204998,0.7258985525171281,0.0044703324948014
2799,0.4487431856138008,0.0518923230116804,0.0001246332440805,6.602295420486383e-06,0.1758700634289815,0.0030377079795639,6.559942501526843e-05,1.478150422521411e-05,0.0002351499732923,6.835403624618458e-05
2800,0.0013443618483748,0.0002854452395191,2.626964969680903,0.0053195840432986,2.6203668972847627,0.0034466656030026,0.0036041949081791,0.0003935988406842,1.1775006087141924,0.0044285000794349
2801,0.0011219873278999,0.0002806849430201,1.4723319339143366,0.0053279102494903,1.467389324452317,0.0034880506070097,0.0030883889523719,0.0003875883928232,0.7117386379224865,0.0044552702330691
2802,0.0007530450182564,0.0002577748659101,0.0737934699556682,0.0058780755630111,0.0711585209137674,0.0039184935509839,0.001104622207936,0.0003357519704894,0.0212138212937358,0.0021181774771619
2803,0.0008053800340973,0.0002059247952211,0.02536040980436,0.0034925600017642,0.0112842806719375,0.0027463456642298,0.000505324525567,0.0002533454700454,0.0069683557785476,0.0017896714378784
2804,0.0007389678141807,0.0002641819630201,0.0467109801688714,0.0055406336490882,0.0440244694760765,0.0032750831632674,0.001068904174565,0.0003427793452402,0.0133281131874234,0.0018402034513762
2805,0.0007872317541038,8.862993662888323e-05,0.0276925129346862,0.0039441862946681,0.0108096535490933,0.0013616667012964,0.000753286222926,0.000109715136198,0.0073330341329025,0.0009669729216444
2806,0.0012859583308638,0.0008605573163371,0.1010289514147046,0.048814017041094,0.0286286170416621,0.0072355995469016,0.0017062601490534,0.0009449909732132,0.0390378297335753,0.0081120606370674
2807,0.4598908920621116,0.0366555662189086,0.000115023152226,6.059462767141735e-06,0.1669882500112582,0.0046297386434848,7.688599129620903e-05,1.62818009552347e-05,0.0002288580404885,7.215292780998411e-05
2808,0.0067774207475601,0.0018360039495587,0.1450724399249844,0.0626433397161968,0.0767593275568133,0.0282179861671851,0.008726735545723,0.0016702404799558,0.1303647102143212,0.0589939548476201
2809,0.000734496339855,0.0002851965953269,0.3423092671094473,0.0055483092174402,0.3398678453190045,0.0039562987843216,0.0017219218493248,0.0003849937487814,0.1678103216899481,0.003999458977382
2810,0.0007433138619591,0.0002927446216958,0.1064446714494375,0.0055792301119847,0.1034028108020519,0.0039236820063924,0.0011965459806826,0.0003882890486897,0.0300101603382523,0.002394606625907
2811,0.0007433736070039,0.000285913645364,0.1759816106774619,0.0055864443752111,0.1730016856925804,0.003984013316289,0.0013533253343812,0.0003831580460725,0.0648029412692384,0.002996400201856
2812,0.0401488095944813,0.0029023707010108,0.2641108365625451,0.0857564214677857,0.1288480338861805,0.0511444966858859,0.0335544923907942,0.0027573224811432,0.1784343689124788,0.083736591145953
2813,0.0007305779670258,0.0002846184801145,0.1716706486529898,0.0055620358408531,0.1686074074627516,0.0040211969722193,0.0013431709506706,0.000381730050614,0.0634383262200248,0.0029764635567691
2814,0.0024747963453826,0.0015724734260635,0.2539163081429312,0.1471671174550168,0.1281526190539514,0.0411141974424742,0.0046875731450081,0.0014963274994046,0.1816897312375515,0.0577019998209398
2815,0.000753260282691,0.000274280943752,0.038657334384852,0.0055351329383922,0.0366531325712929,0.0032518509289614,0.0009972976068163,0.0003545113052521,0.0117374529293912,0.0016398871964433
2816,0.0007744878380307,0.0002794737258311,0.0274878580610656,0.0033751694541483,0.0125771590246509,0.0025997602246092,0.0005278943319953,0.0003388416676989,0.0071839850707053,0.0015715226569024
2817,0.5304630927372598,0.0375576295156687,6.000870656576718e-05,3.2432509828949507e-06,0.1429911187899444,0.0055537396368893,0.0001134472963113,3.0802852479091205e-05,0.0002077541380717,0.000103144056659
2818,0.0007680067399637,0.0002161992618955,0.0287322874494503,0.0045628145473901,0.0131845636357155,0.0017431158481513,0.0008731950275327,0.0002710754787513,0.0076564316946661,0.0009863993013805
2819,0.0007801955848341,0.0001921087321864,0.0281193002187932,0.0043411370343551,0.0148952955057942,0.0017062961051269,0.0008170743458909,0.000238785557387,0.0074268074411518,0.0009501941276643
2820,,,,,,,,,,
2821,,,,,,,,,,
2822,,,,,,,,,,
2823,,,,,,,,,,
2824,,,,,,,,,,
2825,,,,,,,,,,
2826,,,,,,,,,,
2827,,,,,,,,,,
2828,,,,,,,,,,
2829,,,,,,,,,,
2830,,,,,,,,,,
2831,,,,,,,,,,
2832,,,,,,,,,,
2833,,,,,,,,,,
2834,,,,,,,,,,
2835,,,,,,,,,,
2836,,,,,,,,,,
2837,,,,,,,,,,
2838,,,,,,,,,,
2839,,,,,,,,,,
